annee_de_la_decision;identification_de_lattribuant;nom_de_lattribuant;num_deliberation;date_deliberation;code_siret;code_uai_ex_rne;tiers;type_de_tiers;dossier;type_de_decision;procedure_de_l_operation_code;procedure_de_l_operation_libelle;objet_de_l_operation;direction_du_gestionnaire_de_l_operation_reference;montant_vote;m;dep_attribue;source_attribution;part
2023;23750007900312;Région Île-de-France;CP2023-425;2023-11-17;19921500500018;0921500F;VOILIN - PUTEAUX;Lycées et collèges publics;92 PUTEAUX VOILIN AC TX REMPLACEMENT SSI;Affectation;ULYCDP;PLYC DEPENSES DIRECTES;;PLYC/DPM;200000.0;200000.0;92;UAI;1.0
2023;23750007900312;Région Île-de-France;CP2023-426;2023-11-17;19750662900017;0750662M;VICTOR DURUY - PARIS 07;Lycées et collèges publics;75007 V DURUY PROG2023 MAPA ETUDES REFECTION ETANCHEITE GYMNASE;Affectation;ULYCDP;PLYC DEPENSES DIRECTES;;PLYC/DPM;50000.0;50000.0;75;UAI;1.0
2023;23750007900312;Région Île-de-France;CP2023-416;2023-11-17;;;;;FONDS COMMUN DE FONCTIONNEMENT 2023;Désaffectation;ULYCDP;PLYC DEPENSES DIRECTES;;PLYC/DP;-45038.0;-45038.0;non attribuable;;1.0
2023;23750007900312;Région Île-de-France;CP2023-426;2023-11-17;19782562300014;0782562L;HOCHE - VERSAILLES;Lycées et collèges publics;78 VERSAILLES HOCHE PROG2024 AC TX RENOV TERRAIN BASKET;Affectation;ULYCDP;PLYC DEPENSES DIRECTES;;PLYC/DPM;105720.0;105720.0;78;UAI;1.0
2023;23750007900312;Région Île-de-France;CP2023-428;2023-11-17;19930831300014;0930831Y;ARISTIDE BRIAND - LE BLANC MESNIL;Lycées et collèges publics;93 LE BLANC MESNIL A BRIAND;Affectation;ULYCDP;PLYC DEPENSES DIRECTES;;PLYC/DPM;100000.0;100000.0;93;UAI;1.0
2023;23750007900312;Région Île-de-France;CP2023-425;2023-11-17;19780004800013;0780004F;AGRO-CAMPUS SAINT-GERMAIN-EN-LAYE/CHAMBOURCY;Lycées et collèges publics;78 ST GERMAIN METIER HORTICULTURE AC TX REFECTION COUVERTURE;Affectation;ULYCDP;PLYC DEPENSES DIRECTES;;PLYC/DPM;250000.0;250000.0;78;UAI;1.0
2023;23750007900312;Région Île-de-France;CP2023-426;2023-11-17;19750662900017;0750662M;VICTOR DURUY - PARIS 07;Lycées et collèges publics;75007 V DURUY TX REMPLCT RESEAUX EVACUATION;Affectation;ULYCDP;PLYC DEPENSES DIRECTES;;PLYC/DPM;300000.0;300000.0;75;UAI;1.0
2023;23750007900312;Région Île-de-France;CP2023-425;2023-11-17;;;;;FONDS D'URGENCE 2023 EPLE;Désaffectation;ULYCDP;PLYC DEPENSES DIRECTES;;PLYC/DPM;-600000.0;-600000.0;non attribuable;;1.0
2023;23750007900312;Région Île-de-France;CP2023-428;2023-11-17;19752608000019;0752608C;HOTELIER - BELLIARD - PARIS 18EME;Lycées et collèges publics;75018 BELLIARD AC TX SECU MECANIQUE;Affectation;ULYCDP;PLYC DEPENSES DIRECTES;;PLYC/DPM;450000.0;450000.0;75;UAI;1.0
2023;23750007900312;Région Île-de-France;CP2023-425;2023-11-17;19932046600014;0932046U;LEONARD DE VINCI - TREMBLAY EN FRANCE;Lycées et collèges publics;93 TREMBLAY L DE VINCI MOD ETUDE TX MODER CIRCU S DE CL ADM S PROF;Affectation;ULYCDP;PLYC DEPENSES DIRECTES;;PLYC/DPM;50000.0;50000.0;93;UAI;1.0
2023;23750007900312;Région Île-de-France;CP2023-425;2023-11-17;19940126600036;0940126B;MAXIMILIEN-PERRET - ALFORTVILLE;Lycées et collèges publics;94 ALFORTVILLE M PERRET : TRVX AC 2022 rénovation amphithéatre;Affectation;ULYCDP;PLYC DEPENSES DIRECTES;;PLYC/DPM;80000.0;80000.0;94;UAI;1.0
2023;23750007900312;Région Île-de-France;CP2023-428;2023-11-17;19780272100013;0783533S;LYCEE POLYVALENT CAMILLE CLAUDEL;Lycées et collèges publics;78 MANTES CAMILLE CLAUDEL AC TX REMPLCT CENTRAL ANTI INTRUSION;Affectation;ULYCDP;PLYC DEPENSES DIRECTES;;PLYC/DPM;60000.0;60000.0;78;UAI;1.0
2023;23750007900312;Région Île-de-France;CP2023-419;2023-11-17;;;;;projet bio local cp novembre 2023;Affectation;ULYCDP;PLYC DEPENSES DIRECTES;;PLYC/LLAB;275000.0;275000.0;non attribuable;;1.0
2023;23750007900312;Région Île-de-France;CP2023-425;2023-11-17;19920144300025;0920144G;L'AGORA - PUTEAUX;Lycées et collèges publics;92 L'AGORA PUTEAUX MS REFONTE INSTALL DESENFUMAGE ATLIERS;Revalorisation;ULYCDP;PLYC DEPENSES DIRECTES;;PLYC/DPM;40000.0;40000.0;92;UAI;1.0
2023;23750007900312;Région Île-de-France;CP2023-426;2023-11-17;19750656100012;0750656F;LAVOISIER - PARIS 05;Lycées et collèges publics;75005 LAVOISIER PROG2023 AC TX MISE EN CONFORMITE ELECTRIQUE;Affectation;ULYCDP;PLYC DEPENSES DIRECTES;;PLYC/DPM;100000.0;100000.0;75;UAI;1.0
2023;23750007900312;Région Île-de-France;CP2023-426;2023-11-17;;;;;CONTRAT DE PRESTATIONS INTEGREES;Revalorisation;ULYCDP;PLYC DEPENSES DIRECTES;;PLYC/DPM;217000.0;217000.0;non attribuable;;1.0
2023;23750007900312;Région Île-de-France;CP2023-428;2023-11-17;19781512900014;0781512V;RENE DESCARTES - MONTIGNY LE BRETONNEUX;Lycées et collèges publics;78 MONTIGNY DESCARTES AC TX CLOTURE PERIMETRIQUE;Affectation;ULYCDP;PLYC DEPENSES DIRECTES;;PLYC/DPM;223000.0;223000.0;78;UAI;1.0
2023;23750007900312;Région Île-de-France;CP2023-420;2023-11-17;;;;;Accompagnement des campus sur les sujets  généraux et transversaux - budget 2023;Affectation;ULYCDP;PLYC DEPENSES DIRECTES;;PLYC/LLAB;40000.0;40000.0;non attribuable;;1.0
2023;23750007900312;Région Île-de-France;CP2023-428;2023-11-17;19930127600010;0930127H;LYCEE GENERAL ET TECHNOLOGIQUE CLEMENCEAU;Lycées et collèges publics;93 VILLEMOMBLE G CLEMENCEAU AC TX REMPLACT EXTENSION VIDEO EXT ET VISIOPHONIE;Affectation;ULYCDP;PLYC DEPENSES DIRECTES;;PLYC/DPM;110000.0;110000.0;93;UAI;1.0
2023;23750007900312;Région Île-de-France;CP2023-423;2023-11-17;;;;;DEPENSES DE LIVRETS D'EXERCICES;Affectation;DSIDP;PTN DEPENSES DIRECTES;;PTN/MAAT;1560000.0;1560000.0;non attribuable;;1.0
2023;23750007900312;Région Île-de-France;CP2023-428;2023-11-17;19782540900018;0782540M;LYCEE POLYVALENT JEAN ROSTAND;Lycées et collèges publics;78 MANTES J ROSTAND AC TX MISE EN OEUVRE TOURNIQUET SORTIE ELEVES;Affectation;ULYCDP;PLYC DEPENSES DIRECTES;;PLYC/DPM;180000.0;180000.0;78;UAI;1.0
2023;23750007900312;Région Île-de-France;CP2023-428;2023-11-17;19950947200015;0950947N;MARYSE CONDE - SARCELLES;Lycées et collèges publics;95 SARCELLES M CONDE SECU DU SITE ANTI INTRUSION VIDEO CLOTURES PPMS;Affectation;ULYCDP;PLYC DEPENSES DIRECTES;;PLYC/DPM;600000.0;600000.0;95;UAI;1.0
2023;23750007900312;Région Île-de-France;CP2023-425;2023-11-17;19770938900013;0770938B;ANDRE MALRAUX - MONTEREAU;Lycées et collèges publics;77 MONTEREAU A MALRAUT MOD TX REMPLACEMENT SSI;Affectation;ULYCDP;PLYC DEPENSES DIRECTES;;PLYC/DPM;500000.0;500000.0;77;UAI;1.0
2023;23750007900312;Région Île-de-France;CP2023-428;2023-11-17;19782539100018;0782539L;SAINT-EXUPERY - MANTES LA JOLIE;Lycées et collèges publics;78 MANTES ST EXUPERY AC TX VIDEO AJOUT 14 CAMERAS;Affectation;ULYCDP;PLYC DEPENSES DIRECTES;;PLYC/DPM;150000.0;150000.0;78;UAI;1.0
2023;23750007900312;Région Île-de-France;CP2023-427;2023-11-17;;;;;99 MAINTENANCE ET FOURNITURE DE GAZ DANS LYCEES FRANCILIENS;Revalorisation;ULYCDP;PLYC DEPENSES DIRECTES;;PLYC/DPM;2200000.0;2200000.0;regional;numero 99;1.0
2023;23750007900312;Région Île-de-France;CP2023-427;2023-11-17;;;;;LOCATION AERODROME DE CERNY/LYCEE ALEXANDRE DENIS;Revalorisation;ULYCDP;PLYC DEPENSES DIRECTES;;PLYC/DP;11000.0;11000.0;91;commune;1.0
2023;23750007900312;Région Île-de-France;CP2023-425;2023-11-17;;;;;CONV 17 MANHAN A3 EST : 13 LYCEES PPI;Affectation;ULYCDP;PLYC DEPENSES DIRECTES;"CONV 17 MAN HAN A3 EST
SAERP";PLYC/DP;10000000.0;10000000.0;non attribuable;;1.0
2023;23750007900312;Région Île-de-France;CP2023-428;2023-11-17;19782549000018;0782549X;LOUIS BASCAN - RAMBOUILLET;Lycées et collèges publics;78 RAMBOUILLET L BASCAN AC MISE EN PLACE DISPO VIDEO BAT F ET H;Affectation;ULYCDP;PLYC DEPENSES DIRECTES;;PLYC/DPM;106000.0;106000.0;78;UAI;1.0
2023;23750007900312;Région Île-de-France;CP2023-425;2023-11-17;19781512900014;0781512V;RENE DESCARTES - MONTIGNY LE BRETONNEUX;Lycées et collèges publics;78 MONTIGNY DESCARTES AC TX RENOVATION TERRASSE 4 BAT GENERAL;Affectation;ULYCDP;PLYC DEPENSES DIRECTES;;PLYC/DPM;186030.0;186030.0;78;UAI;1.0
2023;23750007900312;Région Île-de-France;CP2023-425;2023-11-17;19911346500017;0911346U;LYCEE ALBERT EINSTEIN - STE GENEVIEVE;Lycées et collèges publics;91 STE GENEVIEVE A EINSTEIN AC TX REMPLACT 6 PUITS LUMIERE POSE 33 VOLETS 3 GRILLES;Affectation;ULYCDP;PLYC DEPENSES DIRECTES;;PLYC/DPM;150000.0;150000.0;91;UAI;1.0
2023;23750007900312;Région Île-de-France;CP2023-403;2023-11-17;;;;;95 ARGENTEUIL LYC FERNAND ET NADIA LEGER DEMOLITION/RECONSTRUCTION DU BATIMENT PRINCIPAL;Revalorisation;ULYCDP;PLYC DEPENSES DIRECTES;CONTRAT DE MANDAT N°1400002MANUL03 SAERP;PLYC/DP;710000.0;710000.0;95;numero;1.0
2023;23750007900312;Région Île-de-France;CP2023-425;2023-11-17;19780004800013;0780004F;AGRO-CAMPUS SAINT-GERMAIN-EN-LAYE/CHAMBOURCY;Lycées et collèges publics;78 ST GERMAIN METIERS HORTICULTURE AC TX REMPLACT 53 MENUISERIES EXT BAT CFA;Affectation;ULYCDP;PLYC DEPENSES DIRECTES;;PLYC/DPM;250000.0;250000.0;78;UAI;1.0
2023;23750007900312;Région Île-de-France;CP2023-425;2023-11-17;19781512900014;0781512V;RENE DESCARTES - MONTIGNY LE BRETONNEUX;Lycées et collèges publics;78 MONTIGNY R DESCARTES AC TX RENOVATION TERRASSE 3 BAT GENERAL;Affectation;ULYCDP;PLYC DEPENSES DIRECTES;;PLYC/DPM;159923.0;159923.0;78;UAI;1.0
2023;23750007900312;Région Île-de-France;CP2023-425;2023-11-17;19950656900011;0950656X;LE CORBUSIER - CORMEILLES EN PARISIS;Lycées et collèges publics;95 CORMEILLES LE CORBUSIER AC TX REFIXATION FACADES TRESPA ET CHGT ISOLATION;Affectation;ULYCDP;PLYC DEPENSES DIRECTES;;PLYC/DPM;200000.0;200000.0;95;UAI;1.0
2023;23750007900312;Région Île-de-France;CP2023-425;2023-11-17;19781948500016;0781948U;LAVOISIER - PORCHEVILLE;Lycées et collèges publics;78 PORCHEVILLE LAVOISIER AC TX LEVEE RESERVES ELECTRIQUES;Affectation;ULYCDP;PLYC DEPENSES DIRECTES;;PLYC/DPM;200000.0;200000.0;78;UAI;1.0
2023;23750007900312;Région Île-de-France;CP2023-425;2023-11-17;19772228300011;0772228D;LYCEE CHARLES DE GAULLE - LONGPERRIER;Lycées et collèges publics;77 LONGPERRIER C DE GAULLE MOD ETUDES TX MODERNISATION CIRCU S DE CL ADM S DE PROF REFECTOIRE;Affectation;ULYCDP;PLYC DEPENSES DIRECTES;;PLYC/DPM;50000.0;50000.0;77;UAI;1.0
2023;23750007900312;Région Île-de-France;CP2023-425;2023-11-17;19781884200019;0781884Z;LYCEE GENERAL ET TECHNOLOGIQUE CONDORCET;Lycées et collèges publics;78 LIMAY CONDORCET AC TX REMPLACT BOUTONS ARRET URGENCE LOCAUX TECH;Affectation;ULYCDP;PLYC DEPENSES DIRECTES;;PLYC/DPM;100000.0;100000.0;78;UAI;1.0
2023;23750007900312;Région Île-de-France;CP2023-425;2023-11-17;19950640300021;0950640E;JULIE VICTOIRE DAUBIE - ARGENTEUIL;Lycées et collèges publics;95 ARGENTEUIL JV DAUBIE AC TX REFEC SOL COULOIR RDC BAT PRINCIPAL;Affectation;ULYCDP;PLYC DEPENSES DIRECTES;;PLYC/DPM;175000.0;175000.0;95;UAI;1.0
2023;23750007900312;Région Île-de-France;CP2023-426;2023-11-17;19920142700010;0920142E;PASTEUR - NEUILLY S/SEINE;Lycées et collèges publics;92 NEUILLY PASTEUR PROG2024 MAPA MOE PLAN 1/2 PENSION;Affectation;ULYCDP;PLYC DEPENSES DIRECTES;;PLYC/DPM;35000.0;35000.0;92;UAI;1.0
2023;23750007900312;Région Île-de-France;CP2023-428;2023-11-17;19951922400018;0951922Y;LGT LYCEE GEN ET TECHNOLOGIQUE  CAMILLE ST SAENS;Lycées et collèges publics;95 DEUIL LA BARRE C ST SAENS AC MS TX SECU PERIMETRIQUE;Affectation;ULYCDP;PLYC DEPENSES DIRECTES;;PLYC/DPM;500000.0;500000.0;95;UAI;1.0
2023;23750007900312;Région Île-de-France;CP2023-428;2023-11-17;;;;;AC BDC MS 2023 TRVX SECURITE;Revalorisation;ULYCDP;PLYC DEPENSES DIRECTES;;PLYC/DPM;2000000.0;2000000.0;non attribuable;;1.0
2023;23750007900312;Région Île-de-France;CP2023-425;2023-11-17;19930138300014;0930138V;FREDERIC BARTHOLDI - ST DENIS;Lycées et collèges publics;93 ST DENIS F BARTHOLDI AC REFECTION REVËTEMENT SOLS CIRCULATIONS;Affectation;ULYCDP;PLYC DEPENSES DIRECTES;;PLYC/DPM;140000.0;140000.0;93;UAI;1.0
2023;23750007900312;Région Île-de-France;CP2023-425;2023-11-17;19750553000018;0750553U;GASTON BACHELARD - PARIS 13;Lycées et collèges publics;75013 G BACHELARD AC TX RENOV RESEAU PLOMBERIE;Affectation;ULYCDP;PLYC DEPENSES DIRECTES;;PLYC/DPM;110000.0;110000.0;75;UAI;1.0
2023;23750007900312;Région Île-de-France;CP2023-425;2023-11-17;19750707200019;0750707L;ECOLE NATIONALE DE COMMERCE (DIT BESSIERES) - PARIS 17;Lycées et collèges publics;75017 ENDC TX RENOVATION COMPLETE TOITURE;Affectation;ULYCDP;PLYC DEPENSES DIRECTES;;PLYC/DPM;1500000.0;1500000.0;75;UAI;1.0
2023;23750007900312;Région Île-de-France;CP2023-426;2023-11-17;;;;;ACCORDS CADRES TRAVAUX CMR COLLEGES;Revalorisation;ULYCDP;PLYC DEPENSES DIRECTES;;PLYC/DPM;1970000.0;1970000.0;non attribuable;;1.0
2023;23750007900312;Région Île-de-France;CP2023-425;2023-11-17;;;;;ILE DE FRANCE - LYCEES DIVERS - ACCESSIBILITE HANDICAP;Désaffectation;ULYCDP;PLYC DEPENSES DIRECTES;"13MANHAN01 OPERATIONS SIMPLES (CATEGORIE A)
13MANHAN02 ETUDES ET DIAGNOSTICS

CONVENTIONS DE MANDAT POUR UNE LISTE DE LYCEES 
OPERATIONS DE MISE EN ACCESSIBILITE HANDICAP";PLYC/DP;-10000000.0;-10000000.0;non attribuable;;1.0
2023;23750007900312;Région Île-de-France;CP2023-425;2023-11-17;19781859400016;0781859X;VINCENT VAN GOGH - AUBERGENVILLE;Lycées et collèges publics;78 AUBERGENVILLE V VAN GOGH AC MOE BD 6 SALLES DE CLASSES;Affectation;ULYCDP;PLYC DEPENSES DIRECTES;;PLYC/DPM;300000.0;300000.0;78;UAI;1.0
2023;23750007900312;Région Île-de-France;CP2023-428;2023-11-17;19750668600017;0750668U;JACQUES DECOUR - PARIS 09;Lycées et collèges publics;75009 J DECOUR PROG2024 AC TRVX REMPLACT SYST VIDEO;Affectation;ULYCDP;PLYC DEPENSES DIRECTES;;PLYC/DPM;510000.0;510000.0;75;UAI;1.0
2023;23750007900312;Région Île-de-France;CP2023-425;2023-11-17;19770342400014;0770342D;LEOPOLD BELLAN - CHAMIGNY;Lycées et collèges publics;77 CHAMIGNY L BELLAN MOD ETUDES RENOVATION GLOBALE RESTAURATION;Affectation;ULYCDP;PLYC DEPENSES DIRECTES;;PLYC/DPM;60000.0;60000.0;77;UAI;1.0
2023;23750007900312;Région Île-de-France;CP2023-428;2023-11-17;19781819800016;0781819D;LYCEE POLYVALENT EMILIE DE BRETEUIL;Lycées et collèges publics;78 MONTIGNY LE BRETONNEUX E DE BRETEUIL TX SECU;Revalorisation;ULYCDP;PLYC DEPENSES DIRECTES;;PLYC/DPM;100000.0;100000.0;78;UAI;1.0
2023;23750007900312;Région Île-de-France;CP2023-403;2023-11-17;;;;;95 GONESSE CITE SCOLAIRE CONSTRUCTION;Affectation;ULYCDP;PLYC DEPENSES DIRECTES;CONVENTION MANDAT;PLYC/DP;18000000.0;18000000.0;95;numero;1.0
2023;23750007900312;Région Île-de-France;CP2023-403;2023-11-17;;;;;94 CHAMPIGNY MICHEL ET WALLON RG RESTRUCT GLOBALE;Revalorisation;ULYCDP;PLYC DEPENSES DIRECTES;;PLYC/DP;1950000.0;1950000.0;94;numero;1.0
2023;23750007900312;Région Île-de-France;CP2023-428;2023-11-17;19781948500016;0781948U;LAVOISIER - PORCHEVILLE;Lycées et collèges publics;78 PORCHEVILLE LAVOISIER AC TX SECU PERIMETRIQUE LOGE CREATION ACCES;Affectation;ULYCDP;PLYC DEPENSES DIRECTES;;PLYC/DPM;230000.0;230000.0;78;UAI;1.0
2023;23750007900312;Région Île-de-France;CP2023-425;2023-11-17;19941355000013;0941355M;PAUL BERT - MAISONS-ALFORT;Lycées et collèges publics;94 MAISONS ALFORT P BERT AC TX MISE AUX NORMES ELEC SALLES DE CLASSE T1;Affectation;ULYCDP;PLYC DEPENSES DIRECTES;;PLYC/DPM;150000.0;150000.0;94;UAI;1.0
2023;23750007900312;Région Île-de-France;CP2023-364;2023-11-17;;;;;OLYMPIADE DES METIERS COMPETITION WORLDSKILLS 47EME;Affectation;ULYCDP;PLYC DEPENSES DIRECTES;;PLYC/DRE;40000.0;40000.0;non attribuable;;1.0
2023;23750007900312;Région Île-de-France;CP2023-425;2023-11-17;19921676300011;0921676X;THEODORE MONOD - ANTONY;Lycées et collèges publics;92 ANTONY T MONOD MAPA ETUDES TX REMPLACEMENT ASCENSEUR BAT B;Affectation;ULYCDP;PLYC DEPENSES DIRECTES;;PLYC/DPM;20000.0;20000.0;92;UAI;1.0
2023;23750007900312;Région Île-de-France;CP2023-425;2023-11-17;19932048200011;0932048W;BLAISE CENDRARS - SEVRAN;Lycées et collèges publics;93 SEVRAN B CENDRARS MOD ETUDES TX MODERNISATION CIRCU ET S DE CL;Affectation;ULYCDP;PLYC DEPENSES DIRECTES;;PLYC/DPM;50000.0;50000.0;93;UAI;1.0
2023;23750007900312;Région Île-de-France;CP2023-428;2023-11-17;19932034200017;0932034F;WOLFGANG AMADEUS MOZART - LE BLANC MESNIL;Lycées et collèges publics;93 LE BLANC MESNIL WA MOZART AC TX SECU PERI ET ELECTRO VIDEO INT ET EXT;Affectation;ULYCDP;PLYC DEPENSES DIRECTES;;PLYC/DPM;100000.0;100000.0;93;UAI;1.0
2023;23750007900312;Région Île-de-France;CP2023-425;2023-11-17;19781859400016;0781859X;VINCENT VAN GOGH - AUBERGENVILLE;Lycées et collèges publics;78 AUBERGENVILLE V VAN GOGH AC OPE CONNEXE BD TX MISE CONFOR TGBT REMPLACT FAUX PLAFOND CIRCULATIONS;Affectation;ULYCDP;PLYC DEPENSES DIRECTES;;PLYC/DPM;450000.0;450000.0;78;UAI;1.0
2023;23750007900312;Région Île-de-France;CP2023-425;2023-11-17;;;;;FONDS D'URGENCE EPLE;Affectation;ULYCDP;PLYC DEPENSES DIRECTES;;PLYC/DPM;800000.0;800000.0;non attribuable;;1.0
2023;23750007900312;Région Île-de-France;CP2023-425;2023-11-17;19940116700010;0940116R;EUGENE DELACROIX - MAISONS ALFORT;Lycées et collèges publics;94 MAISONS ALFORT E DELACROIX ETUDES REAMENAGT MISE AU NORME GYMNASE;Affectation;ULYCDP;PLYC DEPENSES DIRECTES;;PLYC/DPM;50000.0;50000.0;94;UAI;1.0
2023;23750007900312;Région Île-de-France;CP2023-425;2023-11-17;19941413700018;0941413A;LEON BLUM - CRETEIL;Lycées et collèges publics;94 CRETEIL L BLUM AC REMPLACEMENT RESEAU EU  VIDE SANITAIRE T1;Affectation;ULYCDP;PLYC DEPENSES DIRECTES;;PLYC/DPM;120000.0;120000.0;94;UAI;1.0
2023;23750007900312;Région Île-de-France;CP2023-425;2023-11-17;;;;;ACCORDS CADRES 2023 TRAVAUX;Revalorisation;ULYCDP;PLYC DEPENSES DIRECTES;;PLYC/DPM;11900000.0;11900000.0;non attribuable;;1.0
2023;23750007900312;Région Île-de-France;CP2023-428;2023-11-17;19911492700015;0911492C;LYCEE DE L'ESSOURIAU - LES ULIS;Lycées et collèges publics;91 LES ULIS L'ESSOURIAU AC TX VRD SAS SECU ENTREE;Affectation;ULYCDP;PLYC DEPENSES DIRECTES;;PLYC/DPM;100000.0;100000.0;91;UAI;1.0
2023;23750007900312;Région Île-de-France;CP2023-403;2023-11-17;;;;;77 FONTAINEBLEAU LYC FRANCOIS COUPERIN EXTENSION CAPACITE ET RENOV DEMI PENSION;Revalorisation;ULYCDP;PLYC DEPENSES DIRECTES;;PLYC/DP;865000.0;865000.0;77;numero;1.0
2023;23750007900312;Région Île-de-France;CP2023-425;2023-11-17;19951811900011;0951811C;FERNAND ET NADIA LEGER - ARGENTEUIL;Lycées et collèges publics;95 ARGENTEUIL FN LEGER AC TX RENOVATION VOIE POMPIERS;Affectation;ULYCDP;PLYC DEPENSES DIRECTES;;PLYC/DPM;320000.0;320000.0;95;UAI;1.0
2023;23750007900312;Région Île-de-France;CP2023-425;2023-11-17;19781839600016;0781839A;LYCEE GENERAL TECHNOLOGIQUE JEAN MONNET;Lycées et collèges publics;78 LA QUEUE LES YVELINES J MONNET AC TX REMISE A NIVEAU ORGA CLES;Affectation;ULYCDP;PLYC DEPENSES DIRECTES;;PLYC/DPM;254592.0;254592.0;78;UAI;1.0
2023;23750007900312;Région Île-de-France;CP2023-426;2023-11-17;;;;;ACCORDS CADRES TRAVAUX 2023 CMR LYCEES;Revalorisation;ULYCDP;PLYC DEPENSES DIRECTES;;PLYC/DPM;3900000.0;3900000.0;non attribuable;;1.0
2023;23750007900312;Région Île-de-France;CP2023-428;2023-11-17;19782539100018;0782539L;SAINT-EXUPERY - MANTES LA JOLIE;Lycées et collèges publics;78 MANTES ST EXUPERY AC TX REMPLCT PORTES EXT ET INT + EQUIPTS SERRURERIE;Affectation;ULYCDP;PLYC DEPENSES DIRECTES;;PLYC/DPM;200000.0;200000.0;78;UAI;1.0
2023;23750007900312;Région Île-de-France;CP2023-425;2023-11-17;19920141900017;0920141D;LYCEE JOLIOT CURIE - NANTERRE;Lycées et collèges publics;92 NANTERRE J CURIE AC TX REMPLCT ALIMEN EP BAT GYMNASE;Affectation;ULYCDP;PLYC DEPENSES DIRECTES;;PLYC/DPM;100000.0;100000.0;92;UAI;1.0
2023;23750007900312;Région Île-de-France;CP2023-403;2023-11-17;19772311700010;0772311U;LPO GEORGES CORMIER COULOMMIERS (FUSION VOIR FERRY R3259);Lycées et collèges publics;RENOV GLO FERRY ET CORMIER COULOMMIERS 77;Affectation;ULYCDP;PLYC DEPENSES DIRECTES;RENOVATION GLOBALE;PLYC/DP;69000000.0;69000000.0;77;UAI;1.0
2023;23750007900312;Région Île-de-France;CP2023-425;2023-11-17;19781297700019;0781297L;LA PLAINE DE NEAUPHLE - TRAPPES;Lycées et collèges publics;78 TRAPPES PLAINE NEAUPHLE AC TX RENOVATION CIRCULATIONS BAT A;Affectation;ULYCDP;PLYC DEPENSES DIRECTES;;PLYC/DPM;230501.0;230501.0;78;UAI;1.0
2023;23750007900312;Région Île-de-France;CP2023-428;2023-11-17;19950983700027;0950983C;LA TOUR DU MAIL - SANNOIS;Lycées et collèges publics;95 SANNOIS TOUR DU MAIL MS TRVX SECU PERIMETRIQUE ET ELECTRO;Affectation;ULYCDP;PLYC DEPENSES DIRECTES;95 SANNOIS LA TOUR DU MAIL 2022 MS TRAVAUX DE SECURISATION PERIMETRIQUE ET ELECTRONIQUE;PLYC/DPM;230000.0;230000.0;95;UAI;1.0
2023;23750007900312;Région Île-de-France;CP2023-425;2023-11-17;19950983700027;0950983C;LA TOUR DU MAIL - SANNOIS;Lycées et collèges publics;95 SANNOIS TOUR DU MAIL VRD ASSOCIES TRVX SECU;Affectation;ULYCDP;PLYC DEPENSES DIRECTES;95 SANNOIS TOUR DU MAIL MS VRD ASSOCIEES AUX TRVX SECU PERIMETRIQUE;PLYC/DPM;150000.0;150000.0;95;UAI;1.0
2023;23750007900312;Région Île-de-France;CP2023-426;2023-11-17;19750657900014;0750657G;MONTAIGNE - PARIS 06;Lycées et collèges publics;75006 MONTAIGNE PROG 2023 MAPA TX REFEC VERRIERE;Affectation;ULYCDP;PLYC DEPENSES DIRECTES;;PLYC/DPM;750000.0;750000.0;75;UAI;1.0
2023;23750007900312;Région Île-de-France;CP2023-425;2023-11-17;19941355000013;0941355M;PAUL BERT - MAISONS-ALFORT;Lycées et collèges publics;94 MAISONS ALFORT P BERT ETUDES REAMENAGT ET MISE AUX NORMES S DE CL;Affectation;ULYCDP;PLYC DEPENSES DIRECTES;;PLYC/DPM;50000.0;50000.0;94;UAI;1.0
2023;23750007900312;Région Île-de-France;CP2023-425;2023-11-17;19750776700014;0750776L;MARIE LAURENCIN - PARIS 10;Lycées et collèges publics;75010 M LAURENCIN AC TX RENOV TOITURE TERRASSE;Affectation;ULYCDP;PLYC DEPENSES DIRECTES;;PLYC/DPM;270000.0;270000.0;75;UAI;1.0
2023;23750007900312;Région Île-de-France;CP2023-425;2023-11-17;19932048200011;0932048W;BLAISE CENDRARS - SEVRAN;Lycées et collèges publics;93 SEVRAN B CENDRARS MOD ETUDES TX REAMENAGT BUREAUX ADM VIE SCO INFIRMERIE LOGE;Affectation;ULYCDP;PLYC DEPENSES DIRECTES;;PLYC/DPM;20000.0;20000.0;93;UAI;1.0
2023;23750007900312;Région Île-de-France;CP2023-427;2023-11-17;23750007900056;;DIVERS CREANCIERS REG ILE DE FRANCE;Régions;FONDS D'URGENCE PUNAISES;Affectation;ULYCDP;PLYC DEPENSES DIRECTES;FONDS D URGENCE PUNAISES;PLYC/DP;1000000.0;1000000.0;non attribuable;;1.0
2023;23750007900312;Région Île-de-France;CP2023-428;2023-11-17;19910620400019;0910620E;ROBERT DOISNEAU - CORBEIL ESSONNE;Lycées et collèges publics;91 CORBEIL R DOISNEAU TX SECU ELEC VIDEO EXT INCLUSE;Affectation;ULYCDP;PLYC DEPENSES DIRECTES;;PLYC/DPM;120000.0;120000.0;91;UAI;1.0
2023;23750007900312;Région Île-de-France;CP2023-425;2023-11-17;19922149000022;0922149L;RENE AUFFRAY - CLICHY;Lycées et collèges publics;92 CLICHY R AUFFRAY AC TX REMISE A NIVEAU ENS MENUI INT;Affectation;ULYCDP;PLYC DEPENSES DIRECTES;;PLYC/DPM;120000.0;120000.0;92;UAI;1.0
2023;23750007900312;Région Île-de-France;CP2023-425;2023-11-17;19941413700018;0941413A;LEON BLUM - CRETEIL;Lycées et collèges publics;94 CRETEIL L BLUM MOD ETUDES REMPLACT ASCENSEUR;Revalorisation;ULYCDP;PLYC DEPENSES DIRECTES;;PLYC/DPM;7000.0;7000.0;94;UAI;1.0
2023;23750007900312;Région Île-de-France;CP2023-425;2023-11-17;19750673600010;0750673Z;COLBERT - PARIS 10;Lycées et collèges publics;75010 COLBERT AC TX RENOV FAUX PLAFONDS ET PORTES CF;Affectation;ULYCDP;PLYC DEPENSES DIRECTES;;PLYC/DPM;100000.0;100000.0;75;UAI;1.0
2023;23750007900312;Région Île-de-France;CP2023-416;2023-11-17;;;;;COMPLEMENT DGFL OPERATION FERMETURE LYCEES PARISIENS 2023;Désaffectation;ULYCDP;PLYC DEPENSES DIRECTES;;PLYC/DP;-70000.0;-70000.0;non attribuable;;1.0
2023;23750007900312;Région Île-de-France;CP2023-416;2023-11-17;;;;;FONDS COMMUN DE FONCTIONNEMENT 2023;Revalorisation;ULYCDP;PLYC DEPENSES DIRECTES;;PLYC/DP;115038.0;115038.0;non attribuable;;1.0
2023;23750007900312;Région Île-de-France;CP2023-425;2023-11-17;19750553000018;0750553U;GASTON BACHELARD - PARIS 13;Lycées et collèges publics;75013 G BACHELARD AC TX R2NOVATION ETANCHEITE;Affectation;ULYCDP;PLYC DEPENSES DIRECTES;;PLYC/DPM;300000.0;300000.0;75;UAI;1.0
2023;23750007900312;Région Île-de-France;CP2023-425;2023-11-17;19750658700017;0750658H;SAINT LOUIS - PARIS 06;Lycées et collèges publics;75006 ST LOUIS AC TX REMPLCT CANALISATIONS FISURRES ET REMISE EN ETAT COUR;Affectation;ULYCDP;PLYC DEPENSES DIRECTES;;PLYC/DPM;150000.0;150000.0;75;UAI;1.0
2023;23750007900312;Région Île-de-France;CP2023-425;2023-11-17;19781839600016;0781839A;LYCEE GENERAL TECHNOLOGIQUE JEAN MONNET;Lycées et collèges publics;95 FRANCONVILLE J MONNET TX RENOV ENS COUVERTURES ET ETANCHEITES;Affectation;ULYCDP;PLYC DEPENSES DIRECTES;;PLYC/DPM;1800000.0;1800000.0;78;UAI;1.0
2023;23750007900312;Région Île-de-France;CP2023-425;2023-11-17;19782539100018;0782539L;SAINT-EXUPERY - MANTES LA JOLIE;Lycées et collèges publics;78 MANTES ST EXUPERY AC REHA 12 PREAUX AVEC DEMOL 3 PREAUX DANGEREUX;Affectation;ULYCDP;PLYC DEPENSES DIRECTES;;PLYC/DPM;450000.0;450000.0;78;UAI;1.0
2023;23750007900312;Région Île-de-France;CP2023-426;2023-11-17;19920145000012;0920145H;LAKANAL - SCEAUX;Lycées et collèges publics;92 LAKANAL SCEAUX PROG 2022 MOE RENOV ASCENSEUR BAT SCIENTIFIQUE;Revalorisation;ULYCDP;PLYC DEPENSES DIRECTES;;PLYC/DPM;5000.0;5000.0;92;UAI;1.0
2023;23750007900312;Région Île-de-France;CP2023-403;2023-11-17;;;;;PPI/PPR 2010-92 SCEAUX CMR MARIE CURIE;Affectation;ULYCDP;PLYC DEPENSES DIRECTES;RESTRUCTURATION CIBLEE DU POLE SCIENCES;PLYC/DP;26100.0;26100.0;92;numero;1.0
2023;23750007900312;Région Île-de-France;CP2023-427;2023-11-17;;;;;ACCORDS CADRES FONCTIONNEMENT 2023;Revalorisation;ULYCDP;PLYC DEPENSES DIRECTES;;PLYC/DPM;2500000.0;2500000.0;non attribuable;;1.0
2023;23750007900312;Région Île-de-France;CP2023-425;2023-11-17;19940580400014;0940580V;LYCEE FUSIONNE CACHAN;Lycées et collèges publics;94 CACHAN CAMPUS AC TX VRD RENOV CIRCULATIONS EXT;Affectation;ULYCDP;PLYC DEPENSES DIRECTES;;PLYC/DPM;200000.0;200000.0;94;UAI;1.0
2023;23750007900312;Région Île-de-France;CP2023-426;2023-11-17;19750715500012;0750715V;MAURICE RAVEL - PARIS 20;Lycées et collèges publics;75020 M RAVEL AC TRVX EPUREMENT REPRISE ECLATS BETON FACADES;Affectation;ULYCDP;PLYC DEPENSES DIRECTES;;PLYC/DPM;250000.0;250000.0;75;UAI;1.0
2023;23750007900312;Région Île-de-France;CP2023-428;2023-11-17;19941301400010;0941301D;FREDERIC MISTRAL - FRESNES;Lycées et collèges publics;94 FRESNES F MISTRAL AC TX SECU ET CREATION LOCAL VELO;Affectation;ULYCDP;PLYC DEPENSES DIRECTES;;PLYC/DPM;200000.0;200000.0;94;UAI;1.0
2023;23750007900312;Région Île-de-France;CP2023-425;2023-11-17;;;;;INVESTISSEMENT MAINTENANCE GR PROG2019/2020/2021 CPI;Revalorisation;ULYCDP;PLYC DEPENSES DIRECTES;;PLYC/DP;1720000.0;1720000.0;non attribuable;;1.0
2023;23750007900312;Région Île-de-France;CP2023-428;2023-11-17;20003781000013;0772751X;CHARLOTTE DELBO - DAMMARTIN;Lycées et collèges publics;77 C DELBO DAMMARTIN AC TX SECU ELECTRO VIDEO EXT INCLUSE;Affectation;ULYCDP;PLYC DEPENSES DIRECTES;;PLYC/DPM;400000.0;400000.0;77;UAI;1.0
2023;23750007900312;Région Île-de-France;CP2023-403;2023-11-17;;;;;93 ST DENIS LYC PAUL ELUARD RENOVATON THERMIQUE;Affectation;ULYCDP;PLYC DEPENSES DIRECTES;CONVENTION MANDAT;PLYC/DP;40000000.0;40000000.0;93;numero;1.0
2023;23750007900312;Région Île-de-France;CP2023-425;2023-11-17;19750588600014;0750588G;RENE CASSIN - PARIS 16;Lycées et collèges publics;75016 R CASSIN AC TX RENOV ENS SANITAIRES ELEVES;Affectation;ULYCDP;PLYC DEPENSES DIRECTES;;PLYC/DPM;800000.0;800000.0;75;UAI;1.0
2023;23750007900312;Région Île-de-France;CP2023-428;2023-11-17;19752388900016;0752388N;PIERRE LESCOT - PARIS 01;Lycées et collèges publics;75001 P LESCOT AC TX SECU ELEC CREATION SAS;Affectation;ULYCDP;PLYC DEPENSES DIRECTES;;PLYC/DPM;300000.0;300000.0;75;UAI;1.0
2023;23750007900312;Région Île-de-France;CP2023-428;2023-11-17;19772292900019;0772292Y;LYCEE MARTIN LUTHER KING - BUSSY ST GEORGES;Lycées et collèges publics;77 MLK BUSSY TX SECU PERIMETRIQUE ELECTRO VIDEO INCLUSE;Affectation;ULYCDP;PLYC DEPENSES DIRECTES;;PLYC/DPM;900000.0;900000.0;77;UAI;1.0
2023;23750007900312;Région Île-de-France;CP2023-403;2023-11-17;;;;;ETUDES PREALABLES PPI - MANDAT IDFCD;Affectation;ULYCDP;PLYC DEPENSES DIRECTES;;PLYC/DP;3200000.0;3200000.0;non attribuable;;1.0
2023;23750007900312;Région Île-de-France;CP2023-419;2023-11-17;;;;;SPL 77 ACC;Affectation;ULYCDP;PLYC DEPENSES DIRECTES;;PLYC/LLAB;1200000.0;1200000.0;77;numero interne;1.0
2023;23750007900312;Région Île-de-France;CP2023-425;2023-11-17;19921156600013;0921156G;GALILEE - GENNEVILLIERS;Lycées et collèges publics;92 GENNEVILLIERS GALILEE MAPA MOE TX RESTRUCTURATION LAVERIE;Affectation;ULYCDP;PLYC DEPENSES DIRECTES;;PLYC/DPM;35000.0;35000.0;92;UAI;1.0
2023;23750007900312;Région Île-de-France;CP2023-425;2023-11-17;;;;;REGION PLAN ESPACES SANITAIRES DANS LES EPLE FRANCILIENS;Revalorisation;ULYCDP;PLYC DEPENSES DIRECTES;MISE EN OEUVRE DU PLAN DES ESPACES SANITAIRES DANS LES EPLE FRANCILIENS;PLYC/DP;957000.0;957000.0;non attribuable;;1.0
2023;23750007900312;Région Île-de-France;CP2023-426;2023-11-17;19750657900014;0750657G;MONTAIGNE - PARIS 06;Lycées et collèges publics;75006 MONTAIGNE PROG2023 MAPA ETUDES TX REMPLCT FENETRE RAVALT FACADE CH RONDE;Affectation;ULYCDP;PLYC DEPENSES DIRECTES;;PLYC/DPM;30000.0;30000.0;75;UAI;1.0
2023;23750007900312;Région Île-de-France;CP2023-425;2023-11-17;19940141500013;0940141T;LYCEE JACQUES BREL - CHOISY;Lycées et collèges publics;94 CHOISY J BREL AC TX FACADE PASSERELLE REMPLCT LUMINAIRES;Affectation;ULYCDP;PLYC DEPENSES DIRECTES;;PLYC/DPM;200000.0;200000.0;94;UAI;1.0
2023;23750007900312;Région Île-de-France;CP2023-425;2023-11-17;19950709600014;0950709E;VIRGINIA HENDERSON - ARNOUVILLE;Lycées et collèges publics;95 ARNOUVILLE V HENDERSON AC TX REV SYST OUVERTURE MENUISERIES GLOBALES;Affectation;ULYCDP;PLYC DEPENSES DIRECTES;;PLYC/DPM;100000.0;100000.0;95;UAI;1.0
2023;23750007900312;Région Île-de-France;CP2023-423;2023-11-17;;;;;ACQUISITION DE SI DE GESTION;Affectation;DSIDP;PTN DEPENSES DIRECTES;;PTN/MAAT;600000.0;600000.0;non attribuable;;1.0
2023;23750007900312;Région Île-de-France;CP2023-428;2023-11-17;19941018400014;0941018W;EDOUARD BRANLY - CRETEIL;Lycées et collèges publics;94 CRETEIL E BRANLY AC TX SECU ELECTRO HORS VIDEO;Affectation;ULYCDP;PLYC DEPENSES DIRECTES;;PLYC/DPM;300000.0;300000.0;94;UAI;1.0
2023;23750007900312;Région Île-de-France;CP2023-425;2023-11-17;19782587000011;0782587N;VIOLLET LE DUC - VILLIERS ST FRED;Lycées et collèges publics;78 VILLIERS VIOLLET LE DUC MR MAPA ETUDES TX RENOVATION POLE SCIENCE;Affectation;ULYCDP;PLYC DEPENSES DIRECTES;;PLYC/DPM;100000.0;100000.0;78;UAI;1.0
2023;23750007900312;Région Île-de-France;CP2023-425;2023-11-17;19930138300014;0930138V;FREDERIC BARTHOLDI - ST DENIS;Lycées et collèges publics;93 ST DENIS F BARTHOLDI AC TX REMPLACEMENT COMPLET SSI;Affectation;ULYCDP;PLYC DEPENSES DIRECTES;;PLYC/DPM;250000.0;250000.0;93;UAI;1.0
2023;23750007900312;Région Île-de-France;CP2023-428;2023-11-17;19931739700024;0931739K;LYCEE JEAN MOULIN - ROSNY SS BOIS;Lycées et collèges publics;93 ROSNY J MOULIN AC REMPLCT CLOTURES PERI PAR CLOTURES BARREAUDEES;Affectation;ULYCDP;PLYC DEPENSES DIRECTES;;PLYC/DPM;130000.0;130000.0;93;UAI;1.0
2023;23750007900312;Région Île-de-France;CP2023-426;2023-11-17;;;;;93 MONTREUIL JAURES PROG2018 CREATION CDI EN RDC;Affectation;ULYCDP;PLYC DEPENSES DIRECTES;;PLYC/DP;140000.0;140000.0;93;numero;1.0
2023;23750007900312;Région Île-de-France;CP2023-425;2023-11-17;19940122500016;0940122X;LYCEE CONDORCET - ST MAUR DES FOSSES;Lycées et collèges publics;94 LA VARENNE CONDORCET AC VRD RENOV COUR EXT REPRISE R2SEAUX EP/EU;Affectation;ULYCDP;PLYC DEPENSES DIRECTES;;PLYC/DPM;200000.0;200000.0;94;UAI;1.0
2023;23750007900312;Région Île-de-France;CP2023-428;2023-11-17;19770938900013;0770938B;ANDRE MALRAUX - MONTEREAU;Lycées et collèges publics;77 MONTEREAU A MALRAUX AC TX SECU PERIMETRIQUE;Affectation;ULYCDP;PLYC DEPENSES DIRECTES;;PLYC/DPM;440000.0;440000.0;77;UAI;1.0
2023;23750007900312;Région Île-de-France;CP2023-428;2023-11-17;19782539100018;0782539L;SAINT-EXUPERY - MANTES LA JOLIE;Lycées et collèges publics;78 MANTES ST EXUPERY AC TX SECU ACCES ELEVES COTE LOGT;Affectation;ULYCDP;PLYC DEPENSES DIRECTES;;PLYC/DPM;200000.0;200000.0;78;UAI;1.0
2023;23750007900312;Région Île-de-France;CP2023-428;2023-11-17;19930125000015;0930125F;LYCEE PAUL ELUARD - ST DENIS;Lycées et collèges publics;93 ST DENIS P ELUARD AC TX REMPLCT CLOTURES;Affectation;ULYCDP;PLYC DEPENSES DIRECTES;;PLYC/DPM;350000.0;350000.0;93;UAI;1.0
2023;23750007900312;Région Île-de-France;CP2023-427;2023-11-17;;;;;AC 2000883 BDC PRESTATIONS SURVEILLANCE ANTI INTRUSION (fermeture lycées parisiens);Revalorisation;ULYCDP;PLYC DEPENSES DIRECTES;;PLYC/DPM;500000.0;500000.0;non attribuable;;1.0
2023;23750007900312;Région Île-de-France;CP2023-403;2023-11-17;;;;;92 SCEAUX LAKANAL RENOVATION DP;Affectation;ULYCDP;PLYC DEPENSES DIRECTES;CONTRAT DE MANDAT;PLYC/DP;24000000.0;24000000.0;92;numero;1.0
2023;23750007900312;Région Île-de-France;CP2023-425;2023-11-17;19781948500016;0781948U;LAVOISIER - PORCHEVILLE;Lycées et collèges publics;78 PORCHEVILLE LAVOISIER AC TX REMPLACEMENT 20 PORTES CF;Affectation;ULYCDP;PLYC DEPENSES DIRECTES;;PLYC/DPM;250000.0;250000.0;78;UAI;1.0
2023;23750007900312;Région Île-de-France;CP2023-425;2023-11-17;19780422200028;0780422K;LYCEE GENERAL ET TECHNOLOGIQUE F VILLON;Lycées et collèges publics;78 LES MUREAUX F VILLON AC TX MISE AUX NORMES ELEC SUITE INONDATION;Affectation;ULYCDP;PLYC DEPENSES DIRECTES;;PLYC/DPM;150000.0;150000.0;78;UAI;1.0
2023;23750007900312;Région Île-de-France;CP2023-425;2023-11-17;19932120900017;0932120Z;HENRI SELLIER - LIVRY-GARGAN;Lycées et collèges publics;93 LIVRY H SELLIER MOD ETUDES TX MODERNISATION CIRCU S DE CL ADM S DE PROF REFECTOIRE;Affectation;ULYCDP;PLYC DEPENSES DIRECTES;;PLYC/DPM;20000.0;20000.0;93;UAI;1.0
2023;23750007900312;Région Île-de-France;CP2023-428;2023-11-17;19770938900013;0770938B;ANDRE MALRAUX - MONTEREAU;Lycées et collèges publics;77 MONTEREAU A MALRAUX AC TX SECU ELECTRO VIDEO INT ET EXT;Affectation;ULYCDP;PLYC DEPENSES DIRECTES;;PLYC/DPM;350000.0;350000.0;77;UAI;1.0
2023;23750007900312;Région Île-de-France;CP2023-425;2023-11-17;19781950100010;0781950W;LOUISE WEISS - ACHERES;Lycées et collèges publics;78 ACHERES L WEISS MAPA OPE CONNEXE BD MOE TX CREATION 5 SALLES SVT EXTENSION SALLE A MANGER;Affectation;ULYCDP;PLYC DEPENSES DIRECTES;;PLYC/DPM;350000.0;350000.0;78;UAI;1.0
2023;23750007900312;Région Île-de-France;CP2023-425;2023-11-17;19750685000019;0750685M;PIERRE GILLES DE GENNES - ENCPB;Lycées et collèges publics;75013 PG DE GENNES AC TX REMPLCT PORTES CF HS;Affectation;ULYCDP;PLYC DEPENSES DIRECTES;;PLYC/DPM;280000.0;280000.0;75;UAI;1.0
2023;23750007900312;Région Île-de-France;CP2023-403;2023-11-17;;;;;PPR 2011 94 VITRY SUR SEINE  LYCEE ADOLPHE CHERIOUX;Affectation;ULYCDP;PLYC DEPENSES DIRECTES;;PLYC/DP;12185000.0;12185000.0;94;numero;1.0
2023;23750007900312;Région Île-de-France;CP2023-425;2023-11-17;19750664500013;0750664P;RACINE - PARIS 08;Lycées et collèges publics;75008 RACINE AC TX RENOV CAGE ESCALIER D'HONNEUR, 1/2 PENSION, SALLE DES PROFS;Affectation;ULYCDP;PLYC DEPENSES DIRECTES;;PLYC/DPM;250000.0;250000.0;75;UAI;1.0
2023;23750007900312;Région Île-de-France;CP2023-428;2023-11-17;19781859400016;0781859X;VINCENT VAN GOGH - AUBERGENVILLE;Lycées et collèges publics;78 AUBERGENVILLE V VAN GOGH AC TX MISE EN OEUVRE CLOTURE, PORTAIL,PARVIS;Affectation;ULYCDP;PLYC DEPENSES DIRECTES;;PLYC/DPM;1000000.0;1000000.0;78;UAI;1.0
2023;23750007900312;Région Île-de-France;CP2023-337;2023-09-21;;;;;92 BAGNEUX LYC NEUF;Affectation;ULYCDP;PLYC DEPENSES DIRECTES;CONVENTION MANDAT;PLYC/DP;8000000.0;8000000.0;92;numero;1.0
2023;23750007900312;Région Île-de-France;CP2023-350;2023-09-21;19941018400014;0941018W;EDOUARD BRANLY - CRETEIL;Lycées et collèges publics;94 CRETEIL E BRANLY AC TRVX SECU ELECTRO AVEC VIDEO;Affectation;ULYCDP;PLYC DEPENSES DIRECTES;;PLYC/DPM;200000.0;200000.0;94;UAI;1.0
2023;23750007900312;Région Île-de-France;CP2023-347;2023-09-21;19910429000010;0910429X;LE CHATEAU DU LAC - OLLAINVILLE;Lycées et collèges publics;91 OLLAINVILLE CHATEAU DU LAC MAC VRD 2023 TRVX CREATION RESEAU EU;Affectation;ULYCDP;PLYC DEPENSES DIRECTES;;PLYC/DPM;310000.0;310000.0;91;UAI;1.0
2023;23750007900312;Région Île-de-France;CP2023-332;2023-09-21;;;;;PRESTA MARCHE PLACE DE SERVICES NUMERIQUES (PSN);Affectation;DSIDP;PTN DEPENSES DIRECTES;;PTN/MAAT;500000.0;500000.0;non attribuable;;1.0
2023;23750007900312;Région Île-de-France;CP2023-349;2023-09-21;;;;;ACCORDS CADRES FONCTIONNEMENT 2023;Revalorisation;ULYCDP;PLYC DEPENSES DIRECTES;;PLYC/DPM;300000.0;300000.0;non attribuable;;1.0
2023;23750007900312;Région Île-de-France;CP2023-350;2023-09-21;19911577500017;0911577V;JACQUES PREVERT - LONGJUMEAU;Lycées et collèges publics;91 LONGJUMEAU J PREVERT AC TRVX SECU ELECTRO SANS VIDEO;Affectation;ULYCDP;PLYC DEPENSES DIRECTES;;PLYC/DPM;100000.0;100000.0;91;UAI;1.0
2023;23750007900312;Région Île-de-France;CP2023-337;2023-09-21;;;;;75 PARIS LYC G.TIREL ACCESSIBILITE ERP JARDIN SUR TOIT;Affectation;ULYCDP;PLYC DEPENSES DIRECTES;DO SEGE;PLYC/DP;150000.0;150000.0;75;numero;1.0
2023;23750007900312;Région Île-de-France;CP2023-348;2023-09-21;19750682700017;0750682J;AUGUSTE RODIN - PARIS 13;Lycées et collèges publics;75013 RODIN PROG 2023 AC BDC Trvx mise en place lignes de vie bat principal PARTIE COMMUNE;Affectation;ULYCDP;PLYC DEPENSES DIRECTES;;PLYC/DPM;300000.0;300000.0;75;UAI;1.0
2023;23750007900312;Région Île-de-France;CP2023-348;2023-09-21;;;;;ACCORDS CADRES TRAVAUX 2023 CMR LYCEES;Revalorisation;ULYCDP;PLYC DEPENSES DIRECTES;;PLYC/DPM;800000.0;800000.0;non attribuable;;1.0
2023;23750007900312;Région Île-de-France;CP2023-337;2023-09-21;;;;;PPI 2011 - PARIS 12EME CMR PAUL VALERY;Affectation;ULYCDP;PLYC DEPENSES DIRECTES;"CONVENTION DE MANDAT 1100272-01 SODEREC

PPI 2011 - PARIS CMR PAUL VALERY - P 035 - CMR";PLYC/DP;600000.0;600000.0;75;PARIS;1.0
2023;23750007900312;Région Île-de-France;CP2023-347;2023-09-21;19951811900011;0951811C;FERNAND ET NADIA LEGER - ARGENTEUIL;Lycées et collèges publics;95 ARGENTEUIL F ET N LEGER MAPA TRVX REFEC TOITURE BAT 1/2 PENSION;Affectation;ULYCDP;PLYC DEPENSES DIRECTES;;PLYC/DPM;700000.0;700000.0;95;UAI;1.0
2023;23750007900312;Région Île-de-France;CP2023-347;2023-09-21;19940116700010;0940116R;EUGENE DELACROIX - MAISONS ALFORT;Lycées et collèges publics;94 MAISONS ALFORT E DELACROIX AC 2023 ETANCHEITE TRX REFECT TOITURE FUYANTE;Affectation;ULYCDP;PLYC DEPENSES DIRECTES;;PLYC/DPM;120000.0;120000.0;94;UAI;1.0
2023;23750007900312;Région Île-de-France;CP2023-348;2023-09-21;19920142700010;0920142E;PASTEUR - NEUILLY S/SEINE;Lycées et collèges publics;92 NEUILLY PASTEUR PROV 2022 : MAPA Etudes Réaménagement de la laverie et remplact machine à laver PARTIE COMMUNE;Affectation;ULYCDP;PLYC DEPENSES DIRECTES;;PLYC/DPM;25000.0;25000.0;92;UAI;1.0
2023;23750007900312;Région Île-de-France;CP2023-350;2023-09-21;19750690000012;0750690T;FRANCOIS VILLON - PARIS 14;Lycées et collèges publics;75014 F VILLON PROG2023 MS TRVX SECU ENS ETABLISST;Affectation;ULYCDP;PLYC DEPENSES DIRECTES;;PLYC/DPM;2000000.0;2000000.0;75;UAI;1.0
2023;23750007900312;Région Île-de-France;CP2023-337;2023-09-21;;;;;77 FONTAINEBLEAU LYC FRANCOIS COUPERIN EXTENSION CAPACITE ET RENOV DEMI PENSION;Affectation;ULYCDP;PLYC DEPENSES DIRECTES;;PLYC/DP;890000.0;890000.0;77;numero;1.0
2023;23750007900312;Région Île-de-France;CP2023-348;2023-09-21;;;;;75016 SAY REMP DU DESCEND PRG 2019;Affectation;ULYCDP;PLYC DEPENSES DIRECTES;PROG 2019- ETUDE POUR REMPLACEMENT DU DESCENDEUR A PLATEAUX DANS LA CUISINE;PLYC/DP;20000.0;20000.0;75;numero;1.0
2023;23750007900312;Région Île-de-France;CP2023-332;2023-09-21;;;;;COMMANDE ORDINATEURS LYCEENS ET ACTIONS ACCOMPAGNEMENT ECOSYSTEME NUM;Affectation;DSIDP;PTN DEPENSES DIRECTES;;PTN/MAAT;16000000.0;16000000.0;non attribuable;;1.0
2023;23750007900312;Région Île-de-France;CP2023-337;2023-09-21;;;;;95 BEZONS LYC EUGENE RONCERAY RENOVATION GLOBALE;Revalorisation;ULYCDP;PLYC DEPENSES DIRECTES;"CONTRAT DE MANDAT N°1400002MANUL01-2  SAERP
RESTRUCTURATION GLOBALE DU LYCEE";PLYC/DP;800000.0;800000.0;95;numero;1.0
2023;23750007900312;Région Île-de-France;CP2023-347;2023-09-21;19781839600016;0781839A;LYCEE GENERAL TECHNOLOGIQUE JEAN MONNET;Lycées et collèges publics;78 LA QUEUE LES YVELINES J MONNET MAPA MOE MISE EN CONFOR EXTRACTION DESENFUMAGE CUISINE;Affectation;ULYCDP;PLYC DEPENSES DIRECTES;;PLYC/DPM;40000.0;40000.0;78;UAI;1.0
2023;23750007900312;Région Île-de-France;CP2023-337;2023-09-21;;;;;91 BRUNOY LYCEE TALMA RESTRUCTURATION DEMI PENSION;Affectation;ULYCDP;PLYC DEPENSES DIRECTES;"CONVENTION DE MANDAT 1300102MANUL05 SAERP
OPERATION CIBLEE RESTRUCTURATION DE LA DEMI PENSION";PLYC/DP;200000.0;200000.0;91;numero;1.0
2023;23750007900312;Région Île-de-France;CP2023-347;2023-09-21;19770945400015;0770945J;GUSTAVE EIFFEL - VARENNES;Lycées et collèges publics;77 VARENNES SUR SEINE G EIFFEL AC TCE 2023 TRVX R2NOV DOUCHES CH INTERNAT;Affectation;ULYCDP;PLYC DEPENSES DIRECTES;;PLYC/DPM;120000.0;120000.0;77;UAI;1.0
2023;23750007900312;Région Île-de-France;CP2023-347;2023-09-21;19950164400017;0950164M;FRANCOISE DOLTO - BEAUMONT S/OISE;Lycées et collèges publics;95 BEAUMONT SUR OISE F DOLTO AC BDC REFECTION PLATEZU D'EVOLUTION;Affectation;ULYCDP;PLYC DEPENSES DIRECTES;;PLYC/DPM;172150.0;172150.0;95;UAI;1.0
2023;23750007900312;Région Île-de-France;CP2023-348;2023-09-21;19750682700017;0750682J;AUGUSTE RODIN - PARIS 13;Lycées et collèges publics;75013 RODIN PROG 2023 : AC BDC Trvx rénov 15 salles (électricité et sol) et renov circu gymnase PARTIE COMMUNE;Affectation;ULYCDP;PLYC DEPENSES DIRECTES;;PLYC/DPM;300000.0;300000.0;75;UAI;1.0
2023;23750007900312;Région Île-de-France;CP2023-337;2023-09-21;;;;;PPI/PPR 2010 - 91 CERNY LYC DENIS;Affectation;ULYCDP;PLYC DEPENSES DIRECTES;;PLYC/DP;2000000.0;2000000.0;91;numero;1.0
2023;23750007900312;Région Île-de-France;CP2023-347;2023-09-21;19922249800016;0922249V;MONTESQUIEU - PLESSIS R;Lycées et collèges publics;92 LE PLESSIS ROBINSON MONTESQUIEU AC BDC RENOV RESEAUX EF ECS EVACU EU EV EP BAT 1/2 PENSION;Affectation;ULYCDP;PLYC DEPENSES DIRECTES;;PLYC/DPM;180000.0;180000.0;92;UAI;1.0
2023;23750007900312;Région Île-de-France;CP2023-332;2023-09-21;;;;;ACHAT EQUIPEMENTS NUMERIQUES LYCEES PUBLICS;Affectation;DSIDP;PTN DEPENSES DIRECTES;;PTN/MAAT;450000.0;450000.0;non attribuable;;1.0
2023;23750007900312;Région Île-de-France;CP2023-344;2023-09-21;;;;;PARTICIPATION RESTAURATION SCOLAIRE COLLEGE DE NOAILLES POUR HEBERGEMENT LYCEE DE NERVAL LUZARCHES;Affectation;ULYCDP;PLYC DEPENSES DIRECTES;;PLYC/DRE;250000.0;250000.0;95;commune;1.0
2023;23750007900312;Région Île-de-France;CP2023-356;2023-09-21;;;;;93 - Saint-Ouen - Lyc Marcel Cachin - ROC SOLIDEO;Affectation;ULYCDP;PLYC DEPENSES DIRECTES;"Annexe 8 à la convention d'objectifs relative à l'ouvrage olymlpique ""lycée Marcel cachin de Saint-Ouen-sur-Seine"" votée en CP n° 2021-313 du 22 juillet 2021.";PLYC/DP;14000.0;14000.0;93;numero;1.0
2023;23750007900312;Région Île-de-France;CP2023-350;2023-09-21;19940138100017;0940138P;ARMAND GUILLAUMIN - ORLY;Lycées et collèges publics;94 ORLY A GUILLAUMIN AC TRVX REMPLCT SYST ANTI INTRU VIDEO (U16);Affectation;ULYCDP;PLYC DEPENSES DIRECTES;;PLYC/DPM;110000.0;110000.0;94;UAI;1.0
2023;23750007900312;Région Île-de-France;CP2023-337;2023-09-21;;;;;AC ACTIONS SENSIBILISATION DEVELOPPEMENT DURABLE;Affectation;ULYCDP;PLYC DEPENSES DIRECTES;DO-SEGE;PLYC/DP;110000.0;110000.0;non attribuable;;1.0
2023;23750007900312;Région Île-de-France;CP2023-337;2023-09-21;;;;;94 VILLENEUVE LEE ROI RECONSTRUCTION LYCEE;Affectation;ULYCDP;PLYC DEPENSES DIRECTES;;PLYC/DP;2000000.0;2000000.0;94;numero;1.0
2023;23750007900312;Région Île-de-France;CP2023-337;2023-09-21;;;;;MGP - 93 SAINT OUEN LYC MARCEL CACHIN RENOVATION GLOBALE - RECONSTRUCTION;Revalorisation;ULYCDP;PLYC DEPENSES DIRECTES;Marché global de performance;PLYC/DP;1350000.0;1350000.0;93;numero;1.0
2023;23750007900312;Région Île-de-France;CP2023-347;2023-09-21;19941972200020;0941972H;FERNAND LEGER - IVRY S/S;Lycées et collèges publics;94 IVRY F LEGER MOD 2023 TRVX RENOV BLOCS SANITAIRES;Affectation;ULYCDP;PLYC DEPENSES DIRECTES;;PLYC/DPM;800000.0;800000.0;94;UAI;1.0
2023;23750007900312;Région Île-de-France;CP2023-347;2023-09-21;;;;;CONV 17 MANHAN A3 EST : 13 LYCEES PPI;Revalorisation;ULYCDP;PLYC DEPENSES DIRECTES;"CONV 17 MAN HAN A3 EST
SAERP";PLYC/DP;1200000.0;1200000.0;non attribuable;;1.0
2023;23750007900312;Région Île-de-France;CP2023-337;2023-09-21;;;;;91 DRAVEIL LYCEE NADAR;Revalorisation;ULYCDP;PLYC DEPENSES DIRECTES;PPI CP OCTOBRE 2018;PLYC/DP;400000.0;400000.0;91;numero;1.0
2023;23750007900312;Région Île-de-France;CP2023-347;2023-09-21;20002795100017;0942269F;PAULINE ROLAND - CHEVILLY LARUE;Lycées et collèges publics;94 CHEVILLY P ROLAND AC SERRURERIE TRVX REMPLACT DOUBLE VITRAGE ET STORES HS;Affectation;ULYCDP;PLYC DEPENSES DIRECTES;;PLYC/DPM;168000.0;168000.0;94;UAI;1.0
2023;23750007900312;Région Île-de-France;CP2023-347;2023-09-21;19940116700010;0940116R;EUGENE DELACROIX - MAISONS ALFORT;Lycées et collèges publics;94 MAISONS ALFORT E DELACROIX MOD 2023 TRVX MISE EN PEINTURE MUR ESCAL ADM HALL COULOIR;Affectation;ULYCDP;PLYC DEPENSES DIRECTES;;PLYC/DPM;170000.0;170000.0;94;UAI;1.0
2023;23750007900312;Région Île-de-France;CP2023-348;2023-09-21;19750693400011;0750693W;BUFFON - PARIS 15;Lycées et collèges publics;75015 BUFFON CMR TX REHAB MISE EN CONFORMITE TRANSFORMATEUR;Affectation;ULYCDP;PLYC DEPENSES DIRECTES;;PLYC/DPM;275000.0;275000.0;75;UAI;1.0
2023;23750007900312;Région Île-de-France;CP2023-347;2023-09-21;19940118300017;0940118T;LOUIS ARMAND - NOGENT S/MARNE;Lycées et collèges publics;94 L ARMAND NOGENT AC BDC AMENAGT POLES SIO E MELEC;Revalorisation;ULYCDP;PLYC DEPENSES DIRECTES;;PLYC/DPM;150000.0;150000.0;94;UAI;1.0
2023;23750007900312;Région Île-de-France;CP2023-347;2023-09-21;;;;;94 CRETEIL GUTENBERG REFECTION de la toiture du lycée et des logements de fonction;Affectation;ULYCDP;PLYC DEPENSES DIRECTES;;PLYC/DP;100000.0;100000.0;94;numero;1.0
2023;23750007900312;Région Île-de-France;CP2023-337;2023-09-21;;;;;AFFECTATION MARCHES ETUDES GENERALES DO;Revalorisation;ULYCDP;PLYC DEPENSES DIRECTES;;PLYC/DP;1800000.0;1800000.0;non attribuable;;1.0
2023;23750007900312;Région Île-de-France;CP2023-350;2023-09-21;19781845300015;0781845G;LYCEE GENERAL TECHNOLOGIQUE JULES FERRY;Lycées et collèges publics;78 CONFLANS J FERRY MS SECU VIDEO PPMS CONTROLE ACCES CLOTURES;Revalorisation;ULYCDP;PLYC DEPENSES DIRECTES;;PLYC/DPM;250000.0;250000.0;78;UAI;1.0
2023;23750007900312;Région Île-de-France;CP2023-337;2023-09-21;;;;;PPI / PPR 2011 - EPINAY SUR SEINE LYC JACQUES FEYDER P 4;Affectation;ULYCDP;PLYC DEPENSES DIRECTES;;PLYC/DP;4000000.0;4000000.0;93;commune;1.0
2023;23750007900312;Région Île-de-France;CP2023-347;2023-09-21;19920802600021;0920802X;JEAN-PIERRE VERNANT - SEVRES;Lycées et collèges publics;92 SEVRES JP VERNANT MS TRVX REMPLCT SSI BAT B;Affectation;ULYCDP;PLYC DEPENSES DIRECTES;;PLYC/DPM;60000.0;60000.0;92;UAI;1.0
2023;23750007900312;Région Île-de-France;CP2023-347;2023-09-21;;;;;TX REHAB ET MISE EN CONFORMITE TRANSFORMATEURS 9 EPLE;Affectation;ULYCDP;PLYC DEPENSES DIRECTES;;PLYC/DPM;3500000.0;3500000.0;non attribuable;;1.0
2023;23750007900312;Région Île-de-France;CP2023-348;2023-09-21;;;;;ACCORDS CADRES TRAVAUX CMR COLLEGES;Revalorisation;ULYCDP;PLYC DEPENSES DIRECTES;;PLYC/DPM;400000.0;400000.0;non attribuable;;1.0
2023;23750007900312;Région Île-de-France;CP2023-347;2023-09-21;19951727700018;0951727L;CHARLES BAUDELAIRE - FOSSES;Lycées et collèges publics;95 FOSSES BAUDELAIRE MS CONSTRUCTION BD 8 CLASSES;Désaffectation;ULYCDP;PLYC DEPENSES DIRECTES;;PLYC/DPM;-2600000.0;-2600000.0;95;UAI;1.0
2023;23750007900312;Région Île-de-France;CP2023-347;2023-09-21;19770943900016;0770943G;BENJAMIN FRANKLIN - LA ROCHETTE;Lycées et collèges publics;77 LA ROCHETTE B FRANKLIN MOD TRVX SSI PARTIE DESENFUMAGE;Affectation;ULYCDP;PLYC DEPENSES DIRECTES;;PLYC/DPM;430000.0;430000.0;77;UAI;1.0
2023;23750007900312;Région Île-de-France;CP2023-347;2023-09-21;19922149000022;0922149L;RENE AUFFRAY - CLICHY;Lycées et collèges publics;92 CLICHY R AUFFRAY REHAB CHAMBRES PEDAGO HOTEL D'APPLI;Revalorisation;ULYCDP;PLYC DEPENSES DIRECTES;;PLYC/DPM;300000.0;300000.0;92;UAI;1.0
2023;23750007900312;Région Île-de-France;CP2023-337;2023-09-21;19770932200014;0770932V;LP PIERRE COUBERTIN MEAUX FUSIONNE - UTILISER TIERS R18495;Lycées et collèges publics;P. COUBERTIN 77 RENOV LYCEE ET EXTENSION DE LA DP;Revalorisation;ULYCDP;PLYC DEPENSES DIRECTES;RENOVATION DU LYCEE ET EXTENSION DE LA DEMI-PENSION;PLYC/DP;44300000.0;44300000.0;77;UAI;1.0
2023;23750007900312;Région Île-de-France;CP2023-347;2023-09-21;19940137300014;0940137N;LA SOURCE - NOGENT;Lycées et collèges publics;94 LA SOURCE NOGENT AC BDC RENOV CUISINE;Désaffectation;ULYCDP;PLYC DEPENSES DIRECTES;;PLYC/DPM;-180000.0;-180000.0;94;UAI;1.0
2023;23750007900312;Région Île-de-France;CP2023-347;2023-09-21;;;;;CONV 17MANHAN A3 OUEST 12 LYCEES PPI;Revalorisation;ULYCDP;PLYC DEPENSES DIRECTES;"CONV 17 MAN HAN A3 OUEST
SAERP";PLYC/DP;176800.0;176800.0;non attribuable;;1.0
2023;23750007900312;Région Île-de-France;CP2023-348;2023-09-21;19750702300012;0750702F;JEAN DE LA FONTAINE - PARIS 16;Lycées et collèges publics;75016 J DE LA FONTAINE CMR TX REHAB MISE EN CONFORMITE TRANSFORMATEUR;Affectation;ULYCDP;PLYC DEPENSES DIRECTES;;PLYC/DPM;225000.0;225000.0;75;UAI;1.0
2023;23750007900312;Région Île-de-France;CP2023-347;2023-09-21;19771995800021;0771995A;LE CHAMP DE CLAYE - CLAYE SOUILLY;Lycées et collèges publics;77 CLAYE SOUILLY CHAMP DE CLAYE MOD 2023 REMPLACT MENUISERIE PORTES LOGTS;Affectation;ULYCDP;PLYC DEPENSES DIRECTES;;PLYC/DPM;800000.0;800000.0;77;UAI;1.0
2023;23750007900312;Région Île-de-France;CP2023-336;2023-09-21;;;;;2023 FORMATION LYCEES;Revalorisation;UPRHDP;PRH DEPENSES DIRECTES;;PRH/MAPPTDS;136000.0;136000.0;non attribuable;;1.0
2023;23750007900312;Région Île-de-France;CP2023-347;2023-09-21;19782539100018;0782539L;SAINT-EXUPERY - MANTES LA JOLIE;Lycées et collèges publics;78 MANTES LA JOLIE ST EXUPERY REFECTION CENTRALE ET SYSTEME SSI;Revalorisation;ULYCDP;PLYC DEPENSES DIRECTES;;PLYC/DPM;150000.0;150000.0;78;UAI;1.0
2023;23750007900312;Région Île-de-France;CP2023-347;2023-09-21;19930126800025;0930126G;AUGUSTE BLANQUI - ST OUEN;Lycées et collèges publics;93 ST OUEN A BLANQUI MOD 2023 ETUDES CREATION GYMNASE SEMI COUVERT;Affectation;ULYCDP;PLYC DEPENSES DIRECTES;;PLYC/DPM;80000.0;80000.0;93;UAI;1.0
2023;23750007900312;Région Île-de-France;CP2023-349;2023-09-21;;;;;99 MAINTENANCE ET FOURNITURE ELECTRICITE DANS LYCEES FRANCILIENS;Revalorisation;ULYCDP;PLYC DEPENSES DIRECTES;;PLYC/DP;18600000.0;18600000.0;regional;numero 99;1.0
2023;23750007900312;Région Île-de-France;CP2023-337;2023-09-21;;;;;95 VILLIERS LE BEL LYCEE PIERRE MENDES FRANCE EXTENSION DU LYCEE;Affectation;ULYCDP;PLYC DEPENSES DIRECTES;CONTRAT DE MANDAT SAERP;PLYC/DP;1000000.0;1000000.0;95;numero;1.0
2023;23750007900312;Région Île-de-France;CP2023-347;2023-09-21;19932034200017;0932034F;WOLFGANG AMADEUS MOZART - LE BLANC MESNIL;Lycées et collèges publics;93 LE BLANC MESNIL MOZART TX AFFAISSEMENT DU BAT ENSEIGNEMENT;Affectation;ULYCDP;PLYC DEPENSES DIRECTES;;PLYC/DPM;150000.0;150000.0;93;UAI;1.0
2023;23750007900312;Région Île-de-France;CP2023-347;2023-09-21;19941355000013;0941355M;PAUL BERT - MAISONS-ALFORT;Lycées et collèges publics;94 MAISONS ALFORT P BERT AC MACONNERIE TRVX RAVALT POSE FILET ANTI PIGEON RENOV ESCALIER;Affectation;ULYCDP;PLYC DEPENSES DIRECTES;;PLYC/DPM;150000.0;150000.0;94;UAI;1.0
2023;23750007900312;Région Île-de-France;CP2023-337;2023-09-21;;;;;91 RIS ORANGIS LYC PIERRE MENDES FRANCE RENOVATION AVEC EXTENSION;Revalorisation;ULYCDP;PLYC DEPENSES DIRECTES;;PLYC/DP;420000.0;420000.0;91;numero;1.0
2023;23750007900312;Région Île-de-France;CP2023-347;2023-09-21;19910975200014;0910975R;LYCEE POLYVALENT JEAN PIERRE TIMBAUD;Lycées et collèges publics;91 BRETIGNY SUR ORGE JP TIMBAUD AC TCE 2023 TRVX MODIF LOCAUX POUR METIER DU BAT;Affectation;ULYCDP;PLYC DEPENSES DIRECTES;;PLYC/DPM;420000.0;420000.0;91;UAI;1.0
2023;23750007900312;Région Île-de-France;CP2023-347;2023-09-21;19782539100018;0782539L;SAINT-EXUPERY - MANTES LA JOLIE;Lycées et collèges publics;78 MANTES ST EXUPERY RENOV PREAUX EXISTANTS;Désaffectation;ULYCDP;PLYC DEPENSES DIRECTES;;PLYC/DPM;-250000.0;-250000.0;78;UAI;1.0
2023;23750007900312;Région Île-de-France;CP2023-350;2023-09-21;19911021400012;0911021R;TALMA - BRUNOY;Lycées et collèges publics;91 BRUNOY TALMA AC TRVX SECU VIDEO INCLUSE;Affectation;ULYCDP;PLYC DEPENSES DIRECTES;;PLYC/DPM;120000.0;120000.0;91;UAI;1.0
2023;23750007900312;Région Île-de-France;CP2023-348;2023-09-21;19750656100012;0750656F;LAVOISIER - PARIS 05;Lycées et collèges publics;75005 LAVOISIER PROG : MAPA Etudes des travaux rénov 3 cages d'escaliers logt PARTIE COMMUNE;Affectation;ULYCDP;PLYC DEPENSES DIRECTES;;PLYC/DPM;20000.0;20000.0;75;UAI;1.0
2023;23750007900312;Région Île-de-France;CP2023-350;2023-09-21;19782568000014;0782568T;ALAIN - LE VESINET;Lycées et collèges publics;78 LE VESINET ALAIN MS SECU VIDEO PPMS CONTROLE ACCES;Revalorisation;ULYCDP;PLYC DEPENSES DIRECTES;;PLYC/DPM;90000.0;90000.0;78;UAI;1.0
2023;23750007900312;Région Île-de-France;CP2023-350;2023-09-21;19940129000010;0940129E;JEAN MACE - VITRY;Lycées et collèges publics;94 VITRY SUR SEINE JEAN MACE TRAVAUX DE SECURISATION;Affectation;ULYCDP;PLYC DEPENSES DIRECTES;;PLYC/DPM;200000.0;200000.0;94;UAI;1.0
2023;23750007900312;Région Île-de-France;CP2023-347;2023-09-21;19910975200014;0910975R;LYCEE POLYVALENT JEAN PIERRE TIMBAUD;Lycées et collèges publics;91 BRETIGNY SUR ORGE JP TIMBAUD AC TCE 2023 TRVX CREATION SALLE MUSCU;Affectation;ULYCDP;PLYC DEPENSES DIRECTES;;PLYC/DPM;180000.0;180000.0;91;UAI;1.0
2023;23750007900312;Région Île-de-France;CP2023-347;2023-09-21;19931272900015;0931272C;GUSTAVE EIFFEL - GAGNY;Lycées et collèges publics;93 GAGNY G EIFFEL REMISE CONFORMITE BRANCHEMENTS EU EP VIA CD93;Affectation;ULYCDP;PLYC DEPENSES DIRECTES;;PLYC/DPM;6645.0;6645.0;93;UAI;1.0
2023;23750007900312;Région Île-de-France;CP2023-337;2023-09-21;;;;;AFFECTATION MAC DO TX;Revalorisation;ULYCDP;PLYC DEPENSES DIRECTES;;PLYC/DP;620000.0;620000.0;non attribuable;;1.0
2023;23750007900312;Région Île-de-France;CP2023-348;2023-09-21;;;;;FONDS D'URGENCE 2023 CMR;Revalorisation;ULYCDP;PLYC DEPENSES DIRECTES;;PLYC/DPM;200000.0;200000.0;non attribuable;;1.0
2023;23750007900312;Région Île-de-France;CP2023-337;2023-09-21;;;;;95 ARGENTEUIL LYC FERNAND ET NADIA LEGER DEMOLITION/RECONSTRUCTION DU BATIMENT PRINCIPAL;Revalorisation;ULYCDP;PLYC DEPENSES DIRECTES;CONTRAT DE MANDAT N°1400002MANUL03 SAERP;PLYC/DP;540000.0;540000.0;95;numero;1.0
2023;23750007900312;Région Île-de-France;CP2023-347;2023-09-21;19920144300025;0920144G;L'AGORA - PUTEAUX;Lycées et collèges publics;92 PUTEAUX AGORA REFONTE SYST OUVERTURE INST DESENFUMAGE ATELIERS;Désaffectation;ULYCDP;PLYC DEPENSES DIRECTES;;PLYC/DPM;-120000.0;-120000.0;92;UAI;1.0
2023;23750007900312;Région Île-de-France;CP2023-347;2023-09-21;;;;;99 REGION MOE ETANCHEITE MULTI SITES 77;Affectation;ULYCDP;PLYC DEPENSES DIRECTES;;PLYC/DPM;250000.0;250000.0;regional;numero 99;1.0
2023;23750007900312;Région Île-de-France;CP2023-332;2023-09-21;;;;;ACHAT EQUIPEMENTS RESEAUX LYCEES PUBLICS;Affectation;DSIDP;PTN DEPENSES DIRECTES;;PTN/MAAT;500000.0;500000.0;non attribuable;;1.0
2023;23750007900312;Région Île-de-France;CP2023-350;2023-09-21;19772244000017;0772244W;ANTONIN CAREME - SAVIGNY LE TEMPLE;Lycées et collèges publics;77 SAVIGNY LE TEMPLE A CAREME MS SECU PERI DU SITE;Affectation;ULYCDP;PLYC DEPENSES DIRECTES;77 SAVIGNY E TEMPLE A CAREME MS SECURISATION PERIMETRIQUE DU SITE;PLYC/DPM;115000.0;115000.0;77;UAI;1.0
2023;23750007900312;Région Île-de-France;CP2023-347;2023-09-21;19940123300010;0940123Y;GUILLAUME APOLLINAIRE - THIAIS;Lycées et collèges publics;94 THIAIS APOLLINAIRE AC TCE TRVX REPAR PLAFOND PEINTURE SALLE POLYVALENTE;Affectation;ULYCDP;PLYC DEPENSES DIRECTES;;PLYC/DPM;100000.0;100000.0;94;UAI;1.0
2023;23750007900312;Région Île-de-France;CP2023-347;2023-09-21;19751710500015;0751710B;NICOLAS LOUIS VAUQUELIN - PARIS 13;Lycées et collèges publics;75013 NL VAUQUELIN AC BDC TRVX RENOV CANIVEAUX ATELIERS;Affectation;ULYCDP;PLYC DEPENSES DIRECTES;;PLYC/DPM;380000.0;380000.0;75;UAI;1.0
2023;23750007900312;Région Île-de-France;CP2023-353;2023-09-21;;;;;MAC VEHICULE UTILITAIRE CMR;Revalorisation;ULYCDP;PLYC DEPENSES DIRECTES;;PLYC;223000.0;223000.0;non attribuable;;1.0
2023;23750007900312;Région Île-de-France;CP2023-347;2023-09-21;;;;;FONDS D'URGENCE 2023 EPLE;Revalorisation;ULYCDP;PLYC DEPENSES DIRECTES;;PLYC/DPM;500000.0;500000.0;non attribuable;;1.0
2023;23750007900312;Région Île-de-France;CP2023-347;2023-09-21;;;;;ACCORDS CADRES 2023 TRAVAUX;Revalorisation;ULYCDP;PLYC DEPENSES DIRECTES;;PLYC/DPM;2000000.0;2000000.0;non attribuable;;1.0
2023;23750007900312;Région Île-de-France;CP2023-356;2023-09-21;13002597600015;;CY CERGY PARIS UNIVERSITE;Etablissements publics (autres que les EPCI);92 - Antony - Lyc. Théodore Monod - Remboursement dépenses de fonctionnement de CY Cergy Paris Université;Affectation;ULYCDP;PLYC DEPENSES DIRECTES;;PLYC/DP;218600.0;218600.0;92;numero;1.0
2023;23750007900312;Région Île-de-France;CP2023-347;2023-09-21;19931738900021;0931738J;ARTHUR RIMBAUD - LA COURNEUVE;Lycées et collèges publics;93 LA COURNEUVE A RIMBAUD MOD 2023 ETUDES REMPLACT TOITURE BAC ACIER;Affectation;ULYCDP;PLYC DEPENSES DIRECTES;;PLYC/DPM;50000.0;50000.0;93;UAI;1.0
2023;23750007900312;Région Île-de-France;CP2023-347;2023-09-21;19770943900016;0770943G;BENJAMIN FRANKLIN - LA ROCHETTE;Lycées et collèges publics;77 LA ROCHETTE B FRANKLIN AC RENOV SANITAIRES RDC GARCON BAT A;Désaffectation;ULYCDP;PLYC DEPENSES DIRECTES;;PLYC/DPM;-21270.13;-21270.13;77;UAI;1.0
2023;23750007900312;Région Île-de-France;CP2023-347;2023-09-21;19920171600016;0920171L;LOUIS BLERIOT - SURESNES;Lycées et collèges publics;92 SURESNES L BLERIOT MAPA TRVX REFECT 2 BLOCS SANITAIRES CREATION SALLE PERMA;Affectation;ULYCDP;PLYC DEPENSES DIRECTES;;PLYC/DPM;150000.0;150000.0;92;UAI;1.0
2023;23750007900312;Région Île-de-France;CP2023-337;2023-09-21;;;;;91 COURCOURONNES G BRASSENS PPI EXETNSION CAPACITE DU LYCEE;Affectation;ULYCDP;PLYC DEPENSES DIRECTES;;PLYC/DP;500000.0;500000.0;91;numero;1.0
2023;23750007900312;Région Île-de-France;CP2023-349;2023-09-21;;;;;99 MAINTENANCE ET FOURNITURE DE GAZ DANS LYCEES FRANCILIENS;Revalorisation;ULYCDP;PLYC DEPENSES DIRECTES;;PLYC/DPM;24982758.0;24982758.0;regional;numero 99;1.0
2023;23750007900312;Région Île-de-France;CP2023-274;2023-07-05;19772244000017;0772244W;ANTONIN CAREME - SAVIGNY LE TEMPLE;Lycées et collèges publics;77 SAVIGNY LE T A CAREME AC TRVX RENOV SANITAIRES F ET G;Affectation;ULYCDP;PLYC DEPENSES DIRECTES;;PLYC/DPM;209000.0;209000.0;77;UAI;1.0
2023;23750007900312;Région Île-de-France;CP2023-274;2023-07-05;19950666800011;0950666H;GEORGES BRAQUE - ARGENTEUIL;Lycées et collèges publics;95 ARGENTEUIL G BRAQUE AC REFECT TERRASSES BAT PRINCIPAL;Affectation;ULYCDP;PLYC DEPENSES DIRECTES;;PLYC/DPM;360000.0;360000.0;95;UAI;1.0
2023;23750007900312;Région Île-de-France;CP2023-274;2023-07-05;19750697500022;0750697A;BATIMENT (DU) - DIT ST LAMBERT - PARIS 19;Lycées et collèges publics;75019 LYC DU BATIMENT TRVX DE MAINTENANCE ET AMENAGEMENT (conv IDFCD);Affectation;ULYCDP;PLYC DEPENSES DIRECTES;;PLYC/DPM;3500000.0;3500000.0;75;UAI;1.0
2023;23750007900312;Région Île-de-France;CP2023-274;2023-07-05;19950656900011;0950656X;LE CORBUSIER - CORMEILLES EN PARISIS;Lycées et collèges publics;95 CORMEILLES LE CORBUSIER MS TRVX SSI;Affectation;ULYCDP;PLYC DEPENSES DIRECTES;;PLYC/DPM;450000.0;450000.0;95;UAI;1.0
2023;23750007900312;Région Île-de-France;CP2023-236;2023-07-05;;;;;EQUIPEMENT DES LYCEES EN RESEAUX INFORMATIQUES LYCEES PUBLICS;Affectation;DSIDP;PTN DEPENSES DIRECTES;;PTN/MAAT;1000000.0;1000000.0;non attribuable;;1.0
2023;23750007900312;Région Île-de-France;CP2023-236;2023-07-05;;;;;PRESTATIONS D'HEBERGEMENT ET D'EXPLOITATION DE TERRAIN EN LYCEE;Affectation;DSIDP;PTN DEPENSES DIRECTES;;PTN/MAAT;250000.0;250000.0;non attribuable;;1.0
2023;23750007900312;Région Île-de-France;CP2023-242;2023-07-05;;;;;PPI 2011 78 VERSAILLES LYCEE JULES FERRY;Affectation;ULYCDP;PLYC DEPENSES DIRECTES;;PLYC/DP;1000000.0;1000000.0;78;numero;1.0
2023;23750007900312;Région Île-de-France;CP2023-242;2023-07-05;;;;;PPI / PPR 2011 - 95 ENGHIEN LES BAINS LYC GUSTAVE MONOD;Affectation;ULYCDP;PLYC DEPENSES DIRECTES;Restructuration du site Ouest 2ème tranche;PLYC/DP;750000.0;750000.0;95;numero;1.0
2023;23750007900312;Région Île-de-France;CP2023-274;2023-07-05;19941301400010;0941301D;FREDERIC MISTRAL - FRESNES;Lycées et collèges publics;94 FRESNES F MISTRAL AC SOLS SALLE RESTAU PEINTURE RESERVES SANITAIRES;Désaffectation;ULYCDP;PLYC DEPENSES DIRECTES;;PLYC/DPM;-250000.0;-250000.0;94;UAI;1.0
2023;23750007900312;Région Île-de-France;CP2023-275;2023-07-05;19750705600012;0750705J;LYCEE HONORE DE BALZAC - PARIS 17;Lycées et collèges publics;75017 H DE BALZAC MS TRVX REMPLACT SSI;Revalorisation;ULYCDP;PLYC DEPENSES DIRECTES;;PLYC/DPM;300000.0;300000.0;75;UAI;1.0
2023;23750007900312;Région Île-de-France;CP2023-236;2023-07-05;;;;;EQUIPEMENTS INDIVIDUELS DES LYCEENS;Affectation;DSIDP;PTN DEPENSES DIRECTES;;PTN/MAAT;15000000.0;15000000.0;non attribuable;;1.0
2023;23750007900312;Région Île-de-France;CP2023-236;2023-07-05;;;;;MARCHE SIER LYCEES PUBLICS;Affectation;DSIDP;PTN DEPENSES DIRECTES;;PTN/MAAT;2000000.0;2000000.0;non attribuable;;1.0
2023;23750007900312;Région Île-de-France;CP2023-274;2023-07-05;;;;;AFFECT AP PROV 2023;Revalorisation;ULYCDP;PLYC DEPENSES DIRECTES;;PLYC/DPM;500000.0;500000.0;non attribuable;;1.0
2023;23750007900312;Région Île-de-France;CP2023-274;2023-07-05;19772310900017;0772310T;SIMONE SIGNORET - VAUX LE PENIL;Lycées et collèges publics;77 VAUX LE PENIL S SIGNORET AC REFECTION VERRIERES;Affectation;ULYCDP;PLYC DEPENSES DIRECTES;;PLYC/DPM;160000.0;160000.0;77;UAI;1.0
2023;23750007900312;Région Île-de-France;CP2023-275;2023-07-05;19750648800018;0750648X;VICTOR HUGO - PARIS 03;Lycées et collèges publics;75003 V HUGO MS REMPLACT SSI ANNEXE EPERNON;Affectation;ULYCDP;PLYC DEPENSES DIRECTES;;PLYC/DPM;220000.0;220000.0;75;UAI;1.0
2023;23750007900312;Région Île-de-France;CP2023-242;2023-07-05;;;;;95 ARGENTEUIL LYC FERNAND ET NADIA LEGER DEMOLITION/RECONSTRUCTION DU BATIMENT PRINCIPAL;Revalorisation;ULYCDP;PLYC DEPENSES DIRECTES;CONTRAT DE MANDAT N°1400002MANUL03 SAERP;PLYC/DP;950000.0;950000.0;95;numero;1.0
2023;23750007900312;Région Île-de-France;CP2023-273;2023-07-05;;;;;2023 COMMUNICATION INTERNE LYCEES;Revalorisation;UPRHDP;PRH DEPENSES DIRECTES;;PRH/MAPPTDS;102000.0;102000.0;non attribuable;;1.0
2023;23750007900312;Région Île-de-France;CP2023-274;2023-07-05;19782565600014;0782565P;JULES FERRY - VERSAILLES;Lycées et collèges publics;78 VERSAILLES J FERRY AC SITE A TRVX REFECTION LOGT CHEF CUISINE;Affectation;ULYCDP;PLYC DEPENSES DIRECTES;;PLYC/DPM;140000.0;140000.0;78;UAI;1.0
2023;23750007900312;Région Île-de-France;CP2023-277;2023-07-05;19951753300014;0951753P;LEONARD DE VINCI - ST WITZ;Lycées et collèges publics;95 ST WITZ L DE VINCI MS SECU PERIMETRIQUE ET ELECTRONIQUE;Revalorisation;ULYCDP;PLYC DEPENSES DIRECTES;;PLYC/DPM;36000.0;36000.0;95;UAI;1.0
2023;23750007900312;Région Île-de-France;CP2023-274;2023-07-05;;;;;CONV 17MANHAN A3 OUEST 12 LYCEES PPI;Affectation;ULYCDP;PLYC DEPENSES DIRECTES;"CONV 17 MAN HAN A3 OUEST
SAERP";PLYC/DP;500000.0;500000.0;non attribuable;;1.0
2023;23750007900312;Région Île-de-France;CP2023-277;2023-07-05;19782568000014;0782568T;ALAIN - LE VESINET;Lycées et collèges publics;78 LE VESINET ALAIN MS SECU VIDEO PPMS CONTROLE ACCES;Revalorisation;ULYCDP;PLYC DEPENSES DIRECTES;;PLYC/DPM;40000.0;40000.0;78;UAI;1.0
2023;23750007900312;Région Île-de-France;CP2023-274;2023-07-05;19750712200038;0750712S;DIDEROT - PARIS 19;Lycées et collèges publics;75019 DIDEROT MS TRVX SSI;Affectation;ULYCDP;PLYC DEPENSES DIRECTES;MS - TRAVAUX SSI;PLYC/DPM;142000.0;142000.0;75;UAI;1.0
2023;23750007900312;Région Île-de-France;CP2023-274;2023-07-05;19782565600014;0782565P;JULES FERRY - VERSAILLES;Lycées et collèges publics;78 VERSAILLES J FERRY ETUDES TRVX RESTAU ESCALIER ADM MONUMENT HISTO;Affectation;ULYCDP;PLYC DEPENSES DIRECTES;;PLYC/DPM;300000.0;300000.0;78;UAI;1.0
2023;23750007900312;Région Île-de-France;CP2023-274;2023-07-05;19750650400012;0750650Z;ALEMBERT (D') - PARIS 19;Lycées et collèges publics;75019 DU BATIMENT ETUDES ET TRVX OPE TRANSFERT LYC PARISIEN;Désaffectation;ULYCDP;PLYC DEPENSES DIRECTES;;PLYC/DPM;-940000.0;-940000.0;75;UAI;1.0
2023;23750007900312;Région Île-de-France;CP2023-275;2023-07-05;;;;;FONDS D'URGENCE 2023 CMR;Revalorisation;ULYCDP;PLYC DEPENSES DIRECTES;;PLYC/DPM;100000.0;100000.0;non attribuable;;1.0
2023;23750007900312;Région Île-de-France;CP2023-277;2023-07-05;19752846600018;0752846L;LYCEE ERIK SATIE - PARIS 14;Lycées et collèges publics;75014 E SATIE MS TRVX SECU MECANIQUE ET ELECTRO SITE;Affectation;ULYCDP;PLYC DEPENSES DIRECTES;75014 E SATIE 2022 MS TRAVAUX SECURISATION MECANIQUE ET ELECTRONIQUE DE TOUT L'ETABLISSEMENT;PLYC/DPM;60000.0;60000.0;75;UAI;1.0
2023;23750007900312;Région Île-de-France;CP2023-274;2023-07-05;19780422200028;0780422K;LYCEE GENERAL ET TECHNOLOGIQUE F VILLON;Lycées et collèges publics;78 LES MUREAUX F VILLON ETUDES RESTRUC ZONES PREPA CUISINE ESPACES RESERVE LOCAL POUBELLES EXT;Revalorisation;ULYCDP;PLYC DEPENSES DIRECTES;;PLYC/DPM;40000.0;40000.0;78;UAI;1.0
2023;23750007900312;Région Île-de-France;CP2023-274;2023-07-05;;;;;ACCORDS CADRES 2023 TRAVAUX;Revalorisation;ULYCDP;PLYC DEPENSES DIRECTES;;PLYC/DPM;22740000.0;22740000.0;non attribuable;;1.0
2023;23750007900312;Région Île-de-France;CP2023-292;2023-07-05;;;;;ACCES INTERNET THD EPLE;Revalorisation;ULYCDP;PLYC DEPENSES DIRECTES;;PLYC/DPM;882890.0;882890.0;non attribuable;;1.0
2023;23750007900312;Région Île-de-France;CP2023-274;2023-07-05;;;;;CONV 17 MANHAN A3 EST : 13 LYCEES PPI;Affectation;ULYCDP;PLYC DEPENSES DIRECTES;"CONV 17 MAN HAN A3 EST
SAERP";PLYC/DP;900000.0;900000.0;non attribuable;;1.0
2023;23750007900312;Région Île-de-France;CP2023-275;2023-07-05;;;;;ACCORDS CADRES TRAVAUX 2023 CMR LYCEES;Revalorisation;ULYCDP;PLYC DEPENSES DIRECTES;;PLYC/DPM;2600000.0;2600000.0;non attribuable;;1.0
2023;23750007900312;Région Île-de-France;CP2023-277;2023-07-05;19951788900010;0951788C;GEORGE SAND - DOMONT;Lycées et collèges publics;95 DOMONT G SAND MS SECU PERIMETRIQUE ET ELECTRONIQUE;Revalorisation;ULYCDP;PLYC DEPENSES DIRECTES;;PLYC/DPM;80000.0;80000.0;95;UAI;1.0
2023;23750007900312;Région Île-de-France;CP2023-277;2023-07-05;19950164400017;0950164M;FRANCOISE DOLTO - BEAUMONT S/OISE;Lycées et collèges publics;95 BEAUMONT F DOLTO MS SECU PERIMETRIQUE ET ELECTRONIQUE;Revalorisation;ULYCDP;PLYC DEPENSES DIRECTES;;PLYC/DPM;160000.0;160000.0;95;UAI;1.0
2023;23750007900312;Région Île-de-France;CP2023-242;2023-07-05;;;;;PPI/PPR 2010-95 ARGENTEUIL LEGER;Désaffectation;ULYCDP;PLYC DEPENSES DIRECTES;RESTRUCTURATION PARTIELLE;PLYC/DP;-650000.0;-650000.0;95;numero;1.0
2023;23750007900312;Région Île-de-France;CP2023-267;2023-07-05;;;;;COMPLEMENT DGFL OPERATION FERMETURE LYCEES PARISIENS 2023;Affectation;ULYCDP;PLYC DEPENSES DIRECTES;;PLYC/DP;148059.0;148059.0;non attribuable;;1.0
2023;23750007900312;Région Île-de-France;CP2023-275;2023-07-05;19750693400011;0750693W;BUFFON - PARIS 15;Lycées et collèges publics;75015 BUFFON MAPA PEINTURE TRAITEMENT PLOMBPON9AGE CAGE ESCALIER;Affectation;ULYCDP;PLYC DEPENSES DIRECTES;;PLYC/DPM;130000.0;130000.0;75;UAI;1.0
2023;23750007900312;Région Île-de-France;CP2023-274;2023-07-05;19750660300012;0750660K;FENELON - PARIS 06;Lycées et collèges publics;75006 FENELON REFONDATION DU BATIMENT PRINCIPAL CONV MANDAT IDFCD;Affectation;ULYCDP;PLYC DEPENSES DIRECTES;TRAVAUX DE REPRISE EN SOUS OEUVRE DES VOUTES EN PIERRE ET TRAITEMENT DES FA9ADES IMPACTEES SUITE A UN AFFAISSEMENT REPRISE DES FONDATIONS;PLYC/DPM;700000.0;700000.0;75;UAI;1.0
2023;23750007900312;Région Île-de-France;CP2023-274;2023-07-05;19750697500022;0750697A;BATIMENT (DU) - DIT ST LAMBERT - PARIS 19;Lycées et collèges publics;75019 BÄTIMENT (DU) MS TRVX SSI;Affectation;ULYCDP;PLYC DEPENSES DIRECTES;;PLYC/DPM;100000.0;100000.0;75;UAI;1.0
2023;23750007900312;Région Île-de-France;CP2023-277;2023-07-05;19951748300012;0951748J;EVARISTE GALOIS - BEAUMONT S/OISE;Lycées et collèges publics;95 BEAUMONT SUR OISE  E GALOIS MS OPE SECU SITE;Revalorisation;ULYCDP;PLYC DEPENSES DIRECTES;MS operation de sécurisation du site;PLYC/DPM;180000.0;180000.0;95;UAI;1.0
2023;23750007900312;Région Île-de-France;CP2023-274;2023-07-05;;;;;95 ARGENTEUIL JEAN JAURES CREA D UN INTERNAT;Revalorisation;ULYCDP;PLYC DEPENSES DIRECTES;CREATION D UN INTERNAT;PLYC/DPM;4500000.0;4500000.0;95;numero;1.0
2023;23750007900312;Région Île-de-France;CP2023-274;2023-07-05;19782549000018;0782549X;LOUIS BASCAN - RAMBOUILLET;Lycées et collèges publics;78 RAMBOUILLET L BASCAN RENO DES TOITURES TERRASSES;Revalorisation;ULYCDP;PLYC DEPENSES DIRECTES;;PLYC/DPM;550000.0;550000.0;78;UAI;1.0
2023;23750007900312;Région Île-de-France;CP2023-263;2023-07-05;;;;;Accompagnement des campus sur les sujets généraux et transversaux ou d'orientation et de communication - budget 2023;Affectation;ULYCDP;PLYC DEPENSES DIRECTES;;PLYC/LLAB;200000.0;200000.0;non attribuable;;1.0
2023;23750007900312;Région Île-de-France;CP2023-277;2023-07-05;;;;;AC BDC MS 2023 TRVX SECURITE;Revalorisation;ULYCDP;PLYC DEPENSES DIRECTES;;PLYC/DPM;4600000.0;4600000.0;non attribuable;;1.0
2023;23750007900312;Région Île-de-France;CP2023-242;2023-07-05;;;;;95 BEZONS LYC EUGENE RONCERAY RENOVATION GLOBALE;Revalorisation;ULYCDP;PLYC DEPENSES DIRECTES;"CONTRAT DE MANDAT N°1400002MANUL01-2  SAERP
RESTRUCTURATION GLOBALE DU LYCEE";PLYC/DP;672000.0;672000.0;95;numero;1.0
2023;23750007900312;Région Île-de-France;CP2023-277;2023-07-05;19782567200011;0782567S;MARIE CURIE - VERSAILLES;Lycées et collèges publics;78 VERSAILLES M CURIE AC BDC POSE VOLETS ROULANTS MOTORISES RDC;Affectation;ULYCDP;PLYC DEPENSES DIRECTES;;PLYC/DPM;195000.0;195000.0;78;UAI;1.0
2023;23750007900312;Région Île-de-France;CP2023-292;2023-07-05;;;;;THD 95;Affectation;ULYCDP;PLYC DEPENSES DIRECTES;;PLYC/DP;503654.4;503654.4;95;numero interne;1.0
2023;23750007900312;Région Île-de-France;CP2023-274;2023-07-05;19950709600014;0950709E;VIRGINIA HENDERSON - ARNOUVILLE;Lycées et collèges publics;95 ARNOUVILLE V HENDERSON MS TRVX SSI;Affectation;ULYCDP;PLYC DEPENSES DIRECTES;;PLYC/DPM;140000.0;140000.0;95;UAI;1.0
2023;23750007900312;Région Île-de-France;CP2023-236;2023-07-05;;;;;EQUIPEMENTS AUDIOVISUELS LYCEES PUBLICS;Affectation;DSIDP;PTN DEPENSES DIRECTES;;PTN/MAAT;4000000.0;4000000.0;non attribuable;;1.0
2023;23750007900312;Région Île-de-France;CP2023-274;2023-07-05;19941018400014;0941018W;EDOUARD BRANLY - CRETEIL;Lycées et collèges publics;94 CRETEIL E BRANLY MOD TRVX RENOV SANITAIRES ETABLISST;Désaffectation;ULYCDP;PLYC DEPENSES DIRECTES;;PLYC/DPM;-350000.0;-350000.0;94;UAI;1.0
2023;23750007900312;Région Île-de-France;CP2023-274;2023-07-05;;;;;FONDS D'URGENCE 2023 EPLE;Revalorisation;ULYCDP;PLYC DEPENSES DIRECTES;;PLYC/DPM;300000.0;300000.0;non attribuable;;1.0
2023;23750007900312;Région Île-de-France;CP2023-276;2023-07-05;;;;;AC 2000883 BDC PRESTATIONS SURVEILLANCE ANTI INTRUSION (fermeture lycées parisiens);Affectation;ULYCDP;PLYC DEPENSES DIRECTES;;PLYC/DPM;480000.0;480000.0;non attribuable;;1.0
2023;23750007900312;Région Île-de-France;CP2023-267;2023-07-05;20005801400016;;GRAND ORLY SEINE BIEVRE;Etab. Publics de Coopération Intercom.;CONV EPT CAMPUS CACHIN;Affectation;ULYCDP;PLYC DEPENSES DIRECTES;;PLYC/DP;130600.0;130600.0;non attribuable;;1.0
2023;23750007900312;Région Île-de-France;CP2023-277;2023-07-05;;;;;MAC D'ASSISTANCE M.O. + ACCORD-CADRE SUR LES ETUDES RELATIVES A LA SURETE DES LYCEES FRANCILIENS;Revalorisation;ULYCDP;PLYC DEPENSES DIRECTES;;PLYC/DPM;400000.0;400000.0;non attribuable;;1.0
2023;23750007900312;Région Île-de-France;CP2023-220;2023-07-05;;;;;EUROSKILLS DE LA 46E EDITION DE LA COMPETITION WORLDSKILLS - VOYAGE SUPPORTES;Affectation;ULYCDP;PLYC DEPENSES DIRECTES;;PLYC/DRE;10000.0;10000.0;non attribuable;;1.0
2023;23750007900312;Région Île-de-France;CP2023-274;2023-07-05;19931609200014;0932291K;LYCEE NICOLAS JOSEPH CUGNOT - NEUILLY S/M;Lycées et collèges publics;93 NEUILLY S/ MARNE NJ CUGNOT REFECTION SYST VENTIL REMPLACT SYST CHAUFFAGE;Affectation;ULYCDP;PLYC DEPENSES DIRECTES;;PLYC/DPM;500000.0;500000.0;93;UAI;1.0
2023;23750007900312;Région Île-de-France;CP2023-256;2023-07-05;;;;;Projet bio local CP juillet 2023;Affectation;ULYCDP;PLYC DEPENSES DIRECTES;;PLYC/LLAB;200000.0;200000.0;non attribuable;;1.0
2023;23750007900312;Région Île-de-France;CP2023-274;2023-07-05;19930130000018;0930130L;CONDORCET (PRO) - MONTREUIL;Lycées et collèges publics;93 MONTREUIL CONDORCET AC TRVX REMPLACT PORTAILS;Affectation;ULYCDP;PLYC DEPENSES DIRECTES;;PLYC/DPM;120000.0;120000.0;93;UAI;1.0
2023;23750007900312;Région Île-de-France;CP2023-274;2023-07-05;19950164400017;0950164M;FRANCOISE DOLTO - BEAUMONT S/OISE;Lycées et collèges publics;95 BEAUMONT F DOLTO AC TRVX TCE LOGT 3400;Affectation;ULYCDP;PLYC DEPENSES DIRECTES;;PLYC/DPM;126814.12;126814.12;95;UAI;1.0
2023;23750007900312;Région Île-de-France;CP2023-275;2023-07-05;19750682700017;0750682J;AUGUSTE RODIN - PARIS 13;Lycées et collèges publics;75013 RODIN TX DE REMPLACEMENT DES FENETRES DE L ENS DE L ETABLISSEMENT;Affectation;ULYCDP;PLYC DEPENSES DIRECTES;;PLYC/DPM;500000.0;500000.0;75;UAI;1.0
2023;23750007900312;Région Île-de-France;CP2023-275;2023-07-05;;;;;ACCORDS CADRES TRAVAUX CMR COLLEGES;Revalorisation;ULYCDP;PLYC DEPENSES DIRECTES;;PLYC/DPM;1300000.0;1300000.0;non attribuable;;1.0
2023;23750007900312;Région Île-de-France;CP2023-242;2023-07-05;19781577200011;0783548H;FRANCO ALLEMAND - BUC;Lycées et collèges publics;CONV LYCEE FRANCO ALLEM DE BUC;Affectation;ULYCDP;PLYC DEPENSES DIRECTES;;PLYC/DP;1546139.0;1546139.0;78;UAI;1.0
2023;23750007900312;Région Île-de-France;CP2023-236;2023-07-05;;;;;ACHAT EQUIPEMENTS NUMERIQUES LYCEES PUBLICS;Affectation;DSIDP;PTN DEPENSES DIRECTES;;PTN/MAAT;6000000.0;6000000.0;non attribuable;;1.0
2023;23750007900312;Région Île-de-France;CP2023-267;2023-07-05;19770027100012;0770027L;COLLEGE DEPARTEMENTAL MARCEL RIVIERE;Lycées et collèges publics;COP M. Green collège Marcel Rivière de Lagny-sur-Marne (77);Affectation;ULYCDP;PLYC DEPENSES DIRECTES;;PLYC/DP;13500.0;13500.0;77;UAI;1.0
2023;23750007900312;Région Île-de-France;CP2023-292;2023-07-05;;;;;ACCES INTERNET THD CMR;Revalorisation;ULYCDP;PLYC DEPENSES DIRECTES;;PLYC/DPM;48050.0;48050.0;non attribuable;;1.0
2023;23750007900312;Région Île-de-France;CP2023-273;2023-07-05;;;;;2023 FORMATION LYCEES;Revalorisation;UPRHDP;PRH DEPENSES DIRECTES;;PRH/MAPPTDS;236000.0;236000.0;non attribuable;;1.0
2023;23750007900312;Région Île-de-France;CP2023-274;2023-07-05;;;;;GROS TRVX RENOV MODERNISATION CLOS COUVERT STRUCTURE (CCS);Désaffectation;ULYCDP;PLYC DEPENSES DIRECTES;;PLYC/DPM;-3060000.0;-3060000.0;non attribuable;;1.0
2023;23750007900312;Région Île-de-France;CP2023-277;2023-07-05;19951787100018;0951787B;ARTHUR RIMBAUD - GARGES;Lycées et collèges publics;95 GARGES LES GONESSES A RIMBAUD SECURISATION DU SITE;Affectation;ULYCDP;PLYC DEPENSES DIRECTES;;PLYC/DPM;180000.0;180000.0;95;UAI;1.0
2023;23750007900312;Région Île-de-France;CP2023-277;2023-07-05;19941301400010;0941301D;FREDERIC MISTRAL - FRESNES;Lycées et collèges publics;94 FRESNES F MISTRAL AC REMPLACT 36 CAMERAS INT EXT A L'IDENTIQUE;Affectation;ULYCDP;PLYC DEPENSES DIRECTES;;PLYC/DPM;107000.0;107000.0;94;UAI;1.0
2023;23750007900312;Région Île-de-France;CP2023-242;2023-07-05;;;;;93 ST DENIS LYC P.ELUARD RT;Affectation;ULYCDP;PLYC DEPENSES DIRECTES;;PLYC/DP;100000.0;100000.0;93;numero;1.0
2023;23750007900312;Région Île-de-France;CP2023-277;2023-07-05;19950949800010;0950949R;JEAN MERMOZ - MONTSOULT;Lycées et collèges publics;95 MONTSOULT J MERMOZ MS SECU PERIMETRIQUE ET ELECTRONIQUE;Revalorisation;ULYCDP;PLYC DEPENSES DIRECTES;;PLYC/DPM;25000.0;25000.0;95;UAI;1.0
2023;23750007900312;Région Île-de-France;CP2023-274;2023-07-05;19771995800021;0771995A;LE CHAMP DE CLAYE - CLAYE SOUILLY;Lycées et collèges publics;77 CLAYE SOUILLY CHAMP DE CLAYE REMPLACEMENT MENUISERIE BAT A;Affectation;ULYCDP;PLYC DEPENSES DIRECTES;;PLYC/DPM;40000.0;40000.0;77;UAI;1.0
2023;23750007900312;Région Île-de-France;CP2023-292;2023-07-05;;;;;ACCES INTERNET THD EPLE;Affectation;ULYCDP;PLYC DEPENSES DIRECTES;ACCES INTERNET THD DANS LES LYCEES FRANCILIENS 2EME RAPPORT;PLYC/DP;5000.0;5000.0;non attribuable;;1.0
2023;23750007900312;Région Île-de-France;CP2023-242;2023-07-05;;;;;94 CHAMPIGNY MICHEL ET WALLON RG RESTRUCT GLOBALE;Affectation;ULYCDP;PLYC DEPENSES DIRECTES;;PLYC/DP;490000.0;490000.0;94;numero;1.0
2023;23750007900312;Région Île-de-France;CP2023-236;2023-07-05;;;;;ACCOMPAGNEMENT DE LA TRANSFORMATION NUMERIQUE DES LYCEES PUBLICS;Affectation;DSIDP;PTN DEPENSES DIRECTES;;PTN/MAAT;600000.0;600000.0;non attribuable;;1.0
2023;23750007900312;Région Île-de-France;CP2023-274;2023-07-05;19930831300014;0930831Y;ARISTIDE BRIAND - LE BLANC MESNIL;Lycées et collèges publics;93 LE BLANC MESNIL A BRIAND AC TRVX REMPLACT SSI;Affectation;ULYCDP;PLYC DEPENSES DIRECTES;;PLYC/DPM;150000.0;150000.0;93;UAI;1.0
2023;23750007900312;Région Île-de-France;CP2023-242;2023-07-05;;;;;94 SAINT MAUR DES FOSSES LYCEE MARCELIN BERTHELOT RESTRUCTURATION DE LA DEMI-PENSION;Affectation;ULYCDP;PLYC DEPENSES DIRECTES;CONTRAT DE MANDAT SAERP;PLYC/DP;500000.0;500000.0;94;numero;1.0
2023;23750007900312;Région Île-de-France;CP2023-189;2023-06-01;;;;;91 DRAVEIL LYCEE NADAR;Affectation;ULYCDP;PLYC DEPENSES DIRECTES;PPI CP OCTOBRE 2018;PLYC/DP;370000.0;370000.0;91;numero;1.0
2023;23750007900312;Région Île-de-France;CP2023-193;2023-06-01;19920141900017;0920141D;LYCEE JOLIOT CURIE - NANTERRE;Lycées et collèges publics;92 JOLIOT CURIE NANTERRE AC BDC LEVEES OBSER SCDS;Affectation;ULYCDP;PLYC DEPENSES DIRECTES;;PLYC/DPM;120000.0;120000.0;92;UAI;1.0
2023;23750007900312;Région Île-de-France;CP2023-194;2023-06-01;19920145000012;0920145H;LAKANAL - SCEAUX;Lycées et collèges publics;92 LAKANAL SCEAUX PROG 2022 MOE RENOV ASCENSEUR BAT SCIENTIFIQUE;Affectation;ULYCDP;PLYC DEPENSES DIRECTES;;PLYC/DPM;15000.0;15000.0;92;UAI;1.0
2023;23750007900312;Région Île-de-France;CP2023-170;2023-06-01;;;;;ACCOMPAGNEMENT DE LA TRANSFORMATION NUMERIQUE LYCEES PUBLICS;Affectation;DSIDP;PTN DEPENSES DIRECTES;;PTN/MAAT;150000.0;150000.0;non attribuable;;1.0
2023;23750007900312;Région Île-de-France;CP2023-194;2023-06-01;;;;;ACCORDS CADRES TRAVAUX 2023 CMR LYCEES;Revalorisation;ULYCDP;PLYC DEPENSES DIRECTES;;PLYC/DPM;500000.0;500000.0;non attribuable;;1.0
2023;23750007900312;Région Île-de-France;CP2023-193;2023-06-01;;;;;FONDS D'URGENCE 2023 EPLE;Revalorisation;ULYCDP;PLYC DEPENSES DIRECTES;;PLYC/DPM;700000.0;700000.0;non attribuable;;1.0
2023;23750007900312;Région Île-de-France;CP2023-189;2023-06-01;;;;;AFFECTATION MARCHES ETUDES GENERALES DO;Revalorisation;ULYCDP;PLYC DEPENSES DIRECTES;;PLYC/DP;2000000.0;2000000.0;non attribuable;;1.0
2023;23750007900312;Région Île-de-France;CP2023-193;2023-06-01;19750680100012;0750680G;ARAGO - PARIS 12;Lycées et collèges publics;75012 ARAGO MS TRVX RENOV SSI;Affectation;ULYCDP;PLYC DEPENSES DIRECTES;;PLYC/DPM;140000.0;140000.0;75;UAI;1.0
2023;23750007900312;Région Île-de-France;CP2023-170;2023-06-01;;;;;ACHAT EQUIPEMENTS NUMERIQUES CMR;Affectation;DSIDP;PTN DEPENSES DIRECTES;;PTN/MAAT;100000.0;100000.0;non attribuable;;1.0
2023;23750007900312;Région Île-de-France;CP2023-193;2023-06-01;19771027000012;0771027Y;FREDERIC JOLIOT CURIE - DAMMARIE LES LYS;Lycées et collèges publics;77 F JOLIOT CURIE DAMMARIE MOE RESTRUC POLE STMG;Affectation;ULYCDP;PLYC DEPENSES DIRECTES;;PLYC/DPM;30000.0;30000.0;77;UAI;1.0
2023;23750007900312;Région Île-de-France;CP2023-195;2023-06-01;;;;;99 MAINTENANCE ET FOURNITURE DE GAZ DANS LYCEES FRANCILIENS;Revalorisation;ULYCDP;PLYC DEPENSES DIRECTES;;PLYC/DPM;9000000.0;9000000.0;regional;numero 99;1.0
2023;23750007900312;Région Île-de-France;CP2023-191;2023-06-01;;;;;2023 EPI AGENTS DES LYCEES;Affectation;UPRHDP;PRH DEPENSES DIRECTES;;PRH/MAPPTDS;540000.0;540000.0;non attribuable;;1.0
2023;23750007900312;Région Île-de-France;CP2023-189;2023-06-01;;;;;93 BOBIGNY LYC LOUISE MICHEL RENOVATION SIMPLE;Affectation;ULYCDP;PLYC DEPENSES DIRECTES;"CONTRAT DE MANDAT N°1400002 MAN UL 05
SAERP";PLYC/DP;300000.0;300000.0;93;numero;1.0
2023;23750007900312;Région Île-de-France;CP2023-195;2023-06-01;;;;;99 MAINTENANCE ET FOURNITURE ELECTRICITE DANS LYCEES FRANCILIENS;Revalorisation;ULYCDP;PLYC DEPENSES DIRECTES;;PLYC/DP;12000000.0;12000000.0;regional;numero 99;1.0
2023;23750007900312;Région Île-de-France;CP2023-193;2023-06-01;19940145600017;0940145X;CAMILLE CLAUDEL - VITRY;Lycées et collèges publics;94 VITRY C CLAUDEL MOD TRVX COUVERTURE ETANCHEITE;Désaffectation;ULYCDP;PLYC DEPENSES DIRECTES;;PLYC/DPM;-500000.0;-500000.0;94;UAI;1.0
2023;23750007900312;Région Île-de-France;CP2023-194;2023-06-01;19750654600013;0750654D;LYCEE HENRI IV - PARIS 05;Lycées et collèges publics;75005 HENRI IV PROG 2023 MOD TRVX INFILTRATIONS SOUS SOL BAT SCIENCES;Affectation;ULYCDP;PLYC DEPENSES DIRECTES;;PLYC/DPM;100000.0;100000.0;75;UAI;1.0
2023;23750007900312;Région Île-de-France;CP2023-194;2023-06-01;;;;;ACCORDS CADRES TRAVAUX CMR COLLEGES;Revalorisation;ULYCDP;PLYC DEPENSES DIRECTES;;PLYC/DPM;150000.0;150000.0;non attribuable;;1.0
2023;23750007900312;Région Île-de-France;CP2023-193;2023-06-01;19750691800048;0750691U;RASPAIL - PARIS 14;Lycées et collèges publics;75014 RASPAIL AC MS SSI TRVX RECABLAGES ET REMPLACT PORTES DAS;Affectation;ULYCDP;PLYC DEPENSES DIRECTES;;PLYC/DPM;140000.0;140000.0;75;UAI;1.0
2023;23750007900312;Région Île-de-France;CP2023-193;2023-06-01;19922276100017;0922276Z;SANTOS DUMONT - ST-CLOUD;Lycées et collèges publics;92 ST CLOUD SANTOS DUMONT ETUDES POUR LA RENOVATION DES CUISINES PEDAGOGIQUES;Affectation;ULYCDP;PLYC DEPENSES DIRECTES;;PLYC/DPM;80000.0;80000.0;92;UAI;1.0
2023;23750007900312;Région Île-de-France;CP2023-193;2023-06-01;19931565600017;0931565W;FLORA TRISTAN - NOISY;Lycées et collèges publics;93 F TRISTAN NOISY AC BDC TRVX RECOUVREMENT SOLS AMIANTES;Affectation;ULYCDP;PLYC DEPENSES DIRECTES;;PLYC/DPM;141000.0;141000.0;93;UAI;1.0
2023;23750007900312;Région Île-de-France;CP2023-193;2023-06-01;19772225900011;0772225A;LINO VENTURA - OZOIR LA FERRIERE;Lycées et collèges publics;77 L VENTURA OZOIR AC BDC MOE TRVX CREATION BUREAU CPE SUR SALLE PROFS;Affectation;ULYCDP;PLYC DEPENSES DIRECTES;;PLYC/DPM;250000.0;250000.0;77;UAI;1.0
2023;23750007900312;Région Île-de-France;CP2023-193;2023-06-01;;;;;92 CHATENAY MALABRY EMMANUEL MOUNIER RT MPGP;Affectation;ULYCDP;PLYC DEPENSES DIRECTES;CONTRAT DE MANDAT;PLYC/DP;1615326.0;1615326.0;92;numero;1.0
2023;23750007900312;Région Île-de-France;CP2023-170;2023-06-01;;;;;RENOVATION INFRASTRUCTURES RESEAUX ET CSN CMR;Affectation;DSIDP;PTN DEPENSES DIRECTES;;PTN/MAAT;100000.0;100000.0;non attribuable;;1.0
2023;23750007900312;Région Île-de-France;CP2023-189;2023-06-01;;;;;77 VILLEPARISIS LYCEE NEUF;Affectation;ULYCDP;PLYC DEPENSES DIRECTES;CONVENTION MANDAT;PLYC/DP;7000000.0;7000000.0;77;numero;1.0
2023;23750007900312;Région Île-de-France;CP2023-193;2023-06-01;19920147600017;0920147K;PAUL LANGEVIN - SURESNES;Lycées et collèges publics;92 P LANGEVIN SURESNES AC BDC MISE EN PLACE PLAFOND ET LUMINAIRES LED;Affectation;ULYCDP;PLYC DEPENSES DIRECTES;;PLYC/DPM;100000.0;100000.0;92;UAI;1.0
2023;23750007900312;Région Île-de-France;CP2023-170;2023-06-01;;;;;EQUIPEMENTS AUDIOVISUELS LYCEES PUBLICS;Affectation;DSIDP;PTN DEPENSES DIRECTES;;PTN/MAAT;3000000.0;3000000.0;non attribuable;;1.0
2023;23750007900312;Région Île-de-France;CP2023-193;2023-06-01;;;;;REGION PLAN ESPACES SANITAIRES DANS LES EPLE FRANCILIENS;Revalorisation;ULYCDP;PLYC DEPENSES DIRECTES;MISE EN OEUVRE DU PLAN DES ESPACES SANITAIRES DANS LES EPLE FRANCILIENS;PLYC/DP;7998000.0;7998000.0;non attribuable;;1.0
2023;23750007900312;Région Île-de-France;CP2023-193;2023-06-01;19921676300011;0921676X;THEODORE MONOD - ANTONY;Lycées et collèges publics;92 T MONOD ANTONY AC BDC REFECT FAUX PLAFONDS ECLAIRAGE PEINTURE SALLE CL CIRCU;Affectation;ULYCDP;PLYC DEPENSES DIRECTES;;PLYC/DPM;200000.0;200000.0;92;UAI;1.0
2023;23750007900312;Région Île-de-France;CP2023-195;2023-06-01;19771027000012;0771027Y;FREDERIC JOLIOT CURIE - DAMMARIE LES LYS;Lycées et collèges publics;77 DAMMARIE LES LYS LYC J CURIE RT MPGP n°2100382 COMPLEMENT EXPLOITATION;Affectation;ULYCDP;PLYC DEPENSES DIRECTES;;PLYC/DPM;43341.0;43341.0;77;UAI;1.0
2023;23750007900312;Région Île-de-France;CP2023-193;2023-06-01;19770943900016;0770943G;BENJAMIN FRANKLIN - LA ROCHETTE;Lycées et collèges publics;77 B FRANKLIN LA ROCHETTE AC BDC ETUEDS TRVX REFECTION REFECTOIRE;Affectation;ULYCDP;PLYC DEPENSES DIRECTES;;PLYC/DPM;200000.0;200000.0;77;UAI;1.0
2023;23750007900312;Région Île-de-France;CP2023-193;2023-06-01;19922276100017;0922276Z;SANTOS DUMONT - ST-CLOUD;Lycées et collèges publics;92 SANTOS DUMONT ST CLOUD MS REMPLACT SSI;Affectation;ULYCDP;PLYC DEPENSES DIRECTES;;PLYC/DPM;300000.0;300000.0;92;UAI;1.0
2023;23750007900312;Région Île-de-France;CP2023-194;2023-06-01;19750654600013;0750654D;LYCEE HENRI IV - PARIS 05;Lycées et collèges publics;75005 HENRI IV BDC MS DEMOL BD ET CONSTRUCTION BD;Revalorisation;ULYCDP;PLYC DEPENSES DIRECTES;;PLYC/DPM;780000.0;780000.0;75;UAI;1.0
2023;23750007900312;Région Île-de-France;CP2023-194;2023-06-01;;;;;PLAN ESPACES SANITAIRES CMR FRANCILIENNES;Revalorisation;ULYCDP;PLYC DEPENSES DIRECTES;MISE EN OEUVRE PLAN DES ESPACES SANITAIRES DANS LES CITES MIXTES REGIONALES;PLYC/DPM;2861000.0;2861000.0;non attribuable;;1.0
2023;23750007900312;Région Île-de-France;CP2023-189;2023-06-01;;;;;77 MONTEVRAIN LYCEE NEUF;Affectation;ULYCDP;PLYC DEPENSES DIRECTES;;PLYC/DP;7000000.0;7000000.0;77;numero;1.0
2023;23750007900312;Région Île-de-France;CP2023-194;2023-06-01;19750711400019;0750711R;HENRI BERGSON - PARIS 19;Lycées et collèges publics;75019 H BERGSON PROG 2023 BC TRVX RENOV PLATEAU TECH BTS ELECTRO;Affectation;ULYCDP;PLYC DEPENSES DIRECTES;;PLYC/DPM;330000.0;330000.0;75;UAI;1.0
2023;23750007900312;Région Île-de-France;CP2023-170;2023-06-01;;;;;EQUIPEMENTS AUDIOVISUELS CMR;Affectation;DSIDP;PTN DEPENSES DIRECTES;;PTN/MAAT;100000.0;100000.0;non attribuable;;1.0
2023;23750007900312;Région Île-de-France;CP2023-193;2023-06-01;19750453300013;0754530S;MARTIN NADAUD - PARIS 20;Lycées et collèges publics;75020 M NADAUD TRVX REMPLACT SSI;Affectation;ULYCDP;PLYC DEPENSES DIRECTES;;PLYC/DPM;200000.0;200000.0;75;UAI;1.0
2023;23750007900312;Région Île-de-France;CP2023-193;2023-06-01;19931613400014;0931613Y;LOUISE MICHEL - BOBIGNY;Lycées et collèges publics;94 L MICHEL BOBIGNY MOD MAPA RAFRAICHISSEMENT SALLES CLASSE ET CIRCULATION 1ER ET 2EME ETAGE;Affectation;ULYCDP;PLYC DEPENSES DIRECTES;;PLYC/DPM;0.0;0.0;93;UAI;1.0
2023;23750007900312;Région Île-de-France;CP2023-193;2023-06-01;19752961300014;0752961L;GUSTAVE EIFFEL - PARIS 07;Lycées et collèges publics;75007 G EIFFEL MS TRVX REMPLACT SSI;Affectation;ULYCDP;PLYC DEPENSES DIRECTES;;PLYC/DPM;100000.0;100000.0;75;UAI;1.0
2023;23750007900312;Région Île-de-France;CP2023-194;2023-06-01;;;;;FONDS D'URGENCE 2023 CMR;Revalorisation;ULYCDP;PLYC DEPENSES DIRECTES;;PLYC/DPM;100000.0;100000.0;non attribuable;;1.0
2023;23750007900312;Région Île-de-France;CP2023-193;2023-06-01;19781983200019;0781983G;ADRIENNE BOLLAND - POISSY;Lycées et collèges publics;78 A BOLLAND POISSY ETUDES REMPLACT LUMINAIRES FAUX PLAFONDS SERRURES LAVERIE;Affectation;ULYCDP;PLYC DEPENSES DIRECTES;;PLYC/DPM;160000.0;160000.0;78;UAI;1.0
2023;23750007900312;Région Île-de-France;CP2023-193;2023-06-01;;;;;INVESTISSEMENT MAINTENANCE GR PROG2019/2020/2021 CPI;Revalorisation;ULYCDP;PLYC DEPENSES DIRECTES;;PLYC/DP;560000.0;560000.0;non attribuable;;1.0
2023;23750007900312;Région Île-de-France;CP2023-193;2023-06-01;19920171600016;0920171L;LOUIS BLERIOT - SURESNES;Lycées et collèges publics;92 L BLERIOT MS REMPLACEMENT SSI;Affectation;ULYCDP;PLYC DEPENSES DIRECTES;;PLYC/DPM;300000.0;300000.0;92;UAI;1.0
2023;23750007900312;Région Île-de-France;CP2023-193;2023-06-01;19940118300017;0940118T;LOUIS ARMAND - NOGENT S/MARNE;Lycées et collèges publics;94 L ARMAND NOGENT AC BDC AMENAGT POLES SIO E MELEC;Affectation;ULYCDP;PLYC DEPENSES DIRECTES;;PLYC/DPM;200000.0;200000.0;94;UAI;1.0
2023;23750007900312;Région Île-de-France;CP2023-189;2023-06-01;;;;;92 PUTEAUX LYC VOILIN RT;Affectation;ULYCDP;PLYC DEPENSES DIRECTES;CONVENTION MANDAT;PLYC/DP;10000000.0;10000000.0;92;numero;1.0
2023;23750007900312;Région Île-de-France;CP2023-193;2023-06-01;19951673300011;0951673C;GUSTAVE EIFFEL - ERMONT;Lycées et collèges publics;95 G EIFFEL ERMONT AC BDC BD 4 CLASSES;Affectation;ULYCDP;PLYC DEPENSES DIRECTES;;PLYC/DPM;1200000.0;1200000.0;95;UAI;1.0
2023;23750007900312;Région Île-de-France;CP2023-195;2023-06-01;19920135100012;0920135X;LYCEE GEN TECHNOLOGIQUE EMMANUEL MOUNIER;Lycées et collèges publics;92 CHATENAY MALABRY E MOUNIER RT MPGP n°2100380 COMPLEMENT EXPLOITATION;Affectation;ULYCDP;PLYC DEPENSES DIRECTES;;PLYC/DPM;384674.0;384674.0;92;UAI;1.0
2023;23750007900312;Région Île-de-France;CP2023-196;2023-06-01;19940141500013;0940141T;LYCEE JACQUES BREL - CHOISY;Lycées et collèges publics;94 CHOISY J BREL MS TRVX SECU ELECTRO VIDEO INT ET EXT;Revalorisation;ULYCDP;PLYC DEPENSES DIRECTES;;PLYC/DPM;7000.0;7000.0;94;UAI;1.0
2023;23750007900312;Région Île-de-France;CP2023-196;2023-06-01;;;;;MAC D'ASSISTANCE M.O. + ACCORD-CADRE SUR LES ETUDES RELATIVES A LA SURETE DES LYCEES FRANCILIENS;Affectation;ULYCDP;PLYC DEPENSES DIRECTES;;PLYC/DPM;500000.0;500000.0;non attribuable;;1.0
2023;23750007900312;Région Île-de-France;CP2023-193;2023-06-01;19941413700018;0941413A;LEON BLUM - CRETEIL;Lycées et collèges publics;94 L BLUM CRETEIL AC BDC DESAMIANTAGE CANALISATIONS VIDES SANITAIRES;Affectation;ULYCDP;PLYC DEPENSES DIRECTES;;PLYC/DPM;179000.0;179000.0;94;UAI;1.0
2023;23750007900312;Région Île-de-France;CP2023-193;2023-06-01;19781949300010;0781949V;DE VILLAROY - GUYANCOURT;Lycées et collèges publics;78 DE VILLAROY GUYANCOURT MS TRVX RENOV SSI;Affectation;ULYCDP;PLYC DEPENSES DIRECTES;;PLYC/DPM;120000.0;120000.0;78;UAI;1.0
2023;23750007900312;Région Île-de-France;CP2023-170;2023-06-01;;;;;RENOVATION INFRASTRUCTURES RESEAUX CENTRE SERVICE NUM;Affectation;DSIDP;PTN DEPENSES DIRECTES;;PTN/MAAT;1000000.0;1000000.0;non attribuable;;1.0
2023;23750007900312;Région Île-de-France;CP2023-170;2023-06-01;;;;;EQUIPEMENTS INDIVIDUELS DES LYCEENS;Affectation;DSIDP;PTN DEPENSES DIRECTES;;PTN/MAAT;8000000.0;8000000.0;non attribuable;;1.0
2023;23750007900312;Région Île-de-France;CP2023-189;2023-06-01;;;;;91 RIS ORANGIS LYC PIERRE MENDES FRANCE RENOVATION AVEC EXTENSION;Affectation;ULYCDP;PLYC DEPENSES DIRECTES;;PLYC/DP;865000.0;865000.0;91;numero;1.0
2023;23750007900312;Région Île-de-France;CP2023-189;2023-06-01;;;;;94 VINCENNES LYCEE NEUF;Revalorisation;ULYCDP;PLYC DEPENSES DIRECTES;PPI CP OCTOBRE 2018;PLYC/DP;1000000.0;1000000.0;94;numero;1.0
2023;23750007900312;Région Île-de-France;CP2023-193;2023-06-01;19920130200015;0920130S;RENE DESCARTES - ANTONY;Lycées et collèges publics;92 DESCARTES ANTONY ETUDES REMPLACT ASCENSEUR TOUR DES LOGTS;Affectation;ULYCDP;PLYC DEPENSES DIRECTES;;PLYC/DPM;32000.0;32000.0;92;UAI;1.0
2023;23750007900312;Région Île-de-France;CP2023-194;2023-06-01;19940124100021;0940124Z;HECTOR BERLIOZ - VINCENNES;Lycées et collèges publics;94 H BERLIOZ VINCENNES AC BDC RENOV CUISINE PARTIE COMMUNE;Affectation;ULYCDP;PLYC DEPENSES DIRECTES;;PLYC/DPM;180000.0;180000.0;94;UAI;1.0
2023;23750007900312;Région Île-de-France;CP2023-196;2023-06-01;;;;;AC BDC MS 2023 TRVX SECURITE;Revalorisation;ULYCDP;PLYC DEPENSES DIRECTES;;PLYC/DPM;2000000.0;2000000.0;non attribuable;;1.0
2023;23750007900312;Région Île-de-France;CP2023-189;2023-06-01;;;;;95 ARGENTEUIL LYC FERNAND ET NADIA LEGER DEMOLITION/RECONSTRUCTION DU BATIMENT PRINCIPAL;Affectation;ULYCDP;PLYC DEPENSES DIRECTES;CONTRAT DE MANDAT N°1400002MANUL03 SAERP;PLYC/DP;1420000.0;1420000.0;95;numero;1.0
2023;23750007900312;Région Île-de-France;CP2023-193;2023-06-01;19940114200013;0940114N;LYCEE ANTOINE DE SAINT-EXUPERY - CRETEIL;Lycées et collèges publics;94 CRETEIL ST EXUPERY AC BDC REMPLACT VENS VOLETS LOGEMENTS;Affectation;ULYCDP;PLYC DEPENSES DIRECTES;;PLYC/DPM;157000.0;157000.0;94;UAI;1.0
2023;23750007900312;Région Île-de-France;CP2023-189;2023-06-01;;;;;AFFECTATION DO MARCHES TX CMR;Revalorisation;ULYCDP;PLYC DEPENSES DIRECTES;;PLYC/DP;350000.0;350000.0;non attribuable;;1.0
2023;23750007900312;Région Île-de-France;CP2023-193;2023-06-01;;;;;GROS TRVX RENOV MODERNISATION CLOS COUVERT STRUCTURE (CCS);Revalorisation;ULYCDP;PLYC DEPENSES DIRECTES;;PLYC/DPM;3060000.0;3060000.0;non attribuable;;1.0
2023;23750007900312;Région Île-de-France;CP2023-193;2023-06-01;19750475600010;0754475G;LEONARD DE VINCI - PARIS 15;Lycées et collèges publics;75015 L DE VINCI REMPLACT SSI SITE PRINCIPAL;Affectation;ULYCDP;PLYC DEPENSES DIRECTES;;PLYC/DPM;180000.0;180000.0;75;UAI;1.0
2023;23750007900312;Région Île-de-France;CP2023-193;2023-06-01;19940137300014;0940137N;LA SOURCE - NOGENT;Lycées et collèges publics;94 LA SOURCE NOGENT AC BDC RENOV CUISINE;Affectation;ULYCDP;PLYC DEPENSES DIRECTES;;PLYC/DPM;180000.0;180000.0;94;UAI;1.0
2023;23750007900312;Région Île-de-France;CP2023-193;2023-06-01;19782565600014;0782565P;JULES FERRY - VERSAILLES;Lycées et collèges publics;78 J FERRY VERSAILLES ETUDES REMPLACEMENT FENETRE BAT 500 ET BAT LOGTS EN MH;Affectation;ULYCDP;PLYC DEPENSES DIRECTES;;PLYC/DPM;80000.0;80000.0;78;UAI;1.0
2023;23750007900312;Région Île-de-France;CP2023-193;2023-06-01;19920144300025;0920144G;L'AGORA - PUTEAUX;Lycées et collèges publics;92 L'AGORA PUTEAUX MS REFONTE INSTALL DESENFUMAGE ATLIERS;Affectation;ULYCDP;PLYC DEPENSES DIRECTES;;PLYC/DPM;120000.0;120000.0;92;UAI;1.0
2023;23750007900312;Région Île-de-France;CP2023-193;2023-06-01;;;;;AFFECT AP PROV 2023;Revalorisation;ULYCDP;PLYC DEPENSES DIRECTES;;PLYC/DPM;500000.0;500000.0;non attribuable;;1.0
2023;23750007900312;Région Île-de-France;CP2023-189;2023-06-01;;;;;AFFECTATION MAC DO TX;Revalorisation;ULYCDP;PLYC DEPENSES DIRECTES;;PLYC/DP;1000000.0;1000000.0;non attribuable;;1.0
2023;23750007900312;Région Île-de-France;CP2023-193;2023-06-01;19771763000010;0771763Y;CHARLES LE CHAUVE - ROISSY EN BRIE;Lycées et collèges publics;77 C LE CHAUVE ROISSY MOE RENOV PLONGE + TRI PARTICIPATIF;Affectation;ULYCDP;PLYC DEPENSES DIRECTES;;PLYC/DPM;30000.0;30000.0;77;UAI;1.0
2023;23750007900312;Région Île-de-France;CP2023-196;2023-06-01;19782539100018;0782539L;SAINT-EXUPERY - MANTES LA JOLIE;Lycées et collèges publics;78 MANTES L JOLIE ST EXU MS TRVX SECU REMISE EN ETAT SYST VIDEO (19 CAMERAS);Affectation;ULYCDP;PLYC DEPENSES DIRECTES;;PLYC/DPM;100000.0;100000.0;78;UAI;1.0
2023;23750007900312;Région Île-de-France;CP2023-193;2023-06-01;19782549000018;0782549X;LOUIS BASCAN - RAMBOUILLET;Lycées et collèges publics;78 L BASCAN RAMBOUILLET MS TRVX RENOV SSI;Affectation;ULYCDP;PLYC DEPENSES DIRECTES;;PLYC/DPM;700000.0;700000.0;78;UAI;1.0
2023;23750007900312;Région Île-de-France;CP2023-193;2023-06-01;;;;;77 DAMMARIE LES LYS LYC JOLIOT CURIE RT MPGP;Affectation;ULYCDP;PLYC DEPENSES DIRECTES;;PLYC/DP;1093873.0;1093873.0;77;numero;1.0
2023;23750007900312;Région Île-de-France;CP2023-193;2023-06-01;19750787400018;0750787Y;ARTS GRAPHIQUES (CORVISART) - PARIS 13;Lycées et collèges publics;75013 ARTS GRAPHIQUES MR2023 TRVX AC BDC RESTRUC6 ATELIERS;Affectation;ULYCDP;PLYC DEPENSES DIRECTES;;PLYC/DPM;450000.0;450000.0;75;UAI;1.0
2023;23750007900312;Région Île-de-France;CP2023-193;2023-06-01;;;;;95 ARGENTEUIL JEAN JAURES CREA D UN INTERNAT;Affectation;ULYCDP;PLYC DEPENSES DIRECTES;CREATION D UN INTERNAT;PLYC/DPM;2500000.0;2500000.0;95;numero;1.0
2023;23750007900312;Région Île-de-France;CP2023-194;2023-06-01;19750684300014;0750684L;GABRIEL FAURE - PARIS 13;Lycées et collèges publics;75013 G FAURE MR 2023 AC BDC TRVX RECLOISONNEMENT 4 SALLES;Affectation;ULYCDP;PLYC DEPENSES DIRECTES;;PLYC/DPM;200000.0;200000.0;75;UAI;1.0
2023;23750007900312;Région Île-de-France;CP2023-193;2023-06-01;19770943900016;0770943G;BENJAMIN FRANKLIN - LA ROCHETTE;Lycées et collèges publics;77 B FRANKLIN LA ROCHETTE MAPA MOE SSI PARTIE DESENFUMAGE;Affectation;ULYCDP;PLYC DEPENSES DIRECTES;;PLYC/DPM;50000.0;50000.0;77;UAI;1.0
2023;23750007900312;Région Île-de-France;CP2023-193;2023-06-01;19910620400019;0910620E;ROBERT DOISNEAU - CORBEIL ESSONNE;Lycées et collèges publics;91 R DOISNEAU CORBEIL AC BDC REPRISE BARDAGE BOIS;Affectation;ULYCDP;PLYC DEPENSES DIRECTES;;PLYC/DPM;200000.0;200000.0;91;UAI;1.0
2023;23750007900312;Région Île-de-France;CP2023-194;2023-06-01;19750654600013;0750654D;LYCEE HENRI IV - PARIS 05;Lycées et collèges publics;75005 HENRI IV PROG2020 MOD TRVX REAMENAGT LOGE ET HALL PARTIE COMMUNE;Affectation;ULYCDP;PLYC DEPENSES DIRECTES;;PLYC/DPM;160000.0;160000.0;75;UAI;1.0
2023;23750007900312;Région Île-de-France;CP2023-194;2023-06-01;19752538900015;0752538B;COLLEGE RODIN PARIS 13;Lycées et collèges publics;75013 RODIN TRAVAUX DE MODERNISATION DE L ASCENSEUR ESC A;Affectation;ULYCDP;PLYC DEPENSES DIRECTES;;PLYC/DPM;60000.0;60000.0;75;UAI;1.0
2023;23750007900312;Région Île-de-France;CP2023-195;2023-06-01;;;;;AE PROV 2023 - CHAP 932 FONCTIONNEMENT PLYC;Revalorisation;ULYCDP;PLYC DEPENSES DIRECTES;;PLYC/DP;21000.0;21000.0;non attribuable;;1.0
2023;23750007900312;Région Île-de-France;CP2023-193;2023-06-01;19750475600010;0754475G;LEONARD DE VINCI - PARIS 15;Lycées et collèges publics;75015 L DE VINCI MS REMPLACT SSI SITE ANNEXE;Affectation;ULYCDP;PLYC DEPENSES DIRECTES;;PLYC/DPM;110000.0;110000.0;75;UAI;1.0
2023;23750007900312;Région Île-de-France;CP2023-194;2023-06-01;19750654600013;0750654D;LYCEE HENRI IV - PARIS 05;Lycées et collèges publics;75005 HENRI IV PROG 2020 MOD TRVX REAMENAGT SALLE PROF SANITAIRES PARTIE LYC;Affectation;ULYCDP;PLYC DEPENSES DIRECTES;;PLYC/DPM;260000.0;260000.0;75;UAI;1.0
2023;23750007900312;Région Île-de-France;CP2023-170;2023-06-01;;;;;PRESTA HEBERGEMENT ET EXPLOITATION DE TERRAIN EN LYCEE;Affectation;DSIDP;PTN DEPENSES DIRECTES;;PTN/MAAT;1000000.0;1000000.0;non attribuable;;1.0
2023;23750007900312;Région Île-de-France;CP2023-193;2023-06-01;19940140700010;0940140S;GOURDOU-LESEURRE - ST MAUR DES FOSSES;Lycées et collèges publics;94 G LESEURRE ST MAUR RENOV CUISINE;Affectation;ULYCDP;PLYC DEPENSES DIRECTES;;PLYC/DPM;180000.0;180000.0;94;UAI;1.0
2023;23750007900312;Région Île-de-France;CP2023-193;2023-06-01;19771663200017;0771663P;GEORGE SAND - LE MEE;Lycées et collèges publics;77 G SAND LE MEE AC BDC RENOV SANITAIRES VESTIAIRES FILLES;Affectation;ULYCDP;PLYC DEPENSES DIRECTES;;PLYC/DPM;100000.0;100000.0;77;UAI;1.0
2023;23750007900312;Région Île-de-France;CP2023-170;2023-06-01;;;;;ACCOMPAGNEMENT STRATEGIE NUMERIQUE CMR;Affectation;DSIDP;PTN DEPENSES DIRECTES;;PTN/MAAT;50000.0;50000.0;non attribuable;;1.0
2023;23750007900312;Région Île-de-France;CP2023-193;2023-06-01;19782593800016;0782593V;LYCEE PROFESSIONNEL JEAN PERRIN;Lycées et collèges publics;78 J PERRIN ST CYR AC BDC REMPLACT RESILLE BOIS TOITURE;Affectation;ULYCDP;PLYC DEPENSES DIRECTES;;PLYC/DPM;400000.0;400000.0;78;UAI;1.0
2023;23750007900312;Région Île-de-France;CP2023-193;2023-06-01;;;;;ACCORDS CADRES 2023 TRAVAUX;Revalorisation;ULYCDP;PLYC DEPENSES DIRECTES;;PLYC/DPM;15000000.0;15000000.0;non attribuable;;1.0
2023;23750007900312;Région Île-de-France;CP2023-170;2023-06-01;;;;;ACHAT EQUIPEMENTS NUMERIQUES LYCEES PUBLICS;Affectation;DSIDP;PTN DEPENSES DIRECTES;;PTN/MAAT;6000000.0;6000000.0;non attribuable;;1.0
2023;23750007900312;Région Île-de-France;CP2023-189;2023-06-01;;;;;95 BEZONS LYC EUGENE RONCERAY RENOVATION GLOBALE;Revalorisation;ULYCDP;PLYC DEPENSES DIRECTES;"CONTRAT DE MANDAT N°1400002MANUL01-2  SAERP
RESTRUCTURATION GLOBALE DU LYCEE";PLYC/DP;450000.0;450000.0;95;numero;1.0
2023;23750007900312;Région Île-de-France;CP2023-128;2023-03-29;19772230900014;0772230F;LYCEE BLAISE PASCAL - BRIE COMTE ROBERT;Lycées et collèges publics;77 BRIE COMTE ROBERT B PASCAL AC SECU ELECTRO SITE VIDEO EXT ET INT;Affectation;ULYCDP;PLYC DEPENSES DIRECTES;;PLYC/DPM;150000.0;150000.0;77;UAI;1.0
2023;23750007900312;Région Île-de-France;CP2023-132;2023-03-29;;;;;ACHAT EQUIPEMENTS INFORMATIQUES ET RESEAUX CMR;Affectation;DSIDP;PTN DEPENSES DIRECTES;;PTN/MAAT;200000.0;200000.0;non attribuable;;1.0
2023;23750007900312;Région Île-de-France;CP2023-156;2023-03-29;19752700500015;0752700C;ARMAND CARREL - PARIS 19;Lycées et collèges publics;75019 A CARREL AC BDC MOE SECU MECA ET ELECTRO SUITE FERMETURE;Affectation;ULYCDP;PLYC DEPENSES DIRECTES;;PLYC/DPM;30000.0;30000.0;75;UAI;1.0
2023;23750007900312;Région Île-de-France;CP2023-125;2023-03-29;19911962900012;0911962N;MARIE LAURENCIN - MENNECY;Lycées et collèges publics;91 MENNECY M LAURENCIN AC CREATION ILOT FRAICHEUR COUR;Affectation;ULYCDP;PLYC DEPENSES DIRECTES;;PLYC/DPM;190000.0;190000.0;91;UAI;1.0
2023;23750007900312;Région Île-de-France;CP2023-103;2023-03-29;;;;;92 SEVRES JP VERNANT RENOVATION GLOBALE;Affectation;ULYCDP;PLYC DEPENSES DIRECTES;CONVENTION MANDAT;PLYC/DP;8000000.0;8000000.0;92;numero;1.0
2023;23750007900312;Région Île-de-France;CP2023-125;2023-03-29;19930833900019;0930833A;JEAN ZAY - AULNAY SS BOIS;Lycées et collèges publics;93 AULNAY J ZAY AC REMPLACT CHASSIS FENETRES BAT C;Affectation;ULYCDP;PLYC DEPENSES DIRECTES;;PLYC/DPM;200000.0;200000.0;93;UAI;1.0
2023;23750007900312;Région Île-de-France;CP2023-103;2023-03-29;;;;;94 CACHAN LYCEE LEONARD DE VINCI;Revalorisation;ULYCDP;PLYC DEPENSES DIRECTES;PPI CP OCTOBRE 2018;PLYC/DP;300000.0;300000.0;94;numero;1.0
2023;23750007900312;Région Île-de-France;CP2023-111;2023-03-29;;;;;MAC MOBILIER SCOLAIRE CMR;Affectation;ULYCDP;PLYC DEPENSES DIRECTES;;PLYC;40000.0;40000.0;non attribuable;;1.0
2023;23750007900312;Région Île-de-France;CP2023-125;2023-03-29;19770933000017;0770933W;LYCEE JACQUES AMYOT - MELUN;Lycées et collèges publics;77 MELUN J AMYOT TX POUR LA REFECTION DES VESTIAIRES DU GYMNASE;Affectation;ULYCDP;PLYC DEPENSES DIRECTES;TRAVAUX POUR LA REFECTION DES VESTIAIRES DU GYMNASE;PLYC/DPM;35000.0;35000.0;77;UAI;1.0
2023;23750007900312;Région Île-de-France;CP2023-125;2023-03-29;19932126600017;0932126F;LYCEE POLYVALENT FRANCOIS RABELAIS;Lycées et collèges publics;93 DUGNY F RABELAIS AC REFONTE BUREAUX ADM;Affectation;ULYCDP;PLYC DEPENSES DIRECTES;;PLYC/DPM;132000.0;132000.0;93;UAI;1.0
2023;23750007900312;Région Île-de-France;CP2023-156;2023-03-29;19754684900013;0754684J;GEORGES BRASSENS - PARIS 19;Lycées et collèges publics;75019 G BRASSENS MS TRVX SECU MECA ET ELECTRO SUITE FERMETURE;Affectation;ULYCDP;PLYC DEPENSES DIRECTES;;PLYC/DPM;150000.0;150000.0;75;UAI;1.0
2023;23750007900312;Région Île-de-France;CP2023-156;2023-03-29;19750697500022;0750697A;BATIMENT (DU) - DIT ST LAMBERT - PARIS 19;Lycées et collèges publics;75019 DU BATIMENT AC BDC TRVX SECU SITE D'ACCUEIL LYC PARISIEN;Affectation;ULYCDP;PLYC DEPENSES DIRECTES;;PLYC/DPM;60000.0;60000.0;75;UAI;1.0
2023;23750007900312;Région Île-de-France;CP2023-103;2023-03-29;;;;;AFFECTATION DO MARCHES TX CMR;Affectation;ULYCDP;PLYC DEPENSES DIRECTES;;PLYC/DP;150000.0;150000.0;non attribuable;;1.0
2023;23750007900312;Région Île-de-France;CP2023-156;2023-03-29;19750793200014;0750793E;BEAUGRENELLE - PARIS 15;Lycées et collèges publics;75015 BEAUGRENELLE ETUDES ET TRVX AMENAGT SITE D'ACCUEIL;Affectation;ULYCDP;PLYC DEPENSES DIRECTES;;PLYC/DPM;440000.0;440000.0;75;UAI;1.0
2023;23750007900312;Région Île-de-France;CP2023-156;2023-03-29;19750677700014;0750677D;ELISA LEMONNIER - PARIS 12;Lycées et collèges publics;75012 E LEMONNIER MS SECURISATION DU SITE;Affectation;ULYCDP;PLYC DEPENSES DIRECTES;75012 E LEMONNIER 2022 MS SECURISATION DU SITE;PLYC/DPM;130000.0;130000.0;75;UAI;1.0
2023;23750007900312;Région Île-de-France;CP2023-156;2023-03-29;19750508400024;0750508V;CHARLES DE GAULLE - PARIS 20;Lycées et collèges publics;75020 C DE GAULLE MS TRVX SECU MECA ET ELECTRO SUITE FERMETURE;Affectation;ULYCDP;PLYC DEPENSES DIRECTES;;PLYC/DPM;150000.0;150000.0;75;UAI;1.0
2023;23750007900312;Région Île-de-France;CP2023-125;2023-03-29;19772437000014;0770942F;THIBAUT DE CHAMPAGNE - PROVINS;Lycées et collèges publics;77 PROVINS T DE CHAMPAGNE AC REFEC COUR;Affectation;ULYCDP;PLYC DEPENSES DIRECTES;;PLYC/DPM;400000.0;400000.0;77;UAI;1.0
2023;23750007900312;Région Île-de-France;CP2023-156;2023-03-29;19750677700014;0750677D;ELISA LEMONNIER - PARIS 12;Lycées et collèges publics;75012 E LEMONNIER ETUDES ET TRVX AMENAGT SUITE TRANSFERT LYC VALADON;Affectation;ULYCDP;PLYC DEPENSES DIRECTES;;PLYC/DPM;665000.0;665000.0;75;UAI;1.0
2023;23750007900312;Région Île-de-France;CP2023-156;2023-03-29;19752961300014;0752961L;GUSTAVE EIFFEL - PARIS 07;Lycées et collèges publics;75007 G EIFFEL AC BDC DEMOL PAILLASSES ADAP SALLE EN SALLE BANALE;Affectation;ULYCDP;PLYC DEPENSES DIRECTES;;PLYC/DPM;200000.0;200000.0;75;UAI;1.0
2023;23750007900312;Région Île-de-France;CP2023-128;2023-03-29;19781819800016;0781819D;LYCEE POLYVALENT EMILIE DE BRETEUIL;Lycées et collèges publics;78 MONTIGNY LE BRETONNEUX E DE BRETEUIL TX SECU;Affectation;ULYCDP;PLYC DEPENSES DIRECTES;;PLYC/DPM;400000.0;400000.0;78;UAI;1.0
2023;23750007900312;Région Île-de-France;CP2023-132;2023-03-29;;;;;PRESTA DES MODULES DE SERVICE DU MARCHE SIER CMR;Affectation;DSIDP;PTN DEPENSES DIRECTES;;PTN/MAAT;30000.0;30000.0;non attribuable;;1.0
2023;23750007900312;Région Île-de-France;CP2023-125;2023-03-29;;;;;P2P3PFI 2023;Revalorisation;ULYCDP;PLYC DEPENSES DIRECTES;;PLYC/DPM;5000000.0;5000000.0;non attribuable;;1.0
2023;23750007900312;Région Île-de-France;CP2023-126;2023-03-29;;;;;MCH CHAUFFAGE INV CMR P2P3PFI 2023-2033;Affectation;ULYCDP;PLYC DEPENSES DIRECTES;;PLYC/DPM;5619000.0;5619000.0;non attribuable;;1.0
2023;23750007900312;Région Île-de-France;CP2023-128;2023-03-29;19911492700015;0911492C;LYCEE DE L'ESSOURIAU - LES ULIS;Lycées et collèges publics;91 L'ESSOURIAU LES ULIS AC MS TRVX SECU METALLERIE;Affectation;ULYCDP;PLYC DEPENSES DIRECTES;;PLYC/DPM;450000.0;450000.0;91;UAI;1.0
2023;23750007900312;Région Île-de-France;CP2023-156;2023-03-29;19750453300013;0754530S;MARTIN NADAUD - PARIS 20;Lycées et collèges publics;75020 M NADAUD ETUDES ET TRVX OPE TRANSFERT LYC C DE GAULLE;Affectation;ULYCDP;PLYC DEPENSES DIRECTES;;PLYC/DPM;440000.0;440000.0;75;UAI;1.0
2023;23750007900312;Région Île-de-France;CP2023-103;2023-03-29;;;;;77 AVON LYCEE URUGUAY FRANCE RENOVATION GLOBALE;Affectation;ULYCDP;PLYC DEPENSES DIRECTES;"CONVENTION DE MANDAT 1300102MANUL04-2 SAERP
RENOVATION GLOBALE";PLYC/DP;1292945.0;1292945.0;77;numero;1.0
2023;23750007900312;Région Île-de-France;CP2023-103;2023-03-29;;;;;95 BEZONS LYC EUGENE RONCERAY RENOVATION GLOBALE;Revalorisation;ULYCDP;PLYC DEPENSES DIRECTES;"CONTRAT DE MANDAT N°1400002MANUL01-2  SAERP
RESTRUCTURATION GLOBALE DU LYCEE";PLYC/DP;2500000.0;2500000.0;95;numero;1.0
2023;23750007900312;Région Île-de-France;CP2023-156;2023-03-29;19750676900011;0750676C;CAROLINE-DORIAN - PARIS 11;Lycées et collèges publics;75011 DORIAN ETUDES ET TRVX AMENAGT SITE D'ACCUEIL;Affectation;ULYCDP;PLYC DEPENSES DIRECTES;;PLYC/DPM;530000.0;530000.0;75;UAI;1.0
2023;23750007900312;Région Île-de-France;CP2023-125;2023-03-29;;;;;FONDS D'URGENCE 2023 EPLE;Revalorisation;ULYCDP;PLYC DEPENSES DIRECTES;;PLYC/DPM;300000.0;300000.0;non attribuable;;1.0
2023;23750007900312;Région Île-de-France;CP2023-126;2023-03-29;19930118500013;0930118Y;JEAN RENOIR - BONDY;Lycées et collèges publics;93 BONDY J RENOIR PROG2022 TRVX RENOV 2 SALLES SCIENCES BAT D PARTIE COLLEGE;Affectation;ULYCDP;PLYC DEPENSES DIRECTES;;PLYC/DPM;200000.0;200000.0;93;UAI;1.0
2023;23750007900312;Région Île-de-France;CP2023-111;2023-03-29;;;;;MAC MOBILIER SCOLAIRE EPLE;Affectation;ULYCDP;PLYC DEPENSES DIRECTES;;PLYC;243000.0;243000.0;non attribuable;;1.0
2023;23750007900312;Région Île-de-France;CP2023-125;2023-03-29;;;;;MCH CHAUFFAGE INV EPLE P2P3PFI 2023-2033;Affectation;ULYCDP;PLYC DEPENSES DIRECTES;;PLYC/DPM;69312000.0;69312000.0;non attribuable;;1.0
2023;23750007900312;Région Île-de-France;CP2023-156;2023-03-29;19750697500022;0750697A;BATIMENT (DU) - DIT ST LAMBERT - PARIS 19;Lycées et collèges publics;75019 DU BATIMENT AC BDC MOE SECU SITE D'ACCUEIL LYC PARISIEN;Affectation;ULYCDP;PLYC DEPENSES DIRECTES;;PLYC/DPM;19000.0;19000.0;75;UAI;1.0
2023;23750007900312;Région Île-de-France;CP2023-156;2023-03-29;;;;;DGFL FERMETURE LYCEES PARISIENS 2023;Affectation;ULYCDP;PLYC DEPENSES DIRECTES;;PLYC/DP;52000.0;52000.0;non attribuable;;1.0
2023;23750007900312;Région Île-de-France;CP2023-126;2023-03-29;19920146800014;0920146J;MARIE CURIE - SCEAUX;Lycées et collèges publics;92 SCEAUX M CURIE TRVX RENOV TERRASSES;Affectation;ULYCDP;PLYC DEPENSES DIRECTES;;PLYC/DPM;380000.0;380000.0;92;UAI;1.0
2023;23750007900312;Région Île-de-France;CP2023-103;2023-03-29;;;;;AFFECTATION MAC DO TX;Affectation;ULYCDP;PLYC DEPENSES DIRECTES;;PLYC/DP;500000.0;500000.0;non attribuable;;1.0
2023;23750007900312;Région Île-de-France;CP2023-127;2023-03-29;;;;;EXPLOITATION OPE DE CONCEPTION REALISATION LIEE A LA RENOV THERMIQUE LYC LEONARD DE VINCI A TREMBLAY EN FRANCE 93;Affectation;ULYCDP;PLYC DEPENSES DIRECTES;SAERP CONTRAT DE MANDAT CREM;PLYC/DP;152000.0;152000.0;93;numero interne;1.0
2023;23750007900312;Région Île-de-France;CP2023-156;2023-03-29;19750776700014;0750776L;MARIE LAURENCIN - PARIS 10;Lycées et collèges publics;75010 M LAURENCIN AC BDC ETUDE TRVX ACCUEIL 108 ELEVES DU LYC VALADON;Affectation;ULYCDP;PLYC DEPENSES DIRECTES;;PLYC/DPM;2240000.0;2240000.0;75;UAI;1.0
2023;23750007900312;Région Île-de-France;CP2023-103;2023-03-29;19772120200012;0772120L;JEAN MOULIN - TORCY;Lycées et collèges publics;77 TORCY MOULIN RG RESTRUCTURATION GLOBALE;Affectation;ULYCDP;PLYC DEPENSES DIRECTES;;PLYC/DP;7900000.0;7900000.0;77;UAI;1.0
2023;23750007900312;Région Île-de-France;CP2023-125;2023-03-29;19770926400018;0770926N;FRANCOIS COUPERIN - FONTAINEBLEAU;Lycées et collèges publics;77 FONTAINEBLEAU F COUPERIN MS RENOV SSI;Affectation;ULYCDP;PLYC DEPENSES DIRECTES;;PLYC/DPM;250000.0;250000.0;77;UAI;1.0
2023;23750007900312;Région Île-de-France;CP2023-125;2023-03-29;;;;;ACCORDS CADRES ETUDES EPLE;Affectation;ULYCDP;PLYC DEPENSES DIRECTES;ACCORDS CADRES ETUDES EPLE;PLYC/DP;2000000.0;2000000.0;non attribuable;;1.0
2023;23750007900312;Région Île-de-France;CP2023-133;2023-03-29;;;;;FRAIS NOTAIRES;Affectation;ULYCDP;PLYC DEPENSES DIRECTES;FRAIS NOTARIES;PLYC/DP;250000.0;250000.0;non attribuable;;1.0
2023;23750007900312;Région Île-de-France;CP2023-132;2023-03-29;;;;;PRESTA DES MODULES DU MARCHE SIER LYCEES PUBLICS;Affectation;DSIDP;PTN DEPENSES DIRECTES;;PTN/MAAT;320000.0;320000.0;non attribuable;;1.0
2023;23750007900312;Région Île-de-France;CP2023-103;2023-03-29;;;;;95 CORMEILLE EN PARISIS LYC NEUF PPI CONSTRUCTION;Affectation;ULYCDP;PLYC DEPENSES DIRECTES;"CONV 1700661
SAERP";PLYC/DP;724000.0;724000.0;95;numero;1.0
2023;23750007900312;Région Île-de-France;CP2023-128;2023-03-29;19920134400017;0920134W;JACQUES PREVERT - BOULOGNE;Lycées et collèges publics;92 BOULOGNE BILLANCOURT J PREVERT MS REMPLACEMENT ALARME ANTI INTRUSION;Affectation;ULYCDP;PLYC DEPENSES DIRECTES;;PLYC/DPM;50000.0;50000.0;92;UAI;1.0
2023;23750007900312;Région Île-de-France;CP2023-156;2023-03-29;19750776700014;0750776L;MARIE LAURENCIN - PARIS 10;Lycées et collèges publics;75010 M LAURENCIN MS TRVX SECU ELECTRO ET MECANIQUE SITE D'ACCUEIL LYC PARISIENS;Affectation;ULYCDP;PLYC DEPENSES DIRECTES;;PLYC/DPM;140000.0;140000.0;75;UAI;1.0
2023;23750007900312;Région Île-de-France;CP2023-156;2023-03-29;19752845800015;0752845K;THEOPHILE GAUTIER - PARIS 04;Lycées et collèges publics;75012 T GAUTIER MS TRVX SECU MECA ET ELECTRO SUITE FERMETURE;Affectation;ULYCDP;PLYC DEPENSES DIRECTES;;PLYC/DPM;150000.0;150000.0;75;UAI;1.0
2023;23750007900312;Région Île-de-France;CP2023-111;2023-03-29;;;;;MAC VEHICULE UTILITAIRE CMR;Affectation;ULYCDP;PLYC DEPENSES DIRECTES;;PLYC;40000.0;40000.0;non attribuable;;1.0
2023;23750007900312;Région Île-de-France;CP2023-128;2023-03-29;19750694200014;0750694X;CAMILLE SEE - PARIS 15;Lycées et collèges publics;75015 CAMILLE SEE MS TRVX SECU BAT PRINCIPAL ET ANNEXE PROG 2022;Affectation;ULYCDP;PLYC DEPENSES DIRECTES;"PROG 2022 PARTIE 2/2 - MS : TRAVAUX DE
SÉCURISATION DU BÂTIMENT PRINCIPAL ET DE
L'ANNEXE.
SÉCURISATION DE LA LOGE AVEC CRÉATION D¿UN
SAS-REPRISE DES CLÔTURES ET DES PORTAILS DU
BÂTIMENT ANNEXE";PLYC/DPM;200000.0;200000.0;75;UAI;1.0
2023;23750007900312;Région Île-de-France;CP2023-156;2023-03-29;19750778300011;0750778N;TURQUETIL - PARIS 11;Lycées et collèges publics;75011 TURQUETIL ETUDES ET TRVX AMENAGT SITE ACCUEIL;Affectation;ULYCDP;PLYC DEPENSES DIRECTES;;PLYC/DPM;590000.0;590000.0;75;UAI;1.0
2023;23750007900312;Région Île-de-France;CP2023-156;2023-03-29;19750463200013;0750463W;LUCAS DE NEHOU - PARIS 05;Lycées et collèges publics;75005 LUCAS DE NEHOU AC BDC MOE SECU MECA ET ELECTRO SUITE FERMETURE;Affectation;ULYCDP;PLYC DEPENSES DIRECTES;;PLYC/DPM;30000.0;30000.0;75;UAI;1.0
2023;23750007900312;Région Île-de-France;CP2023-103;2023-03-29;;;;;AFFECTATION DO ETUDES GENERALES CMR;Affectation;ULYCDP;PLYC DEPENSES DIRECTES;;PLYC/DP;1500000.0;1500000.0;non attribuable;;1.0
2023;23750007900312;Région Île-de-France;CP2023-125;2023-03-29;;;;;77 MEAUX MOISSAN TRVX AMELIOR ENERGETIQ;Affectation;ULYCDP;PLYC DEPENSES DIRECTES;;PLYC/DP;300000.0;300000.0;77;numero;1.0
2023;23750007900312;Région Île-de-France;CP2023-126;2023-03-29;19920146800014;0920146J;MARIE CURIE - SCEAUX;Lycées et collèges publics;92 SCEAUX M CURIE TRVX MISE EN CONFORMITE INSTALLDESENFUMAGE CDI REPORT ALARME GYMNASE;Affectation;ULYCDP;PLYC DEPENSES DIRECTES;;PLYC/DPM;150000.0;150000.0;92;UAI;1.0
2023;23750007900312;Région Île-de-France;CP2023-103;2023-03-29;;;;;92 BOIS COLOMBES LYC ALBERT CAMUS RESTRUCTURATION GLOBALE;Affectation;ULYCDP;PLYC DEPENSES DIRECTES;"CONTRAT DE MANDAT N°1400002MANUL02-3 SAERP
RESTRUCTURATION GLOBALE";PLYC/DP;588900.0;588900.0;92;numero;1.0
2023;23750007900312;Région Île-de-France;CP2023-156;2023-03-29;19754684900013;0754684J;GEORGES BRASSENS - PARIS 19;Lycées et collèges publics;75019 G BRASSENS AC BDC MOE SECU MECA ET ELECTRO SUITE FERMETURE;Affectation;ULYCDP;PLYC DEPENSES DIRECTES;;PLYC/DPM;30000.0;30000.0;75;UAI;1.0
2023;23750007900312;Région Île-de-France;CP2023-125;2023-03-29;19941301400010;0941301D;FREDERIC MISTRAL - FRESNES;Lycées et collèges publics;94 FRESNES F MISTRAL AC SOLS SALLE RESTAU PEINTURE RESERVES SANITAIRES;Affectation;ULYCDP;PLYC DEPENSES DIRECTES;;PLYC/DPM;250000.0;250000.0;94;UAI;1.0
2023;23750007900312;Région Île-de-France;CP2023-128;2023-03-29;19780422200028;0780422K;LYCEE GENERAL ET TECHNOLOGIQUE F VILLON;Lycées et collèges publics;78 LES MUREAUX F VILLON TRVX REMPLACEMENT CLOTURE;Affectation;ULYCDP;PLYC DEPENSES DIRECTES;TRAVAUX REMPLACEMENT CLOTURE LE LONG DU RU D'ORGEVAL LINEAIRE 270M GRILLAGE AVEC POTEAUX EN BOIS TRAITE AVEC CREATION PORTILLON POUR ACCES AUX BERGES RECTO VERSAUX;PLYC/DPM;250000.0;250000.0;78;UAI;1.0
2023;23750007900312;Région Île-de-France;CP2023-132;2023-03-29;;;;;EQUIPEMENT AUDIOVISUELS LYCEES PUBLICS;Affectation;DSIDP;PTN DEPENSES DIRECTES;;PTN/MAAT;1000000.0;1000000.0;non attribuable;;1.0
2023;23750007900312;Région Île-de-France;CP2023-125;2023-03-29;19770920700017;0770920G;LA FAYETTE - CHAMPAGNE S-SEINE;Lycées et collèges publics;77 CHAMPAGNE S/ SEINE LA FAYETTE MR 2023 AC CREATION ATEL COIFFURE;Affectation;ULYCDP;PLYC DEPENSES DIRECTES;;PLYC/DPM;500000.0;500000.0;77;UAI;1.0
2023;23750007900312;Région Île-de-France;CP2023-126;2023-03-29;19930121900010;0930121B;JEAN JAURES - MONTREUIL;Lycées et collèges publics;93 MONTREUIL J JAURES PROV2023 MS TRVX REMPLACT SSI PARTIE COMMUNE;Affectation;ULYCDP;PLYC DEPENSES DIRECTES;;PLYC/DPM;400000.0;400000.0;93;UAI;1.0
2023;23750007900312;Région Île-de-France;CP2023-125;2023-03-29;;;;;ACCORDS CADRES 2023 TRAVAUX;Revalorisation;ULYCDP;PLYC DEPENSES DIRECTES;;PLYC/DPM;30000000.0;30000000.0;non attribuable;;1.0
2023;23750007900312;Région Île-de-France;CP2023-127;2023-03-29;;;;;99 MAINTENANCE ET FOURNITURE DE GAZ DANS LYCEES FRANCILIENS;Revalorisation;ULYCDP;PLYC DEPENSES DIRECTES;;PLYC/DPM;13400000.0;13400000.0;regional;numero 99;1.0
2023;23750007900312;Région Île-de-France;CP2023-156;2023-03-29;19750650400012;0750650Z;ALEMBERT (D') - PARIS 19;Lycées et collèges publics;75019 DU BATIMENT ETUDES ET TRVX OPE TRANSFERT LYC PARISIEN;Affectation;ULYCDP;PLYC DEPENSES DIRECTES;;PLYC/DPM;940000.0;940000.0;75;UAI;1.0
2023;23750007900312;Région Île-de-France;CP2023-156;2023-03-29;19752961300014;0752961L;GUSTAVE EIFFEL - PARIS 07;Lycées et collèges publics;75007 G EIFFEL ETUDE ET TRVX AMENAGT SITE ACCUEIL LYC PARISIEN;Affectation;ULYCDP;PLYC DEPENSES DIRECTES;;PLYC/DPM;440000.0;440000.0;75;UAI;1.0
2023;23750007900312;Région Île-de-France;CP2023-125;2023-03-29;19911021400012;0911021R;TALMA - BRUNOY;Lycées et collèges publics;91 BRUNOY TALMA AC REMISE ETAT SALLES ET CIRCULATION RDC;Affectation;ULYCDP;PLYC DEPENSES DIRECTES;;PLYC/DPM;105000.0;105000.0;91;UAI;1.0
2023;23750007900312;Région Île-de-France;CP2023-156;2023-03-29;19751708900011;0751708Z;LYCEE DES SCIENCES ET DU NUMERIQUE LOUIS ARMAND;Lycées et collèges publics;75015 SCIENCES ET NUMERIQUE L ARMAND AC BDC MOE SECU ETABLISSEMENT SITE D'ACCUEIL;Affectation;ULYCDP;PLYC DEPENSES DIRECTES;;PLYC/DPM;27360.0;27360.0;75;UAI;1.0
2023;23750007900312;Région Île-de-France;CP2023-103;2023-03-29;;;;;93 ROMAINVILLE LYCEE NEUF;Affectation;ULYCDP;PLYC DEPENSES DIRECTES;CONVENTION MANDAT;PLYC/DP;6000000.0;6000000.0;93;numero;1.0
2023;23750007900312;Région Île-de-France;CP2023-125;2023-03-29;19941301400010;0941301D;FREDERIC MISTRAL - FRESNES;Lycées et collèges publics;94 FRESNES F MISTRAL AC RENOV 2 REFECTOIRES SANITAIRES CUISINE RESERVE 1/2 PENSION;Affectation;ULYCDP;PLYC DEPENSES DIRECTES;;PLYC/DPM;250000.0;250000.0;94;UAI;1.0
2023;23750007900312;Région Île-de-France;CP2023-126;2023-03-29;;;;;FONDS D'URGENCE 2023 CMR;Revalorisation;ULYCDP;PLYC DEPENSES DIRECTES;;PLYC/DPM;100000.0;100000.0;non attribuable;;1.0
2023;23750007900312;Région Île-de-France;CP2023-132;2023-03-29;;;;;PRESTA DE TERRAIN EN LYCEE DE PROXIMITE ENT;Affectation;DSIDP;PTN DEPENSES DIRECTES;;PTN/MAAT;1000000.0;1000000.0;non attribuable;;1.0
2023;23750007900312;Région Île-de-France;CP2023-126;2023-03-29;;;;;ACCORDS CADRES TRAVAUX CMR COLLEGES;Revalorisation;ULYCDP;PLYC DEPENSES DIRECTES;;PLYC/DPM;250000.0;250000.0;non attribuable;;1.0
2023;23750007900312;Région Île-de-France;CP2023-103;2023-03-29;;;;;77 AVON LYCEE URUGUAY FRANCE CONSTRUCTION RESTRUCTURATION INTERNAT;Affectation;ULYCDP;PLYC DEPENSES DIRECTES;"CONVENTION DE MANDAT 1300102MANUL04-1 SAERP
CONSTRUCTION D UN INTERNAT DE 200 PLACES";PLYC/DP;1072055.0;1072055.0;77;numero;1.0
2023;23750007900312;Région Île-de-France;CP2023-125;2023-03-29;19770938900013;0770938B;ANDRE MALRAUX - MONTEREAU;Lycées et collèges publics;77 MONTEREAU A MALRAUX AC REFEC MENUISERIES CHATEAU;Affectation;ULYCDP;PLYC DEPENSES DIRECTES;;PLYC/DPM;100000.0;100000.0;77;UAI;1.0
2023;23750007900312;Région Île-de-France;CP2023-125;2023-03-29;19771357100010;0771357G;LA BRETONNIERE - CHAILLY EN BRIE;Lycées et collèges publics;77 CHAILLY EN BRIE BRETONNIERE REMPLACEMENT BD R+1 4 CLASSES;Affectation;ULYCDP;PLYC DEPENSES DIRECTES;;PLYC/DPM;1200000.0;1200000.0;77;UAI;1.0
2023;23750007900312;Région Île-de-France;CP2023-126;2023-03-29;19750648800018;0750648X;VICTOR HUGO - PARIS 03;Lycées et collèges publics;75003 V HUGO RENOV BLOCS SANITAIRES partie collège;Affectation;ULYCDP;PLYC DEPENSES DIRECTES;;PLYC/DPM;200000.0;200000.0;75;UAI;1.0
2023;23750007900312;Région Île-de-France;CP2023-103;2023-03-29;;;;;78 POISSY CMR LE CORBUSIER RENOVATION GLOBALE;Affectation;ULYCDP;PLYC DEPENSES DIRECTES;;PLYC/DP;63000000.0;63000000.0;78;numero;1.0
2023;23750007900312;Région Île-de-France;CP2023-156;2023-03-29;19750436800014;0750436S;CLAUDE ANTHIME CORBON - PARIS 15;Lycées et collèges publics;75015 CA CORBON ETUDES ET TRVX AMENAGT SITE D'ACCUEIL;Affectation;ULYCDP;PLYC DEPENSES DIRECTES;;PLYC/DPM;440000.0;440000.0;75;UAI;1.0
2023;23750007900312;Région Île-de-France;CP2023-132;2023-03-29;;;;;ACCOMPAGNEMENT STRATEGIE NUMERIQUE CMR;Affectation;DSIDP;PTN DEPENSES DIRECTES;;PTN/MAAT;50000.0;50000.0;non attribuable;;1.0
2023;23750007900312;Région Île-de-France;CP2023-125;2023-03-29;19931740500017;0932282A;LEO LAGRANGE - BONDY;Lycées et collèges publics;93 BONDY L LAGRANGE AC TRVX CONSTRUCTION SALLE MULTISPORTS;Affectation;ULYCDP;PLYC DEPENSES DIRECTES;;PLYC/DPM;600000.0;600000.0;93;UAI;1.0
2023;23750007900312;Région Île-de-France;CP2023-126;2023-03-29;19750656100012;0750656F;LAVOISIER - PARIS 05;Lycées et collèges publics;75005 LAVOISIER MOE TRVX REMPLACEMENT MENUISERIES EXT;Affectation;ULYCDP;PLYC DEPENSES DIRECTES;;PLYC/DPM;150000.0;150000.0;75;UAI;1.0
2023;23750007900312;Région Île-de-France;CP2023-132;2023-03-29;;;;;ACCOMPAGNEMENT STRATEGIE NUMERIQUE LYCEES PUBLICS;Affectation;DSIDP;PTN DEPENSES DIRECTES;;PTN/MAAT;150000.0;150000.0;non attribuable;;1.0
2023;23750007900312;Région Île-de-France;CP2023-125;2023-03-29;19941413700018;0941413A;LEON BLUM - CRETEIL;Lycées et collèges publics;94 CRETEIL L BLUM MOD ETUDES REMPLACT ASCENSEUR;Affectation;ULYCDP;PLYC DEPENSES DIRECTES;;PLYC/DPM;12000.0;12000.0;94;UAI;1.0
2023;23750007900312;Région Île-de-France;CP2023-126;2023-03-29;19750705600012;0750705J;LYCEE HONORE DE BALZAC - PARIS 17;Lycées et collèges publics;75017 H DE BALZAC MS TRVX REMPLACT SSI;Affectation;ULYCDP;PLYC DEPENSES DIRECTES;;PLYC/DPM;300000.0;300000.0;75;UAI;1.0
2023;23750007900312;Région Île-de-France;CP2023-125;2023-03-29;19910756600010;0910756C;LYCEE LOUIS ARMAND - YERRES;Lycées et collèges publics;91 YERRES L ARMAND AC MODIF PLONGE REFEC MUR DP CUISINE;Affectation;ULYCDP;PLYC DEPENSES DIRECTES;;PLYC/DPM;200000.0;200000.0;91;UAI;1.0
2023;23750007900312;Région Île-de-France;CP2023-125;2023-03-29;19782539100018;0782539L;SAINT-EXUPERY - MANTES LA JOLIE;Lycées et collèges publics;78 MANTES ST EXUPERY RENOV PREAUX EXISTANTS;Affectation;ULYCDP;PLYC DEPENSES DIRECTES;;PLYC/DPM;250000.0;250000.0;78;UAI;1.0
2023;23750007900312;Région Île-de-France;CP2023-125;2023-03-29;19921230900025;0921230M;LEONARD DE VINCI - LEVALLOIS-P;Lycées et collèges publics;92 LEVALLOIS L DE VINCI ETUDES REMPLCT ASCENSEURS ET MONTE CHARGE;Affectation;ULYCDP;PLYC DEPENSES DIRECTES;;PLYC/DPM;30000.0;30000.0;92;UAI;1.0
2023;23750007900312;Région Île-de-France;CP2023-128;2023-03-29;19772312500013;0772312V;FLORA TRISTAN - MONTEREAU;Lycées et collèges publics;77 MONTEREAU FAULT YONNE F TRISTAN MS SECU SITE VIDEO EXT INCLUSE;Affectation;ULYCDP;PLYC DEPENSES DIRECTES;;PLYC/DPM;225000.0;225000.0;77;UAI;1.0
2023;23750007900312;Région Île-de-France;CP2023-156;2023-03-29;19752109900014;0752109K;SUZANNE VALADON - PARIS 18;Lycées et collèges publics;75018 S VALADON MS TRVX SECU MECA ET ELECTRO SUITE FERMETURE;Affectation;ULYCDP;PLYC DEPENSES DIRECTES;;PLYC/DPM;150000.0;150000.0;75;UAI;1.0
2023;23750007900312;Région Île-de-France;CP2023-125;2023-03-29;19772312500013;0772312V;FLORA TRISTAN - MONTEREAU;Lycées et collèges publics;77 MONTEREAU F TRISTAN AC RENOV PCF CUISINE;Affectation;ULYCDP;PLYC DEPENSES DIRECTES;;PLYC/DPM;110000.0;110000.0;77;UAI;1.0
2023;23750007900312;Région Île-de-France;CP2023-125;2023-03-29;19940123300010;0940123Y;GUILLAUME APOLLINAIRE - THIAIS;Lycées et collèges publics;94 THIAIS G APOLLINAIRE AC CREATION CHENEAUX;Affectation;ULYCDP;PLYC DEPENSES DIRECTES;;PLYC/DPM;170000.0;170000.0;94;UAI;1.0
2023;23750007900312;Région Île-de-France;CP2023-111;2023-03-29;;;;;MAC VEHICULE UTILITAIRE EPLE;Affectation;ULYCDP;PLYC DEPENSES DIRECTES;;PLYC;2000000.0;2000000.0;non attribuable;;1.0
2023;23750007900312;Région Île-de-France;CP2023-103;2023-03-29;;;;;92 BOIS COLOMBES LYC ALBERT CAMUS EXTENSION DE CAPACITE (400 ELEVES)  CITE SCOLAIRE;Affectation;ULYCDP;PLYC DEPENSES DIRECTES;"CONTRAT DE MANDAT N°1400002MANUL02-1  SAERP
EXTENSION DE CAPACITE";PLYC/DP;552500.0;552500.0;92;numero;1.0
2023;23750007900312;Région Île-de-France;CP2023-125;2023-03-29;19941303000016;0942130E;PARC MONTALEAU - SUCY EN BRIE;Lycées et collèges publics;94 SUCY PARC MONTALEAU AC MODIF TOITURE ARDOISE BAT A;Affectation;ULYCDP;PLYC DEPENSES DIRECTES;;PLYC/DPM;240000.0;240000.0;94;UAI;1.0
2023;23750007900312;Région Île-de-France;CP2023-132;2023-03-29;;;;;ACHAT EQUIPEMENT INFORMATIQUES ET RESEAUX LYCEES PUBLICS;Affectation;DSIDP;PTN DEPENSES DIRECTES;;PTN/MAAT;2000000.0;2000000.0;non attribuable;;1.0
2023;23750007900312;Région Île-de-France;CP2023-103;2023-03-29;;;;;AFFECTATION MARCHES ETUDES GENERALES DO;Affectation;ULYCDP;PLYC DEPENSES DIRECTES;;PLYC/DP;4000000.0;4000000.0;non attribuable;;1.0
2023;23750007900312;Région Île-de-France;CP2023-126;2023-03-29;19920146800014;0920146J;MARIE CURIE - SCEAUX;Lycées et collèges publics;92 SCEAUX M CURIE PROG2021 ETUDES MISE CONFOR INSTALL DESENFUMAGE CDI REPORT ALARME GYMNASE;Affectation;ULYCDP;PLYC DEPENSES DIRECTES;;PLYC/DPM;12000.0;12000.0;92;UAI;1.0
2023;23750007900312;Région Île-de-France;CP2023-126;2023-03-29;19930118500013;0930118Y;JEAN RENOIR - BONDY;Lycées et collèges publics;93 BONDY J RENOIR PROG 2023 AC TRVX REMPLACT CHASSIS FENETRES REPRISE BARDAGE BAT A;Affectation;ULYCDP;PLYC DEPENSES DIRECTES;;PLYC/DPM;250000.0;250000.0;93;UAI;1.0
2023;23750007900312;Région Île-de-France;CP2023-127;2023-03-29;;;;;MCH CHAUFFAGE FONCT EPLE CMR P2P3PFI 2023-2033;Affectation;ULYCDP;PLYC DEPENSES DIRECTES;;PLYC/DPM;109848000.0;109848000.0;non attribuable;;1.0
2023;23750007900312;Région Île-de-France;CP2023-128;2023-03-29;19910630300019;0910630R;ALEXANDRE DENIS - CERNY;Lycées et collèges publics;91 CERNY A DENIS MS TRVX SECU PERIMETRIQUE ET ELECTRO INCLUANT VIDEO INT ET EXT;Affectation;ULYCDP;PLYC DEPENSES DIRECTES;;PLYC/DPM;700000.0;700000.0;91;UAI;1.0
2023;23750007900312;Région Île-de-France;CP2023-156;2023-03-29;19750793200014;0750793E;BEAUGRENELLE - PARIS 15;Lycées et collèges publics;75015 BEAUGRENELLE AC BDC MOE SECU DU SITE LYC D'ACCUEIL;Affectation;ULYCDP;PLYC DEPENSES DIRECTES;;PLYC/DPM;30000.0;30000.0;75;UAI;1.0
2023;23750007900312;Région Île-de-France;CP2023-125;2023-03-29;19910625300016;0910625K;ROSA PARKS - MONTGERON;Lycées et collèges publics;91 MONTGERON R PARKS AC MODIF CHENEAUX BAT K, M, N,G, et P;Affectation;ULYCDP;PLYC DEPENSES DIRECTES;;PLYC/DPM;250000.0;250000.0;91;UAI;1.0
2023;23750007900312;Région Île-de-France;CP2023-125;2023-03-29;19911927200011;0911927A;MAURICE ELIOT - EPINAY SS SENART;Lycées et collèges publics;91 EPINAY SS SENART M ELIOT AC TRVX REFECT SALLE SCIENCES TP ET LABO;Affectation;ULYCDP;PLYC DEPENSES DIRECTES;;PLYC/DPM;200000.0;200000.0;91;UAI;1.0
2023;23750007900312;Région Île-de-France;CP2023-125;2023-03-29;19772437000014;0770942F;THIBAUT DE CHAMPAGNE - PROVINS;Lycées et collèges publics;77 PROVINS T DE CHAMPAGNE AC REFEC MUR ENCEINTE PARTIE BASSE;Affectation;ULYCDP;PLYC DEPENSES DIRECTES;;PLYC/DPM;100000.0;100000.0;77;UAI;1.0
2023;23750007900312;Région Île-de-France;CP2023-125;2023-03-29;19782563100017;0782563M;LA BRUYERE - VERSAILLES;Lycées et collèges publics;78 VERSAILLES LA BRUYERE ETUDES RENOV BAT 43 (FACADES MENUISERIE);Affectation;ULYCDP;PLYC DEPENSES DIRECTES;;PLYC/DPM;45000.0;45000.0;78;UAI;1.0
2023;23750007900312;Région Île-de-France;CP2023-128;2023-03-29;19920134400017;0920134W;JACQUES PREVERT - BOULOGNE;Lycées et collèges publics;92 BOULOGNE BILLANCOURT J PREVERT MS INSTALL 70 SERRURES ELECTRO;Affectation;ULYCDP;PLYC DEPENSES DIRECTES;MS INSTALLATION DE 70 SERRURES ELECTRONIQUES (ADMINISTRATION/ ENTREE/LOCAUX SENSIBLES);PLYC/DPM;100000.0;100000.0;92;UAI;1.0
2023;23750007900312;Région Île-de-France;CP2023-128;2023-03-29;19751708900011;0751708Z;LYCEE DES SCIENCES ET DU NUMERIQUE LOUIS ARMAND;Lycées et collèges publics;75015 L ARMAND MS SECU LOGE REPRISE CLOTURES;Affectation;ULYCDP;PLYC DEPENSES DIRECTES;MS SECURISATION LYCEE SECULOGE REPRISE CLOTURES REMPLACEMENT VOLETS ROULANTS (locaux accessibles depuis la voirie),INSTALLATION SYST VIDEO EXT INT;PLYC/DPM;200000.0;200000.0;75;UAI;1.0
2023;23750007900312;Région Île-de-France;CP2023-156;2023-03-29;19750794000017;0750794F;BRASSAI - PARIS 15;Lycées et collèges publics;75015 BRASSAI MS TRVX SECU SURETE ELECTRO ET MECA SUITE FERMETURE;Affectation;ULYCDP;PLYC DEPENSES DIRECTES;;PLYC/DPM;150000.0;150000.0;75;UAI;1.0
2023;23750007900312;Région Île-de-France;CP2023-156;2023-03-29;19750463200013;0750463W;LUCAS DE NEHOU - PARIS 05;Lycées et collèges publics;75005 LUCAS DE NEHOU MS TRVX SECU MECA ET ELECTRO SUITE FERMETURE;Affectation;ULYCDP;PLYC DEPENSES DIRECTES;;PLYC/DPM;150000.0;150000.0;75;UAI;1.0
2023;23750007900312;Région Île-de-France;CP2023-156;2023-03-29;19752700500015;0752700C;ARMAND CARREL - PARIS 19;Lycées et collèges publics;75019 A CARREL MS TRVX SECU MECA ET ELECTRO SUITE FERMETURE;Affectation;ULYCDP;PLYC DEPENSES DIRECTES;;PLYC/DPM;150000.0;150000.0;75;UAI;1.0
2023;23750007900312;Région Île-de-France;CP2023-125;2023-03-29;19771336500017;0771336J;LES PANNEVELLES - PROVINS;Lycées et collèges publics;77 PROVINS PANNEVELLES AC RENOV PLATEAU SPORTIF;Affectation;ULYCDP;PLYC DEPENSES DIRECTES;;PLYC/DPM;350000.0;350000.0;77;UAI;1.0
2023;23750007900312;Région Île-de-France;CP2023-125;2023-03-29;19920171600016;0920171L;LOUIS BLERIOT - SURESNES;Lycées et collèges publics;92 SURESNE L BLERIOT ETUDES TRVX REFEC 2 BLOCS SANITAIRES CREATION SALLE PERM EXT SALLE PROFS;Affectation;ULYCDP;PLYC DEPENSES DIRECTES;;PLYC/DPM;15000.0;15000.0;92;UAI;1.0
2023;23750007900312;Région Île-de-France;CP2023-125;2023-03-29;19930124300010;0930124E;LYCEE MARCELIN BERTHELOT - PANTIN;Lycées et collèges publics;93 PANTIN M BERTHELOT AC REFEC POLE SANITAIRE ET SOCIAL;Affectation;ULYCDP;PLYC DEPENSES DIRECTES;;PLYC/DPM;117000.0;117000.0;93;UAI;1.0
2023;23750007900312;Région Île-de-France;CP2023-128;2023-03-29;19750694200014;0750694X;CAMILLE SEE - PARIS 15;Lycées et collèges publics;75015 CAMILLE SEE MS TRVX SECU BAT PRINCIPAL ET ANNEXE PROG2019;Affectation;ULYCDP;PLYC DEPENSES DIRECTES;PROG2019 PARTIE 1/2 MS trvx secu batiment principal et annexe secu de la loge avec  création d'un sas, reprise des clotures et des portails du bat annexe, installation d'un syst de vidéo ext et int...;PLYC/DPM;190640.0;190640.0;75;UAI;1.0
2023;23750007900312;Région Île-de-France;CP2023-125;2023-03-29;19920144300025;0920144G;L'AGORA - PUTEAUX;Lycées et collèges publics;92 PUTEAUX AGORA REFONTE SYST OUVERTURE INST DESENFUMAGE ATELIERS;Affectation;ULYCDP;PLYC DEPENSES DIRECTES;;PLYC/DPM;120000.0;120000.0;92;UAI;1.0
2023;23750007900312;Région Île-de-France;CP2023-128;2023-03-29;19772243200014;0772243V;CAMILLE CLAUDEL - PONTAULT-C;Lycées et collèges publics;77 PONTAULT COMBAULT C CLAUDEL MS SECU SITE VIDEO EXT INCLUSE;Affectation;ULYCDP;PLYC DEPENSES DIRECTES;;PLYC/DPM;250000.0;250000.0;77;UAI;1.0
2023;23750007900312;Région Île-de-France;CP2023-103;2023-03-29;;;;;PPI/PPR 2010-95 ARGENTEUIL LEGER;Affectation;ULYCDP;PLYC DEPENSES DIRECTES;RESTRUCTURATION PARTIELLE;PLYC/DP;650000.0;650000.0;95;numero;1.0
2023;23750007900312;Région Île-de-France;CP2023-103;2023-03-29;;;;;AFFECTATION DO PRESTATIONS ASSOCIEES AUX TRAVAUX;Affectation;ULYCDP;PLYC DEPENSES DIRECTES;;PLYC/DP;1750000.0;1750000.0;non attribuable;;1.0
2023;23750007900312;Région Île-de-France;CP2023-126;2023-03-29;19750699100011;0750699C;JANSON DE SAILLY - PARIS 16;Lycées et collèges publics;75016 JANSON DE SAILLY PROG 2022 MAPA RENOV CIRCULATIONS R+1 R+2 SALLE C201;Affectation;ULYCDP;PLYC DEPENSES DIRECTES;;PLYC/DPM;600000.0;600000.0;75;UAI;1.0
2023;23750007900312;Région Île-de-France;CP2023-156;2023-03-29;19752109900014;0752109K;SUZANNE VALADON - PARIS 18;Lycées et collèges publics;75018 S VALADON AC BDC MOE SECU MEC ET ELECTRO SUITE FERMETURE;Affectation;ULYCDP;PLYC DEPENSES DIRECTES;;PLYC/DPM;30000.0;30000.0;75;UAI;1.0
2023;23750007900312;Région Île-de-France;CP2023-128;2023-03-29;19911401800021;0911401D;LYCEE NELSON MANDELA;Lycées et collèges publics;91 ETAMPES N MANDELA MS TRVX SECU PERIMETRIQUE ET ELECTRO INCLUANT VIDEO INT ET EXT;Affectation;ULYCDP;PLYC DEPENSES DIRECTES;;PLYC/DPM;450000.0;450000.0;91;UAI;1.0
2023;23750007900312;Région Île-de-France;CP2023-125;2023-03-29;19771171600013;0771171E;LOUIS LUMIERE - CHELLES;Lycées et collèges publics;77 CHELLES L LUMIERE DEMOL RECONSTRUC BD RDC;Affectation;ULYCDP;PLYC DEPENSES DIRECTES;;PLYC/DPM;1000000.0;1000000.0;77;UAI;1.0
2023;23750007900312;Région Île-de-France;CP2023-125;2023-03-29;19772243200014;0772243V;CAMILLE CLAUDEL - PONTAULT-C;Lycées et collèges publics;77 PONTAULT C CLAUDEL TX REMPLACEMENT DU SSI;Affectation;ULYCDP;PLYC DEPENSES DIRECTES;;PLYC/DPM;30000.0;30000.0;77;UAI;1.0
2023;23750007900312;Région Île-de-France;CP2023-125;2023-03-29;19770342400014;0770342D;LEOPOLD BELLAN - CHAMIGNY;Lycées et collèges publics;77 CHAMIGNY L BELLAN CREATION LIEU STOCKAGE MAT SPORT BAT K;Affectation;ULYCDP;PLYC DEPENSES DIRECTES;;PLYC/DPM;50000.0;50000.0;77;UAI;1.0
2023;23750007900312;Région Île-de-France;CP2023-132;2023-03-29;;;;;EQUIPEMENT AUDIOVISUELS CMR;Affectation;DSIDP;PTN DEPENSES DIRECTES;;PTN/MAAT;100000.0;100000.0;non attribuable;;1.0
2023;23750007900312;Région Île-de-France;CP2023-125;2023-03-29;;;;;78 VERSAILLES BRUYERE RESTRUCTURATION 2 LOGEMENTS SUR SITE ANNEXE;Affectation;ULYCDP;PLYC DEPENSES DIRECTES;;PLYC/DP;10270.0;10270.0;78;numero;1.0
2023;23750007900312;Région Île-de-France;CP2023-125;2023-03-29;;;;;94 CRETEIL BLUM MOE RESTRUCTURATION PARTIELLE ANCIEN HALL POLE CINE CDI;Affectation;ULYCDP;PLYC DEPENSES DIRECTES;;PLYC/DP;550000.0;550000.0;94;numero;1.0
2023;23750007900312;Région Île-de-France;CP2023-156;2023-03-29;19750103400015;0753350J;MARIA DERAISMES - PARIS 17;Lycées et collèges publics;75017 M DERAISMES ETUDES ET TRVX AMENAGT SITE D'ACCUEIL;Affectation;ULYCDP;PLYC DEPENSES DIRECTES;;PLYC/DPM;840000.0;840000.0;75;UAI;1.0
2023;23750007900312;Région Île-de-France;CP2023-156;2023-03-29;19750103400015;0753350J;MARIA DERAISMES - PARIS 17;Lycées et collèges publics;75017 M DERAISMES AC BDC MOE SECU SITE ACCUEIL LYC PARISIEN;Affectation;ULYCDP;PLYC DEPENSES DIRECTES;;PLYC/DPM;40000.0;40000.0;75;UAI;1.0
2023;23750007900312;Région Île-de-France;CP2023-127;2023-03-29;;;;;99 MAINTENANCE ET FOURNITURE ELECTRICITE DANS LYCEES FRANCILIENS;Revalorisation;ULYCDP;PLYC DEPENSES DIRECTES;;PLYC/DP;7430000.0;7430000.0;regional;numero 99;1.0
2023;23750007900312;Région Île-de-France;CP2023-156;2023-03-29;19750588600014;0750588G;RENE CASSIN - PARIS 16;Lycées et collèges publics;75016 R CASSIN ETUDES ET TRVX AMENAGT SITE D'ACCUEIL;Affectation;ULYCDP;PLYC DEPENSES DIRECTES;;PLYC/DPM;390000.0;390000.0;75;UAI;1.0
2023;23750007900312;Région Île-de-France;CP2023-156;2023-03-29;;;;;AFFECTATION GLOBALE ETUDES TRAVAUX CABLAGE LYCEE PARISIENS;Affectation;ULYCDP;PLYC DEPENSES DIRECTES;;PLYC/DPM;1000000.0;1000000.0;non attribuable;;1.0
2023;23750007900312;Région Île-de-France;CP2023-126;2023-03-29;;;;;ACCORDS CADRES TRAVAUX 2023 CMR LYCEES;Revalorisation;ULYCDP;PLYC DEPENSES DIRECTES;;PLYC/DPM;750000.0;750000.0;non attribuable;;1.0
2023;23750007900312;Région Île-de-France;CP2023-103;2023-03-29;;;;;77 MELUN LYT LEONARD DE VINCI RESTRUCTURATION PARTIELLE DU LYCEE;Affectation;ULYCDP;PLYC DEPENSES DIRECTES;;PLYC/DP;250000.0;250000.0;77;numero;1.0
2023;23750007900312;Région Île-de-France;CP2023-125;2023-03-29;19910625300016;0910625K;ROSA PARKS - MONTGERON;Lycées et collèges publics;91 MONTGERON R PARKS MOD REPRISE VOLETS DU CHATEAU;Affectation;ULYCDP;PLYC DEPENSES DIRECTES;;PLYC/DPM;190000.0;190000.0;91;UAI;1.0
2023;23750007900312;Région Île-de-France;CP2023-156;2023-03-29;19752845800015;0752845K;THEOPHILE GAUTIER - PARIS 04;Lycées et collèges publics;75012 T GAUTIER AC BDC MOE SECU MECA ET ELECTRO SUITE FERMETURE;Affectation;ULYCDP;PLYC DEPENSES DIRECTES;;PLYC/DPM;30000.0;30000.0;75;UAI;1.0
2023;23750007900312;Région Île-de-France;CP2023-125;2023-03-29;19770943900016;0770943G;BENJAMIN FRANKLIN - LA ROCHETTE;Lycées et collèges publics;77 LA ROCHETTE B FRANKLIN AC RENOV SANITAIRES RDC GARCON BAT A;Affectation;ULYCDP;PLYC DEPENSES DIRECTES;;PLYC/DPM;120000.0;120000.0;77;UAI;1.0
2023;23750007900312;Région Île-de-France;CP2023-125;2023-03-29;19770945400015;0770945J;GUSTAVE EIFFEL - VARENNES;Lycées et collèges publics;77 VARENNES G EIFFEL MS REMPLACT SSI;Affectation;ULYCDP;PLYC DEPENSES DIRECTES;;PLYC/DPM;230000.0;230000.0;77;UAI;1.0
2023;23750007900312;Région Île-de-France;CP2023-156;2023-03-29;19750103400015;0753350J;MARIA DERAISMES - PARIS 17;Lycées et collèges publics;75017 M DERAISMES MS TRVX SECU SITE ACCUEIL PARISIEN;Affectation;ULYCDP;PLYC DEPENSES DIRECTES;;PLYC/DPM;500000.0;500000.0;75;UAI;1.0
2023;23750007900312;Région Île-de-France;CP2023-125;2023-03-29;19752608000019;0752608C;HOTELIER - BELLIARD - PARIS 18EME;Lycées et collèges publics;75018 BELLIARD ETUDES REMPLACT 2 MONTES CHARGES;Affectation;ULYCDP;PLYC DEPENSES DIRECTES;;PLYC/DPM;30000.0;30000.0;75;UAI;1.0
2023;23750007900312;Région Île-de-France;CP2023-125;2023-03-29;19911254100016;0911254U;CHARLES BAUDELAIRE - EVRY - C;Lycées et collèges publics;91 EVRY COURCOURONNE C BAUDELAIRE AC REMISE PEINTURE REFECTOIRE;Affectation;ULYCDP;PLYC DEPENSES DIRECTES;;PLYC/DPM;140000.0;140000.0;91;UAI;1.0
2023;23750007900312;Région Île-de-France;CP2023-156;2023-03-29;19750711400019;0750711R;HENRI BERGSON - PARIS 19;Lycées et collèges publics;75019 H BERGSON ETUDES ET TRVX ACCUEIL BRASSENS AMENAGT DANSE ET MUSIQUE;Affectation;ULYCDP;PLYC DEPENSES DIRECTES;;PLYC/DPM;1240000.0;1240000.0;75;UAI;1.0
2023;23750007900312;Région Île-de-France;CP2023-156;2023-03-29;19750794000017;0750794F;BRASSAI - PARIS 15;Lycées et collèges publics;75015 BRASSAI AC BDC MOE SECU MECA ET ELECTRO SUITE FERMETURE;Affectation;ULYCDP;PLYC DEPENSES DIRECTES;;PLYC/DPM;30000.0;30000.0;75;UAI;1.0
2023;23750007900312;Région Île-de-France;CP2023-103;2023-03-29;;;;;PPI/PPR 2010-75 PARIS 4EME CMR CHARLEMAGNE;Affectation;ULYCDP;PLYC DEPENSES DIRECTES;RESTAURATION BIBLIOTHEQUE;PLYC/DP;1560545.0;1560545.0;75;numero;1.0
2023;23750007900312;Région Île-de-France;CP2023-125;2023-03-29;19782540900018;0782540M;LYCEE POLYVALENT JEAN ROSTAND;Lycées et collèges publics;78 MANTES J ROSTAND REFECT COUV TERRASSE BAT ATELIER C;Affectation;ULYCDP;PLYC DEPENSES DIRECTES;;PLYC/DPM;280000.0;280000.0;78;UAI;1.0
2023;23750007900312;Région Île-de-France;CP2023-125;2023-03-29;19940126600036;0940126B;MAXIMILIEN-PERRET - ALFORTVILLE;Lycées et collèges publics;94 ALFORTVILLE M PERRET MOD REPRISE COUVERTURE DU LYCEE;Affectation;ULYCDP;PLYC DEPENSES DIRECTES;;PLYC/DPM;1000000.0;1000000.0;94;UAI;1.0
2023;23750007900312;Région Île-de-France;CP2023-156;2023-03-29;19751708900011;0751708Z;LYCEE DES SCIENCES ET DU NUMERIQUE LOUIS ARMAND;Lycées et collèges publics;75015 DES SCIENCES ET DU NUMERIQUE L ARMAND ETUDES TRVX AMENGT SITE ACCUEIL;Affectation;ULYCDP;PLYC DEPENSES DIRECTES;;PLYC/DPM;1830000.0;1830000.0;75;UAI;1.0
2023;23750007900312;Région Île-de-France;CP2023-156;2023-03-29;19750508400024;0750508V;CHARLES DE GAULLE - PARIS 20;Lycées et collèges publics;75020 C DE GAULLE AC BDC MOE SECU MECA ET ELECTRO SUITE FERMETURE;Affectation;ULYCDP;PLYC DEPENSES DIRECTES;;PLYC/DPM;30000.0;30000.0;75;UAI;1.0
2023;23750007900312;Région Île-de-France;CP2023-103;2023-03-29;;;;;92 BOIS COLOMBES LYC ALBERT CAMUS CONSTRUCTION D'UN INTERNAT DE 100 PLACES;Affectation;ULYCDP;PLYC DEPENSES DIRECTES;"CONVENTION DE MANDAT N°1400002MANUL02-2 SAERP
CONSTRUCTION D'UN INTERNAT DE 100 PLACES";PLYC/DP;158600.0;158600.0;92;numero;1.0
2023;23750007900312;Région Île-de-France;CP2023-156;2023-03-29;;;;;AC 2000302 BDC PRESTATIONS DEMENAGEMENT LYCEES PARISIENS;Affectation;ULYCDP;PLYC DEPENSES DIRECTES;;PLYC/DPM;360000.0;360000.0;non attribuable;;1.0
2023;23750007900312;Région Île-de-France;CP2023-132;2023-03-29;;;;;PRESTA DE MAINTENANCE ET EXPLOITATION DU CENTRE DE SERVICE NUMERIQUE;Affectation;DSIDP;PTN DEPENSES DIRECTES;;PTN/MAAT;1000000.0;1000000.0;non attribuable;;1.0
2023;23750007900312;Région Île-de-France;CP2023-051;2023-01-25;19930125000015;0930125F;LYCEE PAUL ELUARD - ST DENIS;Lycées et collèges publics;93 ST DENIS P ELUARD MOD MULTISITE REFECTION SALLES CL (SOL MUR PLAFOND ECLAIRAGE);Affectation;ULYCDP;PLYC DEPENSES DIRECTES;;PLYC/DPM;300000.0;300000.0;93;UAI;1.0
2023;23750007900312;Région Île-de-France;CP2023-051;2023-01-25;19940585300011;0940585A;FRANCOIS MANSART - ST MAUR DES FOSSES;Lycées et collèges publics;94 ST MAUR F MANSART MOD TRVX COUVERTURE ETANCHEITE;Affectation;ULYCDP;PLYC DEPENSES DIRECTES;;PLYC/DPM;600000.0;600000.0;94;UAI;1.0
2023;23750007900312;Région Île-de-France;CP2023-051;2023-01-25;;;;;ACCORDS CADRES 2023 TRAVAUX;Affectation;ULYCDP;PLYC DEPENSES DIRECTES;;PLYC/DPM;15000000.0;15000000.0;non attribuable;;1.0
2023;23750007900312;Région Île-de-France;CP2023-062;2023-01-25;;;;;TMA Mesures de rentrée;Affectation;ULYCDP;PLYC DEPENSES DIRECTES;;PLYC/DP;100000.0;100000.0;non attribuable;;1.0
2023;23750007900312;Région Île-de-France;CP2023-048;2023-01-25;;;;;95 BEZONS LYC EUGENE RONCERAY RENOVATION GLOBALE;Affectation;ULYCDP;PLYC DEPENSES DIRECTES;"CONTRAT DE MANDAT N°1400002MANUL01-2  SAERP
RESTRUCTURATION GLOBALE DU LYCEE";PLYC/DP;1400000.0;1400000.0;95;numero;1.0
2023;23750007900312;Région Île-de-France;CP2023-051;2023-01-25;19911493500018;0911493D;LYCEE PROFESSIONNEL LES FRERES MOREAU;Lycées et collèges publics;91 QUINCY TRVX REFECTION TOITURES LYC ET LOGTS (complément);Affectation;ULYCDP;PLYC DEPENSES DIRECTES;;PLYC/DPM;350000.0;350000.0;91;UAI;1.0
2023;23750007900312;Région Île-de-France;CP2023-048;2023-01-25;;;;;94 CHAMPIGNY LYC GABRIEL PERI RESTRUCTURATION EXTENSION;Affectation;ULYCDP;PLYC DEPENSES DIRECTES;;PLYC/DP;332000.0;332000.0;94;numero;1.0
2023;23750007900312;Région Île-de-France;CP2023-021;2023-01-25;;;;;PRESTA DE MAINTENANCE DE PLACES DE SERVICES NUMERIQUES ET HEBERGEMENT;Affectation;DSIDP;PTN DEPENSES DIRECTES;;PTN/MAAT;750000.0;750000.0;non attribuable;;1.0
2023;23750007900312;Région Île-de-France;CP2023-054;2023-01-25;19941298200019;0941298A;JULES MICHELET - FONTENAY;Lycées et collèges publics;94 FONTENAY MICHELET MS SECU PERIMETRIQUE ET ELECTRONIQUE VIDEO EXT;Affectation;ULYCDP;PLYC DEPENSES DIRECTES;;PLYC/DPM;100000.0;100000.0;94;UAI;1.0
2023;23750007900312;Région Île-de-France;CP2023-052;2023-01-25;;;;;AFFECT AP PROV 2023 CMR LYCEE;Affectation;ULYCDP;PLYC DEPENSES DIRECTES;;PLYC/DPM;250000.0;250000.0;non attribuable;;1.0
2023;23750007900312;Région Île-de-France;CP2023-052;2023-01-25;;;;;AFFECT AP PROV 2023 CMR COLLEGE;Affectation;ULYCDP;PLYC DEPENSES DIRECTES;;PLYC/DPM;125000.0;125000.0;non attribuable;;1.0
2023;23750007900312;Région Île-de-France;CP2023-054;2023-01-25;19951398700016;0951974E;LOUIS ARMAND - EAUBONNE;Lycées et collèges publics;95 EAUBONNE L ARMAND MS SURETE ELECTRONIQUE;Affectation;ULYCDP;PLYC DEPENSES DIRECTES;;PLYC/DPM;100100.0;100100.0;95;UAI;1.0
2023;23750007900312;Région Île-de-France;CP2023-054;2023-01-25;;;;;AC BDC MS 2023 TRVX SECURITE;Affectation;ULYCDP;PLYC DEPENSES DIRECTES;;PLYC/DPM;1000000.0;1000000.0;non attribuable;;1.0
2023;23750007900312;Région Île-de-France;CP2023-021;2023-01-25;;;;;ACCOMPAGNEMENT STRATEGIE NUMERIQUE - LYCEES PUBLICS;Affectation;DSIDP;PTN DEPENSES DIRECTES;;PTN/MAAT;150000.0;150000.0;non attribuable;;1.0
2023;23750007900312;Région Île-de-France;CP2023-053;2023-01-25;;;;;99 MAINTENANCE ET FOURNITURE DE GAZ DANS LYCEES FRANCILIENS;Affectation;ULYCDP;PLYC DEPENSES DIRECTES;;PLYC/DPM;13650000.0;13650000.0;regional;numero 99;1.0
2023;23750007900312;Région Île-de-France;CP2023-047;2023-01-25;;;;;Projet bio local CP janvier 23;Affectation;ULYCDP;PLYC DEPENSES DIRECTES;;PLYC/LLAB;150000.0;150000.0;non attribuable;;1.0
2023;23750007900312;Région Île-de-France;CP2023-051;2023-01-25;19782132500010;0782132U;JEANNE D'ALBRET - ST GERMAIN EN LAYE;Lycées et collèges publics;78 ST GERMAIN J D'ALBRET MS TRVX REMPLACT SSI DITE ROBY INTERNAT;Affectation;ULYCDP;PLYC DEPENSES DIRECTES;;PLYC/DPM;300000.0;300000.0;78;UAI;1.0
2023;23750007900312;Région Île-de-France;CP2023-051;2023-01-25;19931738900021;0931738J;ARTHUR RIMBAUD - LA COURNEUVE;Lycées et collèges publics;93 LA COURNEUVE A RIMBAUD TRVX AGRANDISST SALLE PROF ET LOCAL REPRO;Affectation;ULYCDP;PLYC DEPENSES DIRECTES;;PLYC/DPM;180000.0;180000.0;93;UAI;1.0
2023;23750007900312;Région Île-de-France;CP2023-006;2023-01-25;;;;;2023 FORMATION LYCEES;Affectation;UPRHDP;PRH DEPENSES DIRECTES;;PRH/MAPPTDS;408000.0;408000.0;non attribuable;;1.0
2023;23750007900312;Région Île-de-France;CP2023-021;2023-01-25;;;;;PRESTA DE TERRAIN EN LYCEE DE PROXIMITE ENT;Affectation;DSIDP;PTN DEPENSES DIRECTES;;PTN/MAAT;1000000.0;1000000.0;non attribuable;;1.0
2023;23750007900312;Région Île-de-France;CP2023-051;2023-01-25;19782593800016;0782593V;LYCEE PROFESSIONNEL JEAN PERRIN;Lycées et collèges publics;78 ST CYR J PERRIN ETUDES REMPLACT RESILLE TOITURE;Affectation;ULYCDP;PLYC DEPENSES DIRECTES;;PLYC/DPM;50000.0;50000.0;78;UAI;1.0
2023;23750007900312;Région Île-de-France;CP2023-047;2023-01-25;;;;;Projet bio local CP janvier 23;Affectation;ULYCDP;PLYC DEPENSES DIRECTES;;PLYC/LLAB;200000.0;200000.0;non attribuable;;1.0
2023;23750007900312;Région Île-de-France;CP2023-054;2023-01-25;19951753300014;0951753P;LEONARD DE VINCI - ST WITZ;Lycées et collèges publics;95 ST WITZ L DE VINCI MS SECU PERIMETRIQUE ET ELECTRONIQUE;Affectation;ULYCDP;PLYC DEPENSES DIRECTES;;PLYC/DPM;650000.0;650000.0;95;UAI;1.0
2023;23750007900312;Région Île-de-France;CP2023-054;2023-01-25;19781845300015;0781845G;LYCEE GENERAL TECHNOLOGIQUE JULES FERRY;Lycées et collèges publics;78 CONFLANS J FERRY MS SECU VIDEO PPMS CONTROLE ACCES CLOTURES;Affectation;ULYCDP;PLYC DEPENSES DIRECTES;;PLYC/DPM;230000.0;230000.0;78;UAI;1.0
2023;23750007900312;Région Île-de-France;CP2023-052;2023-01-25;;;;;ACCORDS CADRES ETUDES CMR LYCEES;Affectation;ULYCDP;PLYC DEPENSES DIRECTES;;PLYC/DPM;250000.0;250000.0;non attribuable;;1.0
2023;23750007900312;Région Île-de-France;CP2023-051;2023-01-25;19940145600017;0940145X;CAMILLE CLAUDEL - VITRY;Lycées et collèges publics;94 VITRY C CLAUDEL MOD TRVX COUVERTURE ETANCHEITE;Affectation;ULYCDP;PLYC DEPENSES DIRECTES;;PLYC/DPM;500000.0;500000.0;94;UAI;1.0
2023;23750007900312;Région Île-de-France;CP2023-054;2023-01-25;19921156600013;0921156G;GALILEE - GENNEVILLIERS;Lycées et collèges publics;92 GENNEVILLIERS GALILEE MS SECU VIDEO PPMS CONTROLE ACCES CLOTURE;Affectation;ULYCDP;PLYC DEPENSES DIRECTES;;PLYC/DPM;450000.0;450000.0;92;UAI;1.0
2023;23750007900312;Région Île-de-France;CP2023-054;2023-01-25;19750655300019;0750655E;LOUIS LE GRAND - PARIS 05;Lycées et collèges publics;75005 LOUIS LE GRAND MS SECU ENS SITE CONTROLE ACCES SAS LOGE PERIPHERIE ALARME PPMS;Affectation;ULYCDP;PLYC DEPENSES DIRECTES;;PLYC/DPM;1700000.0;1700000.0;75;UAI;1.0
2023;23750007900312;Région Île-de-France;CP2023-062;2023-01-25;;;;;MAC MOBILIER SCOLAIRE CMR;Affectation;ULYCDP;PLYC DEPENSES DIRECTES;;PLYC;500000.0;500000.0;non attribuable;;1.0
2023;23750007900312;Région Île-de-France;CP2023-051;2023-01-25;19941018400014;0941018W;EDOUARD BRANLY - CRETEIL;Lycées et collèges publics;94 CRETEIL E BRANLY MOD TRVX RENOV SANITAIRES ETABLISST;Affectation;ULYCDP;PLYC DEPENSES DIRECTES;;PLYC/DPM;350000.0;350000.0;94;UAI;1.0
2023;23750007900312;Région Île-de-France;CP2023-051;2023-01-25;;;;;INVESTISSEMENT MAINTENANCE GR PROG2019/2020/2021 CPI;Affectation;ULYCDP;PLYC DEPENSES DIRECTES;;PLYC/DP;4801000.0;4801000.0;non attribuable;;1.0
2023;23750007900312;Région Île-de-France;CP2023-051;2023-01-25;19781948500016;0781948U;LAVOISIER - PORCHEVILLE;Lycées et collèges publics;78 PORCHEVILLE LAVOISIER ETUDES MISE EN CONFORMITE AMENAGT ATELIERS ET REFEC PASSERELLE;Affectation;ULYCDP;PLYC DEPENSES DIRECTES;;PLYC/DPM;20000.0;20000.0;78;UAI;1.0
2023;23750007900312;Région Île-de-France;CP2023-047;2023-01-25;;;;;DEVELOPPEMENT DES OUTILS DE RESTAURATION;Affectation;ULYCDP;PLYC DEPENSES DIRECTES;;PLYC/DRE;50000.0;50000.0;non attribuable;;1.0
2023;23750007900312;Région Île-de-France;CP2023-048;2023-01-25;19770932200014;0770932V;LP PIERRE COUBERTIN MEAUX FUSIONNE - UTILISER TIERS R18495;Lycées et collèges publics;P. COUBERTIN 77 RENOV LYCEE ET EXTENSION DE LA DP;Affectation;ULYCDP;PLYC DEPENSES DIRECTES;RENOVATION DU LYCEE ET EXTENSION DE LA DEMI-PENSION;PLYC/DP;12000000.0;12000000.0;77;UAI;1.0
2023;23750007900312;Région Île-de-France;CP2023-054;2023-01-25;19782599500016;0783431F;JULES VERNE - SARTROUVILLE;Lycées et collèges publics;78 SARTROUVILLE J VERNE MS SECU VIDEO INTRUSION PPMS;Affectation;ULYCDP;PLYC DEPENSES DIRECTES;;PLYC/DPM;450000.0;450000.0;78;UAI;1.0
2023;23750007900312;Région Île-de-France;CP2023-054;2023-01-25;19920163300013;0920163C;LOUIS GIRARD - MALAKOFF;Lycées et collèges publics;92 MALAKOFF L GIRARD MS TRVX SURETE ELECTRO;Affectation;ULYCDP;PLYC DEPENSES DIRECTES;;PLYC/DPM;70000.0;70000.0;92;UAI;1.0
2023;23750007900312;Région Île-de-France;CP2023-054;2023-01-25;19922276100017;0922276Z;SANTOS DUMONT - ST-CLOUD;Lycées et collèges publics;92 ST CLOUD SANTOS DUMONT MS REMPLACT ET ELECTRIFICATION STORES EXT BAT PRINCIPAL;Affectation;ULYCDP;PLYC DEPENSES DIRECTES;;PLYC/DPM;250000.0;250000.0;92;UAI;1.0
2023;23750007900312;Région Île-de-France;CP2023-047;2023-01-25;;;;;AMO MCH ACQUISITION MAINTENANCE MATERIEL RESTAURATION;Affectation;ULYCDP;PLYC DEPENSES DIRECTES;;PLYC/DRE;100000.0;100000.0;non attribuable;;1.0
2023;23750007900312;Région Île-de-France;CP2023-047;2023-01-25;;;;;Projet bio local CP janvier 23;Affectation;ULYCDP;PLYC DEPENSES DIRECTES;;PLYC/LLAB;100000.0;100000.0;non attribuable;;1.0
2023;23750007900312;Région Île-de-France;CP2023-048;2023-01-25;;;;;94 VINCENNES LYCEE NEUF;Affectation;ULYCDP;PLYC DEPENSES DIRECTES;PPI CP OCTOBRE 2018;PLYC/DP;2000000.0;2000000.0;94;numero;1.0
2023;23750007900312;Région Île-de-France;CP2023-051;2023-01-25;19941972200020;0941972H;FERNAND LEGER - IVRY S/S;Lycées et collèges publics;94 IVRY F LEGER MOD TRVX COUVERTURE ET ETANCHEITE;Affectation;ULYCDP;PLYC DEPENSES DIRECTES;;PLYC/DPM;1100000.0;1100000.0;94;UAI;1.0
2023;23750007900312;Région Île-de-France;CP2023-021;2023-01-25;;;;;PRESTA DES MODULES DU SERVICE MARCHE SIER CMR;Affectation;DSIDP;PTN DEPENSES DIRECTES;;PTN/MAAT;30000.0;30000.0;non attribuable;;1.0
2023;23750007900312;Région Île-de-France;CP2023-051;2023-01-25;19940114200013;0940114N;LYCEE ANTOINE DE SAINT-EXUPERY - CRETEIL;Lycées et collèges publics;94 CRETEIL ST EXUPERY MOD TRVX COUVERTURE ET ETANCHEITE;Affectation;ULYCDP;PLYC DEPENSES DIRECTES;;PLYC/DPM;300000.0;300000.0;94;UAI;1.0
2023;23750007900312;Région Île-de-France;CP2023-054;2023-01-25;19781948500016;0781948U;LAVOISIER - PORCHEVILLE;Lycées et collèges publics;78 PORCHEVILLE LAVOISIER EXTENSION DISPO VIDEO;Affectation;ULYCDP;PLYC DEPENSES DIRECTES;;PLYC/DPM;180000.0;180000.0;78;UAI;1.0
2023;23750007900312;Région Île-de-France;CP2023-054;2023-01-25;19911913200017;0911913K;LYCEE GENERAL TECHNOLOGIQUE CHEVREUSE;Lycées et collèges publics;78 GIF VALLEE CHEVREUSE MS SECU PERIMETRIQUE ET ELECTRONIQUE VIDEO EXT;Affectation;ULYCDP;PLYC DEPENSES DIRECTES;;PLYC/DPM;750000.0;750000.0;91;UAI;1.0
2023;23750007900312;Région Île-de-France;CP2023-051;2023-01-25;;;;;REMPLCT DES PRODUCT THERM;Affectation;ULYCDP;PLYC DEPENSES DIRECTES;REMPLACEMENT DES PRODUCTIONS THERMIQUES (CHAUFFAGE ET ECS....);PLYC/DP;100333.9;100333.9;non attribuable;;1.0
2023;23750007900312;Région Île-de-France;CP2023-054;2023-01-25;19782568000014;0782568T;ALAIN - LE VESINET;Lycées et collèges publics;78 LE VESINET ALAIN MS SECU VIDEO PPMS CONTROLE ACCES;Affectation;ULYCDP;PLYC DEPENSES DIRECTES;;PLYC/DPM;350000.0;350000.0;78;UAI;1.0
2023;23750007900312;Région Île-de-France;CP2023-051;2023-01-25;19782549000018;0782549X;LOUIS BASCAN - RAMBOUILLET;Lycées et collèges publics;78 RAMBOUILLET L BASCAN MS TRVX RENOV SSI BAT P;Affectation;ULYCDP;PLYC DEPENSES DIRECTES;;PLYC/DPM;180000.0;180000.0;78;UAI;1.0
2023;23750007900312;Région Île-de-France;CP2023-051;2023-01-25;19932121700028;0932121A;LYCEE POLYVALENT SUGER;Lycées et collèges publics;93 ST DENSI SUGER MOD MULTISITE RAFRIACHISSEMENT SALLE CL (PEINTURE SOL FAUX PLAFONDS ECLAIRAGE);Affectation;ULYCDP;PLYC DEPENSES DIRECTES;;PLYC/DPM;300000.0;300000.0;93;UAI;1.0
2023;23750007900312;Région Île-de-France;CP2023-047;2023-01-25;;;;;Projet bio local CP janvier 23;Affectation;ULYCDP;PLYC DEPENSES DIRECTES;;PLYC/LLAB;250000.0;250000.0;non attribuable;;1.0
2023;23750007900312;Région Île-de-France;CP2023-053;2023-01-25;;;;;ACCORDS CADRES FONCTIONNEMENT 2023;Affectation;ULYCDP;PLYC DEPENSES DIRECTES;;PLYC/DPM;2000000.0;2000000.0;non attribuable;;1.0
2023;23750007900312;Région Île-de-France;CP2023-021;2023-01-25;;;;;EQUIPEMENTS AUDIOVISUELS CITES CMR;Affectation;DSIDP;PTN DEPENSES DIRECTES;;PTN/MAAT;200000.0;200000.0;non attribuable;;1.0
2023;23750007900312;Région Île-de-France;CP2023-047;2023-01-25;;;;;MARCHE URGENCE REPAS 2023;Affectation;ULYCDP;PLYC DEPENSES DIRECTES;;PLYC/DRE;474000.0;474000.0;non attribuable;;1.0
2023;23750007900312;Région Île-de-France;CP2023-021;2023-01-25;;;;;ACHAT EQUIPEMENTS INFORMATIQUES ET RESEAUX CMR;Affectation;DSIDP;PTN DEPENSES DIRECTES;;PTN/MAAT;400000.0;400000.0;non attribuable;;1.0
2023;23750007900312;Région Île-de-France;CP2023-051;2023-01-25;;;;;TRAVAUX RENOVATION THERMIQUE 4 ETABLISSTS / PREVERT 95, DE NERVAL 95, CLAUDEL 94, LANGEVIN 91;Affectation;ULYCDP;PLYC DEPENSES DIRECTES;TRAVAUX RENOVATION THERMIQUE 4 ETABLISSEMENTS: J PREVERT TAVERNY 95/ G DE NERVAL LUZARCHE 95/ C CLAUDEL VITRY SU SEINE 94/ P LANGEVIN STE GENEVIEVE DES BOIS 91;PLYC/DPM;40000000.0;10000000.0;95;plusieurs départements;0.25
2023;23750007900312;Région Île-de-France;CP2023-051;2023-01-25;;;;;TRAVAUX RENOVATION THERMIQUE 4 ETABLISSTS / PREVERT 95, DE NERVAL 95, CLAUDEL 94, LANGEVIN 91;Affectation;ULYCDP;PLYC DEPENSES DIRECTES;TRAVAUX RENOVATION THERMIQUE 4 ETABLISSEMENTS: J PREVERT TAVERNY 95/ G DE NERVAL LUZARCHE 95/ C CLAUDEL VITRY SU SEINE 94/ P LANGEVIN STE GENEVIEVE DES BOIS 91;PLYC/DPM;40000000.0;10000000.0;95;plusieurs départements;0.25
2023;23750007900312;Région Île-de-France;CP2023-051;2023-01-25;;;;;TRAVAUX RENOVATION THERMIQUE 4 ETABLISSTS / PREVERT 95, DE NERVAL 95, CLAUDEL 94, LANGEVIN 91;Affectation;ULYCDP;PLYC DEPENSES DIRECTES;TRAVAUX RENOVATION THERMIQUE 4 ETABLISSEMENTS: J PREVERT TAVERNY 95/ G DE NERVAL LUZARCHE 95/ C CLAUDEL VITRY SU SEINE 94/ P LANGEVIN STE GENEVIEVE DES BOIS 91;PLYC/DPM;40000000.0;10000000.0;94;plusieurs départements;0.25
2023;23750007900312;Région Île-de-France;CP2023-051;2023-01-25;;;;;TRAVAUX RENOVATION THERMIQUE 4 ETABLISSTS / PREVERT 95, DE NERVAL 95, CLAUDEL 94, LANGEVIN 91;Affectation;ULYCDP;PLYC DEPENSES DIRECTES;TRAVAUX RENOVATION THERMIQUE 4 ETABLISSEMENTS: J PREVERT TAVERNY 95/ G DE NERVAL LUZARCHE 95/ C CLAUDEL VITRY SU SEINE 94/ P LANGEVIN STE GENEVIEVE DES BOIS 91;PLYC/DPM;40000000.0;10000000.0;91;plusieurs départements;0.25
2023;23750007900312;Région Île-de-France;CP2023-042;2023-01-25;;;;;ACCES INTERNET THD EPLE;Affectation;ULYCDP;PLYC DEPENSES DIRECTES;;PLYC/DPM;856970.0;856970.0;non attribuable;;1.0
2023;23750007900312;Région Île-de-France;CP2023-042;2023-01-25;;;;;ACCES INTERNET THD CMR;Affectation;ULYCDP;PLYC DEPENSES DIRECTES;;PLYC/DPM;48050.0;48050.0;non attribuable;;1.0
2023;23750007900312;Région Île-de-France;CP2023-051;2023-01-25;19780422200028;0780422K;LYCEE GENERAL ET TECHNOLOGIQUE F VILLON;Lycées et collèges publics;78 LES MUREAUX F VILLON ETUDES RESTRUC ZONES PREPA CUISINE ESPACES RESERVE LOCAL POUBELLES EXT;Affectation;ULYCDP;PLYC DEPENSES DIRECTES;;PLYC/DPM;110000.0;110000.0;78;UAI;1.0
2023;23750007900312;Région Île-de-France;CP2023-053;2023-01-25;;;;;99 MAINTENANCE ET FOURNITURE ELECTRICITE DANS LYCEES FRANCILIENS;Affectation;ULYCDP;PLYC DEPENSES DIRECTES;;PLYC/DP;9700000.0;9700000.0;regional;numero 99;1.0
2023;23750007900312;Région Île-de-France;CP2023-054;2023-01-25;19941974800025;0941974K;ROBERT SCHUMAN - CHARENTON;Lycées et collèges publics;94 CHARENTON R SCHUMAN MS SECU ELECTRO ET PERIMETRIQUE VIDEO INTER ET EXT;Affectation;ULYCDP;PLYC DEPENSES DIRECTES;;PLYC/DPM;370000.0;370000.0;94;UAI;1.0
2023;23750007900312;Région Île-de-France;CP2023-051;2023-01-25;19782539100018;0782539L;SAINT-EXUPERY - MANTES LA JOLIE;Lycées et collèges publics;78 MANTES LA JOLIE ST EXUPERY REFECTION CENTRALE ET SYSTEME SSI;Affectation;ULYCDP;PLYC DEPENSES DIRECTES;;PLYC/DPM;20000.0;20000.0;78;UAI;1.0
2023;23750007900312;Région Île-de-France;CP2023-051;2023-01-25;19940118300017;0940118T;LOUIS ARMAND - NOGENT S/MARNE;Lycées et collèges publics;94 NOGENT L ARMAND MOD TRVX COUVERTURE ET ETANCHEITE;Affectation;ULYCDP;PLYC DEPENSES DIRECTES;;PLYC/DPM;600000.0;600000.0;94;UAI;1.0
2023;23750007900312;Région Île-de-France;CP2023-054;2023-01-25;19940114200013;0940114N;LYCEE ANTOINE DE SAINT-EXUPERY - CRETEIL;Lycées et collèges publics;94 CRETEIL ST EXUPERY MS SECU PERIMETRIQUE ET ELECTRONIQUE VIDEO EXT;Affectation;ULYCDP;PLYC DEPENSES DIRECTES;;PLYC/DPM;100000.0;100000.0;94;UAI;1.0
2023;23750007900312;Région Île-de-France;CP2023-048;2023-01-25;;;;;MGP - 93 SAINT OUEN LYC MARCEL CACHIN RENOVATION GLOBALE - RECONSTRUCTION;Affectation;ULYCDP;PLYC DEPENSES DIRECTES;Marché global de performance;PLYC/DP;2300000.0;2300000.0;93;numero;1.0
2023;23750007900312;Région Île-de-France;CP2023-021;2023-01-25;;;;;ACCOMPAGNEMENT STRATEGIE NUMERIQUE CMR;Affectation;DSIDP;PTN DEPENSES DIRECTES;;PTN/MAAT;50000.0;50000.0;non attribuable;;1.0
2023;23750007900312;Région Île-de-France;CP2023-047;2023-01-25;;;;;Projet bio local CP janvier 23;Affectation;ULYCDP;PLYC DEPENSES DIRECTES;;PLYC/LLAB;40000.0;40000.0;non attribuable;;1.0
2023;23750007900312;Région Île-de-France;CP2023-051;2023-01-25;19930128400014;0930128J;LYCEE PROFESSIONNEL DENIS PAPIN;Lycées et collèges publics;93 LA COURNEUVE D PAPIN ETUDES COUVERTURE SHED BAT A;Affectation;ULYCDP;PLYC DEPENSES DIRECTES;;PLYC/DPM;50000.0;50000.0;93;UAI;1.0
2023;23750007900312;Région Île-de-France;CP2023-052;2023-01-25;;;;;ACCORDS CADRES TRAVAUX 2023 CMR LYCEES;Affectation;ULYCDP;PLYC DEPENSES DIRECTES;;PLYC/DPM;2000000.0;2000000.0;non attribuable;;1.0
2023;23750007900312;Région Île-de-France;CP2023-052;2023-01-25;;;;;AFFECTATION P2P3PFI 2023 CMR;Affectation;ULYCDP;PLYC DEPENSES DIRECTES;;PLYC/DPM;1000000.0;1000000.0;non attribuable;;1.0
2023;23750007900312;Région Île-de-France;CP2023-054;2023-01-25;19941474900010;0941474S;DARIUS MILHAUD - LE KREMLIN BICETRE;Lycées et collèges publics;94 LE KREMLIN D MILHAUD SECU PERIMETRIQUE ET ELECTRONIQUE VIDEO EXT;Affectation;ULYCDP;PLYC DEPENSES DIRECTES;;PLYC/DPM;100000.0;100000.0;94;UAI;1.0
2023;23750007900312;Région Île-de-France;CP2023-054;2023-01-25;19950164400017;0950164M;FRANCOISE DOLTO - BEAUMONT S/OISE;Lycées et collèges publics;95 BEAUMONT F DOLTO MS SECU PERIMETRIQUE ET ELECTRONIQUE;Affectation;ULYCDP;PLYC DEPENSES DIRECTES;;PLYC/DPM;960000.0;960000.0;95;UAI;1.0
2023;23750007900312;Région Île-de-France;CP2023-052;2023-01-25;;;;;PLAN ESPACES SANITAIRES CMR FRANCILIENNES;Affectation;ULYCDP;PLYC DEPENSES DIRECTES;MISE EN OEUVRE PLAN DES ESPACES SANITAIRES DANS LES CITES MIXTES REGIONALES;PLYC/DPM;3786245.0;3786245.0;non attribuable;;1.0
2023;23750007900312;Région Île-de-France;CP2023-051;2023-01-25;;;;;ACCORD CADRE BATIMENT DEMONTABLE;Affectation;ULYCDP;PLYC DEPENSES DIRECTES;;PLYC/DPM;3000000.0;3000000.0;non attribuable;;1.0
2023;23750007900312;Région Île-de-France;CP2023-051;2023-01-25;19750685000019;0750685M;PIERRE GILLES DE GENNES - ENCPB;Lycées et collèges publics;75013 P GILLES DE GENNES ENCPB TRVX RAVALT FACADES BAT LOGT;Affectation;ULYCDP;PLYC DEPENSES DIRECTES;;PLYC/DPM;950000.0;950000.0;75;UAI;1.0
2023;23750007900312;Région Île-de-France;CP2023-051;2023-01-25;19782565600014;0782565P;JULES FERRY - VERSAILLES;Lycées et collèges publics;78 VERSAILLES J FERRY MS MISE EN CONFOR DESENFUMAGE 2 ESCALIERS BAT 600;Affectation;ULYCDP;PLYC DEPENSES DIRECTES;;PLYC/DPM;40000.0;40000.0;78;UAI;1.0
2023;23750007900312;Région Île-de-France;CP2023-051;2023-01-25;19931430300017;0931430Z;LYCEE JACQUES BREL - LA COURNEUVE;Lycées et collèges publics;93 LA COURNEUVE J BREL MOD MULTI SITES REFECTION SALLES CL (SOL MUR PLAFOND ECLAIRAGE);Affectation;ULYCDP;PLYC DEPENSES DIRECTES;;PLYC/DPM;300000.0;300000.0;93;UAI;1.0
2023;23750007900312;Région Île-de-France;CP2023-051;2023-01-25;19941294100015;0941294W;ADOLPHE CHERIOUX - VITRY;Lycées et collèges publics;94 VITRY A CHERIOUX MS TRVX REMPLACT SSI;Affectation;ULYCDP;PLYC DEPENSES DIRECTES;;PLYC/DPM;180000.0;180000.0;94;UAI;1.0
2023;23750007900312;Région Île-de-France;CP2023-052;2023-01-25;;;;;ACCORDS CADRES TRAVAUX CMR COLLEGES;Affectation;ULYCDP;PLYC DEPENSES DIRECTES;;PLYC/DPM;500000.0;500000.0;non attribuable;;1.0
2023;23750007900312;Région Île-de-France;CP2023-054;2023-01-25;19750653800010;0750653C;SOPHIE GERMAIN - PARIS 04;Lycées et collèges publics;75004 S GERMAIN MS OPE SECU MECANIQUE ET ELECTRONIQUE;Affectation;ULYCDP;PLYC DEPENSES DIRECTES;;PLYC/DPM;220000.0;220000.0;75;UAI;1.0
2023;23750007900312;Région Île-de-France;CP2023-051;2023-01-25;19920147600017;0920147K;PAUL LANGEVIN - SURESNES;Lycées et collèges publics;92 SURESNE P LANGEVIN ETUDES ISOLEMENT GARAGES LOGT;Affectation;ULYCDP;PLYC DEPENSES DIRECTES;;PLYC/DPM;8000.0;8000.0;92;UAI;1.0
2023;23750007900312;Région Île-de-France;CP2023-051;2023-01-25;19921594800019;0921594H;MICHEL ANGE - VILLENEUVE-LA-G;Lycées et collèges publics;92 VILLENEUVE MICHEL ANGE DPE REMPLACT MENUISERIES EXT;Affectation;ULYCDP;PLYC DEPENSES DIRECTES;;PLYC/DPM;20000.0;20000.0;92;UAI;1.0
2023;23750007900312;Région Île-de-France;CP2023-051;2023-01-25;19781512900014;0781512V;RENE DESCARTES - MONTIGNY LE BRETONNEUX;Lycées et collèges publics;78 MONTIGNY DESCARTES MS TRVX RENOV SSI BAT PRINCIPAL;Affectation;ULYCDP;PLYC DEPENSES DIRECTES;;PLYC/DPM;100000.0;100000.0;78;UAI;1.0
2023;23750007900312;Région Île-de-France;CP2023-051;2023-01-25;;;;;REGION PLAN ESPACES SANITAIRES DANS LES EPLE FRANCILIENS;Affectation;ULYCDP;PLYC DEPENSES DIRECTES;MISE EN OEUVRE DU PLAN DES ESPACES SANITAIRES DANS LES EPLE FRANCILIENS;PLYC/DP;5000000.0;5000000.0;non attribuable;;1.0
2023;23750007900312;Région Île-de-France;CP2023-051;2023-01-25;19920810900017;0920810F;JEAN MONNET - GARCHES;Lycées et collèges publics;92 GARCHES J MONNET ETUDES REFEC COLONNES MONTANTES ETABLISST;Affectation;ULYCDP;PLYC DEPENSES DIRECTES;;PLYC/DPM;60000.0;60000.0;92;UAI;1.0
2023;23750007900312;Région Île-de-France;CP2023-051;2023-01-25;;;;;ILE DE FRANCE - LYCEES DIVERS - ACCESSIBILITE HANDICAP;Affectation;ULYCDP;PLYC DEPENSES DIRECTES;"13MANHAN01 OPERATIONS SIMPLES (CATEGORIE A)
13MANHAN02 ETUDES ET DIAGNOSTICS

CONVENTIONS DE MANDAT POUR UNE LISTE DE LYCEES 
OPERATIONS DE MISE EN ACCESSIBILITE HANDICAP";PLYC/DP;10000000.0;10000000.0;non attribuable;;1.0
2023;23750007900312;Région Île-de-France;CP2023-054;2023-01-25;19951788900010;0951788C;GEORGE SAND - DOMONT;Lycées et collèges publics;95 DOMONT G SAND MS SECU PERIMETRIQUE ET ELECTRONIQUE;Affectation;ULYCDP;PLYC DEPENSES DIRECTES;;PLYC/DPM;860000.0;860000.0;95;UAI;1.0
2023;23750007900312;Région Île-de-France;CP2023-047;2023-01-25;;;;;SUPPORTS ET OUTILS COMMUNICATION TARIFICATION RESTAURATION;Affectation;ULYCDP;PLYC DEPENSES DIRECTES;;PLYC/DRE;200000.0;200000.0;non attribuable;;1.0
2023;23750007900312;Région Île-de-France;CP2023-051;2023-01-25;19783213200017;0783213U;HERIOT - LA BOISSIERE ECOLE;Lycées et collèges publics;78 LA BOISSIERE HERIOT TRVX RENOV SSI BAT CHATEAU;Affectation;ULYCDP;PLYC DEPENSES DIRECTES;;PLYC/DPM;40000.0;40000.0;78;UAI;1.0
2023;23750007900312;Région Île-de-France;CP2023-051;2023-01-25;19920135100012;0920135X;LYCEE GEN TECHNOLOGIQUE EMMANUEL MOUNIER;Lycées et collèges publics;92 CHATENAY E MOUNIER RENOV PLATEAU SPORTIF? 2 GYMNASES? SALLE MUSCU;Affectation;ULYCDP;PLYC DEPENSES DIRECTES;;PLYC/DPM;2200000.0;2200000.0;92;UAI;1.0
2023;23750007900312;Région Île-de-France;CP2023-054;2023-01-25;19940145600017;0940145X;CAMILLE CLAUDEL - VITRY;Lycées et collèges publics;94 VITRY C CLAUDEL MS SECU PERIMETRIQUE ET ELCTRONIQUE VIDEO EXT ET INT;Affectation;ULYCDP;PLYC DEPENSES DIRECTES;;PLYC/DPM;250000.0;250000.0;94;UAI;1.0
2023;23750007900312;Région Île-de-France;CP2023-051;2023-01-25;19782587000011;0782587N;VIOLLET LE DUC - VILLIERS ST FRED;Lycées et collèges publics;78 VILLIERS ST FREDERIC VIOLLET LE DUC DPE RENOV CUISINE ET 1/2 PENSION;Affectation;ULYCDP;PLYC DEPENSES DIRECTES;;PLYC/DPM;30000.0;30000.0;78;UAI;1.0
2023;23750007900312;Région Île-de-France;CP2023-051;2023-01-25;19920130200015;0920130S;RENE DESCARTES - ANTONY;Lycées et collèges publics;92 ANTONY DESCARTES TRVX REFECTION LOGEMENTS (7);Affectation;ULYCDP;PLYC DEPENSES DIRECTES;;PLYC/DPM;210000.0;210000.0;92;UAI;1.0
2023;23750007900312;Région Île-de-France;CP2023-052;2023-01-25;19931737100011;0932122B;D'ALEMBERT - AUBERVILLIERS;Lycées et collèges publics;93 AUBERVILLIERS D'ALEMBERT REFECT SALLES MODE B1 ET B2;Affectation;ULYCDP;PLYC DEPENSES DIRECTES;;PLYC/DPM;190000.0;190000.0;93;UAI;1.0
2023;23750007900312;Région Île-de-France;CP2023-054;2023-01-25;19940122500016;0940122X;LYCEE CONDORCET - ST MAUR DES FOSSES;Lycées et collèges publics;94 ST MAUR CONDORCET 9MS SECU PERIMETRIQUE ET ELECTRONIQUE VIDEO EXT;Affectation;ULYCDP;PLYC DEPENSES DIRECTES;;PLYC/DPM;170000.0;170000.0;94;UAI;1.0
2023;23750007900312;Région Île-de-France;CP2023-054;2023-01-25;19951748300012;0951748J;EVARISTE GALOIS - BEAUMONT S/OISE;Lycées et collèges publics;95 BEAUMONT SUR OISE  E GALOIS MS OPE SECU SITE;Affectation;ULYCDP;PLYC DEPENSES DIRECTES;MS operation de sécurisation du site;PLYC/DPM;540000.0;540000.0;95;UAI;1.0
2023;23750007900312;Région Île-de-France;CP2023-053;2023-01-25;;;;;LOCATION AERODROME DE CERNY/LYCEE ALEXANDRE DENIS;Affectation;ULYCDP;PLYC DEPENSES DIRECTES;;PLYC/DP;31000.0;31000.0;91;commune;1.0
2023;23750007900312;Région Île-de-France;CP2023-054;2023-01-25;19781983200019;0781983G;ADRIENNE BOLLAND - POISSY;Lycées et collèges publics;78 POISSY A BOLLAND MS SECU VIDEO PPMS CONTROLE ACCES CLOTURE;Affectation;ULYCDP;PLYC DEPENSES DIRECTES;;PLYC/DPM;700000.0;700000.0;78;UAI;1.0
2023;23750007900312;Région Île-de-France;CP2023-047;2023-01-25;;;;;Projet bio local CP janvier 23;Affectation;ULYCDP;PLYC DEPENSES DIRECTES;;PLYC/LLAB;280000.0;280000.0;non attribuable;;1.0
2023;23750007900312;Région Île-de-France;CP2023-051;2023-01-25;;;;;P2P3PFI 2023;Affectation;ULYCDP;PLYC DEPENSES DIRECTES;;PLYC/DPM;4000000.0;4000000.0;non attribuable;;1.0
2023;23750007900312;Région Île-de-France;CP2023-021;2023-01-25;;;;;PRESTA DES MODULES DU SERVICE MARCHE SIER LYCEES PUBLICS;Affectation;DSIDP;PTN DEPENSES DIRECTES;;PTN/MAAT;320000.0;320000.0;non attribuable;;1.0
2023;23750007900312;Région Île-de-France;CP2023-051;2023-01-25;19780422200028;0780422K;LYCEE GENERAL ET TECHNOLOGIQUE F VILLON;Lycées et collèges publics;78 LES MUREAUX F VILLON ETUDES REMPLACT PHT AVEC REHAUSSEMENT;Affectation;ULYCDP;PLYC DEPENSES DIRECTES;;PLYC/DPM;15000.0;15000.0;78;UAI;1.0
2023;23750007900312;Région Île-de-France;CP2023-051;2023-01-25;19781859400016;0781859X;VINCENT VAN GOGH - AUBERGENVILLE;Lycées et collèges publics;78 AUBERGENVILLE VINCENT VAN GOGH REFECTION CENTRALE ET SYSTEME SSI;Affectation;ULYCDP;PLYC DEPENSES DIRECTES;;PLYC/DPM;67688.0;67688.0;78;UAI;1.0
2023;23750007900312;Région Île-de-France;CP2023-054;2023-01-25;19941972200020;0941972H;FERNAND LEGER - IVRY S/S;Lycées et collèges publics;94 IVRY F LEGER SECU PERIMETRIQUE ET ELECTRO VIDEO EXT;Affectation;ULYCDP;PLYC DEPENSES DIRECTES;;PLYC/DPM;130000.0;130000.0;94;UAI;1.0
2023;23750007900312;Région Île-de-France;CP2023-021;2023-01-25;;;;;PRESTATIONS MAINTENANCE ET EXPLOITATION DU CENTRE DE SERVICE NUMERIQUE REGIONAL;Affectation;DSIDP;PTN DEPENSES DIRECTES;;PTN/MAAT;2000000.0;2000000.0;non attribuable;;1.0
2023;23750007900312;Région Île-de-France;CP2023-054;2023-01-25;19951281500010;0951281B;TURGOT - MONTMORENCY;Lycées et collèges publics;95 MONTMORENCY TURGOT MS SECU PERIMETRIQUE ET ELECTRONIQUE;Affectation;ULYCDP;PLYC DEPENSES DIRECTES;;PLYC/DPM;310000.0;310000.0;95;UAI;1.0
2023;23750007900312;Région Île-de-France;CP2023-051;2023-01-25;19782565600014;0782565P;JULES FERRY - VERSAILLES;Lycées et collèges publics;78 VERSAILLES J FERRY MAPA TRVX RENOV TOITURE BAT 600;Affectation;ULYCDP;PLYC DEPENSES DIRECTES;;PLYC/DPM;230000.0;230000.0;78;UAI;1.0
2023;23750007900312;Région Île-de-France;CP2023-051;2023-01-25;;;;;GROS TRVX RENOV MODERNISATION CLOS COUVERT STRUCTURE (CCS);Affectation;ULYCDP;PLYC DEPENSES DIRECTES;;PLYC/DPM;28243222.11;28243222.11;non attribuable;;1.0
2023;23750007900312;Région Île-de-France;CP2023-051;2023-01-25;19920147600017;0920147K;PAUL LANGEVIN - SURESNES;Lycées et collèges publics;92 SURESNE P LANGEVIN TRVX ISOLEMENT GARAGES LOGTS;Affectation;ULYCDP;PLYC DEPENSES DIRECTES;;PLYC/DPM;80000.0;80000.0;92;UAI;1.0
2023;23750007900312;Région Île-de-France;CP2023-006;2023-01-25;;;;;2023 COMMUNICATION INTERNE LYCEES;Affectation;UPRHDP;PRH DEPENSES DIRECTES;;PRH/MAPPTDS;153000.0;153000.0;non attribuable;;1.0
2023;23750007900312;Région Île-de-France;CP2023-051;2023-01-25;19951727700018;0951727L;CHARLES BAUDELAIRE - FOSSES;Lycées et collèges publics;95 FOSSES BAUDELAIRE MS CONSTRUCTION BD 8 CLASSES;Affectation;ULYCDP;PLYC DEPENSES DIRECTES;;PLYC/DPM;2600000.0;2600000.0;95;UAI;1.0
2023;23750007900312;Région Île-de-France;CP2023-052;2023-01-25;;;;;REMPLCT PRODU THERMI CMR;Affectation;ULYCDP;PLYC DEPENSES DIRECTES;;PLYC/DP;6666.1;6666.1;non attribuable;;1.0
2023;23750007900312;Région Île-de-France;CP2023-051;2023-01-25;19783259500015;0783259U;ERPD - LA VERRIERE;Lycées et collèges publics;78 LA VERRIERE ERPD MS TRVX RENOV SSI INTERNAT ET BAT PRINCIPAL;Affectation;ULYCDP;PLYC DEPENSES DIRECTES;;PLYC/DPM;350000.0;350000.0;78;UAI;1.0
2023;23750007900312;Région Île-de-France;CP2023-051;2023-01-25;19920130200015;0920130S;RENE DESCARTES - ANTONY;Lycées et collèges publics;92 ANTONY T MONOD MS REMPLACT PLAFONDS MISE EN PLACE LEDS PEINTURE CIRCULATION ET SALLES DE CL;Affectation;ULYCDP;PLYC DEPENSES DIRECTES;;PLYC/DPM;250000.0;250000.0;92;UAI;1.0
2023;23750007900312;Région Île-de-France;CP2023-052;2023-01-25;;;;;FONDS D'URGENCE 2023 CMR;Affectation;ULYCDP;PLYC DEPENSES DIRECTES;;PLYC/DPM;200000.0;200000.0;non attribuable;;1.0
2023;23750007900312;Région Île-de-France;CP2023-054;2023-01-25;19782132500010;0782132U;JEANNE D'ALBRET - ST GERMAIN EN LAYE;Lycées et collèges publics;78 ST GERMAIN J D'ALBRET MS SECU VIDEO PPMS CONTROLE ACCES CLOTURE;Affectation;ULYCDP;PLYC DEPENSES DIRECTES;;PLYC/DPM;850000.0;850000.0;78;UAI;1.0
2023;23750007900312;Région Île-de-France;CP2023-021;2023-01-25;;;;;MANUELS ET RESSOURCES PEDAGOGIQUES-COMMANDE D'ORDINATEURS;Affectation;DSIDP;PTN DEPENSES DIRECTES;;PTN/MAAT;55000000.0;55000000.0;non attribuable;;1.0
2023;23750007900312;Région Île-de-France;CP2023-048;2023-01-25;;;;;78 MANTES LA VILLE LYCEE CLAUDEL EXTENSION CAPACITE;Affectation;ULYCDP;PLYC DEPENSES DIRECTES;"CONVENTION DE MANDAT
EXTENSION DE CAPACITE";PLYC/DP;6700000.0;6700000.0;78;numero;1.0
2023;23750007900312;Région Île-de-France;CP2023-021;2023-01-25;;;;;RENOVATION DES INFRASTRUCTURES RESEAUX ET CENTRE DE SERVICE NUMERIQUE - CMR;Affectation;DSIDP;PTN DEPENSES DIRECTES;;PTN/MAAT;200000.0;200000.0;non attribuable;;1.0
2023;23750007900312;Région Île-de-France;CP2023-021;2023-01-25;;;;;ACHAT EQUIPEMENTS INFORMATIQUES ET RESEAUX - LYCEES PUBLICS;Affectation;DSIDP;PTN DEPENSES DIRECTES;;PTN/MAAT;4000000.0;4000000.0;non attribuable;;1.0
2023;23750007900312;Région Île-de-France;CP2023-051;2023-01-25;19782568000014;0782568T;ALAIN - LE VESINET;Lycées et collèges publics;78 LE VESINET ALAIN EMPLACEMENT DE 2 CTA SIMPLE FLUX RESEAUX CLASSES;Affectation;ULYCDP;PLYC DEPENSES DIRECTES;;PLYC/DPM;61000.0;61000.0;78;UAI;1.0
2023;23750007900312;Région Île-de-France;CP2023-054;2023-01-25;19950949800010;0950949R;JEAN MERMOZ - MONTSOULT;Lycées et collèges publics;95 MONTSOULT J MERMOZ MS SECU PERIMETRIQUE ET ELECTRONIQUE;Affectation;ULYCDP;PLYC DEPENSES DIRECTES;;PLYC/DPM;830000.0;830000.0;95;UAI;1.0
2023;23750007900312;Région Île-de-France;CP2023-037;2023-01-25;;;;;FONDS COMMUN DE FONCTIONNEMENT 2023;Affectation;ULYCDP;PLYC DEPENSES DIRECTES;;PLYC/DP;1624740.0;1624740.0;non attribuable;;1.0
2023;23750007900312;Région Île-de-France;CP2023-051;2023-01-25;19782549000018;0782549X;LOUIS BASCAN - RAMBOUILLET;Lycées et collèges publics;78 RAMBOUILLET L BASCAN RENO DES TOITURES TERRASSES;Affectation;ULYCDP;PLYC DEPENSES DIRECTES;;PLYC/DPM;150000.0;150000.0;78;UAI;1.0
2023;23750007900312;Région Île-de-France;CP2023-051;2023-01-25;;;;;AFFECT AP PROV 2023;Affectation;ULYCDP;PLYC DEPENSES DIRECTES;;PLYC/DPM;1000000.0;1000000.0;non attribuable;;1.0
2023;23750007900312;Région Île-de-France;CP2023-052;2023-01-25;;;;;CONTRAT DE PRESTATIONS INTEGREES;Affectation;ULYCDP;PLYC DEPENSES DIRECTES;;PLYC/DPM;1777070.0;1777070.0;non attribuable;;1.0
2023;23750007900312;Région Île-de-France;CP2023-051;2023-01-25;19922149000022;0922149L;RENE AUFFRAY - CLICHY;Lycées et collèges publics;92 CLICHY R AUFFRAY REHAB CHAMBRES PEDAGO HOTEL D'APPLI;Affectation;ULYCDP;PLYC DEPENSES DIRECTES;;PLYC/DPM;600000.0;600000.0;92;UAI;1.0
2023;23750007900312;Région Île-de-France;CP2023-051;2023-01-25;19920801800010;0920801W;ALEXANDRE DUMAS - ST CLOUD;Lycées et collèges publics;92 ST CLOUD A DUMAS MS TRVX DESENFUMAGE SALLE A MANGER MISE EN CONFOR PASSAGE CABLES PARC STATION;Affectation;ULYCDP;PLYC DEPENSES DIRECTES;;PLYC/DPM;150000.0;150000.0;92;UAI;1.0
2023;23750007900312;Région Île-de-France;CP2023-051;2023-01-25;19780486700012;0780486E;LA BATELLERIE - CONFLANS;Lycées et collèges publics;78 CONFLANS LA BATELLERIE TRVX MISE EN SECU FALAISE;Affectation;ULYCDP;PLYC DEPENSES DIRECTES;;PLYC/DPM;200000.0;200000.0;78;UAI;1.0
2023;23750007900312;Région Île-de-France;CP2023-052;2023-01-25;;;;;ACCORDS CADRES ETUDES CMR COLLEGES;Affectation;ULYCDP;PLYC DEPENSES DIRECTES;;PLYC/DPM;110000.0;110000.0;non attribuable;;1.0
2023;23750007900312;Région Île-de-France;CP2023-054;2023-01-25;19750647000016;0750647W;LYCEE TURGOT;Lycées et collèges publics;75003 TURGOT MS OPE SECU MECANIQUE ET ELECTRONIQUE;Affectation;ULYCDP;PLYC DEPENSES DIRECTES;;PLYC/DPM;300000.0;300000.0;75;UAI;1.0
2023;23750007900312;Région Île-de-France;CP2023-051;2023-01-25;19920164100016;0920164D;JEAN MONNET - MONTROUGE;Lycées et collèges publics;92 MONTROUGE J MONNET MS TRVX REMPLACT SSI;Affectation;ULYCDP;PLYC DEPENSES DIRECTES;;PLYC/DPM;480000.0;480000.0;92;UAI;1.0
2023;23750007900312;Région Île-de-France;CP2023-051;2023-01-25;19920810900017;0920810F;JEAN MONNET - GARCHES;Lycées et collèges publics;92 GARCHES J MONNET MS TRVX REMPLACT SSI;Affectation;ULYCDP;PLYC DEPENSES DIRECTES;;PLYC/DPM;500000.0;500000.0;92;UAI;1.0
2023;23750007900312;Région Île-de-France;CP2023-021;2023-01-25;;;;;RENOVATION DES INFRASTRUCTURES RESEAUX ET CENTRE DE SERVICE NUMERIQUE - LYCEES;Affectation;DSIDP;PTN DEPENSES DIRECTES;;PTN/MAAT;2000000.0;2000000.0;non attribuable;;1.0
2023;23750007900312;Région Île-de-France;CP2023-051;2023-01-25;19782540900018;0782540M;LYCEE POLYVALENT JEAN ROSTAND;Lycées et collèges publics;78 MANTES LA JOLIE J ROSTAND OPE RENOV INTERIEURE GYMNASE;Affectation;ULYCDP;PLYC DEPENSES DIRECTES;78 MANTES LA JOLIE JEAN ROSTAND OPERATION RENOVATION PHASE 1 (RENOVATION INTERIEURE DU GYMNASE);PLYC/DPM;1900000.0;1900000.0;78;UAI;1.0
2023;23750007900312;Région Île-de-France;CP2023-051;2023-01-25;19940122500016;0940122X;LYCEE CONDORCET - ST MAUR DES FOSSES;Lycées et collèges publics;94 ST MAUR CONDORCET MS TRVX REMPLACEMENT SSI;Affectation;ULYCDP;PLYC DEPENSES DIRECTES;;PLYC/DPM;260000.0;260000.0;94;UAI;1.0
2023;23750007900312;Région Île-de-France;CP2023-054;2023-01-25;19781839600016;0781839A;LYCEE GENERAL TECHNOLOGIQUE JEAN MONNET;Lycées et collèges publics;78 LA QUEUE LES YVELINES J MONNET MS REFECTION VIDEOSURVEILLANCE;Affectation;ULYCDP;PLYC DEPENSES DIRECTES;;PLYC/DPM;80000.0;80000.0;78;UAI;1.0
2023;23750007900312;Région Île-de-France;CP2023-054;2023-01-25;19940116700010;0940116R;EUGENE DELACROIX - MAISONS ALFORT;Lycées et collèges publics;94 MAISONS ALFORT E DELACROIX MS SECU PERIMETRIQUE ET ELECTRONIQUE VIDEO INT ET EXT;Affectation;ULYCDP;PLYC DEPENSES DIRECTES;;PLYC/DPM;380000.0;380000.0;94;UAI;1.0
2023;23750007900312;Région Île-de-France;CP2023-051;2023-01-25;19941635500014;0941975L;PIERRE BROSSOLETTE - LE KREMLIN BICETRE;Lycées et collèges publics;94 LE KREMLIN P BROSSOLETTE MS TRVX RENOV SSI;Affectation;ULYCDP;PLYC DEPENSES DIRECTES;;PLYC/DPM;180000.0;180000.0;94;UAI;1.0
2023;23750007900312;Région Île-de-France;CP2023-051;2023-01-25;;;;;FONDS D'URGENCE 2023 EPLE;Affectation;ULYCDP;PLYC DEPENSES DIRECTES;;PLYC/DPM;1000000.0;1000000.0;non attribuable;;1.0
2023;23750007900312;Région Île-de-France;CP2023-053;2023-01-25;;;;;AE PROV 2023 - CHAP 932 FONCTIONNEMENT PLYC;Affectation;ULYCDP;PLYC DEPENSES DIRECTES;;PLYC/DP;320000.0;320000.0;non attribuable;;1.0
2023;23750007900312;Région Île-de-France;CP2023-054;2023-01-25;19920165800010;0922464D;LOUISE MICHEL - NANTERRE;Lycées et collèges publics;92 NANTERRE L MICHEL MS TRVX SURETE ELECTRO CREATION VIDEO REMPLACT ALARME;Affectation;ULYCDP;PLYC DEPENSES DIRECTES;;PLYC/DPM;100000.0;100000.0;92;UAI;1.0
2023;23750007900312;Région Île-de-France;CP2023-029;2023-01-25;;;;;ORGANISATION DE LA RESTITUTION DES VOYAGES A AUSCHWITZ-BIRKENAU;Affectation;ULYCDP;PLYC DEPENSES DIRECTES;;PLYC/DRE;10000.0;10000.0;non attribuable;;1.0
2023;23750007900312;Région Île-de-France;CP2023-021;2023-01-25;;;;;EQUIPEMENTS AUDIOVISUELS LYCEES PUBLICS;Affectation;DSIDP;PTN DEPENSES DIRECTES;;PTN/MAAT;2000000.0;2000000.0;non attribuable;;1.0
2023;23750007900312;Région Île-de-France;CP2023-052;2023-01-25;;;;;PLAN TRVX CLOS COUVERT STRUCTURE CMR;Affectation;ULYCDP;PLYC DEPENSES DIRECTES;;PLYC/DPM;1750123.4;1750123.4;non attribuable;;1.0
2023;23750007900312;Région Île-de-France;CP2023-006;2023-01-25;;;;;2023 EPI AGENTS DES LYCEES;Affectation;UPRHDP;PRH DEPENSES DIRECTES;;PRH/MAPPTDS;810000.0;810000.0;non attribuable;;1.0
2023;23750007900312;Région Île-de-France;CP2023-048;2023-01-25;;;;;94 CACHAN LYCEE LEONARD DE VINCI;Affectation;ULYCDP;PLYC DEPENSES DIRECTES;PPI CP OCTOBRE 2018;PLYC/DP;500000.0;500000.0;94;numero;1.0
2023;23750007900312;Région Île-de-France;CP2023-051;2023-01-25;19781984000012;0781984H;JACQUES VAUCANSON - LES MUREAUX;Lycées et collèges publics;78 LES MUREAUX VAUCANSON REFECTION ETANCHEITE TOITURE DEMI PENSION PHASE 2;Affectation;ULYCDP;PLYC DEPENSES DIRECTES;;PLYC/DPM;30000.0;30000.0;78;UAI;1.0
2023;23750007900312;Région Île-de-France;CP2023-051;2023-01-25;19951282300014;0951282C;DU VEXIN - CHARS;Lycées et collèges publics;95 CHARS VEXIN MS REMPLACMT SSI;Affectation;ULYCDP;PLYC DEPENSES DIRECTES;;PLYC/DPM;140000.0;140000.0;95;UAI;1.0
2023;23750007900312;Région Île-de-France;CP2023-062;2023-01-25;;;;;MAC MOBILIER SCOLAIRE EPLE;Affectation;ULYCDP;PLYC DEPENSES DIRECTES;;PLYC;5000000.0;5000000.0;non attribuable;;1.0
2023;23750007900312;Région Île-de-France;CP2023-052;2023-01-25;19750654600013;0750654D;LYCEE HENRI IV - PARIS 05;Lycées et collèges publics;75005 HENRI IV BDC MS DEMOL BD ET CONSTRUCTION BD;Affectation;ULYCDP;PLYC DEPENSES DIRECTES;;PLYC/DPM;3500000.0;3500000.0;75;UAI;1.0
2023;23750007900312;Région Île-de-France;CP2023-054;2023-01-25;19950645200010;0950645K;VAN GOGH - ERMONT;Lycées et collèges publics;95 ERMONT VAN GOGH MS SURETE ELECTRONIQUE;Affectation;ULYCDP;PLYC DEPENSES DIRECTES;;PLYC/DPM;86900.0;86900.0;95;UAI;1.0
2023;23750007900312;Région Île-de-France;CP2023-051;2023-01-25;19921626800011;0921626T;CLAUDE CHAPPE - NANTERRE;Lycées et collèges publics;92 NANTERRE C CHAPPE MAPA REMLPCT CANA EVACU AMIANTEES EN VIDE SANITAIRE;Affectation;ULYCDP;PLYC DEPENSES DIRECTES;;PLYC/DPM;500000.0;500000.0;92;UAI;1.0
2023;23750007900312;Région Île-de-France;CP2023-054;2023-01-25;19940141500013;0940141T;LYCEE JACQUES BREL - CHOISY;Lycées et collèges publics;94 CHOISY J BREL MS TRVX SECU ELECTRO VIDEO INT ET EXT;Affectation;ULYCDP;PLYC DEPENSES DIRECTES;;PLYC/DPM;100000.0;100000.0;94;UAI;1.0
2023;23750007900312;Région Île-de-France;CP2023-054;2023-01-25;19920804200010;0922398G;GUSTAVE EIFFEL - RUEIL-M;Lycées et collèges publics;92 RUEIL G EIFFEL REMPLACT 12 CAMERAS ANTI INTRUSION;Affectation;ULYCDP;PLYC DEPENSES DIRECTES;;PLYC/DPM;100000.0;100000.0;92;UAI;1.0
2023;23750007900312;Région Île-de-France;CP2023-051;2023-01-25;19783259500015;0783259U;ERPD - LA VERRIERE;Lycées et collèges publics;78 LA VERRIERE ERPD LA VERRIERE SURCHAUFFE SALLES DE CLASSES;Affectation;ULYCDP;PLYC DEPENSES DIRECTES;;PLYC/DPM;97000.0;97000.0;78;UAI;1.0
2022;23750007900312;Région Île-de-France;CP2022-468;2022-11-10;;;;;92 ASNIERES SUR SEINE LYC RENOIR CREATION LIEUX VIE ET REFECTION FACADES;Affectation;ULYCDP;PLYC DEPENSES DIRECTES;CONVENTION DE MANDAT;PLYC/DP;20026.0;20026.0;92;numero;1.0
2022;23750007900312;Région Île-de-France;CP2022-471;2022-11-10;19920141900017;0920141D;JOLIOT CURIE - NANTERRE;Lycées et collèges publics;77 DAMMARIE LES LYS F JOLIOT CURIE RENOV REVËT SOL 7 SALLES BAT E;Affectation;ULYCDP;PLYC DEPENSES DIRECTES;77 DAMMARIE LES LYS F JOLIOT CURIE RENOVATION REVËTEMENT DE SOL DANS 7 SALLES DE SCIENCES BATIMENT E 2EME ETAGE;PLYC/DPM;175000.0;175000.0;92;UAI;1.0
2022;23750007900312;Région Île-de-France;CP2022-468;2022-11-10;;;;;94 CHAMPIGNY MICHEL ET WALLON RG RESTRUCT GLOBALE;Affectation;ULYCDP;PLYC DEPENSES DIRECTES;;PLYC/DP;1820000.0;1820000.0;94;numero;1.0
2022;23750007900312;Région Île-de-France;CP2022-471;2022-11-10;;;;;FONDS D URGENCE 2022;Revalorisation;ULYCDP;PLYC DEPENSES DIRECTES;;PLYC/DPM;400000.0;400000.0;non attribuable;;1.0
2022;23750007900312;Région Île-de-France;CP2022-443;2022-11-10;;;;;Conférence sur les métiers de la transition écologique;Affectation;ULYCDP;PLYC DEPENSES DIRECTES;;PLYC/DRE;5000.0;5000.0;non attribuable;;1.0
2022;23750007900312;Région Île-de-France;CP2022-471;2022-11-10;20003781000013;0772751X;CHARLOTTE DELBO - DAMMARTIN;Lycées et collèges publics;77 DAMMARTIN EN GOELE C DELBO MOD ETUDES AMENAGEMENT BAT FANTOME EN SALLE MULTI SPORTS;Affectation;ULYCDP;PLYC DEPENSES DIRECTES;77 DAMMARTIN EN GOELE C DELBO MOD ETUDES AMENAGEMENT BATIMENT FANTOME EN SALLE MULTI SPORTS;PLYC/DPM;60000.0;60000.0;77;UAI;1.0
2022;23750007900312;Région Île-de-France;CP2022-474;2022-11-10;19940123300010;0940123Y;GUILLAUME APOLLINAIRE - THIAIS;Lycées et collèges publics;94 THIAIS GUILLAUME APOLLINAIRE TRAVAUX DE SECURISATION;Revalorisation;ULYCDP;PLYC DEPENSES DIRECTES;;PLYC/DPM;90000.0;90000.0;94;UAI;1.0
2022;23750007900312;Région Île-de-France;CP2022-474;2022-11-10;19772127700014;0772127U;LYCEE GALILEE - COMBS LA VILLE;Lycées et collèges publics;77 COMBS LA VILLE GALILEE MS TRVX SECU ENTREE SECU ELECTRO;Affectation;ULYCDP;PLYC DEPENSES DIRECTES;77 COMBS LA VILLE GALILEE MS TRVX SECU ENTREE ET SECU ELECTRONIQUE;PLYC/DPM;250000.0;250000.0;77;UAI;1.0
2022;23750007900312;Région Île-de-France;CP2022-473;2022-11-10;;;;;99 MAINTENANCE ET FOURNITURE ELECTRICITE DANS LYCEES FRANCILIENS;Revalorisation;ULYCDP;PLYC DEPENSES DIRECTES;;PLYC/DP;12929000.0;12929000.0;regional;numero 99;1.0
2022;23750007900312;Région Île-de-France;CP2022-471;2022-11-10;19940123300010;0940123Y;GUILLAUME APOLLINAIRE - THIAIS;Lycées et collèges publics;94 APOLINAI THIAIS TVX REAG REFEC;Affectation;ULYCDP;PLYC DEPENSES DIRECTES;TRAVAUX DE REAMENAGEMENT DU REFECTOIRE;PLYC/DP;250000.0;250000.0;94;UAI;1.0
2022;23750007900312;Région Île-de-France;CP2022-474;2022-11-10;19920158300010;0920158X;LA TOURNELLE - LA GARENNE C;Lycées et collèges publics;92 LA GARENNE COLOMBES LA TOURNELLE MS SECU SITE;Affectation;ULYCDP;PLYC DEPENSES DIRECTES;92 LA GARENNE COLOMBES LA TOURNELLE 2022 MS SECURISATION DU SITE;PLYC/DPM;80000.0;80000.0;92;UAI;1.0
2022;23750007900312;Région Île-de-France;CP2022-488;2022-11-10;;;;;93 - Saint-Ouen - Lyc Marcel Cachin - ROC SOLIDEO;Affectation;ULYCDP;PLYC DEPENSES DIRECTES;"Annexe 8 à la convention d'objectifs relative à l'ouvrage olymlpique ""lycée Marcel cachin de Saint-Ouen-sur-Seine"" votée en CP n° 2021-313 du 22 juillet 2021.";PLYC/DP;70000.0;70000.0;93;numero;1.0
2022;23750007900312;Région Île-de-France;CP2022-423;2022-11-10;;;;;ACHAT EQUIPEMENTS INFORMATIQUES LYCEES PUBLICS;Affectation;DSIDP;PTN DEPENSES DIRECTES;;PTN/MAAT;500000.0;500000.0;non attribuable;;1.0
2022;23750007900312;Région Île-de-France;CP2022-471;2022-11-10;19931613400014;0931613Y;LOUISE MICHEL - BOBIGNY;Lycées et collèges publics;93 BOBIGNY L MICHEL MOD TRVX REFECT 34 SALLE CLASSE;Affectation;ULYCDP;PLYC DEPENSES DIRECTES;93 BOBIGNY L MICHEL MOD TRAVAUX REFECTION 34 SALLES CLASSE (SOL MUR PLAFOND);PLYC/DPM;500000.0;500000.0;93;UAI;1.0
2022;23750007900312;Région Île-de-France;CP2022-471;2022-11-10;19940141500013;0940141T;LYCEE JACQUES BREL - CHOISY;Lycées et collèges publics;94 CHOISY LE ROI J BREL TRVX RECHAPAGE TOITURE ATELIER;Affectation;ULYCDP;PLYC DEPENSES DIRECTES;;PLYC/DPM;260000.0;260000.0;94;UAI;1.0
2022;23750007900312;Région Île-de-France;CP2022-474;2022-11-10;19750677700014;0750677D;ELISA LEMONNIER - PARIS 12;Lycées et collèges publics;75012 E LEMONNIER MS SECURISATION DU SITE;Affectation;ULYCDP;PLYC DEPENSES DIRECTES;75012 E LEMONNIER 2022 MS SECURISATION DU SITE;PLYC/DPM;450000.0;450000.0;75;UAI;1.0
2022;23750007900312;Région Île-de-France;CP2022-474;2022-11-10;19920141900017;0920141D;JOLIOT CURIE - NANTERRE;Lycées et collèges publics;92 NANTERRE J CURIE MS TRVX SECU PPMS;Affectation;ULYCDP;PLYC DEPENSES DIRECTES;92 NANTERRE J CURIE MS TRVX SECURISATION PPMS;PLYC/DPM;90000.0;90000.0;92;UAI;1.0
2022;23750007900312;Région Île-de-France;CP2022-471;2022-11-10;19752961300014;0752961L;GUSTAVE EIFFEL - PARIS 07;Lycées et collèges publics;75007 GUSTAVE EIFFEL  REF SALLES INFO, BLOCS SANITAIRES REMPLT FENETRES ET PORTES;Revalorisation;ULYCDP;PLYC DEPENSES DIRECTES;;PLYC/DPM;100000.0;100000.0;75;UAI;1.0
2022;23750007900312;Région Île-de-France;CP2022-474;2022-11-10;19772225900011;0772225A;LINO VENTURA - OZOIR LA FERRIERE;Lycées et collèges publics;77 OZOIR LA FERRIERE L VENTURA MS SECU ELECTRO;Affectation;ULYCDP;PLYC DEPENSES DIRECTES;77 OZOIR LA FERRIERE L VENTURA 2022 MS SECURISATION ELECTRONIQUE;PLYC/DPM;250000.0;250000.0;77;UAI;1.0
2022;23750007900312;Région Île-de-France;CP2022-471;2022-11-10;19750558900030;0750558Z;LYCEE PAUL POIRET - PARIS 11;Lycées et collèges publics;75011 PAUL POIRET REMPLACEMENT SSI;Affectation;ULYCDP;PLYC DEPENSES DIRECTES;;PLYC/DPM;160000.0;160000.0;75;UAI;1.0
2022;23750007900312;Région Île-de-France;CP2022-474;2022-11-10;19781819800016;0781819D;EMILIE DE BRETEUIL - MONTIGNY LE BRETONNEUX;Lycées et collèges publics;78 MONTIGNY LE BRETONNEUX E DE BRETEUIL TRVX SECU ET VRD 2 SITES;Affectation;ULYCDP;PLYC DEPENSES DIRECTES;78 MONTIGNY LE BRETONNEUX E DE BRETEUIL TRVX SECURISATION ET VRD DES 2 SITES DU LYCEE;PLYC/DPM;800000.0;800000.0;78;UAI;1.0
2022;23750007900312;Région Île-de-France;CP2022-474;2022-11-10;19951748300012;0951748J;EVARISTE GALOIS - BEAUMONT S/OISE;Lycées et collèges publics;95 BEAUMONT SUR OISE  E GALOIS MS OPE SECU SITE;Affectation;ULYCDP;PLYC DEPENSES DIRECTES;MS operation de sécurisation du site;PLYC/DPM;60000.0;60000.0;95;UAI;1.0
2022;23750007900312;Région Île-de-France;CP2022-471;2022-11-10;19940126600036;0940126B;MAXIMILIEN-PERRET - ALFORTVILLE;Lycées et collèges publics;94 ALFORTVILLE M PERRET : TRVX AC 2022 rénovation amphithéatre;Affectation;ULYCDP;PLYC DEPENSES DIRECTES;;PLYC/DPM;250000.0;250000.0;94;UAI;1.0
2022;23750007900312;Région Île-de-France;CP2022-471;2022-11-10;;;;;REMPLCT DES PRODUCT THERM;Affectation;ULYCDP;PLYC DEPENSES DIRECTES;REMPLACEMENT DES PRODUCTIONS THERMIQUES (CHAUFFAGE ET ECS....);PLYC/DP;1122918.0;1122918.0;non attribuable;;1.0
2022;23750007900312;Région Île-de-France;CP2022-474;2022-11-10;19941952400012;0941952L;FRANCOIS ARAGO - VILLENEUVE ST GEORGES;Lycées et collèges publics;94 VILLENEUVE ST GEORGES F ARAGO MS TRVX SECURISATION;Affectation;ULYCDP;PLYC DEPENSES DIRECTES;94 VILLENEUVE ST GEORGES F ARAGO MS TRVX SECURISATION;PLYC/DPM;440000.0;440000.0;94;UAI;1.0
2022;23750007900312;Région Île-de-France;CP2022-471;2022-11-10;19940115900017;0940115P;ROMAIN ROLLAND - IVRY;Lycées et collèges publics;94 IVRY SUR SEINE R ROLLAND MOD COMPL CREDIT RESTRUC DEMI PENSION;Affectation;ULYCDP;PLYC DEPENSES DIRECTES;94 IVRY SUR SEINE R ROLLAND MOD COMPLEMENT CREDITS RESTRUCTURATION DEMI PENSION;PLYC/DPM;300000.0;300000.0;94;UAI;1.0
2022;23750007900312;Région Île-de-France;CP2022-472;2022-11-10;;;;;AFFECT ACCO CADR TVX LYC;Affectation;ULYCDP;PLYC DEPENSES DIRECTES;;PLYC/DP;1000000.0;1000000.0;non attribuable;;1.0
2022;23750007900312;Région Île-de-France;CP2022-474;2022-11-10;19950983700027;0950983C;LA TOUR DU MAIL - SANNOIS;Lycées et collèges publics;95 SANNOIS TOUR DU MAIL MS TRVX SECU PERIMETRIQUE ET ELECTRO;Affectation;ULYCDP;PLYC DEPENSES DIRECTES;95 SANNOIS LA TOUR DU MAIL 2022 MS TRAVAUX DE SECURISATION PERIMETRIQUE ET ELECTRONIQUE;PLYC/DPM;520000.0;520000.0;95;UAI;1.0
2022;23750007900312;Région Île-de-France;CP2022-474;2022-11-10;19951673300011;0951673C;GUSTAVE EIFFEL - ERMONT;Lycées et collèges publics;95 ERMONT G EIFFEL MS SURETE ELECTRONIQUE VIDEO;Affectation;ULYCDP;PLYC DEPENSES DIRECTES;95 ERMONT G EIFFEL 2022 MS SURETE ELECTRONIQUE VIDEO;PLYC/DPM;80300.0;80300.0;95;UAI;1.0
2022;23750007900312;Région Île-de-France;CP2022-471;2022-11-10;19770934800019;0770934X;LEONARD DE VINCI - MELUN;Lycées et collèges publics;77 MELUN L DE VINCI MOD RENOV 7 BLOCS SANITAIRES BAT E;Affectation;ULYCDP;PLYC DEPENSES DIRECTES;77 MELUN L DE VINCI MOD RENOVATION SOL MURS MOBILIER DE 7 BLOCS SANITAIRES BATIMENT E;PLYC/DPM;200000.0;200000.0;77;UAI;1.0
2022;23750007900312;Région Île-de-France;CP2022-468;2022-11-10;19781577200011;0783548H;FRANCO ALLEMAND - BUC;Lycées et collèges publics;CONV LYCEE FRANCO ALLEM DE BUC;Revalorisation;ULYCDP;PLYC DEPENSES DIRECTES;;PLYC/DP;3092277.0;3092277.0;78;UAI;1.0
2022;23750007900312;Région Île-de-France;CP2022-472;2022-11-10;;;;;AFFECT ACC CADR TVX COL;Affectation;ULYCDP;PLYC DEPENSES DIRECTES;;PLYC/DP;300000.0;300000.0;non attribuable;;1.0
2022;23750007900312;Région Île-de-France;CP2022-471;2022-11-10;19951723600014;0951723G;LYCEE MONTESQUIEU - HERBLAY;Lycées et collèges publics;95 HERBLAY MONTESQUIEU RENOVATION SSI PRESCRIPTION CCS;Affectation;ULYCDP;PLYC DEPENSES DIRECTES;;PLYC/DPM;206000.0;206000.0;95;UAI;1.0
2022;23750007900312;Région Île-de-France;CP2022-468;2022-11-10;19770932200014;0770932V;LP PIERRE COUBERTIN MEAUX FUSIONNE - UTILISER TIERS R18495;Lycées et collèges publics;P. COUBERTIN 77 RENOV LYCEE ET EXTENSION DE LA DP;Revalorisation;ULYCDP;PLYC DEPENSES DIRECTES;RENOVATION DU LYCEE ET EXTENSION DE LA DEMI-PENSION;PLYC/DP;3900000.0;3900000.0;77;UAI;1.0
2022;23750007900312;Région Île-de-France;CP2022-468;2022-11-10;;;;;78 ST GERMAIN EN LAYE LYC JEANNE D'ALBRET REST DP;Affectation;ULYCDP;PLYC DEPENSES DIRECTES;;PLYC/DP;47815.0;47815.0;78;numero;1.0
2022;23750007900312;Région Île-de-France;CP2022-486;2022-11-10;;;;;2022 - EPI AGENTS DES LYCEES;Revalorisation;UPRHDP;PRH DEPENSES DIRECTES;;PRH/MAPPTDS;200000.0;200000.0;non attribuable;;1.0
2022;23750007900312;Région Île-de-France;CP2022-474;2022-11-10;19772188900016;0772188K;PIERRE MENDES FRANCE - SAVIGNY LE TEMPLE;Lycées et collèges publics;77 SAVIGNY LE TEMPLE PM FRANCE MS SECURISATION PERIMETRIQUE DU SITE;Affectation;ULYCDP;PLYC DEPENSES DIRECTES;77 SAVIGNY LE TEMPLE PM FRANCE 2022 MS SECURISATION PERIMETRIQUE DU SITE;PLYC/DPM;200000.0;200000.0;77;UAI;1.0
2022;23750007900312;Région Île-de-France;CP2022-468;2022-11-10;;;;;PPI 2011 78 VERSAILLES LYCEE JULES FERRY;Revalorisation;ULYCDP;PLYC DEPENSES DIRECTES;;PLYC/DP;2500000.0;2500000.0;78;numero;1.0
2022;23750007900312;Région Île-de-France;CP2022-471;2022-11-10;19750692600017;0750692V;EMILE DUBOIS - PARIS 14;Lycées et collèges publics;75014 E DUBOIS MS TRVX REMPLACEMENT SSI;Affectation;ULYCDP;PLYC DEPENSES DIRECTES;75014 E DUBOIS MS TRAVAUX REMPLACEMENT SSI;PLYC/DPM;140000.0;140000.0;75;UAI;1.0
2022;23750007900312;Région Île-de-France;CP2022-474;2022-11-10;19750680100012;0750680G;ARAGO - PARIS 12;Lycées et collèges publics;75012 ARAGO MS SECURISATION DU SITE;Affectation;ULYCDP;PLYC DEPENSES DIRECTES;75012 ARAGO 2022 MS SECURISATION DU SITE;PLYC/DPM;350000.0;350000.0;75;UAI;1.0
2022;23750007900312;Région Île-de-France;CP2022-474;2022-11-10;19752846600018;0752846L;LYCEE ERIK SATIE - PARIS 14;Lycées et collèges publics;75014 E SATIE MS TRVX SECU MECANIQUE ET ELECTRO SITE;Affectation;ULYCDP;PLYC DEPENSES DIRECTES;75014 E SATIE 2022 MS TRAVAUX SECURISATION MECANIQUE ET ELECTRONIQUE DE TOUT L'ETABLISSEMENT;PLYC/DPM;130000.0;130000.0;75;UAI;1.0
2022;23750007900312;Région Île-de-France;CP2022-451;2022-11-10;;;;;FONDS COMMUN FONCTIONNEMENT 932 PLYC;Désaffectation;ULYCDP;PLYC DEPENSES DIRECTES;;PLYC/DP;-40000.0;-40000.0;non attribuable;;1.0
2022;23750007900312;Région Île-de-France;CP2022-471;2022-11-10;19771663200017;0771663P;GEORGE SAND - LE MEE;Lycées et collèges publics;77 LE MEE SUR SEINE G SAND TRVX RENOV SANITAIRES GARçONS;Affectation;ULYCDP;PLYC DEPENSES DIRECTES;77 LE MEE SUR SEINE G SAND TRAVAUX RENOVATION SANITAIRES GARCONS 1ER ETAGE;PLYC/DPM;35000.0;35000.0;77;UAI;1.0
2022;23750007900312;Région Île-de-France;CP2022-471;2022-11-10;;;;;AC BATIMENTS DEMONTABLES;Revalorisation;ULYCDP;PLYC DEPENSES DIRECTES;;PLYC/DPM;3972000.0;3972000.0;non attribuable;;1.0
2022;23750007900312;Région Île-de-France;CP2022-474;2022-11-10;19770920700017;0770920G;LA FAYETTE - CHAMPAGNE S-SEINE;Lycées et collèges publics;77 CHAMPAGNE SUR SEINE LA FAYETTE MS SECU PERIMETRIQUE;Affectation;ULYCDP;PLYC DEPENSES DIRECTES;77 CHAMPAGNE SUR SEINE LA FAYETTE 2022 MS SECURISATION PERIMETRIQUE;PLYC/DPM;200000.0;200000.0;77;UAI;1.0
2022;23750007900312;Région Île-de-France;CP2022-471;2022-11-10;;;;;ILE DE FRANCE - LYCEES DIVERS - ACCESSIBILITE HANDICAP;Revalorisation;ULYCDP;PLYC DEPENSES DIRECTES;"13MANHAN01 OPERATIONS SIMPLES (CATEGORIE A)
13MANHAN02 ETUDES ET DIAGNOSTICS

CONVENTIONS DE MANDAT POUR UNE LISTE DE LYCEES 
OPERATIONS DE MISE EN ACCESSIBILITE HANDICAP";PLYC/DP;41079.0;41079.0;non attribuable;;1.0
2022;23750007900312;Région Île-de-France;CP2022-474;2022-11-10;19921625000019;0921625S;PAUL PAINLEVE - COURBEVOIE;Lycées et collèges publics;92 COURBEVOIE P PAINLEVE MS SECU CLOTURE PPMS CONTROLE ACCES VIDEO;Affectation;ULYCDP;PLYC DEPENSES DIRECTES;92 COURBEVOIE P PAINLEVE 2022 MS SECURISATION CLOTURE PPMS CONTROLE ACCES VIDEO;PLYC/DPM;380000.0;380000.0;92;UAI;1.0
2022;23750007900312;Région Île-de-France;CP2022-468;2022-11-10;;;;;Accompagnement des campus sur les sujets généraux et transversaux ou de d'orientation et de communication - budget 2022;Affectation;ULYCDP;PLYC DEPENSES DIRECTES;;PLYC/LLAB;400000.0;400000.0;non attribuable;;1.0
2022;23750007900312;Région Île-de-France;CP2022-471;2022-11-10;19753256700017;0753256G;ALEXANDRE DUMAS - PARIS 15;Lycées et collèges publics;75015 A DUMAS REFECTION 2 BLOCS SANITAIRES;Affectation;ULYCDP;PLYC DEPENSES DIRECTES;75015 A DUMAS REFECTION DE 2 BLOCS SANITAIRES;PLYC/DPM;250000.0;250000.0;75;UAI;1.0
2022;23750007900312;Région Île-de-France;CP2022-473;2022-11-10;;;;;AE PROV 2022 - CHAP 932 FONCTIONNEMENT PLYC;Revalorisation;ULYCDP;PLYC DEPENSES DIRECTES;;PLYC/DP;60000.0;60000.0;non attribuable;;1.0
2022;23750007900312;Région Île-de-France;CP2022-474;2022-11-10;19772228300011;0772228D;LYCEE CHARLES DE GAULLE - LONGPERRIER;Lycées et collèges publics;77 LONGPERRIER C DE GAULLE MS TRVX SECU ELECTRO;Affectation;ULYCDP;PLYC DEPENSES DIRECTES;77 LONGPERRIER C DE GAULLE 2022 MS TRAVAUX DE SECURISATION ELECTRONIQUE;PLYC/DPM;120000.0;120000.0;77;UAI;1.0
2022;23750007900312;Région Île-de-France;CP2022-474;2022-11-10;19951922400018;0951922Y;LYCEE CAMILLE SAINT SAENS - DEUIL LA BARRE;Lycées et collèges publics;95 DEUIL LA BARRE C ST SAENS MS SURETE ELECTRONIQUE;Affectation;ULYCDP;PLYC DEPENSES DIRECTES;95 DEUIL LA BARRE C ST SAENS 2022 MS SURETE ELECTRONIQUE;PLYC/DPM;81700.0;81700.0;95;UAI;1.0
2022;23750007900312;Région Île-de-France;CP2022-471;2022-11-10;19921505400016;0921505L;LOUIS DARDENNE - VANVES;Lycées et collèges publics;92 VANVES L DARDENNE TRVX RENOV SANITAIRES;Affectation;ULYCDP;PLYC DEPENSES DIRECTES;92 VANVES L DARDENNE TRAVAUX RENOVATION SANITAIRES;PLYC/DPM;50000.0;50000.0;92;UAI;1.0
2022;23750007900312;Région Île-de-France;CP2022-472;2022-11-10;;;;;REMPLCT PRODU THERMI CMR;Affectation;ULYCDP;PLYC DEPENSES DIRECTES;;PLYC/DP;74556.0;74556.0;non attribuable;;1.0
2022;23750007900312;Région Île-de-France;CP2022-472;2022-11-10;19782546600018;0782546U;LYCEE LE CORBUSIER - POISSY;Lycées et collèges publics;78 POISSY LE CORBUSIER TX AMENAGEMENT D UN PLATEAU DU BAT A;Désaffectation;ULYCDP;PLYC DEPENSES DIRECTES;;PLYC/DPM;-80000.0;-80000.0;78;UAI;1.0
2022;23750007900312;Région Île-de-France;CP2022-474;2022-11-10;19950658500017;0950658Z;CHATEAU D'EPLUCHES - ST OUEN AUMONE;Lycées et collèges publics;95 ST OUEN L AUMONE CHATEAU D EPLUCHES TRAVAUX DE SECURISATION DU SITE;Revalorisation;ULYCDP;PLYC DEPENSES DIRECTES;;PLYC/DPM;700000.0;700000.0;95;UAI;1.0
2022;23750007900312;Région Île-de-France;CP2022-474;2022-11-10;19770920700017;0770920G;LA FAYETTE - CHAMPAGNE S-SEINE;Lycées et collèges publics;77 CHAMPAGNE SUR SEINE LA FAYETTE MS SECU ELECTRO;Affectation;ULYCDP;PLYC DEPENSES DIRECTES;77 CHAMPAGNE SUR SEINE LA FAYETTE 2022 MS SECURISATION ELECTRONIQUE;PLYC/DPM;265000.0;265000.0;77;UAI;1.0
2022;23750007900312;Région Île-de-France;CP2022-474;2022-11-10;19772188900016;0772188K;PIERRE MENDES FRANCE - SAVIGNY LE TEMPLE;Lycées et collèges publics;77 SAVIGNY LE TEMPLE PM FRANCE SECURISATION DU SITE;Affectation;ULYCDP;PLYC DEPENSES DIRECTES;;PLYC/DPM;100000.0;100000.0;77;UAI;1.0
2022;23750007900312;Région Île-de-France;CP2022-468;2022-11-10;19772127700014;0772127U;LYCEE GALILEE - COMBS LA VILLE;Lycées et collèges publics;RESTRUC PÔLE SCIE GALIL COMBS 77;Revalorisation;ULYCDP;PLYC DEPENSES DIRECTES;RESTRUCTURATION DU PÔLE SCIENCES;PLYC/DP;1000000.0;1000000.0;77;UAI;1.0
2022;23750007900312;Région Île-de-France;CP2022-468;2022-11-10;;;;;78 SARTROUVILLE LYCEE EVARISTE GALOIS RENOVATION GLOBALE;Revalorisation;ULYCDP;PLYC DEPENSES DIRECTES;"CONTRAT DE MANDAT PPI SEPTEMBRE 2019
ILE DE FRANCE CONSTRUCTION DURABLE";PLYC/DP;18000000.0;18000000.0;78;numero;1.0
2022;23750007900312;Région Île-de-France;CP2022-474;2022-11-10;19911937100011;0911937L;FRANCOIS TRUFFAUT - BONDOUFLE;Lycées et collèges publics;91 BONDOUFLE F TRUFFAUT MS TRVX SECU VIDEO ET INTRUSION;Affectation;ULYCDP;PLYC DEPENSES DIRECTES;91 BONDOUFLE F TRUFFAUT MS TRAVAUX SECURISATION VIDEO ET INTRUSION;PLYC/DPM;750000.0;750000.0;91;UAI;1.0
2022;23750007900312;Région Île-de-France;CP2022-451;2022-11-10;;;;;FONDS COMMUN FONCTIONNEMENT 932 PLYC;Revalorisation;ULYCDP;PLYC DEPENSES DIRECTES;;PLYC/DP;40000.0;40000.0;non attribuable;;1.0
2022;23750007900312;Région Île-de-France;CP2022-471;2022-11-10;19950983700027;0950983C;LA TOUR DU MAIL - SANNOIS;Lycées et collèges publics;95 SANNOIS TOUR DU MAIL VRD ASSOCIES TRVX SECU;Affectation;ULYCDP;PLYC DEPENSES DIRECTES;95 SANNOIS TOUR DU MAIL MS VRD ASSOCIEES AUX TRVX SECU PERIMETRIQUE;PLYC/DPM;250000.0;250000.0;95;UAI;1.0
2022;23750007900312;Région Île-de-France;CP2022-472;2022-11-10;19750698300018;0750698B;CLAUDE BERNARD - PARIS 16;Lycées et collèges publics;75016 C BERNARD TX DE REMPLACEMENT DE DEUX ASCENSEURS;Revalorisation;ULYCDP;PLYC DEPENSES DIRECTES;;PLYC/DPM;100000.0;100000.0;75;UAI;1.0
2022;23750007900312;Région Île-de-France;CP2022-423;2022-11-10;;;;;ACHAT EQUIPEMENTS INFORMATIQUES CMR;Affectation;DSIDP;PTN DEPENSES DIRECTES;;PTN/MAAT;500000.0;500000.0;non attribuable;;1.0
2022;23750007900312;Région Île-de-France;CP2022-471;2022-11-10;19941972200020;0941972H;FERNAND LEGER - IVRY S/S;Lycées et collèges publics;94 IVRY SUR SEINE F LEGER MOD RENOV DEMI PENSION;Affectation;ULYCDP;PLYC DEPENSES DIRECTES;94 IVRY SUR SEINE F LEGER MOD RENOVATION DEMI PENSION;PLYC/DPM;500000.0;500000.0;94;UAI;1.0
2022;23750007900312;Région Île-de-France;CP2022-468;2022-11-10;;;;;AP PROVISIONNELLE ETUDES OPERATIONS PPI;Affectation;ULYCDP;PLYC DEPENSES DIRECTES;;PLYC/DP;5966000.0;5966000.0;non attribuable;;1.0
2022;23750007900312;Région Île-de-France;CP2022-468;2022-11-10;;;;;93 BAGNOLET LYC HENAFF RENOVATION;Affectation;ULYCDP;PLYC DEPENSES DIRECTES;CONVENTION MANDAT;PLYC/DP;108020.0;108020.0;93;numero;1.0
2022;23750007900312;Région Île-de-France;CP2022-474;2022-11-10;19771658200014;0771658J;DU GUE A TREMES - CONGIS S/THEROUANNE;Lycées et collèges publics;77 CONGIS DU GUE A TRESME SECU PERIMETRIQUE;Affectation;ULYCDP;PLYC DEPENSES DIRECTES;77 CONGIS DU GUE A TRESME SECURISATION PERIMETRIQUE COTE BOIS;PLYC/DPM;200000.0;200000.0;77;UAI;1.0
2022;23750007900312;Région Île-de-France;CP2022-472;2022-11-10;;;;;FONDS D URGENCES CMR;Revalorisation;ULYCDP;PLYC DEPENSES DIRECTES;;PLYC/DPM;180000.0;180000.0;non attribuable;;1.0
2022;23750007900312;Région Île-de-France;CP2022-474;2022-11-10;19772127700014;0772127U;LYCEE GALILEE - COMBS LA VILLE;Lycées et collèges publics;77 COMBS LA VILLE GALILEE MS TRVS SECU ENTREE + SECU ELECTRO PARTIELLE;Affectation;ULYCDP;PLYC DEPENSES DIRECTES;77 COMBS LA VILLE GALILEE 2022 MS TRVX SECURISATION (ENTREE LYCEE)+ SECURISATION ELECTRONIQUE PARTIELLE;PLYC/DPM;250000.0;250000.0;77;UAI;1.0
2022;23750007900312;Région Île-de-France;CP2022-474;2022-11-10;19772244000017;0772244W;ANTONIN CAREME - SAVIGNY LE TEMPLE;Lycées et collèges publics;77 SAVIGNY LE TEMPLE A CAREME MS SECU PERI DU SITE;Affectation;ULYCDP;PLYC DEPENSES DIRECTES;77 SAVIGNY E TEMPLE A CAREME MS SECURISATION PERIMETRIQUE DU SITE;PLYC/DPM;250000.0;250000.0;77;UAI;1.0
2022;23750007900312;Région Île-de-France;CP2022-474;2022-11-10;19771658200014;0771658J;DU GUE A TREMES - CONGIS S/THEROUANNE;Lycées et collèges publics;77 CONGIS DU GUE A TRESME MS TRVX SECU SITE PHASE 2;Affectation;ULYCDP;PLYC DEPENSES DIRECTES;77 CONGIS DU GUE A TRESME MS TRVX SECURISATION SITE PHASE 2;PLYC/DPM;170000.0;170000.0;77;UAI;1.0
2022;23750007900312;Région Île-de-France;CP2022-474;2022-11-10;19920150000014;0920150N;DE PRONY - ASNIERES;Lycées et collèges publics;92 ASNIERE SUR SEINE DE PRONY MS SECU SITE;Affectation;ULYCDP;PLYC DEPENSES DIRECTES;92 ASNIERE SR SEINE DE PRONY 2022 MS SECURISATION DU SITE;PLYC/DPM;145000.0;145000.0;92;UAI;1.0
2022;23750007900312;Région Île-de-France;CP2022-474;2022-11-10;19921230900025;0921230M;LEONARD DE VINCI - LEVALLOIS-P;Lycées et collèges publics;92 LEVALLOIS PERRET L DE VINCI MS SECU VIDEO PPMS ACCES CLOTURES;Affectation;ULYCDP;PLYC DEPENSES DIRECTES;92 LEVALLOIS PERRET L DE VINCI MS SECU (VIDEO PPMS CONTROLE ACCES CLOTURE);PLYC/DPM;600000.0;600000.0;92;UAI;1.0
2022;23750007900312;Région Île-de-France;CP2022-474;2022-11-10;19920141900017;0920141D;JOLIOT CURIE - NANTERRE;Lycées et collèges publics;92 NANTERRE J CURIE ETUDES SECURISATION PPMS;Affectation;ULYCDP;PLYC DEPENSES DIRECTES;92 NANTERRE J CURIE 2022 ETUDES POUR SECURISATION (PPMS);PLYC/DPM;15000.0;15000.0;92;UAI;1.0
2022;23750007900312;Région Île-de-France;CP2022-471;2022-11-10;19910633700017;0912142J;GASPARD MONGE - SAVIGNY S/ORGE;Lycées et collèges publics;91 SAVIGNY SUR ORGE G MONGE MOD REPRISE STRUCTURE BAT ATELIERS;Affectation;ULYCDP;PLYC DEPENSES DIRECTES;91 SAVIGNY SUR ORGE G MONGE MOD REPRISE DE STRUCTURE SUR BATIMENT ATELIERS;PLYC/DPM;700000.0;700000.0;91;UAI;1.0
2022;23750007900312;Région Île-de-France;CP2022-471;2022-11-10;;;;;ACCORDS CADRES 2022;Revalorisation;ULYCDP;PLYC DEPENSES DIRECTES;;PLYC/DPM;2000000.0;2000000.0;non attribuable;;1.0
2022;23750007900312;Région Île-de-France;CP2022-472;2022-11-10;19750714800017;0750714U;HELENE BOUCHER - PARIS 20;Lycées et collèges publics;75020 H BOUCHER SECURISATION DES FACADES PAR LA POSE DE FILETS;Désaffectation;ULYCDP;PLYC DEPENSES DIRECTES;;PLYC/DPM;-250000.0;-250000.0;75;UAI;1.0
2022;23750007900312;Région Île-de-France;CP2022-471;2022-11-10;19782540900018;0782540M;JEAN ROSTAND - MANTES LA JOLIE;Lycées et collèges publics;78 MANTES LA JOLIE J ROSTAND OPE RENOV INTERIEURE GYMNASE;Affectation;ULYCDP;PLYC DEPENSES DIRECTES;78 MANTES LA JOLIE JEAN ROSTAND OPERATION RENOVATION PHASE 1 (RENOVATION INTERIEURE DU GYMNASE);PLYC/DPM;1100000.0;1100000.0;78;UAI;1.0
2022;23750007900312;Région Île-de-France;CP2022-374;2022-09-23;;;;;99 MAINTENANCE ET FOURNITURE ELECTRICITE DANS LYCEES FRANCILIENS;Revalorisation;ULYCDP;PLYC DEPENSES DIRECTES;;PLYC/DP;4031000.0;4031000.0;regional;numero 99;1.0
2022;23750007900312;Région Île-de-France;CP2022-375;2022-09-23;19941470700018;0941470M;SAMUEL DE CHAMPLAIN - CHENNEVIERES S/MARNE;Lycées et collèges publics;94 CHENNEVIERES SAMUEL DE CHAMPLAIN TX DE SECURISATION;Affectation;ULYCDP;PLYC DEPENSES DIRECTES;;PLYC/DPM;300000.0;300000.0;94;UAI;1.0
2022;23750007900312;Région Île-de-France;CP2022-375;2022-09-23;19940120900010;0940120V;LYCEE MARCELIN BERTHELOT - ST MAUR DES FOSSES;Lycées et collèges publics;94 ST MAUR DES FOSSES MARCELIN BERTHELOT TX DE SECURISATION;Affectation;ULYCDP;PLYC DEPENSES DIRECTES;;PLYC/DPM;270000.0;270000.0;94;UAI;1.0
2022;23750007900312;Région Île-de-France;CP2022-375;2022-09-23;19940585300011;0940585A;FRANCOIS MANSART - ST MAUR DES FOSSES;Lycées et collèges publics;94 ST MAUR DES FOSSES F MANSART TX DE SECURISATION;Affectation;ULYCDP;PLYC DEPENSES DIRECTES;;PLYC/DPM;250000.0;250000.0;94;UAI;1.0
2022;23750007900312;Région Île-de-France;CP2022-375;2022-09-23;19941474900010;0941474S;DARIUS MILHAUD - LE KREMLIN BICETRE;Lycées et collèges publics;94 LE KREMLIN BICETRE DARIUS MILHAUD SECURISATION DU SITE;Affectation;ULYCDP;PLYC DEPENSES DIRECTES;;PLYC/DPM;100000.0;100000.0;94;UAI;1.0
2022;23750007900312;Région Île-de-France;CP2022-372;2022-09-23;;;;;ACCORDS CADRES 2022;Revalorisation;ULYCDP;PLYC DEPENSES DIRECTES;;PLYC/DPM;3000000.0;3000000.0;non attribuable;;1.0
2022;23750007900312;Région Île-de-France;CP2022-372;2022-09-23;19951723600014;0951723G;LYCEE MONTESQUIEU - HERBLAY;Lycées et collèges publics;95 HERBLAY MONTESQUIEU REMPLACEMENT SSI;Affectation;ULYCDP;PLYC DEPENSES DIRECTES;;PLYC/DPM;220000.0;220000.0;95;UAI;1.0
2022;23750007900312;Région Île-de-France;CP2022-372;2022-09-23;;;;;ETUDES & DIAG D'OPE COMPLEXES 16 MAN HAN EP A6 - A7 EPLE;Affectation;ULYCDP;PLYC DEPENSES DIRECTES;SAERP;PLYC/DP;378517.0;378517.0;non attribuable;;1.0
2022;23750007900312;Région Île-de-France;CP2022-380;2022-09-23;;;;;91 RIS ORANGIS LYC PIERRE MENDES FRANCE RENOVATION AVEC EXTENSION;Affectation;ULYCDP;PLYC DEPENSES DIRECTES;;PLYC/DP;1037973.0;1037973.0;91;numero;1.0
2022;23750007900312;Région Île-de-France;CP2022-354;2022-09-23;;;;;MANUELS SCOLAIRES, LIVRETS D'EXERCICES;Affectation;DSIDP;PTN DEPENSES DIRECTES;;PTN/MAAT;1500000.0;1500000.0;non attribuable;;1.0
2022;23750007900312;Région Île-de-France;CP2022-380;2022-09-23;;;;;91 BRUNOY LYCEE TALMA RESTRUCTURATION DEMI PENSION;Revalorisation;ULYCDP;PLYC DEPENSES DIRECTES;"CONVENTION DE MANDAT 1300102MANUL05 SAERP
OPERATION CIBLEE RESTRUCTURATION DE LA DEMI PENSION";PLYC/DP;2000000.0;2000000.0;91;numero;1.0
2022;23750007900312;Région Île-de-France;CP2022-337;2022-09-23;;;;;MAC MOBILIER SCOLAIRE CMR;Revalorisation;ULYCDP;PLYC DEPENSES DIRECTES;;PLYC;2500.0;2500.0;non attribuable;;1.0
2022;23750007900312;Région Île-de-France;CP2022-354;2022-09-23;;;;;ACHAT ECRANS TACTILES LYCEES PUBLICS;Affectation;DSIDP;PTN DEPENSES DIRECTES;;PTN/MAAT;1000000.0;1000000.0;non attribuable;;1.0
2022;23750007900312;Région Île-de-France;CP2022-375;2022-09-23;19910622000015;0910622G;GEOFFROY SAINT HILAIRE - ETAMPES;Lycées et collèges publics;91 ETAMPES GEOFFROY ST HILAIRE TRAVAUX DE SURETE;Revalorisation;ULYCDP;PLYC DEPENSES DIRECTES;;PLYC/DPM;150000.0;150000.0;91;UAI;1.0
2022;23750007900312;Région Île-de-France;CP2022-354;2022-09-23;;;;;ACHAT EQUIPEMENT INFORMATIQUE, RESEAUX CMR;Affectation;DSIDP;PTN DEPENSES DIRECTES;;PTN/MAAT;300000.0;300000.0;non attribuable;;1.0
2022;23750007900312;Région Île-de-France;CP2022-354;2022-09-23;;;;;ACHAT EQUIPEMENT INFORMATIQUE, INSTALLATION CENTRE SERVICE, RESEAUX INFORMATIQUES LYCEES PUBLICS;Affectation;DSIDP;PTN DEPENSES DIRECTES;;PTN/MAAT;3000000.0;3000000.0;non attribuable;;1.0
2022;23750007900312;Région Île-de-France;CP2022-375;2022-09-23;19940121700013;0940121W;D'ARSONVAL - ST MAUR DES FOSSES;Lycées et collèges publics;94 ST MAUR DES FOSSES D ARSONVAL TX DE SECURISATION;Affectation;ULYCDP;PLYC DEPENSES DIRECTES;;PLYC/DPM;150000.0;150000.0;94;UAI;1.0
2022;23750007900312;Région Île-de-France;CP2022-372;2022-09-23;19910622000015;0910622G;GEOFFROY SAINT HILAIRE - ETAMPES;Lycées et collèges publics;91 ETAMPES GEOFFROY ST HILAIRE REMPLACEMENT SSI;Revalorisation;ULYCDP;PLYC DEPENSES DIRECTES;;PLYC/DPM;150000.0;150000.0;91;UAI;1.0
2022;23750007900312;Région Île-de-France;CP2022-372;2022-09-23;19783214000010;0783214V;LUCIEN RENE DUCHESNE - LA CELLE ST CLOUD;Lycées et collèges publics;78 CELLE ST CLOUD LUCIEN RENE D MOE PR TX POSE SYSTEME EXTRACTION;Affectation;ULYCDP;PLYC DEPENSES DIRECTES;MOE EN VUE DE TRAVAUX EN ATELIER MOTOCYCLES POUR LA POSE D'UN SYSTEME D'EXTRACTION (DOUBLE FLU) COMPLET EN TOITURE;PLYC/DPM;15000.0;15000.0;78;UAI;1.0
2022;23750007900312;Région Île-de-France;CP2022-375;2022-09-23;19940137300014;0940137N;LA SOURCE - NOGENT;Lycées et collèges publics;94 NOGENT SUR MARNE LA SOURCE SECURISATION DU SITE;Affectation;ULYCDP;PLYC DEPENSES DIRECTES;;PLYC/DPM;160000.0;160000.0;94;UAI;1.0
2022;23750007900312;Région Île-de-France;CP2022-327;2022-09-23;;;;;PARTICIPATION CONCOURS INTERNATIONAL LATIN;Désaffectation;ULYCDP;PLYC DEPENSES DIRECTES;;PLYC/DP;-25000.0;-25000.0;non attribuable;;1.0
2022;23750007900312;Région Île-de-France;CP2022-372;2022-09-23;;;;;78 HERIOT BOISSIERE RENOV COUV ARDOISE;Désaffectation;ULYCDP;PLYC DEPENSES DIRECTES;ETUDES POUR LA RENOVATION DE LA COUVERTURE ARDOISES DU BÂTIMENT PRINCIPAL;PLYC/DP;-102000.0;-102000.0;78;numero;1.0
2022;23750007900312;Région Île-de-France;CP2022-354;2022-09-23;;;;;EQUIPEMENT INFORMATIQUE ET ECOSYSTEME NUM AUPRES COORDO NUMERIQUES DES LYCEES;Affectation;DSIDP;PTN DEPENSES DIRECTES;;PTN/MAAT;4000000.0;4000000.0;non attribuable;;1.0
2022;23750007900312;Région Île-de-France;CP2022-372;2022-09-23;19750655300019;0750655E;LOUIS LE GRAND - PARIS 05;Lycées et collèges publics;70005 LOUIS LE GRAND REMPLACEMENT DE 58 HUISSERIES EXT (FENETRES);Affectation;ULYCDP;PLYC DEPENSES DIRECTES;;PLYC/DPM;472000.0;472000.0;75;UAI;1.0
2022;23750007900312;Région Île-de-France;CP2022-354;2022-09-23;;;;;ACHAT ECRANS TACTILES CMR;Affectation;DSIDP;PTN DEPENSES DIRECTES;;PTN/MAAT;100000.0;100000.0;non attribuable;;1.0
2022;23750007900312;Région Île-de-France;CP2022-375;2022-09-23;;;;;MAC D'ASSISTANCE M.O. + ACCORD-CADRE SUR LES ETUDES RELATIVES A LA SURETE DES LYCEES FRANCILIENS;Revalorisation;ULYCDP;PLYC DEPENSES DIRECTES;;PLYC/DPM;50000.0;50000.0;non attribuable;;1.0
2022;23750007900312;Région Île-de-France;CP2022-380;2022-09-23;19951637800015;0951637N;LYCEE GALILEE - CERGY;Lycées et collèges publics;RESTRUC CUISI GALILEE CERGY 95;Revalorisation;ULYCDP;PLYC DEPENSES DIRECTES;RESTRUCTURATON DE LA CUISINE ET DES LOCAUX;PLYC/DP;1108000.0;1108000.0;95;UAI;1.0
2022;23750007900312;Région Île-de-France;CP2022-373;2022-09-23;;;;;ACCORDS CADRES TRAVAUX COLLEGES;Revalorisation;ULYCDP;PLYC DEPENSES DIRECTES;;PLYC/DPM;500000.0;500000.0;non attribuable;;1.0
2022;23750007900312;Région Île-de-France;CP2022-327;2022-09-23;;;;;ORGANISATION DE LA RESTITUTION DES VOYAGES A AUSCHWITZ-BIRKENAU;Désaffectation;ULYCDP;PLYC DEPENSES DIRECTES;;PLYC/DRE;-10000.0;-10000.0;non attribuable;;1.0
2022;23750007900312;Région Île-de-France;CP2022-380;2022-09-23;;;;;PPR 2011 91 ARPAJON LYCEE PAUL BELMONDO;Affectation;ULYCDP;PLYC DEPENSES DIRECTES;;PLYC/DP;35676.0;35676.0;91;numero;1.0
2022;23750007900312;Région Île-de-France;CP2022-327;2022-09-23;;;;;OLYMPIADE DES METIERS COMPETITION WORLDSKILLS 47EME;Affectation;ULYCDP;PLYC DEPENSES DIRECTES;;PLYC/DRE;237000.0;237000.0;non attribuable;;1.0
2022;23750007900312;Région Île-de-France;CP2022-372;2022-09-23;;;;;CONV 17MANHAN A3 OUEST 12 LYCEES PPI;Revalorisation;ULYCDP;PLYC DEPENSES DIRECTES;"CONV 17 MAN HAN A3 OUEST
SAERP";PLYC/DP;2650000.0;2650000.0;non attribuable;;1.0
2022;23750007900312;Région Île-de-France;CP2022-372;2022-09-23;19782587000011;0782587N;VIOLLET LE DUC - VILLIERS ST FRED;Lycées et collèges publics;78 VILLIERS ST FREDERIC VLD DPE CREATION SALLE DE SCIENCE;Affectation;ULYCDP;PLYC DEPENSES DIRECTES;;PLYC/DPM;30000.0;30000.0;78;UAI;1.0
2022;23750007900312;Région Île-de-France;CP2022-375;2022-09-23;19750676900011;0750676C;DORIAN - PARIS 11;Lycées et collèges publics;75011 DORIAN OPERATION DE SECURISATION MECANIQUE ET ELECTRONIQUE;Affectation;ULYCDP;PLYC DEPENSES DIRECTES;;PLYC/DPM;590000.0;590000.0;75;UAI;1.0
2022;23750007900312;Région Île-de-France;CP2022-375;2022-09-23;19911961100010;0911961M;EDMOND MICHELET - ARPAJON;Lycées et collèges publics;91 ARPAJON EDMOND MICHELET TX DE SECURISATION;Affectation;ULYCDP;PLYC DEPENSES DIRECTES;;PLYC/DPM;500000.0;500000.0;91;UAI;1.0
2022;23750007900312;Région Île-de-France;CP2022-373;2022-09-23;19750654600013;0750654D;LYCEE HENRI IV - PARIS 05;Lycées et collèges publics;75005 HENRI IV REAMENAGEMENT DE LA LOGE ET DE LA SALLE DES PROF ET SECU DES ESP ACCUEIL;Affectation;ULYCDP;PLYC DEPENSES DIRECTES;;PLYC/DPM;30000.0;30000.0;75;UAI;1.0
2022;23750007900312;Région Île-de-France;CP2022-372;2022-09-23;;;;;CONV 17 MANHAN A3 EST : 13 LYCEES PPI;Revalorisation;ULYCDP;PLYC DEPENSES DIRECTES;"CONV 17 MAN HAN A3 EST
SAERP";PLYC/DP;1035036.0;1035036.0;non attribuable;;1.0
2022;23750007900312;Région Île-de-France;CP2022-337;2022-09-23;;;;;MAC VEHICULE UTILITAIRE EPLE;Affectation;ULYCDP;PLYC DEPENSES DIRECTES;;PLYC;1142002.0;1142002.0;non attribuable;;1.0
2022;23750007900312;Région Île-de-France;CP2022-354;2022-09-23;;;;;PRESTA PROXIMITE HEBERGEMENT, EXPLOITATION SERVEURS MAINTENANCE SOCLE ENT;Affectation;DSIDP;PTN DEPENSES DIRECTES;;PTN/MAAT;1000000.0;1000000.0;non attribuable;;1.0
2022;23750007900312;Région Île-de-France;CP2022-373;2022-09-23;19750668600017;0750668U;JACQUES DECOUR - PARIS 09;Lycées et collèges publics;75019 JACQUES DECOUR SECURISATION DE L ENS DES FACADES PAR LA POSE DE FILETS;Désaffectation;ULYCDP;PLYC DEPENSES DIRECTES;;PLYC/DPM;-600000.0;-600000.0;75;UAI;1.0
2022;23750007900312;Région Île-de-France;CP2022-372;2022-09-23;;;;;91 MONTGERON ROSAPARKS  TRVX REFECTION TOITURE CHATEAU;Affectation;ULYCDP;PLYC DEPENSES DIRECTES;;PLYC/DP;10000.0;10000.0;91;numero;1.0
2022;23750007900312;Région Île-de-France;CP2022-375;2022-09-23;;;;;AC SECURITE VRD + ACCORDS-CADRES DE TRAVAUX DANS LES LYCEES FRANCILIENS;Affectation;ULYCDP;PLYC DEPENSES DIRECTES;;PLYC/DPM;100000.0;100000.0;non attribuable;;1.0
2022;23750007900312;Région Île-de-France;CP2022-372;2022-09-23;19782587000011;0782587N;VIOLLET LE DUC - VILLIERS ST FRED;Lycées et collèges publics;78 VILLIERS ST FREDERIC VLD DPE RENOVATION PAVILLON REGIE;Affectation;ULYCDP;PLYC DEPENSES DIRECTES;;PLYC/DPM;30000.0;30000.0;78;UAI;1.0
2022;23750007900312;Région Île-de-France;CP2022-373;2022-09-23;;;;;ACCORDS CADRES TRAVAUX LYCEES;Revalorisation;ULYCDP;PLYC DEPENSES DIRECTES;;PLYC/DPM;2000000.0;2000000.0;non attribuable;;1.0
2022;23750007900312;Région Île-de-France;CP2022-373;2022-09-23;;;;;FONDS D URGENCES CMR;Revalorisation;ULYCDP;PLYC DEPENSES DIRECTES;;PLYC/DPM;100000.0;100000.0;non attribuable;;1.0
2022;23750007900312;Région Île-de-France;CP2022-337;2022-09-23;;;;;MAC MOBILIER SCOLAIRE EPLE;Revalorisation;ULYCDP;PLYC DEPENSES DIRECTES;;PLYC;17500.0;17500.0;non attribuable;;1.0
2022;23750007900312;Région Île-de-France;CP2022-374;2022-09-23;;;;;99 MAINTENANCE ET FOURNITURE DE GAZ DANS LYCEES FRANCILIENS;Revalorisation;ULYCDP;PLYC DEPENSES DIRECTES;;PLYC/DP;13666000.0;13666000.0;regional;numero 99;1.0
2022;23750007900312;Région Île-de-France;CP2022-337;2022-09-23;;;;;MAC VEHICULE UTILITAIRE CMR;Affectation;ULYCDP;PLYC DEPENSES DIRECTES;;PLYC;400000.0;400000.0;non attribuable;;1.0
2022;23750007900312;Région Île-de-France;CP2022-264;2022-07-07;;;;;MARCHE MEMORIAL DE CAEN;Affectation;ULYCDP;PLYC DEPENSES DIRECTES;;PLYC/DP;49000.0;49000.0;non attribuable;;1.0
2022;23750007900312;Région Île-de-France;CP2022-267;2022-07-07;19750697500022;0750697A;BATIMENT (DU) - DIT ST LAMBERT - PARIS 19;Lycées et collèges publics;75019 DU BATIMENT ST LAMBERT TX DE REPARATION DES INFILTRATIONS EN FACADES EN TOITURE;Affectation;ULYCDP;PLYC DEPENSES DIRECTES;;PLYC/DPM;290000.0;290000.0;75;UAI;1.0
2022;23750007900312;Région Île-de-France;CP2022-267;2022-07-07;;;;;REGION PLAN ESPACES SANITAIRES DANS LES EPLE FRANCILIENS;Revalorisation;ULYCDP;PLYC DEPENSES DIRECTES;MISE EN OEUVRE DU PLAN DES ESPACES SANITAIRES DANS LES EPLE FRANCILIENS;PLYC/DP;1461643.0;1461643.0;non attribuable;;1.0
2022;23750007900312;Région Île-de-France;CP2022-300;2022-07-07;;;;;AMO CONDUITE DE PROJET CALCULETTE DE QUOTIENT FAMILIAL;Affectation;ULYCDP;PLYC DEPENSES DIRECTES;;PLYC/DRE;150000.0;150000.0;non attribuable;;1.0
2022;23750007900312;Région Île-de-France;CP2022-256;2022-07-07;;;;;ACCOMPAGNEMENT STRATEGIE NUMERIQUE CMR;Affectation;DSIDP;PTN DEPENSES DIRECTES;;PTN/MAAT;50000.0;50000.0;non attribuable;;1.0
2022;23750007900312;Région Île-de-France;CP2022-256;2022-07-07;;;;;PRESTA MARCHE SIER;Revalorisation;DSIDP;PTN DEPENSES DIRECTES;;PTN/MAAT;200000.0;200000.0;non attribuable;;1.0
2022;23750007900312;Région Île-de-France;CP2022-267;2022-07-07;19750453300013;0754530S;MARTIN NADAUD - PARIS 20;Lycées et collèges publics;75019 M NADAUD TX DE REFECTION DES CIRCULATIONS FACE SALLE 23 A 25;Affectation;ULYCDP;PLYC DEPENSES DIRECTES;;PLYC/DPM;310000.0;310000.0;75;UAI;1.0
2022;23750007900312;Région Île-de-France;CP2022-267;2022-07-07;19781984000012;0781984H;LYCEE JACQUES VAUCANSON - LES MUREAUX;Lycées et collèges publics;78 LES MUREAUX VAUCANSON REFECTION ETANCHEITE TERRASSE DEMI PENSION;Affectation;ULYCDP;PLYC DEPENSES DIRECTES;;PLYC/DPM;216042.0;216042.0;78;UAI;1.0
2022;23750007900312;Région Île-de-France;CP2022-305;2022-07-07;19940118300017;0940118T;LOUIS ARMAND - NOGENT S/MARNE;Lycées et collèges publics;94 NOGENT SR MARNE L ARMAND TX DE SECURISATION;Affectation;ULYCDP;PLYC DEPENSES DIRECTES;;PLYC/DPM;350000.0;350000.0;94;UAI;1.0
2022;23750007900312;Région Île-de-France;CP2022-268;2022-07-07;19750689200011;0750689S;LYCEE PAUL BERT - PARIS 14;Lycées et collèges publics;75014 PAUL BERT RENOVATION DES SANITAIRES ELEVES;Affectation;ULYCDP;PLYC DEPENSES DIRECTES;;PLYC/DPM;50000.0;50000.0;75;UAI;1.0
2022;23750007900312;Région Île-de-France;CP2022-267;2022-07-07;19770933000017;0770933W;LYCEE JACQUES AMYOT - MELUN;Lycées et collèges publics;77 MELUN J AMYOT TX POUR LA REFECTION DES VESTIAIRES DU GYMNASE;Affectation;ULYCDP;PLYC DEPENSES DIRECTES;TRAVAUX POUR LA REFECTION DES VESTIAIRES DU GYMNASE;PLYC/DPM;150000.0;150000.0;77;UAI;1.0
2022;23750007900312;Région Île-de-France;CP2022-305;2022-07-07;19771658200014;0771658J;DU GUE A TREMES - CONGIS S/THEROUANNE;Lycées et collèges publics;77 CONGIS GUE A TRESMES MISE EN PLACE D UN PPMS;Affectation;ULYCDP;PLYC DEPENSES DIRECTES;;PLYC/DPM;200000.0;200000.0;77;UAI;1.0
2022;23750007900312;Région Île-de-France;CP2022-267;2022-07-07;19781861000010;0781861Z;LOUIS DE BROGLIE - MARLY;Lycées et collèges publics;78 MARLY LE ROI L DE BROGLIE TX DE REMPLACEMENT DU SYSTEME SSI;Affectation;ULYCDP;PLYC DEPENSES DIRECTES;;PLYC/DPM;150000.0;150000.0;78;UAI;1.0
2022;23750007900312;Région Île-de-France;CP2022-267;2022-07-07;19920130200015;0920130S;RENE DESCARTES - ANTONY;Lycées et collèges publics;92 ANTONY DESCARTES RÉFECTION DES SALLES P309/P311/P313/P31/P025/P02/P033/P035;Affectation;ULYCDP;PLYC DEPENSES DIRECTES;;PLYC/DPM;130000.0;130000.0;92;UAI;1.0
2022;23750007900312;Région Île-de-France;CP2022-267;2022-07-07;;;;;75005 LOUIS LEGRAND MOE RAVALMT COMPLET FACADES COURS MOLIERE ET HUGO;Revalorisation;ULYCDP;PLYC DEPENSES DIRECTES;;PLYC/DP;50000.0;50000.0;75;numero;1.0
2022;23750007900312;Région Île-de-France;CP2022-268;2022-07-07;19750662900017;0750662M;VICTOR DURUY - PARIS 07;Lycées et collèges publics;75007 DURUY RENOV ASCE ESCAL C;Affectation;ULYCDP;PLYC DEPENSES DIRECTES;RENOVATION ASCENSEURS ESCALIER C;PLYC/DP;25000.0;25000.0;75;UAI;1.0
2022;23750007900312;Région Île-de-France;CP2022-267;2022-07-07;19752700500015;0752700C;ARMAND CARREL - PARIS 19;Lycées et collèges publics;75019 A CARREL DEPLACEMENT DU BUREAU DES COORDINATEURS VERS LA 2EME SALLE DES PROFS;Affectation;ULYCDP;PLYC DEPENSES DIRECTES;;PLYC/DPM;55000.0;55000.0;75;UAI;1.0
2022;23750007900312;Région Île-de-France;CP2022-267;2022-07-07;19781984000012;0781984H;LYCEE JACQUES VAUCANSON - LES MUREAUX;Lycées et collèges publics;78 LES MUREAUX VAUCANSON REFECTION ETANCHEITE TOITURE DEMI PENSION PHASE 2;Affectation;ULYCDP;PLYC DEPENSES DIRECTES;;PLYC/DPM;338610.0;338610.0;78;UAI;1.0
2022;23750007900312;Région Île-de-France;CP2022-269;2022-07-07;;;;;AE PROV 2022 - CHAP 932 FONCTIONNEMENT PLYC;Revalorisation;ULYCDP;PLYC DEPENSES DIRECTES;;PLYC/DP;200000.0;200000.0;non attribuable;;1.0
2022;23750007900312;Région Île-de-France;CP2022-267;2022-07-07;19770940500017;0770940D;ETIENNE BEZOUT - NEMOURS;Lycées et collèges publics;77 NEMOURS E BEZOUT TX DE REMPLACEMENT DU SSI;Revalorisation;ULYCDP;PLYC DEPENSES DIRECTES;;PLYC/DPM;35000.0;35000.0;77;UAI;1.0
2022;23750007900312;Région Île-de-France;CP2022-268;2022-07-07;19750668600017;0750668U;JACQUES DECOUR - PARIS 09;Lycées et collèges publics;75009 J DECOUR REMPLACEMENT DE CHENEAUX TRES VETUSTES;Affectation;ULYCDP;PLYC DEPENSES DIRECTES;;PLYC/DPM;500000.0;500000.0;75;UAI;1.0
2022;23750007900312;Région Île-de-France;CP2022-268;2022-07-07;19750690000012;0750690T;FRANCOIS VILLON - PARIS 14;Lycées et collèges publics;75014 F VILLON REFECTION DU CARRELAGE DE LA CUISINE ABIME;Affectation;ULYCDP;PLYC DEPENSES DIRECTES;;PLYC/DPM;260000.0;260000.0;75;UAI;1.0
2022;23750007900312;Région Île-de-France;CP2022-256;2022-07-07;;;;;ACHAT ECRANS TACTILES;Affectation;DSIDP;PTN DEPENSES DIRECTES;;PTN/MAAT;1000000.0;1000000.0;non attribuable;;1.0
2022;23750007900312;Région Île-de-France;CP2022-267;2022-07-07;19922149000022;0922149L;RENE AUFFRAY - CLICHY;Lycées et collèges publics;92 CLICHY R AUFFRAY MONTEE PEDA SUITE MR IFSI TRAVAUX TCE;Affectation;ULYCDP;PLYC DEPENSES DIRECTES;;PLYC/DPM;240000.0;240000.0;92;UAI;1.0
2022;23750007900312;Région Île-de-France;CP2022-279;2022-07-07;;;;;78 TRAPPES MATISSE RESTRUCTURATION PARTIELLE ET EXTENSION;Affectation;ULYCDP;PLYC DEPENSES DIRECTES;;PLYC/DP;1587.0;1587.0;78;numero;1.0
2022;23750007900312;Région Île-de-France;CP2022-305;2022-07-07;19920141900017;0920141D;JOLIOT CURIE - NANTERRE;Lycées et collèges publics;92 NANTERRE J CURIE OP SECURISATION REMPLACEMENT PPMS;Affectation;ULYCDP;PLYC DEPENSES DIRECTES;;PLYC/DPM;90000.0;90000.0;92;UAI;1.0
2022;23750007900312;Région Île-de-France;CP2022-267;2022-07-07;19770924900019;0770924L;LYCEE FUSIONNE (CAMPUS) - COULOMMIERS;Lycées et collèges publics;77 COULOMMIERS JULES FERRY CAMPUS TRAVAUX DE RENOVATION DES PORTES COUPES FEU;Affectation;ULYCDP;PLYC DEPENSES DIRECTES;;PLYC/DPM;382000.0;382000.0;77;UAI;1.0
2022;23750007900312;Région Île-de-France;CP2022-279;2022-07-07;19770932200014;0770932V;LP PIERRE COUBERTIN MEAUX FUSIONNE - UTILISER TIERS R18495;Lycées et collèges publics;P. COUBERTIN 77 RENOV LYCEE ET EXTENSION DE LA DP;Affectation;ULYCDP;PLYC DEPENSES DIRECTES;RENOVATION DU LYCEE ET EXTENSION DE LA DEMI-PENSION;PLYC/DP;12500000.0;12500000.0;77;UAI;1.0
2022;23750007900312;Région Île-de-France;CP2022-267;2022-07-07;;;;;INVESTISSEMENT MAINTENANCE GR PROG2019/2020/2021 CPI;Revalorisation;ULYCDP;PLYC DEPENSES DIRECTES;;PLYC/DP;1044000.0;1044000.0;non attribuable;;1.0
2022;23750007900312;Région Île-de-France;CP2022-267;2022-07-07;19951090000012;0951090U;PIERRE MENDES FRANCE - VILLIERS LE BEL;Lycées et collèges publics;95 PIERRE MENDES FRANCE VILLIERS  AMELIO INSTALL THERMIQUES;Affectation;ULYCDP;PLYC DEPENSES DIRECTES;AMELIORATION DES INSTALLATIONS THERMIQUE DANS LES ATELIERS;PLYC/DP;80000.0;80000.0;95;UAI;1.0
2022;23750007900312;Région Île-de-France;CP2022-267;2022-07-07;;;;;CONV 17MANHAN A3 OUEST 12 LYCEES PPI;Affectation;ULYCDP;PLYC DEPENSES DIRECTES;"CONV 17 MAN HAN A3 OUEST
SAERP";PLYC/DP;1485591.0;1485591.0;non attribuable;;1.0
2022;23750007900312;Région Île-de-France;CP2022-268;2022-07-07;19750683500010;0750683K;CLAUDE MONET - PARIS 13;Lycées et collèges publics;75013 CLAUDE MONET ETUDE ET TX POUR LA REPARATION DES FISSURES ET INFILTRATIONS;Affectation;ULYCDP;PLYC DEPENSES DIRECTES;;PLYC/DPM;60000.0;60000.0;75;UAI;1.0
2022;23750007900312;Région Île-de-France;CP2022-267;2022-07-07;19920804200010;0922398G;GUSTAVE EIFFEL - RUEIL-M;Lycées et collèges publics;92 RUEIL MALMAISON G EIFFEL REMPLACEMENT DU SSI;Affectation;ULYCDP;PLYC DEPENSES DIRECTES;;PLYC/DPM;300000.0;300000.0;92;UAI;1.0
2022;23750007900312;Région Île-de-France;CP2022-267;2022-07-07;19782540900018;0782540M;JEAN ROSTAND - MANTES LA JOLIE;Lycées et collèges publics;78 MANTES LA JOLIE JEAN ROSTAND REFECTION CENTRALE ET SYSTEME SSI;Affectation;ULYCDP;PLYC DEPENSES DIRECTES;;PLYC/DPM;167124.0;167124.0;78;UAI;1.0
2022;23750007900312;Région Île-de-France;CP2022-267;2022-07-07;19752700500015;0752700C;ARMAND CARREL - PARIS 19;Lycées et collèges publics;75019 A CARREL TX DE REFECTION CAGES ESCALIER + SALLES;Affectation;ULYCDP;PLYC DEPENSES DIRECTES;;PLYC/DPM;384000.0;384000.0;75;UAI;1.0
2022;23750007900312;Région Île-de-France;CP2022-267;2022-07-07;19782539100018;0782539L;LYCEE SAINT-EXUPERY - MANTES LA JOLIE;Lycées et collèges publics;78 MANTES LA JOLIE ST EXUPERY REFECTION CENTRALE ET SYSTEME SSI;Affectation;ULYCDP;PLYC DEPENSES DIRECTES;;PLYC/DPM;41580.0;41580.0;78;UAI;1.0
2022;23750007900312;Région Île-de-France;CP2022-256;2022-07-07;;;;;ACCOMPAGNEMENT STRATEGIE NUMERIQUE;Affectation;DSIDP;PTN DEPENSES DIRECTES;;PTN/MAAT;150000.0;150000.0;non attribuable;;1.0
2022;23750007900312;Région Île-de-France;CP2022-305;2022-07-07;19782557300011;0782557F;JEAN-BAPTISTE POQUELIN - ST GERMAIN EN LAYE;Lycées et collèges publics;78 ST GERMAIN EN LAYE JB POQUELIN OP SECURISATION (COMPLEMENT PPMS);Affectation;ULYCDP;PLYC DEPENSES DIRECTES;;PLYC/DPM;90000.0;90000.0;78;UAI;1.0
2022;23750007900312;Région Île-de-France;CP2022-256;2022-07-07;;;;;ACHAT ECRANS TACTILES CMR;Affectation;DSIDP;PTN DEPENSES DIRECTES;;PTN/MAAT;100000.0;100000.0;non attribuable;;1.0
2022;23750007900312;Région Île-de-France;CP2022-267;2022-07-07;19951788900010;0951788C;GEORGE SAND - DOMONT;Lycées et collèges publics;95 DOMONT G SAND MISE A NIVEAU DU SSI;Revalorisation;ULYCDP;PLYC DEPENSES DIRECTES;;PLYC/DPM;10000.0;10000.0;95;UAI;1.0
2022;23750007900312;Région Île-de-France;CP2022-267;2022-07-07;19751710500015;0751710B;NICOLAS LOUIS VAUQUELIN - PARIS 13;Lycées et collèges publics;75013 VAUQUELIN MISE EN CONFORMITE DU SYSTEME SSI;Affectation;ULYCDP;PLYC DEPENSES DIRECTES;;PLYC/DPM;90000.0;90000.0;75;UAI;1.0
2022;23750007900312;Région Île-de-France;CP2022-279;2022-07-07;;;;;95 CORMEILLE EN PARISIS LYC NEUF PPI CONSTRUCTION;Revalorisation;ULYCDP;PLYC DEPENSES DIRECTES;"CONV 1700661
SAERP";PLYC/DP;800000.0;800000.0;95;numero;1.0
2022;23750007900312;Région Île-de-France;CP2022-267;2022-07-07;19750802100015;0750802P;HECTOR GUIMARD - PARIS 19;Lycées et collèges publics;75019 H GUIMARD TRAVAUX DE REMPLACEMENT DU SSI;Affectation;ULYCDP;PLYC DEPENSES DIRECTES;;PLYC/DPM;265214.4;265214.4;75;UAI;1.0
2022;23750007900312;Région Île-de-France;CP2022-267;2022-07-07;19922276100017;0922276Z;SANTOS DUMONT - ST-CLOUD;Lycées et collèges publics;92 ST CLOUD SANTOS DUMONT ETUDES POUR LA RENOVATION DES CUISINES PEDAGOGIQUES;Affectation;ULYCDP;PLYC DEPENSES DIRECTES;;PLYC/DPM;120000.0;120000.0;92;UAI;1.0
2022;23750007900312;Région Île-de-France;CP2022-267;2022-07-07;19750502700015;0750502N;MAXIMILIEN VOX - PARIS 06;Lycées et collèges publics;75006 MAXIMILIEN VOX ART DESSIN ETUDES POUR LA REFECTION DU PARQUET ET FAUX PLAFOND SALLES 31 ET 33;Affectation;ULYCDP;PLYC DEPENSES DIRECTES;;PLYC/DPM;110000.0;110000.0;75;UAI;1.0
2022;23750007900312;Région Île-de-France;CP2022-267;2022-07-07;;;;;ACCORDS CADRES 2022;Affectation;ULYCDP;PLYC DEPENSES DIRECTES;;PLYC/DPM;14700000.0;14700000.0;non attribuable;;1.0
2022;23750007900312;Région Île-de-France;CP2022-279;2022-07-07;;;;;PPI/PPR 2010 - 91 CERNY LYC DENIS;Revalorisation;ULYCDP;PLYC DEPENSES DIRECTES;;PLYC/DP;800000.0;800000.0;91;numero;1.0
2022;23750007900312;Région Île-de-France;CP2022-305;2022-07-07;19921229100017;0921229L;ANATOLE FRANCE - COLOMBES;Lycées et collèges publics;92 COLOMBES ANATOLE FRANCE TX DE MODIFICATION DES ACCES DU LYCEE ET DEPLACEMENT DE LA CLOTURE;Affectation;ULYCDP;PLYC DEPENSES DIRECTES;;PLYC/DPM;500000.0;500000.0;92;UAI;1.0
2022;23750007900312;Région Île-de-France;CP2022-305;2022-07-07;19770922300014;0770922J;LYCEE GASTON BACHELARD - CHELLES;Lycées et collèges publics;77 CHELLES GASTON BACHELARD TX DE SECURISATION PERIMETRIQUE ET ELECTRONIQUE;Affectation;ULYCDP;PLYC DEPENSES DIRECTES;;PLYC/DPM;1200000.0;1200000.0;77;UAI;1.0
2022;23750007900312;Région Île-de-France;CP2022-305;2022-07-07;19921592200014;0921592F;LES COTES DE VILLEBON - MEUDON;Lycées et collèges publics;92 MEUDON LES COTES DE VILLEBON INSTALLATION DE 12 CAMERAS VIDEOS;Affectation;ULYCDP;PLYC DEPENSES DIRECTES;;PLYC/DPM;100000.0;100000.0;92;UAI;1.0
2022;23750007900312;Région Île-de-France;CP2022-267;2022-07-07;19781948500016;0781948U;LAVOISIER - PORCHEVILLE;Lycées et collèges publics;78 PORCHEVILLE LAVOISIER REFECTION CENTRALE ET SYSTEME SSI;Affectation;ULYCDP;PLYC DEPENSES DIRECTES;;PLYC/DPM;191207.28;191207.28;78;UAI;1.0
2022;23750007900312;Région Île-de-France;CP2022-268;2022-07-07;19750698300018;0750698B;CLAUDE BERNARD - PARIS 16;Lycées et collèges publics;75016 C BERNARD TX DE REMPLACEMENT DE DEUX ASCENSEURS;Affectation;ULYCDP;PLYC DEPENSES DIRECTES;;PLYC/DPM;300000.0;300000.0;75;UAI;1.0
2022;23750007900312;Région Île-de-France;CP2022-267;2022-07-07;19940116700010;0940116R;EUGENE DELACROIX - MAISONS ALFORT;Lycées et collèges publics;94 MAISONS ALFORT E DELACROIX MISE EN CONFORMITE D ELEMENTS DU SSI;Affectation;ULYCDP;PLYC DEPENSES DIRECTES;;PLYC/DPM;190000.0;190000.0;94;UAI;1.0
2022;23750007900312;Région Île-de-France;CP2022-268;2022-07-07;19750711400019;0750711R;HENRI BERGSON - PARIS 19;Lycées et collèges publics;75019 H BERGSON REPRISE EN SS OEUVRE DU BAT PRINCIPAL;Affectation;ULYCDP;PLYC DEPENSES DIRECTES;;PLYC/DPM;60000.0;60000.0;75;UAI;1.0
2022;23750007900312;Région Île-de-France;CP2022-267;2022-07-07;19750667800014;0750667T;CONDORCET - PARIS 09;Lycées et collèges publics;75009 CONDORCET TX DE RENOVATION DE DEUX CAGES D ESCALIER 1 ET 2 ET SALLE DES PROFS;Affectation;ULYCDP;PLYC DEPENSES DIRECTES;;PLYC/DPM;308694.28;308694.28;75;UAI;1.0
2022;23750007900312;Région Île-de-France;CP2022-305;2022-07-07;19771171600013;0771171E;LOUIS LUMIERE - CHELLES;Lycées et collèges publics;77 CHELLES LOUIS LUMIERE TX DE SECURISATION PERIMETRIQUE ET ELECTRONIQUE;Affectation;ULYCDP;PLYC DEPENSES DIRECTES;;PLYC/DPM;800000.0;800000.0;77;UAI;1.0
2022;23750007900312;Région Île-de-France;CP2022-267;2022-07-07;19920171600016;0920171L;LOUIS BLERIOT - SURESNES;Lycées et collèges publics;92 SURESNES L BLERIOT REMPLACEMENT DU SSI;Affectation;ULYCDP;PLYC DEPENSES DIRECTES;;PLYC/DPM;250000.0;250000.0;92;UAI;1.0
2022;23750007900312;Région Île-de-France;CP2022-267;2022-07-07;19950947200015;0950947N;LYCEE MARYSE CONDE - SARCELLES;Lycées et collèges publics;95 SARCELLES DE LA TOURELLE TX DE RENOVATION DE LA HALLE DE SPORT;Affectation;ULYCDP;PLYC DEPENSES DIRECTES;;PLYC/DPM;1500000.0;1500000.0;95;UAI;1.0
2022;23750007900312;Région Île-de-France;CP2022-267;2022-07-07;19951763200014;0951763A;LOUIS JOUVET;Lycées et collèges publics;95 TAVERNY LOUIS JOUVET REFECTION DES COUVERTURES ET ETANCHEITES;Désaffectation;ULYCDP;PLYC DEPENSES DIRECTES;;PLYC/DPM;-2300000.0;-2300000.0;95;UAI;1.0
2022;23750007900312;Région Île-de-France;CP2022-267;2022-07-07;19780422200028;0780422K;FRANCOIS VILLON - LES MUREAUX;Lycées et collèges publics;78 LES MUREAUX F VILLON REFECTION CENTRALE ET SYSTEME SSI;Affectation;ULYCDP;PLYC DEPENSES DIRECTES;;PLYC/DPM;120666.0;120666.0;78;UAI;1.0
2022;23750007900312;Région Île-de-France;CP2022-267;2022-07-07;19781859400016;0781859X;VINCENT VAN GOGH - AUBERGENVILLE;Lycées et collèges publics;78 AUBERGENVILLE VINCENT VAN GOGH REFECTION CENTRALE ET SYSTEME SSI;Affectation;ULYCDP;PLYC DEPENSES DIRECTES;;PLYC/DPM;132312.0;132312.0;78;UAI;1.0
2022;23750007900312;Région Île-de-France;CP2022-267;2022-07-07;19780272100013;0783533S;CAMILLE CLAUDEL - MANTES LA JOLIE;Lycées et collèges publics;78 MANTES LA VILLE C CLAUDEL REFECTION CENTRALE ET SYSTEME SSI;Affectation;ULYCDP;PLYC DEPENSES DIRECTES;;PLYC/DPM;114720.0;114720.0;78;UAI;1.0
2022;23750007900312;Région Île-de-France;CP2022-305;2022-07-07;19941355000013;0941355M;PAUL BERT - MAISONS-ALFORT;Lycées et collèges publics;94 MAISONS ALFORT P BERT TX DE SECURISATION DU SITE;Affectation;ULYCDP;PLYC DEPENSES DIRECTES;;PLYC/DPM;100000.0;100000.0;94;UAI;1.0
2022;23750007900312;Région Île-de-France;CP2022-268;2022-07-07;19750714800017;0750714U;HELENE BOUCHER - PARIS 20;Lycées et collèges publics;75020 H BOUCHER SECURISATION DES FACADES PAR LA POSE DE FILETS;Affectation;ULYCDP;PLYC DEPENSES DIRECTES;;PLYC/DPM;250000.0;250000.0;75;UAI;1.0
2022;23750007900312;Région Île-de-France;CP2022-304;2022-07-07;;;;;2022 - EPI AGENTS DES LYCEES;Revalorisation;UPRHDP;PRH DEPENSES DIRECTES;;PRH/MAPPTDS;520000.0;520000.0;non attribuable;;1.0
2022;23750007900312;Région Île-de-France;CP2022-268;2022-07-07;;;;;ACCORDS CADRES TRAVAUX COLLEGES;Revalorisation;ULYCDP;PLYC DEPENSES DIRECTES;;PLYC/DPM;900000.0;900000.0;non attribuable;;1.0
2022;23750007900312;Région Île-de-France;CP2022-267;2022-07-07;19950947200015;0950947N;LYCEE MARYSE CONDE - SARCELLES;Lycées et collèges publics;95 SARCELLES LA TOURELLE RENOVATION DU SSI;Affectation;ULYCDP;PLYC DEPENSES DIRECTES;;PLYC/DPM;230000.0;230000.0;95;UAI;1.0
2022;23750007900312;Région Île-de-France;CP2022-256;2022-07-07;;;;;EQUIPEMENTS INFORMATIQUE, INSTALLATION CSN, RESEAUX ET PASSERELLES DE SECURITE;Affectation;DSIDP;PTN DEPENSES DIRECTES;;PTN/MAAT;5000000.0;5000000.0;non attribuable;;1.0
2022;23750007900312;Région Île-de-France;CP2022-268;2022-07-07;19750689200011;0750689S;LYCEE PAUL BERT - PARIS 14;Lycées et collèges publics;75014 PAUL BERT RECONSTRUCTION DES BÄTIMENTS EN RDC DE LA COUR;Affectation;ULYCDP;PLYC DEPENSES DIRECTES;;PLYC/DPM;150000.0;150000.0;75;UAI;1.0
2022;23750007900312;Région Île-de-France;CP2022-268;2022-07-07;;;;;ACCORDS CADRES TRAVAUX LYCEES;Revalorisation;ULYCDP;PLYC DEPENSES DIRECTES;;PLYC/DPM;3000000.0;3000000.0;non attribuable;;1.0
2022;23750007900312;Région Île-de-France;CP2022-268;2022-07-07;19750668600017;0750668U;JACQUES DECOUR - PARIS 09;Lycées et collèges publics;75019 JACQUES DECOUR SECURISATION DE L ENS DES FACADES PAR LA POSE DE FILETS;Affectation;ULYCDP;PLYC DEPENSES DIRECTES;;PLYC/DPM;600000.0;600000.0;75;UAI;1.0
2022;23750007900312;Région Île-de-France;CP2022-305;2022-07-07;19750654600013;0750654D;LYCEE HENRI IV - PARIS 05;Lycées et collèges publics;75005 HENRI IV TX DE SECURISATION MECANIQUE ET ELECTRONIQUE DE L ETABLISSEMENT;Affectation;ULYCDP;PLYC DEPENSES DIRECTES;;PLYC/DPM;450000.0;450000.0;75;UAI;1.0
2022;23750007900312;Région Île-de-France;CP2022-305;2022-07-07;19750802100015;0750802P;HECTOR GUIMARD - PARIS 19;Lycées et collèges publics;75019 H GUIMARD TX DE REMPLACEMENT DE 18 CAMERAS ET MISE EN OEUVRE D UNE CLOTURE;Affectation;ULYCDP;PLYC DEPENSES DIRECTES;;PLYC/DPM;70000.0;70000.0;75;UAI;1.0
2022;23750007900312;Région Île-de-France;CP2022-256;2022-07-07;;;;;EQUIPEMENTS INDIVIDUELS MANUELS SCOLAIRES;Affectation;DSIDP;PTN DEPENSES DIRECTES;;PTN/MAAT;15000000.0;15000000.0;non attribuable;;1.0
2022;23750007900312;Région Île-de-France;CP2022-256;2022-07-07;;;;;ACHAT EQUIPEMENTS INFORMATIQUES, RESEAUX CMR;Affectation;DSIDP;PTN DEPENSES DIRECTES;;PTN/MAAT;400000.0;400000.0;non attribuable;;1.0
2022;23750007900312;Région Île-de-France;CP2022-256;2022-07-07;;;;;PRESTA PROXIMITE, HEBERGEMENT, EXPLOITATION SERVEURS, MAINTENANCE SOCLE ENT;Affectation;DSIDP;PTN DEPENSES DIRECTES;;PTN/MAAT;2000000.0;2000000.0;non attribuable;;1.0
2022;23750007900312;Région Île-de-France;CP2022-191;2022-05-20;;;;;Manuels et ressources pédagogiques;Affectation;DSIDP;PTN DEPENSES DIRECTES;;PTN/MAAT;10000000.0;10000000.0;non attribuable;;1.0
2022;23750007900312;Région Île-de-France;CP2022-191;2022-05-20;;;;;ACHATS ECRANS TACTILES LYCEES PUBLICS;Affectation;DSIDP;PTN DEPENSES DIRECTES;;PTN/MAAT;2000000.0;2000000.0;non attribuable;;1.0
2022;23750007900312;Région Île-de-France;CP2022-226;2022-05-20;;;;;REGION PLAN ESPACES SANITAIRES DANS LES EPLE FRANCILIENS;Revalorisation;ULYCDP;PLYC DEPENSES DIRECTES;MISE EN OEUVRE DU PLAN DES ESPACES SANITAIRES DANS LES EPLE FRANCILIENS;PLYC/DP;252463.82;252463.82;non attribuable;;1.0
2022;23750007900312;Région Île-de-France;CP2022-226;2022-05-20;19782549000018;0782549X;LOUIS BASCAN - RAMBOUILLET;Lycées et collèges publics;78 RAMBOUILLET L BASCAN RENO DES TOITURES TERRASSES;Affectation;ULYCDP;PLYC DEPENSES DIRECTES;;PLYC/DPM;2700000.0;2700000.0;78;UAI;1.0
2022;23750007900312;Région Île-de-France;CP2022-209;2022-05-20;;;;;AFFECTATION MARCHE PROTOTYPAGE MOBILIER DESIGN CDI DU FUTUR;Affectation;ULYCDP;PLYC DEPENSES DIRECTES;;PLYC/DP;50000.0;50000.0;non attribuable;;1.0
2022;23750007900312;Région Île-de-France;CP2022-191;2022-05-20;;;;;ACHAT ECRANS TACTILES CMR;Affectation;DSIDP;PTN DEPENSES DIRECTES;;PTN/MAAT;200000.0;200000.0;non attribuable;;1.0
2022;23750007900312;Région Île-de-France;CP2022-209;2022-05-20;;;;;AP PROVISIONNELLE DO - ETUDES CMR;Affectation;ULYCDP;PLYC DEPENSES DIRECTES;;PLYC/DP;500000.0;500000.0;non attribuable;;1.0
2022;23750007900312;Région Île-de-France;CP2022-227;2022-05-20;19750654600013;0750654D;LYCEE HENRI IV - PARIS 05;Lycées et collèges publics;75005 HENRI IV DEMOLITION DES BD;Affectation;ULYCDP;PLYC DEPENSES DIRECTES;;PLYC/DPM;528000.0;528000.0;75;UAI;1.0
2022;23750007900312;Région Île-de-France;CP2022-191;2022-05-20;;;;;EQUIPEMENT INFORMATIQUE, INSTALLATION CENTRE DE SERVICE;Affectation;DSIDP;PTN DEPENSES DIRECTES;;PTN/MAAT;4000000.0;4000000.0;non attribuable;;1.0
2022;23750007900312;Région Île-de-France;CP2022-227;2022-05-20;19920146800014;0920146J;MARIE CURIE - SCEAUX;Lycées et collèges publics;92 SCEAUX MARIE CURIE AMENAGEMENT PLATEAU SPORTIF;Affectation;ULYCDP;PLYC DEPENSES DIRECTES;;PLYC/DPM;300000.0;300000.0;92;UAI;1.0
2022;23750007900312;Région Île-de-France;CP2022-209;2022-05-20;;;;;94 VILLENEUVE SAINT GEORGES LYC FRANCOIS ARAGO CONSTRUCTION D'UN INTERNAT DE 100 PLACES;Affectation;ULYCDP;PLYC DEPENSES DIRECTES;CONTRAT DE MANDAT;PLYC/DP;300000.0;300000.0;94;numero;1.0
2022;23750007900312;Région Île-de-France;CP2022-209;2022-05-20;19772127700014;0772127U;LYCEE GALILEE - COMBS LA VILLE;Lycées et collèges publics;RESTRUC PÔLE SCIE GALIL COMBS 77;Affectation;ULYCDP;PLYC DEPENSES DIRECTES;RESTRUCTURATION DU PÔLE SCIENCES;PLYC/DP;6590000.0;6590000.0;77;UAI;1.0
2022;23750007900312;Région Île-de-France;CP2022-227;2022-05-20;;;;;93 MONTREUIL JAURES PROG2018 CREATION CDI EN RDC;Affectation;ULYCDP;PLYC DEPENSES DIRECTES;;PLYC/DP;300000.0;300000.0;93;numero;1.0
2022;23750007900312;Région Île-de-France;CP2022-226;2022-05-20;19950647800015;0950647M;GERARD DE NERVAL - LUZARCHES;Lycées et collèges publics;95 LUZARCHES G DE NERVAL RENOVATION INTEGRALE DU SSI;Affectation;ULYCDP;PLYC DEPENSES DIRECTES;;PLYC/DPM;109200.0;109200.0;95;UAI;1.0
2022;23750007900312;Région Île-de-France;CP2022-226;2022-05-20;19950651000015;0950651S;JACQUES PREVERT - TAVERNY;Lycées et collèges publics;95 TAVERNY J PREVERT MOE RENO THERMIQUE;Affectation;ULYCDP;PLYC DEPENSES DIRECTES;;PLYC/DPM;56238.0;56238.0;95;UAI;1.0
2022;23750007900312;Région Île-de-France;CP2022-227;2022-05-20;;;;;ACCORDS CADRES TRAVAUX COLLEGES;Revalorisation;ULYCDP;PLYC DEPENSES DIRECTES;;PLYC/DPM;500000.0;500000.0;non attribuable;;1.0
2022;23750007900312;Région Île-de-France;CP2022-191;2022-05-20;;;;;PRESTA MARCHE SIER CITES MIXTES SCOLAIRES;Affectation;DSIDP;PTN DEPENSES DIRECTES;;PTN/MAAT;10000.0;10000.0;non attribuable;;1.0
2022;23750007900312;Région Île-de-France;CP2022-209;2022-05-20;;;;;PPI/PPR 2010-75 PARIS 4EME CMR CHARLEMAGNE;Affectation;ULYCDP;PLYC DEPENSES DIRECTES;RESTAURATION BIBLIOTHEQUE;PLYC/DP;300000.0;300000.0;75;numero;1.0
2022;23750007900312;Région Île-de-France;CP2022-226;2022-05-20;;;;;ILE DE FRANCE - LYCEES DIVERS - ACCESSIBILITE HANDICAP;Désaffectation;ULYCDP;PLYC DEPENSES DIRECTES;"13MANHAN01 OPERATIONS SIMPLES (CATEGORIE A)
13MANHAN02 ETUDES ET DIAGNOSTICS

CONVENTIONS DE MANDAT POUR UNE LISTE DE LYCEES 
OPERATIONS DE MISE EN ACCESSIBILITE HANDICAP";PLYC/DP;-10000000.0;-10000000.0;non attribuable;;1.0
2022;23750007900312;Région Île-de-France;CP2022-227;2022-05-20;;;;;ACCORDS CADRES TRAVAUX LYCEES;Revalorisation;ULYCDP;PLYC DEPENSES DIRECTES;;PLYC/DPM;1000000.0;1000000.0;non attribuable;;1.0
2022;23750007900312;Région Île-de-France;CP2022-226;2022-05-20;19951727700018;0951727L;CHARLES BAUDELAIRE - FOSSES;Lycées et collèges publics;95 FOSSES BAUDELAIRE REMISE A NIVEAU DU SSI;Affectation;ULYCDP;PLYC DEPENSES DIRECTES;;PLYC/DPM;80000.0;80000.0;95;UAI;1.0
2022;23750007900312;Région Île-de-France;CP2022-226;2022-05-20;;;;;AC BATIMENTS DEMONTABLES;Revalorisation;ULYCDP;PLYC DEPENSES DIRECTES;;PLYC/DPM;7000000.0;7000000.0;non attribuable;;1.0
2022;23750007900312;Région Île-de-France;CP2022-205;2022-05-20;;;;;Projet bio local - CP mai 2022;Affectation;ULYCDP;PLYC DEPENSES DIRECTES;;PLYC/LLAB;200265.0;200265.0;non attribuable;;1.0
2022;23750007900312;Région Île-de-France;CP2022-209;2022-05-20;;;;;91 DRAVEIL LYCEE NADAR;Revalorisation;ULYCDP;PLYC DEPENSES DIRECTES;PPI CP OCTOBRE 2018;PLYC/DP;1928000.0;1928000.0;91;numero;1.0
2022;23750007900312;Région Île-de-France;CP2022-226;2022-05-20;;;;;AMO POUR LE MONTAGE D UN MARCHE ELEC HAUTE TENSION;Affectation;ULYCDP;PLYC DEPENSES DIRECTES;;PLYC/DPM;200000.0;200000.0;non attribuable;;1.0
2022;23750007900312;Région Île-de-France;CP2022-227;2022-05-20;;;;;AFFECTATION PROV CMR LYCEES;Affectation;ULYCDP;PLYC DEPENSES DIRECTES;;PLYC/DPM;500000.0;500000.0;non attribuable;;1.0
2022;23750007900312;Région Île-de-France;CP2022-191;2022-05-20;;;;;EQUIPEMENTS INFORMATIQUES, INSTALLATION CENTRE DE SERVICE CMR;Affectation;DSIDP;PTN DEPENSES DIRECTES;;PTN/MAAT;400000.0;400000.0;non attribuable;;1.0
2022;23750007900312;Région Île-de-France;CP2022-209;2022-05-20;;;;;77 MELUN LYT LEONARD DE VINCI RESTRUCTURATION PARTIELLE DU LYCEE;Affectation;ULYCDP;PLYC DEPENSES DIRECTES;;PLYC/DP;500000.0;500000.0;77;numero;1.0
2022;23750007900312;Région Île-de-France;CP2022-221;2022-05-20;22920050600611;;DEPARTEMENT DES HAUTS-DE-SEINE;Départements;92-Courbevoie-Financement MO pour la construction de l'école européenne de Paris La Défense;Affectation;ULYCDP;PLYC DEPENSES DIRECTES;;PLYC/DP;28066750.0;28066750.0;92;numero;1.0
2022;23750007900312;Région Île-de-France;CP2022-226;2022-05-20;19951922400018;0951922Y;LYCEE CAMILLE SAINT SAENS - DEUIL LA BARRE;Lycées et collèges publics;95 DEUIL LA BARRE CAMILLE ST SAENS REMISE A NIVEAU DU SSI;Affectation;ULYCDP;PLYC DEPENSES DIRECTES;;PLYC/DPM;100000.0;100000.0;95;UAI;1.0
2022;23750007900312;Région Île-de-France;CP2022-209;2022-05-20;;;;;77 NANGIS LYCEE HENRI BECQUEREL EXTENSION;Affectation;ULYCDP;PLYC DEPENSES DIRECTES;;PLYC/DP;9060000.0;9060000.0;77;numero;1.0
2022;23750007900312;Région Île-de-France;CP2022-226;2022-05-20;19772243200014;0772243V;CAMILLE CLAUDEL - PONTAULT-C;Lycées et collèges publics;77 PONTAULT C CLAUDEL TX REMPLACEMENT DU SSI;Affectation;ULYCDP;PLYC DEPENSES DIRECTES;;PLYC/DPM;150000.0;150000.0;77;UAI;1.0
2022;23750007900312;Région Île-de-France;CP2022-226;2022-05-20;;;;;AFFECT AP PROV 2022;Revalorisation;ULYCDP;PLYC DEPENSES DIRECTES;;PLYC/DPM;2000000.0;2000000.0;non attribuable;;1.0
2022;23750007900312;Région Île-de-France;CP2022-227;2022-05-20;;;;;AFFECTATION PROVISIONNELLE CMR COLLEGES;Affectation;ULYCDP;PLYC DEPENSES DIRECTES;;PLYC/DPM;250000.0;250000.0;non attribuable;;1.0
2022;23750007900312;Région Île-de-France;CP2022-226;2022-05-20;;;;;INVESTISSEMENT MAINTENANCE GR PROG2019/2020/2021 CPI;Revalorisation;ULYCDP;PLYC DEPENSES DIRECTES;;PLYC/DP;821988.0;821988.0;non attribuable;;1.0
2022;23750007900312;Région Île-de-France;CP2022-209;2022-05-20;;;;;95 BEZONS LYC EUGENE RONCERAY RENOVATION GLOBALE;Revalorisation;ULYCDP;PLYC DEPENSES DIRECTES;"CONTRAT DE MANDAT N°1400002MANUL01-2  SAERP
RESTRUCTURATION GLOBALE DU LYCEE";PLYC/DP;1132638.0;1132638.0;95;numero;1.0
2022;23750007900312;Région Île-de-France;CP2022-226;2022-05-20;19950647800015;0950647M;GERARD DE NERVAL - LUZARCHES;Lycées et collèges publics;95 LUZARCHES G DE NERVAL RENO THERMIQUE;Affectation;ULYCDP;PLYC DEPENSES DIRECTES;;PLYC/DPM;67276.0;67276.0;95;UAI;1.0
2022;23750007900312;Région Île-de-France;CP2022-228;2022-05-20;;;;;99 MAINTENANCE ET FOURNITURE DE GAZ DANS LYCEES FRANCILIENS;Revalorisation;ULYCDP;PLYC DEPENSES DIRECTES;;PLYC/DP;20951499.0;20951499.0;regional;numero 99;1.0
2022;23750007900312;Région Île-de-France;CP2022-226;2022-05-20;19772230900014;0772230F;LYCEE BLAISE PASCAL - BRIE COMTE ROBERT;Lycées et collèges publics;77 BRIE COMTE ROBERT B PASCAL TX REMPLACEMENT DU SSI;Affectation;ULYCDP;PLYC DEPENSES DIRECTES;;PLYC/DPM;200000.0;200000.0;77;UAI;1.0
2022;23750007900312;Région Île-de-France;CP2022-209;2022-05-20;;;;;95 VILLIERS LE BEL LYCEE PIERRE MENDES FRANCE EXTENSION DU LYCEE;Affectation;ULYCDP;PLYC DEPENSES DIRECTES;CONTRAT DE MANDAT SAERP;PLYC/DP;600000.0;600000.0;95;numero;1.0
2022;23750007900312;Région Île-de-France;CP2022-209;2022-05-20;;;;;78 GUYANCOURT LYT D HOTELLERIE ET TOURISME RESTRUCTURATION D ENSEMBLE;Affectation;ULYCDP;PLYC DEPENSES DIRECTES;CONV 312 MD 02 RENOVATION - SARRY 78;PLYC/DP;338.0;338.0;78;numero;1.0
2022;23750007900312;Région Île-de-France;CP2022-191;2022-05-20;;;;;PRESTA MARCHE SIER;Affectation;DSIDP;PTN DEPENSES DIRECTES;;PTN/MAAT;100000.0;100000.0;non attribuable;;1.0
2022;23750007900312;Région Île-de-France;CP2022-228;2022-05-20;;;;;99 MAINTENANCE ET FOURNITURE ELECTRICITE DANS LYCEES FRANCILIENS;Revalorisation;ULYCDP;PLYC DEPENSES DIRECTES;;PLYC/DP;11869301.0;11869301.0;regional;numero 99;1.0
2022;23750007900312;Région Île-de-France;CP2022-226;2022-05-20;19951147800018;0951147F;LYCEE FRAGONARD - L'ISLE-ADAM;Lycées et collèges publics;95 L ISLE ADAM FRAGONARD REMPLACEMENT DU SSI;Affectation;ULYCDP;PLYC DEPENSES DIRECTES;;PLYC/DPM;109000.0;109000.0;95;UAI;1.0
2022;23750007900312;Région Île-de-France;CP2022-227;2022-05-20;19750662900017;0750662M;VICTOR DURUY - PARIS 07;Lycées et collèges publics;75007 VICTOR DURUY;Affectation;ULYCDP;PLYC DEPENSES DIRECTES;;PLYC/DPM;1290000.0;1290000.0;75;UAI;1.0
2022;23750007900312;Région Île-de-France;CP2022-226;2022-05-20;;;;;CONV 17 MANHAN A3 EST : 13 LYCEES PPI;Affectation;ULYCDP;PLYC DEPENSES DIRECTES;"CONV 17 MAN HAN A3 EST
SAERP";PLYC/DP;10000000.0;10000000.0;non attribuable;;1.0
2022;23750007900312;Région Île-de-France;CP2022-226;2022-05-20;19772225900011;0772225A;LINO VENTURA - OZOIR LA FERRIERE;Lycées et collèges publics;77 OZOIR L VENTURA TX REMPLACEMENT SSI;Affectation;ULYCDP;PLYC DEPENSES DIRECTES;;PLYC/DPM;200000.0;200000.0;77;UAI;1.0
2022;23750007900312;Région Île-de-France;CP2022-209;2022-05-20;;;;;78 CARRIERES SUR SEINE LYCEE LES PIERRES VIVES - EXTENSION DE CAPACITE 600 PLACES;Revalorisation;ULYCDP;PLYC DEPENSES DIRECTES;Convention de mandat SAERP;PLYC/DP;2000000.0;2000000.0;78;numero;1.0
2022;23750007900312;Région Île-de-France;CP2022-226;2022-05-20;;;;;ACCORDS CADRES 2022;Revalorisation;ULYCDP;PLYC DEPENSES DIRECTES;;PLYC/DPM;25000000.0;25000000.0;non attribuable;;1.0
2022;23750007900312;Région Île-de-France;CP2022-227;2022-05-20;19750657900014;0750657G;MONTAIGNE - PARIS 06;Lycées et collèges publics;75006 MONTAIGNE TRAVAUX DE REFECTION DE LA COUR DU LYCEE;Affectation;ULYCDP;PLYC DEPENSES DIRECTES;;PLYC/DPM;650000.0;650000.0;75;UAI;1.0
2022;23750007900312;Région Île-de-France;CP2022-226;2022-05-20;19951788900010;0951788C;GEORGE SAND - DOMONT;Lycées et collèges publics;95 DOMONT G SAND MISE A NIVEAU DU SSI;Affectation;ULYCDP;PLYC DEPENSES DIRECTES;;PLYC/DPM;38000.0;38000.0;95;UAI;1.0
2022;23750007900312;Région Île-de-France;CP2022-209;2022-05-20;;;;;PPI / PPR 2011 - 95 ENGHIEN LES BAINS LYC GUSTAVE MONOD;Affectation;ULYCDP;PLYC DEPENSES DIRECTES;Restructuration du site Ouest 2ème tranche;PLYC/DP;1400000.0;1400000.0;95;numero;1.0
2022;23750007900312;Région Île-de-France;CP2022-227;2022-05-20;;;;;CONTRAT DE PRESTATIONS INTEGREES;Revalorisation;ULYCDP;PLYC DEPENSES DIRECTES;;PLYC/DPM;97531.0;97531.0;non attribuable;;1.0
2022;23750007900312;Région Île-de-France;CP2022-191;2022-05-20;;;;;PRESTA HEBERGEMENT, EXPLOITATION SERVEURS, MAINTENANCE SOCLE ENT;Affectation;DSIDP;PTN DEPENSES DIRECTES;;PTN/MAAT;250000.0;250000.0;non attribuable;;1.0
2022;23750007900312;Région Île-de-France;CP2022-228;2022-05-20;;;;;EXPLOIT.OP.DE CONCEPTION REALISATION LIEE A LA RENOVATION THERMIQUE 95 ISLE ADAM FRAGONARD;Affectation;ULYCDP;PLYC DEPENSES DIRECTES;SAERP - CONTRAT DE MANDAT N°1400511;PLYC/DP;12340.0;12340.0;95;numero interne;1.0
2022;23750007900312;Région Île-de-France;CP2022-142;2022-03-23;19951763200014;0951763A;LOUIS JOUVET;Lycées et collèges publics;95 TAVERNY LOUIS JOUVET REFECTION DES COUVERTURES ET ETANCHEITES;Affectation;ULYCDP;PLYC DEPENSES DIRECTES;;PLYC/DPM;2300000.0;2300000.0;95;UAI;1.0
2022;23750007900312;Région Île-de-France;CP2022-145;2022-03-23;19951787100018;0951787B;ARTHUR RIMBAUD - GARGES;Lycées et collèges publics;95 GARGES LES GONESSES A RIMBAUD SECURISATION DU SITE;Affectation;ULYCDP;PLYC DEPENSES DIRECTES;;PLYC/DPM;427116.0;427116.0;95;UAI;1.0
2022;23750007900312;Région Île-de-France;CP2022-143;2022-03-23;;;;;CONTRAT DE PRESTATIONS INTEGREES;Revalorisation;ULYCDP;PLYC DEPENSES DIRECTES;;PLYC/DPM;27561.8;27561.8;non attribuable;;1.0
2022;23750007900312;Région Île-de-France;CP2022-143;2022-03-23;;;;;FONDS D URGENCES CMR;Revalorisation;ULYCDP;PLYC DEPENSES DIRECTES;;PLYC/DPM;150000.0;150000.0;non attribuable;;1.0
2022;23750007900312;Région Île-de-France;CP2022-124;2022-03-23;;;;;PRESTATIONS DU MARCHE SIER;Affectation;DSIDP;PTN DEPENSES DIRECTES;;PTN/MAAT;100000.0;100000.0;non attribuable;;1.0
2022;23750007900312;Région Île-de-France;CP2022-142;2022-03-23;19941018400014;0941018W;EDOUARD BRANLY - CRETEIL;Lycées et collèges publics;94 CRETEIL E BRANLY ETUDES POUR LA RENO DE LA FACADE VITREE COTE ADM;Affectation;ULYCDP;PLYC DEPENSES DIRECTES;;PLYC/DPM;100000.0;100000.0;94;UAI;1.0
2022;23750007900312;Région Île-de-France;CP2022-143;2022-03-23;19752548800015;0752548M;COLLEGE JANSON DE SAILLY PARIS 16;Lycées et collèges publics;75016 JANSON DE SAILLY RENOVATION DU SSI;Affectation;ULYCDP;PLYC DEPENSES DIRECTES;;PLYC/DPM;950000.0;950000.0;75;UAI;1.0
2022;23750007900312;Région Île-de-France;CP2022-135;2022-03-23;;;;;MAC MOBILIER SCOLAIRE EPLE;Revalorisation;ULYCDP;PLYC DEPENSES DIRECTES;;PLYC;984000.0;984000.0;non attribuable;;1.0
2022;23750007900312;Région Île-de-France;CP2022-142;2022-03-23;19770940500017;0770940D;ETIENNE BEZOUT - NEMOURS;Lycées et collèges publics;77 NEMOURS E BEZOUT TX DE REMPLACEMENT DU SSI;Affectation;ULYCDP;PLYC DEPENSES DIRECTES;;PLYC/DPM;250000.0;250000.0;77;UAI;1.0
2022;23750007900312;Région Île-de-France;CP2022-142;2022-03-23;19951618800018;0951618T;AUGUSTE ESCOFFIER - ERAGNY;Lycées et collèges publics;95 ERAGNY A ESCOFFIER ETUDES LIEE A L OPEARATION DE RENO DE L INTERNAT;Affectation;ULYCDP;PLYC DEPENSES DIRECTES;;PLYC/DPM;90000.0;90000.0;95;UAI;1.0
2022;23750007900312;Région Île-de-France;CP2022-142;2022-03-23;19920147600017;0920147K;PAUL LANGEVIN - SURESNES;Lycées et collèges publics;92 SURESNES PAUL LANGEVIN OPE DE RENOVATION DE LA SALLE DE PROJECTION;Affectation;ULYCDP;PLYC DEPENSES DIRECTES;;PLYC/DPM;600000.0;600000.0;92;UAI;1.0
2022;23750007900312;Région Île-de-France;CP2022-142;2022-03-23;19780515300016;0780515L;LES SEPT MARES - MAUREPAS;Lycées et collèges publics;78 MAUREPAS SEPT MARES REFECTION DE L ENS DEES TERRASSES;Affectation;ULYCDP;PLYC DEPENSES DIRECTES;REFECTION DE L ENSEMBLE DES TERRASSES;PLYC/DPM;570000.0;570000.0;78;UAI;1.0
2022;23750007900312;Région Île-de-France;CP2022-142;2022-03-23;19920134400017;0920134W;JACQUES PREVERT - BOULOGNE;Lycées et collèges publics;92 BOULOGNE BILLANCOURT J PREVERT REMPLACEMENT DU SSI;Affectation;ULYCDP;PLYC DEPENSES DIRECTES;;PLYC/DPM;210000.0;210000.0;92;UAI;1.0
2022;23750007900312;Région Île-de-France;CP2022-124;2022-03-23;;;;;PRESTA ETUDE ACCOMP ET CONSTRUCTION CENTRE SERV NUM REGIONAL;Affectation;DSIDP;PTN DEPENSES DIRECTES;;PTN/MAAT;100000.0;100000.0;non attribuable;;1.0
2022;23750007900312;Région Île-de-France;CP2022-117;2022-03-23;19771027000012;0771027Y;FREDERIC JOLIOT CURIE - DAMMARIE LES LYS;Lycées et collèges publics;PPI/PPR 2010-77 DAMMARIE LYCEE JOLIOT CURIE;Affectation;ULYCDP;PLYC DEPENSES DIRECTES;RESTRUCTURATION SERVICE DE RESTAURATION ET CREATION LIEUX DE VIE;PLYC/DP;50000.0;50000.0;77;UAI;1.0
2022;23750007900312;Région Île-de-France;CP2022-142;2022-03-23;20007515800010;0912364A;LYCEE DE DOURDAN;Lycées et collèges publics;91 DOURDAN N TESLA TX DE RENOVATION DES FACADES BAT A ET B;Affectation;ULYCDP;PLYC DEPENSES DIRECTES;;PLYC/DPM;1400000.0;1400000.0;91;UAI;1.0
2022;23750007900312;Région Île-de-France;CP2022-142;2022-03-23;19753256700017;0753256G;ALEXANDRE DUMAS - PARIS 15;Lycées et collèges publics;75015 A DUMAS REMPLACEMENT DU SSI VETUSTE;Affectation;ULYCDP;PLYC DEPENSES DIRECTES;;PLYC/DPM;103539.0;103539.0;75;UAI;1.0
2022;23750007900312;Région Île-de-France;CP2022-116;2022-03-23;;;;;OLYMPIADE DES METIERS COMPETITION WORLDSKILLS 47EME;Affectation;ULYCDP;PLYC DEPENSES DIRECTES;;PLYC/DRE;21000.0;21000.0;non attribuable;;1.0
2022;23750007900312;Région Île-de-France;CP2022-124;2022-03-23;;;;;PRESTA HEBERGEMENT EXPLOIT SERVEURS MAINTENANCE SOCLE ENT;Affectation;DSIDP;PTN DEPENSES DIRECTES;;PTN/MAAT;250000.0;250000.0;non attribuable;;1.0
2022;23750007900312;Région Île-de-France;CP2022-142;2022-03-23;19750660300012;0750660K;FENELON - PARIS 06;Lycées et collèges publics;75006 FENELON TX DE TRANSFORMATION LOGEMENT EN SALLE DE COURS ET COLLE BAT PRINCIPAL;Affectation;ULYCDP;PLYC DEPENSES DIRECTES;;PLYC/DPM;160000.0;160000.0;75;UAI;1.0
2022;23750007900312;Région Île-de-France;CP2022-142;2022-03-23;19770922300014;0770922J;LYCEE GASTON BACHELARD - CHELLES;Lycées et collèges publics;77 G BACHELARD CHELLES TX CREA FOYER LYCEENS;Affectation;ULYCDP;PLYC DEPENSES DIRECTES;TRAVAUX POUR LA CREATION D UN FOYER LYCEENS PAR LA FERMETURE DU PREAU BATIMENT D;PLYC/DPM;100000.0;100000.0;77;UAI;1.0
2022;23750007900312;Région Île-de-France;CP2022-142;2022-03-23;19910429000010;0910429X;LE CHATEAU DU LAC - OLLAINVILLE;Lycées et collèges publics;91 OLLAINVILLE CHATEAU DU LAC TX DE REMPLACEMENT DE 6 SSI;Affectation;ULYCDP;PLYC DEPENSES DIRECTES;;PLYC/DPM;120000.0;120000.0;91;UAI;1.0
2022;23750007900312;Région Île-de-France;CP2022-142;2022-03-23;19940120900010;0940120V;LYCEE MARCELIN BERTHELOT - ST MAUR DES FOSSES;Lycées et collèges publics;94 ST MAUR M BERTHELOT TX DE COUV ET ETANCH TRANCHES OPTIONNELLES;Affectation;ULYCDP;PLYC DEPENSES DIRECTES;TRAVAUX DE COUVERTURE ET ETANCHEITE DU LYCEE - TRANCHES OPTIONNELLES;PLYC/DPM;300000.0;300000.0;94;UAI;1.0
2022;23750007900312;Région Île-de-France;CP2022-142;2022-03-23;19772277000017;0772277G;LYCEE HENRI BECQUEREL - NANGIS;Lycées et collèges publics;77 NANGIS HENRI BECQUEREL TX DE REMPLACEMENT DU SSI;Affectation;ULYCDP;PLYC DEPENSES DIRECTES;;PLYC/DPM;120000.0;120000.0;77;UAI;1.0
2022;23750007900312;Région Île-de-France;CP2022-142;2022-03-23;;;;;P2P3PFI 2022;Revalorisation;ULYCDP;PLYC DEPENSES DIRECTES;;PLYC/DPM;5000000.0;5000000.0;non attribuable;;1.0
2022;23750007900312;Région Île-de-France;CP2022-142;2022-03-23;19951282300014;0951282C;DU VEXIN - CHARS;Lycées et collèges publics;95 CHARS VEXIN REMPLACEMENT SSI VETUSTE;Affectation;ULYCDP;PLYC DEPENSES DIRECTES;;PLYC/DPM;120000.0;120000.0;95;UAI;1.0
2022;23750007900312;Région Île-de-France;CP2022-142;2022-03-23;19750655300019;0750655E;LOUIS LE GRAND - PARIS 05;Lycées et collèges publics;75005 LLG REMPLACEMENT DU SSI VETUSTE;Affectation;ULYCDP;PLYC DEPENSES DIRECTES;;PLYC/DPM;1125236.4;1125236.4;75;UAI;1.0
2022;23750007900312;Région Île-de-France;CP2022-142;2022-03-23;19772332300014;0772332S;SONIA DELAUNAY - CESSON;Lycées et collèges publics;77 CESSON S DELAUNAY TX POUR LA REFECTION DU SSI DE LA DEMI PENSION;Affectation;ULYCDP;PLYC DEPENSES DIRECTES;;PLYC/DPM;100000.0;100000.0;77;UAI;1.0
2022;23750007900312;Région Île-de-France;CP2022-142;2022-03-23;19782568000014;0782568T;ALAIN - LE VESINET;Lycées et collèges publics;78 LE VESINET ALAIN MOE PR LE REMPLACEMENT DES MENUISERIES EXT;Affectation;ULYCDP;PLYC DEPENSES DIRECTES;;PLYC/DPM;100000.0;100000.0;78;UAI;1.0
2022;23750007900312;Région Île-de-France;CP2022-142;2022-03-23;19931272900015;0931272C;GUSTAVE EIFFEL - GAGNY;Lycées et collèges publics;93 G EIFFEL GAGNY TX AMENAGEMT ATELIERS CREA SALLE MUSCU LX ASSOCIES;Affectation;ULYCDP;PLYC DEPENSES DIRECTES;;PLYC/DPM;100000.0;100000.0;93;UAI;1.0
2022;23750007900312;Région Île-de-France;CP2022-145;2022-03-23;19752846600018;0752846L;LYCEE ERIK SATIE - PARIS 14;Lycées et collèges publics;75014 ERIK SATIE TX DE SECURISATION SURETE ELECTRONIQUE ET MECANIQUE;Affectation;ULYCDP;PLYC DEPENSES DIRECTES;;PLYC/DPM;130000.0;130000.0;75;UAI;1.0
2022;23750007900312;Région Île-de-France;CP2022-142;2022-03-23;19930833900019;0930833A;JEAN ZAY - AULNAY SS BOIS;Lycées et collèges publics;93 AULNAY J ZAY TX DE RESTRUCTURATION DU CDI;Affectation;ULYCDP;PLYC DEPENSES DIRECTES;;PLYC/DPM;60000.0;60000.0;93;UAI;1.0
2022;23750007900312;Région Île-de-France;CP2022-117;2022-03-23;;;;;95 CORMEILLE EN PARISIS LYC NEUF PPI CONSTRUCTION;Affectation;ULYCDP;PLYC DEPENSES DIRECTES;"CONV 1700661
SAERP";PLYC/DP;1029126.0;1029126.0;95;numero;1.0
2022;23750007900312;Région Île-de-France;CP2022-124;2022-03-23;;;;;PRESTATIONS MARCHES SIER CMR;Affectation;DSIDP;PTN DEPENSES DIRECTES;;PTN/MAAT;10000.0;10000.0;non attribuable;;1.0
2022;23750007900312;Région Île-de-France;CP2022-142;2022-03-23;19770922300014;0770922J;LYCEE GASTON BACHELARD - CHELLES;Lycées et collèges publics;77 G BACHELARD CHELLES TX REHABILT DU SS SOL BAT DEMI P;Affectation;ULYCDP;PLYC DEPENSES DIRECTES;;PLYC/DPM;200000.0;200000.0;77;UAI;1.0
2022;23750007900312;Région Île-de-France;CP2022-142;2022-03-23;19932047400018;0932047V;LYCEE EVARISTE GALOIS - NOISY;Lycées et collèges publics;93 NOISY LE GRAND E GALOIS TX DE REMPLACEMENT COMPLET DU SSI;Affectation;ULYCDP;PLYC DEPENSES DIRECTES;;PLYC/DPM;160000.0;160000.0;93;UAI;1.0
2022;23750007900312;Région Île-de-France;CP2022-144;2022-03-23;;;;;99 MAINTENANCE ET FOURNITURE DE GAZ DANS LYCEES FRANCILIENS;Revalorisation;ULYCDP;PLYC DEPENSES DIRECTES;;PLYC/DP;13274501.0;13274501.0;regional;numero 99;1.0
2022;23750007900312;Région Île-de-France;CP2022-144;2022-03-23;;;;;99 MAINTENANCE ET FOURNITURE ELECTRICITE DANS LYCEES FRANCILIENS;Revalorisation;ULYCDP;PLYC DEPENSES DIRECTES;;PLYC/DP;7340699.0;7340699.0;regional;numero 99;1.0
2022;23750007900312;Région Île-de-France;CP2022-124;2022-03-23;;;;;MARCHES INFORMATIQUES CMR;Affectation;DSIDP;PTN DEPENSES DIRECTES;;PTN/MAAT;300000.0;300000.0;non attribuable;;1.0
2022;23750007900312;Région Île-de-France;CP2022-117;2022-03-23;;;;;AP PROVISIONNELLE OPES PPI DO;Affectation;ULYCDP;PLYC DEPENSES DIRECTES;;PLYC/DP;1600000.0;1600000.0;non attribuable;;1.0
2022;23750007900312;Région Île-de-France;CP2022-143;2022-03-23;19750682700017;0750682J;AUGUSTE RODIN - PARIS 13;Lycées et collèges publics;75013 RODIN TX DE REMPLACEMENT DES FENETRES DE L ENS DE L ETABLISSEMENT;Affectation;ULYCDP;PLYC DEPENSES DIRECTES;;PLYC/DPM;3000000.0;3000000.0;75;UAI;1.0
2022;23750007900312;Région Île-de-France;CP2022-124;2022-03-23;;;;;MARCHES INFORMATIQUES;Affectation;DSIDP;PTN DEPENSES DIRECTES;;PTN/MAAT;3000000.0;3000000.0;non attribuable;;1.0
2022;23750007900312;Région Île-de-France;CP2022-116;2022-03-23;;;;;ONISEP CARNET ADRESS;Affectation;ULYCDP;PLYC DEPENSES DIRECTES;ONISEP CARNET D ADRESSES DE L 'OFFRE DE FORMATION POST  3EME;PLYC/DP;4637.0;4637.0;non attribuable;;1.0
2022;23750007900312;Région Île-de-France;CP2022-117;2022-03-23;;;;;78 SARTROUVILLE LYCEE EVARISTE GALOIS RENOVATION GLOBALE;Affectation;ULYCDP;PLYC DEPENSES DIRECTES;"CONTRAT DE MANDAT PPI SEPTEMBRE 2019
ILE DE FRANCE CONSTRUCTION DURABLE";PLYC/DP;55000000.0;55000000.0;78;numero;1.0
2022;23750007900312;Région Île-de-France;CP2022-117;2022-03-23;;;;;75 PARIS 13EME CMR GABRIEL FAURE;Affectation;ULYCDP;PLYC DEPENSES DIRECTES;RESTRUCTURATION GLOBALE ET EXTENSION;PLYC/DP;1876000.0;1876000.0;75;numero;1.0
2022;23750007900312;Région Île-de-France;CP2022-142;2022-03-23;19930127600010;0930127H;GEORGES CLEMENCEAU - VILLEMOMBLE;Lycées et collèges publics;93 VILLEMOMBLE G CLEMENCEAU TX DE REMPLACEMENT COMPLET DU SSI;Affectation;ULYCDP;PLYC DEPENSES DIRECTES;;PLYC/DPM;160000.0;160000.0;93;UAI;1.0
2022;23750007900312;Région Île-de-France;CP2022-142;2022-03-23;19940171200013;0940171A;STENDHAL - BONNEUIL S/M;Lycées et collèges publics;94 BONNEUIL STENDHAL TX DE RESTRUCTURATION SSI;Affectation;ULYCDP;PLYC DEPENSES DIRECTES;;PLYC/DPM;250000.0;250000.0;94;UAI;1.0
2022;23750007900312;Région Île-de-France;CP2022-142;2022-03-23;19950640300021;0950640E;JULIE VICTOIRE DAUBIE - ARGENTEUIL;Lycées et collèges publics;95 ARGENTEUIL JVD RENO DES MENUISERIES EXT;Affectation;ULYCDP;PLYC DEPENSES DIRECTES;;PLYC/DPM;70000.0;70000.0;95;UAI;1.0
2022;23750007900312;Région Île-de-France;CP2022-142;2022-03-23;;;;;95 ERAGNY A ESCOFFIER PONTOISE A KASTLER DPE TRAITEMENT DES FACADES DES LOGEMENTS;Affectation;ULYCDP;PLYC DEPENSES DIRECTES;;PLYC/DPM;25000.0;25000.0;95;numero;1.0
2022;23750007900312;Région Île-de-France;CP2022-145;2022-03-23;19951710300016;0951710T;CAMILLE CLAUDEL - VAUREAL;Lycées et collèges publics;95 VAUREAL CAMILLE CLAUDEL TX DE RENOVATION DE LA VIDEO PROTECTION ET CREATION D UN SAS;Affectation;ULYCDP;PLYC DEPENSES DIRECTES;;PLYC/DPM;120000.0;120000.0;95;UAI;1.0
2022;23750007900312;Région Île-de-France;CP2022-145;2022-03-23;19941232100010;0941232D;JEAN MACE - CHOISY LE ROI;Lycées et collèges publics;94 CHOISY LE ROI JEAN MACE TX DE SECURISATION DU SITE;Affectation;ULYCDP;PLYC DEPENSES DIRECTES;;PLYC/DPM;300000.0;300000.0;94;UAI;1.0
2022;23750007900312;Région Île-de-France;CP2022-143;2022-03-23;19930123500016;0930123D;OLYMPE DE GOUGES - NOISY LE SEC;Lycées et collèges publics;93 NOISY LE SEC OLYMPES DE GOUGES TX DE REMPLACEMENT DU SSI;Affectation;ULYCDP;PLYC DEPENSES DIRECTES;;PLYC/DPM;250000.0;250000.0;93;UAI;1.0
2022;23750007900312;Région Île-de-France;CP2022-143;2022-03-23;;;;;ACCORDS CADRES TRAVAUX LYCEES;Affectation;ULYCDP;PLYC DEPENSES DIRECTES;;PLYC/DPM;1300000.0;1300000.0;non attribuable;;1.0
2022;23750007900312;Région Île-de-France;CP2022-142;2022-03-23;;;;;INVESTISSEMENT MAINTENANCE GR PROG2019/2020/2021 CPI;Revalorisation;ULYCDP;PLYC DEPENSES DIRECTES;;PLYC/DP;269134.0;269134.0;non attribuable;;1.0
2022;23750007900312;Région Île-de-France;CP2022-117;2022-03-23;;;;;PPI 2011 78 VERSAILLES LYCEE JULES FERRY;Affectation;ULYCDP;PLYC DEPENSES DIRECTES;;PLYC/DP;500000.0;500000.0;78;numero;1.0
2022;23750007900312;Région Île-de-France;CP2022-142;2022-03-23;19770943900016;0770943G;BENJAMIN FRANKLIN - LA ROCHETTE;Lycées et collèges publics;77 LA ROCHETTE B FRANKLIN TX DE REMISE A NIVEAU DU SSI;Affectation;ULYCDP;PLYC DEPENSES DIRECTES;;PLYC/DPM;400000.0;400000.0;77;UAI;1.0
2022;23750007900312;Région Île-de-France;CP2022-145;2022-03-23;19770945400015;0770945J;GUSTAVE EIFFEL - VARENNES;Lycées et collèges publics;77 VARENNES SUR SEINE TX DE SECURISATION DU SITE;Affectation;ULYCDP;PLYC DEPENSES DIRECTES;;PLYC/DPM;460000.0;460000.0;77;UAI;1.0
2022;23750007900312;Région Île-de-France;CP2022-143;2022-03-23;;;;;ACCORDS CADRES TRAVAUX COLLEGES;Affectation;ULYCDP;PLYC DEPENSES DIRECTES;;PLYC/DPM;700000.0;700000.0;non attribuable;;1.0
2022;23750007900312;Région Île-de-France;CP2022-135;2022-03-23;;;;;MAC MOBILIER SCOLAIRE CMR;Revalorisation;ULYCDP;PLYC DEPENSES DIRECTES;;PLYC;105000.0;105000.0;non attribuable;;1.0
2022;23750007900312;Région Île-de-France;CP2022-145;2022-03-23;19750714800017;0750714U;HELENE BOUCHER - PARIS 20;Lycées et collèges publics;75020 H BOUCHER OPERATION DE MISE EN SURETE ELECTRONIQUE ET MECANIQUE;Affectation;ULYCDP;PLYC DEPENSES DIRECTES;;PLYC/DPM;350000.0;350000.0;75;UAI;1.0
2022;23750007900312;Région Île-de-France;CP2022-142;2022-03-23;19771663200017;0771663P;GEORGE SAND - LE MEE;Lycées et collèges publics;77 LE MEE SUR SEINE G SAND TX DE REMPLACEMENT DU SSI;Affectation;ULYCDP;PLYC DEPENSES DIRECTES;;PLYC/DPM;145000.0;145000.0;77;UAI;1.0
2022;23750007900312;Région Île-de-France;CP2022-145;2022-03-23;19911493500018;0911493D;LES FRERES MOREAU - QUINCY SS SENART;Lycées et collèges publics;91 QUINCY SS SENART LES FRERES MOREAU TX DE SECURISATION DU SITE;Affectation;ULYCDP;PLYC DEPENSES DIRECTES;;PLYC/DPM;360000.0;360000.0;91;UAI;1.0
2022;23750007900312;Région Île-de-France;CP2022-142;2022-03-23;19920166600013;0920166F;VASSILY KANDINSKY - NEUILLY S/S;Lycées et collèges publics;92 NEUILLY VASSILY KANDINSKY INSTALLATION D UN PREAU DANS LA COUR DE TYPE DALO;Affectation;ULYCDP;PLYC DEPENSES DIRECTES;;PLYC/DPM;33100.0;33100.0;92;UAI;1.0
2022;23750007900312;Région Île-de-France;CP2022-142;2022-03-23;;;;;75005 LOUIS LEGRAND MOE RAVALMT COMPLET FACADES COURS MOLIERE ET HUGO;Affectation;ULYCDP;PLYC DEPENSES DIRECTES;;PLYC/DP;330000.0;330000.0;75;numero;1.0
2022;23750007900312;Région Île-de-France;CP2022-143;2022-03-23;19750714800017;0750714U;HELENE BOUCHER - PARIS 20;Lycées et collèges publics;75020 H BOUCHER REMPLACEMENT DU SSI ET CREATION D UNE SECONDE ISSUE DE SECOURS;Affectation;ULYCDP;PLYC DEPENSES DIRECTES;;PLYC/DPM;1000000.0;1000000.0;75;UAI;1.0
2022;23750007900312;Région Île-de-France;CP2022-117;2022-03-23;;;;;94 VILLENEUVE LEE ROI RECONSTRUCTION LYCEE;Affectation;ULYCDP;PLYC DEPENSES DIRECTES;;PLYC/DP;10000000.0;10000000.0;94;numero;1.0
2022;23750007900312;Région Île-de-France;CP2022-142;2022-03-23;19750660300012;0750660K;FENELON - PARIS 06;Lycées et collèges publics;75006 FENELON REFONDATION DU BATIMENT PRINCIPAL CONV MANDAT IDFCD;Revalorisation;ULYCDP;PLYC DEPENSES DIRECTES;TRAVAUX DE REPRISE EN SOUS OEUVRE DES VOUTES EN PIERRE ET TRAITEMENT DES FA9ADES IMPACTEES SUITE A UN AFFAISSEMENT REPRISE DES FONDATIONS;PLYC/DPM;2416904.0;2416904.0;75;UAI;1.0
2022;23750007900312;Région Île-de-France;CP2022-143;2022-03-23;19930121900010;0930121B;JEAN JAURES - MONTREUIL;Lycées et collèges publics;93 MONTREUIL JEAN JAURES TX DE RECONSTRU DE L ESC EXT CONFORTEM MUR ET REF COUR;Affectation;ULYCDP;PLYC DEPENSES DIRECTES;SUITE EFFONDREMENT TRAVAUX DE RECONSTRUCTION DE L'ESCALIER EXTERIEUR DU CONFORTEMENT DU MUR DE SOUTENEMENT ET DE LA REFECTION DE LA COUR ANGLAISE;PLYC/DPM;150000.0;150000.0;93;UAI;1.0
2022;23750007900312;Région Île-de-France;CP2022-142;2022-03-23;19750650400012;0750650Z;ALEMBERT (D') - PARIS 19;Lycées et collèges publics;75019 D ALEMBERT TX DE REMPLACEMENT DU SSI;Affectation;ULYCDP;PLYC DEPENSES DIRECTES;;PLYC/DPM;400000.0;400000.0;75;UAI;1.0
2022;23750007900312;Région Île-de-France;CP2022-142;2022-03-23;19920161700032;0922397F;EUGENE IONESCO - ISSY LES MOULX;Lycées et collèges publics;92 ISSY E IONESCO REMPLT DE LA TOITURE DU BAT PRINCIPAL;Affectation;ULYCDP;PLYC DEPENSES DIRECTES;REMPLACEMENT DE LA TOITURE DU BATIMENT PRINCIPAL;PLYC/DPM;60000.0;60000.0;92;UAI;1.0
2022;23750007900312;Région Île-de-France;CP2022-142;2022-03-23;;;;;REGION PLAN ESPACES SANITAIRES DANS LES EPLE FRANCILIENS;Revalorisation;ULYCDP;PLYC DEPENSES DIRECTES;MISE EN OEUVRE DU PLAN DES ESPACES SANITAIRES DANS LES EPLE FRANCILIENS;PLYC/DP;469754.8;469754.8;non attribuable;;1.0
2022;23750007900312;Région Île-de-France;CP2022-143;2022-03-23;19750654600013;0750654D;LYCEE HENRI IV - PARIS 05;Lycées et collèges publics;75005 HENRI IV MISE EN CONFORMITE DU DESENFUMAGE DU REFECTOIRE;Affectation;ULYCDP;PLYC DEPENSES DIRECTES;;PLYC/DPM;50000.0;50000.0;75;UAI;1.0
2022;23750007900312;Région Île-de-France;CP2022-117;2022-03-23;;;;;78 CARRIERES SUR SEINE LYCEE LES PIERRES VIVES - EXTENSION DE CAPACITE 600 PLACES;Affectation;ULYCDP;PLYC DEPENSES DIRECTES;Convention de mandat SAERP;PLYC/DP;3000000.0;3000000.0;78;numero;1.0
2022;23750007900312;Région Île-de-France;CP2022-142;2022-03-23;19951399500019;0951399E;ALFRED KASTLER - PONTOISE;Lycées et collèges publics;95 PONTOISE ALFRED KASTLER MOD CREATION D UN VESTIAIRE AVEC DOUCHES POUR LES AGENTS;Affectation;ULYCDP;PLYC DEPENSES DIRECTES;;PLYC/DPM;120000.0;120000.0;95;UAI;1.0
2022;23750007900312;Région Île-de-France;CP2022-117;2022-03-23;;;;;PPI/PPR 2010 - 91 CERNY LYC DENIS;Affectation;ULYCDP;PLYC DEPENSES DIRECTES;;PLYC/DP;1300000.0;1300000.0;91;numero;1.0
2022;23750007900312;Région Île-de-France;CP2022-142;2022-03-23;;;;;FONDS D URGENCE 2022;Revalorisation;ULYCDP;PLYC DEPENSES DIRECTES;;PLYC/DPM;1000000.0;1000000.0;non attribuable;;1.0
2022;23750007900312;Région Île-de-France;CP2022-142;2022-03-23;19780486700012;0780486E;LA BATELLERIE - CONFLANS;Lycées et collèges publics;78 CONFLANS BATELLERIE TX DE REMISE A NIVEAU DU SSI;Affectation;ULYCDP;PLYC DEPENSES DIRECTES;;PLYC/DPM;120000.0;120000.0;78;UAI;1.0
2022;23750007900312;Région Île-de-France;CP2022-142;2022-03-23;;;;;ACCORDS CADRES 2022;Revalorisation;ULYCDP;PLYC DEPENSES DIRECTES;;PLYC/DPM;15000000.0;15000000.0;non attribuable;;1.0
2022;23750007900312;Région Île-de-France;CP2022-145;2022-03-23;19910715200019;0910715H;JEAN PERRIN - LONGJUMEAU;Lycées et collèges publics;91 LONGJUMEAU JEAN PERRIN TX DE SECURISATION DU SITE;Affectation;ULYCDP;PLYC DEPENSES DIRECTES;;PLYC/DPM;610000.0;610000.0;91;UAI;1.0
2022;23750007900312;Région Île-de-France;CP2022-114;2022-03-23;;;;;ACQUISITION SYSTEME DE SUIVI DE CONSO ENERGETIQUES;Affectation;ULYCDP;PLYC DEPENSES DIRECTES;;PLYC/DPM;290000.0;290000.0;non attribuable;;1.0
2022;23750007900312;Région Île-de-France;CP2022-030;2022-01-28;;;;;ACCES INTERNET THD;Affectation;ULYCDP;PLYC DEPENSES DIRECTES;;PLYC/DPM;1935970.0;1935970.0;non attribuable;;1.0
2022;23750007900312;Région Île-de-France;CP2022-043;2022-01-28;;;;;PRESTA EXPLOIT DU SIER;Affectation;ULYCDP;PLYC DEPENSES DIRECTES;;PTN/MAAT;750000.0;750000.0;non attribuable;;1.0
2022;23750007900312;Région Île-de-France;CP2022-068;2022-01-28;19931613400014;0931613Y;LOUISE MICHEL - BOBIGNY;Lycées et collèges publics;93 BOBIGNY L MICHEL REMPLACEMENT DES RESEAUX MONOTUBE;Affectation;ULYCDP;PLYC DEPENSES DIRECTES;;PLYC/DPM;720000.0;720000.0;93;UAI;1.0
2022;23750007900312;Région Île-de-France;CP2022-068;2022-01-28;;;;;AFFECT AP PROV 2022;Affectation;ULYCDP;PLYC DEPENSES DIRECTES;;PLYC/DPM;1000000.0;1000000.0;non attribuable;;1.0
2022;23750007900312;Région Île-de-France;CP2022-068;2022-01-28;;;;;FONDS D URGENCE 2022;Affectation;ULYCDP;PLYC DEPENSES DIRECTES;;PLYC/DPM;1000000.0;1000000.0;non attribuable;;1.0
2022;23750007900312;Région Île-de-France;CP2022-068;2022-01-28;;;;;INVESTISSEMENT MAINTENANCE GR PROG2019/2020/2021 CPI;Affectation;ULYCDP;PLYC DEPENSES DIRECTES;;PLYC/DP;1317563.66;1317563.66;non attribuable;;1.0
2022;23750007900312;Région Île-de-France;CP2022-075;2022-01-28;;;;;AC SECURITE VRD + ACCORDS-CADRES DE TRAVAUX DANS LES LYCEES FRANCILIENS;Affectation;ULYCDP;PLYC DEPENSES DIRECTES;;PLYC/DPM;1000000.0;1000000.0;non attribuable;;1.0
2022;23750007900312;Région Île-de-France;CP2022-068;2022-01-28;19770920700017;0770920G;LA FAYETTE - CHAMPAGNE S-SEINE;Lycées et collèges publics;77 CHAMPAGNE LAFAYETTE MISE EN PLACE DE RADIATEURS DANS LES SALLES DE CLASSE;Affectation;ULYCDP;PLYC DEPENSES DIRECTES;;PLYC/DPM;150000.0;150000.0;77;UAI;1.0
2022;23750007900312;Région Île-de-France;CP2022-068;2022-01-28;19911492700015;0911492C;LYCEE DE L'ESSOURIAU - LES ULIS;Lycées et collèges publics;91 LES ULIS L ESSOURIAU RENOV VENTILATION ATELIERS;Affectation;ULYCDP;PLYC DEPENSES DIRECTES;;PLYC/DPM;108000.0;108000.0;91;UAI;1.0
2022;23750007900312;Région Île-de-France;CP2022-075;2022-01-28;19940143100010;0940143V;JEAN MOULIN - VINCENNES;Lycées et collèges publics;94 VINCENNES JEAN MOULIN TRAVAUX DE SECURISATION;Affectation;ULYCDP;PLYC DEPENSES DIRECTES;;PLYC/DPM;100000.0;100000.0;94;UAI;1.0
2022;23750007900312;Région Île-de-France;CP2022-068;2022-01-28;19783259500015;0783259U;ERPD - LA VERRIERE;Lycées et collèges publics;78 LA VERRIERE ERPD LA VERRIERE SURCHAUFFE SALLES DE CLASSES;Affectation;ULYCDP;PLYC DEPENSES DIRECTES;;PLYC/DPM;420000.0;420000.0;78;UAI;1.0
2022;23750007900312;Région Île-de-France;CP2022-025;2022-01-28;;;;;MAC MOBILIER SCOLAIRE EPLE;Affectation;ULYCDP;PLYC DEPENSES DIRECTES;;PLYC;5894000.0;5894000.0;non attribuable;;1.0
2022;23750007900312;Région Île-de-France;CP2022-013;2022-01-28;;;;;appels decrocheur;Affectation;ULYCDP;PLYC DEPENSES DIRECTES;;PLYC/DP;400000.0;400000.0;non attribuable;;1.0
2022;23750007900312;Région Île-de-France;CP2022-068;2022-01-28;19782568000014;0782568T;ALAIN - LE VESINET;Lycées et collèges publics;78 LE VESINET ALAIN EMPLACEMENT DE 2 CTA SIMPLE FLUX RESEAUX CLASSES;Affectation;ULYCDP;PLYC DEPENSES DIRECTES;;PLYC/DPM;408000.0;408000.0;78;UAI;1.0
2022;23750007900312;Région Île-de-France;CP2022-068;2022-01-28;19750685000019;0750685M;PIERRE GILLES DE GENNES - ENCPB;Lycées et collèges publics;75013 PIERRE GILLES DE GENNES RELAMPING DE LA SALLE ATEX;Affectation;ULYCDP;PLYC DEPENSES DIRECTES;;PLYC/DPM;70233.6;70233.6;75;UAI;1.0
2022;23750007900312;Région Île-de-France;CP2022-068;2022-01-28;19940137300014;0940137N;LA SOURCE - NOGENT;Lycées et collèges publics;94 NOGENT LA SOURCE;Affectation;ULYCDP;PLYC DEPENSES DIRECTES;;PLYC/DPM;200000.0;200000.0;94;UAI;1.0
2022;23750007900312;Région Île-de-France;CP2022-068;2022-01-28;19920156700013;0922427N;CLAUDE GARAMONT - COLOMBES;Lycées et collèges publics;GARAMONT COLOMBES 92 TVX REAGT LAVERIE;Affectation;ULYCDP;PLYC DEPENSES DIRECTES;ETUDES TVX DE REAMENAGEMENT DE LA LAVERIE AVEC REMPLACEMENT DU LAVE-VAISSELLE;PLYC/DP;35000.0;35000.0;92;UAI;1.0
2022;23750007900312;Région Île-de-France;CP2022-058;2022-01-28;;;;;FRAIS SUPPORTS COMMUNICATION TARIFICATION RESTAURATION 2022;Affectation;ULYCDP;PLYC DEPENSES DIRECTES;;PLYC/DRE;250000.0;250000.0;non attribuable;;1.0
2022;23750007900312;Région Île-de-France;CP2022-068;2022-01-28;19750691800048;0750691U;RASPAIL - PARIS 14;Lycées et collèges publics;75014 RASPAIL TX REFECTION VIE SCOLAIRE ET SUPPRESSION DE LA PAROI DU 2EME;Affectation;ULYCDP;PLYC DEPENSES DIRECTES;;PLYC/DPM;310000.0;310000.0;75;UAI;1.0
2022;23750007900312;Région Île-de-France;CP2022-068;2022-01-28;19911828200011;0911828T;GEORGES BRASSENS - EVRY-C;Lycées et collèges publics;91 EVRY GEORGES BRASSENS RENOV VENTILATION ATELIERS;Affectation;ULYCDP;PLYC DEPENSES DIRECTES;;PLYC/DPM;900000.0;900000.0;91;UAI;1.0
2022;23750007900312;Région Île-de-France;CP2022-032;2022-01-28;;;;;91 BRUNOY LYCEE TALMA RESTRUCTURATION DEMI PENSION;Affectation;ULYCDP;PLYC DEPENSES DIRECTES;"CONVENTION DE MANDAT 1300102MANUL05 SAERP
OPERATION CIBLEE RESTRUCTURATION DE LA DEMI PENSION";PLYC/DP;2500000.0;2500000.0;91;numero;1.0
2022;23750007900312;Région Île-de-France;CP2022-068;2022-01-28;19941018400014;0941018W;EDOUARD BRANLY - CRETEIL;Lycées et collèges publics;94 CRETEIL E BRANLY RENO DE LA FACADE VITREE COTE ADM;Affectation;ULYCDP;PLYC DEPENSES DIRECTES;;PLYC/DPM;960000.0;960000.0;94;UAI;1.0
2022;23750007900312;Région Île-de-France;CP2022-030;2022-01-28;;;;;ACCES INTERNET THD CMR;Affectation;ULYCDP;PLYC DEPENSES DIRECTES;;PLYC/DPM;49940.0;49940.0;non attribuable;;1.0
2022;23750007900312;Région Île-de-France;CP2022-032;2022-01-28;;;;;AP PROVISIONNELLE DO MAC TX;Affectation;ULYCDP;PLYC DEPENSES DIRECTES;;PLYC/DP;2000000.0;2000000.0;non attribuable;;1.0
2022;23750007900312;Région Île-de-France;CP2022-025;2022-01-28;;;;;MAC MOBILIER SCOLAIRE CMR;Affectation;ULYCDP;PLYC DEPENSES DIRECTES;;PLYC;580000.0;580000.0;non attribuable;;1.0
2022;23750007900312;Région Île-de-France;CP2022-070;2022-01-28;;;;;99 MAINTENANCE ET FOURNITURE ELECTRICITE DANS LYCEES FRANCILIENS;Affectation;ULYCDP;PLYC DEPENSES DIRECTES;;PLYC/DP;9700000.0;9700000.0;regional;numero 99;1.0
2022;23750007900312;Région Île-de-France;CP2022-043;2022-01-28;;;;;PRESTATIONS DU MARCHE SIER;Affectation;ULYCDP;PLYC DEPENSES DIRECTES;;PTN/MAAT;320000.0;320000.0;non attribuable;;1.0
2022;23750007900312;Région Île-de-France;CP2022-068;2022-01-28;19750588600014;0750588G;RENE CASSIN - PARIS 16;Lycées et collèges publics;75016 RENE CASSIN TRAVAUX DE REFECTION DE LA TOITURE TERRASSE;Affectation;ULYCDP;PLYC DEPENSES DIRECTES;;PLYC/DPM;250243.89;250243.89;75;UAI;1.0
2022;23750007900312;Région Île-de-France;CP2022-068;2022-01-28;19910633700017;0912142J;GASPARD MONGE - SAVIGNY S/ORGE;Lycées et collèges publics;91 SAVIGNY G MONGE MOE POUR TX DE REPRISE DE LA STRUCTURE;Affectation;ULYCDP;PLYC DEPENSES DIRECTES;MOD 2020 MOE POUR TRAVAUX DE REPRISE DE LA STRUCTURE (FONDATION, DALLAGE ET MURS);PLYC/DPM;15000.0;15000.0;91;UAI;1.0
2022;23750007900312;Région Île-de-France;CP2022-068;2022-01-28;19930540000012;0932229T;PAUL LE ROLLAND - DRANCY;Lycées et collèges publics;93 DRANCY PAUL LE ROLLAND TX DE CREATION D UNE SALLE DE SCIENCES;Affectation;ULYCDP;PLYC DEPENSES DIRECTES;;PLYC/DPM;150000.0;150000.0;93;UAI;1.0
2022;23750007900312;Région Île-de-France;CP2022-068;2022-01-28;19911353100016;0911353B;JEAN ISOARD - MONTGERON;Lycées et collèges publics;91 MONTGERON J ISOARD REMPLACEMENT DU SSI;Affectation;ULYCDP;PLYC DEPENSES DIRECTES;;PLYC/DPM;400000.0;400000.0;91;UAI;1.0
2022;23750007900312;Région Île-de-France;CP2022-068;2022-01-28;19930833900019;0930833A;JEAN ZAY - AULNAY SS BOIS;Lycées et collèges publics;93 AULNAY J ZAY TX DE RESTRUCTURATION DU CDI;Affectation;ULYCDP;PLYC DEPENSES DIRECTES;;PLYC/DPM;600000.0;600000.0;93;UAI;1.0
2022;23750007900312;Région Île-de-France;CP2022-070;2022-01-28;;;;;ACCORDS CADRES FONCTIONNEMENT 2022;Affectation;ULYCDP;PLYC DEPENSES DIRECTES;;PLYC/DPM;2000000.0;2000000.0;non attribuable;;1.0
2022;23750007900312;Région Île-de-France;CP2022-068;2022-01-28;19752961300014;0752961L;GUSTAVE EIFFEL - PARIS 07;Lycées et collèges publics;75007 GUSTAVE EIFFEL  REF SALLES INFO, BLOCS SANITAIRES REMPLT FENETRES ET PORTES;Affectation;ULYCDP;PLYC DEPENSES DIRECTES;;PLYC/DPM;1320000.0;1320000.0;75;UAI;1.0
2022;23750007900312;Région Île-de-France;CP2022-043;2022-01-28;;;;;CENTRE DE SERVICE NUMERIQUE REGIONAL CMR;Affectation;ULYCDP;PLYC DEPENSES DIRECTES;;PTN/MAAT;200000.0;200000.0;non attribuable;;1.0
2022;23750007900312;Région Île-de-France;CP2022-032;2022-01-28;;;;;AFFECTATION MARCHE AMO OUTILS PROGRAMMATIQUES;Affectation;ULYCDP;PLYC DEPENSES DIRECTES;;PLYC/DP;40000.0;40000.0;non attribuable;;1.0
2022;23750007900312;Région Île-de-France;CP2022-070;2022-01-28;;;;;LOCATION AERODROME DE CERNY/LYCEE ALEXANDRE DENIS;Affectation;ULYCDP;PLYC DEPENSES DIRECTES;;PLYC/DP;31000.0;31000.0;91;commune;1.0
2022;23750007900312;Région Île-de-France;CP2022-032;2022-01-28;;;;;AFFECTATION MARCHE ETUDE ET PROGRAMMATION OPERATIONS PPI;Affectation;ULYCDP;PLYC DEPENSES DIRECTES;;PLYC/DP;50000.0;50000.0;non attribuable;;1.0
2022;23750007900312;Région Île-de-France;CP2022-068;2022-01-28;19941930000025;0941930M;GUTENBERG - CRETEIL;Lycées et collèges publics;94 CRETEIL GUTENBERG TX DE REALISATION D UNE SALLE DE PERM;Affectation;ULYCDP;PLYC DEPENSES DIRECTES;;PLYC/DPM;300000.0;300000.0;94;UAI;1.0
2022;23750007900312;Région Île-de-France;CP2022-068;2022-01-28;;;;;ACCORDS CADRES 2022;Affectation;ULYCDP;PLYC DEPENSES DIRECTES;;PLYC/DPM;10000000.0;10000000.0;non attribuable;;1.0
2022;23750007900312;Région Île-de-France;CP2022-032;2022-01-28;;;;;PPI 2011 - PARIS 12EME CMR PAUL VALERY;Affectation;ULYCDP;PLYC DEPENSES DIRECTES;"CONVENTION DE MANDAT 1100272-01 SODEREC

PPI 2011 - PARIS CMR PAUL VALERY - P 035 - CMR";PLYC/DP;39635000.0;39635000.0;75;PARIS;1.0
2022;23750007900312;Région Île-de-France;CP2022-032;2022-01-28;;;;;95 ARGENTEUIL LYC FERNAND ET NADIA LEGER DEMOLITION/RECONSTRUCTION DU BATIMENT PRINCIPAL;Affectation;ULYCDP;PLYC DEPENSES DIRECTES;CONTRAT DE MANDAT N°1400002MANUL03 SAERP;PLYC/DP;884835.0;884835.0;95;numero;1.0
2022;23750007900312;Région Île-de-France;CP2022-069;2022-01-28;19750654600013;0750654D;LYCEE HENRI IV - PARIS 05;Lycées et collèges publics;75005 HENRI IV MISE EN CONFORMITE DU DESENFUMAGE DU REFECTOIRE;Affectation;ULYCDP;PLYC DEPENSES DIRECTES;;PLYC/DPM;80000.0;80000.0;75;UAI;1.0
2022;23750007900312;Région Île-de-France;CP2022-075;2022-01-28;19940123300010;0940123Y;GUILLAUME APOLLINAIRE - THIAIS;Lycées et collèges publics;94 THIAIS GUILLAUME APOLLINAIRE TRAVAUX DE SECURISATION;Affectation;ULYCDP;PLYC DEPENSES DIRECTES;;PLYC/DPM;310000.0;310000.0;94;UAI;1.0
2022;23750007900312;Région Île-de-France;CP2022-068;2022-01-28;19940137300014;0940137N;LA SOURCE - NOGENT;Lycées et collèges publics;94 NOGENT LA SOURCE TX DE COUVERTURE ET ETANCHEITE;Affectation;ULYCDP;PLYC DEPENSES DIRECTES;;PLYC/DPM;500000.0;500000.0;94;UAI;1.0
2022;23750007900312;Région Île-de-France;CP2022-069;2022-01-28;;;;;P2P3PFI CMR;Affectation;ULYCDP;PLYC DEPENSES DIRECTES;;PLYC/DPM;1000000.0;1000000.0;non attribuable;;1.0
2022;23750007900312;Région Île-de-France;CP2022-068;2022-01-28;19771658200014;0771658J;DU GUE A TREMES - CONGIS S/THEROUANNE;Lycées et collèges publics;GUE A TRESMES 77 CONGIS  ETUDES RECONSTRUCTION  DU BÂT;Affectation;ULYCDP;PLYC DEPENSES DIRECTES;;PLYC/DP;5000.0;5000.0;77;UAI;1.0
2022;23750007900312;Région Île-de-France;CP2022-068;2022-01-28;19771940400018;0771940R;LYCEE SIMONE VEIL - NOISIEL;Lycées et collèges publics;77 NOISIEL SIMONE VEIL REPRISE DU CHAUFFAGE AEROLIQUE DANS LES ATELIERS;Affectation;ULYCDP;PLYC DEPENSES DIRECTES;;PLYC/DPM;1080000.0;1080000.0;77;UAI;1.0
2022;23750007900312;Région Île-de-France;CP2022-068;2022-01-28;19911353100016;0911353B;JEAN ISOARD - MONTGERON;Lycées et collèges publics;91 MONTGERON JEAN ISOARD RESEAUX ENTERRES ET MISE EN CONFORMITE;Affectation;ULYCDP;PLYC DEPENSES DIRECTES;;PLYC/DPM;400800.0;400800.0;91;UAI;1.0
2022;23750007900312;Région Île-de-France;CP2022-068;2022-01-28;19911962900012;0911962N;MARIE LAURENCIN - MENNECY;Lycées et collèges publics;91 MENNECY M LAURENCIN TX DE RENOVATION DU SSI;Affectation;ULYCDP;PLYC DEPENSES DIRECTES;;PLYC/DPM;200000.0;200000.0;91;UAI;1.0
2022;23750007900312;Région Île-de-France;CP2022-032;2022-01-28;;;;;75 PARIS 11EME CMR VOLTAIRE;Affectation;ULYCDP;PLYC DEPENSES DIRECTES;"CONVENTION DE MANDAT 09M0806-11 SEMAEST

RESTRUCTURATION DU SERVICE DE RESTAURATION";PLYC/DP;600000.0;600000.0;75;numero;1.0
2022;23750007900312;Région Île-de-France;CP2022-069;2022-01-28;19931737100011;0932122B;D'ALEMBERT - AUBERVILLIERS;Lycées et collèges publics;93 AUBERVILLIERS D ALEMBERT REFONTE POLE ADM DE L INFIRMERIE ET DES SAS ENTREE ELEVES;Affectation;ULYCDP;PLYC DEPENSES DIRECTES;;PLYC/DPM;500000.0;500000.0;93;UAI;1.0
2022;23750007900312;Région Île-de-France;CP2022-068;2022-01-28;19932034200017;0932034F;WOLFGANG AMADEUS MOZART - LE BLANC MESNIL;Lycées et collèges publics;93 LE BLANC MESNIL MOZART TX AFFAISSEMENT DU BAT ENSEIGNEMENT;Affectation;ULYCDP;PLYC DEPENSES DIRECTES;;PLYC/DPM;300000.0;300000.0;93;UAI;1.0
2022;23750007900312;Région Île-de-France;CP2022-069;2022-01-28;;;;;94 NOGENT BRANLY PG2019 TRVX CREATION FOYER;Affectation;ULYCDP;PLYC DEPENSES DIRECTES;;PLYC/DP;130000.0;130000.0;94;numero;1.0
2022;23750007900312;Région Île-de-France;CP2022-037;2022-01-28;;;;;FONDS COMMUN FONCTIONNEMENT 932 PLYC;Affectation;ULYCDP;PLYC DEPENSES DIRECTES;;PLYC/DP;1619445.0;1619445.0;non attribuable;;1.0
2022;23750007900312;Région Île-de-France;CP2022-058;2022-01-28;66202519660347;;ELRES;Entreprises;MARCHE URGENCE REPAS 2022;Affectation;ULYCDP;PLYC DEPENSES DIRECTES;;PLYC/DRE;400000.0;400000.0;non attribuable;;1.0
2022;23750007900312;Région Île-de-France;CP2022-068;2022-01-28;19951763200014;0951763A;LOUIS JOUVET;Lycées et collèges publics;95 TAVERNY LOUIS JOUVET REFECTION COUV ET ETANCHEITES;Affectation;ULYCDP;PLYC DEPENSES DIRECTES;;PLYC/DPM;2300000.0;2300000.0;95;UAI;1.0
2022;23750007900312;Région Île-de-France;CP2022-032;2022-01-28;;;;;91 DRAVEIL LYCEE NADAR;Affectation;ULYCDP;PLYC DEPENSES DIRECTES;PPI CP OCTOBRE 2018;PLYC/DP;24019000.0;24019000.0;91;numero;1.0
2022;23750007900312;Région Île-de-France;CP2022-069;2022-01-28;;;;;ACCORDS CADRES ETUDES LYCEES;Affectation;ULYCDP;PLYC DEPENSES DIRECTES;;PLYC/DPM;250000.0;250000.0;non attribuable;;1.0
2022;23750007900312;Région Île-de-France;CP2022-068;2022-01-28;19950641100016;0950641F;JEAN JAURES - ARGENTEUIL;Lycées et collèges publics;95 ARGENTEUIL J JAURES DEPOSE DES TUBES RAYONNANTS ET MISE EN PLACE DE RADIATEURS;Affectation;ULYCDP;PLYC DEPENSES DIRECTES;;PLYC/DPM;720000.0;720000.0;95;UAI;1.0
2022;23750007900312;Région Île-de-France;CP2022-053;2022-01-28;;;;;2022 - EPI AGENTS DES LYCEES;Affectation;UPRHDP;PRH DEPENSES DIRECTES;;PRH/MAPPTDS;780000.0;780000.0;non attribuable;;1.0
2022;23750007900312;Région Île-de-France;CP2022-068;2022-01-28;20007515800010;0912364A;LYCEE DE DOURDAN;Lycées et collèges publics;91 DOURDAN NIKOLA TESLA TX DE REMPLACEMENT DU SECOND SSI;Affectation;ULYCDP;PLYC DEPENSES DIRECTES;;PLYC/DPM;150000.0;150000.0;91;UAI;1.0
2022;23750007900312;Région Île-de-France;CP2022-069;2022-01-28;;;;;CONTRAT DE PRESTATIONS INTEGREES;Affectation;ULYCDP;PLYC DEPENSES DIRECTES;;PLYC/DPM;190000.0;190000.0;non attribuable;;1.0
2022;23750007900312;Région Île-de-France;CP2022-068;2022-01-28;19910623800017;0910623H;MARCEL PAGNOL - ATHIS MONS;Lycées et collèges publics;91 ATHIS MONS M PAGNOL TRAVAUX SUR SSI;Affectation;ULYCDP;PLYC DEPENSES DIRECTES;;PLYC/DPM;300000.0;300000.0;91;UAI;1.0
2022;23750007900312;Région Île-de-France;CP2022-070;2022-01-28;;;;;AE PROV 2022 - CHAP 932 FONCTIONNEMENT PLYC;Affectation;ULYCDP;PLYC DEPENSES DIRECTES;;PLYC/DP;300000.0;300000.0;non attribuable;;1.0
2022;23750007900312;Région Île-de-France;CP2022-068;2022-01-28;19753256700017;0753256G;ALEXANDRE DUMAS - PARIS 15;Lycées et collèges publics;75015 A DUMAS REFECTION COMPLETE DES 2 BLOCS SANITAIRES REF DOLS ET MURS SCE RESTAU;Affectation;ULYCDP;PLYC DEPENSES DIRECTES;;PLYC/DPM;50000.0;50000.0;75;UAI;1.0
2022;23750007900312;Région Île-de-France;CP2022-032;2022-01-28;19771027000012;0771027Y;FREDERIC JOLIOT CURIE - DAMMARIE LES LYS;Lycées et collèges publics;PPI/PPR 2010-77 DAMMARIE LYCEE JOLIOT CURIE;Affectation;ULYCDP;PLYC DEPENSES DIRECTES;RESTRUCTURATION SERVICE DE RESTAURATION ET CREATION LIEUX DE VIE;PLYC/DP;150000.0;150000.0;77;UAI;1.0
2022;23750007900312;Région Île-de-France;CP2022-068;2022-01-28;19940580400014;0940580V;LYCEE FUSIONNE CACHAN;Lycées et collèges publics;94 CACHAN LYCEE POLYVALENT TX DE REMPLACEMENT DU SSI;Affectation;ULYCDP;PLYC DEPENSES DIRECTES;;PLYC/DPM;430000.0;430000.0;94;UAI;1.0
2022;23750007900312;Région Île-de-France;CP2022-068;2022-01-28;;;;;91 SAVIGNY COROT RENO DOUVES CHATEAU;Affectation;ULYCDP;PLYC DEPENSES DIRECTES;;PLYC/DP;400000.0;400000.0;91;numero;1.0
2022;23750007900312;Région Île-de-France;CP2022-069;2022-01-28;19752538900015;0752538B;COLLEGE RODIN PARIS 13;Lycées et collèges publics;75013 RODIN TRAVAUX DE MODERNISATION DE L ASCENSEUR ESC A;Affectation;ULYCDP;PLYC DEPENSES DIRECTES;;PLYC/DPM;60000.0;60000.0;75;UAI;1.0
2022;23750007900312;Région Île-de-France;CP2022-068;2022-01-28;;;;;REGION PLAN ESPACES SANITAIRES DANS LES EPLE FRANCILIENS;Affectation;ULYCDP;PLYC DEPENSES DIRECTES;MISE EN OEUVRE DU PLAN DES ESPACES SANITAIRES DANS LES EPLE FRANCILIENS;PLYC/DP;4271619.53;4271619.53;non attribuable;;1.0
2022;23750007900312;Région Île-de-France;CP2022-070;2022-01-28;;;;;99 MAINTENANCE ET FOURNITURE DE GAZ DANS LYCEES FRANCILIENS;Affectation;ULYCDP;PLYC DEPENSES DIRECTES;;PLYC/DP;13650000.0;13650000.0;regional;numero 99;1.0
2022;23750007900312;Région Île-de-France;CP2022-068;2022-01-28;19910622000015;0910622G;GEOFFROY SAINT HILAIRE - ETAMPES;Lycées et collèges publics;91 ETAMPES GEOFFROY ST HILAIRE REMPLACEMENT SSI;Affectation;ULYCDP;PLYC DEPENSES DIRECTES;;PLYC/DPM;250000.0;250000.0;91;UAI;1.0
2022;23750007900312;Région Île-de-France;CP2022-068;2022-01-28;19950666800011;0950666H;GEORGES BRAQUE - ARGENTEUIL;Lycées et collèges publics;95 ARGENTEUIL G BRAQUE SEPARATION RESEAUX CTA ET RADIATEURS;Affectation;ULYCDP;PLYC DEPENSES DIRECTES;;PLYC/DPM;240000.0;240000.0;95;UAI;1.0
2022;23750007900312;Région Île-de-France;CP2022-068;2022-01-28;19940120900010;0940120V;LYCEE MARCELIN BERTHELOT - ST MAUR DES FOSSES;Lycées et collèges publics;94 ST MAUR M BERTHELOT SECURISATION DES CHASSIS;Affectation;ULYCDP;PLYC DEPENSES DIRECTES;;PLYC/DPM;800000.0;800000.0;94;UAI;1.0
2022;23750007900312;Région Île-de-France;CP2022-068;2022-01-28;;;;;ILE DE FRANCE - LYCEES DIVERS - ACCESSIBILITE HANDICAP;Affectation;ULYCDP;PLYC DEPENSES DIRECTES;"13MANHAN01 OPERATIONS SIMPLES (CATEGORIE A)
13MANHAN02 ETUDES ET DIAGNOSTICS

CONVENTIONS DE MANDAT POUR UNE LISTE DE LYCEES 
OPERATIONS DE MISE EN ACCESSIBILITE HANDICAP";PLYC/DP;10000000.0;10000000.0;non attribuable;;1.0
2022;23750007900312;Région Île-de-France;CP2022-075;2022-01-28;19941347700019;0941347D;PABLO PICASSO - FONTENAY SS BOIS;Lycées et collèges publics;94 FONTENAY PABLO PICASSO TRAVAUX DE SECURISATION;Affectation;ULYCDP;PLYC DEPENSES DIRECTES;;PLYC/DPM;300000.0;300000.0;94;UAI;1.0
2022;23750007900312;Région Île-de-France;CP2022-069;2022-01-28;19750700700015;0750700D;JEAN-BAPTISTE SAY - PARIS 16;Lycées et collèges publics;75016 JB SAY ETUDES POUR LA RENO DES FACADES DES BAT A B C ET D;Affectation;ULYCDP;PLYC DEPENSES DIRECTES;;PLYC/DPM;150000.0;150000.0;75;UAI;1.0
2022;23750007900312;Région Île-de-France;CP2022-043;2022-01-28;;;;;MARCHES ETU ACCOMPAGN;Affectation;ULYCDP;PLYC DEPENSES DIRECTES;;PTN/MAAT;100000.0;100000.0;non attribuable;;1.0
2022;23750007900312;Région Île-de-France;CP2022-032;2022-01-28;;;;;PPR 2011 94 VITRY SUR SEINE  LYCEE ADOLPHE CHERIOUX;Affectation;ULYCDP;PLYC DEPENSES DIRECTES;;PLYC/DP;69500000.0;69500000.0;94;numero;1.0
2022;23750007900312;Région Île-de-France;CP2022-058;2022-01-28;;;;;Projet bio local CP janvier 22;Affectation;ULYCDP;PLYC DEPENSES DIRECTES;;PLYC/LLAB;1160000.0;1160000.0;non attribuable;;1.0
2022;23750007900312;Région Île-de-France;CP2022-043;2022-01-28;;;;;PRESTA INFO PROXIMITE;Affectation;ULYCDP;PLYC DEPENSES DIRECTES;;PTN/MAAT;1000000.0;1000000.0;non attribuable;;1.0
2022;23750007900312;Région Île-de-France;CP2022-068;2022-01-28;19922249800016;0922249V;MONTESQUIEU - PLESSIS R;Lycées et collèges publics;92 LE PLESSIS ROBINSON MONTESQUIEU RENO CHAUFFERIE ET SS STATION;Affectation;ULYCDP;PLYC DEPENSES DIRECTES;;PLYC/DPM;216000.0;216000.0;92;UAI;1.0
2022;23750007900312;Région Île-de-France;CP2022-068;2022-01-28;;;;;77 MEAUX MOISSAN TRVX AMELIOR ENERGETIQ;Affectation;ULYCDP;PLYC DEPENSES DIRECTES;;PLYC/DP;1200000.0;1200000.0;77;numero;1.0
2022;23750007900312;Région Île-de-France;CP2022-075;2022-01-28;19941951600026;0941951K;MARX DORMOY - CHAMPIGNY S/M;Lycées et collèges publics;94 CHAMPIGNY MARX DORMOY TRAVAUX DE SECURISATION;Affectation;ULYCDP;PLYC DEPENSES DIRECTES;;PLYC/DPM;340000.0;340000.0;94;UAI;1.0
2022;23750007900312;Région Île-de-France;CP2022-068;2022-01-28;;;;;95 ARGENTEUIL JEAN JAURES CREA D UN INTERNAT;Affectation;ULYCDP;PLYC DEPENSES DIRECTES;CREATION D UN INTERNAT;PLYC/DPM;1000000.0;1000000.0;95;numero;1.0
2022;23750007900312;Région Île-de-France;CP2022-068;2022-01-28;19940119100010;0940119U;PAUL DOUMER - LE PERREUX S/MARNE;Lycées et collèges publics;94 LE PERREUX P DOUMER TX POUR LA SECURISATION DES ESP EXT;Affectation;ULYCDP;PLYC DEPENSES DIRECTES;;PLYC/DPM;1800000.0;1800000.0;94;UAI;1.0
2022;23750007900312;Région Île-de-France;CP2022-068;2022-01-28;19750658700017;0750658H;SAINT LOUIS - PARIS 06;Lycées et collèges publics;75006 ST LOUIS REMPLACEMENTS DE DEUX MONTES CHARGES ET RENOV D UNE CAGE D ESC;Affectation;ULYCDP;PLYC DEPENSES DIRECTES;REMPLACEMENT DE DEUX MONTES CHARGES ET RENOVATION D UNE CAGE D ESCALIER;PLYC/DPM;80000.0;80000.0;75;UAI;1.0
2022;23750007900312;Région Île-de-France;CP2022-043;2022-01-28;;;;;MARCHES ACHATS EQUIPEMENTS INFORMATIQUES;Affectation;ULYCDP;PLYC DEPENSES DIRECTES;;PTN/MAAT;6000000.0;6000000.0;non attribuable;;1.0
2022;23750007900312;Région Île-de-France;CP2022-068;2022-01-28;19940319700015;0940319L;FRANCOIS CAVANNA - NOGENT S/MARNE;Lycées et collèges publics;94 NOGENT F CAVANNA VENTILATION DE LA CUISINE ET DE LA CUISINE PEDA;Affectation;ULYCDP;PLYC DEPENSES DIRECTES;;PLYC/DPM;150000.0;150000.0;94;UAI;1.0
2022;23750007900312;Région Île-de-France;CP2022-013;2022-01-28;;;;;PARTICIPATION CONCOURS INTERNATIONAL LATIN;Affectation;ULYCDP;PLYC DEPENSES DIRECTES;;PLYC/DP;30000.0;30000.0;non attribuable;;1.0
2022;23750007900312;Région Île-de-France;CP2022-032;2022-01-28;19781577200011;0783548H;FRANCO ALLEMAND - BUC;Lycées et collèges publics;CONV LYCEE FRANCO ALLEM DE BUC;Affectation;ULYCDP;PLYC DEPENSES DIRECTES;;PLYC/DP;6184554.0;6184554.0;78;UAI;1.0
2022;23750007900312;Région Île-de-France;CP2022-075;2022-01-28;19910622000015;0910622G;GEOFFROY SAINT HILAIRE - ETAMPES;Lycées et collèges publics;91 ETAMPES GEOFFROY ST HILAIRE TRAVAUX DE SURETE;Affectation;ULYCDP;PLYC DEPENSES DIRECTES;;PLYC/DPM;350000.0;350000.0;91;UAI;1.0
2022;23750007900312;Région Île-de-France;CP2022-068;2022-01-28;19940137300014;0940137N;LA SOURCE - NOGENT;Lycées et collèges publics;94 NOGENT LA SOURCE TX DE COUVERTURE;Affectation;ULYCDP;PLYC DEPENSES DIRECTES;;PLYC/DPM;350000.0;350000.0;94;UAI;1.0
2022;23750007900312;Région Île-de-France;CP2022-075;2022-01-28;19911927200011;0911927A;MAURICE ELIOT - EPINAY SS SENART;Lycées et collèges publics;91 EPINAY MAURICE ELIOT TRAVAUX DE SURETE;Affectation;ULYCDP;PLYC DEPENSES DIRECTES;;PLYC/DPM;200000.0;200000.0;91;UAI;1.0
2022;23750007900312;Région Île-de-France;CP2022-075;2022-01-28;19950658500017;0950658Z;CHATEAU D'EPLUCHES - ST OUEN AUMONE;Lycées et collèges publics;95 ST OUEN L AUMONE CHATEAU D EPLUCHES TRAVAUX DE SECURISATION DU SITE;Affectation;ULYCDP;PLYC DEPENSES DIRECTES;;PLYC/DPM;600000.0;600000.0;95;UAI;1.0
2022;23750007900312;Région Île-de-France;CP2022-075;2022-01-28;19770920700017;0770920G;LA FAYETTE - CHAMPAGNE S-SEINE;Lycées et collèges publics;77 CHAMPAGNE LAFAYETTE TRAVAUX DE SECURISATION;Affectation;ULYCDP;PLYC DEPENSES DIRECTES;;PLYC/DPM;550000.0;550000.0;77;UAI;1.0
2022;23750007900312;Région Île-de-France;CP2022-043;2022-01-28;;;;;PRESTATIONS DE MARCHE SIER CMR;Affectation;ULYCDP;PLYC DEPENSES DIRECTES;;PTN/MAAT;30000.0;30000.0;non attribuable;;1.0
2022;23750007900312;Région Île-de-France;CP2022-068;2022-01-28;;;;;P2P3PFI 2022;Affectation;ULYCDP;PLYC DEPENSES DIRECTES;;PLYC/DPM;3000000.0;3000000.0;non attribuable;;1.0
2022;23750007900312;Région Île-de-France;CP2022-032;2022-01-28;;;;;AFFECTATION ACCORD CADRE ETUDES PREALABLES PLAN DEMI-PENSION;Affectation;ULYCDP;PLYC DEPENSES DIRECTES;;PLYC/DP;250000.0;250000.0;non attribuable;;1.0
2022;23750007900312;Région Île-de-France;CP2022-043;2022-01-28;;;;;MARCHES ETUDES ACCOMP CMR;Affectation;ULYCDP;PLYC DEPENSES DIRECTES;;PTN/MAAT;50000.0;50000.0;non attribuable;;1.0
2022;23750007900312;Région Île-de-France;CP2022-068;2022-01-28;19750708000012;0750708M;JEAN DROUANT - UTILISER TIERS P0021683;Lycées et collèges publics;75017 J DROUANT REMPLACEMENT DE 25 BLOCS PORTES COUPE FEU;Affectation;ULYCDP;PLYC DEPENSES DIRECTES;;PLYC/DPM;200000.0;200000.0;75;UAI;1.0
2022;23750007900312;Région Île-de-France;CP2022-068;2022-01-28;19951787100018;0951787B;ARTHUR RIMBAUD - GARGES;Lycées et collèges publics;95 GARGES LG ARTHUR RIMBAUD REFECTION DES CLOS COUVERTS;Affectation;ULYCDP;PLYC DEPENSES DIRECTES;;PLYC/DPM;600000.0;600000.0;95;UAI;1.0
2022;23750007900312;Région Île-de-France;CP2022-032;2022-01-28;;;;;77 CONGIS SUR THEROUANE LYC DU GUE A TRESMES;Affectation;ULYCDP;PLYC DEPENSES DIRECTES;;PLYC/DP;17265.0;17265.0;77;numero;1.0
2022;23750007900312;Région Île-de-France;CP2022-032;2022-01-28;;;;;93 LE BLANC-MESNIL - LYC ARISTIDE BRIAND -;Affectation;ULYCDP;PLYC DEPENSES DIRECTES;;PLYC/DP;100000.0;100000.0;93;numero;1.0
2022;23750007900312;Région Île-de-France;CP2022-043;2022-01-28;;;;;SUPPORTS NUMERIQUES;Affectation;ULYCDP;PLYC DEPENSES DIRECTES;;PTN/MAAT;50000000.0;50000000.0;non attribuable;;1.0
2022;23750007900312;Région Île-de-France;CP2022-075;2022-01-28;19940113400010;0940113M;LANGEVIN WALLON - CHAMPIGNY S/MARNE;Lycées et collèges publics;94 CHAMPIGNY LANGEVIN WALLON TRAVAUX DE SECURISATION;Affectation;ULYCDP;PLYC DEPENSES DIRECTES;;PLYC/DPM;300000.0;300000.0;94;UAI;1.0
2022;23750007900312;Région Île-de-France;CP2022-068;2022-01-28;19940118300017;0940118T;LOUIS ARMAND - NOGENT S/MARNE;Lycées et collèges publics;94 NOGENT L ARMAND TX D ETANCHEITE BAT A ET C;Affectation;ULYCDP;PLYC DEPENSES DIRECTES;;PLYC/DPM;850000.0;850000.0;94;UAI;1.0
2022;23750007900312;Région Île-de-France;CP2022-075;2022-01-28;19940137300014;0940137N;LA SOURCE - NOGENT;Lycées et collèges publics;94 NOGENT LA SOURCE TRAVAUX DE SECURISATION;Affectation;ULYCDP;PLYC DEPENSES DIRECTES;;PLYC/DPM;300000.0;300000.0;94;UAI;1.0
2022;23750007900312;Région Île-de-France;CP2022-068;2022-01-28;19750685000019;0750685M;PIERRE GILLES DE GENNES - ENCPB;Lycées et collèges publics;75013 PIERRE GILLES DE GENNES REFECTION COLLECTEURS EU EP EV;Affectation;ULYCDP;PLYC DEPENSES DIRECTES;;PLYC/DPM;47889.6;47889.6;75;UAI;1.0
2022;23750007900312;Région Île-de-France;CP2022-069;2022-01-28;;;;;ACCORDS CADRES COLLEGES 2022;Affectation;ULYCDP;PLYC DEPENSES DIRECTES;;PLYC/DPM;110000.0;110000.0;non attribuable;;1.0
2022;23750007900312;Région Île-de-France;CP2022-068;2022-01-28;19930138300014;0930138V;FREDERIC BARTHOLDI - ST DENIS;Lycées et collèges publics;93 ST DENIS F BARTHOLDI TX DE RENO DE SANITAIRES BAT ENSEIGNEMENT (3BLOCS);Affectation;ULYCDP;PLYC DEPENSES DIRECTES;;PLYC/DPM;150000.0;150000.0;93;UAI;1.0
2022;23750007900312;Région Île-de-France;CP2022-013;2022-01-28;;;;;Organisation du Concours régional d’éloquence sur la laïcité;Affectation;ULYCDP;PLYC DEPENSES DIRECTES;;PLYC/DRE;8000.0;8000.0;non attribuable;;1.0
2022;23750007900312;Région Île-de-France;CP2022-069;2022-01-28;;;;;FONDS D URGENCES CMR;Affectation;ULYCDP;PLYC DEPENSES DIRECTES;;PLYC/DPM;150000.0;150000.0;non attribuable;;1.0
2022;23750007900312;Région Île-de-France;CP2022-013;2022-01-28;;;;;ORGANISATION DE LA RESTITUTION DES VOYAGES A AUSCHWITZ-BIRKENAU;Affectation;ULYCDP;PLYC DEPENSES DIRECTES;;PLYC/DRE;10000.0;10000.0;non attribuable;;1.0
2022;23750007900312;Région Île-de-France;CP2022-068;2022-01-28;19920161700032;0922397F;EUGENE IONESCO - ISSY LES MOULX;Lycées et collèges publics;92 ISSY E IONESCO RENO CHAUFFAGE HALL;Affectation;ULYCDP;PLYC DEPENSES DIRECTES;;PLYC/DPM;324000.0;324000.0;92;UAI;1.0
2022;23750007900312;Région Île-de-France;CP2022-068;2022-01-28;19940121700013;0940121W;D'ARSONVAL - ST MAUR DES FOSSES;Lycées et collèges publics;94 ST MAU ARSONVAL TRAVAUX DE RESTRUCTURATION DU SSI;Affectation;ULYCDP;PLYC DEPENSES DIRECTES;;PLYC/DPM;250000.0;250000.0;94;UAI;1.0
2022;23750007900312;Région Île-de-France;CP2022-068;2022-01-28;19941347700019;0941347D;PABLO PICASSO - FONTENAY SS BOIS;Lycées et collèges publics;94 FONTENAY PABLO PICASSO SSI;Affectation;ULYCDP;PLYC DEPENSES DIRECTES;;PLYC/DPM;143000.0;143000.0;94;UAI;1.0
2022;23750007900312;Région Île-de-France;CP2022-032;2022-01-28;;;;;93 BOBIGNY LYC LOUISE MICHEL RENOVATION SIMPLE;Affectation;ULYCDP;PLYC DEPENSES DIRECTES;"CONTRAT DE MANDAT N°1400002 MAN UL 05
SAERP";PLYC/DP;800000.0;800000.0;93;numero;1.0
2022;23750007900312;Région Île-de-France;CP2022-043;2022-01-28;;;;;PRESTA CENTRE SERV NUME;Affectation;ULYCDP;PLYC DEPENSES DIRECTES;;PTN/MAAT;2000000.0;2000000.0;non attribuable;;1.0
2022;23750007900312;Région Île-de-France;CP2022-068;2022-01-28;19940138100017;0940138P;ARMAND GUILLAUMIN - ORLY;Lycées et collèges publics;94 ORLY ARMAND GUILLAUMIN TX DE REMPLACEMENT DU SSI;Affectation;ULYCDP;PLYC DEPENSES DIRECTES;;PLYC/DPM;130000.0;130000.0;94;UAI;1.0
2022;23750007900312;Région Île-de-France;CP2022-068;2022-01-28;19750660300012;0750660K;FENELON - PARIS 06;Lycées et collèges publics;75006 FENELON REFONDATION DU BATIMENT PRINCIPAL CONV MANDAT IDFCD;Affectation;ULYCDP;PLYC DEPENSES DIRECTES;TRAVAUX DE REPRISE EN SOUS OEUVRE DES VOUTES EN PIERRE ET TRAITEMENT DES FA9ADES IMPACTEES SUITE A UN AFFAISSEMENT REPRISE DES FONDATIONS;PLYC/DPM;4006967.0;4006967.0;75;UAI;1.0
2022;23750007900312;Région Île-de-France;CP2022-068;2022-01-28;;;;;AC BATIMENTS DEMONTABLES;Affectation;ULYCDP;PLYC DEPENSES DIRECTES;;PLYC/DPM;3000000.0;3000000.0;non attribuable;;1.0
2022;23750007900312;Région Île-de-France;CP2022-032;2022-01-28;;;;;95 BEZONS LYC EUGENE RONCERAY RENOVATION GLOBALE;Affectation;ULYCDP;PLYC DEPENSES DIRECTES;"CONTRAT DE MANDAT N°1400002MANUL01-2  SAERP
RESTRUCTURATION GLOBALE DU LYCEE";PLYC/DP;1000000.0;1000000.0;95;numero;1.0
2022;23750007900312;Région Île-de-France;CP2022-069;2022-01-28;19750683500010;0750683K;CLAUDE MONET - PARIS 13;Lycées et collèges publics;75013 CLAUDE MONET RENO DES SOLS PARQUET DES 2 GYMNASES ET CREATION DE FOURREAUX;Affectation;ULYCDP;PLYC DEPENSES DIRECTES;;PLYC/DPM;332000.0;332000.0;75;UAI;1.0
2022;23750007900312;Région Île-de-France;CP2022-069;2022-01-28;19782546600018;0782546U;LYCEE LE CORBUSIER - POISSY;Lycées et collèges publics;78 POISSY LE CORBUSIER TX AMENAGEMENT D UN PLATEAU DU BAT A;Affectation;ULYCDP;PLYC DEPENSES DIRECTES;;PLYC/DPM;1300000.0;1300000.0;78;UAI;1.0
2022;23750007900312;Région Île-de-France;CP2022-075;2022-01-28;19940129000010;0940129E;JEAN MACE - VITRY;Lycées et collèges publics;94 VITRY SUR SEINE JEAN MACE TRAVAUX DE SECURISATION;Affectation;ULYCDP;PLYC DEPENSES DIRECTES;;PLYC/DPM;500000.0;500000.0;94;UAI;1.0
2022;23750007900312;Région Île-de-France;CP2022-075;2022-01-28;;;;;MAC D'ASSISTANCE M.O. + ACCORD-CADRE SUR LES ETUDES RELATIVES A LA SURETE DES LYCEES FRANCILIENS;Affectation;ULYCDP;PLYC DEPENSES DIRECTES;;PLYC/DPM;580000.0;580000.0;non attribuable;;1.0
2022;23750007900312;Région Île-de-France;CP2022-032;2022-01-28;19772311700010;0772311U;LPO GEORGES CORMIER COULOMMIERS (FUSION VOIR FERRY R3259);Lycées et collèges publics;RENOV GLO FERRY ET CORMIER COULOMMIERS 77;Affectation;ULYCDP;PLYC DEPENSES DIRECTES;RENOVATION GLOBALE;PLYC/DP;1400000.0;1400000.0;77;UAI;1.0
2022;23750007900312;Région Île-de-France;CP2022-043;2022-01-28;;;;;CENTRE DE SERVICE NUMERIQUE REGIONAL;Affectation;ULYCDP;PLYC DEPENSES DIRECTES;;PTN/MAAT;2100000.0;2100000.0;non attribuable;;1.0
2022;23750007900312;Région Île-de-France;CP2022-068;2022-01-28;19772188900016;0772188K;PIERRE MENDES FRANCE - SAVIGNY LE TEMPLE;Lycées et collèges publics;77 SAVIGNY LE TEMPLE PMF TX PR LA RENOV DU POLE SCIENCE SALLES 204 ET 216;Affectation;ULYCDP;PLYC DEPENSES DIRECTES;;PLYC/DPM;250000.0;250000.0;77;UAI;1.0
2022;23750007900312;Région Île-de-France;CP2022-032;2022-01-28;19951637800015;0951637N;LYCEE GALILEE - CERGY;Lycées et collèges publics;RESTRUC CUISI GALILEE CERGY 95;Affectation;ULYCDP;PLYC DEPENSES DIRECTES;RESTRUCTURATON DE LA CUISINE ET DES LOCAUX;PLYC/DP;4350000.0;4350000.0;95;UAI;1.0
2022;23750007900312;Région Île-de-France;CP2022-043;2022-01-28;;;;;MARCHES ACHATS EQUIPEMENTS INFORMATIQUES CMR;Affectation;ULYCDP;PLYC DEPENSES DIRECTES;;PTN/MAAT;600000.0;600000.0;non attribuable;;1.0
2022;23750007900312;Région Île-de-France;CP2022-068;2022-01-28;19951399500019;0951399E;ALFRED KASTLER - PONTOISE;Lycées et collèges publics;95 KASTLER CERGY REMIS NORME ARM ELEC;Affectation;ULYCDP;PLYC DEPENSES DIRECTES;REMISE AUX NORMES DES ARMOIRES ELECTRIQUES ET DU SYSTEME D'ECLAIRAGE DES CIRCULATIONS;PLYC/DP;330000.0;330000.0;95;UAI;1.0
2022;23750007900312;Région Île-de-France;CP2022-069;2022-01-28;19920146800014;0920146J;MARIE CURIE - SCEAUX;Lycées et collèges publics;92 SCEAUX MARIE CURIE RENO DU SYSTEME DE CHAUFFAGE DU GYMNASE;Affectation;ULYCDP;PLYC DEPENSES DIRECTES;;PLYC/DPM;180000.0;180000.0;92;UAI;1.0
2021;23750007900312;Région Île-de-France;CP2021-441;2021-11-19;;;;;93 AULNAY SOUS BOIS LYCEE VOILLAUME RENOVATION GLOBALE;Revalorisation;ULYCDP;PLYC DEPENSES DIRECTES;"CONVENTION DE MANDAT 1300102MANUL02 SAERP

RESTRUCTURATION DES ATELIERS ET DE L ENTREE";PLYC/DPBC;1500000.0;1500000.0;93;numero;1.0
2021;23750007900312;Région Île-de-France;CP2021-441;2021-11-19;;;;;93 NOISY LE GRAND LYC INTERNATIONAL;Désaffectation;ULYCDP;PLYC DEPENSES DIRECTES;;PLYC/DPBC;-4800000.0;-4800000.0;93;numero;1.0
2021;23750007900312;Région Île-de-France;CP2021-464;2021-11-19;19750658700017;0750658H;SAINT LOUIS;Lycées et collèges publics;75006 ST LOUIS TX RENOV DE 3 ASCENSEURS;Affectation;ULYCDP;PLYC DEPENSES DIRECTES;;PLYC/DPM;28000.0;28000.0;75;UAI;1.0
2021;23750007900312;Région Île-de-France;CP2021-464;2021-11-19;19940119100010;0940119U;PAUL DOUMER;Lycées et collèges publics;94 LE PERREUX P DOUMER ETUDES SECURISATION DES ESP EXT;Revalorisation;ULYCDP;PLYC DEPENSES DIRECTES;;PLYC/DPM;80000.0;80000.0;94;UAI;1.0
2021;23750007900312;Région Île-de-France;CP2021-484;2021-11-19;;;;;MAC INFORMATIQUE EPLE;Revalorisation;ULYCDP;PLYC DEPENSES DIRECTES;;PLYC/DAGE;2000000.0;2000000.0;non attribuable;;1.0
2021;23750007900312;Région Île-de-France;CP2021-464;2021-11-19;;;;;AFFECT ACC CADRE 2021 TVX;Revalorisation;ULYCDP;PLYC DEPENSES DIRECTES;ACCORDS CADRE TRAVAUX DPM (25,000° ET DO (2,500);PLYC/DPBC;4714392.0;4714392.0;non attribuable;;1.0
2021;23750007900312;Région Île-de-France;CP2021-464;2021-11-19;19771940400018;0771940R;SIMONE VEIL - NOISIEL;Lycées et collèges publics;77 NOISIEL S VEIL TX DE REFECTION TOTALE DE L ETANCHEITE;Affectation;ULYCDP;PLYC DEPENSES DIRECTES;;PLYC/DPM;400000.0;400000.0;77;UAI;1.0
2021;23750007900312;Région Île-de-France;CP2021-441;2021-11-19;;;;;Accompagnement des campus sur les sujets généraux et transversaux ou d'orientation et de communication - budget 2021;Affectation;ULYCDP;PLYC DEPENSES DIRECTES;;PLYC/LLAB;300000.0;300000.0;non attribuable;;1.0
2021;23750007900312;Région Île-de-France;CP2021-480;2021-11-19;;;;;Projet bio local - CP novembre 2021;Affectation;ULYCDP;PLYC DEPENSES DIRECTES;;PLYC/LLAB;120000.0;120000.0;non attribuable;;1.0
2021;23750007900312;Région Île-de-France;CP2021-465;2021-11-19;;;;;CONTRAT DE PRESTATIONS INTEGREES;Revalorisation;ULYCDP;PLYC DEPENSES DIRECTES;;PLYC/DPM;3198695.0;3198695.0;non attribuable;;1.0
2021;23750007900312;Région Île-de-France;CP2021-464;2021-11-19;19951811900011;0951811C;FERNAND ET NADIA LEGER;Lycées et collèges publics;95 ARGENTEUIL F ET N LEGER RENOV DES TOITURES;Affectation;ULYCDP;PLYC DEPENSES DIRECTES;;PLYC/DPM;60000.0;60000.0;95;UAI;1.0
2021;23750007900312;Région Île-de-France;CP2021-441;2021-11-19;;;;;AFFECT BAT DEMONTABLES BO;Affectation;ULYCDP;PLYC DEPENSES DIRECTES;AFFECATTION GLOBALE BÂTIMENTS DEMONTABLES;PLYC/DPBC;600000.0;600000.0;non attribuable;;1.0
2021;23750007900312;Région Île-de-France;CP2021-464;2021-11-19;;;;;CONV 17MANHAN A3 OUEST 12 LYCEES PPI;Revalorisation;ULYCDP;PLYC DEPENSES DIRECTES;"CONV 17 MAN HAN A3 OUEST
SAERP";PLYC/DPBC;779326.0;779326.0;non attribuable;;1.0
2021;23750007900312;Région Île-de-France;CP2021-464;2021-11-19;;;;;P2P3PFI EPLE;Revalorisation;ULYCDP;PLYC DEPENSES DIRECTES;P2P3PFI;PLYC/DPBC;400000.0;400000.0;non attribuable;;1.0
2021;23750007900312;Région Île-de-France;CP2021-441;2021-11-19;;;;;AFFECTATION PROVISIONNELLE ETUDES DO;Affectation;ULYCDP;PLYC DEPENSES DIRECTES;;PLYC/DPBC;2266000.0;2266000.0;non attribuable;;1.0
2021;23750007900312;Région Île-de-France;CP2021-464;2021-11-19;19930142500013;0932221J;BLAISE PASCAL - VILLEMOMBLE;Lycées et collèges publics;PASCAL  VILLEMOMBLE 93  REF ET MISE AUX NORMES;Désaffectation;ULYCDP;PLYC DEPENSES DIRECTES;ETUDES POUR LA REFECTION ET MISE AUX NORMES  DE 2 TOITURES TERRASSES IRREPARABLES BÂTIMENT ENSAINGNEMENT GENERAL;PLYC/DPBC;-20000.0;-20000.0;93;UAI;1.0
2021;23750007900312;Région Île-de-France;CP2021-486;2021-11-19;;;;;PURIFICA D AIR MARC GENIE CLIM;Affectation;ULYCDP;PLYC DEPENSES DIRECTES;MARCHE GENIE CLIMATIQUE;PLYC/DRE;3000000.0;3000000.0;non attribuable;;1.0
2021;23750007900312;Région Île-de-France;CP2021-466;2021-11-19;;;;;99 MAINTENANCE ET FOURNITURE ELECTRICITE DANS LYCEES FRANCILIENS;Revalorisation;ULYCDP;PLYC DEPENSES DIRECTES;;PLYC/DPBC;800000.0;800000.0;regional;numero 99;1.0
2021;23750007900312;Région Île-de-France;CP2021-441;2021-11-19;;;;;AFFECTATION PROVISIONNELLE AC TX DO;Affectation;ULYCDP;PLYC DEPENSES DIRECTES;;PLYC/DPBC;2266000.0;2266000.0;non attribuable;;1.0
2021;23750007900312;Région Île-de-France;CP2021-441;2021-11-19;;;;;91 MORSANG SUR ORGE LYC AMPERE EXTENSION;Affectation;ULYCDP;PLYC DEPENSES DIRECTES;OPERATION MANDATAIRE EXTENSION DE CAPACITE;PLYC/DPBC;5000000.0;5000000.0;91;numero;1.0
2021;23750007900312;Région Île-de-France;CP2021-464;2021-11-19;;;;;REGION PLAN ESPACES SANITAIRES DANS LES EPLE FRANCILIENS;Revalorisation;ULYCDP;PLYC DEPENSES DIRECTES;MISE EN OEUVRE DU PLAN DES ESPACES SANITAIRES DANS LES EPLE FRANCILIENS;PLYC/DPBC;1081616.96;1081616.96;non attribuable;;1.0
2021;23750007900312;Région Île-de-France;CP2021-466;2021-11-19;;;;;99 MAINTENANCE ET FOURNITURE DE GAZ DANS LYCEES FRANCILIENS;Revalorisation;ULYCDP;PLYC DEPENSES DIRECTES;;PLYC/DPBC;12300000.0;12300000.0;regional;numero 99;1.0
2021;23750007900312;Région Île-de-France;CP2021-464;2021-11-19;19771658200014;0771658J;DU GUE A TREMES;Lycées et collèges publics;77 CONGIS GUE A TRESMES ETUDES PR REF DU LOCAL PLONGE;Affectation;ULYCDP;PLYC DEPENSES DIRECTES;;PLYC/DPM;20000.0;20000.0;77;UAI;1.0
2021;23750007900312;Région Île-de-France;CP2021-464;2021-11-19;19782593800016;0782593V;JEAN PERRIN - ST CYR L'ECOLE;Lycées et collèges publics;78 ST CYR J PERRIN TX REMPLT DES RONDINS EN TOIT TERRASSES;Affectation;ULYCDP;PLYC DEPENSES DIRECTES;;PLYC/DPM;650000.0;650000.0;78;UAI;1.0
2021;23750007900312;Région Île-de-France;CP2021-464;2021-11-19;19781819800016;0781819D;EMILIE DE BRETEUIL;Lycées et collèges publics;78 MONTIGNY EMILIE DE BRETEUIL TX DE SECU ET VRD DES DEUX SITES;Affectation;ULYCDP;PLYC DEPENSES DIRECTES;;PLYC/DPM;80000.0;80000.0;78;UAI;1.0
2021;23750007900312;Région Île-de-France;CP2021-484;2021-11-19;;;;;NUM ACHAT LIVRETS D EXER;Affectation;ULYCDP;PLYC DEPENSES DIRECTES;ACHATS NUMERIQUES LES LIVRETS  D EXERCICES;PLYC/DPBC;1000000.0;1000000.0;non attribuable;;1.0
2021;23750007900312;Région Île-de-France;CP2021-464;2021-11-19;;;;;INVESTISSEMENT MAINTENANCE GR PROG2019/2020/2021 CPI;Revalorisation;ULYCDP;PLYC DEPENSES DIRECTES;;PLYC/DPBC;759168.81;759168.81;non attribuable;;1.0
2021;23750007900312;Région Île-de-France;CP2021-484;2021-11-19;;;;;MAINTENANCE INFORMATIQUE EPLE;Revalorisation;ULYCDP;PLYC DEPENSES DIRECTES;;PLYC/DAGE;1000000.0;1000000.0;non attribuable;;1.0
2021;23750007900312;Région Île-de-France;CP2021-441;2021-11-19;;;;;78 ST GERMAIN EN LAYE JEANNE DALBRET RG;Affectation;ULYCDP;PLYC DEPENSES DIRECTES;CONTRAT DE MANDAT;PLYC/DPBC;3500000.0;3500000.0;78;numero;1.0
2021;23750007900312;Région Île-de-France;CP2021-465;2021-11-19;;;;;ACCORDS CADRES TVX LYC;Revalorisation;ULYCDP;PLYC DEPENSES DIRECTES;ACCORDS CADRES LYC TRAVAUX;PLYC/DPBC;2000000.0;2000000.0;non attribuable;;1.0
2021;23750007900312;Région Île-de-France;CP2021-465;2021-11-19;19750682700017;0750682J;AUGUSTE RODIN;Lycées et collèges publics;75013 RODIN ETUDES POUR LES TX DE MODERNISATION DE L4 ASC ESC A;Affectation;ULYCDP;PLYC DEPENSES DIRECTES;;PLYC/DPM;10000.0;10000.0;75;UAI;1.0
2021;23750007900312;Région Île-de-France;CP2021-464;2021-11-19;19750658700017;0750658H;SAINT LOUIS;Lycées et collèges publics;75006 ST LOUIS REMPLACEMENTS DE DEUX MONTES CHARGES ET RENOV D UNE CAGE D ESC;Revalorisation;ULYCDP;PLYC DEPENSES DIRECTES;REMPLACEMENT DE DEUX MONTES CHARGES ET RENOVATION D UNE CAGE D ESCALIER;PLYC/DPM;80000.0;80000.0;75;UAI;1.0
2021;23750007900312;Région Île-de-France;CP2021-441;2021-11-19;;;;;78 CARRIERES SUR SEINE LYCEE LES PIERRES VIVES - EXTENSION DE CAPACITE 600 PLACES;Affectation;ULYCDP;PLYC DEPENSES DIRECTES;Convention de mandat SAERP;PLYC/DPBC;23500000.0;23500000.0;78;numero;1.0
2021;23750007900312;Région Île-de-France;CP2021-362;2021-09-22;;;;;99 MAINTENANCE ET FOURNITURE DE GAZ DANS LYCEES FRANCILIENS;Revalorisation;ULYCDP;PLYC DEPENSES DIRECTES;;PLYC/DPBC;5000000.0;5000000.0;regional;numero 99;1.0
2021;23750007900312;Région Île-de-France;CP2021-330;2021-09-22;;;;;Projet bio local - CP septembre 2021;Affectation;ULYCDP;PLYC DEPENSES DIRECTES;;PLYC/LLAB;215000.0;215000.0;non attribuable;;1.0
2021;23750007900312;Région Île-de-France;CP2021-360;2021-09-22;;;;;AFFECT PROV TRAVAUX;Revalorisation;ULYCDP;PLYC DEPENSES DIRECTES;AFFECTATIONS PROVISIONNELLES TRAVAUX;PLYC/DPBC;1000000.0;1000000.0;non attribuable;;1.0
2021;23750007900312;Région Île-de-France;CP2021-328;2021-09-22;;;;;AFFECTATION PROVISIONNELLE DO - ETUDES CMR PART COLLEGES;Affectation;ULYCDP;PLYC DEPENSES DIRECTES;;PLYC/DPBC;50000.0;50000.0;non attribuable;;1.0
2021;23750007900312;Région Île-de-France;CP2021-361;2021-09-22;19920142700010;0920142E;PASTEUR;Lycées et collèges publics;92 NEUILLY PASTEUR ETUDES PR TX DE SALLES SPE BLOCS SANI ET LX DU PERS;Désaffectation;ULYCDP;PLYC DEPENSES DIRECTES;ETUDES POUR DES TRAVAUX SUR DES SALLES SPECIALIS2ES BLOCS SANITAIRES ET LOCAUX DES PERSONNELS;PLYC/DPM;-110000.0;-110000.0;92;UAI;1.0
2021;23750007900312;Région Île-de-France;CP2021-361;2021-09-22;;;;;ACCORDS CADRES TVX COLLEGES;Revalorisation;ULYCDP;PLYC DEPENSES DIRECTES;ACCORDS CADRES COLLEGES TRAVAUX;PLYC/DPBC;800000.0;800000.0;non attribuable;;1.0
2021;23750007900312;Région Île-de-France;CP2021-360;2021-09-22;;;;;INVESTISSEMENT MAINTENANCE GR PROG2019/2020/2021 CPI;Revalorisation;ULYCDP;PLYC DEPENSES DIRECTES;;PLYC/DPBC;524514.0;524514.0;non attribuable;;1.0
2021;23750007900312;Région Île-de-France;CP2021-360;2021-09-22;;;;;77 CONGIS GUE A TRESMES MISE EN CONFORMITÉ DE LA CUISINE D’APPLICATION;Revalorisation;ULYCDP;PLYC DEPENSES DIRECTES;;PLYC/DPBC;10000.0;10000.0;77;numero;1.0
2021;23750007900312;Région Île-de-France;CP2021-361;2021-09-22;;;;;AFFECT PROV DPM LYC;Revalorisation;ULYCDP;PLYC DEPENSES DIRECTES;AFFECTATION GLOBALE DPM LYC;PLYC/DPBC;250000.0;250000.0;non attribuable;;1.0
2021;23750007900312;Région Île-de-France;CP2021-361;2021-09-22;19920142700010;0920142E;PASTEUR;Lycées et collèges publics;92 NEUILLY PASTEUR ETUDES OPE DE REF PEINTURES ET TX PONTUELS;Affectation;ULYCDP;PLYC DEPENSES DIRECTES;ETUDES : OPÉRATION DE RÉFECTION DE PEINTURES, PLAFONDS SUSPENDUS ET TRAVAUX PONCTUELS DE REVÊTEMENTS DE SOLS;PLYC/DPM;140000.0;140000.0;92;UAI;1.0
2021;23750007900312;Région Île-de-France;CP2021-368;2021-09-22;;;;;MAC D'ASSISTANCE M.O. + ACCORD-CADRE SUR LES ETUDES RELATIVES A LA SURETE DES LYCEES FRANCILIENS;Revalorisation;ULYCDP;PLYC DEPENSES DIRECTES;;PLYC/DPBC;500000.0;500000.0;non attribuable;;1.0
2021;23750007900312;Région Île-de-France;CP2021-360;2021-09-22;19920680600010;0920680P;LEONARD DE VINCI - BAGNEUX;Lycées et collèges publics;92 BAGNEUX LDV RENOV DES TERRASSES DES BAT A B C E F;Affectation;ULYCDP;PLYC DEPENSES DIRECTES;RENOVATION DES TERRASSES DES BATIMENTS A B C E F;PLYC/DPM;1350000.0;1350000.0;92;UAI;1.0
2021;23750007900312;Région Île-de-France;CP2021-360;2021-09-22;;;;;REGION PLAN ESPACES SANITAIRES DANS LES EPLE FRANCILIENS;Revalorisation;ULYCDP;PLYC DEPENSES DIRECTES;MISE EN OEUVRE DU PLAN DES ESPACES SANITAIRES DANS LES EPLE FRANCILIENS;PLYC/DPBC;3767666.0;3767666.0;non attribuable;;1.0
2021;23750007900312;Région Île-de-France;CP2021-328;2021-09-22;;;;;93 BOBIGNY LP ALFRED COSTES RESTRUCTURATION PARTIELLE;Affectation;ULYCDP;PLYC DEPENSES DIRECTES;;PLYC/DPBC;70000.0;70000.0;93;numero;1.0
2021;23750007900312;Région Île-de-France;CP2021-360;2021-09-22;19950651000015;0950651S;JACQUES PREVERT - TAVERNY;Lycées et collèges publics;95 TAVERNY J PREVERT MOE RENO THERMIQUE;Affectation;ULYCDP;PLYC DEPENSES DIRECTES;;PLYC/DPM;840000.0;840000.0;95;UAI;1.0
2021;23750007900312;Région Île-de-France;CP2021-328;2021-09-22;;;;;AFFECTATION PROVISIONNELLE DO - ETUDES CMR PAR LYCEE;Affectation;ULYCDP;PLYC DEPENSES DIRECTES;;PLYC/DPBC;150000.0;150000.0;non attribuable;;1.0
2021;23750007900312;Région Île-de-France;CP2021-360;2021-09-22;19921555900014;0921555R;JACQUES MONOD - CLAMART;Lycées et collèges publics;92 CLAMART J MONOD TX DE REAMENAGEMENT DS ACCES;Revalorisation;ULYCDP;PLYC DEPENSES DIRECTES;TRAVAUX DE REAMENAGEMENT DES ACCES;PLYC/DPM;50000.0;50000.0;92;UAI;1.0
2021;23750007900312;Région Île-de-France;CP2021-328;2021-09-22;;;;;91 BRUNOY LYCEE TALMA RESTRUCTURATION DEMI PENSION;Affectation;ULYCDP;PLYC DEPENSES DIRECTES;"CONVENTION DE MANDAT 1300102MANUL05 SAERP
OPERATION CIBLEE RESTRUCTURATION DE LA DEMI PENSION";PLYC/DPBC;1500000.0;1500000.0;91;numero;1.0
2021;23750007900312;Région Île-de-France;CP2021-368;2021-09-22;;;;;MAC SECURITE VRD + ACCORDS-CADRES DE TRAVAUX DANS LES LYCEES FRANCILIENS;Revalorisation;ULYCDP;PLYC DEPENSES DIRECTES;;PLYC/DPBC;4000000.0;4000000.0;non attribuable;;1.0
2021;23750007900312;Région Île-de-France;CP2021-360;2021-09-22;19920161700032;0922397F;EUGENE IONESCO;Lycées et collèges publics;92 ISSY E IONESCO REMPLT DE LA TOITURE DU BAT PRINCIPAL;Affectation;ULYCDP;PLYC DEPENSES DIRECTES;REMPLACEMENT DE LA TOITURE DU BATIMENT PRINCIPAL;PLYC/DPM;680000.0;680000.0;92;UAI;1.0
2021;23750007900312;Région Île-de-France;CP2021-323;2021-09-22;;;;;MAC INFORMATIQUE EPLE;Revalorisation;ULYCDP;PLYC DEPENSES DIRECTES;;PLYC/DAGE;3000000.0;3000000.0;non attribuable;;1.0
2021;23750007900312;Région Île-de-France;CP2021-361;2021-09-22;;;;;ACCORDS CADRES TVX LYC;Revalorisation;ULYCDP;PLYC DEPENSES DIRECTES;ACCORDS CADRES LYC TRAVAUX;PLYC/DPBC;800000.0;800000.0;non attribuable;;1.0
2021;23750007900312;Région Île-de-France;CP2021-393;2021-09-22;;;;;Projet bio local - CP septembre 2021;Affectation;ULYCDP;PLYC DEPENSES DIRECTES;;PLYC/LLAB;55000.0;55000.0;non attribuable;;1.0
2021;23750007900312;Région Île-de-France;CP2021-361;2021-09-22;;;;;AFFEC PROV DPM COLLE;Revalorisation;ULYCDP;PLYC DEPENSES DIRECTES;AFFECTATION PROVISIONNELLE DPM COLLEGES;PLYC/DPBC;250000.0;250000.0;non attribuable;;1.0
2021;23750007900312;Région Île-de-France;CP2021-323;2021-09-22;;;;;SUPPORTS NUMERIQUES;Affectation;ULYCDP;PLYC DEPENSES DIRECTES;MANUELS SUPPORTS NUMERIQUES;PLYC/DPBC;12101000.0;12101000.0;non attribuable;;1.0
2021;23750007900312;Région Île-de-France;CP2021-362;2021-09-22;19750685000019;0750685M;LYCEE TECHNOLOGIQUE PIERRE GILLES DE GENNES;Lycées et collèges publics;75013 PIERRE GILLES DE GENNES MISE EN PLACE DU MARCHE DE SECURITE INCENDIE;Revalorisation;ULYCDP;PLYC DEPENSES DIRECTES;NOUVEAU MARCHE POUR LA CONTINUITE DU SERVICE PERMANENT DE SECURITE INCENDIE;PLYC/DPM;154000.0;154000.0;75;UAI;1.0
2021;23750007900312;Région Île-de-France;CP2021-361;2021-09-22;;;;;FONDS D URGENCE CMR;Revalorisation;ULYCDP;PLYC DEPENSES DIRECTES;FONDS URGENCE CMR;PLYC/DPBC;150000.0;150000.0;non attribuable;;1.0
2021;23750007900312;Région Île-de-France;CP2021-360;2021-09-22;19921676300011;0921676X;THEODORE MONOD - ANTONY;Lycées et collèges publics;92 ANTONY T MONOD RENOV DE LA TERRASSE DU BAT B ET D;Affectation;ULYCDP;PLYC DEPENSES DIRECTES;RENOVATION DE LA TERRASSE DU BATIMENT B ET D;PLYC/DPM;750000.0;750000.0;92;UAI;1.0
2021;23750007900312;Région Île-de-France;CP2021-328;2021-09-22;;;;;AC TX SSI 94 CACHAN BAT LEONARD DE VINCI DO;Affectation;ULYCDP;PLYC DEPENSES DIRECTES;;PLYC/DPBC;55000.0;55000.0;94;commune;1.0
2021;23750007900312;Région Île-de-France;CP2021-362;2021-09-22;;;;;99 MAINTENANCE ET FOURNITURE ELECTRICITE DANS LYCEES FRANCILIENS;Revalorisation;ULYCDP;PLYC DEPENSES DIRECTES;;PLYC/DPBC;2000000.0;2000000.0;regional;numero 99;1.0
2021;23750007900312;Région Île-de-France;CP2021-370;2021-09-22;;;;;75 Paris 12 Lyc. Chennevière-Malezieux charges copropriété;Affectation;ULYCDP;PLYC DEPENSES DIRECTES;;PLYC/DPBC;10000.0;10000.0;75;numero;1.0
2021;23750007900312;Région Île-de-France;CP2021-323;2021-09-22;;;;;MAINTENANCE INFORMATIQUE EPLE;Revalorisation;ULYCDP;PLYC DEPENSES DIRECTES;;PLYC/DAGE;370000.0;370000.0;non attribuable;;1.0
2021;23750007900312;Région Île-de-France;CP2021-328;2021-09-22;;;;;91 DRAVEIL LYCEE NADAR;Affectation;ULYCDP;PLYC DEPENSES DIRECTES;PPI CP OCTOBRE 2018;PLYC/DPBC;576000.0;576000.0;91;numero;1.0
2021;23750007900312;Région Île-de-France;CP2021-361;2021-09-22;19930118500013;0930118Y;JEAN RENOIR;Lycées et collèges publics;93 BONDY J RENOIR ETUDES PR LA REF DE LA DEMI PENSION ET SALLES DE RESTAURATION;Désaffectation;ULYCDP;PLYC DEPENSES DIRECTES;ETUDES POUR LA REFECTION GLOBALE DE LA 1/2 PENSION Y COMPRIS LES SALLES DE RESTAURATION;PLYC/DPM;-50000.0;-50000.0;93;UAI;1.0
2021;23750007900312;Région Île-de-France;CP2021-362;2021-09-22;;;;;MAC LYC FONCTIONNE 2021;Revalorisation;ULYCDP;PLYC DEPENSES DIRECTES;MAC FONCTIONNEMENT 2021;PLYC/DPBC;1000000.0;1000000.0;non attribuable;;1.0
2021;23750007900312;Région Île-de-France;CP2021-360;2021-09-22;19940145600017;0940145X;CAMILLE CLAUDEL - VITRY;Lycées et collèges publics;94 VITRY C CLAUDEL MOE RENO THERMIQUE;Affectation;ULYCDP;PLYC DEPENSES DIRECTES;;PLYC/DPM;645000.0;645000.0;94;UAI;1.0
2021;23750007900312;Région Île-de-France;CP2021-360;2021-09-22;;;;;FONDS URGENCE 2021 EPLE;Revalorisation;ULYCDP;PLYC DEPENSES DIRECTES;FONDS URGENCE EPLE;PLYC/DPBC;200000.0;200000.0;non attribuable;;1.0
2021;23750007900312;Région Île-de-France;CP2021-360;2021-09-22;;;;;AFFECT ACC CADRE 2021 TVX;Revalorisation;ULYCDP;PLYC DEPENSES DIRECTES;ACCORDS CADRE TRAVAUX DPM (25,000° ET DO (2,500);PLYC/DPBC;15000000.0;15000000.0;non attribuable;;1.0
2021;23750007900312;Région Île-de-France;CP2021-360;2021-09-22;;;;;ILE DE FRANCE - LYCEES DIVERS - ACCESSIBILITE HANDICAP;Revalorisation;ULYCDP;PLYC DEPENSES DIRECTES;"13MANHAN01 OPERATIONS SIMPLES (CATEGORIE A)
13MANHAN02 ETUDES ET DIAGNOSTICS

CONVENTIONS DE MANDAT POUR UNE LISTE DE LYCEES 
OPERATIONS DE MISE EN ACCESSIBILITE HANDICAP";PLYC/DPBC;433379.0;433379.0;non attribuable;;1.0
2021;23750007900312;Région Île-de-France;CP2021-361;2021-09-22;;;;;CONTRAT DE PRESTATIONS INTEGREES;Revalorisation;ULYCDP;PLYC DEPENSES DIRECTES;;PLYC/DPM;631109.0;631109.0;non attribuable;;1.0
2021;23750007900312;Région Île-de-France;CP2021-328;2021-09-22;;;;;PPI 2011 78 VERSAILLES LYCEE JULES FERRY;Affectation;ULYCDP;PLYC DEPENSES DIRECTES;;PLYC/DPBC;1150000.0;1150000.0;78;numero;1.0
2021;23750007900312;Région Île-de-France;CP2021-360;2021-09-22;19930117700010;0930117X;LE CORBUSIER - AUBERVILLIERS;Lycées et collèges publics;93 AUBERVILLIERS LE CORBUSIER TX DE CREA D UNE PORTE SUP PR REPONDRE A LA REGL NCENDIE;Désaffectation;ULYCDP;PLYC DEPENSES DIRECTES;TRAVAUX DE CREATION D UNE PORTE SUPPLEMENTAIRE POUR REPONDRE A LA REGLEMENTATION INCENDIE;PLYC/DPM;-30000.0;-30000.0;93;UAI;1.0
2021;23750007900312;Région Île-de-France;CP2021-370;2021-09-22;;;;;AP REMUNERATION NOTAIRES TRANSFERT DE PROPRIETE 2021;Affectation;ULYCDP;PLYC DEPENSES DIRECTES;;PLYC/DPBC;50000.0;50000.0;non attribuable;;1.0
2021;23750007900312;Région Île-de-France;CP2021-328;2021-09-22;;;;;AFFECT ACC CADRE 2021 TVX;Désaffectation;ULYCDP;PLYC DEPENSES DIRECTES;ACCORDS CADRE TRAVAUX DPM (25,000° ET DO (2,500);PLYC/DPBC;-150000.0;-150000.0;non attribuable;;1.0
2021;23750007900312;Région Île-de-France;CP2021-361;2021-09-22;;;;;75015 C.SEE TVX PURGES ET REST PRG 2019;Revalorisation;ULYCDP;PLYC DEPENSES DIRECTES;PROG 2019 - MO POUR DES TRAVAUX DE PURGES ET RESTAURATION DE FACADES;PLYC/DPBC;130000.0;130000.0;75;numero;1.0
2021;23750007900312;Région Île-de-France;CP2021-360;2021-09-22;19910869700012;0912163G;PAUL LANGEVIN - STE GENEVIEVE;Lycées et collèges publics;91 STE GENEVIEVE DES BOIS P LANGEVIN MOE RENO THERMIQUE;Affectation;ULYCDP;PLYC DEPENSES DIRECTES;;PLYC/DPM;540000.0;540000.0;91;UAI;1.0
2021;23750007900312;Région Île-de-France;CP2021-360;2021-09-22;;;;;CONV 17MANHAN A3 OUEST 12 LYCEES PPI;Revalorisation;ULYCDP;PLYC DEPENSES DIRECTES;"CONV 17 MAN HAN A3 OUEST
SAERP";PLYC/DPBC;620000.0;620000.0;non attribuable;;1.0
2021;23750007900312;Région Île-de-France;CP2021-360;2021-09-22;19950647800015;0950647M;GERARD DE NERVAL;Lycées et collèges publics;95 LUZARCHES G DE NERVAL RENO THERMIQUE;Affectation;ULYCDP;PLYC DEPENSES DIRECTES;;PLYC/DPM;600000.0;600000.0;95;UAI;1.0
2021;23750007900312;Région Île-de-France;CP2021-361;2021-09-22;19750652000018;0750652B;LYCEE GENERAL CHARLEMAGNE;Lycées et collèges publics;75004 CHARLEMAGNE ECHAFAU ET PEINTU;Affectation;ULYCDP;PLYC DEPENSES DIRECTES;;PLYC/DPBC;15000.0;15000.0;75;UAI;1.0
2021;23750007900312;Région Île-de-France;CP2021-230;2021-07-22;;;;;ACCORDS CADRES TVX LYC;Revalorisation;ULYCDP;PLYC DEPENSES DIRECTES;ACCORDS CADRES LYC TRAVAUX;PLYC/DPBC;3200000.0;3200000.0;non attribuable;;1.0
2021;23750007900312;Région Île-de-France;CP2021-236;2021-07-22;;;;;77 NANGIS LYCEE HENRI BECQUEREL EXTENSION;Affectation;ULYCDP;PLYC DEPENSES DIRECTES;;PLYC/DPBC;21600000.0;21600000.0;77;numero;1.0
2021;23750007900312;Région Île-de-France;CP2021-229;2021-07-22;19910676600017;0910676R;CLEMENT ADER - ATHIS MONS;Lycées et collèges publics;91 C ADER ATHIS MONS TX REAMENAGMT LAVERIE;Désaffectation;ULYCDP;PLYC DEPENSES DIRECTES;TRAVAUX DE REAMENAGEMENT DE LA LAVERIE SUITE A CHANGEMENT DE LAVE VAISSELLE;PLYC/DPM;-120000.0;-120000.0;91;UAI;1.0
2021;23750007900312;Région Île-de-France;CP2021-231;2021-07-22;;;;;ADHESION DE LA RIDF AU SIPPEREC (Syndicat intercommunal de la Périphérie de paris pour l’électricité et les réseaux de communication);Affectation;ULYCDP;PLYC DEPENSES DIRECTES;;PLYC/DPBC;13000.0;13000.0;75;PARIS;1.0
2021;23750007900312;Région Île-de-France;CP2021-229;2021-07-22;;;;;75005 L LEGRAND TRVX ELECTRICITE TRANSFO GENERAL BASSE TENSION  HTA;Affectation;ULYCDP;PLYC DEPENSES DIRECTES;;PLYC/DPBC;50000.0;50000.0;75;numero;1.0
2021;23750007900312;Région Île-de-France;CP2021-230;2021-07-22;19750662900017;0750662M;VICTOR DURUY;Lycées et collèges publics;75005 VICTOR DURUY ETUDES POUR LA RENO DE FACADES;Affectation;ULYCDP;PLYC DEPENSES DIRECTES;ETUDES POUR LA RENOVATION DES FACADES TRES DEGRADES (CHUTES DE REVETEMENT DE FACADES SUR LE TROTTOIR ET LES COURS;PLYC/DPM;200000.0;200000.0;75;UAI;1.0
2021;23750007900312;Région Île-de-France;CP2021-231;2021-07-22;;;;;AE PROV 2021 - CHAP 932 FONCTIONNEMENT PLYC;Revalorisation;ULYCDP;PLYC DEPENSES DIRECTES;;PLYC/DPBC;70000.0;70000.0;non attribuable;;1.0
2021;23750007900312;Région Île-de-France;CP2021-265;2021-07-22;;;;;EQUIPEMENT THD;Revalorisation;ULYCDP;PLYC DEPENSES DIRECTES;ACAHTS ET MISE EN PLACE DES EQUIPEMENT THD;PLYC/DPBC;7000000.0;7000000.0;non attribuable;;1.0
2021;23750007900312;Région Île-de-France;CP2021-212;2021-07-22;;;;;ONISEP;Revalorisation;ULYCDP;PLYC DEPENSES DIRECTES;ONISEP CARTNET D ADRESSES DE L'OFFRE E FORMATION POST 3EME;PLYC/DPBC;1966.3;1966.3;non attribuable;;1.0
2021;23750007900312;Région Île-de-France;CP2021-236;2021-07-22;;;;;AFFECTATION MARCHE PRESTATIONS ARCHIVAGE PL/DPBC/SCC;Affectation;ULYCDP;PLYC DEPENSES DIRECTES;;PLYC/DPBC;100000.0;100000.0;non attribuable;;1.0
2021;23750007900312;Région Île-de-France;CP2021-229;2021-07-22;19750660300012;0750660K;FENELON - PARIS;Lycées et collèges publics;75006 FENELON MOE REFECTION COMPLETE DE LA COUR COTE JARDINET;Affectation;ULYCDP;PLYC DEPENSES DIRECTES;;PLYC/DPM;49000.0;49000.0;75;UAI;1.0
2021;23750007900312;Région Île-de-France;CP2021-229;2021-07-22;;;;;REGION PLAN ESPACES SANITAIRES DANS LES EPLE FRANCILIENS;Revalorisation;ULYCDP;PLYC DEPENSES DIRECTES;MISE EN OEUVRE DU PLAN DES ESPACES SANITAIRES DANS LES EPLE FRANCILIENS;PLYC/DPBC;5987581.0;5987581.0;non attribuable;;1.0
2021;23750007900312;Région Île-de-France;CP2021-230;2021-07-22;19750683500010;0750683K;CLAUDE MONET;Lycées et collèges publics;PROG 2020 75013 MONET RENOV LOGT;Revalorisation;ULYCDP;PLYC DEPENSES DIRECTES;PROG 2020 RENOVATION LOGEMENT INSALUBRE F3 RDC;PLYC/DPBC;11940.0;11940.0;75;UAI;1.0
2021;23750007900312;Région Île-de-France;CP2021-229;2021-07-22;19750658700017;0750658H;SAINT LOUIS;Lycées et collèges publics;75006 ST LOUIS TX DE RAVALEMT SUR PIGNON REFECTION DES LUCARNES;Affectation;ULYCDP;PLYC DEPENSES DIRECTES;TRAVAUX DE RAVALEMENT SUR PIGNON FORTEMENT DEGRADE ET DANGEREUX - REFECTION DES LUCARNES;PLYC/DPM;750000.0;750000.0;75;UAI;1.0
2021;23750007900312;Région Île-de-France;CP2021-229;2021-07-22;;;;;75006 ST LOUIS TRVX ELECTRICITE CELLULES HTA;Affectation;ULYCDP;PLYC DEPENSES DIRECTES;;PLYC/DPBC;80000.0;80000.0;75;numero;1.0
2021;23750007900312;Région Île-de-France;CP2021-230;2021-07-22;19920149200014;0920149M;JULES MICHELET - VANVES;Lycées et collèges publics;92 VANVES MICHELET ETUDES OPE DE REF DE L INTERNANT;Affectation;ULYCDP;PLYC DEPENSES DIRECTES;"ETUDES : OPERATION DE REFECTION DE L INTERNAT
RENOVATION DES CHAMBRES Y COMPRIS LES SALLES D EAU ET LES SANITAIRES";PLYC/DPM;500000.0;500000.0;92;UAI;1.0
2021;23750007900312;Région Île-de-France;CP2021-230;2021-07-22;19750702300012;0750702F;JEAN DE LA FONTAINE;Lycées et collèges publics;75016 J DE LA FONTAINE MISE AUX NORMES ATELIERS MENUI, PEINTURE ETC;Affectation;ULYCDP;PLYC DEPENSES DIRECTES;MISE AUX NORMES D HYGIENESDES ATELIERS MENUISERIE? ATELIERS PEINTURE ET ATELIERS MAINTENANCE AU 1ER SOUS SOL COTE RUE MOLITOR CREATION D UN LOCAL ARCHIVE 1ER SOUS SOL COTE RUE MURAT;PLYC/DPM;190000.0;190000.0;75;UAI;1.0
2021;23750007900312;Région Île-de-France;CP2021-265;2021-07-22;;;;;MAC INFORMATIQUE CMR;Revalorisation;ULYCDP;PLYC DEPENSES DIRECTES;;PLYC/DAGE;600000.0;600000.0;non attribuable;;1.0
2021;23750007900312;Région Île-de-France;CP2021-236;2021-07-22;19772120200012;0772120L;JEAN MOULIN - TORCY;Lycées et collèges publics;77 TORCY MOULIN RG RESTRUCTURATION GLOBALE;Affectation;ULYCDP;PLYC DEPENSES DIRECTES;;PLYC/DPBC;457623.0;457623.0;77;UAI;1.0
2021;23750007900312;Région Île-de-France;CP2021-229;2021-07-22;19921555900014;0921555R;JACQUES MONOD - CLAMART;Lycées et collèges publics;92 CLAMART J MONOD CREA SALLES DE CLASSES - FOYER - ESP DOC;Affectation;ULYCDP;PLYC DEPENSES DIRECTES;CREATION DE SALLES DE CLASSES FOYER ESPACE DOCUMENTAIRE PREAU ASCENSEUR ABRIS CYCLES;PLYC/DPM;5000000.0;5000000.0;92;UAI;1.0
2021;23750007900312;Région Île-de-France;CP2021-229;2021-07-22;19940119100010;0940119U;PAUL DOUMER;Lycées et collèges publics;94 LE PERREUX P DOUMER ETUDES SECURISATION DES ESP EXT;Affectation;ULYCDP;PLYC DEPENSES DIRECTES;;PLYC/DPM;100000.0;100000.0;94;UAI;1.0
2021;23750007900312;Région Île-de-France;CP2021-229;2021-07-22;19750696700011;0750696Z;LYCEE ROGER VERLOMME;Lycées et collèges publics;75015 R VERLOMME MOE REF DE 14 SALLES DE COURS DE 2 CIRC ET ESC;Affectation;ULYCDP;PLYC DEPENSES DIRECTES;MISSION MOE REFECTION DE 14 SALLES DE COURS DE 2 CIRCULATIONS ET DE L ESCALIER B DU 2EME ETAGE DU BAT F;PLYC/DPM;22000.0;22000.0;75;UAI;1.0
2021;23750007900312;Région Île-de-France;CP2021-265;2021-07-22;;;;;ACHATS DE CONSOMMABLES;Affectation;ULYCDP;PLYC DEPENSES DIRECTES;MARCHE DE CONSOMMABLES POUR LES LYCEES;PLYC/DPBC;1500000.0;1500000.0;non attribuable;;1.0
2021;23750007900312;Région Île-de-France;CP2021-229;2021-07-22;19921555900014;0921555R;JACQUES MONOD - CLAMART;Lycées et collèges publics;92 CLAMART J MONOD TX DE REAMENAGEMENT DS ACCES;Revalorisation;ULYCDP;PLYC DEPENSES DIRECTES;TRAVAUX DE REAMENAGEMENT DES ACCES;PLYC/DPM;50000.0;50000.0;92;UAI;1.0
2021;23750007900312;Région Île-de-France;CP2021-230;2021-07-22;19750662900017;0750662M;VICTOR DURUY;Lycées et collèges publics;75007 VICTOR DURUY ETUDES PR LE REMPLACEMENT DE RESEAUX D EVAC;Affectation;ULYCDP;PLYC DEPENSES DIRECTES;;PLYC/DPM;150000.0;150000.0;75;UAI;1.0
2021;23750007900312;Région Île-de-France;CP2021-229;2021-07-22;;;;;FONDS URGENCE 2021 EPLE;Revalorisation;ULYCDP;PLYC DEPENSES DIRECTES;FONDS URGENCE EPLE;PLYC/DPBC;1000000.0;1000000.0;non attribuable;;1.0
2021;23750007900312;Région Île-de-France;CP2021-236;2021-07-22;;;;;94 CACHAN LYCEE LEONARD DE VINCI;Affectation;ULYCDP;PLYC DEPENSES DIRECTES;PPI CP OCTOBRE 2018;PLYC/DPBC;920000.0;920000.0;94;numero;1.0
2021;23750007900312;Région Île-de-France;CP2021-229;2021-07-22;19771940400018;0771940R;SIMONE VEIL - NOISIEL;Lycées et collèges publics;77 NOISIEL G D NERVAL TX DE REFECTION TOTALE DE L ETANCH DU LYCEE;Désaffectation;ULYCDP;PLYC DEPENSES DIRECTES;TRAVAUX REFECTION TOTALE DE L ETANCHEITE DU LYCEE;PLYC/DPM;-950000.0;-950000.0;77;UAI;1.0
2021;23750007900312;Région Île-de-France;CP2021-229;2021-07-22;19750658700017;0750658H;SAINT LOUIS;Lycées et collèges publics;ST LOUIS 75006  REMCT DES INSTA DIST EAU CH;Affectation;ULYCDP;PLYC DEPENSES DIRECTES;REMPLACEMENT  DES INSTATLLATIONS DE DISTRIBUTION D'EAU CHAUDE COLLECTIVES;PLYC/DPBC;150000.0;150000.0;75;UAI;1.0
2021;23750007900312;Région Île-de-France;CP2021-230;2021-07-22;19920142700010;0920142E;PASTEUR;Lycées et collèges publics;92 NEUILLY PASTEUR ETUDES PR TX DE SALLES SPE BLOCS SANI ET LX DU PERS;Affectation;ULYCDP;PLYC DEPENSES DIRECTES;ETUDES POUR DES TRAVAUX SUR DES SALLES SPECIALIS2ES BLOCS SANITAIRES ET LOCAUX DES PERSONNELS;PLYC/DPM;110000.0;110000.0;92;UAI;1.0
2021;23750007900312;Région Île-de-France;CP2021-230;2021-07-22;;;;;AFFEC PROV DPM COLLE;Revalorisation;ULYCDP;PLYC DEPENSES DIRECTES;AFFECTATION PROVISIONNELLE DPM COLLEGES;PLYC/DPBC;250000.0;250000.0;non attribuable;;1.0
2021;23750007900312;Région Île-de-France;CP2021-229;2021-07-22;19940123300010;0940123Y;GUILLAUME APOLLINAIRE;Lycées et collèges publics;94 APOLINAI THIAIS TVX REAG REFEC;Revalorisation;ULYCDP;PLYC DEPENSES DIRECTES;TRAVAUX DE REAMENAGEMENT DU REFECTOIRE;PLYC/DPBC;300000.0;300000.0;94;UAI;1.0
2021;23750007900312;Région Île-de-France;CP2021-292;2021-07-22;;;;;MAC SECURITE VRD + ACCORDS-CADRES DE TRAVAUX DANS LES LYCEES FRANCILIENS;Revalorisation;ULYCDP;PLYC DEPENSES DIRECTES;;PLYC/DPBC;6000000.0;6000000.0;non attribuable;;1.0
2021;23750007900312;Région Île-de-France;CP2021-306;2021-07-22;;;;;2021 - EPI AGENTS DES LYCEES MARCHE 2021;Affectation;UPRHDP;PRH DEPENSES DIRECTES;;PRH/MAPP;325000.0;325000.0;non attribuable;;1.0
2021;23750007900312;Région Île-de-France;CP2021-229;2021-07-22;19780422200028;0780422K;FRANCOIS VILLON - LES MUREAUX;Lycées et collèges publics;78 F VILLON MUREAUX  RESTRUCT LAVERIE;Revalorisation;ULYCDP;PLYC DEPENSES DIRECTES;REFECTION D ELA LAVERIE AVEC MISE EN PLACE D'UN TRI SELECTIF;PLYC/DPBC;150000.0;150000.0;78;UAI;1.0
2021;23750007900312;Région Île-de-France;CP2021-292;2021-07-22;;;;;MAC D'ASSISTANCE M.O. + ACCORD-CADRE SUR LES ETUDES RELATIVES A LA SURETE DES LYCEES FRANCILIENS;Revalorisation;ULYCDP;PLYC DEPENSES DIRECTES;;PLYC/DPBC;1000000.0;1000000.0;non attribuable;;1.0
2021;23750007900312;Région Île-de-France;CP2021-229;2021-07-22;;;;;AFFECT PROV TRAVAUX;Revalorisation;ULYCDP;PLYC DEPENSES DIRECTES;AFFECTATIONS PROVISIONNELLES TRAVAUX;PLYC/DPBC;1000000.0;1000000.0;non attribuable;;1.0
2021;23750007900312;Région Île-de-France;CP2021-230;2021-07-22;19750683500010;0750683K;CLAUDE MONET;Lycées et collèges publics;75013 C MONET RENO TCE LOGEMENT INSALUBRE;Affectation;ULYCDP;PLYC DEPENSES DIRECTES;;PLYC/DPM;6040.0;6040.0;75;UAI;1.0
2021;23750007900312;Région Île-de-France;CP2021-230;2021-07-22;;;;;AFFECT PROV DPM LYC;Revalorisation;ULYCDP;PLYC DEPENSES DIRECTES;AFFECTATION GLOBALE DPM LYC;PLYC/DPBC;500000.0;500000.0;non attribuable;;1.0
2021;23750007900312;Région Île-de-France;CP2021-236;2021-07-22;;;;;78 SAINT CYR MANSART RESTRUCTUR;Affectation;ULYCDP;PLYC DEPENSES DIRECTES;;PLYC/DPBC;467853.0;467853.0;78;numero;1.0
2021;23750007900312;Région Île-de-France;CP2021-302;2021-07-22;;;;;Projet bio local - CP juillet 2021;Affectation;ULYCDP;PLYC DEPENSES DIRECTES;;PLYC/LLAB;250000.0;250000.0;non attribuable;;1.0
2021;23750007900312;Région Île-de-France;CP2021-230;2021-07-22;;;;;ACCORDS CADRES TVX COLLEGES;Revalorisation;ULYCDP;PLYC DEPENSES DIRECTES;ACCORDS CADRES COLLEGES TRAVAUX;PLYC/DPBC;1200000.0;1200000.0;non attribuable;;1.0
2021;23750007900312;Région Île-de-France;CP2021-229;2021-07-22;19940122500016;0940122X;CONDORCET - ST MAUR;Lycées et collèges publics;94 ST MAUR CONDORCET TX DE COUV ET ETANCH;Affectation;ULYCDP;PLYC DEPENSES DIRECTES;TRAVAUX DE COUVERTURES ET ETANCHEITE DU LYCEE TRANCHE OPTIONNELLES;PLYC/DPM;500000.0;500000.0;94;UAI;1.0
2021;23750007900312;Région Île-de-France;CP2021-229;2021-07-22;;;;;91 SAVIGNY COROT RENO DOUVES CHATEAU;Revalorisation;ULYCDP;PLYC DEPENSES DIRECTES;;PLYC/DPBC;400000.0;400000.0;91;numero;1.0
2021;23750007900312;Région Île-de-France;CP2021-236;2021-07-22;;;;;91 RIS ORANGIS LYC PIERRE MENDES FRANCE RENOVATION AVEC EXTENSION;Revalorisation;ULYCDP;PLYC DEPENSES DIRECTES;;PLYC/DPBC;31126.0;31126.0;91;numero;1.0
2021;23750007900312;Région Île-de-France;CP2021-229;2021-07-22;19782593800016;0782593V;JEAN PERRIN - ST CYR L'ECOLE;Lycées et collèges publics;78 ST CYR L ECOLE J PERRIN ETUDES PR TX REMISE EN ETAT RESILLES BOIS TERRASSES;Affectation;ULYCDP;PLYC DEPENSES DIRECTES;ETUDES POUR TRAVAUX DE REMISE EN ETAT DE LA RESILLES BOIS SUR TERRASSES SUITE SINISTRE;PLYC/DPM;46000.0;46000.0;78;UAI;1.0
2021;23750007900312;Région Île-de-France;CP2021-230;2021-07-22;;;;;93 MONTREUIL JAURES PROG2018 CREATION CDI EN RDC;Affectation;ULYCDP;PLYC DEPENSES DIRECTES;;PLYC/DPBC;1000000.0;1000000.0;93;numero;1.0
2021;23750007900312;Région Île-de-France;CP2021-231;2021-07-22;;;;;ADHESION DE LA REGION ILE DE FRANCE AU SIGEIF (SYNDICAT INTERCOMMUNAL POUR LE GAZ ET L'ELECTRICITE EN IDF;Affectation;ULYCDP;PLYC DEPENSES DIRECTES;;PLYC/DPBC;26332.0;26332.0;non attribuable;;1.0
2021;23750007900312;Région Île-de-France;CP2021-236;2021-07-22;19771027000012;0771027Y;FREDERIC JOLIOT CURIE;Lycées et collèges publics;PPI/PPR 2010-77 DAMMARIE LYCEE JOLIOT CURIE;Affectation;ULYCDP;PLYC DEPENSES DIRECTES;RESTRUCTURATION SERVICE DE RESTAURATION ET CREATION LIEUX DE VIE;PLYC/DPBC;19933.0;19933.0;77;UAI;1.0
2021;23750007900312;Région Île-de-France;CP2021-309;2021-07-22;;;;;75017 - Lyc. Fénelon - relocalisation des prépas - locaux de la CCI;Affectation;ULYCDP;PLYC DEPENSES DIRECTES;"Il s'agit d'une dépense couvrant les frais de location des locaux de la CCI 2021 :
- loyer 2021 371.166,00 € TTC (TVA 20% par précaution) 
- charges 2021 78905 (pas de TVA)";PLYC/DPBC;901142.0;901142.0;75;numero;1.0
2021;23750007900312;Région Île-de-France;CP2021-300;2021-07-22;;;;;FONDS COMMUN DE FONCTIONNEMENT 932;Revalorisation;ULYCDP;PLYC DEPENSES DIRECTES;;PLYC/DPBC;21000.0;21000.0;non attribuable;;1.0
2021;23750007900312;Région Île-de-France;CP2021-236;2021-07-22;;;;;93 NOISY LE GRAND LYC INTERNATIONAL;Affectation;ULYCDP;PLYC DEPENSES DIRECTES;;PLYC/DPBC;4800000.0;4800000.0;93;numero;1.0
2021;23750007900312;Région Île-de-France;CP2021-231;2021-07-22;;;;;99 MAINTENANCE ET FOURNITURE ELECTRICITE DANS LYCEES FRANCILIENS;Revalorisation;ULYCDP;PLYC DEPENSES DIRECTES;;PLYC/DPBC;8500000.0;8500000.0;regional;numero 99;1.0
2021;23750007900312;Région Île-de-France;CP2021-229;2021-07-22;19920163300013;0920163C;LOUIS GIRARD;Lycées et collèges publics;L GIRARD 92 MALAKOFF TX DE RESOLUT D 1 PROBLEMATIQUE DE SURCHAUFFE D UNE SALLE DE CLASSE;Revalorisation;ULYCDP;PLYC DEPENSES DIRECTES;"Travaux de résolution d'une problématique de surchauffe
de salles de classe.";PLYC/DPM;4000.0;4000.0;92;UAI;1.0
2021;23750007900312;Région Île-de-France;CP2021-236;2021-07-22;;;;;75 PARIS EREA JEAN JAURES RESTRUCTURATION PARTIELLE;Affectation;ULYCDP;PLYC DEPENSES DIRECTES;;PLYC/DPBC;500000.0;500000.0;75;numero;1.0
2021;23750007900312;Région Île-de-France;CP2021-230;2021-07-22;19750711400019;0750711R;HENRI BERGSON;Lycées et collèges publics;75019 H BERGSON TX DE RENOV DES FACADES ET REMPLT DES MENUIS EXT;Affectation;ULYCDP;PLYC DEPENSES DIRECTES;TRAVAUX DE RENOVATION DES FACADES ET REMPLACEMENT DES MENUISERIES EXTERIEURES ( TRANCHE 1/3 - FACADES COUR COLLEGE);PLYC/DPM;1250000.0;1250000.0;75;UAI;1.0
2021;23750007900312;Région Île-de-France;CP2021-236;2021-07-22;;;;;95 ERMONT LYC VAN GOGH RESTRUCTURATION DU SERVICE DE RESTAURATION;Revalorisation;ULYCDP;PLYC DEPENSES DIRECTES;CONTRAT DE MANDAT 1400110-02;PLYC/DPBC;83331.0;83331.0;95;numero;1.0
2021;23750007900312;Région Île-de-France;CP2021-230;2021-07-22;19920798600019;0920798T;RABELAIS - MEUDON;Lycées et collèges publics;92 MEUDON RABELAIS DIVERS TRAVAUX BAT SPORTIF COUV, SALLE DES ACTES ACOUS;Affectation;ULYCDP;PLYC DEPENSES DIRECTES;"DIVERS TX 
TRAVAUX SUR LE BAT SPORTIF (GYMNASES + PISCINE)
RENOV DES SANITAIRES VESTIAIRES, REMPLACEMENT DE PORTES
TX DE COUVERTURES (REFECTION DES LUCARNES)
RENO DE LA SALLE ACTE
TRAIT ACOUSTIQ";PLYC/DPM;1700000.0;1700000.0;92;UAI;1.0
2021;23750007900312;Région Île-de-France;CP2021-236;2021-07-22;;;;;AFFECTATION DEPOLLUTION VINCENNES;Désaffectation;ULYCDP;PLYC DEPENSES DIRECTES;;PLYC/DPBC;-6000000.0;-6000000.0;94;commune;1.0
2021;23750007900312;Région Île-de-France;CP2021-229;2021-07-22;;;;;91 ULIS ESSOURIAU MOE RENOV ECLAIRAGE EXTERIEUR;Affectation;ULYCDP;PLYC DEPENSES DIRECTES;;PLYC/DPBC;95000.0;95000.0;91;numero;1.0
2021;23750007900312;Région Île-de-France;CP2021-229;2021-07-22;19940138100017;0940138P;ARMAND GUILLAUMIN;Lycées et collèges publics;ARMAND GUILLAUMIN 94 ORLY REMISE EN ETAT DES SALLES COIFFURES N°103 ET 104;Désaffectation;ULYCDP;PLYC DEPENSES DIRECTES;MR 2020 : REMISE EN ETAT DES SALLES COIFFURE N°103 ET 104;PLYC/DPM;-50000.0;-50000.0;94;UAI;1.0
2021;23750007900312;Région Île-de-France;CP2021-230;2021-07-22;;;;;CONTRAT DE PRESTATIONS INTEGREES;Revalorisation;ULYCDP;PLYC DEPENSES DIRECTES;;PLYC/DPM;1199613.0;1199613.0;non attribuable;;1.0
2021;23750007900312;Région Île-de-France;CP2021-230;2021-07-22;19940124100021;0940124Z;HECTOR BERLIOZ;Lycées et collèges publics;94 VINCENNES H BERLIOZ MISE EN CONFORMITE FENETRES;Affectation;ULYCDP;PLYC DEPENSES DIRECTES;MISE EN CONFORMITE DES FENETRES SALLES DE COURS SUR L ENS DE L ETABLISSEMENT;PLYC/DPM;260000.0;260000.0;94;UAI;1.0
2021;23750007900312;Région Île-de-France;CP2021-236;2021-07-22;;;;;94 VILLENEUVE LEE ROI RECONSTRUCTION LYCEE;Revalorisation;ULYCDP;PLYC DEPENSES DIRECTES;;PLYC/DPBC;3082986.0;3082986.0;94;numero;1.0
2021;23750007900312;Région Île-de-France;CP2021-229;2021-07-22;19772229100014;0772229E;JEAN VILAR - MEAUX;Lycées et collèges publics;77 J VILAR MEAUX ETUDES PR LA RENOV ET SECUR DE 3600M² DE TOIT TERRASSE;Affectation;ULYCDP;PLYC DEPENSES DIRECTES;ETUDES POUR LA RENOVATION ET SECURISATION DE 3600M² DE TOITURE TERRASSE;PLYC/DPM;300000.0;300000.0;77;UAI;1.0
2021;23750007900312;Région Île-de-France;CP2021-229;2021-07-22;;;;;95 ARGENTEUIL JEAN JAURES CREA D UN INTERNAT;Affectation;ULYCDP;PLYC DEPENSES DIRECTES;CREATION D UN INTERNAT;PLYC/DPM;10000000.0;10000000.0;95;numero;1.0
2021;23750007900312;Région Île-de-France;CP2021-229;2021-07-22;19911946200018;0911946W;LEONARD DE VINCI - ST MICHEL;Lycées et collèges publics;91 ST MICHEL S/ORGE LDV CREA SALLE DE MUSCU;Affectation;ULYCDP;PLYC DEPENSES DIRECTES;;PLYC/DPM;500000.0;500000.0;91;UAI;1.0
2021;23750007900312;Région Île-de-France;CP2021-230;2021-07-22;19920798600019;0920798T;RABELAIS - MEUDON;Lycées et collèges publics;92 MEUDON RABELAIS ETUDES POUR LA MISE EN CONFORMITE DE LA DEMI PENSION;Affectation;ULYCDP;PLYC DEPENSES DIRECTES;OPERATION DE MISE EN CONFORMITE DANS LA DEMI-PENSION RESTRUCTURATION DES LIGNES DE SELF CR2ATION DE RESERVES SECHES AU SOUS SOL;PLYC/DPM;75000.0;75000.0;92;UAI;1.0
2021;23750007900312;Région Île-de-France;CP2021-236;2021-07-22;;;;;77 FONTAINEBLEAU LYC FRANCOIS COUPERIN EXTENSION CAPACITE ET RENOV DEMI PENSION;Revalorisation;ULYCDP;PLYC DEPENSES DIRECTES;;PLYC/DPBC;1300000.0;1300000.0;77;numero;1.0
2021;23750007900312;Région Île-de-France;CP2021-236;2021-07-22;;;;;94 VINCENNES  OPERATION DE CONSTRUCTION LYC NEUF;Affectation;ULYCDP;PLYC DEPENSES DIRECTES;;PLYC/DPBC;1461249.0;1461249.0;94;numero;1.0
2021;23750007900312;Région Île-de-France;CP2021-229;2021-07-22;19911945400015;0911945V;MARGUERITE YOURCENAR;Lycées et collèges publics;91 M YOURCENAR MORANGIS MOE RENOV DES TOITURES;Désaffectation;ULYCDP;PLYC DEPENSES DIRECTES;;PLYC/DPM;-100000.0;-100000.0;91;UAI;1.0
2021;23750007900312;Région Île-de-France;CP2021-230;2021-07-22;;;;;FONDS D URGENCE CMR;Revalorisation;ULYCDP;PLYC DEPENSES DIRECTES;FONDS URGENCE CMR;PLYC/DPBC;245000.0;245000.0;non attribuable;;1.0
2021;23750007900312;Région Île-de-France;CP2021-231;2021-07-22;;;;;INDEMNITE MARCHE AKILA;Affectation;ULYCDP;PLYC DEPENSES DIRECTES;;PLYC/DPM;148545.12;148545.12;non attribuable;;1.0
2021;23750007900312;Région Île-de-France;CP2021-231;2021-07-22;;;;;99 MAINTENANCE ET FOURNITURE DE GAZ DANS LYCEES FRANCILIENS;Revalorisation;ULYCDP;PLYC DEPENSES DIRECTES;;PLYC/DPBC;10500000.0;10500000.0;regional;numero 99;1.0
2021;23750007900312;Région Île-de-France;CP2021-236;2021-07-22;;;;;95 VILLIERS LE BEL LYCEE PIERRE MENDES FRANCE EXTENSION DU LYCEE;Revalorisation;ULYCDP;PLYC DEPENSES DIRECTES;CONTRAT DE MANDAT SAERP;PLYC/DPBC;880000.0;880000.0;95;numero;1.0
2021;23750007900312;Région Île-de-France;CP2021-300;2021-07-22;;;;;FONDS COMMUN DE FONCTIONNEMENT 932;Désaffectation;ULYCDP;PLYC DEPENSES DIRECTES;;PLYC/DPBC;-21000.0;-21000.0;non attribuable;;1.0
2021;23750007900312;Région Île-de-France;CP2021-229;2021-07-22;19951763200014;0951763A;LOUIS JOUVET;Lycées et collèges publics;95 TAVERNY L JOUVET RENOV TOITURES;Affectation;ULYCDP;PLYC DEPENSES DIRECTES;RENOVATION DES TOITURES;PLYC/DPM;100000.0;100000.0;95;UAI;1.0
2021;23750007900312;Région Île-de-France;CP2021-229;2021-07-22;;;;;AFFECT ACC CADRE 2021 TVX;Revalorisation;ULYCDP;PLYC DEPENSES DIRECTES;ACCORDS CADRE TRAVAUX DPM (25,000° ET DO (2,500);PLYC/DPBC;20000000.0;20000000.0;non attribuable;;1.0
2021;23750007900312;Région Île-de-France;CP2021-265;2021-07-22;;;;;MAINTENANCE INFORMATIQUE EPLE;Revalorisation;ULYCDP;PLYC DEPENSES DIRECTES;;PLYC/DAGE;750000.0;750000.0;non attribuable;;1.0
2021;23750007900312;Région Île-de-France;CP2021-229;2021-07-22;;;;;INVESTISSEMENT MAINTENANCE GR PROG2019/2020/2021 CPI;Revalorisation;ULYCDP;PLYC DEPENSES DIRECTES;;PLYC/DPBC;6576415.0;6576415.0;non attribuable;;1.0
2021;23750007900312;Région Île-de-France;CP2021-250;2021-05-12;;;;;SUPPORTS NUMERIQUES;Affectation;ULYCDP;PLYC DEPENSES DIRECTES;"ACHATS SUPPLEMENTAIRES D'ORDINATEURS POUR LES 2 DNES;";PLYC/DPBC;12884000.0;12884000.0;non attribuable;;1.0
2021;23750007900312;Région Île-de-France;CP2021-168;2021-04-01;;;;;AFFECT ACC CADRE 2021 TVX;Revalorisation;ULYCDP;PLYC DEPENSES DIRECTES;ACCORDS CADRE TRAVAUX DPM (25,000° ET DO (2,500);PLYC/DPBC;15000000.0;15000000.0;non attribuable;;1.0
2021;23750007900312;Région Île-de-France;CP2021-135;2021-04-01;;;;;AFFECTATION PROVISIONNELLE ETUDES DO;Affectation;ULYCDP;PLYC DEPENSES DIRECTES;;PLYC/DPBC;2784774.0;2784774.0;non attribuable;;1.0
2021;23750007900312;Région Île-de-France;CP2021-163;2021-04-01;;;;;appels decrocheur;Affectation;ULYCDP;PLYC DEPENSES DIRECTES;;PLYC/DPBC;180000.0;180000.0;non attribuable;;1.0
2021;23750007900312;Région Île-de-France;CP2021-170;2021-04-01;19750690000012;0750690T;FRANCOIS VILLON - PARIS;Lycées et collèges publics;75014 F VILLON LOCATION DE BD;Désaffectation;ULYCDP;PLYC DEPENSES DIRECTES;PROLONGATION DE LOCATION DE BD POUR ACCUEILLIR LE PIL EN ATTENDANT LA FIN DES TRAVAUX;PLYC/DPM;-200000.0;-200000.0;75;UAI;1.0
2021;23750007900312;Région Île-de-France;CP2021-170;2021-04-01;;;;;EXPLOITATION OPE DE CONCEPTION REALISATION LIEE A LA RENOV THERMIQUE 91 LES ULIS LYC L'ESSOURIAU;Affectation;ULYCDP;PLYC DEPENSES DIRECTES;SAERP - CONTRAT DE MANDAT N°1400804;PLYC/DPBC;50276.0;50276.0;91;numero interne;1.0
2021;23750007900312;Région Île-de-France;CP2021-168;2021-04-01;19921555900014;0921555R;JACQUES MONOD - CLAMART;Lycées et collèges publics;92 CLAMART J MONOD ETUDES RESTRUCTURATION PARTIELLE DES LOCAUX;Affectation;ULYCDP;PLYC DEPENSES DIRECTES;ETUDS SUITE A L AUGMENTATION DES EFFECTIFS DU LYCEE RESTRUCTURATION PARTIELLE DES LOCAUX;PLYC/DPM;220000.0;220000.0;92;UAI;1.0
2021;23750007900312;Région Île-de-France;CP2021-170;2021-04-01;;;;;99 MAINTENANCE ET FOURNITURE ELECTRICITE DANS LYCEES FRANCILIENS;Revalorisation;ULYCDP;PLYC DEPENSES DIRECTES;;PLYC/DPBC;5400000.0;5400000.0;regional;numero 99;1.0
2021;23750007900312;Région Île-de-France;CP2021-168;2021-04-01;19921555900014;0921555R;JACQUES MONOD - CLAMART;Lycées et collèges publics;92 CLAMART J MONOD TRAVAUX RESTRUCTURATION PARTIELLE DES LOCAUX;Affectation;ULYCDP;PLYC DEPENSES DIRECTES;TRAVAUX SUITE A L AUGMENTATION DES EFFECTIFS DU LYCEE RESTRUCTURATION PARTIELLE DES LOCAUX;PLYC/DPM;2200000.0;2200000.0;92;UAI;1.0
2021;23750007900312;Région Île-de-France;CP2021-191;2021-04-01;;;;;MAC MOBILIER SCOLAIRE CMR;Revalorisation;ULYCDP;PLYC DEPENSES DIRECTES;;PLYC/DAGE;422000.0;422000.0;non attribuable;;1.0
2021;23750007900312;Région Île-de-France;CP2021-169;2021-04-01;19750648800018;0750648X;VICTOR HUGO;Lycées et collèges publics;75003 V HUGO TX DE RENOV ET DE REMPLACEMT DS MENUISERIES EXT DU CDI DU SITE SEVIGNE;Affectation;ULYCDP;PLYC DEPENSES DIRECTES;SUITE AVP VALIDE : TRAVAUX DE RENOVATION ET DE REMPLACEMENT DES MENUISERIES EXTERIEURES DU CDI DU SITE SEVIGNE;PLYC/DPM;300000.0;300000.0;75;UAI;1.0
2021;23750007900312;Région Île-de-France;CP2021-188;2021-04-01;;;;;MAC D'ASSISTANCE M.O. + ACCORD-CADRE SUR LES ETUDES RELATIVES A LA SURETE DES LYCEES FRANCILIENS;Revalorisation;ULYCDP;PLYC DEPENSES DIRECTES;;PLYC/DPBC;740000.0;740000.0;non attribuable;;1.0
2021;23750007900312;Région Île-de-France;CP2021-188;2021-04-01;;;;;MAC SECURITE VRD + ACCORDS-CADRES DE TRAVAUX DANS LES LYCEES FRANCILIENS;Revalorisation;ULYCDP;PLYC DEPENSES DIRECTES;;PLYC/DPBC;3380000.0;3380000.0;non attribuable;;1.0
2021;23750007900312;Région Île-de-France;CP2021-169;2021-04-01;19920146800014;0920146J;MARIE CURIE - SCEAUX;Lycées et collèges publics;92 SCEAUX MARIE CURIE ETUDE POUR LA RENOVATION DES CAGES D ESC 1 ET 2;Affectation;ULYCDP;PLYC DEPENSES DIRECTES;;PLYC/DPM;10000.0;10000.0;92;UAI;1.0
2021;23750007900312;Région Île-de-France;CP2021-168;2021-04-01;19911353100016;0911353B;JEAN ISOARD;Lycées et collèges publics;91 MONTGERON J ISOARD TX DE REF DES TOITURES DU GYMNASE;Affectation;ULYCDP;PLYC DEPENSES DIRECTES;TRAVAUX DE REFECTION DES TOITURES DU GYMNASE;PLYC/DPM;330000.0;330000.0;91;UAI;1.0
2021;23750007900312;Région Île-de-France;CP2021-170;2021-04-01;;;;;ACCES INTERNET THD CMR;Revalorisation;ULYCDP;PLYC DEPENSES DIRECTES;ACCES INTERNET THD CMR;PLYC/DPBC;10000.0;10000.0;non attribuable;;1.0
2021;23750007900312;Région Île-de-France;CP2021-168;2021-04-01;19781819800016;0781819D;EMILIE DE BRETEUIL;Lycées et collèges publics;78 E BRETEUIL MONTI RENOV TOIT;Revalorisation;ULYCDP;PLYC DEPENSES DIRECTES;RENOVATION DES TOITURES BAT GENERAL ET TECHNIQUE;PLYC/DPBC;450000.0;450000.0;78;UAI;1.0
2021;23750007900312;Région Île-de-France;CP2021-135;2021-04-01;;;;;91 RIS ORANGIS LYC PIERRE MENDES FRANCE RENOVATION AVEC EXTENSION;Revalorisation;ULYCDP;PLYC DEPENSES DIRECTES;;PLYC/DPBC;21045.0;21045.0;91;numero;1.0
2021;23750007900312;Région Île-de-France;CP2021-168;2021-04-01;19780273900015;0780273Y;LOUIS BLERIOT - TRAPPES;Lycées et collèges publics;78 BLERIOT TRAP TRAVX DEMI P;Revalorisation;ULYCDP;PLYC DEPENSES DIRECTES;TRAVAUX DE MESURES CONSERVATOIRES OUR LA DEM IPENSION;PLYC/DPBC;50000.0;50000.0;78;UAI;1.0
2021;23750007900312;Région Île-de-France;CP2021-168;2021-04-01;19921230900025;0921230M;LEONARD DE VINCI - LEVALLOIS-P;Lycées et collèges publics;VINCI LEVALLOIS 92 TVX REAGT LAVERIE;Affectation;ULYCDP;PLYC DEPENSES DIRECTES;TRAVAUX DE REAMENAGEMENT DE LA LAVERIE AVEC REMPLACEMENT DU LAVE-VAISSELLE;PLYC/DPBC;30000.0;30000.0;92;UAI;1.0
2021;23750007900312;Région Île-de-France;CP2021-191;2021-04-01;;;;;MAC VEHICULE UTILITAIRE CMR;Affectation;ULYCDP;PLYC DEPENSES DIRECTES;;PLYC/DAGE;40000.0;40000.0;non attribuable;;1.0
2021;23750007900312;Région Île-de-France;CP2021-170;2021-04-01;;;;;EXPLOIT.OP.DE CONCEPTION REALISATION LIEE A LA RENOVATION THERMIQUE 95 PONTOISE GALILEE;Affectation;ULYCDP;PLYC DEPENSES DIRECTES;SAERP - CONTRAT DE MANDAT N°1400295;PLYC/DPBC;55402.0;55402.0;95;numero interne;1.0
2021;23750007900312;Région Île-de-France;CP2021-168;2021-04-01;19750660300012;0750660K;FENELON - PARIS;Lycées et collèges publics;75006 FENELON CONV ENTRE COLLECT PR ASSISTANCE MAITRISE D OUVRAGE;Affectation;ULYCDP;PLYC DEPENSES DIRECTES;CONVENTION ENTRE COLLECTIVITES PUBLIQUES (CTBS CEREMA ET RIDF ) POUR L ASSISTANCE DE MAITRISE D OUVRAGE CONCERNANT LES DESORDRES STRUCTURELLES DE L ETABLISSEMENT;PLYC/DPM;100000.0;100000.0;75;UAI;1.0
2021;23750007900312;Région Île-de-France;CP2021-169;2021-04-01;19930116900017;0930116W;HENRI WALLON;Lycées et collèges publics;93 AUBERVILLIERS H WALLON TX DE FOURNIT ET POSE  CLOISON AMOVIBLE;Affectation;ULYCDP;PLYC DEPENSES DIRECTES;TRAVAUX DE FOURNITURE ET POSE D UNE CLOISON AMOVIBLE ENTRE SALLE A008 ET LA SALLE DE PERMANENCE;PLYC/DPM;70000.0;70000.0;93;UAI;1.0
2021;23750007900312;Région Île-de-France;CP2021-191;2021-04-01;;;;;MAINTENANCE INFORMATIQUE EPLE;Revalorisation;ULYCDP;PLYC DEPENSES DIRECTES;;PLYC/DAGE;1060000.0;1060000.0;non attribuable;;1.0
2021;23750007900312;Région Île-de-France;CP2021-168;2021-04-01;19750658700017;0750658H;SAINT LOUIS;Lycées et collèges publics;75006 ST LOUIS REMPLACEMENTS DE DEUX MONTES CHARGES ET RENOV D UNE CAGE D ESC;Affectation;ULYCDP;PLYC DEPENSES DIRECTES;REMPLACEMENT DE DEUX MONTES CHARGES ET RENOVATION D UNE CAGE D ESCALIER;PLYC/DPM;290000.0;290000.0;75;UAI;1.0
2021;23750007900312;Région Île-de-France;CP2021-163;2021-04-01;;;;;ORIANE.INFO;Affectation;ULYCDP;PLYC DEPENSES DIRECTES;AIDE A LA MAITRISE D'OUVRAGE POUR LA MODERNISATION DU PORTAIL ORIANE;PLYC/DPBC;50000.0;50000.0;non attribuable;;1.0
2021;23750007900312;Région Île-de-France;CP2021-168;2021-04-01;19921230900025;0921230M;LEONARD DE VINCI - LEVALLOIS-P;Lycées et collèges publics;92 LEVALLOIS LDV ETUDE POUR LA RENOVATION DES ASCENSEURS;Affectation;ULYCDP;PLYC DEPENSES DIRECTES;ETUDE POUR LA RENOVATION DES ASCENSEURS;PLYC/DPM;50000.0;50000.0;92;UAI;1.0
2021;23750007900312;Région Île-de-France;CP2021-169;2021-04-01;19920146800014;0920146J;MARIE CURIE - SCEAUX;Lycées et collèges publics;92 SCEAUX MARIE CURIE ETUDE POUR RENOVATION DE LA LAVERIE DE LA 1/2 PENSION;Affectation;ULYCDP;PLYC DEPENSES DIRECTES;ETUDE POUR RENOVATION DE LA LAVERIE DE LA 1/2 PENSION;PLYC/DPM;35000.0;35000.0;92;UAI;1.0
2021;23750007900312;Région Île-de-France;CP2021-135;2021-04-01;;;;;78 SARTROUVILLE LYCEE EVARISTE GALOIS RENOVATION GLOBALE;Affectation;ULYCDP;PLYC DEPENSES DIRECTES;"CONTRAT DE MANDAT PPI SEPTEMBRE 2019
ILE DE FRANCE CONSTRUCTION DURABLE";PLYC/DPBC;1911873.0;1911873.0;78;numero;1.0
2021;23750007900312;Région Île-de-France;CP2021-169;2021-04-01;19940117500013;0940117S;EDOUARD BRANLY - NOGENT;Lycées et collèges publics;94 NOGENT E BRANLY TX DE MISE ACCESS LOGEMENT DE FONCTION PROV;Affectation;ULYCDP;PLYC DEPENSES DIRECTES;;PLYC/DPM;70000.0;70000.0;94;UAI;1.0
2021;23750007900312;Région Île-de-France;CP2021-169;2021-04-01;19920146800014;0920146J;MARIE CURIE - SCEAUX;Lycées et collèges publics;92 SCEAUX MARIE CURIE TX POUR LA RENOV CAGES D ESC 1 ET 2;Affectation;ULYCDP;PLYC DEPENSES DIRECTES;TRAVAUX DE RENOVATION DES CAGES D ESCALIERS N°1 ET 2;PLYC/DPM;90000.0;90000.0;92;UAI;1.0
2021;23750007900312;Région Île-de-France;CP2021-169;2021-04-01;;;;;75 P BERT PG2018 TRVX RESTRUCTURATION CUISINE ET REFECTPOIRE;Affectation;ULYCDP;PLYC DEPENSES DIRECTES;;PLYC/DPBC;65000.0;65000.0;75;numero;1.0
2021;23750007900312;Région Île-de-France;CP2021-168;2021-04-01;;;;;91 SAVIGNY COROT RENO DOUVES CHATEAU;Affectation;ULYCDP;PLYC DEPENSES DIRECTES;;PLYC/DPBC;1300000.0;1300000.0;91;numero;1.0
2021;23750007900312;Région Île-de-France;CP2021-168;2021-04-01;;;;;MAC BATIMENTS DEMONTABLES;Revalorisation;ULYCDP;PLYC DEPENSES DIRECTES;MARCHES BATIMENTS DEMONTABLES;PLYC/DPBC;5000000.0;5000000.0;non attribuable;;1.0
2021;23750007900312;Région Île-de-France;CP2021-191;2021-04-01;;;;;MAC MOBILIER SCOLAIRE EPLE;Revalorisation;ULYCDP;PLYC DEPENSES DIRECTES;;PLYC/DAGE;3797591.0;3797591.0;non attribuable;;1.0
2021;23750007900312;Région Île-de-France;CP2021-182;2021-04-01;20009537000017;0932783V;LYCEE NEUF DE PIERREFITTE SUR SEINE;Lycées et collèges publics;DGFL 2021;Affectation;ULYCDP;PLYC DEPENSES DIRECTES;;PLYC/DPBC;11122.0;11122.0;93;UAI;1.0
2021;23750007900312;Région Île-de-France;CP2021-169;2021-04-01;19920145000012;0920145H;LYCEE LAKANAL;Lycées et collèges publics;92 SCEAUX LAKANAL TX DE RENOV CAGES D ESC SALLES DE CLASSES ET CIRCULATIONS;Affectation;ULYCDP;PLYC DEPENSES DIRECTES;TRAVAUX DE RENOVATION DE CAGES D ESCALIER, SALLES DE CLASSES ET CIRCULATIONS INCLUS DEMENAGEMENTS;PLYC/DPM;715500.0;715500.0;92;UAI;1.0
2021;23750007900312;Région Île-de-France;CP2021-170;2021-04-01;19750685000019;0750685M;LYCEE TECHNOLOGIQUE PIERRE GILLES DE GENNES;Lycées et collèges publics;75013 PIERRE GILLES DE GENNES MISE EN PLACE DU MARCHE DE SECURITE INCENDIE;Affectation;ULYCDP;PLYC DEPENSES DIRECTES;NOUVEAU MARCHE POUR LA CONTINUITE DU SERVICE PERMANENT DE SECURITE INCENDIE;PLYC/DPM;2880000.0;2880000.0;75;UAI;1.0
2021;23750007900312;Région Île-de-France;CP2021-135;2021-04-01;19931609200014;0932291K;NICOLAS JOSEPH CUGNOT;Lycées et collèges publics;93 NEUILLY CUGNOT RG RESTRUCT GLOBALE;Revalorisation;ULYCDP;PLYC DEPENSES DIRECTES;;PLYC/DPBC;12500000.0;12500000.0;93;UAI;1.0
2021;23750007900312;Région Île-de-France;CP2021-168;2021-04-01;51370496500013;;ETTORE LAIN;Artisans et professions libérales;AUFFRAY CLICHY 92 TVX REAMGT LAVERIE;Affectation;ULYCDP;PLYC DEPENSES DIRECTES;TRAVAUX DE REAMENAGEMENT DE LA LAVERIE AVEC REMPLACEMENT DU LAVE-VAISSELLE;PLYC/DPBC;40000.0;40000.0;92;numero interne;1.0
2021;23750007900312;Région Île-de-France;CP2021-169;2021-04-01;19931737100011;0932122B;D'ALEMBERT - AUBERVILLIERS;Lycées et collèges publics;93 AUBERVILLIERS ALEMBERT ETUDES REPRISE DE LA FACADE VITREE;Affectation;ULYCDP;PLYC DEPENSES DIRECTES;ETUDES POUR LA REPRISE DE LA FACADE VITREE NON ETANCHE DU PREAU PARTIE COLLEGE;PLYC/DPM;10000.0;10000.0;93;UAI;1.0
2021;23750007900312;Région Île-de-France;CP2021-191;2021-04-01;;;;;MAC VEHICULE UTILITAIRE EPLE;Affectation;ULYCDP;PLYC DEPENSES DIRECTES;;PLYC/DAGE;200000.0;200000.0;non attribuable;;1.0
2021;23750007900312;Région Île-de-France;CP2021-168;2021-04-01;;;;;ACCORDS CADRES ETUDES EPLE;Revalorisation;ULYCDP;PLYC DEPENSES DIRECTES;ACCORDS CADRES ETUDES EPLE;PLYC/DPBC;2500000.0;2500000.0;non attribuable;;1.0
2021;23750007900312;Région Île-de-France;CP2021-168;2021-04-01;19930830500010;0930830X;ALBERT SCHWEITZER;Lycées et collèges publics;93 LE RAINCY A SCHWEITZER TX DE DEM/RECONSTRUC DE L AUVENT;Affectation;ULYCDP;PLYC DEPENSES DIRECTES;TRAVAUX DE DEMOLITION/RECONSTRUCTION DE L AUVENT AU DROIT DE L ENTREE PRINCIPALE;PLYC/DPM;400000.0;400000.0;93;UAI;1.0
2021;23750007900312;Région Île-de-France;CP2021-168;2021-04-01;;;;;77 DAMMARIE CURIE REFECTION TOITURE BAT F ATELIERS;Affectation;ULYCDP;PLYC DEPENSES DIRECTES;;PLYC/DPBC;1000000.0;1000000.0;77;numero;1.0
2021;23750007900312;Région Île-de-France;CP2021-163;2021-04-01;;;;;ASSISES REGIONALES DECROCHAGE;Affectation;ULYCDP;PLYC DEPENSES DIRECTES;;PLYC/DPBC;30000.0;30000.0;non attribuable;;1.0
2021;23750007900312;Région Île-de-France;CP2021-168;2021-04-01;19950649400012;0950649P;CAMILLE PISSARRO;Lycées et collèges publics;95 PONTOISE C PISSARRO TX REMISE EN ETAT DU PLATEAU SPORTIF;Affectation;ULYCDP;PLYC DEPENSES DIRECTES;TRAVAUX DE REMISE EN ETAT DU PLATEAU SPORTIF DEVENU ACCIDENTOGENE;PLYC/DPM;280000.0;280000.0;95;UAI;1.0
2021;23750007900312;Région Île-de-France;CP2021-163;2021-04-01;;;;;MARCHE MEMORIAL DE CAEN;Affectation;ULYCDP;PLYC DEPENSES DIRECTES;;PLYC/DPBC;49000.0;49000.0;non attribuable;;1.0
2021;23750007900312;Région Île-de-France;CP2021-168;2021-04-01;19921555900014;0921555R;JACQUES MONOD - CLAMART;Lycées et collèges publics;92 CLAMART J MONOD TX DE REAMENAGEMENT DS ACCES;Affectation;ULYCDP;PLYC DEPENSES DIRECTES;TRAVAUX DE REAMENAGEMENT DES ACCES;PLYC/DPM;760000.0;760000.0;92;UAI;1.0
2021;23750007900312;Région Île-de-France;CP2021-168;2021-04-01;19940120900010;0940120V;MARCELIN BERTHELOT - ST MAUR;Lycées et collèges publics;94 ST MAUR M BERTHELOT TX DE COUV ET ETANCH TRANCHES OPTIONNELLES;Affectation;ULYCDP;PLYC DEPENSES DIRECTES;TRAVAUX DE COUVERTURE ET ETANCHEITE DU LYCEE - TRANCHES OPTIONNELLES;PLYC/DPM;600000.0;600000.0;94;UAI;1.0
2021;23750007900312;Région Île-de-France;CP2021-168;2021-04-01;;;;;77 MEAUX MOISSAN TRVX AMELIOR ENERGETIQ;Affectation;ULYCDP;PLYC DEPENSES DIRECTES;;PLYC/DPBC;300000.0;300000.0;77;numero;1.0
2021;23750007900312;Région Île-de-France;CP2021-169;2021-04-01;;;;;75015 C.SEE TVX PURGES ET REST PRG 2019;Affectation;ULYCDP;PLYC DEPENSES DIRECTES;PROG 2019 - MO POUR DES TRAVAUX DE PURGES ET RESTAURATION DE FACADES;PLYC/DPBC;100000.0;100000.0;75;numero;1.0
2021;23750007900312;Région Île-de-France;CP2021-170;2021-04-01;;;;;ACCES INTERNET THD;Revalorisation;ULYCDP;PLYC DEPENSES DIRECTES;ACCES INTERNET THD;PLYC/DPBC;70000.0;70000.0;non attribuable;;1.0
2021;23750007900312;Région Île-de-France;CP2021-182;2021-04-01;20009541200017;0912433A;LYCEE NEUF DE PALAISEAU;Lycées et collèges publics;DGFL 2021;Affectation;ULYCDP;PLYC DEPENSES DIRECTES;;PLYC/DPBC;20744.0;20744.0;91;UAI;1.0
2021;23750007900312;Région Île-de-France;CP2021-135;2021-04-01;;;;;93 LIVRY GARGAN LYCEE HENRI SELLIER EXTENSION;Affectation;ULYCDP;PLYC DEPENSES DIRECTES;"CONTRAT DE MANDAT PPI SEPT 19
Modification du programme pour réaliser les travaux en marché public global de performance (CP 2019-513 du 20/11/19)";PLYC/DPBC;22750000.0;22750000.0;93;numero;1.0
2021;23750007900312;Région Île-de-France;CP2021-135;2021-04-01;;;;;95 ERMONT LYC VAN GOGH RESTRUCTURATION DU SERVICE DE RESTAURATION;Affectation;ULYCDP;PLYC DEPENSES DIRECTES;CONTRAT DE MANDAT 1400110-02;PLYC/DPBC;151786.0;151786.0;95;numero;1.0
2021;23750007900312;Région Île-de-France;CP2021-168;2021-04-01;19750660300012;0750660K;FENELON - PARIS;Lycées et collèges publics;75006 FENELON REFONDATION DU BATIMENT PRINCIPAL CONV MANDAT IDFCD;Affectation;ULYCDP;PLYC DEPENSES DIRECTES;TRAVAUX DE REPRISE EN SOUS OEUVRE DES VOUTES EN PIERRE ET TRAITEMENT DES FA9ADES IMPACTEES SUITE A UN AFFAISSEMENT REPRISE DES FONDATIONS;PLYC/DPM;5000000.0;5000000.0;75;UAI;1.0
2021;23750007900312;Région Île-de-France;CP2021-135;2021-04-01;;;;;93 LE BOURGET LYCEE GERMAINE TILLON;Affectation;ULYCDP;PLYC DEPENSES DIRECTES;;PLYC/DPBC;35322.0;35322.0;93;numero;1.0
2021;23750007900312;Région Île-de-France;CP2021-168;2021-04-01;19750691800048;0750691U;RASPAIL;Lycées et collèges publics;75014 RASPAIL MOE REF DE LAMPHITHEATRE, CDI, SALLES, WC ET ESC;Affectation;ULYCDP;PLYC DEPENSES DIRECTES;MOE REFECTION DE L'AMPHITHEATRE (RDC et 1ER ETAGE BAT B) DU CDI, SALLES 211 A 217 (2EME ETAGE BAT B) LE REMPLACEMENT DE 6 WC a LA TURQUE DU RDC, RDJ, 1ER, 2EME, 3,4 (BAT C) ET LA REFECTION DE L esc;PLYC/DPM;80000.0;80000.0;75;UAI;1.0
2021;23750007900312;Région Île-de-France;CP2021-168;2021-04-01;;;;;INVESTISSEMENT MAINTENANCE GR PROG2019/2020/2021 CPI;Affectation;ULYCDP;PLYC DEPENSES DIRECTES;;PLYC/DPBC;6468405.0;6468405.0;non attribuable;;1.0
2021;23750007900312;Région Île-de-France;CP2021-168;2021-04-01;;;;;RENOVATION THERMIQUE DU PPI TOITS FACADES;Affectation;ULYCDP;PLYC DEPENSES DIRECTES;;PLYC/DPM;20000000.0;20000000.0;non attribuable;;1.0
2021;23750007900312;Région Île-de-France;CP2021-C12;2021-04-01;;;;;FONDS SANITAIRE COVID;Affectation;ULYCDP;PLYC DEPENSES DIRECTES;FONDS COVID 2021;PLYC/DPBC;3000000.0;3000000.0;non attribuable;;1.0
2021;23750007900312;Région Île-de-France;CP2021-168;2021-04-01;19911945400015;0911945V;MARGUERITE YOURCENAR;Lycées et collèges publics;91 MORANGIS M YOURCENAR TX DE REF DE L ETANCH TRANCHE OPTIONNELLE;Affectation;ULYCDP;PLYC DEPENSES DIRECTES;TRAVAUX DE REFECTION DE L ETANCHEITE - TRANCHE OPTIONNELLE;PLYC/DPM;700000.0;700000.0;91;UAI;1.0
2021;23750007900312;Région Île-de-France;CP2021-160;2021-04-01;;;;;PARC AUTOMOBILE DES LYCEES;Affectation;ULYCDP;PLYC DEPENSES DIRECTES;PARC AUTOMOBILE DES LYCEES VIA LA CENTRALE D'ACHATS;PLYC/DPBC;2212000.0;2212000.0;non attribuable;;1.0
2021;23750007900312;Région Île-de-France;CP2021-168;2021-04-01;19770933000017;0770933W;JACQUES AMYOT;Lycées et collèges publics;77 MELUN J AMYOT TX POUR LA REFECTION DES VESTIAIRES DU GYMNASE;Affectation;ULYCDP;PLYC DEPENSES DIRECTES;TRAVAUX POUR LA REFECTION DES VESTIAIRES DU GYMNASE;PLYC/DPM;650000.0;650000.0;77;UAI;1.0
2021;23750007900312;Région Île-de-France;CP2021-168;2021-04-01;19780515300016;0780515L;LES SEPT MARES;Lycées et collèges publics;78 MAUREPAS SEPT MARES REFECTION DE L ENS DEES TERRASSES;Affectation;ULYCDP;PLYC DEPENSES DIRECTES;REFECTION DE L ENSEMBLE DES TERRASSES;PLYC/DPM;1300000.0;1300000.0;78;UAI;1.0
2021;23750007900312;Région Île-de-France;CP2021-169;2021-04-01;19920146800014;0920146J;MARIE CURIE - SCEAUX;Lycées et collèges publics;92 SCEAUX MARIE CURIE TX DE RENOV DE LA LAVERIE DE LA DEMI PENSION;Affectation;ULYCDP;PLYC DEPENSES DIRECTES;TRAVAUX DE RENOVATION DE LA LAVERIE DE LA DEMI PENSION;PLYC/DPM;315000.0;315000.0;92;UAI;1.0
2021;23750007900312;Région Île-de-France;CP2021-170;2021-04-01;;;;;99 MAINTENANCE ET FOURNITURE DE GAZ DANS LYCEES FRANCILIENS;Revalorisation;ULYCDP;PLYC DEPENSES DIRECTES;;PLYC/DPBC;5400000.0;5400000.0;regional;numero 99;1.0
2021;23750007900312;Région Île-de-France;CP2021-135;2021-04-01;;;;;78 MANTES LA VILLE LYCEE CLAUDEL EXTENSION CAPACITE;Affectation;ULYCDP;PLYC DEPENSES DIRECTES;"CONVENTION DE MANDAT
EXTENSION DE CAPACITE";PLYC/DPBC;6545000.0;6545000.0;78;numero;1.0
2021;23750007900312;Région Île-de-France;CP2021-168;2021-04-01;19941952400012;0941952L;FRANCOIS ARAGO;Lycées et collèges publics;94 VILLENEUVE ST GEORGES F ARAGO TX DE REFECTION DE LA TOITURE DU HALL ET DU BAT E;Affectation;ULYCDP;PLYC DEPENSES DIRECTES;TRAVAUX DE REFECTION DE LA TOITURE DU HALL ET DU BATIMENT E;PLYC/DPM;800000.0;800000.0;94;UAI;1.0
2021;23750007900312;Région Île-de-France;CP2021-168;2021-04-01;;;;;CONV 17MANHAN A3 OUEST 12 LYCEES PPI;Affectation;ULYCDP;PLYC DEPENSES DIRECTES;"CONV 17 MAN HAN A3 OUEST
SAERP";PLYC/DPBC;11000000.0;11000000.0;non attribuable;;1.0
2021;23750007900312;Région Île-de-France;CP2021-163;2021-04-01;;;;;ONISEP;Affectation;ULYCDP;PLYC DEPENSES DIRECTES;ONISEP CARTNET D ADRESSES DE L'OFFRE E FORMATION POST 3EME;PLYC/DPBC;8640.2;8640.2;non attribuable;;1.0
2021;23750007900312;Région Île-de-France;CP2021-169;2021-04-01;;;;;ACCORDS CADRE ETUDES DPM LYC;Revalorisation;ULYCDP;PLYC DEPENSES DIRECTES;ACCORDS CADRE PDM COLLEGE ETUDES;PLYC/DPBC;210000.0;210000.0;non attribuable;;1.0
2021;23750007900312;Région Île-de-France;CP2021-169;2021-04-01;;;;;AFFECT BD CMR PART COLLEGES;Affectation;ULYCDP;PLYC DEPENSES DIRECTES;;PLYC/DPM;5000.0;5000.0;non attribuable;;1.0
2021;23750007900312;Région Île-de-France;CP2021-168;2021-04-01;19931430300017;0931430Z;JACQUES BREL - LA COURNEUVE;Lycées et collèges publics;93 LA COURNEUVE J BREL TX DE RENOV DES SANITAIRES F ET G;Affectation;ULYCDP;PLYC DEPENSES DIRECTES;TRAVAUX DE RENOVATION DES SANITAIRES FILLES ET GARCONS;PLYC/DPM;240000.0;240000.0;93;UAI;1.0
2021;23750007900312;Région Île-de-France;CP2021-169;2021-04-01;19920146800014;0920146J;MARIE CURIE - SCEAUX;Lycées et collèges publics;92 SCEAUX MARIE CURIE RENOV SALLES CLASSES;Affectation;ULYCDP;PLYC DEPENSES DIRECTES;RENOVATION DE SALLES DE CLASSES (2, 5, 9, 11, 127, 129, DU COULOIR 3EME ETAGE PAIR ET DU COULOIR CDI);PLYC/DPM;180000.0;180000.0;92;UAI;1.0
2021;23750007900312;Région Île-de-France;CP2021-135;2021-04-01;;;;;94 VILLENEUVE LEE ROI RECONSTRUCTION LYCEE;Affectation;ULYCDP;PLYC DEPENSES DIRECTES;;PLYC/DPBC;86433.0;86433.0;94;numero;1.0
2021;23750007900312;Région Île-de-France;CP2021-168;2021-04-01;19771940400018;0771940R;SIMONE VEIL - NOISIEL;Lycées et collèges publics;77 NOISIEL G D NERVAL TX DE REFECTION TOTALE DE L ETANCH DU LYCEE;Affectation;ULYCDP;PLYC DEPENSES DIRECTES;TRAVAUX REFECTION TOTALE DE L ETANCHEITE DU LYCEE;PLYC/DPM;950000.0;950000.0;77;UAI;1.0
2021;23750007900312;Région Île-de-France;CP2021-135;2021-04-01;;;;;93 EPINAY L MICHEL RESTRUCTURATION ENSEMBLE;Désaffectation;ULYCDP;PLYC DEPENSES DIRECTES;;PLYC/DPBC;-800000.0;-800000.0;93;numero;1.0
2021;23750007900312;Région Île-de-France;CP2021-169;2021-04-01;19750657900014;0750657G;MONTAIGNE;Lycées et collèges publics;75006 MONTAIGNE REFECTION COMPLETE DE LA COUR INTERIEURE;Affectation;ULYCDP;PLYC DEPENSES DIRECTES;REFECTION COMPLETE DE LA COUR INTERIEURE;PLYC/DPM;780000.0;780000.0;75;UAI;1.0
2021;23750007900312;Région Île-de-France;CP2021-168;2021-04-01;19920166600013;0920166F;VASSILY KANDINSKY;Lycées et collèges publics;92 NEUILLY SUR SEINE V KANDINSKY TX INSTALLAT DE PROTEC MECA DES PAROIS VERT;Affectation;ULYCDP;PLYC DEPENSES DIRECTES;TRAVAUX D INSTALLATION DE PROTECTIONS MECANIQUES DES PAROIS VERTICALES DU COULOIR DU 2EME ETAGE;PLYC/DPM;50000.0;50000.0;92;UAI;1.0
2021;23750007900312;Région Île-de-France;CP2021-169;2021-04-01;;;;;AFFECT PROV DPM LYC;Revalorisation;ULYCDP;PLYC DEPENSES DIRECTES;AFFECTATION GLOBALE DPM LYC;PLYC/DPBC;500000.0;500000.0;non attribuable;;1.0
2021;23750007900312;Région Île-de-France;CP2021-188;2021-04-01;;;;;EUGENE DELACROIX A MAISONS-ALFORT - TRAVAUX DE RECONSTRUCTION D'UN MUR DE CLOTURE PERIPHERIQUE;Affectation;ULYCDP;PLYC DEPENSES DIRECTES;;PLYC/DPBC;120000.0;120000.0;94;commune;1.0
2021;23750007900312;Région Île-de-France;CP2021-135;2021-04-01;;;;;95 VILLIERS LE BEL LYCEE PIERRE MENDES FRANCE EXTENSION DU LYCEE;Affectation;ULYCDP;PLYC DEPENSES DIRECTES;CONTRAT DE MANDAT SAERP;PLYC/DPBC;21012000.0;21012000.0;95;numero;1.0
2021;23750007900312;Région Île-de-France;CP2021-168;2021-04-01;19770920700017;0770920G;LYCEE LA FAYETTE;Lycées et collèges publics;77 CHAMPAGNE LAFAYETTE ETUDS PR LA REF PARTIELLE DE LA TOIT ET FACADES;Affectation;ULYCDP;PLYC DEPENSES DIRECTES;ETUDES POUR LA REFECTION PARTIELLE DE LA TOITURE ET DES FACADES DE L ATELIER;PLYC/DPM;50000.0;50000.0;77;UAI;1.0
2021;23750007900312;Région Île-de-France;CP2021-169;2021-04-01;;;;;AFFECT BD CMR PART LYCEES;Affectation;ULYCDP;PLYC DEPENSES DIRECTES;;PLYC/DPM;10000.0;10000.0;non attribuable;;1.0
2021;23750007900312;Région Île-de-France;CP2021-191;2021-04-01;;;;;MAC INFORMATIQUE CMR;Revalorisation;ULYCDP;PLYC DEPENSES DIRECTES;;PLYC/DAGE;730000.0;730000.0;non attribuable;;1.0
2021;23750007900312;Région Île-de-France;CP2021-168;2021-04-01;19941470700018;0941470M;SAMUEL DE CHAMPLAIN;Lycées et collèges publics;94 CHENNEVIERES S CHAMPLAIN MOE REHABILITAT DU REFECTOIRE;Affectation;ULYCDP;PLYC DEPENSES DIRECTES;MOE POUR LA REHABILITATION DU REFECTOIRE;PLYC/DPM;180000.0;180000.0;94;UAI;1.0
2021;23750007900312;Région Île-de-France;CP2021-168;2021-04-01;;;;;REGION PLAN ESPACES SANITAIRES DANS LES EPLE FRANCILIENS;Affectation;ULYCDP;PLYC DEPENSES DIRECTES;MISE EN OEUVRE DU PLAN DES ESPACES SANITAIRES DANS LES EPLE FRANCILIENS;PLYC/DPBC;3971681.0;3971681.0;non attribuable;;1.0
2021;23750007900312;Région Île-de-France;CP2021-168;2021-04-01;19941018400014;0941018W;EDOUARD BRANLY - CRETEIL;Lycées et collèges publics;94 CRETEIL E BRANLY TX POUR LA RESTRUCTURATION FACADE DU BAT D3;Affectation;ULYCDP;PLYC DEPENSES DIRECTES;;PLYC/DPM;1800000.0;1800000.0;94;UAI;1.0
2021;23750007900312;Région Île-de-France;CP2021-135;2021-04-01;;;;;93 BOBIGNY LYC LOUISE MICHEL RENOVATION SIMPLE;Affectation;ULYCDP;PLYC DEPENSES DIRECTES;"CONTRAT DE MANDAT N°1400002 MAN UL 05
SAERP";PLYC/DPBC;800000.0;800000.0;93;numero;1.0
2021;23750007900312;Région Île-de-France;CP2021-168;2021-04-01;19931024400017;0931024H;JEAN PIERRE TIMBAUD - AUBERVILLIERS;Lycées et collèges publics;93 AUBERVILLIERS JP TIMBAUD TX POUR LA CREATION D UNE MAISON DES LYCEENS;Affectation;ULYCDP;PLYC DEPENSES DIRECTES;TRAVAUX POUR LA CREATION D UNE MAISON DES LYCEENS;PLYC/DPM;50000.0;50000.0;93;UAI;1.0
2021;23750007900312;Région Île-de-France;CP2021-168;2021-04-01;19941951600026;0941951K;MARX DORMOY;Lycées et collèges publics;MARX DORMOY 94 CHAMPIGNY ETUDES PR LE TRAITEMT DE L ETANCH DES TOITURES;Affectation;ULYCDP;PLYC DEPENSES DIRECTES;ETUDS POUR LE TRAITEMENT DE L'ETANCHEITE DES TOITURES;PLYC/DPM;700000.0;700000.0;94;UAI;1.0
2021;23750007900312;Région Île-de-France;CP2021-135;2021-04-01;;;;;78 AUBERGENVILLE LYCEE VAN GOGH RESTRUCTURATION DEMI PENSION;Affectation;ULYCDP;PLYC DEPENSES DIRECTES;"CONVENTION DE MANDAT
OPERATION CIBLEE RESTRUCTURATION DE LA DEMI PENSION";PLYC/DPBC;3438816.0;3438816.0;78;numero;1.0
2021;23750007900312;Région Île-de-France;CP2021-169;2021-04-01;19750682700017;0750682J;AUGUSTE RODIN;Lycées et collèges publics;75013 RODIN ETUDES PR TX DE RENOV DE L ENS DES FENETRES DE L ETABLISSEMENT;Affectation;ULYCDP;PLYC DEPENSES DIRECTES;ETUDES POUR TRAVAUX DE RENOVATION DE L ENSEMBLE DES FENETRES DE L ETABLISSEMENT (FENETRES EN TRES MAUVAIS ETAT);PLYC/DPM;250000.0;250000.0;75;UAI;1.0
2021;23750007900312;Région Île-de-France;CP2021-191;2021-04-01;;;;;MAC INFORMATIQUE EPLE;Revalorisation;ULYCDP;PLYC DEPENSES DIRECTES;;PLYC/DAGE;10820000.0;10820000.0;non attribuable;;1.0
2021;23750007900312;Région Île-de-France;CP2021-135;2021-04-01;;;;;AFFECTATION DEPOLLUTION VINCENNES;Affectation;ULYCDP;PLYC DEPENSES DIRECTES;;PLYC/DPBC;6000000.0;6000000.0;94;commune;1.0
2021;23750007900312;Région Île-de-France;CP2021-168;2021-04-01;19770920700017;0770920G;LYCEE LA FAYETTE;Lycées et collèges publics;LAFAYETTE 77 CHAMP S/ MARN TVX REPRISE  DES VESTIAIRES;Désaffectation;ULYCDP;PLYC DEPENSES DIRECTES;TRAVAUX DE REPRISE DES VESTIAIRES ET REAMENAGEMENT PARTIEL DE LA DEMI-PENSION;PLYC/DPBC;-35452.0;-35452.0;77;UAI;1.0
2021;23750007900312;Région Île-de-France;CP2021-168;2021-04-01;19921505400016;0921505L;LOUIS DARDENNE;Lycées et collèges publics;DARDENNE 92 VANVES TX D AMENAGEMT D 1 SALLE DE SPORT;Affectation;ULYCDP;PLYC DEPENSES DIRECTES;;PLYC/DPM;65000.0;65000.0;92;UAI;1.0
2021;23750007900312;Région Île-de-France;CP2021-169;2021-04-01;;;;;75016 SAY REMP DU DESCEND PRG 2019;Affectation;ULYCDP;PLYC DEPENSES DIRECTES;PROG 2019- ETUDE POUR REMPLACEMENT DU DESCENDEUR A PLATEAUX DANS LA CUISINE;PLYC/DPBC;100000.0;100000.0;75;numero;1.0
2021;23750007900312;Région Île-de-France;CP2021-169;2021-04-01;;;;;CONTRAT DE PRESTATIONS INTEGREES;Affectation;ULYCDP;PLYC DEPENSES DIRECTES;;PLYC/DPM;1880612.0;1880612.0;non attribuable;;1.0
2021;23750007900312;Région Île-de-France;CP2021-181;2021-04-01;;;;;PARTENARIAT AVEC CAF IDF - TARIFICATION SOCIALE;Affectation;ULYCDP;PLYC DEPENSES DIRECTES;;PLYC/DRE;350000.0;350000.0;non attribuable;;1.0
2021;23750007900312;Région Île-de-France;CP2021-169;2021-04-01;19930118500013;0930118Y;JEAN RENOIR;Lycées et collèges publics;93 BONDY J RENOIR ETUDES PR LA REF DE LA DEMI PENSION ET SALLES DE RESTAURATION;Affectation;ULYCDP;PLYC DEPENSES DIRECTES;ETUDES POUR LA REFECTION GLOBALE DE LA 1/2 PENSION Y COMPRIS LES SALLES DE RESTAURATION;PLYC/DPM;50000.0;50000.0;93;UAI;1.0
2021;23750007900312;Région Île-de-France;CP2021-169;2021-04-01;;;;;ACCORD CADRES ETUDES DPM COLLEG;Revalorisation;ULYCDP;PLYC DEPENSES DIRECTES;ACCORDS CADRES ETUDES DPM COLLEGES;PLYC/DPBC;110000.0;110000.0;non attribuable;;1.0
2021;23750007900312;Région Île-de-France;CP2021-168;2021-04-01;19940115900017;0940115P;ROMAIN ROLLAND - IVRY;Lycées et collèges publics;94 IVRY S SEINE R ROLLAND TX DE RESTRUCTURAT DU POLE DEMI PENSION;Affectation;ULYCDP;PLYC DEPENSES DIRECTES;TRAVAUX DE RESTRUCTURATION DU POLE DEMI PENSION DU LYCEE;PLYC/DPM;400000.0;400000.0;94;UAI;1.0
2021;23750007900312;Région Île-de-France;CP2021-169;2021-04-01;;;;;AFFEC PROV DPM COLLE;Revalorisation;ULYCDP;PLYC DEPENSES DIRECTES;AFFECTATION PROVISIONNELLE DPM COLLEGES;PLYC/DPBC;250000.0;250000.0;non attribuable;;1.0
2021;23750007900312;Région Île-de-France;CP2021-170;2021-04-01;;;;;MISE EN PLACE D UN AMO POUR L ACQUISITION D UN OUTIL si DE GESTION PATRIMONIALE;Affectation;ULYCDP;PLYC DEPENSES DIRECTES;;PLYC/DPM;150000.0;150000.0;non attribuable;;1.0
2021;23750007900312;Région Île-de-France;CP2021-181;2021-04-01;;;;;Projet bio local CP 1 avril 2021;Affectation;ULYCDP;PLYC DEPENSES DIRECTES;;PLYC/LLAB;75000.0;75000.0;non attribuable;;1.0
2021;23750007900312;Région Île-de-France;CP2021-135;2021-04-01;;;;;75 PARIS RABELAIS DEMOLITION RECONSTRUCTION LYCEE;Affectation;ULYCDP;PLYC DEPENSES DIRECTES;CONTRAT DE MANDAT;PLYC/DPBC;162500.0;162500.0;75;numero;1.0
2021;23750007900312;Région Île-de-France;CP2021-168;2021-04-01;19930117700010;0930117X;LE CORBUSIER - AUBERVILLIERS;Lycées et collèges publics;93 AUBERVILLIERS LE CORBUSIER TX DE CREA D UNE PORTE SUP PR REPONDRE A LA REGL NCENDIE;Affectation;ULYCDP;PLYC DEPENSES DIRECTES;TRAVAUX DE CREATION D UNE PORTE SUPPLEMENTAIRE POUR REPONDRE A LA REGLEMENTATION INCENDIE;PLYC/DPM;30000.0;30000.0;93;UAI;1.0
2021;23750007900312;Région Île-de-France;CP2021-169;2021-04-01;19931737100011;0932122B;D'ALEMBERT - AUBERVILLIERS;Lycées et collèges publics;93 AUBERVILLIERS ALEMBERT ETUDES REF DE LA COUR LYCEE;Affectation;ULYCDP;PLYC DEPENSES DIRECTES;;PLYC/DPM;15000.0;15000.0;93;UAI;1.0
2021;23750007900312;Région Île-de-France;CP2021-168;2021-04-01;19921592200014;0921592F;LES COTES DE VILLEBON;Lycées et collèges publics;92 MEUDON VILLEBON TX DE RENOV DEMI PENSION ET LAVERIE MISE TRI PART ET SELEC;Affectation;ULYCDP;PLYC DEPENSES DIRECTES;TRAVAUX DE RENOVATION DE LA DEMI-PENSION ET DE LA LAVERIE MISE EN PLACE D UN TRI PARTICIPATIF ET SELECTIF;PLYC/DPM;650000.0;650000.0;92;UAI;1.0
2021;23750007900312;Région Île-de-France;CP2021-135;2021-04-01;;;;;95 BEZONS EUGENE RONCERAY CONSTRUCTION D'UN INTERNAT DE 100 PLACES;Affectation;ULYCDP;PLYC DEPENSES DIRECTES;"CONTRAT DE MANDAT N°1400002MANUL01-1 SAERP
CONSTRUCTION D'UN INTERNAT DE 100 PLACES";PLYC/DPBC;130600.0;130600.0;95;numero;1.0
2021;23750007900312;Région Île-de-France;CP2021-168;2021-04-01;19940113400010;0940113M;LANGEVIN WALLON;Lycées et collèges publics;LANGEVIN WALLON 94 CHAMPIGNY ETUDES PR LE TRAITEMT DE L'ETANCH DES TOITURES;Affectation;ULYCDP;PLYC DEPENSES DIRECTES;ETUDES POUR LE TRAITEMENT DE L'ETANCHEITE DES TOITURES;PLYC/DPM;600000.0;600000.0;94;UAI;1.0
2021;23750007900312;Région Île-de-France;CP2021-168;2021-04-01;19951723600014;0951723G;MONTESQUIEU - HERBLAY;Lycées et collèges publics;95 HERBLAY MONTESQUIEU RENOVATION DU FAUX PLAFOND DU REFECTOIRE;Affectation;ULYCDP;PLYC DEPENSES DIRECTES;RENOVATION DU FAUX PLAFOND DU REFECTOIRE;PLYC/DPM;200000.0;200000.0;95;UAI;1.0
2021;23750007900312;Région Île-de-France;CP2021-168;2021-04-01;19940121700013;0940121W;D'ARSONVAL;Lycées et collèges publics;94 ARSONVAL ST MAUR TX REFEC SANITAIRES;Affectation;ULYCDP;PLYC DEPENSES DIRECTES;TRAVAUX DE REFECTION DES SANITAIRES;PLYC/DPM;50000.0;50000.0;94;UAI;1.0
2021;23750007900312;Région Île-de-France;CP2021-168;2021-04-01;19941470700018;0941470M;SAMUEL DE CHAMPLAIN;Lycées et collèges publics;94 CHAMPLAIN CHENNEVIERES TX DE CREA FOYER VIE LYC;Affectation;ULYCDP;PLYC DEPENSES DIRECTES;;PLYC/DPM;80000.0;80000.0;94;UAI;1.0
2021;23750007900312;Région Île-de-France;CP2021-135;2021-04-01;;;;;95 BEZONS LYC EUGENE RONCERAY RENOVATION GLOBALE;Revalorisation;ULYCDP;PLYC DEPENSES DIRECTES;"CONTRAT DE MANDAT N°1400002MANUL01-2  SAERP
RESTRUCTURATION GLOBALE DU LYCEE";PLYC/DPBC;869400.0;869400.0;95;numero;1.0
2021;23750007900312;Région Île-de-France;CP2021-096;2021-01-21;;;;;MAC LYC FONCTIONNE 2021;Affectation;ULYCDP;PLYC DEPENSES DIRECTES;MAC FONCTIONNEMENT 2021;PLYC/DPBC;4000000.0;4000000.0;non attribuable;;1.0
2021;23750007900312;Région Île-de-France;CP2021-097;2021-01-21;;;;;P2P3PFI EPLE;Affectation;ULYCDP;PLYC DEPENSES DIRECTES;P2P3PFI;PLYC/DPBC;2000000.0;2000000.0;non attribuable;;1.0
2021;23750007900312;Région Île-de-France;CP2021-081;2021-01-21;;;;;Projet bio local 01_2021 CP Janvier 2021;Affectation;ULYCDP;PLYC DEPENSES DIRECTES;;PLYC/LLAB;630000.0;630000.0;non attribuable;;1.0
2021;23750007900312;Région Île-de-France;CP2021-097;2021-01-21;19750655300019;0750655E;LOUIS LE GRAND;Lycées et collèges publics;75005 L LE GRAND REF INT;Affectation;ULYCDP;PLYC DEPENSES DIRECTES;REFECTION COMPLETE DE L'INTERNAT O3 AU 3EMEM ETAGE DU BATIMEN COUR VICTOR HUGO;PLYC/DPBC;410000.0;410000.0;75;UAI;1.0
2021;23750007900312;Région Île-de-France;CP2021-097;2021-01-21;;;;;ILE DE FRANCE - LYCEES DIVERS - ACCESSIBILITE HANDICAP;Affectation;ULYCDP;PLYC DEPENSES DIRECTES;"13MANHAN01 OPERATIONS SIMPLES (CATEGORIE A)
13MANHAN02 ETUDES ET DIAGNOSTICS

CONVENTIONS DE MANDAT POUR UNE LISTE DE LYCEES 
OPERATIONS DE MISE EN ACCESSIBILITE HANDICAP";PLYC/DPBC;820000.0;820000.0;non attribuable;;1.0
2021;23750007900312;Région Île-de-France;CP2021-026;2021-01-21;;;;;95 BEZONS LYC EUGENE RONCERAY RENOVATION GLOBALE;Affectation;ULYCDP;PLYC DEPENSES DIRECTES;"CONTRAT DE MANDAT N°1400002MANUL01-2  SAERP
RESTRUCTURATION GLOBALE DU LYCEE";PLYC/DPBC;1795628.0;1795628.0;95;numero;1.0
2021;23750007900312;Région Île-de-France;CP2021-097;2021-01-21;19932026800014;0932026X;LYCEE ALFRED NOBEL;Lycées et collèges publics;A NOBEL 93 CLICHY SS BOIS ETUDES PR DES TX DE REMPLT ETANCH DU BAT PRINCIPAL;Affectation;ULYCDP;PLYC DEPENSES DIRECTES;ETUDES POUR DES TRAVAUX DE REMPLACEMENT DE L'ETANCHEITE DU BATIMENT PRINCIPAL;PLYC/DPM;900000.0;900000.0;93;UAI;1.0
2021;23750007900312;Région Île-de-France;CP2021-026;2021-01-21;;;;;78 ST GERMAIN LAYE DE VINCI DEMOLITION CONSTRUCTION;Affectation;ULYCDP;PLYC DEPENSES DIRECTES;CONTRAT DE MANDAT 07 S 0426-01;PLYC/DPBC;376211.0;376211.0;78;numero;1.0
2021;23750007900312;Région Île-de-France;CP2021-106;2021-01-21;;;;;ACCORD CADRES ETUDES DPM COLLEG;Affectation;ULYCDP;PLYC DEPENSES DIRECTES;ACCORDS CADRES ETUDES DPM COLLEGES;PLYC/DPBC;30000.0;30000.0;non attribuable;;1.0
2021;23750007900312;Région Île-de-France;CP2021-026;2021-01-21;;;;;93 EPINAY L MICHEL RESTRUCTURATION ENSEMBLE;Affectation;ULYCDP;PLYC DEPENSES DIRECTES;;PLYC/DPBC;800000.0;800000.0;93;numero;1.0
2021;23750007900312;Région Île-de-France;CP2021-097;2021-01-21;;;;;75006 FENELON REPRISE FONDATION ET TRAITEMENT FACADES;Affectation;ULYCDP;PLYC DEPENSES DIRECTES;;PLYC/DPBC;35000.0;35000.0;75;numero;1.0
2021;23750007900312;Région Île-de-France;CP2021-106;2021-01-21;19750690000012;0750690T;FRANCOIS VILLON - PARIS;Lycées et collèges publics;VILLON 75014 TRANSFERT DU PIL;Affectation;ULYCDP;PLYC DEPENSES DIRECTES;TRANSFERT DU PILEN DEFINITIF AU RDJ DU BÂTIEMENT B EN TRAVAUX DE REAMENAGEMENT;PLYC/DPBC;105000.0;105000.0;75;UAI;1.0
2021;23750007900312;Région Île-de-France;CP2021-106;2021-01-21;19750700700015;0750700D;JEAN-BAPTISTE SAY;Lycées et collèges publics;PROG 2020 75016 SAY AMGT ZONE TEC;Affectation;ULYCDP;PLYC DEPENSES DIRECTES;;PLYC/DPBC;200000.0;200000.0;75;UAI;1.0
2021;23750007900312;Région Île-de-France;CP2021-097;2021-01-21;19951399500019;0951399E;ALFRED KASTLER;Lycées et collèges publics;95 KASTLER CERGY REMIS NORME ARM ELEC;Affectation;ULYCDP;PLYC DEPENSES DIRECTES;REMISE AUX NORMES DES ARMOIRES ELECTRIQUES ET DU SYSTEME D'ECLAIRAGE DES CIRCULATIONS;PLYC/DPBC;570000.0;570000.0;95;UAI;1.0
2021;23750007900312;Région Île-de-France;CP2021-026;2021-01-21;;;;;91 ETAMPES LYCEE SAINT HILAIRE CONSTRUCTION INTERNAT;Affectation;ULYCDP;PLYC DEPENSES DIRECTES;"CONVENTION DE MANDAT
CONSTRUCTION D UN INTERNAT DE 100 PLACES";PLYC/DPBC;67509.0;67509.0;91;numero;1.0
2021;23750007900312;Région Île-de-France;CP2021-034;2021-01-21;;;;;FONDS COMMUN DE FONCTIONNEMENT 932;Affectation;ULYCDP;PLYC DEPENSES DIRECTES;;PLYC/DPBC;2385085.0;2385085.0;non attribuable;;1.0
2021;23750007900312;Région Île-de-France;CP2021-106;2021-01-21;;;;;AFFECT PROV ETUDE DPM ETUDES;Affectation;ULYCDP;PLYC DEPENSES DIRECTES;AFFECTATION PROVISIONNELLE ETUDES DPM;PLYC/DPBC;50000.0;50000.0;non attribuable;;1.0
2021;23750007900312;Région Île-de-France;CP2021-097;2021-01-21;;;;;77 COULOMMIERS FERRY RENOV SECU TOITURES;Affectation;ULYCDP;PLYC DEPENSES DIRECTES;;PLYC/DPBC;500000.0;500000.0;77;numero;1.0
2021;23750007900312;Région Île-de-France;CP2021-097;2021-01-21;19931024400017;0931024H;JEAN PIERRE TIMBAUD - AUBERVILLIERS;Lycées et collèges publics;93 TIMBAUD AAUBERV ETU CREAT MAIS LYC;Affectation;ULYCDP;PLYC DEPENSES DIRECTES;ETUDE POUR LA CREATION D4UNE MAISON DES LYCEENS;PLYC/DPBC;5000.0;5000.0;93;UAI;1.0
2021;23750007900312;Région Île-de-France;CP2021-097;2021-01-21;;;;;FONDS URGENCE 2021 EPLE;Affectation;ULYCDP;PLYC DEPENSES DIRECTES;FONDS URGENCE EPLE;PLYC/DPBC;1000000.0;1000000.0;non attribuable;;1.0
2021;23750007900312;Région Île-de-France;CP2021-081;2021-01-21;;;;;MARCHE URGENCE REPAS 2021;Affectation;ULYCDP;PLYC DEPENSES DIRECTES;;PLYC/DRE;350000.0;350000.0;non attribuable;;1.0
2021;23750007900312;Région Île-de-France;CP2021-097;2021-01-21;19920802600021;0920802X;JEAN-PIERRE VERNANT;Lycées et collèges publics;92 VERNANT SEV TVX RESTRU PARTI DEMI P;Affectation;ULYCDP;PLYC DEPENSES DIRECTES;TRAVAUX DANS LE CADRE DE L'OPERATION DE RESTRUCTURATION PARTIELLE DE LA DEMI-PENSION;PLYC/DPBC;1370000.0;1370000.0;92;UAI;1.0
2021;23750007900312;Région Île-de-France;CP2021-106;2021-01-21;;;;;AFFEC PROV LYC DO;Affectation;ULYCDP;PLYC DEPENSES DIRECTES;AFFECTATION PROVISIONNELLE DO LYC;PLYC/DPBC;50000.0;50000.0;non attribuable;;1.0
2021;23750007900312;Région Île-de-France;CP2021-026;2021-01-21;;;;;ETAT DES LIEUX ET MISE AU POINT DE PROGRAMMES FONCTIONNELS ET TECHNIQUES POUR LES DEMI-PENSIONS DES EPLE NECESSITANT UNE INTERVENTION AU TITRE DU PPM;Affectation;ULYCDP;PLYC DEPENSES DIRECTES;;PLYC/LLAB;108000.0;108000.0;non attribuable;;1.0
2021;23750007900312;Région Île-de-France;CP2021-026;2021-01-21;;;;;77 DAMMARIE LES LYS LYC JOLIOT CURIE RT MPGP;Affectation;ULYCDP;PLYC DEPENSES DIRECTES;;PLYC/DPBC;17600000.0;17600000.0;77;numero;1.0
2021;23750007900312;Région Île-de-France;CP2021-075;2021-01-21;;;;;MAINTENANCE INFORMATIQUE EPLE;Affectation;ULYCDP;PLYC DEPENSES DIRECTES;;PLYC/DAGE;3750000.0;3750000.0;non attribuable;;1.0
2021;23750007900312;Région Île-de-France;CP2021-090;2021-01-21;;;;;ACCES INTERNET THD;Affectation;ULYCDP;PLYC DEPENSES DIRECTES;ACCES INTERNET THD;PLYC/DPBC;1590900.0;1590900.0;non attribuable;;1.0
2021;23750007900312;Région Île-de-France;CP2021-092;2021-01-21;;;;;SUGER A SAINT-DENIS - TRAVAUX DE SECURISATION SAS D'ENTREE DES ELEVES ET AMENAGEMENT DU PARVIS;Affectation;ULYCDP;PLYC DEPENSES DIRECTES;;PLYC/DPBC;300000.0;300000.0;93;commune;1.0
2021;23750007900312;Région Île-de-France;CP2021-096;2021-01-21;;;;;MARCHES ARCHIVAGE ANTENNES PLYC;Affectation;ULYCDP;PLYC DEPENSES DIRECTES;ARCHIVAGE ANTENNE LYC;PLYC/DPBC;75240.0;75240.0;non attribuable;;1.0
2021;23750007900312;Région Île-de-France;CP2021-106;2021-01-21;19750694200014;0750694X;CAMILLE SEE;Lycées et collèges publics;PROG 2020 75015 SEE INSON SALL PING;Affectation;ULYCDP;PLYC DEPENSES DIRECTES;PROG 2020 INSONNORISATION DE LA SALLE DE PING PONG;PLYC/DPBC;4928.8;4928.8;75;UAI;1.0
2021;23750007900312;Région Île-de-France;CP2021-106;2021-01-21;;;;;ACCORDS CADRES TVX COLLEGES;Affectation;ULYCDP;PLYC DEPENSES DIRECTES;ACCORDS CADRES COLLEGES TRAVAUX;PLYC/DPBC;1000000.0;1000000.0;non attribuable;;1.0
2021;23750007900312;Région Île-de-France;CP2021-106;2021-01-21;19931737100011;0932122B;D'ALEMBERT - AUBERVILLIERS;Lycées et collèges publics;PROG 2021 93 ALEM AUBER RENOV DEMI;Affectation;ULYCDP;PLYC DEPENSES DIRECTES;PROGR 2021 ETUDES RENOVATION GLOBALE DE LA DEMI-PENSION (SALLE DE RESTAURATION ET CUISINE AVEC UNE RENOVATION DE LENSEMBLE DE LA ZONE DE PRODUCTION);PLYC/DPBC;40000.0;40000.0;93;UAI;1.0
2021;23750007900312;Région Île-de-France;CP2021-097;2021-01-21;;;;;93 BOBIGNY SABATIER REAMENAGEMENT CUISINE PEDAGOGIQUE;Affectation;ULYCDP;PLYC DEPENSES DIRECTES;;PLYC/DPBC;220000.0;220000.0;93;numero;1.0
2021;23750007900312;Région Île-de-France;CP2021-097;2021-01-21;;;;;77 CONGIS GUE A TRESMES MISE EN CONFORMITÉ DE LA CUISINE D’APPLICATION;Affectation;ULYCDP;PLYC DEPENSES DIRECTES;;PLYC/DPBC;80000.0;80000.0;77;numero;1.0
2021;23750007900312;Région Île-de-France;CP2021-097;2021-01-21;20006116600019;0952196W;GUSTAVE MONOD;Lycées et collèges publics;95 MONOD ENG REFEC FACA ET COUV;Affectation;ULYCDP;PLYC DEPENSES DIRECTES;REFECTION DES FACADES ET COUVERTURE DU CHÂTEAU ADMINISTRATION /DIRECTION;PLYC/DPBC;225000.0;225000.0;95;UAI;1.0
2021;23750007900312;Région Île-de-France;CP2021-097;2021-01-21;;;;;AFFECT PROV TRAVAUX;Affectation;ULYCDP;PLYC DEPENSES DIRECTES;AFFECTATIONS PROVISIONNELLES TRAVAUX;PLYC/DPBC;2000000.0;2000000.0;non attribuable;;1.0
2021;23750007900312;Région Île-de-France;CP2021-026;2021-01-21;19931609200014;0932291K;NICOLAS JOSEPH CUGNOT;Lycées et collèges publics;93 NEUILLY CUGNOT RG RESTRUCT GLOBALE;Affectation;ULYCDP;PLYC DEPENSES DIRECTES;;PLYC/DPBC;29650000.0;29650000.0;93;UAI;1.0
2021;23750007900312;Région Île-de-France;CP2021-056;2021-01-21;;;;;AE PROTOCOLE TRANSACTIONNEL GRDF POUR ERPD CONFLANS SAINTE HONORINE;Affectation;ULYCDP;PLYC DEPENSES DIRECTES;;PLYC/DPBC;25926.68;25926.68;78;commune;1.0
2021;23750007900312;Région Île-de-France;CP2021-106;2021-01-21;;;;;FONDS D URGENCE CMR;Affectation;ULYCDP;PLYC DEPENSES DIRECTES;FONDS URGENCE CMR;PLYC/DPBC;100000.0;100000.0;non attribuable;;1.0
2021;23750007900312;Région Île-de-France;CP2021-090;2021-01-21;;;;;ACCES INTERNET THD CMR;Affectation;ULYCDP;PLYC DEPENSES DIRECTES;ACCES INTERNET THD CMR;PLYC/DPBC;49940.0;49940.0;non attribuable;;1.0
2021;23750007900312;Région Île-de-France;CP2021-026;2021-01-21;;;;;INVENTAIRE ET ETAT DES LIEUX DES EQUIPEMENTS SPORTIFS IMPLANTES DANS LES ETABLISSEMENTS PUBLICS LOCAUX D’ENSEIGNEMENT (EPLE);Affectation;ULYCDP;PLYC DEPENSES DIRECTES;;PLYC/LLAB;108000.0;108000.0;non attribuable;;1.0
2021;23750007900312;Région Île-de-France;CP2021-026;2021-01-21;;;;;75 PARIS 11EME CMR VOLTAIRE;Affectation;ULYCDP;PLYC DEPENSES DIRECTES;"CONVENTION DE MANDAT 09M0806-11 SEMAEST

RESTRUCTURATION DU SERVICE DE RESTAURATION";PLYC/DPBC;31308.0;31308.0;75;numero;1.0
2021;23750007900312;Région Île-de-France;CP2021-026;2021-01-21;;;;;94 CHAMPIGNY LYC GABRIEL PERI RESTRUCTURATION EXTENSION;Affectation;ULYCDP;PLYC DEPENSES DIRECTES;;PLYC/DPBC;529291.0;529291.0;94;numero;1.0
2021;23750007900312;Région Île-de-France;CP2021-097;2021-01-21;;;;;93 NOISYLESEC CREATION EXTENSION PREAU COTE CDI;Affectation;ULYCDP;PLYC DEPENSES DIRECTES;;PLYC/DPBC;150000.0;150000.0;93;numero;1.0
2021;23750007900312;Région Île-de-France;CP2021-106;2021-01-21;;;;;ACCORDS CADRES TVX LYC;Affectation;ULYCDP;PLYC DEPENSES DIRECTES;ACCORDS CADRES LYC TRAVAUX;PLYC/DPBC;2180000.0;2180000.0;non attribuable;;1.0
2021;23750007900312;Région Île-de-France;CP2021-026;2021-01-21;;;;;93 AULNAY SOUS BOIS LYCEE VOILLAUME RENOVATION GLOBALE;Affectation;ULYCDP;PLYC DEPENSES DIRECTES;"CONVENTION DE MANDAT 1300102MANUL02 SAERP

RESTRUCTURATION DES ATELIERS ET DE L ENTREE";PLYC/DPBC;131853.0;131853.0;93;numero;1.0
2021;23750007900312;Région Île-de-France;CP2021-097;2021-01-21;19782577100011;0783447Y;SIMONE WEIL - CONFLANS;Lycées et collèges publics;78 CONFLANS S WEIL REMPLCT DES EQUIPEMT VENTIL DS LE CADRE DES TX REFECT DES ETANCH;Affectation;ULYCDP;PLYC DEPENSES DIRECTES;REMPLACEMENT DES EQUIPEMENTS VENTILATION DANS LE CADRE DES TRAVAUX DE REFECTION DES ETANCHEITES DU LYC2E;PLYC/DPM;170000.0;170000.0;78;UAI;1.0
2021;23750007900312;Région Île-de-France;CP2021-106;2021-01-21;19750683500010;0750683K;CLAUDE MONET;Lycées et collèges publics;PROG 2020 75013 MONET RENOV LOGT;Affectation;ULYCDP;PLYC DEPENSES DIRECTES;PROG 2020 RENOVATION LOGEMENT INSALUBRE F3 RDC;PLYC/DPBC;2020.0;2020.0;75;UAI;1.0
2021;23750007900312;Région Île-de-France;CP2021-097;2021-01-21;19782577100011;0783447Y;SIMONE WEIL - CONFLANS;Lycées et collèges publics;78 CONFLANS S WEIL REFECTION TOTALE TOITURE TERRASSE LYCEE;Affectation;ULYCDP;PLYC DEPENSES DIRECTES;REFECTION TOTALE TOITURE TERRASSE LYCEE;PLYC/DPM;550000.0;550000.0;78;UAI;1.0
2021;23750007900312;Région Île-de-France;CP2021-097;2021-01-21;;;;;AFFECT ACC CADRE 2021 TVX;Affectation;ULYCDP;PLYC DEPENSES DIRECTES;ACCORDS CADRE TRAVAUX DPM (25,000° ET DO (2,500);PLYC/DPBC;25000000.0;25000000.0;non attribuable;;1.0
2021;23750007900312;Région Île-de-France;CP2021-097;2021-01-21;;;;;MAC BATIMENTS DEMONTABLES;Affectation;ULYCDP;PLYC DEPENSES DIRECTES;MARCHES BATIMENTS DEMONTABLES;PLYC/DPBC;7000000.0;7000000.0;non attribuable;;1.0
2021;23750007900312;Région Île-de-France;CP2021-096;2021-01-21;;;;;AE PROV 2021 - CHAP 932 FONCTIONNEMENT PLYC;Affectation;ULYCDP;PLYC DEPENSES DIRECTES;;PLYC/DPBC;305000.0;305000.0;non attribuable;;1.0
2021;23750007900312;Région Île-de-France;CP2021-096;2021-01-21;;;;;99 MAINTENANCE ET FOURNITURE DE GAZ DANS LYCEES FRANCILIENS;Affectation;ULYCDP;PLYC DEPENSES DIRECTES;;PLYC/DPBC;13000000.0;13000000.0;regional;numero 99;1.0
2021;23750007900312;Région Île-de-France;CP2021-097;2021-01-21;;;;;AFFEC PROV DO;Affectation;ULYCDP;PLYC DEPENSES DIRECTES;AFFECTATION PROVISIONNELLE TRAVAUX DPM;PLYC/DPBC;200000.0;200000.0;non attribuable;;1.0
2021;23750007900312;Région Île-de-France;CP2021-075;2021-01-21;;;;;MAC MOBILIER SCOLAIRE CMR;Affectation;ULYCDP;PLYC DEPENSES DIRECTES;;PLYC/DAGE;740000.0;740000.0;non attribuable;;1.0
2021;23750007900312;Région Île-de-France;CP2021-026;2021-01-21;;;;;92 CHATENAY MALABRY EMMANUEL MOUNIER RT MPGP;Affectation;ULYCDP;PLYC DEPENSES DIRECTES;CONTRAT DE MANDAT;PLYC/DPBC;12600000.0;12600000.0;92;numero;1.0
2021;23750007900312;Région Île-de-France;CP2021-097;2021-01-21;;;;;EXPLOIT.OP.DE CONCEPTION REALISATION LIEE A LA RENOVATION THERMIQUE 95 ISLE ADAM FRAGONARD;Affectation;ULYCDP;PLYC DEPENSES DIRECTES;SAERP - CONTRAT DE MANDAT N°1400511;PLYC/DPBC;12340.0;12340.0;95;numero interne;1.0
2021;23750007900312;Région Île-de-France;CP2021-026;2021-01-21;;;;;MGP - 93 SAINT OUEN LYC MARCEL CACHIN RENOVATION GLOBALE - RECONSTRUCTION;Affectation;ULYCDP;PLYC DEPENSES DIRECTES;Marché global de performance;PLYC/DPBC;48000.0;48000.0;93;numero;1.0
2021;23750007900312;Région Île-de-France;CP2021-026;2021-01-21;;;;;93 BOBIGNY LP ALFRED COSTES RESTRUCTURATION PARTIELLE;Affectation;ULYCDP;PLYC DEPENSES DIRECTES;;PLYC/DPBC;70188.0;70188.0;93;numero;1.0
2021;23750007900312;Région Île-de-France;CP2021-075;2021-01-21;;;;;MARCH DISTR PROTEC HYG;Affectation;ULYCDP;PLYC DEPENSES DIRECTES;MARCHE DISTRIBUTION DE PROTECTION HYGENIQUE GRATUITES;PLYC/DRE;680000.0;680000.0;non attribuable;;1.0
2021;23750007900312;Région Île-de-France;CP2021-077;2021-01-21;;;;;2021 - EPI AGENTS DES LYCEES;Affectation;UPRHDP;PRH DEPENSES DIRECTES;;PRH/MAPP;975000.0;975000.0;non attribuable;;1.0
2021;23750007900312;Région Île-de-France;CP2021-026;2021-01-21;19750664500013;0750664P;RACINE;Lycées et collèges publics;75008 RACINE RC RESTRUCT SERV RESTAURATION;Affectation;ULYCDP;PLYC DEPENSES DIRECTES;;PLYC/DPBC;953977.0;953977.0;75;UAI;1.0
2021;23750007900312;Région Île-de-France;CP2021-097;2021-01-21;19750655300019;0750655E;LOUIS LE GRAND;Lycées et collèges publics;75005 LOUI L G REMPLCT 3 ASCEN;Affectation;ULYCDP;PLYC DEPENSES DIRECTES;;PLYC/DPBC;600000.0;600000.0;75;UAI;1.0
2021;23750007900312;Région Île-de-France;CP2021-097;2021-01-21;;;;;MARC INNOV TECH PURIF;Affectation;ULYCDP;PLYC DEPENSES DIRECTES;MARCHE D INNOVATION DE TECHNOLOGIQUE DE PURIFICATEUR;PLYC/DPBC;110000.0;110000.0;non attribuable;;1.0
2021;23750007900312;Région Île-de-France;CP2021-097;2021-01-21;19750800500018;0750800M;EDMOND ROSTAND - PARIS;Lycées et collèges publics;75018 RODTAND DESAMIANTAGE ET REFC ES;Affectation;ULYCDP;PLYC DEPENSES DIRECTES;;PLYC/DPBC;140000.0;140000.0;75;UAI;1.0
2021;23750007900312;Région Île-de-France;CP2021-106;2021-01-21;;;;;P2P3PFI  AFFECTATION CMR;Affectation;ULYCDP;PLYC DEPENSES DIRECTES;AFFECTATION P2P3PFI;PLYC/DPBC;500000.0;500000.0;non attribuable;;1.0
2021;23750007900312;Région Île-de-France;CP2021-026;2021-01-21;;;;;PPI/PPR 2010 - 91 CERNY LYC DENIS;Affectation;ULYCDP;PLYC DEPENSES DIRECTES;;PLYC/DPBC;563771.0;563771.0;91;numero;1.0
2021;23750007900312;Région Île-de-France;CP2021-090;2021-01-21;;;;;EQUIPEMENT THD;Affectation;ULYCDP;PLYC DEPENSES DIRECTES;ACAHTS ET MISE EN PLACE DES EQUIPEMENT THD;PLYC/DPBC;60000.0;60000.0;non attribuable;;1.0
2021;23750007900312;Région Île-de-France;CP2021-106;2021-01-21;;;;;ACCORDS CADRE ETUDES DPM LYC;Affectation;ULYCDP;PLYC DEPENSES DIRECTES;ACCORDS CADRE PDM COLLEGE ETUDES;PLYC/DPBC;150000.0;150000.0;non attribuable;;1.0
2021;23750007900312;Région Île-de-France;CP2021-097;2021-01-21;19782132500010;0782132U;LYCEE JEANNE D'ALBRET;Lycées et collèges publics;78 J D ALB SAINT G  RENOV TOI;Affectation;ULYCDP;PLYC DEPENSES DIRECTES;REFECTION TOTALE DE S COUVERTURES DU SITE INTENAT  ET BATIMENT LOGEMENT;PLYC/DPBC;2762000.0;2762000.0;78;UAI;1.0
2021;23750007900312;Région Île-de-France;CP2021-097;2021-01-21;19930834700012;0930834B;VOILLAUME;Lycées et collèges publics;VOILLAUME 93 AULNAY ETUDES PR LA RENOV DE DEUX SALLES SVT;Affectation;ULYCDP;PLYC DEPENSES DIRECTES;ETUDES POUR LA RENOVATION COMPLETE DE DEUX SALLES SVT DANS LE BATIMENT A AU 3EME ETAGE (SANS PAILLASSES);PLYC/DPM;120000.0;120000.0;93;UAI;1.0
2021;23750007900312;Région Île-de-France;CP2021-106;2021-01-21;;;;;AFFECT PROV ETUDES DPM COLLEGE;Affectation;ULYCDP;PLYC DEPENSES DIRECTES;AFFECTATION PROVISIONNELLE DPM ETUDES COLLEGES;PLYC/DPBC;50000.0;50000.0;non attribuable;;1.0
2021;23750007900312;Région Île-de-France;CP2021-026;2021-01-21;;;;;91 RIS ORANGIS LYC PIERRE MENDES FRANCE RENOVATION AVEC EXTENSION;Affectation;ULYCDP;PLYC DEPENSES DIRECTES;;PLYC/DPBC;4040000.0;4040000.0;91;numero;1.0
2021;23750007900312;Région Île-de-France;CP2021-096;2021-01-21;;;;;LOCATION AERODROME DE CERNY/LYCEE ALEXANDRE DENIS;Affectation;ULYCDP;PLYC DEPENSES DIRECTES;;PLYC/DPBC;25000.0;25000.0;91;commune;1.0
2021;23750007900312;Région Île-de-France;CP2021-106;2021-01-21;19782562300014;0782562L;HOCHE;Lycées et collèges publics;PROG 2020 78 HOCHE VERSAI OP DE SECU;Affectation;ULYCDP;PLYC DEPENSES DIRECTES;;PLYC/DPBC;80000.0;80000.0;78;UAI;1.0
2021;23750007900312;Région Île-de-France;CP2021-026;2021-01-21;34326457800042;;IMPRIMERIE DE CHABROL;Entreprises;92 NANTERR J CURIE EXTE RESTRUC;Affectation;ULYCDP;PLYC DEPENSES DIRECTES;;PLYC/DPBC;101000.0;101000.0;92;numero;1.0
2021;23750007900312;Région Île-de-France;CP2021-097;2021-01-21;;;;;75006 FENELON TVX VOUTES;Affectation;ULYCDP;PLYC DEPENSES DIRECTES;TRAVAUX DE REPROSE EN SOUS OEUVRE DES VOUTES EN PIERRE ET TRAITEMENT DES FACADES IMPACTEES SUITE A AFFAISSEMENT EPRISE DES FONDATIONS;PLYC/DPBC;745000.0;745000.0;75;numero;1.0
2021;23750007900312;Région Île-de-France;CP2021-097;2021-01-21;19920802600021;0920802X;JEAN-PIERRE VERNANT;Lycées et collèges publics;VERNANT SEVRES 92 MO OP RESTRUCTU PARTIEL DEMI PENSION;Affectation;ULYCDP;PLYC DEPENSES DIRECTES;MISSION MO DANS LE CADRE DE L'OPE DE TRESTRUCTURATION PARTIELLE  DE LA DEMI-PENSION (MISE EN PLACE DU TRI SELECTIF EN LAVERIE ET MODIFICATIONS PARTIELLES DE LA CUISINE);PLYC/DPBC;6000.0;6000.0;92;UAI;1.0
2021;23750007900312;Région Île-de-France;CP2021-106;2021-01-21;;;;;AFFECT PROV DO COLL;Affectation;ULYCDP;PLYC DEPENSES DIRECTES;AFFECTATION PROVISIONNELLE COLLEGES DO;PLYC/DPBC;30000.0;30000.0;non attribuable;;1.0
2021;23750007900312;Région Île-de-France;CP2021-026;2021-01-21;;;;;92 MEUDON VILLEBON RESTRUCTURATION PARTIELLE 550 000€;Affectation;ULYCDP;PLYC DEPENSES DIRECTES;;PLYC/DPBC;155225.0;155225.0;92;numero;1.0
2021;23750007900312;Région Île-de-France;CP2021-106;2021-01-21;;;;;AFFEC PROV DPM COLLE;Affectation;ULYCDP;PLYC DEPENSES DIRECTES;AFFECTATION PROVISIONNELLE DPM COLLEGES;PLYC/DPBC;80000.0;80000.0;non attribuable;;1.0
2021;23750007900312;Région Île-de-France;CP2021-026;2021-01-21;;;;;93 LIVRY GARGAN LYC BOULLOCHE RESTRUCTURATION SERVICE RESTAURATION;Affectation;ULYCDP;PLYC DEPENSES DIRECTES;CONVENTION 08S0497-07 SEMAEST;PLYC/DPBC;8906.0;8906.0;93;numero;1.0
2021;23750007900312;Région Île-de-France;CP2021-097;2021-01-21;;;;;ACCORD CADRES DO;Affectation;ULYCDP;PLYC DEPENSES DIRECTES;ACCORDS CADRES DO TRAVAUX;PLYC/DPBC;2500000.0;2500000.0;non attribuable;;1.0
2021;23750007900312;Région Île-de-France;CP2021-026;2021-01-21;;;;;ETUDES PREALABLES A LA MISE AU POINT DE PROGRAMMES D’OPERATION ET/OU A LA DEFINITION DE CAPACITES D’ACCUEIL MAXIMALE POUR LES (EPLE) FRANCILIENS.;Affectation;ULYCDP;PLYC DEPENSES DIRECTES;;PLYC/LLAB;432000.0;432000.0;non attribuable;;1.0
2021;23750007900312;Région Île-de-France;CP2021-026;2021-01-21;;;;;93 BOBIGNY LYC LOUISE MICHEL RENOVATION SIMPLE;Affectation;ULYCDP;PLYC DEPENSES DIRECTES;"CONTRAT DE MANDAT N°1400002 MAN UL 05
SAERP";PLYC/DPBC;25258.0;25258.0;93;numero;1.0
2021;23750007900312;Région Île-de-France;CP2021-075;2021-01-21;;;;;SUPPORTS NUMERIQUES;Affectation;ULYCDP;PLYC DEPENSES DIRECTES;ACHATS DE SUPPORTS NUMERIQUES;PLYC/DPBC;50000000.0;50000000.0;non attribuable;;1.0
2021;23750007900312;Région Île-de-France;CP2021-106;2021-01-21;;;;;PROG 2020 75015 SEE INSON SALL PING;Affectation;ULYCDP;PLYC DEPENSES DIRECTES;;PLYC/DPBC;3071.2;3071.2;75;code postal;1.0
2021;23750007900312;Région Île-de-France;CP2021-106;2021-01-21;;;;;93 AUBERVILLIERS ALEMBERT ÉTUDES POUR RÉFECTION DE 4 SALLES ATELIERS DE LA MODE (SOL, MURS, PLAFONDS ÉCLAIRAGE, ÉLECTRICITÉ, CANALYS MACHINES,  ETC…)EN 2 TRANCHES,TRAVAUX DE 2 SALLES EN 2019 ET 2 SALL;Affectation;ULYCDP;PLYC DEPENSES DIRECTES;;PLYC/DPBC;160000.0;160000.0;93;numero;1.0
2021;23750007900312;Région Île-de-France;CP2021-023;2021-01-21;;;;;appels decrocheur;Affectation;ULYCDP;PLYC DEPENSES DIRECTES;;PLYC/DPBC;220000.0;220000.0;non attribuable;;1.0
2021;23750007900312;Région Île-de-France;CP2021-026;2021-01-21;;;;;77 FONTAINEBLEAU LYC FRANCOIS COUPERIN EXTENSION CAPACITE ET RENOV DEMI PENSION;Affectation;ULYCDP;PLYC DEPENSES DIRECTES;;PLYC/DPBC;11300000.0;11300000.0;77;numero;1.0
2021;23750007900312;Région Île-de-France;CP2021-092;2021-01-21;;;;;MAC SECURITE VRD + ACCORDS-CADRES DE TRAVAUX DANS LES LYCEES FRANCILIENS;Affectation;ULYCDP;PLYC DEPENSES DIRECTES;;PLYC/DPBC;4000000.0;4000000.0;non attribuable;;1.0
2021;23750007900312;Région Île-de-France;CP2021-026;2021-01-21;19770932200014;0770932V;LP PIERRE DE COUBERTIN MEAUX;Lycées et collèges publics;P. COUBERTIN 77 RENOV LYCEE ET EXTENSION DE LA DP;Affectation;ULYCDP;PLYC DEPENSES DIRECTES;RENOVATION DU LYCEE ET EXTENSION DE LA DEMI-PENSION;PLYC/DPBC;500000.0;500000.0;77;UAI;1.0
2021;23750007900312;Région Île-de-France;CP2021-097;2021-01-21;;;;;ACCORDS CADRES ETUDES EPLE;Affectation;ULYCDP;PLYC DEPENSES DIRECTES;ACCORDS CADRES ETUDES EPLE;PLYC/DPBC;2000000.0;2000000.0;non attribuable;;1.0
2021;23750007900312;Région Île-de-France;CP2021-097;2021-01-21;19750800500018;0750800M;EDMOND ROSTAND - PARIS;Lycées et collèges publics;75016 ROSTAND REF DES MENUI;Affectation;ULYCDP;PLYC DEPENSES DIRECTES;REFECTION DES MENUISERIES COUR;PLYC/DPBC;249000.0;249000.0;75;UAI;1.0
2021;23750007900312;Région Île-de-France;CP2021-106;2021-01-21;;;;;AFFECT PROV DPM LYC;Affectation;ULYCDP;PLYC DEPENSES DIRECTES;AFFECTATION GLOBALE DPM LYC;PLYC/DPBC;150000.0;150000.0;non attribuable;;1.0
2021;23750007900312;Région Île-de-France;CP2021-026;2021-01-21;;;;;91 COURCOURONNES G BRASSENS PPI EXETNSION CAPACITE DU LYCEE;Affectation;ULYCDP;PLYC DEPENSES DIRECTES;;PLYC/DPBC;17700000.0;17700000.0;91;numero;1.0
2021;23750007900312;Région Île-de-France;CP2021-081;2021-01-21;;;;;SUPPORTS ET OUTILS COMMUNICATION DE LA TARIFICATION DE LA RESTAURATION SCOLAIRE RENTREE 2021;Affectation;ULYCDP;PLYC DEPENSES DIRECTES;;PLYC/DRE;200000.0;200000.0;non attribuable;;1.0
2021;23750007900312;Région Île-de-France;CP2021-014;2021-01-21;;;;;PARTICIPATION CONCOURS INTERNATIONAL LATIN;Affectation;ULYCDP;PLYC DEPENSES DIRECTES;;PLYC/DPBC;30000.0;30000.0;non attribuable;;1.0
2021;23750007900312;Région Île-de-France;CP2021-097;2021-01-21;19920144300025;0920144G;L'AGORA;Lycées et collèges publics;92 AGORA PUTEAUX RENOVA SAL DE TRAV;Affectation;ULYCDP;PLYC DEPENSES DIRECTES;RENOVATION DE LA SALLE DE TRAVAUX ET DU LABO DE CHIMIE;PLYC/DPBC;250560.0;250560.0;92;UAI;1.0
2021;23750007900312;Région Île-de-France;CP2021-075;2021-01-21;;;;;ONISEP PAGES PDF CARNET;Affectation;ULYCDP;PLYC DEPENSES DIRECTES;ONISEP PAGES PDF CARNET D 'ADRESSES GUIDE POST BAC;PLYC/DPBC;3115.4;3115.4;non attribuable;;1.0
2021;23750007900312;Région Île-de-France;CP2021-097;2021-01-21;19920163300013;0920163C;LOUIS GIRARD;Lycées et collèges publics;L GIRARD 92 MALAKOFF TX DE RESOLUT D 1 PROBLEMATIQUE DE SURCHAUFFE D UNE SALLE DE CLASSE;Affectation;ULYCDP;PLYC DEPENSES DIRECTES;"Travaux de résolution d'une problématique de surchauffe
de salles de classe.";PLYC/DPM;35000.0;35000.0;92;UAI;1.0
2021;23750007900312;Région Île-de-France;CP2021-075;2021-01-21;;;;;MAC INFORMATIQUE CMR;Affectation;ULYCDP;PLYC DEPENSES DIRECTES;;PLYC/DAGE;730000.0;730000.0;non attribuable;;1.0
2021;23750007900312;Région Île-de-France;CP2021-097;2021-01-21;19940123300010;0940123Y;GUILLAUME APOLLINAIRE;Lycées et collèges publics;94 APOLINAI THIAIS TVX REAG REFEC;Affectation;ULYCDP;PLYC DEPENSES DIRECTES;TRAVAUX DE REAMENAGEMENT DU REFECTOIRE;PLYC/DPBC;700000.0;700000.0;94;UAI;1.0
2021;23750007900312;Région Île-de-France;CP2021-097;2021-01-21;19780422200028;0780422K;FRANCOIS VILLON - LES MUREAUX;Lycées et collèges publics;78 F VILLON MUREAUX  RESTRUCT LAVERIE;Affectation;ULYCDP;PLYC DEPENSES DIRECTES;REFECTION D ELA LAVERIE AVEC MISE EN PLACE D'UN TRI SELECTIF;PLYC/DPBC;650000.0;650000.0;78;UAI;1.0
2021;23750007900312;Région Île-de-France;CP2021-026;2021-01-21;;;;;77 CHELLES LYC BACHELARD/LUMIERE CONSTRUCTION D'UN INTERNAT DE 150 PLACES;Affectation;ULYCDP;PLYC DEPENSES DIRECTES;CONTRAT DE MANDAT N° 1400002MANUL04 SAERP;PLYC/DPBC;74105.0;74105.0;77;numero;1.0
2021;23750007900312;Région Île-de-France;CP2021-081;2021-01-21;;;;;Projet bio local 01_2021 CP janvier 2021;Affectation;ULYCDP;PLYC DEPENSES DIRECTES;;PLYC/LLAB;200000.0;200000.0;non attribuable;;1.0
2021;23750007900312;Région Île-de-France;CP2021-097;2021-01-21;;;;;92 CLICHY COLOMBES VILLENEUVE TRVX TUYAUTERIES VENTILATION;Affectation;ULYCDP;PLYC DEPENSES DIRECTES;;PLYC/DPBC;80000.0;80000.0;92;numero;1.0
2021;23750007900312;Région Île-de-France;CP2021-026;2021-01-21;;;;;PPI/PPR 2010-94 KREMLIN BICETRE MILHAUD;Affectation;ULYCDP;PLYC DEPENSES DIRECTES;RESTRUCTURATION GLOBALE ET EXTENSION;PLYC/DPBC;506524.0;506524.0;94;numero;1.0
2021;23750007900312;Région Île-de-France;CP2021-097;2021-01-21;19780273900015;0780273Y;LOUIS BLERIOT - TRAPPES;Lycées et collèges publics;78 BLERIOT TRAP TRAVX DEMI P;Affectation;ULYCDP;PLYC DEPENSES DIRECTES;TRAVAUX DE MESURES CONSERVATOIRES OUR LA DEM IPENSION;PLYC/DPBC;680000.0;680000.0;78;UAI;1.0
2021;23750007900312;Région Île-de-France;CP2021-097;2021-01-21;19781819800016;0781819D;EMILIE DE BRETEUIL;Lycées et collèges publics;78 E BRETEUIL MONTI RENOV TOIT;Affectation;ULYCDP;PLYC DEPENSES DIRECTES;RENOVATION DES TOITURES BAT GENERAL ET TECHNIQUE;PLYC/DPBC;520000.0;520000.0;78;UAI;1.0
2021;23750007900312;Région Île-de-France;CP2021-092;2021-01-21;;;;;MAC D'ASSISTANCE M.O. + ACCORD-CADRE SUR LES ETUDES RELATIVES A LA SURETE DES LYCEES FRANCILIENS;Affectation;ULYCDP;PLYC DEPENSES DIRECTES;;PLYC/DPBC;1000000.0;1000000.0;non attribuable;;1.0
2021;23750007900312;Région Île-de-France;CP2021-026;2021-01-21;;;;;DEFINITION ET REALISATION D’UN OUTIL DE SUIVI ET DE REPORTING DES OPERATIONS INSCRITES DANS LES PROGRAMMES DES INVESTISSEMENTS ET DE MAINTENANCE.;Affectation;ULYCDP;PLYC DEPENSES DIRECTES;;PLYC/LLAB;108000.0;108000.0;non attribuable;;1.0
2021;23750007900312;Région Île-de-France;CP2021-097;2021-01-21;;;;;77 CHAILLY BRETONNIERE RENOV ET RESTRUCTURATION DE LA PLONGE;Affectation;ULYCDP;PLYC DEPENSES DIRECTES;;PLYC/DPBC;250000.0;250000.0;77;numero;1.0
2021;23750007900312;Région Île-de-France;CP2021-075;2021-01-21;;;;;MAC INFORMATIQUE EPLE;Affectation;ULYCDP;PLYC DEPENSES DIRECTES;;PLYC/DAGE;12670000.0;12670000.0;non attribuable;;1.0
2021;23750007900312;Région Île-de-France;CP2021-090;2021-01-21;;;;;FRAIS ADDUCT THD;Affectation;ULYCDP;PLYC DEPENSES DIRECTES;FRAIS ADDUCTION ET ACCES INTERNET;PLYC/DPBC;354000.0;354000.0;non attribuable;;1.0
2021;23750007900312;Région Île-de-France;CP2021-014;2021-01-21;;;;;ORGANISATION DE LA RESTITUTION DES VOYAGES A AUSCHWITZ-BIRKENAU;Affectation;ULYCDP;PLYC DEPENSES DIRECTES;;PLYC/DRE;10000.0;10000.0;non attribuable;;1.0
2021;23750007900312;Région Île-de-France;CP2021-097;2021-01-21;19770920700017;0770920G;LYCEE LA FAYETTE;Lycées et collèges publics;LAFAYETTE 77 CHAMP S/ MARN TVX REPRISE  DES VESTIAIRES;Affectation;ULYCDP;PLYC DEPENSES DIRECTES;TRAVAUX DE REPRISE DES VESTIAIRES ET REAMENAGEMENT PARTIEL DE LA DEMI-PENSION;PLYC/DPBC;35452.0;35452.0;77;UAI;1.0
2021;23750007900312;Région Île-de-France;CP2021-075;2021-01-21;;;;;MAC MOBILIER SCOLAIRE EPLE;Affectation;ULYCDP;PLYC DEPENSES DIRECTES;;PLYC/DAGE;7114000.0;7114000.0;non attribuable;;1.0
2021;23750007900312;Région Île-de-France;CP2021-026;2021-01-21;;;;;PPI / PPR 2011 - EPINAY SUR SEINE LYC JACQUES FEYDER P 4;Affectation;ULYCDP;PLYC DEPENSES DIRECTES;;PLYC/DPBC;60785.0;60785.0;93;commune;1.0
2021;23750007900312;Région Île-de-France;CP2021-097;2021-01-21;19911493500018;0911493D;LES FRERES MOREAU;Lycées et collèges publics;MOREAU  QUINCY 91 MOE RENOV TOITURES;Affectation;ULYCDP;PLYC DEPENSES DIRECTES;MOE RENOVATION DES TOITURES;PLYC/DPBC;750000.0;750000.0;91;UAI;1.0
2021;23750007900312;Région Île-de-France;CP2021-026;2021-01-21;;;;;94 CHAMPIGNY MICHEL ET WALLON RG RESTRUCT GLOBALE;Affectation;ULYCDP;PLYC DEPENSES DIRECTES;;PLYC/DPBC;14300000.0;14300000.0;94;numero;1.0
2021;23750007900312;Région Île-de-France;CP2021-096;2021-01-21;;;;;99 MAINTENANCE ET FOURNITURE ELECTRICITE DANS LYCEES FRANCILIENS;Affectation;ULYCDP;PLYC DEPENSES DIRECTES;;PLYC/DPBC;12000000.0;12000000.0;regional;numero 99;1.0
2021;23750007900312;Région Île-de-France;CP2021-097;2021-01-21;20006116600019;0952196W;GUSTAVE MONOD;Lycées et collèges publics;95 ENGHIEN G MONOD REFECT FACADES ET COUV DU CHATEAU LEON;Affectation;ULYCDP;PLYC DEPENSES DIRECTES;REFECTION DES FACADES ET COUVERTURE DU CHATEAU LEON;PLYC/DPM;2235000.0;2235000.0;95;UAI;1.0
