entite;groupe;nature;poste;montant;annee
Essonne;221 Collèges;F_achats_charges_externes;F3 Entretien, réparations, maintenance, nettoyage (6152x, 6155, 6156, 6283);853876.29;2012
Essonne;221 Collèges;F_achats_charges_externes;F6 Autres achats et charges externes (60-62);1299733.63;2012
Essonne;221 Collèges;F_autres;F11 Autres charges de fonctionnement;10515.4;2012
Essonne;221 Collèges;F_autres;F9 Autres subventions et participations (65x);4821327.85;2012
Essonne;221 Collèges;F_interventions;F7 Dotations de fonctionnement aux collèges publics (655111);17526513.34;2012
Essonne;221 Collèges;F_interventions;F8 Dotations de fonctionnement aux collèges privés (655112);3897870.77;2012
Essonne;221 Collèges;F_interventions;F9 Autres subventions et participations (65x);1544843.6;2012
Essonne;221 Collèges;F_personnel;F1 Personnel (621, 631, 633, 64);56000.0;2012
Essonne;221 Collèges;I_autres;I7 Autres investissements (13, 26, 27, 45x hors 455, 481);0.0;2012
Essonne;221 Collèges;I_equipement;I1 Terrains, constructions, rénovations, gros travaux, avances (211-214, 217, 231x, 236-238);28702162.67;2012
Essonne;221 Collèges;I_equipement;I3 Mobilier, informatique, matériel (215x, 218x);5862050.84;2012
Essonne;221 Collèges;I_equipement;I4 Études, logiciels, incorporels (20 hors 204);826710.21;2012
Essonne;221 Collèges;I_subventions_equipement_versees;I5 Subventions d'équipement versées (204, 2324);456593.04;2012
Essonne;23-27 Hors scolaire;F_achats_charges_externes;F6 Autres achats et charges externes (60-62);297.45;2012
Essonne;23-27 Hors scolaire;F_interventions;F9 Autres subventions et participations (65x);390580.0;2012
Essonne;23-27 Hors scolaire;I_equipement;I1 Terrains, constructions, rénovations, gros travaux, avances (211-214, 217, 231x, 236-238);307898.24;2012
Essonne;23-27 Hors scolaire;I_equipement;I4 Études, logiciels, incorporels (20 hors 204);318140.55;2012
Essonne;23-27 Hors scolaire;I_subventions_equipement_versees;I5 Subventions d'équipement versées (204, 2324);4533637.82;2012
Essonne;28 Services annexes;F_achats_charges_externes;F2 Énergie et eau (60611-60613, 60621-60622);5625.17;2012
Essonne;28 Services annexes;F_achats_charges_externes;F3 Entretien, réparations, maintenance, nettoyage (6152x, 6155, 6156, 6283);43080.26;2012
Essonne;28 Services annexes;F_achats_charges_externes;F5 Locations et charges locatives (613, 614);114023.91;2012
Essonne;28 Services annexes;F_achats_charges_externes;F6 Autres achats et charges externes (60-62);18512.82;2012
Essonne;28 Services annexes;F_interventions;F9 Autres subventions et participations (65x);133504.41999999998;2012
Essonne;28 Services annexes;I_equipement;I3 Mobilier, informatique, matériel (215x, 218x);9410.94;2012
Hauts-de-Seine;20 Services communs;F_achats_charges_externes;F6 Autres achats et charges externes (60-62);270616.05;2012
Hauts-de-Seine;20 Services communs;F_interventions;F9 Autres subventions et participations (65x);168985.59;2012
Hauts-de-Seine;20 Services communs;F_personnel;F1 Personnel (621, 631, 633, 64);5426551.61;2012
Hauts-de-Seine;20 Services communs;I_equipement;I3 Mobilier, informatique, matériel (215x, 218x);31605.84;2012
Hauts-de-Seine;21 Premier degré;F_interventions;F9 Autres subventions et participations (65x);20000.0;2012
Hauts-de-Seine;21 Premier degré;F_personnel;F1 Personnel (621, 631, 633, 64);16065.789999999999;2012
Hauts-de-Seine;21 Premier degré;I_equipement;I3 Mobilier, informatique, matériel (215x, 218x);0.0;2012
Hauts-de-Seine;221 Collèges;F_achats_charges_externes;F2 Énergie et eau (60611-60613, 60621-60622);28206.64;2012
Hauts-de-Seine;221 Collèges;F_achats_charges_externes;F3 Entretien, réparations, maintenance, nettoyage (6152x, 6155, 6156, 6283);5550135.18;2012
Hauts-de-Seine;221 Collèges;F_achats_charges_externes;F4 Contrats de prestations de services (611);797139.5;2012
Hauts-de-Seine;221 Collèges;F_achats_charges_externes;F5 Locations et charges locatives (613, 614);909.22;2012
Hauts-de-Seine;221 Collèges;F_achats_charges_externes;F6 Autres achats et charges externes (60-62);12876520.53;2012
Hauts-de-Seine;221 Collèges;F_autres;F11 Autres charges de fonctionnement;39552.52;2012
Hauts-de-Seine;221 Collèges;F_charges_financieres;F10 Charges financières (66);1448358.07;2012
Hauts-de-Seine;221 Collèges;F_interventions;F7 Dotations de fonctionnement aux collèges publics (655111);20885393.85;2012
Hauts-de-Seine;221 Collèges;F_interventions;F8 Dotations de fonctionnement aux collèges privés (655112);9198040.06;2012
Hauts-de-Seine;221 Collèges;F_interventions;F9 Autres subventions et participations (65x);4115136.46;2012
Hauts-de-Seine;221 Collèges;F_personnel;F1 Personnel (621, 631, 633, 64);30198094.58;2012
Hauts-de-Seine;221 Collèges;I_PPP_remboursement_capital_1675;I0 Remboursement en capital des marchés de partenariat (1675);1800399.25;2012
Hauts-de-Seine;221 Collèges;I_autres;I7 Autres investissements (13, 26, 27, 45x hors 455, 481);0.0;2012
Hauts-de-Seine;221 Collèges;I_equipement;I1 Terrains, constructions, rénovations, gros travaux, avances (211-214, 217, 231x, 236-238);47568887.95;2012
Hauts-de-Seine;221 Collèges;I_equipement;I3 Mobilier, informatique, matériel (215x, 218x);6067441.51;2012
Hauts-de-Seine;221 Collèges;I_equipement;I4 Études, logiciels, incorporels (20 hors 204);1682088.3299999998;2012
Hauts-de-Seine;222-224 Lycées;F_achats_charges_externes;F3 Entretien, réparations, maintenance, nettoyage (6152x, 6155, 6156, 6283);55627.59;2012
Hauts-de-Seine;222-224 Lycées;F_autres;F11 Autres charges de fonctionnement;276295.0;2012
Hauts-de-Seine;23-27 Hors scolaire;F_achats_charges_externes;F3 Entretien, réparations, maintenance, nettoyage (6152x, 6155, 6156, 6283);89968.04;2012
Hauts-de-Seine;23-27 Hors scolaire;F_achats_charges_externes;F6 Autres achats et charges externes (60-62);155240.8;2012
Hauts-de-Seine;23-27 Hors scolaire;F_interventions;F9 Autres subventions et participations (65x);8192334.0;2012
Hauts-de-Seine;23-27 Hors scolaire;I_equipement;I1 Terrains, constructions, rénovations, gros travaux, avances (211-214, 217, 231x, 236-238);1954336.08;2012
Hauts-de-Seine;28 Services annexes;F_achats_charges_externes;F2 Énergie et eau (60611-60613, 60621-60622);13242.6;2012
Hauts-de-Seine;28 Services annexes;F_achats_charges_externes;F3 Entretien, réparations, maintenance, nettoyage (6152x, 6155, 6156, 6283);66627.31;2012
Hauts-de-Seine;28 Services annexes;F_achats_charges_externes;F5 Locations et charges locatives (613, 614);223175.93;2012
Hauts-de-Seine;28 Services annexes;F_achats_charges_externes;F6 Autres achats et charges externes (60-62);878180.38;2012
Hauts-de-Seine;28 Services annexes;F_interventions;F9 Autres subventions et participations (65x);1661658.77;2012
Hauts-de-Seine;28 Services annexes;F_personnel;F1 Personnel (621, 631, 633, 64);5139819.24;2012
Hauts-de-Seine;dette 1675 (hors fonction 2);I_PPP_remboursement_capital_1675;I0 Remboursement en capital des marchés de partenariat (1675);0.0;2012
Paris;221 Collèges;F_achats_charges_externes;F3 Entretien, réparations, maintenance, nettoyage (6152x, 6155, 6156, 6283);2323733.5500000003;2012
Paris;221 Collèges;F_achats_charges_externes;F4 Contrats de prestations de services (611);19908.62;2012
Paris;221 Collèges;F_achats_charges_externes;F5 Locations et charges locatives (613, 614);2544.02;2012
Paris;221 Collèges;F_achats_charges_externes;F6 Autres achats et charges externes (60-62);119050.53;2012
Paris;221 Collèges;F_autres;F11 Autres charges de fonctionnement;9670.0;2012
Paris;221 Collèges;F_interventions;F7 Dotations de fonctionnement aux collèges publics (655111);19548111.87;2012
Paris;221 Collèges;F_interventions;F8 Dotations de fonctionnement aux collèges privés (655112);16968108.56;2012
Paris;221 Collèges;F_interventions;F9 Autres subventions et participations (65x);4573695.0;2012
Paris;221 Collèges;F_personnel;F1 Personnel (621, 631, 633, 64);27465366.540000003;2012
Paris;221 Collèges;I_autres;I2 Opérations sous mandat des EPLE (455);104.89;2012
Paris;221 Collèges;I_autres;I7 Autres investissements (13, 26, 27, 45x hors 455, 481);0.0;2012
Paris;221 Collèges;I_equipement;I1 Terrains, constructions, rénovations, gros travaux, avances (211-214, 217, 231x, 236-238);18876897.95;2012
Paris;221 Collèges;I_equipement;I3 Mobilier, informatique, matériel (215x, 218x);89720.16;2012
Paris;221 Collèges;I_equipement;I4 Études, logiciels, incorporels (20 hors 204);43976.93;2012
Paris;221 Collèges;I_subventions_equipement_versees;I5 Subventions d'équipement versées (204, 2324);4176460.0;2012
Paris;222-224 Lycées;F_achats_charges_externes;F3 Entretien, réparations, maintenance, nettoyage (6152x, 6155, 6156, 6283);57322.9;2012
Paris;222-224 Lycées;F_achats_charges_externes;F5 Locations et charges locatives (613, 614);7452.14;2012
Paris;222-224 Lycées;F_achats_charges_externes;F6 Autres achats et charges externes (60-62);6604.97;2012
Paris;222-224 Lycées;F_interventions;F7 Dotations de fonctionnement aux collèges publics (655111);22805.0;2012
Paris;222-224 Lycées;I_autres;I2 Opérations sous mandat des EPLE (455);9316110.540000001;2012
Paris;222-224 Lycées;I_autres;I7 Autres investissements (13, 26, 27, 45x hors 455, 481);0.0;2012
Paris;222-224 Lycées;I_equipement;I1 Terrains, constructions, rénovations, gros travaux, avances (211-214, 217, 231x, 236-238);2356057.2;2012
Paris;222-224 Lycées;I_subventions_equipement_versees;I5 Subventions d'équipement versées (204, 2324);18163.0;2012
Paris;23-27 Hors scolaire;I_subventions_equipement_versees;I5 Subventions d'équipement versées (204, 2324);9490000.0;2012
Paris;28 Services annexes;F_achats_charges_externes;F2 Énergie et eau (60611-60613, 60621-60622);737.35;2012
Paris;28 Services annexes;F_achats_charges_externes;F3 Entretien, réparations, maintenance, nettoyage (6152x, 6155, 6156, 6283);179644.62;2012
Paris;28 Services annexes;F_achats_charges_externes;F5 Locations et charges locatives (613, 614);75677.3;2012
Paris;28 Services annexes;F_achats_charges_externes;F6 Autres achats et charges externes (60-62);353318.65;2012
Paris;28 Services annexes;F_autres;F11 Autres charges de fonctionnement;1473.0;2012
Paris;28 Services annexes;F_interventions;F9 Autres subventions et participations (65x);150000.5;2012
Paris;28 Services annexes;F_personnel;F1 Personnel (621, 631, 633, 64);19719580.360000003;2012
Paris;28 Services annexes;I_equipement;I1 Terrains, constructions, rénovations, gros travaux, avances (211-214, 217, 231x, 236-238);10276.15;2012
Paris;28 Services annexes;I_equipement;I3 Mobilier, informatique, matériel (215x, 218x);43185.14;2012
Seine-Saint-Denis;20 Services communs;F_achats_charges_externes;F6 Autres achats et charges externes (60-62);241475.22;2012
Seine-Saint-Denis;20 Services communs;F_personnel;F1 Personnel (621, 631, 633, 64);975120.2;2012
Seine-Saint-Denis;221 Collèges;F_achats_charges_externes;F2 Énergie et eau (60611-60613, 60621-60622);1258.31;2012
Seine-Saint-Denis;221 Collèges;F_achats_charges_externes;F3 Entretien, réparations, maintenance, nettoyage (6152x, 6155, 6156, 6283);3564844.61;2012
Seine-Saint-Denis;221 Collèges;F_achats_charges_externes;F4 Contrats de prestations de services (611);111110.87;2012
Seine-Saint-Denis;221 Collèges;F_achats_charges_externes;F5 Locations et charges locatives (613, 614);5843.62;2012
Seine-Saint-Denis;221 Collèges;F_achats_charges_externes;F6 Autres achats et charges externes (60-62);969157.99;2012
Seine-Saint-Denis;221 Collèges;F_autres;F11 Autres charges de fonctionnement;229993.35;2012
Seine-Saint-Denis;221 Collèges;F_interventions;F7 Dotations de fonctionnement aux collèges publics (655111);24231162.31;2012
Seine-Saint-Denis;221 Collèges;F_interventions;F8 Dotations de fonctionnement aux collèges privés (655112);6943162.93;2012
Seine-Saint-Denis;221 Collèges;F_interventions;F9 Autres subventions et participations (65x);901901.11;2012
Seine-Saint-Denis;221 Collèges;F_personnel;F1 Personnel (621, 631, 633, 64);52928374.55;2012
Seine-Saint-Denis;221 Collèges;I_autres;I7 Autres investissements (13, 26, 27, 45x hors 455, 481);0.0;2012
Seine-Saint-Denis;221 Collèges;I_equipement;I1 Terrains, constructions, rénovations, gros travaux, avances (211-214, 217, 231x, 236-238);48489522.3;2012
Seine-Saint-Denis;221 Collèges;I_equipement;I3 Mobilier, informatique, matériel (215x, 218x);3587397.2699999996;2012
Seine-Saint-Denis;221 Collèges;I_equipement;I4 Études, logiciels, incorporels (20 hors 204);2572944.09;2012
Seine-Saint-Denis;221 Collèges;I_equipement;I6 Autres immobilisations (21, 23);13921367.88;2012
Seine-Saint-Denis;221 Collèges;I_subventions_equipement_versees;I5 Subventions d'équipement versées (204, 2324);3410636.5300000003;2012
Seine-Saint-Denis;222-224 Lycées;F_achats_charges_externes;F2 Énergie et eau (60611-60613, 60621-60622);58257.159999999996;2012
Seine-Saint-Denis;222-224 Lycées;F_achats_charges_externes;F3 Entretien, réparations, maintenance, nettoyage (6152x, 6155, 6156, 6283);78185.18;2012
Seine-Saint-Denis;222-224 Lycées;F_achats_charges_externes;F5 Locations et charges locatives (613, 614);5398.0;2012
Seine-Saint-Denis;222-224 Lycées;F_achats_charges_externes;F6 Autres achats et charges externes (60-62);34746.79;2012
Seine-Saint-Denis;222-224 Lycées;F_interventions;F7 Dotations de fonctionnement aux collèges publics (655111);293849.0;2012
Seine-Saint-Denis;222-224 Lycées;F_interventions;F9 Autres subventions et participations (65x);326266.61;2012
Seine-Saint-Denis;222-224 Lycées;F_personnel;F1 Personnel (621, 631, 633, 64);214595.15;2012
Seine-Saint-Denis;23-27 Hors scolaire;F_interventions;F9 Autres subventions et participations (65x);71000.0;2012
Seine-Saint-Denis;28 Services annexes;F_achats_charges_externes;F2 Énergie et eau (60611-60613, 60621-60622);3009.1;2012
Seine-Saint-Denis;28 Services annexes;F_achats_charges_externes;F3 Entretien, réparations, maintenance, nettoyage (6152x, 6155, 6156, 6283);56161.42;2012
Seine-Saint-Denis;28 Services annexes;F_achats_charges_externes;F5 Locations et charges locatives (613, 614);135418.42;2012
Seine-Saint-Denis;28 Services annexes;F_achats_charges_externes;F6 Autres achats et charges externes (60-62);31411.53;2012
Seine-Saint-Denis;28 Services annexes;I_equipement;I1 Terrains, constructions, rénovations, gros travaux, avances (211-214, 217, 231x, 236-238);4608.97;2012
Seine-Saint-Denis;28 Services annexes;I_equipement;I3 Mobilier, informatique, matériel (215x, 218x);1770.92;2012
Seine-et-Marne;20 Services communs;F_achats_charges_externes;F4 Contrats de prestations de services (611);91100.76;2012
Seine-et-Marne;20 Services communs;F_achats_charges_externes;F5 Locations et charges locatives (613, 614);26408.13;2012
Seine-et-Marne;20 Services communs;F_achats_charges_externes;F6 Autres achats et charges externes (60-62);38718.26;2012
Seine-et-Marne;20 Services communs;F_personnel;F1 Personnel (621, 631, 633, 64);43882147.94;2012
Seine-et-Marne;21 Premier degré;F_interventions;F9 Autres subventions et participations (65x);61434.58;2012
Seine-et-Marne;21 Premier degré;I_subventions_equipement_versees;I5 Subventions d'équipement versées (204, 2324);888506.97;2012
Seine-et-Marne;221 Collèges;F_achats_charges_externes;F3 Entretien, réparations, maintenance, nettoyage (6152x, 6155, 6156, 6283);5618252.91;2012
Seine-et-Marne;221 Collèges;F_achats_charges_externes;F4 Contrats de prestations de services (611);439017.72;2012
Seine-et-Marne;221 Collèges;F_achats_charges_externes;F5 Locations et charges locatives (613, 614);882085.11;2012
Seine-et-Marne;221 Collèges;F_achats_charges_externes;F6 Autres achats et charges externes (60-62);512179.29000000004;2012
Seine-et-Marne;221 Collèges;F_autres;F11 Autres charges de fonctionnement;68874.5;2012
Seine-et-Marne;221 Collèges;F_interventions;F7 Dotations de fonctionnement aux collèges publics (655111);18252592.43;2012
Seine-et-Marne;221 Collèges;F_interventions;F8 Dotations de fonctionnement aux collèges privés (655112);4220374.89;2012
Seine-et-Marne;221 Collèges;F_interventions;F9 Autres subventions et participations (65x);2003308.52;2012
Seine-et-Marne;221 Collèges;I_autres;I7 Autres investissements (13, 26, 27, 45x hors 455, 481);0.0;2012
Seine-et-Marne;221 Collèges;I_equipement;I1 Terrains, constructions, rénovations, gros travaux, avances (211-214, 217, 231x, 236-238);49439304.79000001;2012
Seine-et-Marne;221 Collèges;I_equipement;I3 Mobilier, informatique, matériel (215x, 218x);3969067.04;2012
Seine-et-Marne;221 Collèges;I_equipement;I4 Études, logiciels, incorporels (20 hors 204);2902991.32;2012
Seine-et-Marne;221 Collèges;I_subventions_equipement_versees;I5 Subventions d'équipement versées (204, 2324);436068.46;2012
Seine-et-Marne;222-224 Lycées;F_autres;F11 Autres charges de fonctionnement;1530.0;2012
Seine-et-Marne;23-27 Hors scolaire;F_interventions;F9 Autres subventions et participations (65x);2240000.0;2012
Seine-et-Marne;23-27 Hors scolaire;I_subventions_equipement_versees;I5 Subventions d'équipement versées (204, 2324);284971.77;2012
Seine-et-Marne;28 Services annexes;F_achats_charges_externes;F2 Énergie et eau (60611-60613, 60621-60622);12446.09;2012
Seine-et-Marne;28 Services annexes;F_achats_charges_externes;F3 Entretien, réparations, maintenance, nettoyage (6152x, 6155, 6156, 6283);41927.02;2012
Seine-et-Marne;28 Services annexes;F_achats_charges_externes;F4 Contrats de prestations de services (611);528441.72;2012
Seine-et-Marne;28 Services annexes;F_achats_charges_externes;F5 Locations et charges locatives (613, 614);323414.25;2012
Seine-et-Marne;28 Services annexes;F_achats_charges_externes;F6 Autres achats et charges externes (60-62);102236.73999999999;2012
Seine-et-Marne;28 Services annexes;F_interventions;F9 Autres subventions et participations (65x);102700.0;2012
Seine-et-Marne;28 Services annexes;I_equipement;I3 Mobilier, informatique, matériel (215x, 218x);24062.93;2012
Val-d'Oise;20 Services communs;F_achats_charges_externes;F6 Autres achats et charges externes (60-62);10302.23;2012
Val-d'Oise;20 Services communs;F_interventions;F9 Autres subventions et participations (65x);50000.0;2012
Val-d'Oise;20 Services communs;F_personnel;F1 Personnel (621, 631, 633, 64);36858738.34;2012
Val-d'Oise;21 Premier degré;I_subventions_equipement_versees;I5 Subventions d'équipement versées (204, 2324);9612402.29;2012
Val-d'Oise;221 Collèges;F_achats_charges_externes;F3 Entretien, réparations, maintenance, nettoyage (6152x, 6155, 6156, 6283);4928726.619999999;2012
Val-d'Oise;221 Collèges;F_achats_charges_externes;F5 Locations et charges locatives (613, 614);68820.26000000001;2012
Val-d'Oise;221 Collèges;F_achats_charges_externes;F6 Autres achats et charges externes (60-62);1136589.22;2012
Val-d'Oise;221 Collèges;F_autres;F11 Autres charges de fonctionnement;72287.0;2012
Val-d'Oise;221 Collèges;F_interventions;F7 Dotations de fonctionnement aux collèges publics (655111);19828062.27;2012
Val-d'Oise;221 Collèges;F_interventions;F8 Dotations de fonctionnement aux collèges privés (655112);6327116.0;2012
Val-d'Oise;221 Collèges;F_interventions;F9 Autres subventions et participations (65x);3041595.69;2012
Val-d'Oise;221 Collèges;I_autres;I7 Autres investissements (13, 26, 27, 45x hors 455, 481);0.0;2012
Val-d'Oise;221 Collèges;I_equipement;I1 Terrains, constructions, rénovations, gros travaux, avances (211-214, 217, 231x, 236-238);20948415.43;2012
Val-d'Oise;221 Collèges;I_equipement;I3 Mobilier, informatique, matériel (215x, 218x);4531549.37;2012
Val-d'Oise;221 Collèges;I_equipement;I4 Études, logiciels, incorporels (20 hors 204);136319.41999999998;2012
Val-d'Oise;221 Collèges;I_subventions_equipement_versees;I5 Subventions d'équipement versées (204, 2324);775572.72;2012
Val-d'Oise;23-27 Hors scolaire;F_achats_charges_externes;F3 Entretien, réparations, maintenance, nettoyage (6152x, 6155, 6156, 6283);16360.3;2012
Val-d'Oise;23-27 Hors scolaire;F_achats_charges_externes;F6 Autres achats et charges externes (60-62);8372.0;2012
Val-d'Oise;23-27 Hors scolaire;I_equipement;I1 Terrains, constructions, rénovations, gros travaux, avances (211-214, 217, 231x, 236-238);121121.5;2012
Val-d'Oise;23-27 Hors scolaire;I_subventions_equipement_versees;I5 Subventions d'équipement versées (204, 2324);300000.0;2012
Val-d'Oise;28 Services annexes;F_achats_charges_externes;F2 Énergie et eau (60611-60613, 60621-60622);23168.53;2012
Val-d'Oise;28 Services annexes;F_achats_charges_externes;F3 Entretien, réparations, maintenance, nettoyage (6152x, 6155, 6156, 6283);91131.93000000001;2012
Val-d'Oise;28 Services annexes;F_achats_charges_externes;F5 Locations et charges locatives (613, 614);48957.99;2012
Val-d'Oise;28 Services annexes;F_achats_charges_externes;F6 Autres achats et charges externes (60-62);750398.25;2012
Val-d'Oise;28 Services annexes;F_interventions;F9 Autres subventions et participations (65x);1683359.96;2012
Val-d'Oise;28 Services annexes;I_equipement;I1 Terrains, constructions, rénovations, gros travaux, avances (211-214, 217, 231x, 236-238);4241.99;2012
Val-d'Oise;28 Services annexes;I_equipement;I3 Mobilier, informatique, matériel (215x, 218x);91490.57;2012
Val-d'Oise;28 Services annexes;I_equipement;I4 Études, logiciels, incorporels (20 hors 204);24510.4;2012
Val-de-Marne;20 Services communs;F_achats_charges_externes;F6 Autres achats et charges externes (60-62);688145.8;2012
Val-de-Marne;20 Services communs;F_personnel;F1 Personnel (621, 631, 633, 64);2477563.09;2012
Val-de-Marne;21 Premier degré;F_achats_charges_externes;F6 Autres achats et charges externes (60-62);0.0;2012
Val-de-Marne;21 Premier degré;F_interventions;F9 Autres subventions et participations (65x);55807.0;2012
Val-de-Marne;221 Collèges;F_achats_charges_externes;F3 Entretien, réparations, maintenance, nettoyage (6152x, 6155, 6156, 6283);6045283.569999999;2012
Val-de-Marne;221 Collèges;F_achats_charges_externes;F5 Locations et charges locatives (613, 614);35821.68;2012
Val-de-Marne;221 Collèges;F_achats_charges_externes;F6 Autres achats et charges externes (60-62);932840.2;2012
Val-de-Marne;221 Collèges;F_interventions;F7 Dotations de fonctionnement aux collèges publics (655111);14379660.62;2012
Val-de-Marne;221 Collèges;F_interventions;F8 Dotations de fonctionnement aux collèges privés (655112);6975039.96;2012
Val-de-Marne;221 Collèges;F_interventions;F9 Autres subventions et participations (65x);3085302.42;2012
Val-de-Marne;221 Collèges;F_personnel;F1 Personnel (621, 631, 633, 64);32444485.4;2012
Val-de-Marne;221 Collèges;I_autres;I7 Autres investissements (13, 26, 27, 45x hors 455, 481);552328.99;2012
Val-de-Marne;221 Collèges;I_equipement;I1 Terrains, constructions, rénovations, gros travaux, avances (211-214, 217, 231x, 236-238);48803725.830000006;2012
Val-de-Marne;221 Collèges;I_equipement;I3 Mobilier, informatique, matériel (215x, 218x);9059277.319999998;2012
Val-de-Marne;221 Collèges;I_equipement;I4 Études, logiciels, incorporels (20 hors 204);335924.49;2012
Val-de-Marne;221 Collèges;I_subventions_equipement_versees;I5 Subventions d'équipement versées (204, 2324);267514.86;2012
Val-de-Marne;23-27 Hors scolaire;F_achats_charges_externes;F6 Autres achats et charges externes (60-62);4914.3;2012
Val-de-Marne;23-27 Hors scolaire;F_autres;F11 Autres charges de fonctionnement;21400.0;2012
Val-de-Marne;23-27 Hors scolaire;F_interventions;F9 Autres subventions et participations (65x);22714.0;2012
Val-de-Marne;23-27 Hors scolaire;I_subventions_equipement_versees;I5 Subventions d'équipement versées (204, 2324);196898.0;2012
Val-de-Marne;28 Services annexes;F_achats_charges_externes;F2 Énergie et eau (60611-60613, 60621-60622);1342.59;2012
Val-de-Marne;28 Services annexes;F_achats_charges_externes;F3 Entretien, réparations, maintenance, nettoyage (6152x, 6155, 6156, 6283);77882.14;2012
Val-de-Marne;28 Services annexes;F_achats_charges_externes;F4 Contrats de prestations de services (611);478.52;2012
Val-de-Marne;28 Services annexes;F_achats_charges_externes;F5 Locations et charges locatives (613, 614);230898.6;2012
Val-de-Marne;28 Services annexes;F_achats_charges_externes;F6 Autres achats et charges externes (60-62);92148.31;2012
Val-de-Marne;28 Services annexes;F_interventions;F9 Autres subventions et participations (65x);252430.0;2012
Val-de-Marne;28 Services annexes;I_autres;I7 Autres investissements (13, 26, 27, 45x hors 455, 481);0.0;2012
Val-de-Marne;28 Services annexes;I_equipement;I1 Terrains, constructions, rénovations, gros travaux, avances (211-214, 217, 231x, 236-238);62604.11;2012
Val-de-Marne;28 Services annexes;I_equipement;I3 Mobilier, informatique, matériel (215x, 218x);25563.39;2012
Val-de-Marne;28 Services annexes;I_equipement;I4 Études, logiciels, incorporels (20 hors 204);190.46;2012
Val-de-Marne;28 Services annexes;I_subventions_equipement_versees;I5 Subventions d'équipement versées (204, 2324);15244.0;2012
Yvelines;20 Services communs;F_achats_charges_externes;F2 Énergie et eau (60611-60613, 60621-60622);2354445.1799999997;2012
Yvelines;20 Services communs;F_achats_charges_externes;F3 Entretien, réparations, maintenance, nettoyage (6152x, 6155, 6156, 6283);2551797.91;2012
Yvelines;20 Services communs;F_achats_charges_externes;F5 Locations et charges locatives (613, 614);2869238.24;2012
Yvelines;20 Services communs;F_achats_charges_externes;F6 Autres achats et charges externes (60-62);8927406.5;2012
Yvelines;20 Services communs;F_autres;F11 Autres charges de fonctionnement;716292.75;2012
Yvelines;20 Services communs;F_interventions;F9 Autres subventions et participations (65x);408260.31;2012
Yvelines;20 Services communs;F_personnel;F1 Personnel (621, 631, 633, 64);60260119.43;2012
Yvelines;20 Services communs;I_equipement;I1 Terrains, constructions, rénovations, gros travaux, avances (211-214, 217, 231x, 236-238);3415298.1599999997;2012
Yvelines;20 Services communs;I_equipement;I3 Mobilier, informatique, matériel (215x, 218x);1475591.44;2012
Yvelines;20 Services communs;I_equipement;I4 Études, logiciels, incorporels (20 hors 204);1873711.9300000002;2012
Yvelines;20 Services communs;I_subventions_equipement_versees;I5 Subventions d'équipement versées (204, 2324);1200000.0;2012
Yvelines;21 Premier degré;F_autres;F9 Autres subventions et participations (65x);1356000.48;2012
Yvelines;21 Premier degré;F_interventions;F9 Autres subventions et participations (65x);133730.0;2012
Yvelines;21 Premier degré;I_subventions_equipement_versees;I5 Subventions d'équipement versées (204, 2324);1847978.46;2012
Yvelines;221 Collèges;F_achats_charges_externes;F2 Énergie et eau (60611-60613, 60621-60622);965002.74;2012
Yvelines;221 Collèges;F_achats_charges_externes;F3 Entretien, réparations, maintenance, nettoyage (6152x, 6155, 6156, 6283);435972.65;2012
Yvelines;221 Collèges;F_achats_charges_externes;F5 Locations et charges locatives (613, 614);361407.7;2012
Yvelines;221 Collèges;F_achats_charges_externes;F6 Autres achats et charges externes (60-62);645805.3400000001;2012
Yvelines;221 Collèges;F_autres;F11 Autres charges de fonctionnement;274.48;2012
Yvelines;221 Collèges;F_interventions;F7 Dotations de fonctionnement aux collèges publics (655111);15438222.99;2012
Yvelines;221 Collèges;F_interventions;F8 Dotations de fonctionnement aux collèges privés (655112);7064154.0;2012
Yvelines;221 Collèges;F_interventions;F9 Autres subventions et participations (65x);303199.0;2012
Yvelines;221 Collèges;I_autres;I7 Autres investissements (13, 26, 27, 45x hors 455, 481);0.0;2012
Yvelines;221 Collèges;I_equipement;I1 Terrains, constructions, rénovations, gros travaux, avances (211-214, 217, 231x, 236-238);30626872.08;2012
Yvelines;221 Collèges;I_equipement;I3 Mobilier, informatique, matériel (215x, 218x);330858.88;2012
Yvelines;221 Collèges;I_equipement;I4 Études, logiciels, incorporels (20 hors 204);342341.93999999994;2012
Yvelines;221 Collèges;I_subventions_equipement_versees;I5 Subventions d'équipement versées (204, 2324);17007143.380000003;2012
Yvelines;222-224 Lycées;F_interventions;F7 Dotations de fonctionnement aux collèges publics (655111);505790.0;2012
Yvelines;222-224 Lycées;F_interventions;F9 Autres subventions et participations (65x);8693.0;2012
Yvelines;222-224 Lycées;I_autres;I7 Autres investissements (13, 26, 27, 45x hors 455, 481);0.0;2012
Yvelines;222-224 Lycées;I_subventions_equipement_versees;I5 Subventions d'équipement versées (204, 2324);264835.0;2012
Yvelines;23-27 Hors scolaire;F_achats_charges_externes;F5 Locations et charges locatives (613, 614);839.0;2012
Yvelines;23-27 Hors scolaire;F_achats_charges_externes;F6 Autres achats et charges externes (60-62);2541363.99;2012
Yvelines;23-27 Hors scolaire;F_interventions;F9 Autres subventions et participations (65x);684191.0;2012
Yvelines;23-27 Hors scolaire;F_personnel;F1 Personnel (621, 631, 633, 64);452.8;2012
Yvelines;23-27 Hors scolaire;I_equipement;I3 Mobilier, informatique, matériel (215x, 218x);19530.68;2012
Yvelines;23-27 Hors scolaire;I_subventions_equipement_versees;I5 Subventions d'équipement versées (204, 2324);6907763.9;2012
Yvelines;28 Services annexes;F_achats_charges_externes;F2 Énergie et eau (60611-60613, 60621-60622);16748.280000000002;2012
Yvelines;28 Services annexes;F_achats_charges_externes;F3 Entretien, réparations, maintenance, nettoyage (6152x, 6155, 6156, 6283);48433.49;2012
Yvelines;28 Services annexes;F_achats_charges_externes;F5 Locations et charges locatives (613, 614);110727.84999999999;2012
Yvelines;28 Services annexes;F_achats_charges_externes;F6 Autres achats et charges externes (60-62);50586.56;2012
Yvelines;28 Services annexes;F_autres;F11 Autres charges de fonctionnement;944.42;2012
Yvelines;28 Services annexes;F_interventions;F9 Autres subventions et participations (65x);155647.0;2012
Yvelines;28 Services annexes;I_equipement;I1 Terrains, constructions, rénovations, gros travaux, avances (211-214, 217, 231x, 236-238);34445.66;2012
Yvelines;28 Services annexes;I_equipement;I3 Mobilier, informatique, matériel (215x, 218x);10183.12;2012
Yvelines;28 Services annexes;I_subventions_equipement_versees;I5 Subventions d'équipement versées (204, 2324);2290.0;2012
France (départements, Paris, ML, CTU);221 Collèges;F_achats_charges_externes;F2 Énergie et eau (60611-60613, 60621-60622);3914545.81;2012
France (départements, Paris, ML, CTU);221 Collèges;F_achats_charges_externes;F3 Entretien, réparations, maintenance, nettoyage (6152x, 6155, 6156, 6283);92238664.17;2012
France (départements, Paris, ML, CTU);221 Collèges;F_achats_charges_externes;F4 Contrats de prestations de services (611);6332225.72;2012
France (départements, Paris, ML, CTU);221 Collèges;F_achats_charges_externes;F5 Locations et charges locatives (613, 614);24942636.52;2012
France (départements, Paris, ML, CTU);221 Collèges;F_achats_charges_externes;F6 Autres achats et charges externes (60-62);65507603.23;2012
France (départements, Paris, ML, CTU);221 Collèges;F_autres;F11 Autres charges de fonctionnement;2783921.09;2012
France (départements, Paris, ML, CTU);221 Collèges;F_autres;F9 Autres subventions et participations (65x);23902676.8;2012
France (départements, Paris, ML, CTU);221 Collèges;F_charges_financieres;F10 Charges financières (66);3886888.3400000003;2012
France (départements, Paris, ML, CTU);221 Collèges;F_interventions;F7 Dotations de fonctionnement aux collèges publics (655111);686369701.77;2012
France (départements, Paris, ML, CTU);221 Collèges;F_interventions;F8 Dotations de fonctionnement aux collèges privés (655112);333146015.96;2012
France (départements, Paris, ML, CTU);221 Collèges;F_interventions;F9 Autres subventions et participations (65x);97431577.58;2012
France (départements, Paris, ML, CTU);221 Collèges;F_personnel;F1 Personnel (621, 631, 633, 64);851849648.84;2012
France (départements, Paris, ML, CTU);221 Collèges;I_PPP_remboursement_capital_1675;I0 Remboursement en capital des marchés de partenariat (1675);15931670.2;2012
France (départements, Paris, ML, CTU);221 Collèges;I_autres;I2 Opérations sous mandat des EPLE (455);105769.04;2012
France (départements, Paris, ML, CTU);221 Collèges;I_autres;I7 Autres investissements (13, 26, 27, 45x hors 455, 481);30212526.96;2012
France (départements, Paris, ML, CTU);221 Collèges;I_equipement;I1 Terrains, constructions, rénovations, gros travaux, avances (211-214, 217, 231x, 236-238);1540550043.5700002;2012
France (départements, Paris, ML, CTU);221 Collèges;I_equipement;I3 Mobilier, informatique, matériel (215x, 218x);168822735.92;2012
France (départements, Paris, ML, CTU);221 Collèges;I_equipement;I4 Études, logiciels, incorporels (20 hors 204);54003990.85;2012
France (départements, Paris, ML, CTU);221 Collèges;I_equipement;I6 Autres immobilisations (21, 23);15430087.31;2012
France (départements, Paris, ML, CTU);221 Collèges;I_subventions_equipement_versees;I5 Subventions d'équipement versées (204, 2324);102513201.35000001;2012
France catégorie DEPT;221 Collèges;F_achats_charges_externes;F2 Énergie et eau (60611-60613, 60621-60622);3914545.81;2012
France catégorie DEPT;221 Collèges;F_achats_charges_externes;F3 Entretien, réparations, maintenance, nettoyage (6152x, 6155, 6156, 6283);92238664.17;2012
France catégorie DEPT;221 Collèges;F_achats_charges_externes;F4 Contrats de prestations de services (611);6332225.72;2012
France catégorie DEPT;221 Collèges;F_achats_charges_externes;F5 Locations et charges locatives (613, 614);24942636.52;2012
France catégorie DEPT;221 Collèges;F_achats_charges_externes;F6 Autres achats et charges externes (60-62);65507603.23;2012
France catégorie DEPT;221 Collèges;F_autres;F11 Autres charges de fonctionnement;2783921.09;2012
France catégorie DEPT;221 Collèges;F_autres;F9 Autres subventions et participations (65x);23902676.8;2012
France catégorie DEPT;221 Collèges;F_charges_financieres;F10 Charges financières (66);3886888.3400000003;2012
France catégorie DEPT;221 Collèges;F_interventions;F7 Dotations de fonctionnement aux collèges publics (655111);686369701.77;2012
France catégorie DEPT;221 Collèges;F_interventions;F8 Dotations de fonctionnement aux collèges privés (655112);333146015.96;2012
France catégorie DEPT;221 Collèges;F_interventions;F9 Autres subventions et participations (65x);97431577.58;2012
France catégorie DEPT;221 Collèges;F_personnel;F1 Personnel (621, 631, 633, 64);851849648.84;2012
France catégorie DEPT;221 Collèges;I_PPP_remboursement_capital_1675;I0 Remboursement en capital des marchés de partenariat (1675);15931670.2;2012
France catégorie DEPT;221 Collèges;I_autres;I2 Opérations sous mandat des EPLE (455);105769.04;2012
France catégorie DEPT;221 Collèges;I_autres;I7 Autres investissements (13, 26, 27, 45x hors 455, 481);30212526.96;2012
France catégorie DEPT;221 Collèges;I_equipement;I1 Terrains, constructions, rénovations, gros travaux, avances (211-214, 217, 231x, 236-238);1540550043.5700002;2012
France catégorie DEPT;221 Collèges;I_equipement;I3 Mobilier, informatique, matériel (215x, 218x);168822735.92;2012
France catégorie DEPT;221 Collèges;I_equipement;I4 Études, logiciels, incorporels (20 hors 204);54003990.85;2012
France catégorie DEPT;221 Collèges;I_equipement;I6 Autres immobilisations (21, 23);15430087.31;2012
France catégorie DEPT;221 Collèges;I_subventions_equipement_versees;I5 Subventions d'équipement versées (204, 2324);102513201.35000001;2012
Essonne;21 Premier degré;I_subventions_equipement_versees;I5 Subventions d'équipement versées (204, 2324);1554370.0;2013
Essonne;221 Collèges;F_achats_charges_externes;F3 Entretien, réparations, maintenance, nettoyage (6152x, 6155, 6156, 6283);820734.01;2013
Essonne;221 Collèges;F_achats_charges_externes;F6 Autres achats et charges externes (60-62);1493670.83;2013
Essonne;221 Collèges;F_autres;F11 Autres charges de fonctionnement;9941.0;2013
Essonne;221 Collèges;F_autres;F9 Autres subventions et participations (65x);4694398.74;2013
Essonne;221 Collèges;F_interventions;F7 Dotations de fonctionnement aux collèges publics (655111);17609237.86;2013
Essonne;221 Collèges;F_interventions;F8 Dotations de fonctionnement aux collèges privés (655112);4394068.9;2013
Essonne;221 Collèges;F_interventions;F9 Autres subventions et participations (65x);1489084.09;2013
Essonne;221 Collèges;F_personnel;F1 Personnel (621, 631, 633, 64);141801.69;2013
Essonne;221 Collèges;I_autres;I7 Autres investissements (13, 26, 27, 45x hors 455, 481);0.0;2013
Essonne;221 Collèges;I_equipement;I1 Terrains, constructions, rénovations, gros travaux, avances (211-214, 217, 231x, 236-238);29074939.82;2013
Essonne;221 Collèges;I_equipement;I3 Mobilier, informatique, matériel (215x, 218x);5015751.9;2013
Essonne;221 Collèges;I_equipement;I4 Études, logiciels, incorporels (20 hors 204);1041855.69;2013
Essonne;221 Collèges;I_subventions_equipement_versees;I5 Subventions d'équipement versées (204, 2324);825746.4199999999;2013
Essonne;23-27 Hors scolaire;F_interventions;F9 Autres subventions et participations (65x);214792.0;2013
Essonne;23-27 Hors scolaire;I_subventions_equipement_versees;I5 Subventions d'équipement versées (204, 2324);1195227.27;2013
Essonne;28 Services annexes;F_achats_charges_externes;F2 Énergie et eau (60611-60613, 60621-60622);6839.41;2013
Essonne;28 Services annexes;F_achats_charges_externes;F3 Entretien, réparations, maintenance, nettoyage (6152x, 6155, 6156, 6283);43203.92;2013
Essonne;28 Services annexes;F_achats_charges_externes;F5 Locations et charges locatives (613, 614);226773.25999999998;2013
Essonne;28 Services annexes;F_achats_charges_externes;F6 Autres achats et charges externes (60-62);17971.45;2013
Essonne;28 Services annexes;F_interventions;F9 Autres subventions et participations (65x);132800.25;2013
Essonne;28 Services annexes;I_equipement;I3 Mobilier, informatique, matériel (215x, 218x);1174.9299999999998;2013
Hauts-de-Seine;20 Services communs;F_achats_charges_externes;F6 Autres achats et charges externes (60-62);285686.98;2013
Hauts-de-Seine;20 Services communs;F_interventions;F9 Autres subventions et participations (65x);79820.0;2013
Hauts-de-Seine;20 Services communs;F_personnel;F1 Personnel (621, 631, 633, 64);5201723.720000001;2013
Hauts-de-Seine;20 Services communs;I_equipement;I3 Mobilier, informatique, matériel (215x, 218x);18629.96;2013
Hauts-de-Seine;221 Collèges;F_achats_charges_externes;F2 Énergie et eau (60611-60613, 60621-60622);232.46;2013
Hauts-de-Seine;221 Collèges;F_achats_charges_externes;F3 Entretien, réparations, maintenance, nettoyage (6152x, 6155, 6156, 6283);5267462.76;2013
Hauts-de-Seine;221 Collèges;F_achats_charges_externes;F4 Contrats de prestations de services (611);897458.75;2013
Hauts-de-Seine;221 Collèges;F_achats_charges_externes;F5 Locations et charges locatives (613, 614);99904.29;2013
Hauts-de-Seine;221 Collèges;F_achats_charges_externes;F6 Autres achats et charges externes (60-62);13625257.330000002;2013
Hauts-de-Seine;221 Collèges;F_autres;F11 Autres charges de fonctionnement;285280.08999999997;2013
Hauts-de-Seine;221 Collèges;F_charges_financieres;F10 Charges financières (66);1349186.14;2013
Hauts-de-Seine;221 Collèges;F_interventions;F7 Dotations de fonctionnement aux collèges publics (655111);13839408.44;2013
Hauts-de-Seine;221 Collèges;F_interventions;F8 Dotations de fonctionnement aux collèges privés (655112);8908145.19;2013
Hauts-de-Seine;221 Collèges;F_interventions;F9 Autres subventions et participations (65x);4255330.91;2013
Hauts-de-Seine;221 Collèges;F_personnel;F1 Personnel (621, 631, 633, 64);30710089.09;2013
Hauts-de-Seine;221 Collèges;I_PPP_remboursement_capital_1675;I0 Remboursement en capital des marchés de partenariat (1675);1880079.28;2013
Hauts-de-Seine;221 Collèges;I_autres;I7 Autres investissements (13, 26, 27, 45x hors 455, 481);0.0;2013
Hauts-de-Seine;221 Collèges;I_equipement;I1 Terrains, constructions, rénovations, gros travaux, avances (211-214, 217, 231x, 236-238);64586939.699999996;2013
Hauts-de-Seine;221 Collèges;I_equipement;I3 Mobilier, informatique, matériel (215x, 218x);5711049.17;2013
Hauts-de-Seine;221 Collèges;I_equipement;I4 Études, logiciels, incorporels (20 hors 204);567530.76;2013
Hauts-de-Seine;222-224 Lycées;F_achats_charges_externes;F3 Entretien, réparations, maintenance, nettoyage (6152x, 6155, 6156, 6283);41468.23;2013
Hauts-de-Seine;23-27 Hors scolaire;F_achats_charges_externes;F2 Énergie et eau (60611-60613, 60621-60622);823182.6799999999;2013
Hauts-de-Seine;23-27 Hors scolaire;F_achats_charges_externes;F3 Entretien, réparations, maintenance, nettoyage (6152x, 6155, 6156, 6283);1803180.2599999998;2013
Hauts-de-Seine;23-27 Hors scolaire;F_achats_charges_externes;F6 Autres achats et charges externes (60-62);1390637.93;2013
Hauts-de-Seine;23-27 Hors scolaire;F_interventions;F9 Autres subventions et participations (65x);6361202.0;2013
Hauts-de-Seine;23-27 Hors scolaire;I_equipement;I1 Terrains, constructions, rénovations, gros travaux, avances (211-214, 217, 231x, 236-238);1503023.52;2013
Hauts-de-Seine;28 Services annexes;F_achats_charges_externes;F2 Énergie et eau (60611-60613, 60621-60622);15739.880000000001;2013
Hauts-de-Seine;28 Services annexes;F_achats_charges_externes;F3 Entretien, réparations, maintenance, nettoyage (6152x, 6155, 6156, 6283);67437.92;2013
Hauts-de-Seine;28 Services annexes;F_achats_charges_externes;F5 Locations et charges locatives (613, 614);321357.73000000004;2013
Hauts-de-Seine;28 Services annexes;F_achats_charges_externes;F6 Autres achats et charges externes (60-62);1401239.54;2013
Hauts-de-Seine;28 Services annexes;F_interventions;F7 Dotations de fonctionnement aux collèges publics (655111);277230.0;2013
Hauts-de-Seine;28 Services annexes;F_interventions;F9 Autres subventions et participations (65x);1284614.62;2013
Hauts-de-Seine;28 Services annexes;F_personnel;F1 Personnel (621, 631, 633, 64);5306565.79;2013
Hauts-de-Seine;dette 1675 (hors fonction 2);I_PPP_remboursement_capital_1675;I0 Remboursement en capital des marchés de partenariat (1675);0.0;2013
Paris;20 Services communs;F_personnel;F1 Personnel (621, 631, 633, 64);0.0;2013
Paris;21 Premier degré;I_autres;I7 Autres investissements (13, 26, 27, 45x hors 455, 481);0.0;2013
Paris;221 Collèges;F_achats_charges_externes;F3 Entretien, réparations, maintenance, nettoyage (6152x, 6155, 6156, 6283);2065309.68;2013
Paris;221 Collèges;F_achats_charges_externes;F4 Contrats de prestations de services (611);244928.43;2013
Paris;221 Collèges;F_achats_charges_externes;F5 Locations et charges locatives (613, 614);977.04;2013
Paris;221 Collèges;F_achats_charges_externes;F6 Autres achats et charges externes (60-62);129118.95;2013
Paris;221 Collèges;F_autres;F11 Autres charges de fonctionnement;65296.88;2013
Paris;221 Collèges;F_autres;F9 Autres subventions et participations (65x);361120.74;2013
Paris;221 Collèges;F_interventions;F7 Dotations de fonctionnement aux collèges publics (655111);18959463.0;2013
Paris;221 Collèges;F_interventions;F8 Dotations de fonctionnement aux collèges privés (655112);18058479.6;2013
Paris;221 Collèges;F_interventions;F9 Autres subventions et participations (65x);4972037.0;2013
Paris;221 Collèges;F_personnel;F1 Personnel (621, 631, 633, 64);28839439.22;2013
Paris;221 Collèges;I_autres;I7 Autres investissements (13, 26, 27, 45x hors 455, 481);0.0;2013
Paris;221 Collèges;I_equipement;I1 Terrains, constructions, rénovations, gros travaux, avances (211-214, 217, 231x, 236-238);17832181.03;2013
Paris;221 Collèges;I_equipement;I3 Mobilier, informatique, matériel (215x, 218x);707408.0;2013
Paris;221 Collèges;I_equipement;I4 Études, logiciels, incorporels (20 hors 204);89399.07;2013
Paris;221 Collèges;I_subventions_equipement_versees;I5 Subventions d'équipement versées (204, 2324);3526031.0;2013
Paris;222-224 Lycées;F_achats_charges_externes;F3 Entretien, réparations, maintenance, nettoyage (6152x, 6155, 6156, 6283);20699.67;2013
Paris;222-224 Lycées;F_achats_charges_externes;F5 Locations et charges locatives (613, 614);2877.21;2013
Paris;222-224 Lycées;F_achats_charges_externes;F6 Autres achats et charges externes (60-62);2389.02;2013
Paris;222-224 Lycées;F_interventions;F7 Dotations de fonctionnement aux collèges publics (655111);26079.0;2013
Paris;222-224 Lycées;I_autres;I2 Opérations sous mandat des EPLE (455);2170898.55;2013
Paris;222-224 Lycées;I_subventions_equipement_versees;I5 Subventions d'équipement versées (204, 2324);46658.0;2013
Paris;23-27 Hors scolaire;I_subventions_equipement_versees;I5 Subventions d'équipement versées (204, 2324);14739000.0;2013
Paris;28 Services annexes;F_achats_charges_externes;F2 Énergie et eau (60611-60613, 60621-60622);803.48;2013
Paris;28 Services annexes;F_achats_charges_externes;F3 Entretien, réparations, maintenance, nettoyage (6152x, 6155, 6156, 6283);206865.47999999998;2013
Paris;28 Services annexes;F_achats_charges_externes;F4 Contrats de prestations de services (611);956.94;2013
Paris;28 Services annexes;F_achats_charges_externes;F5 Locations et charges locatives (613, 614);231072.81999999998;2013
Paris;28 Services annexes;F_achats_charges_externes;F6 Autres achats et charges externes (60-62);379950.02;2013
Paris;28 Services annexes;F_autres;F11 Autres charges de fonctionnement;14149.0;2013
Paris;28 Services annexes;F_interventions;F9 Autres subventions et participations (65x);154310.0;2013
Paris;28 Services annexes;F_personnel;F1 Personnel (621, 631, 633, 64);19592576.56;2013
Paris;28 Services annexes;I_equipement;I1 Terrains, constructions, rénovations, gros travaux, avances (211-214, 217, 231x, 236-238);1044758.11;2013
Paris;28 Services annexes;I_equipement;I3 Mobilier, informatique, matériel (215x, 218x);52336.560000000005;2013
Seine-Saint-Denis;20 Services communs;F_achats_charges_externes;F3 Entretien, réparations, maintenance, nettoyage (6152x, 6155, 6156, 6283);13120.12;2013
Seine-Saint-Denis;20 Services communs;F_achats_charges_externes;F6 Autres achats et charges externes (60-62);575086.9400000001;2013
Seine-Saint-Denis;20 Services communs;F_personnel;F1 Personnel (621, 631, 633, 64);1054052.04;2013
Seine-Saint-Denis;221 Collèges;F_achats_charges_externes;F2 Énergie et eau (60611-60613, 60621-60622);40618.11;2013
Seine-Saint-Denis;221 Collèges;F_achats_charges_externes;F3 Entretien, réparations, maintenance, nettoyage (6152x, 6155, 6156, 6283);2923698.0400000005;2013
Seine-Saint-Denis;221 Collèges;F_achats_charges_externes;F5 Locations et charges locatives (613, 614);63960.8;2013
Seine-Saint-Denis;221 Collèges;F_achats_charges_externes;F6 Autres achats et charges externes (60-62);1709207.83;2013
Seine-Saint-Denis;221 Collèges;F_autres;F11 Autres charges de fonctionnement;288386.98;2013
Seine-Saint-Denis;221 Collèges;F_interventions;F7 Dotations de fonctionnement aux collèges publics (655111);26695232.14;2013
Seine-Saint-Denis;221 Collèges;F_interventions;F8 Dotations de fonctionnement aux collèges privés (655112);6692335.13;2013
Seine-Saint-Denis;221 Collèges;F_interventions;F9 Autres subventions et participations (65x);960351.27;2013
Seine-Saint-Denis;221 Collèges;F_personnel;F1 Personnel (621, 631, 633, 64);54259053.7;2013
Seine-Saint-Denis;221 Collèges;I_autres;I7 Autres investissements (13, 26, 27, 45x hors 455, 481);0.0;2013
Seine-Saint-Denis;221 Collèges;I_equipement;I1 Terrains, constructions, rénovations, gros travaux, avances (211-214, 217, 231x, 236-238);34682163.24;2013
Seine-Saint-Denis;221 Collèges;I_equipement;I3 Mobilier, informatique, matériel (215x, 218x);4949565.45;2013
Seine-Saint-Denis;221 Collèges;I_equipement;I4 Études, logiciels, incorporels (20 hors 204);1105481.07;2013
Seine-Saint-Denis;221 Collèges;I_equipement;I6 Autres immobilisations (21, 23);20025093.09;2013
Seine-Saint-Denis;221 Collèges;I_subventions_equipement_versees;I5 Subventions d'équipement versées (204, 2324);573693.3;2013
Seine-Saint-Denis;222-224 Lycées;F_achats_charges_externes;F2 Énergie et eau (60611-60613, 60621-60622);54519.08;2013
Seine-Saint-Denis;222-224 Lycées;F_achats_charges_externes;F3 Entretien, réparations, maintenance, nettoyage (6152x, 6155, 6156, 6283);40912.899999999994;2013
Seine-Saint-Denis;222-224 Lycées;F_achats_charges_externes;F5 Locations et charges locatives (613, 614);4400.0;2013
Seine-Saint-Denis;222-224 Lycées;F_achats_charges_externes;F6 Autres achats et charges externes (60-62);17306.47;2013
Seine-Saint-Denis;222-224 Lycées;F_interventions;F7 Dotations de fonctionnement aux collèges publics (655111);107286.0;2013
Seine-Saint-Denis;222-224 Lycées;F_interventions;F9 Autres subventions et participations (65x);390311.25;2013
Seine-Saint-Denis;23-27 Hors scolaire;F_interventions;F9 Autres subventions et participations (65x);59000.0;2013
Seine-Saint-Denis;28 Services annexes;F_achats_charges_externes;F3 Entretien, réparations, maintenance, nettoyage (6152x, 6155, 6156, 6283);66917.84;2013
Seine-Saint-Denis;28 Services annexes;F_achats_charges_externes;F5 Locations et charges locatives (613, 614);131430.97999999998;2013
Seine-Saint-Denis;28 Services annexes;F_achats_charges_externes;F6 Autres achats et charges externes (60-62);25018.0;2013
Seine-Saint-Denis;28 Services annexes;I_equipement;I1 Terrains, constructions, rénovations, gros travaux, avances (211-214, 217, 231x, 236-238);11812.94;2013
Seine-Saint-Denis;28 Services annexes;I_equipement;I3 Mobilier, informatique, matériel (215x, 218x);4922.65;2013
Seine-et-Marne;20 Services communs;F_achats_charges_externes;F4 Contrats de prestations de services (611);129978.78;2013
Seine-et-Marne;20 Services communs;F_achats_charges_externes;F5 Locations et charges locatives (613, 614);27458.19;2013
Seine-et-Marne;20 Services communs;F_achats_charges_externes;F6 Autres achats et charges externes (60-62);37477.47;2013
Seine-et-Marne;20 Services communs;F_personnel;F1 Personnel (621, 631, 633, 64);44221556.02;2013
Seine-et-Marne;21 Premier degré;F_interventions;F9 Autres subventions et participations (65x);20449.34;2013
Seine-et-Marne;21 Premier degré;I_subventions_equipement_versees;I5 Subventions d'équipement versées (204, 2324);1198133.55;2013
Seine-et-Marne;221 Collèges;F_achats_charges_externes;F3 Entretien, réparations, maintenance, nettoyage (6152x, 6155, 6156, 6283);5933187.840000001;2013
Seine-et-Marne;221 Collèges;F_achats_charges_externes;F4 Contrats de prestations de services (611);742971.37;2013
Seine-et-Marne;221 Collèges;F_achats_charges_externes;F5 Locations et charges locatives (613, 614);640905.32;2013
Seine-et-Marne;221 Collèges;F_achats_charges_externes;F6 Autres achats et charges externes (60-62);522961.55000000005;2013
Seine-et-Marne;221 Collèges;F_autres;F11 Autres charges de fonctionnement;12952.4;2013
Seine-et-Marne;221 Collèges;F_interventions;F7 Dotations de fonctionnement aux collèges publics (655111);18622138.57;2013
Seine-et-Marne;221 Collèges;F_interventions;F8 Dotations de fonctionnement aux collèges privés (655112);4309981.76;2013
Seine-et-Marne;221 Collèges;F_interventions;F9 Autres subventions et participations (65x);2250681.0;2013
Seine-et-Marne;221 Collèges;I_autres;I7 Autres investissements (13, 26, 27, 45x hors 455, 481);0.0;2013
Seine-et-Marne;221 Collèges;I_equipement;I1 Terrains, constructions, rénovations, gros travaux, avances (211-214, 217, 231x, 236-238);48394178.34;2013
Seine-et-Marne;221 Collèges;I_equipement;I3 Mobilier, informatique, matériel (215x, 218x);4766503.95;2013
Seine-et-Marne;221 Collèges;I_equipement;I4 Études, logiciels, incorporels (20 hors 204);3420242.62;2013
Seine-et-Marne;221 Collèges;I_subventions_equipement_versees;I5 Subventions d'équipement versées (204, 2324);283034.31;2013
Seine-et-Marne;222-224 Lycées;F_autres;F11 Autres charges de fonctionnement;1215.0;2013
Seine-et-Marne;23-27 Hors scolaire;F_interventions;F9 Autres subventions et participations (65x);2188650.0;2013
Seine-et-Marne;23-27 Hors scolaire;I_subventions_equipement_versees;I5 Subventions d'équipement versées (204, 2324);1533600.0;2013
Seine-et-Marne;28 Services annexes;F_achats_charges_externes;F2 Énergie et eau (60611-60613, 60621-60622);15738.36;2013
Seine-et-Marne;28 Services annexes;F_achats_charges_externes;F3 Entretien, réparations, maintenance, nettoyage (6152x, 6155, 6156, 6283);55056.02;2013
Seine-et-Marne;28 Services annexes;F_achats_charges_externes;F4 Contrats de prestations de services (611);737402.38;2013
Seine-et-Marne;28 Services annexes;F_achats_charges_externes;F5 Locations et charges locatives (613, 614);332315.39;2013
Seine-et-Marne;28 Services annexes;F_achats_charges_externes;F6 Autres achats et charges externes (60-62);75013.01000000001;2013
Seine-et-Marne;28 Services annexes;F_interventions;F9 Autres subventions et participations (65x);159900.0;2013
Seine-et-Marne;28 Services annexes;I_equipement;I3 Mobilier, informatique, matériel (215x, 218x);14913.779999999999;2013
Val-d'Oise;20 Services communs;F_achats_charges_externes;F6 Autres achats et charges externes (60-62);12559.810000000001;2013
Val-d'Oise;20 Services communs;F_interventions;F9 Autres subventions et participations (65x);50000.0;2013
Val-d'Oise;20 Services communs;F_personnel;F1 Personnel (621, 631, 633, 64);37112742.839999996;2013
Val-d'Oise;21 Premier degré;I_subventions_equipement_versees;I5 Subventions d'équipement versées (204, 2324);7035479.75;2013
Val-d'Oise;221 Collèges;F_achats_charges_externes;F2 Énergie et eau (60611-60613, 60621-60622);65.87;2013
Val-d'Oise;221 Collèges;F_achats_charges_externes;F3 Entretien, réparations, maintenance, nettoyage (6152x, 6155, 6156, 6283);5446865.41;2013
Val-d'Oise;221 Collèges;F_achats_charges_externes;F5 Locations et charges locatives (613, 614);7500.0;2013
Val-d'Oise;221 Collèges;F_achats_charges_externes;F6 Autres achats et charges externes (60-62);1227144.69;2013
Val-d'Oise;221 Collèges;F_autres;F11 Autres charges de fonctionnement;6826.0;2013
Val-d'Oise;221 Collèges;F_interventions;F7 Dotations de fonctionnement aux collèges publics (655111);21964682.01;2013
Val-d'Oise;221 Collèges;F_interventions;F8 Dotations de fonctionnement aux collèges privés (655112);6614224.0;2013
Val-d'Oise;221 Collèges;F_interventions;F9 Autres subventions et participations (65x);2542667.36;2013
Val-d'Oise;221 Collèges;I_autres;I7 Autres investissements (13, 26, 27, 45x hors 455, 481);0.0;2013
Val-d'Oise;221 Collèges;I_equipement;I1 Terrains, constructions, rénovations, gros travaux, avances (211-214, 217, 231x, 236-238);19548808.71;2013
Val-d'Oise;221 Collèges;I_equipement;I3 Mobilier, informatique, matériel (215x, 218x);3747457.41;2013
Val-d'Oise;221 Collèges;I_equipement;I4 Études, logiciels, incorporels (20 hors 204);7104.24;2013
Val-d'Oise;221 Collèges;I_subventions_equipement_versees;I5 Subventions d'équipement versées (204, 2324);405698.52;2013
Val-d'Oise;23-27 Hors scolaire;F_achats_charges_externes;F3 Entretien, réparations, maintenance, nettoyage (6152x, 6155, 6156, 6283);101428.7;2013
Val-d'Oise;23-27 Hors scolaire;I_equipement;I1 Terrains, constructions, rénovations, gros travaux, avances (211-214, 217, 231x, 236-238);68691.86;2013
Val-d'Oise;28 Services annexes;F_achats_charges_externes;F2 Énergie et eau (60611-60613, 60621-60622);25918.54;2013
Val-d'Oise;28 Services annexes;F_achats_charges_externes;F3 Entretien, réparations, maintenance, nettoyage (6152x, 6155, 6156, 6283);67624.84;2013
Val-d'Oise;28 Services annexes;F_achats_charges_externes;F5 Locations et charges locatives (613, 614);52456.6;2013
Val-d'Oise;28 Services annexes;F_achats_charges_externes;F6 Autres achats et charges externes (60-62);768634.07;2013
Val-d'Oise;28 Services annexes;F_interventions;F9 Autres subventions et participations (65x);1407978.72;2013
Val-d'Oise;28 Services annexes;I_equipement;I1 Terrains, constructions, rénovations, gros travaux, avances (211-214, 217, 231x, 236-238);3700.15;2013
Val-d'Oise;28 Services annexes;I_equipement;I3 Mobilier, informatique, matériel (215x, 218x);18295.39;2013
Val-d'Oise;28 Services annexes;I_equipement;I4 Études, logiciels, incorporels (20 hors 204);44460.05;2013
Val-d'Oise;28 Services annexes;I_subventions_equipement_versees;I5 Subventions d'équipement versées (204, 2324);49244.82;2013
Val-de-Marne;20 Services communs;F_achats_charges_externes;F6 Autres achats et charges externes (60-62);760768.01;2013
Val-de-Marne;20 Services communs;F_personnel;F1 Personnel (621, 631, 633, 64);2380854.09;2013
Val-de-Marne;21 Premier degré;F_interventions;F9 Autres subventions et participations (65x);55807.0;2013
Val-de-Marne;221 Collèges;F_achats_charges_externes;F3 Entretien, réparations, maintenance, nettoyage (6152x, 6155, 6156, 6283);5671515.13;2013
Val-de-Marne;221 Collèges;F_achats_charges_externes;F5 Locations et charges locatives (613, 614);22347.77;2013
Val-de-Marne;221 Collèges;F_achats_charges_externes;F6 Autres achats et charges externes (60-62);1407077.01;2013
Val-de-Marne;221 Collèges;F_interventions;F7 Dotations de fonctionnement aux collèges publics (655111);14693912.72;2013
Val-de-Marne;221 Collèges;F_interventions;F8 Dotations de fonctionnement aux collèges privés (655112);7069592.73;2013
Val-de-Marne;221 Collèges;F_interventions;F9 Autres subventions et participations (65x);3326578.9000000004;2013
Val-de-Marne;221 Collèges;F_personnel;F1 Personnel (621, 631, 633, 64);32929758.380000003;2013
Val-de-Marne;221 Collèges;I_autres;I7 Autres investissements (13, 26, 27, 45x hors 455, 481);0.0;2013
Val-de-Marne;221 Collèges;I_equipement;I1 Terrains, constructions, rénovations, gros travaux, avances (211-214, 217, 231x, 236-238);43614671.39;2013
Val-de-Marne;221 Collèges;I_equipement;I3 Mobilier, informatique, matériel (215x, 218x);8788606.98;2013
Val-de-Marne;221 Collèges;I_equipement;I4 Études, logiciels, incorporels (20 hors 204);315121.01;2013
Val-de-Marne;221 Collèges;I_subventions_equipement_versees;I5 Subventions d'équipement versées (204, 2324);152043.66;2013
Val-de-Marne;222-224 Lycées;I_equipement;I1 Terrains, constructions, rénovations, gros travaux, avances (211-214, 217, 231x, 236-238);109062.87;2013
Val-de-Marne;222-224 Lycées;I_subventions_equipement_versees;I5 Subventions d'équipement versées (204, 2324);377976.75;2013
Val-de-Marne;23-27 Hors scolaire;F_achats_charges_externes;F6 Autres achats et charges externes (60-62);3694.01;2013
Val-de-Marne;23-27 Hors scolaire;F_autres;F11 Autres charges de fonctionnement;21500.0;2013
Val-de-Marne;23-27 Hors scolaire;F_interventions;F9 Autres subventions et participations (65x);94074.0;2013
Val-de-Marne;23-27 Hors scolaire;I_subventions_equipement_versees;I5 Subventions d'équipement versées (204, 2324);199332.0;2013
Val-de-Marne;28 Services annexes;F_achats_charges_externes;F2 Énergie et eau (60611-60613, 60621-60622);604.33;2013
Val-de-Marne;28 Services annexes;F_achats_charges_externes;F3 Entretien, réparations, maintenance, nettoyage (6152x, 6155, 6156, 6283);116265.85;2013
Val-de-Marne;28 Services annexes;F_achats_charges_externes;F4 Contrats de prestations de services (611);480.2;2013
Val-de-Marne;28 Services annexes;F_achats_charges_externes;F5 Locations et charges locatives (613, 614);259857.0;2013
Val-de-Marne;28 Services annexes;F_achats_charges_externes;F6 Autres achats et charges externes (60-62);92110.44;2013
Val-de-Marne;28 Services annexes;F_interventions;F9 Autres subventions et participations (65x);182642.99;2013
Val-de-Marne;28 Services annexes;I_equipement;I1 Terrains, constructions, rénovations, gros travaux, avances (211-214, 217, 231x, 236-238);11305.15;2013
Val-de-Marne;28 Services annexes;I_equipement;I3 Mobilier, informatique, matériel (215x, 218x);28268.050000000003;2013
Val-de-Marne;28 Services annexes;I_equipement;I4 Études, logiciels, incorporels (20 hors 204);1942.24;2013
Yvelines;20 Services communs;F_interventions;F9 Autres subventions et participations (65x);234159.33;2013
Yvelines;20 Services communs;F_personnel;F1 Personnel (621, 631, 633, 64);38507155.55;2013
Yvelines;21 Premier degré;F_interventions;F9 Autres subventions et participations (65x);139430.0;2013
Yvelines;21 Premier degré;I_subventions_equipement_versees;I5 Subventions d'équipement versées (204, 2324);1356226.0;2013
Yvelines;221 Collèges;F_achats_charges_externes;F2 Énergie et eau (60611-60613, 60621-60622);3609485.84;2013
Yvelines;221 Collèges;F_achats_charges_externes;F3 Entretien, réparations, maintenance, nettoyage (6152x, 6155, 6156, 6283);898234.49;2013
Yvelines;221 Collèges;F_achats_charges_externes;F5 Locations et charges locatives (613, 614);79752.23;2013
Yvelines;221 Collèges;F_achats_charges_externes;F6 Autres achats et charges externes (60-62);961660.09;2013
Yvelines;221 Collèges;F_autres;F11 Autres charges de fonctionnement;37415.88;2013
Yvelines;221 Collèges;F_interventions;F7 Dotations de fonctionnement aux collèges publics (655111);13243443.0;2013
Yvelines;221 Collèges;F_interventions;F8 Dotations de fonctionnement aux collèges privés (655112);7233855.0;2013
Yvelines;221 Collèges;F_interventions;F9 Autres subventions et participations (65x);553740.8;2013
Yvelines;221 Collèges;I_autres;I7 Autres investissements (13, 26, 27, 45x hors 455, 481);0.0;2013
Yvelines;221 Collèges;I_equipement;I1 Terrains, constructions, rénovations, gros travaux, avances (211-214, 217, 231x, 236-238);24960709.189999998;2013
Yvelines;221 Collèges;I_equipement;I3 Mobilier, informatique, matériel (215x, 218x);547871.95;2013
Yvelines;221 Collèges;I_equipement;I4 Études, logiciels, incorporels (20 hors 204);140049.9;2013
Yvelines;221 Collèges;I_subventions_equipement_versees;I5 Subventions d'équipement versées (204, 2324);10596014.219999999;2013
Yvelines;222-224 Lycées;F_interventions;F7 Dotations de fonctionnement aux collèges publics (655111);450594.0;2013
Yvelines;222-224 Lycées;F_interventions;F9 Autres subventions et participations (65x);4624.0;2013
Yvelines;222-224 Lycées;I_autres;I7 Autres investissements (13, 26, 27, 45x hors 455, 481);0.0;2013
Yvelines;222-224 Lycées;I_subventions_equipement_versees;I5 Subventions d'équipement versées (204, 2324);200958.0;2013
Yvelines;23-27 Hors scolaire;I_subventions_equipement_versees;I5 Subventions d'équipement versées (204, 2324);1437204.1;2013
Yvelines;28 Services annexes;F_achats_charges_externes;F2 Énergie et eau (60611-60613, 60621-60622);21378.95;2013
Yvelines;28 Services annexes;F_achats_charges_externes;F3 Entretien, réparations, maintenance, nettoyage (6152x, 6155, 6156, 6283);51622.17;2013
Yvelines;28 Services annexes;F_achats_charges_externes;F5 Locations et charges locatives (613, 614);60388.58;2013
Yvelines;28 Services annexes;F_achats_charges_externes;F6 Autres achats et charges externes (60-62);43604.03;2013
Yvelines;28 Services annexes;F_autres;F11 Autres charges de fonctionnement;895.86;2013
Yvelines;28 Services annexes;F_interventions;F9 Autres subventions et participations (65x);151294.0;2013
France (départements, Paris, ML, CTU);221 Collèges;F_achats_charges_externes;F2 Énergie et eau (60611-60613, 60621-60622);8274880.859999999;2013
France (départements, Paris, ML, CTU);221 Collèges;F_achats_charges_externes;F3 Entretien, réparations, maintenance, nettoyage (6152x, 6155, 6156, 6283);94983476.27;2013
France (départements, Paris, ML, CTU);221 Collèges;F_achats_charges_externes;F4 Contrats de prestations de services (611);7762564.6899999995;2013
France (départements, Paris, ML, CTU);221 Collèges;F_achats_charges_externes;F5 Locations et charges locatives (613, 614);23873625.25;2013
France (départements, Paris, ML, CTU);221 Collèges;F_achats_charges_externes;F6 Autres achats et charges externes (60-62);68503219.47;2013
France (départements, Paris, ML, CTU);221 Collèges;F_autres;F11 Autres charges de fonctionnement;1832363.8499999999;2013
France (départements, Paris, ML, CTU);221 Collèges;F_autres;F9 Autres subventions et participations (65x);26308031.110000003;2013
France (départements, Paris, ML, CTU);221 Collèges;F_charges_financieres;F10 Charges financières (66);3838664.2699999996;2013
France (départements, Paris, ML, CTU);221 Collèges;F_interventions;F7 Dotations de fonctionnement aux collèges publics (655111);691992966.4;2013
France (départements, Paris, ML, CTU);221 Collèges;F_interventions;F8 Dotations de fonctionnement aux collèges privés (655112);351251962.08;2013
France (départements, Paris, ML, CTU);221 Collèges;F_interventions;F9 Autres subventions et participations (65x);95669309.01;2013
France (départements, Paris, ML, CTU);221 Collèges;F_personnel;F1 Personnel (621, 631, 633, 64);874030512.25;2013
France (départements, Paris, ML, CTU);221 Collèges;I_PPP_remboursement_capital_1675;I0 Remboursement en capital des marchés de partenariat (1675);14175873.6;2013
France (départements, Paris, ML, CTU);221 Collèges;I_autres;I2 Opérations sous mandat des EPLE (455);33430.75;2013
France (départements, Paris, ML, CTU);221 Collèges;I_autres;I7 Autres investissements (13, 26, 27, 45x hors 455, 481);286003.47000000003;2013
France (départements, Paris, ML, CTU);221 Collèges;I_equipement;I1 Terrains, constructions, rénovations, gros travaux, avances (211-214, 217, 231x, 236-238);1498555823.97;2013
France (départements, Paris, ML, CTU);221 Collèges;I_equipement;I3 Mobilier, informatique, matériel (215x, 218x);163819355.45;2013
France (départements, Paris, ML, CTU);221 Collèges;I_equipement;I4 Études, logiciels, incorporels (20 hors 204);49300227.73;2013
France (départements, Paris, ML, CTU);221 Collèges;I_equipement;I6 Autres immobilisations (21, 23);24762492.55;2013
France (départements, Paris, ML, CTU);221 Collèges;I_subventions_equipement_versees;I5 Subventions d'équipement versées (204, 2324);91705883.63;2013
France catégorie DEPT;221 Collèges;F_achats_charges_externes;F2 Énergie et eau (60611-60613, 60621-60622);8274880.859999999;2013
France catégorie DEPT;221 Collèges;F_achats_charges_externes;F3 Entretien, réparations, maintenance, nettoyage (6152x, 6155, 6156, 6283);94983476.27;2013
France catégorie DEPT;221 Collèges;F_achats_charges_externes;F4 Contrats de prestations de services (611);7762564.6899999995;2013
France catégorie DEPT;221 Collèges;F_achats_charges_externes;F5 Locations et charges locatives (613, 614);23873625.25;2013
France catégorie DEPT;221 Collèges;F_achats_charges_externes;F6 Autres achats et charges externes (60-62);68503219.47;2013
France catégorie DEPT;221 Collèges;F_autres;F11 Autres charges de fonctionnement;1832363.8499999999;2013
France catégorie DEPT;221 Collèges;F_autres;F9 Autres subventions et participations (65x);26308031.110000003;2013
France catégorie DEPT;221 Collèges;F_charges_financieres;F10 Charges financières (66);3838664.2699999996;2013
France catégorie DEPT;221 Collèges;F_interventions;F7 Dotations de fonctionnement aux collèges publics (655111);691992966.4;2013
France catégorie DEPT;221 Collèges;F_interventions;F8 Dotations de fonctionnement aux collèges privés (655112);351251962.08;2013
France catégorie DEPT;221 Collèges;F_interventions;F9 Autres subventions et participations (65x);95669309.01;2013
France catégorie DEPT;221 Collèges;F_personnel;F1 Personnel (621, 631, 633, 64);874030512.25;2013
France catégorie DEPT;221 Collèges;I_PPP_remboursement_capital_1675;I0 Remboursement en capital des marchés de partenariat (1675);14175873.6;2013
France catégorie DEPT;221 Collèges;I_autres;I2 Opérations sous mandat des EPLE (455);33430.75;2013
France catégorie DEPT;221 Collèges;I_autres;I7 Autres investissements (13, 26, 27, 45x hors 455, 481);286003.47000000003;2013
France catégorie DEPT;221 Collèges;I_equipement;I1 Terrains, constructions, rénovations, gros travaux, avances (211-214, 217, 231x, 236-238);1498555823.97;2013
France catégorie DEPT;221 Collèges;I_equipement;I3 Mobilier, informatique, matériel (215x, 218x);163819355.45;2013
France catégorie DEPT;221 Collèges;I_equipement;I4 Études, logiciels, incorporels (20 hors 204);49300227.73;2013
France catégorie DEPT;221 Collèges;I_equipement;I6 Autres immobilisations (21, 23);24762492.55;2013
France catégorie DEPT;221 Collèges;I_subventions_equipement_versees;I5 Subventions d'équipement versées (204, 2324);91705883.63;2013
Essonne;2 Enseignement non ventilé;F_autres;F9 Autres subventions et participations (65x);5159.87;2014
Essonne;21 Premier degré;I_subventions_equipement_versees;I5 Subventions d'équipement versées (204, 2324);3374295.0;2014
Essonne;221 Collèges;F_achats_charges_externes;F3 Entretien, réparations, maintenance, nettoyage (6152x, 6155, 6156, 6283);714776.64;2014
Essonne;221 Collèges;F_achats_charges_externes;F6 Autres achats et charges externes (60-62);1842805.21;2014
Essonne;221 Collèges;F_autres;F11 Autres charges de fonctionnement;8175.0;2014
Essonne;221 Collèges;F_autres;F9 Autres subventions et participations (65x);5782841.06;2014
Essonne;221 Collèges;F_interventions;F7 Dotations de fonctionnement aux collèges publics (655111);15561809.44;2014
Essonne;221 Collèges;F_interventions;F8 Dotations de fonctionnement aux collèges privés (655112);4702262.85;2014
Essonne;221 Collèges;F_interventions;F9 Autres subventions et participations (65x);1414579.23;2014
Essonne;221 Collèges;F_personnel;F1 Personnel (621, 631, 633, 64);273413.45;2014
Essonne;221 Collèges;I_autres;I7 Autres investissements (13, 26, 27, 45x hors 455, 481);0.0;2014
Essonne;221 Collèges;I_equipement;I1 Terrains, constructions, rénovations, gros travaux, avances (211-214, 217, 231x, 236-238);33372620.89;2014
Essonne;221 Collèges;I_equipement;I3 Mobilier, informatique, matériel (215x, 218x);4841990.23;2014
Essonne;221 Collèges;I_equipement;I4 Études, logiciels, incorporels (20 hors 204);778891.84;2014
Essonne;221 Collèges;I_subventions_equipement_versees;I5 Subventions d'équipement versées (204, 2324);871582.27;2014
Essonne;23-27 Hors scolaire;F_interventions;F9 Autres subventions et participations (65x);81625.0;2014
Essonne;23-27 Hors scolaire;I_equipement;I1 Terrains, constructions, rénovations, gros travaux, avances (211-214, 217, 231x, 236-238);1345080.99;2014
Essonne;23-27 Hors scolaire;I_equipement;I4 Études, logiciels, incorporels (20 hors 204);45213.39;2014
Essonne;23-27 Hors scolaire;I_subventions_equipement_versees;I5 Subventions d'équipement versées (204, 2324);7494963.8;2014
Essonne;28 Services annexes;F_achats_charges_externes;F2 Énergie et eau (60611-60613, 60621-60622);6777.36;2014
Essonne;28 Services annexes;F_achats_charges_externes;F3 Entretien, réparations, maintenance, nettoyage (6152x, 6155, 6156, 6283);36846.1;2014
Essonne;28 Services annexes;F_achats_charges_externes;F5 Locations et charges locatives (613, 614);188366.28999999998;2014
Essonne;28 Services annexes;F_achats_charges_externes;F6 Autres achats et charges externes (60-62);18437.61;2014
Essonne;28 Services annexes;F_autres;F11 Autres charges de fonctionnement;19459.33;2014
Essonne;28 Services annexes;F_interventions;F9 Autres subventions et participations (65x);135303.78;2014
Essonne;28 Services annexes;I_equipement;I3 Mobilier, informatique, matériel (215x, 218x);1133.8;2014
Essonne;28 Services annexes;I_equipement;I4 Études, logiciels, incorporels (20 hors 204);160.0;2014
Essonne;28 Services annexes;I_subventions_equipement_versees;I5 Subventions d'équipement versées (204, 2324);350193.0;2014
Hauts-de-Seine;20 Services communs;F_achats_charges_externes;F6 Autres achats et charges externes (60-62);418067.02;2014
Hauts-de-Seine;20 Services communs;F_personnel;F1 Personnel (621, 631, 633, 64);5197445.7299999995;2014
Hauts-de-Seine;20 Services communs;I_equipement;I3 Mobilier, informatique, matériel (215x, 218x);19984.01;2014
Hauts-de-Seine;221 Collèges;F_achats_charges_externes;F2 Énergie et eau (60611-60613, 60621-60622);1680.98;2014
Hauts-de-Seine;221 Collèges;F_achats_charges_externes;F3 Entretien, réparations, maintenance, nettoyage (6152x, 6155, 6156, 6283);5434547.92;2014
Hauts-de-Seine;221 Collèges;F_achats_charges_externes;F4 Contrats de prestations de services (611);914396.4;2014
Hauts-de-Seine;221 Collèges;F_achats_charges_externes;F5 Locations et charges locatives (613, 614);102657.58;2014
Hauts-de-Seine;221 Collèges;F_achats_charges_externes;F6 Autres achats et charges externes (60-62);14086402.86;2014
Hauts-de-Seine;221 Collèges;F_autres;F11 Autres charges de fonctionnement;1587.98;2014
Hauts-de-Seine;221 Collèges;F_charges_financieres;F10 Charges financières (66);1278393.22;2014
Hauts-de-Seine;221 Collèges;F_interventions;F7 Dotations de fonctionnement aux collèges publics (655111);19603354.23;2014
Hauts-de-Seine;221 Collèges;F_interventions;F8 Dotations de fonctionnement aux collèges privés (655112);9317792.56;2014
Hauts-de-Seine;221 Collèges;F_interventions;F9 Autres subventions et participations (65x);3805806.6900000004;2014
Hauts-de-Seine;221 Collèges;F_personnel;F1 Personnel (621, 631, 633, 64);31264432.68;2014
Hauts-de-Seine;221 Collèges;I_PPP_remboursement_capital_1675;I0 Remboursement en capital des marchés de partenariat (1675);1963088.19;2014
Hauts-de-Seine;221 Collèges;I_autres;I7 Autres investissements (13, 26, 27, 45x hors 455, 481);0.0;2014
Hauts-de-Seine;221 Collèges;I_equipement;I1 Terrains, constructions, rénovations, gros travaux, avances (211-214, 217, 231x, 236-238);61385669.01;2014
Hauts-de-Seine;221 Collèges;I_equipement;I3 Mobilier, informatique, matériel (215x, 218x);7358042.38;2014
Hauts-de-Seine;221 Collèges;I_equipement;I4 Études, logiciels, incorporels (20 hors 204);478390.98;2014
Hauts-de-Seine;222-224 Lycées;F_achats_charges_externes;F3 Entretien, réparations, maintenance, nettoyage (6152x, 6155, 6156, 6283);51720.56;2014
Hauts-de-Seine;23-27 Hors scolaire;F_achats_charges_externes;F2 Énergie et eau (60611-60613, 60621-60622);1100967.6600000001;2014
Hauts-de-Seine;23-27 Hors scolaire;F_achats_charges_externes;F3 Entretien, réparations, maintenance, nettoyage (6152x, 6155, 6156, 6283);2435652.74;2014
Hauts-de-Seine;23-27 Hors scolaire;F_achats_charges_externes;F5 Locations et charges locatives (613, 614);5102.21;2014
Hauts-de-Seine;23-27 Hors scolaire;F_achats_charges_externes;F6 Autres achats et charges externes (60-62);1497927.63;2014
Hauts-de-Seine;23-27 Hors scolaire;F_interventions;F9 Autres subventions et participations (65x);2770048.0;2014
Hauts-de-Seine;23-27 Hors scolaire;I_equipement;I1 Terrains, constructions, rénovations, gros travaux, avances (211-214, 217, 231x, 236-238);703056.39;2014
Hauts-de-Seine;23-27 Hors scolaire;I_equipement;I3 Mobilier, informatique, matériel (215x, 218x);31258.56;2014
Hauts-de-Seine;23-27 Hors scolaire;I_equipement;I4 Études, logiciels, incorporels (20 hors 204);7750.0;2014
Hauts-de-Seine;28 Services annexes;F_achats_charges_externes;F2 Énergie et eau (60611-60613, 60621-60622);10649.400000000001;2014
Hauts-de-Seine;28 Services annexes;F_achats_charges_externes;F3 Entretien, réparations, maintenance, nettoyage (6152x, 6155, 6156, 6283);55868.24;2014
Hauts-de-Seine;28 Services annexes;F_achats_charges_externes;F5 Locations et charges locatives (613, 614);243632.03;2014
Hauts-de-Seine;28 Services annexes;F_achats_charges_externes;F6 Autres achats et charges externes (60-62);1172887.95;2014
Hauts-de-Seine;28 Services annexes;F_interventions;F7 Dotations de fonctionnement aux collèges publics (655111);245528.0;2014
Hauts-de-Seine;28 Services annexes;F_interventions;F9 Autres subventions et participations (65x);574669.39;2014
Hauts-de-Seine;28 Services annexes;F_personnel;F1 Personnel (621, 631, 633, 64);5159482.42;2014
Hauts-de-Seine;dette 1675 (hors fonction 2);I_PPP_remboursement_capital_1675;I0 Remboursement en capital des marchés de partenariat (1675);0.0;2014
Paris;20 Services communs;F_personnel;F1 Personnel (621, 631, 633, 64);1111978.99;2014
Paris;21 Premier degré;I_autres;I7 Autres investissements (13, 26, 27, 45x hors 455, 481);0.0;2014
Paris;21 Premier degré;I_equipement;I1 Terrains, constructions, rénovations, gros travaux, avances (211-214, 217, 231x, 236-238);4320.0;2014
Paris;221 Collèges;F_achats_charges_externes;F3 Entretien, réparations, maintenance, nettoyage (6152x, 6155, 6156, 6283);1922170.9900000002;2014
Paris;221 Collèges;F_achats_charges_externes;F4 Contrats de prestations de services (611);221748.91;2014
Paris;221 Collèges;F_achats_charges_externes;F6 Autres achats et charges externes (60-62);165863.73;2014
Paris;221 Collèges;F_autres;F9 Autres subventions et participations (65x);80173.09;2014
Paris;221 Collèges;F_interventions;F7 Dotations de fonctionnement aux collèges publics (655111);20488589.0;2014
Paris;221 Collèges;F_interventions;F8 Dotations de fonctionnement aux collèges privés (655112);18183491.18;2014
Paris;221 Collèges;F_interventions;F9 Autres subventions et participations (65x);5623114.0;2014
Paris;221 Collèges;F_personnel;F1 Personnel (621, 631, 633, 64);30312193.43;2014
Paris;221 Collèges;I_autres;I2 Opérations sous mandat des EPLE (455);64.21;2014
Paris;221 Collèges;I_autres;I7 Autres investissements (13, 26, 27, 45x hors 455, 481);0.0;2014
Paris;221 Collèges;I_equipement;I1 Terrains, constructions, rénovations, gros travaux, avances (211-214, 217, 231x, 236-238);39509002.6;2014
Paris;221 Collèges;I_equipement;I3 Mobilier, informatique, matériel (215x, 218x);169418.16;2014
Paris;221 Collèges;I_equipement;I4 Études, logiciels, incorporels (20 hors 204);392359.28;2014
Paris;221 Collèges;I_subventions_equipement_versees;I5 Subventions d'équipement versées (204, 2324);3227331.0;2014
Paris;222-224 Lycées;F_achats_charges_externes;F3 Entretien, réparations, maintenance, nettoyage (6152x, 6155, 6156, 6283);5474.42;2014
Paris;222-224 Lycées;I_autres;I2 Opérations sous mandat des EPLE (455);90518.85;2014
Paris;23-27 Hors scolaire;I_subventions_equipement_versees;I5 Subventions d'équipement versées (204, 2324);2900000.0;2014
Paris;28 Services annexes;F_achats_charges_externes;F2 Énergie et eau (60611-60613, 60621-60622);1146.61;2014
Paris;28 Services annexes;F_achats_charges_externes;F3 Entretien, réparations, maintenance, nettoyage (6152x, 6155, 6156, 6283);197522.18;2014
Paris;28 Services annexes;F_achats_charges_externes;F5 Locations et charges locatives (613, 614);290744.69;2014
Paris;28 Services annexes;F_achats_charges_externes;F6 Autres achats et charges externes (60-62);299502.85;2014
Paris;28 Services annexes;F_autres;F11 Autres charges de fonctionnement;6959.0;2014
Paris;28 Services annexes;F_interventions;F9 Autres subventions et participations (65x);137182.0;2014
Paris;28 Services annexes;F_personnel;F1 Personnel (621, 631, 633, 64);19345928.500000004;2014
Paris;28 Services annexes;I_equipement;I1 Terrains, constructions, rénovations, gros travaux, avances (211-214, 217, 231x, 236-238);687528.02;2014
Paris;28 Services annexes;I_equipement;I3 Mobilier, informatique, matériel (215x, 218x);37365.1;2014
Seine-Saint-Denis;20 Services communs;F_achats_charges_externes;F6 Autres achats et charges externes (60-62);113900.75;2014
Seine-Saint-Denis;20 Services communs;F_personnel;F1 Personnel (621, 631, 633, 64);1313396.81;2014
Seine-Saint-Denis;221 Collèges;F_achats_charges_externes;F2 Énergie et eau (60611-60613, 60621-60622);125854.36;2014
Seine-Saint-Denis;221 Collèges;F_achats_charges_externes;F3 Entretien, réparations, maintenance, nettoyage (6152x, 6155, 6156, 6283);3683514.9899999998;2014
Seine-Saint-Denis;221 Collèges;F_achats_charges_externes;F4 Contrats de prestations de services (611);502083.66;2014
Seine-Saint-Denis;221 Collèges;F_achats_charges_externes;F5 Locations et charges locatives (613, 614);78519.98;2014
Seine-Saint-Denis;221 Collèges;F_achats_charges_externes;F6 Autres achats et charges externes (60-62);3613835.7;2014
Seine-Saint-Denis;221 Collèges;F_autres;F9 Autres subventions et participations (65x);54795.73;2014
Seine-Saint-Denis;221 Collèges;F_charges_financieres;F10 Charges financières (66);3336959.55;2014
Seine-Saint-Denis;221 Collèges;F_interventions;F7 Dotations de fonctionnement aux collèges publics (655111);28054596.59;2014
Seine-Saint-Denis;221 Collèges;F_interventions;F8 Dotations de fonctionnement aux collèges privés (655112);6505427.69;2014
Seine-Saint-Denis;221 Collèges;F_interventions;F9 Autres subventions et participations (65x);1371976.9500000002;2014
Seine-Saint-Denis;221 Collèges;F_personnel;F1 Personnel (621, 631, 633, 64);56481868.97;2014
Seine-Saint-Denis;221 Collèges;I_PPP_remboursement_capital_1675;I0 Remboursement en capital des marchés de partenariat (1675);2777690.43;2014
Seine-Saint-Denis;221 Collèges;I_autres;I7 Autres investissements (13, 26, 27, 45x hors 455, 481);0.0;2014
Seine-Saint-Denis;221 Collèges;I_equipement;I1 Terrains, constructions, rénovations, gros travaux, avances (211-214, 217, 231x, 236-238);35111911.760000005;2014
Seine-Saint-Denis;221 Collèges;I_equipement;I3 Mobilier, informatique, matériel (215x, 218x);5776790.1;2014
Seine-Saint-Denis;221 Collèges;I_equipement;I4 Études, logiciels, incorporels (20 hors 204);1999652.86;2014
Seine-Saint-Denis;221 Collèges;I_equipement;I6 Autres immobilisations (21, 23);99885821.1;2014
Seine-Saint-Denis;221 Collèges;I_subventions_equipement_versees;I5 Subventions d'équipement versées (204, 2324);1177600.27;2014
Seine-Saint-Denis;222-224 Lycées;F_achats_charges_externes;F5 Locations et charges locatives (613, 614);6920.52;2014
Seine-Saint-Denis;222-224 Lycées;F_interventions;F9 Autres subventions et participations (65x);8150.0;2014
Seine-Saint-Denis;28 Services annexes;F_achats_charges_externes;F3 Entretien, réparations, maintenance, nettoyage (6152x, 6155, 6156, 6283);63304.92;2014
Seine-Saint-Denis;28 Services annexes;F_achats_charges_externes;F5 Locations et charges locatives (613, 614);112837.83;2014
Seine-Saint-Denis;28 Services annexes;F_achats_charges_externes;F6 Autres achats et charges externes (60-62);40784.58;2014
Seine-Saint-Denis;28 Services annexes;I_equipement;I3 Mobilier, informatique, matériel (215x, 218x);103894.21;2014
Seine-Saint-Denis;dette 1675 (hors fonction 2);I_PPP_remboursement_capital_1675;I0 Remboursement en capital des marchés de partenariat (1675);0.0;2014
Seine-et-Marne;20 Services communs;F_achats_charges_externes;F4 Contrats de prestations de services (611);25174.8;2014
Seine-et-Marne;20 Services communs;F_achats_charges_externes;F5 Locations et charges locatives (613, 614);18652.48;2014
Seine-et-Marne;20 Services communs;F_achats_charges_externes;F6 Autres achats et charges externes (60-62);35582.78;2014
Seine-et-Marne;20 Services communs;F_personnel;F1 Personnel (621, 631, 633, 64);45232397.13;2014
Seine-et-Marne;21 Premier degré;F_interventions;F9 Autres subventions et participations (65x);2433.06;2014
Seine-et-Marne;21 Premier degré;I_subventions_equipement_versees;I5 Subventions d'équipement versées (204, 2324);932501.55;2014
Seine-et-Marne;221 Collèges;F_achats_charges_externes;F3 Entretien, réparations, maintenance, nettoyage (6152x, 6155, 6156, 6283);7026632.51;2014
Seine-et-Marne;221 Collèges;F_achats_charges_externes;F4 Contrats de prestations de services (611);866544.18;2014
Seine-et-Marne;221 Collèges;F_achats_charges_externes;F5 Locations et charges locatives (613, 614);367416.72;2014
Seine-et-Marne;221 Collèges;F_achats_charges_externes;F6 Autres achats et charges externes (60-62);420193.55000000005;2014
Seine-et-Marne;221 Collèges;F_autres;F11 Autres charges de fonctionnement;1723.5;2014
Seine-et-Marne;221 Collèges;F_interventions;F7 Dotations de fonctionnement aux collèges publics (655111);18547677.89;2014
Seine-et-Marne;221 Collèges;F_interventions;F8 Dotations de fonctionnement aux collèges privés (655112);5083742.45;2014
Seine-et-Marne;221 Collèges;F_interventions;F9 Autres subventions et participations (65x);1908077.23;2014
Seine-et-Marne;221 Collèges;I_autres;I7 Autres investissements (13, 26, 27, 45x hors 455, 481);0.0;2014
Seine-et-Marne;221 Collèges;I_equipement;I1 Terrains, constructions, rénovations, gros travaux, avances (211-214, 217, 231x, 236-238);58449792.830000006;2014
Seine-et-Marne;221 Collèges;I_equipement;I3 Mobilier, informatique, matériel (215x, 218x);4703514.83;2014
Seine-et-Marne;221 Collèges;I_equipement;I4 Études, logiciels, incorporels (20 hors 204);3488803.2600000002;2014
Seine-et-Marne;221 Collèges;I_subventions_equipement_versees;I5 Subventions d'équipement versées (204, 2324);161637.38;2014
Seine-et-Marne;222-224 Lycées;F_autres;F11 Autres charges de fonctionnement;0.0;2014
Seine-et-Marne;23-27 Hors scolaire;F_achats_charges_externes;F4 Contrats de prestations de services (611);3054.0;2014
Seine-et-Marne;23-27 Hors scolaire;F_interventions;F9 Autres subventions et participations (65x);1731150.0;2014
Seine-et-Marne;23-27 Hors scolaire;I_subventions_equipement_versees;I5 Subventions d'équipement versées (204, 2324);1208443.71;2014
Seine-et-Marne;28 Services annexes;F_achats_charges_externes;F2 Énergie et eau (60611-60613, 60621-60622);15367.12;2014
Seine-et-Marne;28 Services annexes;F_achats_charges_externes;F3 Entretien, réparations, maintenance, nettoyage (6152x, 6155, 6156, 6283);54095.58;2014
Seine-et-Marne;28 Services annexes;F_achats_charges_externes;F4 Contrats de prestations de services (611);697071.34;2014
Seine-et-Marne;28 Services annexes;F_achats_charges_externes;F5 Locations et charges locatives (613, 614);297168.43;2014
Seine-et-Marne;28 Services annexes;F_achats_charges_externes;F6 Autres achats et charges externes (60-62);94101.48999999999;2014
Seine-et-Marne;28 Services annexes;F_interventions;F9 Autres subventions et participations (65x);192000.0;2014
Seine-et-Marne;28 Services annexes;I_equipement;I3 Mobilier, informatique, matériel (215x, 218x);49721.83;2014
Val-d'Oise;20 Services communs;F_achats_charges_externes;F6 Autres achats et charges externes (60-62);13034.83;2014
Val-d'Oise;20 Services communs;F_interventions;F9 Autres subventions et participations (65x);50000.0;2014
Val-d'Oise;20 Services communs;F_personnel;F1 Personnel (621, 631, 633, 64);37289993.31;2014
Val-d'Oise;21 Premier degré;I_subventions_equipement_versees;I5 Subventions d'équipement versées (204, 2324);6912209.56;2014
Val-d'Oise;221 Collèges;F_achats_charges_externes;F2 Énergie et eau (60611-60613, 60621-60622);7.23;2014
Val-d'Oise;221 Collèges;F_achats_charges_externes;F3 Entretien, réparations, maintenance, nettoyage (6152x, 6155, 6156, 6283);4964868.56;2014
Val-d'Oise;221 Collèges;F_achats_charges_externes;F5 Locations et charges locatives (613, 614);7500.0;2014
Val-d'Oise;221 Collèges;F_achats_charges_externes;F6 Autres achats et charges externes (60-62);1885293.25;2014
Val-d'Oise;221 Collèges;F_interventions;F7 Dotations de fonctionnement aux collèges publics (655111);22465974.51;2014
Val-d'Oise;221 Collèges;F_interventions;F8 Dotations de fonctionnement aux collèges privés (655112);7293646.0;2014
Val-d'Oise;221 Collèges;F_interventions;F9 Autres subventions et participations (65x);1524800.69;2014
Val-d'Oise;221 Collèges;I_autres;I7 Autres investissements (13, 26, 27, 45x hors 455, 481);0.0;2014
Val-d'Oise;221 Collèges;I_equipement;I1 Terrains, constructions, rénovations, gros travaux, avances (211-214, 217, 231x, 236-238);12659013.25;2014
Val-d'Oise;221 Collèges;I_equipement;I3 Mobilier, informatique, matériel (215x, 218x);4660656.74;2014
Val-d'Oise;221 Collèges;I_equipement;I4 Études, logiciels, incorporels (20 hors 204);274903.04;2014
Val-d'Oise;221 Collèges;I_subventions_equipement_versees;I5 Subventions d'équipement versées (204, 2324);270465.27999999997;2014
Val-d'Oise;23-27 Hors scolaire;F_achats_charges_externes;F3 Entretien, réparations, maintenance, nettoyage (6152x, 6155, 6156, 6283);46613.06;2014
Val-d'Oise;23-27 Hors scolaire;F_interventions;F9 Autres subventions et participations (65x);35000.0;2014
Val-d'Oise;23-27 Hors scolaire;I_equipement;I1 Terrains, constructions, rénovations, gros travaux, avances (211-214, 217, 231x, 236-238);49403.86;2014
Val-d'Oise;23-27 Hors scolaire;I_subventions_equipement_versees;I5 Subventions d'équipement versées (204, 2324);463525.45;2014
Val-d'Oise;28 Services annexes;F_achats_charges_externes;F3 Entretien, réparations, maintenance, nettoyage (6152x, 6155, 6156, 6283);19933.81;2014
Val-d'Oise;28 Services annexes;F_achats_charges_externes;F6 Autres achats et charges externes (60-62);978007.92;2014
Val-d'Oise;28 Services annexes;F_interventions;F9 Autres subventions et participations (65x);1246043.7;2014
Val-d'Oise;28 Services annexes;I_equipement;I3 Mobilier, informatique, matériel (215x, 218x);3300.37;2014
Val-d'Oise;28 Services annexes;I_equipement;I4 Études, logiciels, incorporels (20 hors 204);37633.29;2014
Val-de-Marne;20 Services communs;F_achats_charges_externes;F6 Autres achats et charges externes (60-62);429287.32999999996;2014
Val-de-Marne;20 Services communs;F_personnel;F1 Personnel (621, 631, 633, 64);2572952.07;2014
Val-de-Marne;21 Premier degré;F_interventions;F9 Autres subventions et participations (65x);55807.0;2014
Val-de-Marne;221 Collèges;F_achats_charges_externes;F3 Entretien, réparations, maintenance, nettoyage (6152x, 6155, 6156, 6283);5468636.44;2014
Val-de-Marne;221 Collèges;F_achats_charges_externes;F5 Locations et charges locatives (613, 614);26415.71;2014
Val-de-Marne;221 Collèges;F_achats_charges_externes;F6 Autres achats et charges externes (60-62);1159168.5899999999;2014
Val-de-Marne;221 Collèges;F_autres;F11 Autres charges de fonctionnement;0.0;2014
Val-de-Marne;221 Collèges;F_interventions;F7 Dotations de fonctionnement aux collèges publics (655111);13864708.46;2014
Val-de-Marne;221 Collèges;F_interventions;F8 Dotations de fonctionnement aux collèges privés (655112);7021616.08;2014
Val-de-Marne;221 Collèges;F_interventions;F9 Autres subventions et participations (65x);4011655.6399999997;2014
Val-de-Marne;221 Collèges;F_personnel;F1 Personnel (621, 631, 633, 64);32439106.200000003;2014
Val-de-Marne;221 Collèges;I_autres;I7 Autres investissements (13, 26, 27, 45x hors 455, 481);0.0;2014
Val-de-Marne;221 Collèges;I_equipement;I1 Terrains, constructions, rénovations, gros travaux, avances (211-214, 217, 231x, 236-238);50833208.629999995;2014
Val-de-Marne;221 Collèges;I_equipement;I3 Mobilier, informatique, matériel (215x, 218x);9168119.3;2014
Val-de-Marne;221 Collèges;I_equipement;I4 Études, logiciels, incorporels (20 hors 204);358024.01;2014
Val-de-Marne;221 Collèges;I_subventions_equipement_versees;I5 Subventions d'équipement versées (204, 2324);161199.31;2014
Val-de-Marne;222-224 Lycées;I_equipement;I1 Terrains, constructions, rénovations, gros travaux, avances (211-214, 217, 231x, 236-238);10442.28;2014
Val-de-Marne;23-27 Hors scolaire;F_achats_charges_externes;F6 Autres achats et charges externes (60-62);5117.13;2014
Val-de-Marne;23-27 Hors scolaire;F_autres;F11 Autres charges de fonctionnement;21500.0;2014
Val-de-Marne;23-27 Hors scolaire;F_interventions;F9 Autres subventions et participations (65x);97499.0;2014
Val-de-Marne;23-27 Hors scolaire;I_subventions_equipement_versees;I5 Subventions d'équipement versées (204, 2324);200000.0;2014
Val-de-Marne;28 Services annexes;F_achats_charges_externes;F2 Énergie et eau (60611-60613, 60621-60622);557.98;2014
Val-de-Marne;28 Services annexes;F_achats_charges_externes;F3 Entretien, réparations, maintenance, nettoyage (6152x, 6155, 6156, 6283);81554.62;2014
Val-de-Marne;28 Services annexes;F_achats_charges_externes;F4 Contrats de prestations de services (611);493.68;2014
Val-de-Marne;28 Services annexes;F_achats_charges_externes;F5 Locations et charges locatives (613, 614);253799.96000000002;2014
Val-de-Marne;28 Services annexes;F_achats_charges_externes;F6 Autres achats et charges externes (60-62);77830.66;2014
Val-de-Marne;28 Services annexes;F_interventions;F9 Autres subventions et participations (65x);236281.99;2014
Val-de-Marne;28 Services annexes;I_equipement;I1 Terrains, constructions, rénovations, gros travaux, avances (211-214, 217, 231x, 236-238);57625.22;2014
Val-de-Marne;28 Services annexes;I_equipement;I3 Mobilier, informatique, matériel (215x, 218x);23195.82;2014
Val-de-Marne;28 Services annexes;I_equipement;I4 Études, logiciels, incorporels (20 hors 204);2782.95;2014
Val-de-Marne;28 Services annexes;I_subventions_equipement_versees;I5 Subventions d'équipement versées (204, 2324);15244.0;2014
Yvelines;20 Services communs;F_interventions;F9 Autres subventions et participations (65x);214368.5;2014
Yvelines;20 Services communs;F_personnel;F1 Personnel (621, 631, 633, 64);39218242.48;2014
Yvelines;21 Premier degré;F_interventions;F9 Autres subventions et participations (65x);148860.0;2014
Yvelines;21 Premier degré;I_subventions_equipement_versees;I5 Subventions d'équipement versées (204, 2324);1064253.0;2014
Yvelines;221 Collèges;F_achats_charges_externes;F2 Énergie et eau (60611-60613, 60621-60622);3185846.2199999997;2014
Yvelines;221 Collèges;F_achats_charges_externes;F3 Entretien, réparations, maintenance, nettoyage (6152x, 6155, 6156, 6283);797081.11;2014
Yvelines;221 Collèges;F_achats_charges_externes;F5 Locations et charges locatives (613, 614);14485.46;2014
Yvelines;221 Collèges;F_achats_charges_externes;F6 Autres achats et charges externes (60-62);430540.32;2014
Yvelines;221 Collèges;F_autres;F11 Autres charges de fonctionnement;115841.29;2014
Yvelines;221 Collèges;F_autres;F9 Autres subventions et participations (65x);120000.0;2014
Yvelines;221 Collèges;F_interventions;F7 Dotations de fonctionnement aux collèges publics (655111);13037570.0;2014
Yvelines;221 Collèges;F_interventions;F8 Dotations de fonctionnement aux collèges privés (655112);7273798.0;2014
Yvelines;221 Collèges;F_interventions;F9 Autres subventions et participations (65x);794139.98;2014
Yvelines;221 Collèges;I_autres;I7 Autres investissements (13, 26, 27, 45x hors 455, 481);0.0;2014
Yvelines;221 Collèges;I_equipement;I1 Terrains, constructions, rénovations, gros travaux, avances (211-214, 217, 231x, 236-238);28724668.360000003;2014
Yvelines;221 Collèges;I_equipement;I3 Mobilier, informatique, matériel (215x, 218x);610814.77;2014
Yvelines;221 Collèges;I_equipement;I4 Études, logiciels, incorporels (20 hors 204);123676.5;2014
Yvelines;221 Collèges;I_subventions_equipement_versees;I5 Subventions d'équipement versées (204, 2324);8060635.97;2014
Yvelines;222-224 Lycées;F_interventions;F7 Dotations de fonctionnement aux collèges publics (655111);463180.0;2014
Yvelines;222-224 Lycées;F_interventions;F9 Autres subventions et participations (65x);10200.0;2014
Yvelines;222-224 Lycées;I_autres;I7 Autres investissements (13, 26, 27, 45x hors 455, 481);0.0;2014
Yvelines;222-224 Lycées;I_subventions_equipement_versees;I5 Subventions d'équipement versées (204, 2324);195370.0;2014
Yvelines;23-27 Hors scolaire;I_subventions_equipement_versees;I5 Subventions d'équipement versées (204, 2324);3524871.91;2014
Yvelines;28 Services annexes;F_achats_charges_externes;F2 Énergie et eau (60611-60613, 60621-60622);15117.130000000001;2014
Yvelines;28 Services annexes;F_achats_charges_externes;F3 Entretien, réparations, maintenance, nettoyage (6152x, 6155, 6156, 6283);39798.37;2014
Yvelines;28 Services annexes;F_achats_charges_externes;F5 Locations et charges locatives (613, 614);18936.54;2014
Yvelines;28 Services annexes;F_achats_charges_externes;F6 Autres achats et charges externes (60-62);40940.14;2014
Yvelines;28 Services annexes;F_autres;F11 Autres charges de fonctionnement;1166.92;2014
Yvelines;28 Services annexes;F_interventions;F9 Autres subventions et participations (65x);152794.0;2014
France (départements, Paris, ML, CTU);221 Collèges;F_achats_charges_externes;F2 Énergie et eau (60611-60613, 60621-60622);8639011.71;2014
France (départements, Paris, ML, CTU);221 Collèges;F_achats_charges_externes;F3 Entretien, réparations, maintenance, nettoyage (6152x, 6155, 6156, 6283);94554305.25;2014
France (départements, Paris, ML, CTU);221 Collèges;F_achats_charges_externes;F4 Contrats de prestations de services (611);10480249.35;2014
France (départements, Paris, ML, CTU);221 Collèges;F_achats_charges_externes;F5 Locations et charges locatives (613, 614);23140718.830000002;2014
France (départements, Paris, ML, CTU);221 Collèges;F_achats_charges_externes;F6 Autres achats et charges externes (60-62);68438056.39;2014
France (départements, Paris, ML, CTU);221 Collèges;F_autres;F11 Autres charges de fonctionnement;2184274.95;2014
France (départements, Paris, ML, CTU);221 Collèges;F_autres;F9 Autres subventions et participations (65x);28833148.979999997;2014
France (départements, Paris, ML, CTU);221 Collèges;F_charges_financieres;F10 Charges financières (66);8550269.48;2014
France (départements, Paris, ML, CTU);221 Collèges;F_interventions;F7 Dotations de fonctionnement aux collèges publics (655111);702970470.13;2014
France (départements, Paris, ML, CTU);221 Collèges;F_interventions;F8 Dotations de fonctionnement aux collèges privés (655112);358645506.13;2014
France (départements, Paris, ML, CTU);221 Collèges;F_interventions;F9 Autres subventions et participations (65x);95707703.13;2014
France (départements, Paris, ML, CTU);221 Collèges;F_personnel;F1 Personnel (621, 631, 633, 64);905794151.85;2014
France (départements, Paris, ML, CTU);221 Collèges;I_PPP_remboursement_capital_1675;I0 Remboursement en capital des marchés de partenariat (1675);18914586.91;2014
France (départements, Paris, ML, CTU);221 Collèges;I_autres;I2 Opérations sous mandat des EPLE (455);39147.88;2014
France (départements, Paris, ML, CTU);221 Collèges;I_autres;I7 Autres investissements (13, 26, 27, 45x hors 455, 481);2301812.51;2014
France (départements, Paris, ML, CTU);221 Collèges;I_equipement;I1 Terrains, constructions, rénovations, gros travaux, avances (211-214, 217, 231x, 236-238);1490115890.6899998;2014
France (départements, Paris, ML, CTU);221 Collèges;I_equipement;I3 Mobilier, informatique, matériel (215x, 218x);171265866.0;2014
France (départements, Paris, ML, CTU);221 Collèges;I_equipement;I4 Études, logiciels, incorporels (20 hors 204);48914282.57;2014
France (départements, Paris, ML, CTU);221 Collèges;I_equipement;I6 Autres immobilisations (21, 23);108184052.49;2014
France (départements, Paris, ML, CTU);221 Collèges;I_subventions_equipement_versees;I5 Subventions d'équipement versées (204, 2324);87426271.75;2014
France catégorie DEPT;221 Collèges;F_achats_charges_externes;F2 Énergie et eau (60611-60613, 60621-60622);8639011.71;2014
France catégorie DEPT;221 Collèges;F_achats_charges_externes;F3 Entretien, réparations, maintenance, nettoyage (6152x, 6155, 6156, 6283);94554305.25;2014
France catégorie DEPT;221 Collèges;F_achats_charges_externes;F4 Contrats de prestations de services (611);10480249.35;2014
France catégorie DEPT;221 Collèges;F_achats_charges_externes;F5 Locations et charges locatives (613, 614);23140718.830000002;2014
France catégorie DEPT;221 Collèges;F_achats_charges_externes;F6 Autres achats et charges externes (60-62);68438056.39;2014
France catégorie DEPT;221 Collèges;F_autres;F11 Autres charges de fonctionnement;2184274.95;2014
France catégorie DEPT;221 Collèges;F_autres;F9 Autres subventions et participations (65x);28833148.979999997;2014
France catégorie DEPT;221 Collèges;F_charges_financieres;F10 Charges financières (66);8550269.48;2014
France catégorie DEPT;221 Collèges;F_interventions;F7 Dotations de fonctionnement aux collèges publics (655111);702970470.13;2014
France catégorie DEPT;221 Collèges;F_interventions;F8 Dotations de fonctionnement aux collèges privés (655112);358645506.13;2014
France catégorie DEPT;221 Collèges;F_interventions;F9 Autres subventions et participations (65x);95707703.13;2014
France catégorie DEPT;221 Collèges;F_personnel;F1 Personnel (621, 631, 633, 64);905794151.85;2014
France catégorie DEPT;221 Collèges;I_PPP_remboursement_capital_1675;I0 Remboursement en capital des marchés de partenariat (1675);18914586.91;2014
France catégorie DEPT;221 Collèges;I_autres;I2 Opérations sous mandat des EPLE (455);39147.88;2014
France catégorie DEPT;221 Collèges;I_autres;I7 Autres investissements (13, 26, 27, 45x hors 455, 481);2301812.51;2014
France catégorie DEPT;221 Collèges;I_equipement;I1 Terrains, constructions, rénovations, gros travaux, avances (211-214, 217, 231x, 236-238);1490115890.6899998;2014
France catégorie DEPT;221 Collèges;I_equipement;I3 Mobilier, informatique, matériel (215x, 218x);171265866.0;2014
France catégorie DEPT;221 Collèges;I_equipement;I4 Études, logiciels, incorporels (20 hors 204);48914282.57;2014
France catégorie DEPT;221 Collèges;I_equipement;I6 Autres immobilisations (21, 23);108184052.49;2014
France catégorie DEPT;221 Collèges;I_subventions_equipement_versees;I5 Subventions d'équipement versées (204, 2324);87426271.75;2014
Essonne;21 Premier degré;I_subventions_equipement_versees;I5 Subventions d'équipement versées (204, 2324);3977667.0;2015
Essonne;221 Collèges;F_achats_charges_externes;F3 Entretien, réparations, maintenance, nettoyage (6152x, 6155, 6156, 6283);707604.7999999999;2015
Essonne;221 Collèges;F_achats_charges_externes;F6 Autres achats et charges externes (60-62);2205489.28;2015
Essonne;221 Collèges;F_autres;F11 Autres charges de fonctionnement;35464.19;2015
Essonne;221 Collèges;F_autres;F9 Autres subventions et participations (65x);6937791.67;2015
Essonne;221 Collèges;F_interventions;F7 Dotations de fonctionnement aux collèges publics (655111);17323719.41;2015
Essonne;221 Collèges;F_interventions;F8 Dotations de fonctionnement aux collèges privés (655112);4875906.36;2015
Essonne;221 Collèges;F_interventions;F9 Autres subventions et participations (65x);1796424.68;2015
Essonne;221 Collèges;F_personnel;F1 Personnel (621, 631, 633, 64);392057.97;2015
Essonne;221 Collèges;I_autres;I7 Autres investissements (13, 26, 27, 45x hors 455, 481);0.0;2015
Essonne;221 Collèges;I_equipement;I1 Terrains, constructions, rénovations, gros travaux, avances (211-214, 217, 231x, 236-238);35906126.64;2015
Essonne;221 Collèges;I_equipement;I3 Mobilier, informatique, matériel (215x, 218x);4765283.09;2015
Essonne;221 Collèges;I_equipement;I4 Études, logiciels, incorporels (20 hors 204);643725.19;2015
Essonne;221 Collèges;I_subventions_equipement_versees;I5 Subventions d'équipement versées (204, 2324);1020405.48;2015
Essonne;23-27 Hors scolaire;F_interventions;F9 Autres subventions et participations (65x);13468.31;2015
Essonne;23-27 Hors scolaire;I_equipement;I1 Terrains, constructions, rénovations, gros travaux, avances (211-214, 217, 231x, 236-238);1825220.13;2015
Essonne;23-27 Hors scolaire;I_subventions_equipement_versees;I5 Subventions d'équipement versées (204, 2324);1349181.61;2015
Essonne;28 Services annexes;F_achats_charges_externes;F2 Énergie et eau (60611-60613, 60621-60622);6530.97;2015
Essonne;28 Services annexes;F_achats_charges_externes;F3 Entretien, réparations, maintenance, nettoyage (6152x, 6155, 6156, 6283);16494.95;2015
Essonne;28 Services annexes;F_achats_charges_externes;F5 Locations et charges locatives (613, 614);188250.8;2015
Essonne;28 Services annexes;F_achats_charges_externes;F6 Autres achats et charges externes (60-62);14281.06;2015
Essonne;28 Services annexes;F_interventions;F9 Autres subventions et participations (65x);134380.8;2015
Essonne;28 Services annexes;I_equipement;I3 Mobilier, informatique, matériel (215x, 218x);402.0;2015
Essonne;28 Services annexes;I_subventions_equipement_versees;I5 Subventions d'équipement versées (204, 2324);860780.0;2015
Hauts-de-Seine;20 Services communs;F_achats_charges_externes;F6 Autres achats et charges externes (60-62);191905.12;2015
Hauts-de-Seine;20 Services communs;F_interventions;F9 Autres subventions et participations (65x);78396.0;2015
Hauts-de-Seine;20 Services communs;F_personnel;F1 Personnel (621, 631, 633, 64);4891644.78;2015
Hauts-de-Seine;20 Services communs;I_equipement;I3 Mobilier, informatique, matériel (215x, 218x);10589.42;2015
Hauts-de-Seine;21 Premier degré;I_equipement;I1 Terrains, constructions, rénovations, gros travaux, avances (211-214, 217, 231x, 236-238);12956.23;2015
Hauts-de-Seine;221 Collèges;F_achats_charges_externes;F2 Énergie et eau (60611-60613, 60621-60622);39697.01;2015
Hauts-de-Seine;221 Collèges;F_achats_charges_externes;F3 Entretien, réparations, maintenance, nettoyage (6152x, 6155, 6156, 6283);6467791.4;2015
Hauts-de-Seine;221 Collèges;F_achats_charges_externes;F4 Contrats de prestations de services (611);1353654.41;2015
Hauts-de-Seine;221 Collèges;F_achats_charges_externes;F5 Locations et charges locatives (613, 614);155372.23;2015
Hauts-de-Seine;221 Collèges;F_achats_charges_externes;F6 Autres achats et charges externes (60-62);10834556.98;2015
Hauts-de-Seine;221 Collèges;F_autres;F11 Autres charges de fonctionnement;102544.97;2015
Hauts-de-Seine;221 Collèges;F_charges_financieres;F10 Charges financières (66);1198587.86;2015
Hauts-de-Seine;221 Collèges;F_interventions;F7 Dotations de fonctionnement aux collèges publics (655111);17509732.51;2015
Hauts-de-Seine;221 Collèges;F_interventions;F8 Dotations de fonctionnement aux collèges privés (655112);9426585.17;2015
Hauts-de-Seine;221 Collèges;F_interventions;F9 Autres subventions et participations (65x);3775623.1399999997;2015
Hauts-de-Seine;221 Collèges;F_personnel;F1 Personnel (621, 631, 633, 64);30778451.939999998;2015
Hauts-de-Seine;221 Collèges;I_PPP_remboursement_capital_1675;I0 Remboursement en capital des marchés de partenariat (1675);2042121.64;2015
Hauts-de-Seine;221 Collèges;I_autres;I7 Autres investissements (13, 26, 27, 45x hors 455, 481);0.0;2015
Hauts-de-Seine;221 Collèges;I_equipement;I1 Terrains, constructions, rénovations, gros travaux, avances (211-214, 217, 231x, 236-238);54147737.85;2015
Hauts-de-Seine;221 Collèges;I_equipement;I3 Mobilier, informatique, matériel (215x, 218x);7388232.399999999;2015
Hauts-de-Seine;221 Collèges;I_equipement;I4 Études, logiciels, incorporels (20 hors 204);344186.92;2015
Hauts-de-Seine;221 Collèges;I_subventions_equipement_versees;I5 Subventions d'équipement versées (204, 2324);4196.59;2015
Hauts-de-Seine;23-27 Hors scolaire;F_achats_charges_externes;F2 Énergie et eau (60611-60613, 60621-60622);1644897.59;2015
Hauts-de-Seine;23-27 Hors scolaire;F_achats_charges_externes;F3 Entretien, réparations, maintenance, nettoyage (6152x, 6155, 6156, 6283);2336563.37;2015
Hauts-de-Seine;23-27 Hors scolaire;F_achats_charges_externes;F5 Locations et charges locatives (613, 614);7053.77;2015
Hauts-de-Seine;23-27 Hors scolaire;F_achats_charges_externes;F6 Autres achats et charges externes (60-62);1572623.65;2015
Hauts-de-Seine;23-27 Hors scolaire;F_autres;F11 Autres charges de fonctionnement;694.0;2015
Hauts-de-Seine;23-27 Hors scolaire;F_interventions;F9 Autres subventions et participations (65x);80000.0;2015
Hauts-de-Seine;23-27 Hors scolaire;I_equipement;I1 Terrains, constructions, rénovations, gros travaux, avances (211-214, 217, 231x, 236-238);284561.66;2015
Hauts-de-Seine;23-27 Hors scolaire;I_equipement;I3 Mobilier, informatique, matériel (215x, 218x);4799.98;2015
Hauts-de-Seine;28 Services annexes;F_achats_charges_externes;F2 Énergie et eau (60611-60613, 60621-60622);3367.36;2015
Hauts-de-Seine;28 Services annexes;F_achats_charges_externes;F3 Entretien, réparations, maintenance, nettoyage (6152x, 6155, 6156, 6283);48457.78;2015
Hauts-de-Seine;28 Services annexes;F_achats_charges_externes;F5 Locations et charges locatives (613, 614);140200.55;2015
Hauts-de-Seine;28 Services annexes;F_achats_charges_externes;F6 Autres achats et charges externes (60-62);315838.94;2015
Hauts-de-Seine;28 Services annexes;F_interventions;F9 Autres subventions et participations (65x);513130.77;2015
Hauts-de-Seine;28 Services annexes;F_personnel;F1 Personnel (621, 631, 633, 64);4349011.27;2015
Hauts-de-Seine;dette 1675 (hors fonction 2);I_PPP_remboursement_capital_1675;I0 Remboursement en capital des marchés de partenariat (1675);0.0;2015
Paris;20 Services communs;F_personnel;F1 Personnel (621, 631, 633, 64);3430427.9899999993;2015
Paris;21 Premier degré;I_autres;I7 Autres investissements (13, 26, 27, 45x hors 455, 481);3153.05;2015
Paris;221 Collèges;F_achats_charges_externes;F3 Entretien, réparations, maintenance, nettoyage (6152x, 6155, 6156, 6283);1975669.92;2015
Paris;221 Collèges;F_achats_charges_externes;F4 Contrats de prestations de services (611);136586.75;2015
Paris;221 Collèges;F_achats_charges_externes;F6 Autres achats et charges externes (60-62);155533.47;2015
Paris;221 Collèges;F_autres;F11 Autres charges de fonctionnement;1562.6;2015
Paris;221 Collèges;F_autres;F9 Autres subventions et participations (65x);886865.76;2015
Paris;221 Collèges;F_interventions;F7 Dotations de fonctionnement aux collèges publics (655111);20562695.0;2015
Paris;221 Collèges;F_interventions;F8 Dotations de fonctionnement aux collèges privés (655112);19587709.1;2015
Paris;221 Collèges;F_interventions;F9 Autres subventions et participations (65x);5706060.0;2015
Paris;221 Collèges;F_personnel;F1 Personnel (621, 631, 633, 64);29435504.92;2015
Paris;221 Collèges;I_autres;I7 Autres investissements (13, 26, 27, 45x hors 455, 481);214416.59;2015
Paris;221 Collèges;I_equipement;I1 Terrains, constructions, rénovations, gros travaux, avances (211-214, 217, 231x, 236-238);35159533.5;2015
Paris;221 Collèges;I_equipement;I3 Mobilier, informatique, matériel (215x, 218x);644991.61;2015
Paris;221 Collèges;I_equipement;I4 Études, logiciels, incorporels (20 hors 204);643072.18;2015
Paris;221 Collèges;I_subventions_equipement_versees;I5 Subventions d'équipement versées (204, 2324);3021739.0;2015
Paris;222-224 Lycées;F_achats_charges_externes;F3 Entretien, réparations, maintenance, nettoyage (6152x, 6155, 6156, 6283);415.8;2015
Paris;222-224 Lycées;I_autres;I2 Opérations sous mandat des EPLE (455);187460.51;2015
Paris;23-27 Hors scolaire;I_subventions_equipement_versees;I5 Subventions d'équipement versées (204, 2324);4925000.0;2015
Paris;28 Services annexes;F_achats_charges_externes;F2 Énergie et eau (60611-60613, 60621-60622);1123.3600000000001;2015
Paris;28 Services annexes;F_achats_charges_externes;F3 Entretien, réparations, maintenance, nettoyage (6152x, 6155, 6156, 6283);231231.59;2015
Paris;28 Services annexes;F_achats_charges_externes;F5 Locations et charges locatives (613, 614);79562.81;2015
Paris;28 Services annexes;F_achats_charges_externes;F6 Autres achats et charges externes (60-62);297740.7;2015
Paris;28 Services annexes;F_autres;F11 Autres charges de fonctionnement;6959.0;2015
Paris;28 Services annexes;F_interventions;F9 Autres subventions et participations (65x);179992.0;2015
Paris;28 Services annexes;F_personnel;F1 Personnel (621, 631, 633, 64);18898472.56;2015
Paris;28 Services annexes;I_equipement;I1 Terrains, constructions, rénovations, gros travaux, avances (211-214, 217, 231x, 236-238);60577.71;2015
Paris;28 Services annexes;I_equipement;I3 Mobilier, informatique, matériel (215x, 218x);39510.840000000004;2015
Seine-Saint-Denis;20 Services communs;F_achats_charges_externes;F3 Entretien, réparations, maintenance, nettoyage (6152x, 6155, 6156, 6283);16368.0;2015
Seine-Saint-Denis;20 Services communs;F_achats_charges_externes;F6 Autres achats et charges externes (60-62);156023.4;2015
Seine-Saint-Denis;20 Services communs;F_personnel;F1 Personnel (621, 631, 633, 64);1120535.8;2015
Seine-Saint-Denis;221 Collèges;F_achats_charges_externes;F2 Énergie et eau (60611-60613, 60621-60622);322023.98;2015
Seine-Saint-Denis;221 Collèges;F_achats_charges_externes;F3 Entretien, réparations, maintenance, nettoyage (6152x, 6155, 6156, 6283);4634647.61;2015
Seine-Saint-Denis;221 Collèges;F_achats_charges_externes;F4 Contrats de prestations de services (611);911172.72;2015
Seine-Saint-Denis;221 Collèges;F_achats_charges_externes;F5 Locations et charges locatives (613, 614);158677.4;2015
Seine-Saint-Denis;221 Collèges;F_achats_charges_externes;F6 Autres achats et charges externes (60-62);6203538.22;2015
Seine-Saint-Denis;221 Collèges;F_autres;F11 Autres charges de fonctionnement;3181.1;2015
Seine-Saint-Denis;221 Collèges;F_autres;F9 Autres subventions et participations (65x);207088.2;2015
Seine-Saint-Denis;221 Collèges;F_charges_financieres;F10 Charges financières (66);8740987.63;2015
Seine-Saint-Denis;221 Collèges;F_interventions;F7 Dotations de fonctionnement aux collèges publics (655111);28351860.79;2015
Seine-Saint-Denis;221 Collèges;F_interventions;F8 Dotations de fonctionnement aux collèges privés (655112);6792959.41;2015
Seine-Saint-Denis;221 Collèges;F_interventions;F9 Autres subventions et participations (65x);1542614.3399999999;2015
Seine-Saint-Denis;221 Collèges;F_personnel;F1 Personnel (621, 631, 633, 64);59193157.99;2015
Seine-Saint-Denis;221 Collèges;I_PPP_remboursement_capital_1675;I0 Remboursement en capital des marchés de partenariat (1675);8092370.27;2015
Seine-Saint-Denis;221 Collèges;I_autres;I7 Autres investissements (13, 26, 27, 45x hors 455, 481);0.0;2015
Seine-Saint-Denis;221 Collèges;I_equipement;I1 Terrains, constructions, rénovations, gros travaux, avances (211-214, 217, 231x, 236-238);51594241.809999995;2015
Seine-Saint-Denis;221 Collèges;I_equipement;I3 Mobilier, informatique, matériel (215x, 218x);6470563.149999999;2015
Seine-Saint-Denis;221 Collèges;I_equipement;I4 Études, logiciels, incorporels (20 hors 204);1346802.98;2015
Seine-Saint-Denis;221 Collèges;I_equipement;I6 Autres immobilisations (21, 23);5664899.94;2015
Seine-Saint-Denis;221 Collèges;I_subventions_equipement_versees;I5 Subventions d'équipement versées (204, 2324);3058881.84;2015
Seine-Saint-Denis;222-224 Lycées;F_interventions;F9 Autres subventions et participations (65x);21700.0;2015
Seine-Saint-Denis;28 Services annexes;F_achats_charges_externes;F3 Entretien, réparations, maintenance, nettoyage (6152x, 6155, 6156, 6283);88930.4;2015
Seine-Saint-Denis;28 Services annexes;F_achats_charges_externes;F5 Locations et charges locatives (613, 614);60642.85;2015
Seine-Saint-Denis;28 Services annexes;F_achats_charges_externes;F6 Autres achats et charges externes (60-62);34104.63;2015
Seine-Saint-Denis;28 Services annexes;I_equipement;I3 Mobilier, informatique, matériel (215x, 218x);148231.19;2015
Seine-Saint-Denis;dette 1675 (hors fonction 2);I_PPP_remboursement_capital_1675;I0 Remboursement en capital des marchés de partenariat (1675);0.0;2015
Seine-et-Marne;20 Services communs;F_achats_charges_externes;F4 Contrats de prestations de services (611);21650.1;2015
Seine-et-Marne;20 Services communs;F_achats_charges_externes;F5 Locations et charges locatives (613, 614);15397.25;2015
Seine-et-Marne;20 Services communs;F_achats_charges_externes;F6 Autres achats et charges externes (60-62);1847.71;2015
Seine-et-Marne;20 Services communs;F_personnel;F1 Personnel (621, 631, 633, 64);45275323.99;2015
Seine-et-Marne;21 Premier degré;I_subventions_equipement_versees;I5 Subventions d'équipement versées (204, 2324);551680.33;2015
Seine-et-Marne;221 Collèges;F_achats_charges_externes;F2 Énergie et eau (60611-60613, 60621-60622);3003246.65;2015
Seine-et-Marne;221 Collèges;F_achats_charges_externes;F3 Entretien, réparations, maintenance, nettoyage (6152x, 6155, 6156, 6283);5937657.299999999;2015
Seine-et-Marne;221 Collèges;F_achats_charges_externes;F4 Contrats de prestations de services (611);972119.95;2015
Seine-et-Marne;221 Collèges;F_achats_charges_externes;F5 Locations et charges locatives (613, 614);867352.59;2015
Seine-et-Marne;221 Collèges;F_achats_charges_externes;F6 Autres achats et charges externes (60-62);483794.79;2015
Seine-et-Marne;221 Collèges;F_autres;F11 Autres charges de fonctionnement;2871.73;2015
Seine-et-Marne;221 Collèges;F_interventions;F7 Dotations de fonctionnement aux collèges publics (655111);16158653.24;2015
Seine-et-Marne;221 Collèges;F_interventions;F8 Dotations de fonctionnement aux collèges privés (655112);5365685.9;2015
Seine-et-Marne;221 Collèges;F_interventions;F9 Autres subventions et participations (65x);1908046.74;2015
Seine-et-Marne;221 Collèges;I_autres;I7 Autres investissements (13, 26, 27, 45x hors 455, 481);0.0;2015
Seine-et-Marne;221 Collèges;I_equipement;I1 Terrains, constructions, rénovations, gros travaux, avances (211-214, 217, 231x, 236-238);55091876.41;2015
Seine-et-Marne;221 Collèges;I_equipement;I3 Mobilier, informatique, matériel (215x, 218x);5613722.83;2015
Seine-et-Marne;221 Collèges;I_equipement;I4 Études, logiciels, incorporels (20 hors 204);4179964.7199999997;2015
Seine-et-Marne;221 Collèges;I_subventions_equipement_versees;I5 Subventions d'équipement versées (204, 2324);333294.06;2015
Seine-et-Marne;23-27 Hors scolaire;F_achats_charges_externes;F4 Contrats de prestations de services (611);47946.0;2015
Seine-et-Marne;23-27 Hors scolaire;F_interventions;F9 Autres subventions et participations (65x);103400.0;2015
Seine-et-Marne;23-27 Hors scolaire;I_subventions_equipement_versees;I5 Subventions d'équipement versées (204, 2324);2725720.08;2015
Seine-et-Marne;28 Services annexes;F_achats_charges_externes;F2 Énergie et eau (60611-60613, 60621-60622);10996.82;2015
Seine-et-Marne;28 Services annexes;F_achats_charges_externes;F3 Entretien, réparations, maintenance, nettoyage (6152x, 6155, 6156, 6283);56785.14;2015
Seine-et-Marne;28 Services annexes;F_achats_charges_externes;F4 Contrats de prestations de services (611);772948.92;2015
Seine-et-Marne;28 Services annexes;F_achats_charges_externes;F5 Locations et charges locatives (613, 614);294148.4;2015
Seine-et-Marne;28 Services annexes;F_achats_charges_externes;F6 Autres achats et charges externes (60-62);92902.28;2015
Seine-et-Marne;28 Services annexes;F_interventions;F9 Autres subventions et participations (65x);178800.0;2015
Seine-et-Marne;28 Services annexes;I_equipement;I3 Mobilier, informatique, matériel (215x, 218x);2914.87;2015
Val-d'Oise;20 Services communs;F_achats_charges_externes;F6 Autres achats et charges externes (60-62);16284.470000000001;2015
Val-d'Oise;20 Services communs;F_interventions;F9 Autres subventions et participations (65x);30000.0;2015
Val-d'Oise;20 Services communs;F_personnel;F1 Personnel (621, 631, 633, 64);37225121.089999996;2015
Val-d'Oise;21 Premier degré;I_subventions_equipement_versees;I5 Subventions d'équipement versées (204, 2324);6140691.13;2015
Val-d'Oise;221 Collèges;F_achats_charges_externes;F3 Entretien, réparations, maintenance, nettoyage (6152x, 6155, 6156, 6283);5468575.97;2015
Val-d'Oise;221 Collèges;F_achats_charges_externes;F5 Locations et charges locatives (613, 614);27694.28;2015
Val-d'Oise;221 Collèges;F_achats_charges_externes;F6 Autres achats et charges externes (60-62);1628825.3;2015
Val-d'Oise;221 Collèges;F_autres;F9 Autres subventions et participations (65x);779.53;2015
Val-d'Oise;221 Collèges;F_interventions;F7 Dotations de fonctionnement aux collèges publics (655111);22576126.46;2015
Val-d'Oise;221 Collèges;F_interventions;F8 Dotations de fonctionnement aux collèges privés (655112);7365166.0;2015
Val-d'Oise;221 Collèges;F_interventions;F9 Autres subventions et participations (65x);1885513.08;2015
Val-d'Oise;221 Collèges;I_autres;I7 Autres investissements (13, 26, 27, 45x hors 455, 481);0.0;2015
Val-d'Oise;221 Collèges;I_equipement;I1 Terrains, constructions, rénovations, gros travaux, avances (211-214, 217, 231x, 236-238);17087803.56;2015
Val-d'Oise;221 Collèges;I_equipement;I3 Mobilier, informatique, matériel (215x, 218x);4942883.0;2015
Val-d'Oise;221 Collèges;I_equipement;I4 Études, logiciels, incorporels (20 hors 204);16909.2;2015
Val-d'Oise;221 Collèges;I_subventions_equipement_versees;I5 Subventions d'équipement versées (204, 2324);131698.49;2015
Val-d'Oise;23-27 Hors scolaire;F_achats_charges_externes;F3 Entretien, réparations, maintenance, nettoyage (6152x, 6155, 6156, 6283);19784.56;2015
Val-d'Oise;23-27 Hors scolaire;F_interventions;F9 Autres subventions et participations (65x);20000.0;2015
Val-d'Oise;23-27 Hors scolaire;I_equipement;I1 Terrains, constructions, rénovations, gros travaux, avances (211-214, 217, 231x, 236-238);53368.26;2015
Val-d'Oise;23-27 Hors scolaire;I_subventions_equipement_versees;I5 Subventions d'équipement versées (204, 2324);275000.0;2015
Val-d'Oise;28 Services annexes;F_achats_charges_externes;F3 Entretien, réparations, maintenance, nettoyage (6152x, 6155, 6156, 6283);4122.0;2015
Val-d'Oise;28 Services annexes;F_achats_charges_externes;F6 Autres achats et charges externes (60-62);1144095.5;2015
Val-d'Oise;28 Services annexes;F_interventions;F9 Autres subventions et participations (65x);1197257.44;2015
Val-d'Oise;28 Services annexes;I_equipement;I3 Mobilier, informatique, matériel (215x, 218x);19123.44;2015
Val-d'Oise;28 Services annexes;I_equipement;I4 Études, logiciels, incorporels (20 hors 204);24708.0;2015
Val-de-Marne;20 Services communs;F_achats_charges_externes;F6 Autres achats et charges externes (60-62);249891.47;2015
Val-de-Marne;20 Services communs;F_personnel;F1 Personnel (621, 631, 633, 64);2560951.97;2015
Val-de-Marne;21 Premier degré;F_interventions;F9 Autres subventions et participations (65x);55807.0;2015
Val-de-Marne;221 Collèges;F_achats_charges_externes;F3 Entretien, réparations, maintenance, nettoyage (6152x, 6155, 6156, 6283);6304158.64;2015
Val-de-Marne;221 Collèges;F_achats_charges_externes;F5 Locations et charges locatives (613, 614);21304.59;2015
Val-de-Marne;221 Collèges;F_achats_charges_externes;F6 Autres achats et charges externes (60-62);1022072.13;2015
Val-de-Marne;221 Collèges;F_interventions;F7 Dotations de fonctionnement aux collèges publics (655111);14445513.86;2015
Val-de-Marne;221 Collèges;F_interventions;F8 Dotations de fonctionnement aux collèges privés (655112);7072347.18;2015
Val-de-Marne;221 Collèges;F_interventions;F9 Autres subventions et participations (65x);3423143.27;2015
Val-de-Marne;221 Collèges;F_personnel;F1 Personnel (621, 631, 633, 64);32883428.11;2015
Val-de-Marne;221 Collèges;I_autres;I7 Autres investissements (13, 26, 27, 45x hors 455, 481);0.0;2015
Val-de-Marne;221 Collèges;I_equipement;I1 Terrains, constructions, rénovations, gros travaux, avances (211-214, 217, 231x, 236-238);71809039.28999999;2015
Val-de-Marne;221 Collèges;I_equipement;I3 Mobilier, informatique, matériel (215x, 218x);8743190.47;2015
Val-de-Marne;221 Collèges;I_equipement;I4 Études, logiciels, incorporels (20 hors 204);542428.29;2015
Val-de-Marne;221 Collèges;I_subventions_equipement_versees;I5 Subventions d'équipement versées (204, 2324);241475.11;2015
Val-de-Marne;222-224 Lycées;I_subventions_equipement_versees;I5 Subventions d'équipement versées (204, 2324);405773.64;2015
Val-de-Marne;23-27 Hors scolaire;F_achats_charges_externes;F6 Autres achats et charges externes (60-62);1259.16;2015
Val-de-Marne;23-27 Hors scolaire;F_autres;F11 Autres charges de fonctionnement;22000.0;2015
Val-de-Marne;23-27 Hors scolaire;F_interventions;F9 Autres subventions et participations (65x);96800.0;2015
Val-de-Marne;23-27 Hors scolaire;I_subventions_equipement_versees;I5 Subventions d'équipement versées (204, 2324);1350000.0;2015
Val-de-Marne;28 Services annexes;F_achats_charges_externes;F2 Énergie et eau (60611-60613, 60621-60622);717.8;2015
Val-de-Marne;28 Services annexes;F_achats_charges_externes;F3 Entretien, réparations, maintenance, nettoyage (6152x, 6155, 6156, 6283);91650.15;2015
Val-de-Marne;28 Services annexes;F_achats_charges_externes;F4 Contrats de prestations de services (611);493.68;2015
Val-de-Marne;28 Services annexes;F_achats_charges_externes;F5 Locations et charges locatives (613, 614);255815.56;2015
Val-de-Marne;28 Services annexes;F_achats_charges_externes;F6 Autres achats et charges externes (60-62);103300.83;2015
Val-de-Marne;28 Services annexes;F_interventions;F9 Autres subventions et participations (65x);188700.0;2015
Val-de-Marne;28 Services annexes;I_equipement;I1 Terrains, constructions, rénovations, gros travaux, avances (211-214, 217, 231x, 236-238);56846.75;2015
Val-de-Marne;28 Services annexes;I_equipement;I3 Mobilier, informatique, matériel (215x, 218x);21280.63;2015
Val-de-Marne;28 Services annexes;I_equipement;I4 Études, logiciels, incorporels (20 hors 204);2675.93;2015
Val-de-Marne;28 Services annexes;I_subventions_equipement_versees;I5 Subventions d'équipement versées (204, 2324);15244.0;2015
Yvelines;20 Services communs;F_interventions;F9 Autres subventions et participations (65x);232836.54;2015
Yvelines;20 Services communs;F_personnel;F1 Personnel (621, 631, 633, 64);38391061.83;2015
Yvelines;21 Premier degré;F_interventions;F9 Autres subventions et participations (65x);150760.0;2015
Yvelines;21 Premier degré;I_subventions_equipement_versees;I5 Subventions d'équipement versées (204, 2324);518230.0;2015
Yvelines;221 Collèges;F_achats_charges_externes;F2 Énergie et eau (60611-60613, 60621-60622);3717859.59;2015
Yvelines;221 Collèges;F_achats_charges_externes;F3 Entretien, réparations, maintenance, nettoyage (6152x, 6155, 6156, 6283);1139794.23;2015
Yvelines;221 Collèges;F_achats_charges_externes;F6 Autres achats et charges externes (60-62);401291.01;2015
Yvelines;221 Collèges;F_autres;F11 Autres charges de fonctionnement;7396.610000000001;2015
Yvelines;221 Collèges;F_autres;F9 Autres subventions et participations (65x);150465.97;2015
Yvelines;221 Collèges;F_interventions;F7 Dotations de fonctionnement aux collèges publics (655111);13125390.0;2015
Yvelines;221 Collèges;F_interventions;F8 Dotations de fonctionnement aux collèges privés (655112);7218342.0;2015
Yvelines;221 Collèges;F_interventions;F9 Autres subventions et participations (65x);741257.29;2015
Yvelines;221 Collèges;I_autres;I7 Autres investissements (13, 26, 27, 45x hors 455, 481);0.0;2015
Yvelines;221 Collèges;I_equipement;I1 Terrains, constructions, rénovations, gros travaux, avances (211-214, 217, 231x, 236-238);27003702.39;2015
Yvelines;221 Collèges;I_equipement;I3 Mobilier, informatique, matériel (215x, 218x);489024.35;2015
Yvelines;221 Collèges;I_equipement;I4 Études, logiciels, incorporels (20 hors 204);210871.07;2015
Yvelines;221 Collèges;I_subventions_equipement_versees;I5 Subventions d'équipement versées (204, 2324);6392157.970000001;2015
Yvelines;222-224 Lycées;F_interventions;F7 Dotations de fonctionnement aux collèges publics (655111);466030.0;2015
Yvelines;222-224 Lycées;F_interventions;F9 Autres subventions et participations (65x);11350.0;2015
Yvelines;222-224 Lycées;I_subventions_equipement_versees;I5 Subventions d'équipement versées (204, 2324);156100.0;2015
Yvelines;23-27 Hors scolaire;F_interventions;F9 Autres subventions et participations (65x);30000.0;2015
Yvelines;28 Services annexes;F_achats_charges_externes;F2 Énergie et eau (60611-60613, 60621-60622);19857.79;2015
Yvelines;28 Services annexes;F_achats_charges_externes;F3 Entretien, réparations, maintenance, nettoyage (6152x, 6155, 6156, 6283);44637.31;2015
Yvelines;28 Services annexes;F_achats_charges_externes;F5 Locations et charges locatives (613, 614);21710.239999999998;2015
Yvelines;28 Services annexes;F_achats_charges_externes;F6 Autres achats et charges externes (60-62);28972.510000000002;2015
Yvelines;28 Services annexes;F_autres;F11 Autres charges de fonctionnement;941.57;2015
Yvelines;28 Services annexes;F_interventions;F9 Autres subventions et participations (65x);65500.0;2015
Yvelines;28 Services annexes;I_equipement;I1 Terrains, constructions, rénovations, gros travaux, avances (211-214, 217, 231x, 236-238);10948.9;2015
France (départements, Paris, ML, CTU);221 Collèges;F_achats_charges_externes;F2 Énergie et eau (60611-60613, 60621-60622);18669592.11;2015
France (départements, Paris, ML, CTU);221 Collèges;F_achats_charges_externes;F3 Entretien, réparations, maintenance, nettoyage (6152x, 6155, 6156, 6283);97862330.44;2015
France (départements, Paris, ML, CTU);221 Collèges;F_achats_charges_externes;F4 Contrats de prestations de services (611);12973009.83;2015
France (départements, Paris, ML, CTU);221 Collèges;F_achats_charges_externes;F5 Locations et charges locatives (613, 614);25936935.81;2015
France (départements, Paris, ML, CTU);221 Collèges;F_achats_charges_externes;F6 Autres achats et charges externes (60-62);71661160.14;2015
France (départements, Paris, ML, CTU);221 Collèges;F_autres;F11 Autres charges de fonctionnement;2367229.6;2015
France (départements, Paris, ML, CTU);221 Collèges;F_autres;F9 Autres subventions et participations (65x);26476025.04;2015
France (départements, Paris, ML, CTU);221 Collèges;F_charges_financieres;F10 Charges financières (66);16699011.719999999;2015
France (départements, Paris, ML, CTU);221 Collèges;F_interventions;F7 Dotations de fonctionnement aux collèges publics (655111);681949040.32;2015
France (départements, Paris, ML, CTU);221 Collèges;F_interventions;F8 Dotations de fonctionnement aux collèges privés (655112);370342615.58;2015
France (départements, Paris, ML, CTU);221 Collèges;F_interventions;F9 Autres subventions et participations (65x);96121569.25999999;2015
France (départements, Paris, ML, CTU);221 Collèges;F_personnel;F1 Personnel (621, 631, 633, 64);924925218.14;2015
France (départements, Paris, ML, CTU);221 Collèges;I_PPP_remboursement_capital_1675;I0 Remboursement en capital des marchés de partenariat (1675);21453271.52;2015
France (départements, Paris, ML, CTU);221 Collèges;I_autres;I2 Opérations sous mandat des EPLE (455);97654.26;2015
France (départements, Paris, ML, CTU);221 Collèges;I_autres;I7 Autres investissements (13, 26, 27, 45x hors 455, 481);1521953.22;2015
France (départements, Paris, ML, CTU);221 Collèges;I_equipement;I1 Terrains, constructions, rénovations, gros travaux, avances (211-214, 217, 231x, 236-238);1472956816.01;2015
France (départements, Paris, ML, CTU);221 Collèges;I_equipement;I3 Mobilier, informatique, matériel (215x, 218x);170579972.92000002;2015
France (départements, Paris, ML, CTU);221 Collèges;I_equipement;I4 Études, logiciels, incorporels (20 hors 204);43281138.39;2015
France (départements, Paris, ML, CTU);221 Collèges;I_equipement;I6 Autres immobilisations (21, 23);8028410.740000001;2015
France (départements, Paris, ML, CTU);221 Collèges;I_subventions_equipement_versees;I5 Subventions d'équipement versées (204, 2324);92003911.04;2015
France catégorie DEPT;221 Collèges;F_achats_charges_externes;F2 Énergie et eau (60611-60613, 60621-60622);18665764.61;2015
France catégorie DEPT;221 Collèges;F_achats_charges_externes;F3 Entretien, réparations, maintenance, nettoyage (6152x, 6155, 6156, 6283);95074207.13;2015
France catégorie DEPT;221 Collèges;F_achats_charges_externes;F4 Contrats de prestations de services (611);12885399.93;2015
France catégorie DEPT;221 Collèges;F_achats_charges_externes;F5 Locations et charges locatives (613, 614);22751532.080000002;2015
France catégorie DEPT;221 Collèges;F_achats_charges_externes;F6 Autres achats et charges externes (60-62);70983113.21;2015
France catégorie DEPT;221 Collèges;F_autres;F11 Autres charges de fonctionnement;2315814.6;2015
France catégorie DEPT;221 Collèges;F_autres;F9 Autres subventions et participations (65x);24908375.47;2015
France catégorie DEPT;221 Collèges;F_charges_financieres;F10 Charges financières (66);16699011.719999999;2015
France catégorie DEPT;221 Collèges;F_interventions;F7 Dotations de fonctionnement aux collèges publics (655111);671605985.09;2015
France catégorie DEPT;221 Collèges;F_interventions;F8 Dotations de fonctionnement aux collèges privés (655112);359951176.7;2015
France catégorie DEPT;221 Collèges;F_interventions;F9 Autres subventions et participations (65x);95581364.38;2015
France catégorie DEPT;221 Collèges;F_personnel;F1 Personnel (621, 631, 633, 64);924103745.82;2015
France catégorie DEPT;221 Collèges;I_PPP_remboursement_capital_1675;I0 Remboursement en capital des marchés de partenariat (1675);21453271.52;2015
France catégorie DEPT;221 Collèges;I_autres;I2 Opérations sous mandat des EPLE (455);97654.26;2015
France catégorie DEPT;221 Collèges;I_autres;I7 Autres investissements (13, 26, 27, 45x hors 455, 481);1521953.22;2015
France catégorie DEPT;221 Collèges;I_equipement;I1 Terrains, constructions, rénovations, gros travaux, avances (211-214, 217, 231x, 236-238);1449840725.22;2015
France catégorie DEPT;221 Collèges;I_equipement;I3 Mobilier, informatique, matériel (215x, 218x);168524815.81;2015
France catégorie DEPT;221 Collèges;I_equipement;I4 Études, logiciels, incorporels (20 hors 204);43183001.089999996;2015
France catégorie DEPT;221 Collèges;I_equipement;I6 Autres immobilisations (21, 23);8028410.740000001;2015
France catégorie DEPT;221 Collèges;I_subventions_equipement_versees;I5 Subventions d'équipement versées (204, 2324);90573360.71000001;2015
France catégorie ML;221 Collèges;F_achats_charges_externes;F2 Énergie et eau (60611-60613, 60621-60622);3827.5;2015
France catégorie ML;221 Collèges;F_achats_charges_externes;F3 Entretien, réparations, maintenance, nettoyage (6152x, 6155, 6156, 6283);2788123.31;2015
France catégorie ML;221 Collèges;F_achats_charges_externes;F4 Contrats de prestations de services (611);87609.9;2015
France catégorie ML;221 Collèges;F_achats_charges_externes;F5 Locations et charges locatives (613, 614);3185403.73;2015
France catégorie ML;221 Collèges;F_achats_charges_externes;F6 Autres achats et charges externes (60-62);678046.9299999999;2015
France catégorie ML;221 Collèges;F_autres;F11 Autres charges de fonctionnement;51415.0;2015
France catégorie ML;221 Collèges;F_autres;F9 Autres subventions et participations (65x);1567649.57;2015
France catégorie ML;221 Collèges;F_interventions;F7 Dotations de fonctionnement aux collèges publics (655111);10343055.23;2015
France catégorie ML;221 Collèges;F_interventions;F8 Dotations de fonctionnement aux collèges privés (655112);10391438.88;2015
France catégorie ML;221 Collèges;F_interventions;F9 Autres subventions et participations (65x);540204.88;2015
France catégorie ML;221 Collèges;F_personnel;F1 Personnel (621, 631, 633, 64);821472.32;2015
France catégorie ML;221 Collèges;I_autres;I7 Autres investissements (13, 26, 27, 45x hors 455, 481);0.0;2015
France catégorie ML;221 Collèges;I_equipement;I1 Terrains, constructions, rénovations, gros travaux, avances (211-214, 217, 231x, 236-238);23116090.79;2015
France catégorie ML;221 Collèges;I_equipement;I3 Mobilier, informatique, matériel (215x, 218x);2055157.1099999999;2015
France catégorie ML;221 Collèges;I_equipement;I4 Études, logiciels, incorporels (20 hors 204);98137.3;2015
France catégorie ML;221 Collèges;I_subventions_equipement_versees;I5 Subventions d'équipement versées (204, 2324);1430550.33;2015
Essonne;21 Premier degré;I_subventions_equipement_versees;I5 Subventions d'équipement versées (204, 2324);3218758.0;2016
Essonne;221 Collèges;F_achats_charges_externes;F2 Énergie et eau (60611-60613, 60621-60622);3530317.21;2016
Essonne;221 Collèges;F_achats_charges_externes;F3 Entretien, réparations, maintenance, nettoyage (6152x, 6155, 6156, 6283);621869.13;2016
Essonne;221 Collèges;F_achats_charges_externes;F6 Autres achats et charges externes (60-62);2427482.83;2016
Essonne;221 Collèges;F_autres;F11 Autres charges de fonctionnement;38974.47;2016
Essonne;221 Collèges;F_autres;F9 Autres subventions et participations (65x);6783147.17;2016
Essonne;221 Collèges;F_interventions;F7 Dotations de fonctionnement aux collèges publics (655111);14089570.89;2016
Essonne;221 Collèges;F_interventions;F8 Dotations de fonctionnement aux collèges privés (655112);5070397.0;2016
Essonne;221 Collèges;F_interventions;F9 Autres subventions et participations (65x);1412102.85;2016
Essonne;221 Collèges;F_personnel;F1 Personnel (621, 631, 633, 64);414099.08;2016
Essonne;221 Collèges;I_autres;I7 Autres investissements (13, 26, 27, 45x hors 455, 481);0.0;2016
Essonne;221 Collèges;I_equipement;I1 Terrains, constructions, rénovations, gros travaux, avances (211-214, 217, 231x, 236-238);29259754.62;2016
Essonne;221 Collèges;I_equipement;I3 Mobilier, informatique, matériel (215x, 218x);7800521.57;2016
Essonne;221 Collèges;I_equipement;I4 Études, logiciels, incorporels (20 hors 204);392615.72000000003;2016
Essonne;221 Collèges;I_subventions_equipement_versees;I5 Subventions d'équipement versées (204, 2324);758150.63;2016
Essonne;23-27 Hors scolaire;I_equipement;I1 Terrains, constructions, rénovations, gros travaux, avances (211-214, 217, 231x, 236-238);742929.68;2016
Essonne;23-27 Hors scolaire;I_subventions_equipement_versees;I5 Subventions d'équipement versées (204, 2324);972219.0;2016
Essonne;28 Services annexes;F_achats_charges_externes;F2 Énergie et eau (60611-60613, 60621-60622);4933.76;2016
Essonne;28 Services annexes;F_achats_charges_externes;F3 Entretien, réparations, maintenance, nettoyage (6152x, 6155, 6156, 6283);18276.739999999998;2016
Essonne;28 Services annexes;F_achats_charges_externes;F5 Locations et charges locatives (613, 614);219664.24;2016
Essonne;28 Services annexes;F_achats_charges_externes;F6 Autres achats et charges externes (60-62);13300.69;2016
Essonne;28 Services annexes;F_autres;F11 Autres charges de fonctionnement;37724.0;2016
Essonne;28 Services annexes;F_interventions;F9 Autres subventions et participations (65x);113350.0;2016
Essonne;28 Services annexes;I_equipement;I3 Mobilier, informatique, matériel (215x, 218x);1663.44;2016
Essonne;28 Services annexes;I_subventions_equipement_versees;I5 Subventions d'équipement versées (204, 2324);1069724.0;2016
Hauts-de-Seine;20 Services communs;F_achats_charges_externes;F6 Autres achats et charges externes (60-62);93833.29;2016
Hauts-de-Seine;20 Services communs;F_personnel;F1 Personnel (621, 631, 633, 64);4503638.84;2016
Hauts-de-Seine;20 Services communs;I_equipement;I3 Mobilier, informatique, matériel (215x, 218x);24990.88;2016
Hauts-de-Seine;21 Premier degré;F_achats_charges_externes;F2 Énergie et eau (60611-60613, 60621-60622);9574.96;2016
Hauts-de-Seine;221 Collèges;F_achats_charges_externes;F2 Énergie et eau (60611-60613, 60621-60622);120142.39;2016
Hauts-de-Seine;221 Collèges;F_achats_charges_externes;F3 Entretien, réparations, maintenance, nettoyage (6152x, 6155, 6156, 6283);5941967.78;2016
Hauts-de-Seine;221 Collèges;F_achats_charges_externes;F4 Contrats de prestations de services (611);1071305.28;2016
Hauts-de-Seine;221 Collèges;F_achats_charges_externes;F5 Locations et charges locatives (613, 614);164880.51;2016
Hauts-de-Seine;221 Collèges;F_achats_charges_externes;F6 Autres achats et charges externes (60-62);11610805.73;2016
Hauts-de-Seine;221 Collèges;F_autres;F11 Autres charges de fonctionnement;26819.800000000003;2016
Hauts-de-Seine;221 Collèges;F_charges_financieres;F10 Charges financières (66);1117215.51;2016
Hauts-de-Seine;221 Collèges;F_interventions;F7 Dotations de fonctionnement aux collèges publics (655111);17581175.87;2016
Hauts-de-Seine;221 Collèges;F_interventions;F8 Dotations de fonctionnement aux collèges privés (655112);9587988.85;2016
Hauts-de-Seine;221 Collèges;F_interventions;F9 Autres subventions et participations (65x);4105663.9499999997;2016
Hauts-de-Seine;221 Collèges;F_personnel;F1 Personnel (621, 631, 633, 64);31115745.439999998;2016
Hauts-de-Seine;221 Collèges;I_PPP_remboursement_capital_1675;I0 Remboursement en capital des marchés de partenariat (1675);2443856.23;2016
Hauts-de-Seine;221 Collèges;I_autres;I7 Autres investissements (13, 26, 27, 45x hors 455, 481);0.0;2016
Hauts-de-Seine;221 Collèges;I_equipement;I1 Terrains, constructions, rénovations, gros travaux, avances (211-214, 217, 231x, 236-238);46337309.69;2016
Hauts-de-Seine;221 Collèges;I_equipement;I3 Mobilier, informatique, matériel (215x, 218x);10011499.38;2016
Hauts-de-Seine;221 Collèges;I_equipement;I4 Études, logiciels, incorporels (20 hors 204);335074.86;2016
Hauts-de-Seine;221 Collèges;I_subventions_equipement_versees;I5 Subventions d'équipement versées (204, 2324);4908.72;2016
Hauts-de-Seine;23-27 Hors scolaire;F_achats_charges_externes;F2 Énergie et eau (60611-60613, 60621-60622);1227578.07;2016
Hauts-de-Seine;23-27 Hors scolaire;F_achats_charges_externes;F3 Entretien, réparations, maintenance, nettoyage (6152x, 6155, 6156, 6283);2520139.99;2016
Hauts-de-Seine;23-27 Hors scolaire;F_achats_charges_externes;F5 Locations et charges locatives (613, 614);5829.5;2016
Hauts-de-Seine;23-27 Hors scolaire;F_achats_charges_externes;F6 Autres achats et charges externes (60-62);1668917.5;2016
Hauts-de-Seine;23-27 Hors scolaire;F_interventions;F9 Autres subventions et participations (65x);65000.0;2016
Hauts-de-Seine;23-27 Hors scolaire;I_equipement;I1 Terrains, constructions, rénovations, gros travaux, avances (211-214, 217, 231x, 236-238);372207.99;2016
Hauts-de-Seine;23-27 Hors scolaire;I_equipement;I3 Mobilier, informatique, matériel (215x, 218x);13831.11;2016
Hauts-de-Seine;23-27 Hors scolaire;I_equipement;I4 Études, logiciels, incorporels (20 hors 204);1863.5;2016
Hauts-de-Seine;28 Services annexes;F_achats_charges_externes;F2 Énergie et eau (60611-60613, 60621-60622);2296.63;2016
Hauts-de-Seine;28 Services annexes;F_achats_charges_externes;F3 Entretien, réparations, maintenance, nettoyage (6152x, 6155, 6156, 6283);47324.24;2016
Hauts-de-Seine;28 Services annexes;F_achats_charges_externes;F5 Locations et charges locatives (613, 614);34804.28;2016
Hauts-de-Seine;28 Services annexes;F_achats_charges_externes;F6 Autres achats et charges externes (60-62);336678.31;2016
Hauts-de-Seine;28 Services annexes;F_interventions;F9 Autres subventions et participations (65x);515595.62;2016
Hauts-de-Seine;28 Services annexes;F_personnel;F1 Personnel (621, 631, 633, 64);4242893.81;2016
Hauts-de-Seine;dette 1675 (hors fonction 2);I_PPP_remboursement_capital_1675;I0 Remboursement en capital des marchés de partenariat (1675);0.0;2016
Paris;20 Services communs;F_personnel;F1 Personnel (621, 631, 633, 64);4746665.2700000005;2016
Paris;21 Premier degré;I_autres;I7 Autres investissements (13, 26, 27, 45x hors 455, 481);345047.2;2016
Paris;21 Premier degré;I_equipement;I1 Terrains, constructions, rénovations, gros travaux, avances (211-214, 217, 231x, 236-238);16288.65;2016
Paris;221 Collèges;F_achats_charges_externes;F3 Entretien, réparations, maintenance, nettoyage (6152x, 6155, 6156, 6283);1654137.45;2016
Paris;221 Collèges;F_achats_charges_externes;F4 Contrats de prestations de services (611);163075.3;2016
Paris;221 Collèges;F_achats_charges_externes;F6 Autres achats et charges externes (60-62);69622.93;2016
Paris;221 Collèges;F_autres;F11 Autres charges de fonctionnement;479.0;2016
Paris;221 Collèges;F_autres;F9 Autres subventions et participations (65x);513739.65;2016
Paris;221 Collèges;F_interventions;F7 Dotations de fonctionnement aux collèges publics (655111);19078782.13;2016
Paris;221 Collèges;F_interventions;F8 Dotations de fonctionnement aux collèges privés (655112);20365329.11;2016
Paris;221 Collèges;F_interventions;F9 Autres subventions et participations (65x);5693043.0;2016
Paris;221 Collèges;F_personnel;F1 Personnel (621, 631, 633, 64);30443270.209999997;2016
Paris;221 Collèges;I_autres;I2 Opérations sous mandat des EPLE (455);24145.51;2016
Paris;221 Collèges;I_autres;I7 Autres investissements (13, 26, 27, 45x hors 455, 481);125604.71;2016
Paris;221 Collèges;I_equipement;I1 Terrains, constructions, rénovations, gros travaux, avances (211-214, 217, 231x, 236-238);24575619.46;2016
Paris;221 Collèges;I_equipement;I3 Mobilier, informatique, matériel (215x, 218x);1284861.55;2016
Paris;221 Collèges;I_equipement;I4 Études, logiciels, incorporels (20 hors 204);953959.6000000001;2016
Paris;221 Collèges;I_subventions_equipement_versees;I5 Subventions d'équipement versées (204, 2324);2898776.0;2016
Paris;222-224 Lycées;I_autres;I2 Opérations sous mandat des EPLE (455);54792.18;2016
Paris;23-27 Hors scolaire;I_subventions_equipement_versees;I5 Subventions d'équipement versées (204, 2324);1400000.0;2016
Paris;28 Services annexes;F_achats_charges_externes;F2 Énergie et eau (60611-60613, 60621-60622);645.36;2016
Paris;28 Services annexes;F_achats_charges_externes;F3 Entretien, réparations, maintenance, nettoyage (6152x, 6155, 6156, 6283);181799.54;2016
Paris;28 Services annexes;F_achats_charges_externes;F4 Contrats de prestations de services (611);55260.0;2016
Paris;28 Services annexes;F_achats_charges_externes;F5 Locations et charges locatives (613, 614);75789.8;2016
Paris;28 Services annexes;F_achats_charges_externes;F6 Autres achats et charges externes (60-62);244400.81;2016
Paris;28 Services annexes;F_autres;F11 Autres charges de fonctionnement;5383.0;2016
Paris;28 Services annexes;F_interventions;F9 Autres subventions et participations (65x);180000.0;2016
Paris;28 Services annexes;F_personnel;F1 Personnel (621, 631, 633, 64);19186090.549999997;2016
Paris;28 Services annexes;I_equipement;I1 Terrains, constructions, rénovations, gros travaux, avances (211-214, 217, 231x, 236-238);64035.880000000005;2016
Paris;28 Services annexes;I_equipement;I3 Mobilier, informatique, matériel (215x, 218x);22607.91;2016
Seine-Saint-Denis;20 Services communs;F_achats_charges_externes;F6 Autres achats et charges externes (60-62);329370.57;2016
Seine-Saint-Denis;20 Services communs;F_personnel;F1 Personnel (621, 631, 633, 64);931502.35;2016
Seine-Saint-Denis;221 Collèges;F_achats_charges_externes;F2 Énergie et eau (60611-60613, 60621-60622);2706978.64;2016
Seine-Saint-Denis;221 Collèges;F_achats_charges_externes;F3 Entretien, réparations, maintenance, nettoyage (6152x, 6155, 6156, 6283);4467853.53;2016
Seine-Saint-Denis;221 Collèges;F_achats_charges_externes;F4 Contrats de prestations de services (611);1183970.42;2016
Seine-Saint-Denis;221 Collèges;F_achats_charges_externes;F5 Locations et charges locatives (613, 614);257361.32;2016
Seine-Saint-Denis;221 Collèges;F_achats_charges_externes;F6 Autres achats et charges externes (60-62);9943842.34;2016
Seine-Saint-Denis;221 Collèges;F_autres;F11 Autres charges de fonctionnement;3653.98;2016
Seine-Saint-Denis;221 Collèges;F_autres;F9 Autres subventions et participations (65x);200000.0;2016
Seine-Saint-Denis;221 Collèges;F_charges_financieres;F10 Charges financières (66);8431216.37;2016
Seine-Saint-Denis;221 Collèges;F_interventions;F7 Dotations de fonctionnement aux collèges publics (655111);24278248.8;2016
Seine-Saint-Denis;221 Collèges;F_interventions;F8 Dotations de fonctionnement aux collèges privés (655112);6711143.29;2016
Seine-Saint-Denis;221 Collèges;F_interventions;F9 Autres subventions et participations (65x);1506143.41;2016
Seine-Saint-Denis;221 Collèges;F_personnel;F1 Personnel (621, 631, 633, 64);60047075.37;2016
Seine-Saint-Denis;221 Collèges;I_PPP_remboursement_capital_1675;I0 Remboursement en capital des marchés de partenariat (1675);8549240.75;2016
Seine-Saint-Denis;221 Collèges;I_autres;I7 Autres investissements (13, 26, 27, 45x hors 455, 481);0.0;2016
Seine-Saint-Denis;221 Collèges;I_equipement;I1 Terrains, constructions, rénovations, gros travaux, avances (211-214, 217, 231x, 236-238);48362190.94;2016
Seine-Saint-Denis;221 Collèges;I_equipement;I3 Mobilier, informatique, matériel (215x, 218x);6418123.470000001;2016
Seine-Saint-Denis;221 Collèges;I_equipement;I4 Études, logiciels, incorporels (20 hors 204);2391231.42;2016
Seine-Saint-Denis;221 Collèges;I_equipement;I6 Autres immobilisations (21, 23);13127078.68;2016
Seine-Saint-Denis;221 Collèges;I_subventions_equipement_versees;I5 Subventions d'équipement versées (204, 2324);2472200.77;2016
Seine-Saint-Denis;222-224 Lycées;F_achats_charges_externes;F5 Locations et charges locatives (613, 614);2906.98;2016
Seine-Saint-Denis;222-224 Lycées;F_interventions;F9 Autres subventions et participations (65x);8150.0;2016
Seine-Saint-Denis;28 Services annexes;F_achats_charges_externes;F3 Entretien, réparations, maintenance, nettoyage (6152x, 6155, 6156, 6283);96945.61;2016
Seine-Saint-Denis;28 Services annexes;F_achats_charges_externes;F6 Autres achats et charges externes (60-62);27753.29;2016
Seine-Saint-Denis;dette 1675 (hors fonction 2);I_PPP_remboursement_capital_1675;I0 Remboursement en capital des marchés de partenariat (1675);0.0;2016
Seine-et-Marne;20 Services communs;F_achats_charges_externes;F4 Contrats de prestations de services (611);10419.65;2016
Seine-et-Marne;20 Services communs;F_achats_charges_externes;F5 Locations et charges locatives (613, 614);15532.26;2016
Seine-et-Marne;20 Services communs;F_achats_charges_externes;F6 Autres achats et charges externes (60-62);3782.4;2016
Seine-et-Marne;20 Services communs;F_personnel;F1 Personnel (621, 631, 633, 64);45673970.449999996;2016
Seine-et-Marne;21 Premier degré;I_autres;I7 Autres investissements (13, 26, 27, 45x hors 455, 481);0.0;2016
Seine-et-Marne;21 Premier degré;I_subventions_equipement_versees;I5 Subventions d'équipement versées (204, 2324);483361.11;2016
Seine-et-Marne;221 Collèges;F_achats_charges_externes;F2 Énergie et eau (60611-60613, 60621-60622);6526324.9;2016
Seine-et-Marne;221 Collèges;F_achats_charges_externes;F3 Entretien, réparations, maintenance, nettoyage (6152x, 6155, 6156, 6283);5677041.63;2016
Seine-et-Marne;221 Collèges;F_achats_charges_externes;F4 Contrats de prestations de services (611);891892.16;2016
Seine-et-Marne;221 Collèges;F_achats_charges_externes;F5 Locations et charges locatives (613, 614);510685.53;2016
Seine-et-Marne;221 Collèges;F_achats_charges_externes;F6 Autres achats et charges externes (60-62);667319.89;2016
Seine-et-Marne;221 Collèges;F_autres;F11 Autres charges de fonctionnement;83047.11;2016
Seine-et-Marne;221 Collèges;F_autres;F9 Autres subventions et participations (65x);350.0;2016
Seine-et-Marne;221 Collèges;F_interventions;F7 Dotations de fonctionnement aux collèges publics (655111);13334395.66;2016
Seine-et-Marne;221 Collèges;F_interventions;F8 Dotations de fonctionnement aux collèges privés (655112);5830809.41;2016
Seine-et-Marne;221 Collèges;F_interventions;F9 Autres subventions et participations (65x);560687.45;2016
Seine-et-Marne;221 Collèges;I_autres;I7 Autres investissements (13, 26, 27, 45x hors 455, 481);0.0;2016
Seine-et-Marne;221 Collèges;I_equipement;I1 Terrains, constructions, rénovations, gros travaux, avances (211-214, 217, 231x, 236-238);46819503.919999994;2016
Seine-et-Marne;221 Collèges;I_equipement;I3 Mobilier, informatique, matériel (215x, 218x);5856427.15;2016
Seine-et-Marne;221 Collèges;I_equipement;I4 Études, logiciels, incorporels (20 hors 204);4209363.45;2016
Seine-et-Marne;221 Collèges;I_subventions_equipement_versees;I5 Subventions d'équipement versées (204, 2324);256524.21000000002;2016
Seine-et-Marne;222-224 Lycées;F_achats_charges_externes;F6 Autres achats et charges externes (60-62);39131.64;2016
Seine-et-Marne;23-27 Hors scolaire;F_interventions;F9 Autres subventions et participations (65x);10000.0;2016
Seine-et-Marne;23-27 Hors scolaire;I_subventions_equipement_versees;I5 Subventions d'équipement versées (204, 2324);3823636.63;2016
Seine-et-Marne;28 Services annexes;F_achats_charges_externes;F2 Énergie et eau (60611-60613, 60621-60622);3703.5600000000004;2016
Seine-et-Marne;28 Services annexes;F_achats_charges_externes;F3 Entretien, réparations, maintenance, nettoyage (6152x, 6155, 6156, 6283);32544.03;2016
Seine-et-Marne;28 Services annexes;F_achats_charges_externes;F4 Contrats de prestations de services (611);837384.42;2016
Seine-et-Marne;28 Services annexes;F_achats_charges_externes;F5 Locations et charges locatives (613, 614);170243.82;2016
Seine-et-Marne;28 Services annexes;F_achats_charges_externes;F6 Autres achats et charges externes (60-62);53363.32000000001;2016
Seine-et-Marne;28 Services annexes;F_interventions;F9 Autres subventions et participations (65x);108000.0;2016
Val-d'Oise;20 Services communs;F_achats_charges_externes;F6 Autres achats et charges externes (60-62);17999.559999999998;2016
Val-d'Oise;20 Services communs;F_personnel;F1 Personnel (621, 631, 633, 64);36708344.68;2016
Val-d'Oise;21 Premier degré;I_equipement;I1 Terrains, constructions, rénovations, gros travaux, avances (211-214, 217, 231x, 236-238);2304.0;2016
Val-d'Oise;21 Premier degré;I_subventions_equipement_versees;I5 Subventions d'équipement versées (204, 2324);6321659.04;2016
Val-d'Oise;221 Collèges;F_achats_charges_externes;F2 Énergie et eau (60611-60613, 60621-60622);2179955.47;2016
Val-d'Oise;221 Collèges;F_achats_charges_externes;F3 Entretien, réparations, maintenance, nettoyage (6152x, 6155, 6156, 6283);6766967.7;2016
Val-d'Oise;221 Collèges;F_achats_charges_externes;F5 Locations et charges locatives (613, 614);29077.02;2016
Val-d'Oise;221 Collèges;F_achats_charges_externes;F6 Autres achats et charges externes (60-62);1026989.4400000001;2016
Val-d'Oise;221 Collèges;F_interventions;F7 Dotations de fonctionnement aux collèges publics (655111);16119159.96;2016
Val-d'Oise;221 Collèges;F_interventions;F8 Dotations de fonctionnement aux collèges privés (655112);6771407.0;2016
Val-d'Oise;221 Collèges;F_interventions;F9 Autres subventions et participations (65x);1393898.65;2016
Val-d'Oise;221 Collèges;I_autres;I7 Autres investissements (13, 26, 27, 45x hors 455, 481);0.0;2016
Val-d'Oise;221 Collèges;I_equipement;I1 Terrains, constructions, rénovations, gros travaux, avances (211-214, 217, 231x, 236-238);26641366.96;2016
Val-d'Oise;221 Collèges;I_equipement;I3 Mobilier, informatique, matériel (215x, 218x);3522504.8000000003;2016
Val-d'Oise;221 Collèges;I_equipement;I4 Études, logiciels, incorporels (20 hors 204);49114.29;2016
Val-d'Oise;221 Collèges;I_subventions_equipement_versees;I5 Subventions d'équipement versées (204, 2324);43214.0;2016
Val-d'Oise;23-27 Hors scolaire;F_achats_charges_externes;F3 Entretien, réparations, maintenance, nettoyage (6152x, 6155, 6156, 6283);47745.68;2016
Val-d'Oise;23-27 Hors scolaire;F_interventions;F9 Autres subventions et participations (65x);20000.0;2016
Val-d'Oise;23-27 Hors scolaire;I_autres;I7 Autres investissements (13, 26, 27, 45x hors 455, 481);0.0;2016
Val-d'Oise;23-27 Hors scolaire;I_equipement;I1 Terrains, constructions, rénovations, gros travaux, avances (211-214, 217, 231x, 236-238);249289.21;2016
Val-d'Oise;23-27 Hors scolaire;I_subventions_equipement_versees;I5 Subventions d'équipement versées (204, 2324);472541.32999999996;2016
Val-d'Oise;28 Services annexes;F_achats_charges_externes;F3 Entretien, réparations, maintenance, nettoyage (6152x, 6155, 6156, 6283);4122.0;2016
Val-d'Oise;28 Services annexes;F_achats_charges_externes;F6 Autres achats et charges externes (60-62);991187.3200000001;2016
Val-d'Oise;28 Services annexes;F_interventions;F9 Autres subventions et participations (65x);1087310.0;2016
Val-d'Oise;28 Services annexes;I_equipement;I3 Mobilier, informatique, matériel (215x, 218x);14947.1;2016
Val-de-Marne;20 Services communs;F_achats_charges_externes;F6 Autres achats et charges externes (60-62);254839.1;2016
Val-de-Marne;20 Services communs;F_personnel;F1 Personnel (621, 631, 633, 64);2355307.74;2016
Val-de-Marne;21 Premier degré;F_interventions;F9 Autres subventions et participations (65x);30332.0;2016
Val-de-Marne;221 Collèges;F_achats_charges_externes;F3 Entretien, réparations, maintenance, nettoyage (6152x, 6155, 6156, 6283);5944259.89;2016
Val-de-Marne;221 Collèges;F_achats_charges_externes;F5 Locations et charges locatives (613, 614);28652.39;2016
Val-de-Marne;221 Collèges;F_achats_charges_externes;F6 Autres achats et charges externes (60-62);720886.96;2016
Val-de-Marne;221 Collèges;F_interventions;F7 Dotations de fonctionnement aux collèges publics (655111);14148615.82;2016
Val-de-Marne;221 Collèges;F_interventions;F8 Dotations de fonctionnement aux collèges privés (655112);7209084.26;2016
Val-de-Marne;221 Collèges;F_interventions;F9 Autres subventions et participations (65x);3398652.74;2016
Val-de-Marne;221 Collèges;F_personnel;F1 Personnel (621, 631, 633, 64);33177503.98;2016
Val-de-Marne;221 Collèges;I_autres;I7 Autres investissements (13, 26, 27, 45x hors 455, 481);0.0;2016
Val-de-Marne;221 Collèges;I_equipement;I1 Terrains, constructions, rénovations, gros travaux, avances (211-214, 217, 231x, 236-238);48022106.10999999;2016
Val-de-Marne;221 Collèges;I_equipement;I3 Mobilier, informatique, matériel (215x, 218x);11668453.91;2016
Val-de-Marne;221 Collèges;I_equipement;I4 Études, logiciels, incorporels (20 hors 204);367628.49;2016
Val-de-Marne;221 Collèges;I_subventions_equipement_versees;I5 Subventions d'équipement versées (204, 2324);2482206.3200000003;2016
Val-de-Marne;222-224 Lycées;I_subventions_equipement_versees;I5 Subventions d'équipement versées (204, 2324);405451.58;2016
Val-de-Marne;23-27 Hors scolaire;F_achats_charges_externes;F6 Autres achats et charges externes (60-62);1937.1;2016
Val-de-Marne;23-27 Hors scolaire;F_autres;F11 Autres charges de fonctionnement;21200.0;2016
Val-de-Marne;23-27 Hors scolaire;I_subventions_equipement_versees;I5 Subventions d'équipement versées (204, 2324);200000.0;2016
Val-de-Marne;28 Services annexes;F_achats_charges_externes;F2 Énergie et eau (60611-60613, 60621-60622);525.08;2016
Val-de-Marne;28 Services annexes;F_achats_charges_externes;F3 Entretien, réparations, maintenance, nettoyage (6152x, 6155, 6156, 6283);87203.77;2016
Val-de-Marne;28 Services annexes;F_achats_charges_externes;F4 Contrats de prestations de services (611);370.26;2016
Val-de-Marne;28 Services annexes;F_achats_charges_externes;F5 Locations et charges locatives (613, 614);252822.61000000002;2016
Val-de-Marne;28 Services annexes;F_achats_charges_externes;F6 Autres achats et charges externes (60-62);86854.71;2016
Val-de-Marne;28 Services annexes;F_interventions;F9 Autres subventions et participations (65x);175474.0;2016
Val-de-Marne;28 Services annexes;I_equipement;I1 Terrains, constructions, rénovations, gros travaux, avances (211-214, 217, 231x, 236-238);5843.84;2016
Val-de-Marne;28 Services annexes;I_equipement;I3 Mobilier, informatique, matériel (215x, 218x);16464.82;2016
Val-de-Marne;28 Services annexes;I_equipement;I4 Études, logiciels, incorporels (20 hors 204);2069.28;2016
Val-de-Marne;28 Services annexes;I_subventions_equipement_versees;I5 Subventions d'équipement versées (204, 2324);15244.0;2016
Yvelines;20 Services communs;F_interventions;F9 Autres subventions et participations (65x);255914.99;2016
Yvelines;20 Services communs;F_personnel;F1 Personnel (621, 631, 633, 64);37274176.839999996;2016
Yvelines;21 Premier degré;F_interventions;F9 Autres subventions et participations (65x);148790.0;2016
Yvelines;21 Premier degré;I_subventions_equipement_versees;I5 Subventions d'équipement versées (204, 2324);376267.0;2016
Yvelines;221 Collèges;F_achats_charges_externes;F2 Énergie et eau (60611-60613, 60621-60622);6378295.98;2016
Yvelines;221 Collèges;F_achats_charges_externes;F3 Entretien, réparations, maintenance, nettoyage (6152x, 6155, 6156, 6283);1749713.5899999999;2016
Yvelines;221 Collèges;F_achats_charges_externes;F5 Locations et charges locatives (613, 614);3479.28;2016
Yvelines;221 Collèges;F_achats_charges_externes;F6 Autres achats et charges externes (60-62);483574.21;2016
Yvelines;221 Collèges;F_autres;F11 Autres charges de fonctionnement;15405.0;2016
Yvelines;221 Collèges;F_autres;F9 Autres subventions et participations (65x);258935.5;2016
Yvelines;221 Collèges;F_interventions;F7 Dotations de fonctionnement aux collèges publics (655111);7817447.0;2016
Yvelines;221 Collèges;F_interventions;F8 Dotations de fonctionnement aux collèges privés (655112);7317842.0;2016
Yvelines;221 Collèges;F_interventions;F9 Autres subventions et participations (65x);639253.73;2016
Yvelines;221 Collèges;I_autres;I7 Autres investissements (13, 26, 27, 45x hors 455, 481);0.0;2016
Yvelines;221 Collèges;I_equipement;I1 Terrains, constructions, rénovations, gros travaux, avances (211-214, 217, 231x, 236-238);31877659.69;2016
Yvelines;221 Collèges;I_equipement;I3 Mobilier, informatique, matériel (215x, 218x);834810.2200000001;2016
Yvelines;221 Collèges;I_equipement;I4 Études, logiciels, incorporels (20 hors 204);181352.74;2016
Yvelines;221 Collèges;I_subventions_equipement_versees;I5 Subventions d'équipement versées (204, 2324);4700420.28;2016
Yvelines;222-224 Lycées;F_interventions;F7 Dotations de fonctionnement aux collèges publics (655111);355450.0;2016
Yvelines;222-224 Lycées;F_interventions;F9 Autres subventions et participations (65x);1220.0;2016
Yvelines;222-224 Lycées;I_autres;I7 Autres investissements (13, 26, 27, 45x hors 455, 481);0.0;2016
Yvelines;222-224 Lycées;I_subventions_equipement_versees;I5 Subventions d'équipement versées (204, 2324);119010.0;2016
Yvelines;28 Services annexes;F_achats_charges_externes;F2 Énergie et eau (60611-60613, 60621-60622);13054.25;2016
Yvelines;28 Services annexes;F_achats_charges_externes;F3 Entretien, réparations, maintenance, nettoyage (6152x, 6155, 6156, 6283);28212.52;2016
Yvelines;28 Services annexes;F_achats_charges_externes;F6 Autres achats et charges externes (60-62);30887.460000000003;2016
Yvelines;28 Services annexes;F_autres;F11 Autres charges de fonctionnement;951.51;2016
Yvelines;28 Services annexes;F_interventions;F9 Autres subventions et participations (65x);62300.0;2016
Yvelines;28 Services annexes;I_equipement;I3 Mobilier, informatique, matériel (215x, 218x);135.36;2016
France (départements, Paris, ML, CTU);221 Collèges;F_achats_charges_externes;F2 Énergie et eau (60611-60613, 60621-60622);43326621.730000004;2016
France (départements, Paris, ML, CTU);221 Collèges;F_achats_charges_externes;F3 Entretien, réparations, maintenance, nettoyage (6152x, 6155, 6156, 6283);99442672.23;2016
France (départements, Paris, ML, CTU);221 Collèges;F_achats_charges_externes;F4 Contrats de prestations de services (611);14587408.56;2016
France (départements, Paris, ML, CTU);221 Collèges;F_achats_charges_externes;F5 Locations et charges locatives (613, 614);19756642.69;2016
France (départements, Paris, ML, CTU);221 Collèges;F_achats_charges_externes;F6 Autres achats et charges externes (60-62);79770392.42;2016
France (départements, Paris, ML, CTU);221 Collèges;F_autres;F11 Autres charges de fonctionnement;2874217.48;2016
France (départements, Paris, ML, CTU);221 Collèges;F_autres;F9 Autres subventions et participations (65x);23735615.799999997;2016
France (départements, Paris, ML, CTU);221 Collèges;F_charges_financieres;F10 Charges financières (66);18394582.19;2016
France (départements, Paris, ML, CTU);221 Collèges;F_interventions;F7 Dotations de fonctionnement aux collèges publics (655111);630511373.41;2016
France (départements, Paris, ML, CTU);221 Collèges;F_interventions;F8 Dotations de fonctionnement aux collèges privés (655112);375853039.2;2016
France (départements, Paris, ML, CTU);221 Collèges;F_interventions;F9 Autres subventions et participations (65x);92344837.47;2016
France (départements, Paris, ML, CTU);221 Collèges;F_personnel;F1 Personnel (621, 631, 633, 64);940036421.4;2016
France (départements, Paris, ML, CTU);221 Collèges;I_PPP_remboursement_capital_1675;I0 Remboursement en capital des marchés de partenariat (1675);22393960.39;2016
France (départements, Paris, ML, CTU);221 Collèges;I_autres;I2 Opérations sous mandat des EPLE (455);331717.14;2016
France (départements, Paris, ML, CTU);221 Collèges;I_autres;I7 Autres investissements (13, 26, 27, 45x hors 455, 481);3185123.4000000004;2016
France (départements, Paris, ML, CTU);221 Collèges;I_equipement;I1 Terrains, constructions, rénovations, gros travaux, avances (211-214, 217, 231x, 236-238);1340910155.87;2016
France (départements, Paris, ML, CTU);221 Collèges;I_equipement;I3 Mobilier, informatique, matériel (215x, 218x);183369843.45999998;2016
France (départements, Paris, ML, CTU);221 Collèges;I_equipement;I4 Études, logiciels, incorporels (20 hors 204);38678136.01;2016
France (départements, Paris, ML, CTU);221 Collèges;I_equipement;I6 Autres immobilisations (21, 23);15784165.370000001;2016
France (départements, Paris, ML, CTU);221 Collèges;I_subventions_equipement_versees;I5 Subventions d'équipement versées (204, 2324);93637819.33;2016
France catégorie CTU;221 Collèges;F_achats_charges_externes;F3 Entretien, réparations, maintenance, nettoyage (6152x, 6155, 6156, 6283);1067994.7999999998;2016
France catégorie CTU;221 Collèges;F_achats_charges_externes;F6 Autres achats et charges externes (60-62);264211.99;2016
France catégorie CTU;221 Collèges;F_autres;F11 Autres charges de fonctionnement;4024.0;2016
France catégorie CTU;221 Collèges;F_interventions;F7 Dotations de fonctionnement aux collèges publics (655111);10228114.93;2016
France catégorie CTU;221 Collèges;F_interventions;F8 Dotations de fonctionnement aux collèges privés (655112);1751931.7000000002;2016
France catégorie CTU;221 Collèges;F_interventions;F9 Autres subventions et participations (65x);1356170.95;2016
France catégorie CTU;221 Collèges;F_personnel;F1 Personnel (621, 631, 633, 64);9324411.14;2016
France catégorie CTU;221 Collèges;I_autres;I7 Autres investissements (13, 26, 27, 45x hors 455, 481);0.0;2016
France catégorie CTU;221 Collèges;I_equipement;I1 Terrains, constructions, rénovations, gros travaux, avances (211-214, 217, 231x, 236-238);9675451.91;2016
France catégorie CTU;221 Collèges;I_equipement;I3 Mobilier, informatique, matériel (215x, 218x);517605.39;2016
France catégorie CTU;221 Collèges;I_equipement;I4 Études, logiciels, incorporels (20 hors 204);314919.33999999997;2016
France catégorie CTU;221 Collèges;I_subventions_equipement_versees;I5 Subventions d'équipement versées (204, 2324);1755725.6;2016
France catégorie DEPT;221 Collèges;F_achats_charges_externes;F2 Énergie et eau (60611-60613, 60621-60622);43320451.02;2016
France catégorie DEPT;221 Collèges;F_achats_charges_externes;F3 Entretien, réparations, maintenance, nettoyage (6152x, 6155, 6156, 6283);96018106.07000001;2016
France catégorie DEPT;221 Collèges;F_achats_charges_externes;F4 Contrats de prestations de services (611);14550897.760000002;2016
France catégorie DEPT;221 Collèges;F_achats_charges_externes;F5 Locations et charges locatives (613, 614);18797809.09;2016
France catégorie DEPT;221 Collèges;F_achats_charges_externes;F6 Autres achats et charges externes (60-62);78073809.78;2016
France catégorie DEPT;221 Collèges;F_autres;F11 Autres charges de fonctionnement;2390801.36;2016
France catégorie DEPT;221 Collèges;F_autres;F9 Autres subventions et participations (65x);21811418.599999998;2016
France catégorie DEPT;221 Collèges;F_charges_financieres;F10 Charges financières (66);18394582.19;2016
France catégorie DEPT;221 Collèges;F_interventions;F7 Dotations de fonctionnement aux collèges publics (655111);608111450.0;2016
France catégorie DEPT;221 Collèges;F_interventions;F8 Dotations de fonctionnement aux collèges privés (655112);363932207.65999997;2016
France catégorie DEPT;221 Collèges;F_interventions;F9 Autres subventions et participations (65x);90166294.64999999;2016
France catégorie DEPT;221 Collèges;F_personnel;F1 Personnel (621, 631, 633, 64);929744991.38;2016
France catégorie DEPT;221 Collèges;I_PPP_remboursement_capital_1675;I0 Remboursement en capital des marchés de partenariat (1675);22393960.39;2016
France catégorie DEPT;221 Collèges;I_autres;I2 Opérations sous mandat des EPLE (455);331717.14;2016
France catégorie DEPT;221 Collèges;I_autres;I7 Autres investissements (13, 26, 27, 45x hors 455, 481);3185123.4000000004;2016
France catégorie DEPT;221 Collèges;I_equipement;I1 Terrains, constructions, rénovations, gros travaux, avances (211-214, 217, 231x, 236-238);1308817869.84;2016
France catégorie DEPT;221 Collèges;I_equipement;I3 Mobilier, informatique, matériel (215x, 218x);181284781.15;2016
France catégorie DEPT;221 Collèges;I_equipement;I4 Études, logiciels, incorporels (20 hors 204);38075678.29;2016
France catégorie DEPT;221 Collèges;I_equipement;I6 Autres immobilisations (21, 23);15784165.370000001;2016
France catégorie DEPT;221 Collèges;I_subventions_equipement_versees;I5 Subventions d'équipement versées (204, 2324);90639772.05;2016
France catégorie ML;221 Collèges;F_achats_charges_externes;F2 Énergie et eau (60611-60613, 60621-60622);6170.71;2016
France catégorie ML;221 Collèges;F_achats_charges_externes;F3 Entretien, réparations, maintenance, nettoyage (6152x, 6155, 6156, 6283);2356571.3600000003;2016
France catégorie ML;221 Collèges;F_achats_charges_externes;F4 Contrats de prestations de services (611);36510.8;2016
France catégorie ML;221 Collèges;F_achats_charges_externes;F5 Locations et charges locatives (613, 614);958833.6;2016
France catégorie ML;221 Collèges;F_achats_charges_externes;F6 Autres achats et charges externes (60-62);1432370.65;2016
France catégorie ML;221 Collèges;F_autres;F11 Autres charges de fonctionnement;479392.12;2016
France catégorie ML;221 Collèges;F_autres;F9 Autres subventions et participations (65x);1924197.2;2016
France catégorie ML;221 Collèges;F_interventions;F7 Dotations de fonctionnement aux collèges publics (655111);12171808.48;2016
France catégorie ML;221 Collèges;F_interventions;F8 Dotations de fonctionnement aux collèges privés (655112);10168899.84;2016
France catégorie ML;221 Collèges;F_interventions;F9 Autres subventions et participations (65x);822371.87;2016
France catégorie ML;221 Collèges;F_personnel;F1 Personnel (621, 631, 633, 64);967018.88;2016
France catégorie ML;221 Collèges;I_autres;I7 Autres investissements (13, 26, 27, 45x hors 455, 481);0.0;2016
France catégorie ML;221 Collèges;I_equipement;I1 Terrains, constructions, rénovations, gros travaux, avances (211-214, 217, 231x, 236-238);22416834.12;2016
France catégorie ML;221 Collèges;I_equipement;I3 Mobilier, informatique, matériel (215x, 218x);1567456.92;2016
France catégorie ML;221 Collèges;I_equipement;I4 Études, logiciels, incorporels (20 hors 204);287538.38;2016
France catégorie ML;221 Collèges;I_subventions_equipement_versees;I5 Subventions d'équipement versées (204, 2324);1242321.68;2016
Essonne;20 Services communs;F_achats_charges_externes;F6 Autres achats et charges externes (60-62);183960.0;2017
Essonne;21 Premier degré;I_subventions_equipement_versees;I5 Subventions d'équipement versées (204, 2324);8880295.0;2017
Essonne;221 Collèges;F_achats_charges_externes;F2 Énergie et eau (60611-60613, 60621-60622);5844284.67;2017
Essonne;221 Collèges;F_achats_charges_externes;F3 Entretien, réparations, maintenance, nettoyage (6152x, 6155, 6156, 6283);744605.66;2017
Essonne;221 Collèges;F_achats_charges_externes;F5 Locations et charges locatives (613, 614);60000.0;2017
Essonne;221 Collèges;F_achats_charges_externes;F6 Autres achats et charges externes (60-62);2117919.37;2017
Essonne;221 Collèges;F_autres;F11 Autres charges de fonctionnement;16047.33;2017
Essonne;221 Collèges;F_autres;F9 Autres subventions et participations (65x);5217402.49;2017
Essonne;221 Collèges;F_interventions;F7 Dotations de fonctionnement aux collèges publics (655111);10285304.61;2017
Essonne;221 Collèges;F_interventions;F8 Dotations de fonctionnement aux collèges privés (655112);5792463.18;2017
Essonne;221 Collèges;F_interventions;F9 Autres subventions et participations (65x);1636961.8699999999;2017
Essonne;221 Collèges;F_personnel;F1 Personnel (621, 631, 633, 64);45110075.32;2017
Essonne;221 Collèges;I_autres;I7 Autres investissements (13, 26, 27, 45x hors 455, 481);0.0;2017
Essonne;221 Collèges;I_equipement;I1 Terrains, constructions, rénovations, gros travaux, avances (211-214, 217, 231x, 236-238);29314562.35;2017
Essonne;221 Collèges;I_equipement;I3 Mobilier, informatique, matériel (215x, 218x);5653205.39;2017
Essonne;221 Collèges;I_equipement;I4 Études, logiciels, incorporels (20 hors 204);936018.69;2017
Essonne;221 Collèges;I_subventions_equipement_versees;I5 Subventions d'équipement versées (204, 2324);1044996.73;2017
Essonne;23-27 Hors scolaire;F_interventions;F9 Autres subventions et participations (65x);6909.95;2017
Essonne;23-27 Hors scolaire;I_equipement;I1 Terrains, constructions, rénovations, gros travaux, avances (211-214, 217, 231x, 236-238);0.0;2017
Essonne;23-27 Hors scolaire;I_subventions_equipement_versees;I5 Subventions d'équipement versées (204, 2324);570682.6699999999;2017
Essonne;28 Services annexes;F_achats_charges_externes;F2 Énergie et eau (60611-60613, 60621-60622);5767.5;2017
Essonne;28 Services annexes;F_achats_charges_externes;F3 Entretien, réparations, maintenance, nettoyage (6152x, 6155, 6156, 6283);18612.67;2017
Essonne;28 Services annexes;F_achats_charges_externes;F5 Locations et charges locatives (613, 614);173435.81;2017
Essonne;28 Services annexes;F_achats_charges_externes;F6 Autres achats et charges externes (60-62);4553.43;2017
Essonne;28 Services annexes;F_autres;F11 Autres charges de fonctionnement;7247.84;2017
Essonne;28 Services annexes;I_equipement;I3 Mobilier, informatique, matériel (215x, 218x);24.54;2017
Essonne;28 Services annexes;I_subventions_equipement_versees;I5 Subventions d'équipement versées (204, 2324);590113.0;2017
Hauts-de-Seine;20 Services communs;F_achats_charges_externes;F6 Autres achats et charges externes (60-62);133650.59;2017
Hauts-de-Seine;20 Services communs;F_personnel;F1 Personnel (621, 631, 633, 64);3966768.02;2017
Hauts-de-Seine;20 Services communs;I_equipement;I3 Mobilier, informatique, matériel (215x, 218x);9194.55;2017
Hauts-de-Seine;21 Premier degré;F_achats_charges_externes;F2 Énergie et eau (60611-60613, 60621-60622);542910.09;2017
Hauts-de-Seine;221 Collèges;F_achats_charges_externes;F2 Énergie et eau (60611-60613, 60621-60622);5820508.680000001;2017
Hauts-de-Seine;221 Collèges;F_achats_charges_externes;F3 Entretien, réparations, maintenance, nettoyage (6152x, 6155, 6156, 6283);5524303.28;2017
Hauts-de-Seine;221 Collèges;F_achats_charges_externes;F4 Contrats de prestations de services (611);912447.09;2017
Hauts-de-Seine;221 Collèges;F_achats_charges_externes;F5 Locations et charges locatives (613, 614);483820.73;2017
Hauts-de-Seine;221 Collèges;F_achats_charges_externes;F6 Autres achats et charges externes (60-62);11393884.870000001;2017
Hauts-de-Seine;221 Collèges;F_autres;F11 Autres charges de fonctionnement;179611.35000000003;2017
Hauts-de-Seine;221 Collèges;F_charges_financieres;F10 Charges financières (66);1024172.71;2017
Hauts-de-Seine;221 Collèges;F_interventions;F7 Dotations de fonctionnement aux collèges publics (655111);10103026.63;2017
Hauts-de-Seine;221 Collèges;F_interventions;F8 Dotations de fonctionnement aux collèges privés (655112);9833354.49;2017
Hauts-de-Seine;221 Collèges;F_interventions;F9 Autres subventions et participations (65x);3199904.71;2017
Hauts-de-Seine;221 Collèges;F_personnel;F1 Personnel (621, 631, 633, 64);30637688.97;2017
Hauts-de-Seine;221 Collèges;I_PPP_remboursement_capital_1675;I0 Remboursement en capital des marchés de partenariat (1675);2186677.18;2017
Hauts-de-Seine;221 Collèges;I_autres;I7 Autres investissements (13, 26, 27, 45x hors 455, 481);0.0;2017
Hauts-de-Seine;221 Collèges;I_equipement;I1 Terrains, constructions, rénovations, gros travaux, avances (211-214, 217, 231x, 236-238);39340254.87;2017
Hauts-de-Seine;221 Collèges;I_equipement;I3 Mobilier, informatique, matériel (215x, 218x);10964762.92;2017
Hauts-de-Seine;221 Collèges;I_equipement;I4 Études, logiciels, incorporels (20 hors 204);623158.1599999999;2017
Hauts-de-Seine;221 Collèges;I_subventions_equipement_versees;I5 Subventions d'équipement versées (204, 2324);4934.5;2017
Hauts-de-Seine;23-27 Hors scolaire;F_achats_charges_externes;F2 Énergie et eau (60611-60613, 60621-60622);1300090.54;2017
Hauts-de-Seine;23-27 Hors scolaire;F_achats_charges_externes;F3 Entretien, réparations, maintenance, nettoyage (6152x, 6155, 6156, 6283);2363121.7;2017
Hauts-de-Seine;23-27 Hors scolaire;F_achats_charges_externes;F5 Locations et charges locatives (613, 614);9475.3;2017
Hauts-de-Seine;23-27 Hors scolaire;F_achats_charges_externes;F6 Autres achats et charges externes (60-62);1475873.77;2017
Hauts-de-Seine;23-27 Hors scolaire;F_autres;F11 Autres charges de fonctionnement;49968.0;2017
Hauts-de-Seine;23-27 Hors scolaire;F_interventions;F9 Autres subventions et participations (65x);98500.0;2017
Hauts-de-Seine;23-27 Hors scolaire;I_equipement;I1 Terrains, constructions, rénovations, gros travaux, avances (211-214, 217, 231x, 236-238);94539.53;2017
Hauts-de-Seine;23-27 Hors scolaire;I_equipement;I3 Mobilier, informatique, matériel (215x, 218x);81996.43;2017
Hauts-de-Seine;28 Services annexes;F_achats_charges_externes;F3 Entretien, réparations, maintenance, nettoyage (6152x, 6155, 6156, 6283);48396.09;2017
Hauts-de-Seine;28 Services annexes;F_achats_charges_externes;F5 Locations et charges locatives (613, 614);33059.76;2017
Hauts-de-Seine;28 Services annexes;F_achats_charges_externes;F6 Autres achats et charges externes (60-62);279156.09;2017
Hauts-de-Seine;28 Services annexes;F_interventions;F9 Autres subventions et participations (65x);571842.67;2017
Hauts-de-Seine;28 Services annexes;F_personnel;F1 Personnel (621, 631, 633, 64);4299826.73;2017
Hauts-de-Seine;dette 1675 (hors fonction 2);I_PPP_remboursement_capital_1675;I0 Remboursement en capital des marchés de partenariat (1675);7923520.88;2017
Paris;20 Services communs;F_personnel;F1 Personnel (621, 631, 633, 64);5589366.09;2017
Paris;20 Services communs;I_equipement;I1 Terrains, constructions, rénovations, gros travaux, avances (211-214, 217, 231x, 236-238);0.0;2017
Paris;21 Premier degré;I_autres;I7 Autres investissements (13, 26, 27, 45x hors 455, 481);1556017.42;2017
Paris;21 Premier degré;I_equipement;I1 Terrains, constructions, rénovations, gros travaux, avances (211-214, 217, 231x, 236-238);1642.39;2017
Paris;221 Collèges;F_achats_charges_externes;F3 Entretien, réparations, maintenance, nettoyage (6152x, 6155, 6156, 6283);2213318.6;2017
Paris;221 Collèges;F_achats_charges_externes;F4 Contrats de prestations de services (611);208080.27;2017
Paris;221 Collèges;F_achats_charges_externes;F6 Autres achats et charges externes (60-62);137601.49;2017
Paris;221 Collèges;F_autres;F9 Autres subventions et participations (65x);3846315.85;2017
Paris;221 Collèges;F_interventions;F7 Dotations de fonctionnement aux collèges publics (655111);19148206.0;2017
Paris;221 Collèges;F_interventions;F8 Dotations de fonctionnement aux collèges privés (655112);21340451.48;2017
Paris;221 Collèges;F_interventions;F9 Autres subventions et participations (65x);6148212.0;2017
Paris;221 Collèges;F_personnel;F1 Personnel (621, 631, 633, 64);31483703.09;2017
Paris;221 Collèges;I_autres;I7 Autres investissements (13, 26, 27, 45x hors 455, 481);1968.36;2017
Paris;221 Collèges;I_equipement;I1 Terrains, constructions, rénovations, gros travaux, avances (211-214, 217, 231x, 236-238);26125418.82;2017
Paris;221 Collèges;I_equipement;I3 Mobilier, informatique, matériel (215x, 218x);1625797.76;2017
Paris;221 Collèges;I_equipement;I4 Études, logiciels, incorporels (20 hors 204);854751.12;2017
Paris;221 Collèges;I_subventions_equipement_versees;I5 Subventions d'équipement versées (204, 2324);3822936.0;2017
Paris;222-224 Lycées;I_autres;I2 Opérations sous mandat des EPLE (455);8344.79;2017
Paris;23-27 Hors scolaire;I_subventions_equipement_versees;I5 Subventions d'équipement versées (204, 2324);750000.0;2017
Paris;28 Services annexes;F_achats_charges_externes;F2 Énergie et eau (60611-60613, 60621-60622);707.05;2017
Paris;28 Services annexes;F_achats_charges_externes;F3 Entretien, réparations, maintenance, nettoyage (6152x, 6155, 6156, 6283);24633.59;2017
Paris;28 Services annexes;F_achats_charges_externes;F5 Locations et charges locatives (613, 614);80220.41;2017
Paris;28 Services annexes;F_achats_charges_externes;F6 Autres achats et charges externes (60-62);294876.95999999996;2017
Paris;28 Services annexes;F_autres;F11 Autres charges de fonctionnement;5383.0;2017
Paris;28 Services annexes;F_interventions;F9 Autres subventions et participations (65x);175202.0;2017
Paris;28 Services annexes;F_personnel;F1 Personnel (621, 631, 633, 64);19644739.88;2017
Paris;28 Services annexes;I_equipement;I1 Terrains, constructions, rénovations, gros travaux, avances (211-214, 217, 231x, 236-238);169665.91999999998;2017
Paris;28 Services annexes;I_equipement;I3 Mobilier, informatique, matériel (215x, 218x);66837.81999999999;2017
Seine-Saint-Denis;20 Services communs;F_achats_charges_externes;F6 Autres achats et charges externes (60-62);180502.78;2017
Seine-Saint-Denis;20 Services communs;F_personnel;F1 Personnel (621, 631, 633, 64);1091698.93;2017
Seine-Saint-Denis;221 Collèges;F_achats_charges_externes;F2 Énergie et eau (60611-60613, 60621-60622);3478307.6300000004;2017
Seine-Saint-Denis;221 Collèges;F_achats_charges_externes;F3 Entretien, réparations, maintenance, nettoyage (6152x, 6155, 6156, 6283);4268085.64;2017
Seine-Saint-Denis;221 Collèges;F_achats_charges_externes;F4 Contrats de prestations de services (611);1189523.91;2017
Seine-Saint-Denis;221 Collèges;F_achats_charges_externes;F5 Locations et charges locatives (613, 614);213911.74;2017
Seine-Saint-Denis;221 Collèges;F_achats_charges_externes;F6 Autres achats et charges externes (60-62);10707482.870000001;2017
Seine-Saint-Denis;221 Collèges;F_autres;F9 Autres subventions et participations (65x);399207.63;2017
Seine-Saint-Denis;221 Collèges;F_charges_financieres;F10 Charges financières (66);7881988.53;2017
Seine-Saint-Denis;221 Collèges;F_interventions;F7 Dotations de fonctionnement aux collèges publics (655111);23441485.4;2017
Seine-Saint-Denis;221 Collèges;F_interventions;F8 Dotations de fonctionnement aux collèges privés (655112);6838666.64;2017
Seine-Saint-Denis;221 Collèges;F_interventions;F9 Autres subventions et participations (65x);1685074.45;2017
Seine-Saint-Denis;221 Collèges;F_personnel;F1 Personnel (621, 631, 633, 64);59165798.449999996;2017
Seine-Saint-Denis;221 Collèges;I_PPP_remboursement_capital_1675;I0 Remboursement en capital des marchés de partenariat (1675);9047824.19;2017
Seine-Saint-Denis;221 Collèges;I_autres;I7 Autres investissements (13, 26, 27, 45x hors 455, 481);0.0;2017
Seine-Saint-Denis;221 Collèges;I_equipement;I1 Terrains, constructions, rénovations, gros travaux, avances (211-214, 217, 231x, 236-238);50856308.58;2017
Seine-Saint-Denis;221 Collèges;I_equipement;I3 Mobilier, informatique, matériel (215x, 218x);5671735.25;2017
Seine-Saint-Denis;221 Collèges;I_equipement;I4 Études, logiciels, incorporels (20 hors 204);2764791.1900000004;2017
Seine-Saint-Denis;221 Collèges;I_equipement;I6 Autres immobilisations (21, 23);25000786.01;2017
Seine-Saint-Denis;221 Collèges;I_subventions_equipement_versees;I5 Subventions d'équipement versées (204, 2324);239378.07;2017
Seine-Saint-Denis;222-224 Lycées;F_interventions;F9 Autres subventions et participations (65x);21150.0;2017
Seine-Saint-Denis;28 Services annexes;F_achats_charges_externes;F3 Entretien, réparations, maintenance, nettoyage (6152x, 6155, 6156, 6283);48866.53;2017
Seine-Saint-Denis;28 Services annexes;F_achats_charges_externes;F5 Locations et charges locatives (613, 614);40536.05;2017
Seine-Saint-Denis;28 Services annexes;F_achats_charges_externes;F6 Autres achats et charges externes (60-62);21558.29;2017
Seine-Saint-Denis;dette 1675 (hors fonction 2);I_PPP_remboursement_capital_1675;I0 Remboursement en capital des marchés de partenariat (1675);0.0;2017
Seine-et-Marne;20 Services communs;F_achats_charges_externes;F4 Contrats de prestations de services (611);35970.12;2017
Seine-et-Marne;20 Services communs;F_achats_charges_externes;F5 Locations et charges locatives (613, 614);15716.7;2017
Seine-et-Marne;20 Services communs;F_achats_charges_externes;F6 Autres achats et charges externes (60-62);10000.0;2017
Seine-et-Marne;20 Services communs;F_personnel;F1 Personnel (621, 631, 633, 64);46593574.46;2017
Seine-et-Marne;21 Premier degré;I_autres;I7 Autres investissements (13, 26, 27, 45x hors 455, 481);0.0;2017
Seine-et-Marne;21 Premier degré;I_subventions_equipement_versees;I5 Subventions d'équipement versées (204, 2324);390761.12;2017
Seine-et-Marne;221 Collèges;F_achats_charges_externes;F2 Énergie et eau (60611-60613, 60621-60622);6532768.970000001;2017
Seine-et-Marne;221 Collèges;F_achats_charges_externes;F3 Entretien, réparations, maintenance, nettoyage (6152x, 6155, 6156, 6283);6026799.069999999;2017
Seine-et-Marne;221 Collèges;F_achats_charges_externes;F4 Contrats de prestations de services (611);949945.59;2017
Seine-et-Marne;221 Collèges;F_achats_charges_externes;F5 Locations et charges locatives (613, 614);241928.65;2017
Seine-et-Marne;221 Collèges;F_achats_charges_externes;F6 Autres achats et charges externes (60-62);634210.47;2017
Seine-et-Marne;221 Collèges;F_autres;F11 Autres charges de fonctionnement;2766.49;2017
Seine-et-Marne;221 Collèges;F_interventions;F7 Dotations de fonctionnement aux collèges publics (655111);11473857.79;2017
Seine-et-Marne;221 Collèges;F_interventions;F8 Dotations de fonctionnement aux collèges privés (655112);5788272.31;2017
Seine-et-Marne;221 Collèges;F_interventions;F9 Autres subventions et participations (65x);1791844.2000000002;2017
Seine-et-Marne;221 Collèges;I_autres;I7 Autres investissements (13, 26, 27, 45x hors 455, 481);0.0;2017
Seine-et-Marne;221 Collèges;I_equipement;I1 Terrains, constructions, rénovations, gros travaux, avances (211-214, 217, 231x, 236-238);43821629.55;2017
Seine-et-Marne;221 Collèges;I_equipement;I3 Mobilier, informatique, matériel (215x, 218x);6251470.42;2017
Seine-et-Marne;221 Collèges;I_equipement;I4 Études, logiciels, incorporels (20 hors 204);3933341.84;2017
Seine-et-Marne;221 Collèges;I_subventions_equipement_versees;I5 Subventions d'équipement versées (204, 2324);137646.47;2017
Seine-et-Marne;23-27 Hors scolaire;F_achats_charges_externes;F4 Contrats de prestations de services (611);15120.0;2017
Seine-et-Marne;23-27 Hors scolaire;I_subventions_equipement_versees;I5 Subventions d'équipement versées (204, 2324);1200000.0;2017
Seine-et-Marne;28 Services annexes;F_achats_charges_externes;F4 Contrats de prestations de services (611);876378.68;2017
Seine-et-Marne;28 Services annexes;F_interventions;F9 Autres subventions et participations (65x);132300.0;2017
Val-d'Oise;20 Services communs;F_achats_charges_externes;F6 Autres achats et charges externes (60-62);19742.68;2017
Val-d'Oise;20 Services communs;F_personnel;F1 Personnel (621, 631, 633, 64);36178256.83;2017
Val-d'Oise;21 Premier degré;I_subventions_equipement_versees;I5 Subventions d'équipement versées (204, 2324);3868458.03;2017
Val-d'Oise;221 Collèges;F_achats_charges_externes;F2 Énergie et eau (60611-60613, 60621-60622);3021838.57;2017
Val-d'Oise;221 Collèges;F_achats_charges_externes;F3 Entretien, réparations, maintenance, nettoyage (6152x, 6155, 6156, 6283);6631687.5600000005;2017
Val-d'Oise;221 Collèges;F_achats_charges_externes;F5 Locations et charges locatives (613, 614);52780.18;2017
Val-d'Oise;221 Collèges;F_achats_charges_externes;F6 Autres achats et charges externes (60-62);3522149.7600000002;2017
Val-d'Oise;221 Collèges;F_autres;F9 Autres subventions et participations (65x);16009.91;2017
Val-d'Oise;221 Collèges;F_interventions;F7 Dotations de fonctionnement aux collèges publics (655111);15055478.16;2017
Val-d'Oise;221 Collèges;F_interventions;F8 Dotations de fonctionnement aux collèges privés (655112);6771407.0;2017
Val-d'Oise;221 Collèges;F_interventions;F9 Autres subventions et participations (65x);1649951.84;2017
Val-d'Oise;221 Collèges;I_autres;I7 Autres investissements (13, 26, 27, 45x hors 455, 481);284000.0;2017
Val-d'Oise;221 Collèges;I_equipement;I1 Terrains, constructions, rénovations, gros travaux, avances (211-214, 217, 231x, 236-238);24761367.32;2017
Val-d'Oise;221 Collèges;I_equipement;I3 Mobilier, informatique, matériel (215x, 218x);3437840.1799999997;2017
Val-d'Oise;221 Collèges;I_equipement;I4 Études, logiciels, incorporels (20 hors 204);82387.5;2017
Val-d'Oise;221 Collèges;I_subventions_equipement_versees;I5 Subventions d'équipement versées (204, 2324);85365.3;2017
Val-d'Oise;222-224 Lycées;F_interventions;F9 Autres subventions et participations (65x);3172.0;2017
Val-d'Oise;23-27 Hors scolaire;F_achats_charges_externes;F3 Entretien, réparations, maintenance, nettoyage (6152x, 6155, 6156, 6283);16482.15;2017
Val-d'Oise;23-27 Hors scolaire;F_autres;F11 Autres charges de fonctionnement;391000.0;2017
Val-d'Oise;23-27 Hors scolaire;F_interventions;F9 Autres subventions et participations (65x);52000.0;2017
Val-d'Oise;23-27 Hors scolaire;I_autres;I7 Autres investissements (13, 26, 27, 45x hors 455, 481);0.0;2017
Val-d'Oise;23-27 Hors scolaire;I_equipement;I1 Terrains, constructions, rénovations, gros travaux, avances (211-214, 217, 231x, 236-238);634624.94;2017
Val-d'Oise;23-27 Hors scolaire;I_subventions_equipement_versees;I5 Subventions d'équipement versées (204, 2324);321600.23;2017
Val-d'Oise;28 Services annexes;F_achats_charges_externes;F3 Entretien, réparations, maintenance, nettoyage (6152x, 6155, 6156, 6283);3383.6;2017
Val-d'Oise;28 Services annexes;F_achats_charges_externes;F6 Autres achats et charges externes (60-62);814071.53;2017
Val-d'Oise;28 Services annexes;F_interventions;F9 Autres subventions et participations (65x);1211862.0;2017
Val-d'Oise;28 Services annexes;I_equipement;I1 Terrains, constructions, rénovations, gros travaux, avances (211-214, 217, 231x, 236-238);9996.0;2017
Val-d'Oise;28 Services annexes;I_equipement;I3 Mobilier, informatique, matériel (215x, 218x);1428.6;2017
Val-de-Marne;20 Services communs;F_achats_charges_externes;F6 Autres achats et charges externes (60-62);69222.45999999999;2017
Val-de-Marne;20 Services communs;F_personnel;F1 Personnel (621, 631, 633, 64);2396986.58;2017
Val-de-Marne;21 Premier degré;F_interventions;F9 Autres subventions et participations (65x);30332.0;2017
Val-de-Marne;221 Collèges;F_achats_charges_externes;F3 Entretien, réparations, maintenance, nettoyage (6152x, 6155, 6156, 6283);6328819.470000001;2017
Val-de-Marne;221 Collèges;F_achats_charges_externes;F5 Locations et charges locatives (613, 614);27005.739999999998;2017
Val-de-Marne;221 Collèges;F_achats_charges_externes;F6 Autres achats et charges externes (60-62);735969.54;2017
Val-de-Marne;221 Collèges;F_interventions;F7 Dotations de fonctionnement aux collèges publics (655111);13354968.25;2017
Val-de-Marne;221 Collèges;F_interventions;F8 Dotations de fonctionnement aux collèges privés (655112);7242733.44;2017
Val-de-Marne;221 Collèges;F_interventions;F9 Autres subventions et participations (65x);3758700.4;2017
Val-de-Marne;221 Collèges;F_personnel;F1 Personnel (621, 631, 633, 64);34424466.75;2017
Val-de-Marne;221 Collèges;I_autres;I7 Autres investissements (13, 26, 27, 45x hors 455, 481);0.0;2017
Val-de-Marne;221 Collèges;I_equipement;I1 Terrains, constructions, rénovations, gros travaux, avances (211-214, 217, 231x, 236-238);51541368.900000006;2017
Val-de-Marne;221 Collèges;I_equipement;I3 Mobilier, informatique, matériel (215x, 218x);15947296.57;2017
Val-de-Marne;221 Collèges;I_equipement;I4 Études, logiciels, incorporels (20 hors 204);378993.7;2017
Val-de-Marne;221 Collèges;I_subventions_equipement_versees;I5 Subventions d'équipement versées (204, 2324);4818805.63;2017
Val-de-Marne;23-27 Hors scolaire;F_achats_charges_externes;F6 Autres achats et charges externes (60-62);1951.85;2017
Val-de-Marne;23-27 Hors scolaire;F_autres;F11 Autres charges de fonctionnement;22500.0;2017
Val-de-Marne;28 Services annexes;F_achats_charges_externes;F2 Énergie et eau (60611-60613, 60621-60622);327.18;2017
Val-de-Marne;28 Services annexes;F_achats_charges_externes;F3 Entretien, réparations, maintenance, nettoyage (6152x, 6155, 6156, 6283);58576.86;2017
Val-de-Marne;28 Services annexes;F_achats_charges_externes;F4 Contrats de prestations de services (611);246.84;2017
Val-de-Marne;28 Services annexes;F_achats_charges_externes;F5 Locations et charges locatives (613, 614);159160.59;2017
Val-de-Marne;28 Services annexes;F_achats_charges_externes;F6 Autres achats et charges externes (60-62);80286.09;2017
Val-de-Marne;28 Services annexes;F_interventions;F9 Autres subventions et participations (65x);78800.69;2017
Val-de-Marne;28 Services annexes;I_equipement;I1 Terrains, constructions, rénovations, gros travaux, avances (211-214, 217, 231x, 236-238);1708.39;2017
Val-de-Marne;28 Services annexes;I_equipement;I3 Mobilier, informatique, matériel (215x, 218x);9323.95;2017
Val-de-Marne;28 Services annexes;I_equipement;I4 Études, logiciels, incorporels (20 hors 204);1500.0;2017
Yvelines;20 Services communs;F_interventions;F9 Autres subventions et participations (65x);246563.42;2017
Yvelines;20 Services communs;F_personnel;F1 Personnel (621, 631, 633, 64);37422815.71;2017
Yvelines;20 Services communs;I_equipement;I4 Études, logiciels, incorporels (20 hors 204);1515805.87;2017
Yvelines;21 Premier degré;F_interventions;F9 Autres subventions et participations (65x);154420.0;2017
Yvelines;21 Premier degré;I_subventions_equipement_versees;I5 Subventions d'équipement versées (204, 2324);18417.0;2017
Yvelines;221 Collèges;F_achats_charges_externes;F2 Énergie et eau (60611-60613, 60621-60622);7748951.51;2017
Yvelines;221 Collèges;F_achats_charges_externes;F3 Entretien, réparations, maintenance, nettoyage (6152x, 6155, 6156, 6283);2578706.9400000004;2017
Yvelines;221 Collèges;F_achats_charges_externes;F5 Locations et charges locatives (613, 614);165.5;2017
Yvelines;221 Collèges;F_achats_charges_externes;F6 Autres achats et charges externes (60-62);675030.21;2017
Yvelines;221 Collèges;F_autres;F11 Autres charges de fonctionnement;32874.51;2017
Yvelines;221 Collèges;F_autres;F9 Autres subventions et participations (65x);275155.67;2017
Yvelines;221 Collèges;F_interventions;F7 Dotations de fonctionnement aux collèges publics (655111);7298240.0;2017
Yvelines;221 Collèges;F_interventions;F8 Dotations de fonctionnement aux collèges privés (655112);7485796.0;2017
Yvelines;221 Collèges;F_interventions;F9 Autres subventions et participations (65x);1000080.53;2017
Yvelines;221 Collèges;I_autres;I7 Autres investissements (13, 26, 27, 45x hors 455, 481);0.0;2017
Yvelines;221 Collèges;I_equipement;I1 Terrains, constructions, rénovations, gros travaux, avances (211-214, 217, 231x, 236-238);41797497.32;2017
Yvelines;221 Collèges;I_equipement;I3 Mobilier, informatique, matériel (215x, 218x);1134403.72;2017
Yvelines;221 Collèges;I_equipement;I4 Études, logiciels, incorporels (20 hors 204);73128.68;2017
Yvelines;221 Collèges;I_equipement;I6 Autres immobilisations (21, 23);2000.0;2017
Yvelines;221 Collèges;I_subventions_equipement_versees;I5 Subventions d'équipement versées (204, 2324);5055528.0;2017
Yvelines;222-224 Lycées;F_interventions;F7 Dotations de fonctionnement aux collèges publics (655111);558820.0;2017
Yvelines;222-224 Lycées;F_interventions;F9 Autres subventions et participations (65x);6000.0;2017
Yvelines;222-224 Lycées;I_autres;I7 Autres investissements (13, 26, 27, 45x hors 455, 481);0.0;2017
Yvelines;222-224 Lycées;I_subventions_equipement_versees;I5 Subventions d'équipement versées (204, 2324);119270.0;2017
Yvelines;23-27 Hors scolaire;F_achats_charges_externes;F6 Autres achats et charges externes (60-62);14609.26;2017
Yvelines;23-27 Hors scolaire;I_subventions_equipement_versees;I5 Subventions d'équipement versées (204, 2324);22560.0;2017
Yvelines;28 Services annexes;F_achats_charges_externes;F2 Énergie et eau (60611-60613, 60621-60622);17496.95;2017
Yvelines;28 Services annexes;F_achats_charges_externes;F3 Entretien, réparations, maintenance, nettoyage (6152x, 6155, 6156, 6283);26196.67;2017
Yvelines;28 Services annexes;F_achats_charges_externes;F5 Locations et charges locatives (613, 614);2397.56;2017
Yvelines;28 Services annexes;F_achats_charges_externes;F6 Autres achats et charges externes (60-62);7884.29;2017
Yvelines;28 Services annexes;F_autres;F11 Autres charges de fonctionnement;882.66;2017
Yvelines;28 Services annexes;F_interventions;F9 Autres subventions et participations (65x);40000.0;2017
France (départements, Paris, ML, CTU);221 Collèges;F_achats_charges_externes;F2 Énergie et eau (60611-60613, 60621-60622);62112678.309999995;2017
France (départements, Paris, ML, CTU);221 Collèges;F_achats_charges_externes;F3 Entretien, réparations, maintenance, nettoyage (6152x, 6155, 6156, 6283);107038825.39;2017
France (départements, Paris, ML, CTU);221 Collèges;F_achats_charges_externes;F4 Contrats de prestations de services (611);16404943.009999998;2017
France (départements, Paris, ML, CTU);221 Collèges;F_achats_charges_externes;F5 Locations et charges locatives (613, 614);19908275.349999998;2017
France (départements, Paris, ML, CTU);221 Collèges;F_achats_charges_externes;F6 Autres achats et charges externes (60-62);87225108.51;2017
France (départements, Paris, ML, CTU);221 Collèges;F_autres;F11 Autres charges de fonctionnement;2709881.43;2017
France (départements, Paris, ML, CTU);221 Collèges;F_autres;F9 Autres subventions et participations (65x);25837671.200000003;2017
France (départements, Paris, ML, CTU);221 Collèges;F_charges_financieres;F10 Charges financières (66);17536457.86;2017
France (départements, Paris, ML, CTU);221 Collèges;F_interventions;F7 Dotations de fonctionnement aux collèges publics (655111);613182327.94;2017
France (départements, Paris, ML, CTU);221 Collèges;F_interventions;F8 Dotations de fonctionnement aux collèges privés (655112);389438237.29;2017
France (départements, Paris, ML, CTU);221 Collèges;F_interventions;F9 Autres subventions et participations (65x);95120475.83;2017
France (départements, Paris, ML, CTU);221 Collèges;F_personnel;F1 Personnel (621, 631, 633, 64);1014074832.7;2017
France (départements, Paris, ML, CTU);221 Collèges;I_PPP_remboursement_capital_1675;I0 Remboursement en capital des marchés de partenariat (1675);22062018.25;2017
France (départements, Paris, ML, CTU);221 Collèges;I_autres;I2 Opérations sous mandat des EPLE (455);891730.68;2017
France (départements, Paris, ML, CTU);221 Collèges;I_autres;I7 Autres investissements (13, 26, 27, 45x hors 455, 481);959207.63;2017
France (départements, Paris, ML, CTU);221 Collèges;I_equipement;I1 Terrains, constructions, rénovations, gros travaux, avances (211-214, 217, 231x, 236-238);1299192482.72;2017
France (départements, Paris, ML, CTU);221 Collèges;I_equipement;I3 Mobilier, informatique, matériel (215x, 218x);214021497.31;2017
France (départements, Paris, ML, CTU);221 Collèges;I_equipement;I4 Études, logiciels, incorporels (20 hors 204);43914861.9;2017
France (départements, Paris, ML, CTU);221 Collèges;I_equipement;I6 Autres immobilisations (21, 23);26997426.040000003;2017
France (départements, Paris, ML, CTU);221 Collèges;I_subventions_equipement_versees;I5 Subventions d'équipement versées (204, 2324);92505059.92;2017
France catégorie CTU;221 Collèges;F_achats_charges_externes;F3 Entretien, réparations, maintenance, nettoyage (6152x, 6155, 6156, 6283);904676.87;2017
France catégorie CTU;221 Collèges;F_achats_charges_externes;F5 Locations et charges locatives (613, 614);233735.0;2017
France catégorie CTU;221 Collèges;F_achats_charges_externes;F6 Autres achats et charges externes (60-62);22594.43;2017
France catégorie CTU;221 Collèges;F_interventions;F7 Dotations de fonctionnement aux collèges publics (655111);10408604.5;2017
France catégorie CTU;221 Collèges;F_interventions;F8 Dotations de fonctionnement aux collèges privés (655112);1320224.8199999998;2017
France catégorie CTU;221 Collèges;F_interventions;F9 Autres subventions et participations (65x);2686573.32;2017
France catégorie CTU;221 Collèges;F_personnel;F1 Personnel (621, 631, 633, 64);10363210.129999999;2017
France catégorie CTU;221 Collèges;I_autres;I7 Autres investissements (13, 26, 27, 45x hors 455, 481);0.0;2017
France catégorie CTU;221 Collèges;I_equipement;I1 Terrains, constructions, rénovations, gros travaux, avances (211-214, 217, 231x, 236-238);10724426.97;2017
France catégorie CTU;221 Collèges;I_equipement;I3 Mobilier, informatique, matériel (215x, 218x);723891.9299999999;2017
France catégorie CTU;221 Collèges;I_equipement;I4 Études, logiciels, incorporels (20 hors 204);283817.21;2017
France catégorie CTU;221 Collèges;I_subventions_equipement_versees;I5 Subventions d'équipement versées (204, 2324);3533713.88;2017
France catégorie DEPT;221 Collèges;F_achats_charges_externes;F2 Énergie et eau (60611-60613, 60621-60622);62093551.37;2017
France catégorie DEPT;221 Collèges;F_achats_charges_externes;F3 Entretien, réparations, maintenance, nettoyage (6152x, 6155, 6156, 6283);103471247.77;2017
France catégorie DEPT;221 Collèges;F_achats_charges_externes;F4 Contrats de prestations de services (611);15923040.259999998;2017
France catégorie DEPT;221 Collèges;F_achats_charges_externes;F5 Locations et charges locatives (613, 614);18624710.029999997;2017
France catégorie DEPT;221 Collèges;F_achats_charges_externes;F6 Autres achats et charges externes (60-62);86399819.53;2017
France catégorie DEPT;221 Collèges;F_autres;F11 Autres charges de fonctionnement;2706838.43;2017
France catégorie DEPT;221 Collèges;F_autres;F9 Autres subventions et participations (65x);24008043.55;2017
France catégorie DEPT;221 Collèges;F_charges_financieres;F10 Charges financières (66);17536457.86;2017
France catégorie DEPT;221 Collèges;F_interventions;F7 Dotations de fonctionnement aux collèges publics (655111);584755788.59;2017
France catégorie DEPT;221 Collèges;F_interventions;F8 Dotations de fonctionnement aux collèges privés (655112);375120017.85;2017
France catégorie DEPT;221 Collèges;F_interventions;F9 Autres subventions et participations (65x);91646713.07;2017
France catégorie DEPT;221 Collèges;F_personnel;F1 Personnel (621, 631, 633, 64);1002540288.5600001;2017
France catégorie DEPT;221 Collèges;I_PPP_remboursement_capital_1675;I0 Remboursement en capital des marchés de partenariat (1675);22062018.25;2017
France catégorie DEPT;221 Collèges;I_autres;I2 Opérations sous mandat des EPLE (455);891730.68;2017
France catégorie DEPT;221 Collèges;I_autres;I7 Autres investissements (13, 26, 27, 45x hors 455, 481);959207.63;2017
France catégorie DEPT;221 Collèges;I_equipement;I1 Terrains, constructions, rénovations, gros travaux, avances (211-214, 217, 231x, 236-238);1251596551.09;2017
France catégorie DEPT;221 Collèges;I_equipement;I3 Mobilier, informatique, matériel (215x, 218x);212018807.21;2017
France catégorie DEPT;221 Collèges;I_equipement;I4 Études, logiciels, incorporels (20 hors 204);43461780.87;2017
France catégorie DEPT;221 Collèges;I_equipement;I6 Autres immobilisations (21, 23);26997426.040000003;2017
France catégorie DEPT;221 Collèges;I_subventions_equipement_versees;I5 Subventions d'équipement versées (204, 2324);87880910.88;2017
France catégorie ML;221 Collèges;F_achats_charges_externes;F2 Énergie et eau (60611-60613, 60621-60622);19126.94;2017
France catégorie ML;221 Collèges;F_achats_charges_externes;F3 Entretien, réparations, maintenance, nettoyage (6152x, 6155, 6156, 6283);2662900.75;2017
France catégorie ML;221 Collèges;F_achats_charges_externes;F4 Contrats de prestations de services (611);481902.75;2017
France catégorie ML;221 Collèges;F_achats_charges_externes;F5 Locations et charges locatives (613, 614);1049830.3199999998;2017
France catégorie ML;221 Collèges;F_achats_charges_externes;F6 Autres achats et charges externes (60-62);802694.5499999999;2017
France catégorie ML;221 Collèges;F_autres;F11 Autres charges de fonctionnement;3043.0;2017
France catégorie ML;221 Collèges;F_autres;F9 Autres subventions et participations (65x);1829627.65;2017
France catégorie ML;221 Collèges;F_interventions;F7 Dotations de fonctionnement aux collèges publics (655111);18017934.85;2017
France catégorie ML;221 Collèges;F_interventions;F8 Dotations de fonctionnement aux collèges privés (655112);12997994.62;2017
France catégorie ML;221 Collèges;F_interventions;F9 Autres subventions et participations (65x);787189.44;2017
France catégorie ML;221 Collèges;F_personnel;F1 Personnel (621, 631, 633, 64);1171334.01;2017
France catégorie ML;221 Collèges;I_autres;I7 Autres investissements (13, 26, 27, 45x hors 455, 481);0.0;2017
France catégorie ML;221 Collèges;I_equipement;I1 Terrains, constructions, rénovations, gros travaux, avances (211-214, 217, 231x, 236-238);36871504.66;2017
France catégorie ML;221 Collèges;I_equipement;I3 Mobilier, informatique, matériel (215x, 218x);1278798.17;2017
France catégorie ML;221 Collèges;I_equipement;I4 Études, logiciels, incorporels (20 hors 204);169263.82;2017
France catégorie ML;221 Collèges;I_subventions_equipement_versees;I5 Subventions d'équipement versées (204, 2324);1090435.16;2017
Essonne;20 Services communs;F_achats_charges_externes;F6 Autres achats et charges externes (60-62);159660.0;2018
Essonne;21 Premier degré;I_subventions_equipement_versees;I5 Subventions d'équipement versées (204, 2324);8594909.0;2018
Essonne;221 Collèges;F_achats_charges_externes;F2 Énergie et eau (60611-60613, 60621-60622);6313629.57;2018
Essonne;221 Collèges;F_achats_charges_externes;F3 Entretien, réparations, maintenance, nettoyage (6152x, 6155, 6156, 6283);911517.21;2018
Essonne;221 Collèges;F_achats_charges_externes;F5 Locations et charges locatives (613, 614);0.0;2018
Essonne;221 Collèges;F_achats_charges_externes;F6 Autres achats et charges externes (60-62);2056606.07;2018
Essonne;221 Collèges;F_autres;F11 Autres charges de fonctionnement;35444.96;2018
Essonne;221 Collèges;F_autres;F9 Autres subventions et participations (65x);5124574.28;2018
Essonne;221 Collèges;F_interventions;F7 Dotations de fonctionnement aux collèges publics (655111);10452614.56;2018
Essonne;221 Collèges;F_interventions;F8 Dotations de fonctionnement aux collèges privés (655112);6835022.66;2018
Essonne;221 Collèges;F_interventions;F9 Autres subventions et participations (65x);2305299.8;2018
Essonne;221 Collèges;F_personnel;F1 Personnel (621, 631, 633, 64);45768695.1;2018
Essonne;221 Collèges;I_autres;I7 Autres investissements (13, 26, 27, 45x hors 455, 481);0.0;2018
Essonne;221 Collèges;I_equipement;I1 Terrains, constructions, rénovations, gros travaux, avances (211-214, 217, 231x, 236-238);37729628.730000004;2018
Essonne;221 Collèges;I_equipement;I3 Mobilier, informatique, matériel (215x, 218x);6770272.07;2018
Essonne;221 Collèges;I_equipement;I4 Études, logiciels, incorporels (20 hors 204);1270174.34;2018
Essonne;221 Collèges;I_subventions_equipement_versees;I5 Subventions d'équipement versées (204, 2324);606859.39;2018
Essonne;23-27 Hors scolaire;I_subventions_equipement_versees;I5 Subventions d'équipement versées (204, 2324);295898.68;2018
Essonne;28 Services annexes;F_achats_charges_externes;F2 Énergie et eau (60611-60613, 60621-60622);5195.129999999999;2018
Essonne;28 Services annexes;F_achats_charges_externes;F3 Entretien, réparations, maintenance, nettoyage (6152x, 6155, 6156, 6283);13888.050000000001;2018
Essonne;28 Services annexes;F_achats_charges_externes;F5 Locations et charges locatives (613, 614);155705.95;2018
Essonne;28 Services annexes;F_achats_charges_externes;F6 Autres achats et charges externes (60-62);5790.69;2018
Essonne;28 Services annexes;F_autres;F11 Autres charges de fonctionnement;8762.02;2018
Essonne;28 Services annexes;I_subventions_equipement_versees;I5 Subventions d'équipement versées (204, 2324);1932073.0;2018
Hauts-de-Seine;20 Services communs;F_achats_charges_externes;F6 Autres achats et charges externes (60-62);56007.85;2018
Hauts-de-Seine;20 Services communs;F_personnel;F1 Personnel (621, 631, 633, 64);3922036.29;2018
Hauts-de-Seine;20 Services communs;I_equipement;I3 Mobilier, informatique, matériel (215x, 218x);110.53;2018
Hauts-de-Seine;21 Premier degré;F_achats_charges_externes;F2 Énergie et eau (60611-60613, 60621-60622);595309.06;2018
Hauts-de-Seine;21 Premier degré;F_achats_charges_externes;F3 Entretien, réparations, maintenance, nettoyage (6152x, 6155, 6156, 6283);36696.95;2018
Hauts-de-Seine;21 Premier degré;F_personnel;F1 Personnel (621, 631, 633, 64);111170.93;2018
Hauts-de-Seine;221 Collèges;F_achats_charges_externes;F2 Énergie et eau (60611-60613, 60621-60622);6927297.04;2018
Hauts-de-Seine;221 Collèges;F_achats_charges_externes;F3 Entretien, réparations, maintenance, nettoyage (6152x, 6155, 6156, 6283);5135535.76;2018
Hauts-de-Seine;221 Collèges;F_achats_charges_externes;F4 Contrats de prestations de services (611);927663.76;2018
Hauts-de-Seine;221 Collèges;F_achats_charges_externes;F5 Locations et charges locatives (613, 614);246338.43;2018
Hauts-de-Seine;221 Collèges;F_achats_charges_externes;F6 Autres achats et charges externes (60-62);11844878.379999999;2018
Hauts-de-Seine;221 Collèges;F_autres;F11 Autres charges de fonctionnement;223676.07;2018
Hauts-de-Seine;221 Collèges;F_charges_financieres;F10 Charges financières (66);928466.63;2018
Hauts-de-Seine;221 Collèges;F_interventions;F7 Dotations de fonctionnement aux collèges publics (655111);8175725.24;2018
Hauts-de-Seine;221 Collèges;F_interventions;F8 Dotations de fonctionnement aux collèges privés (655112);9824421.14;2018
Hauts-de-Seine;221 Collèges;F_interventions;F9 Autres subventions et participations (65x);3342215.64;2018
Hauts-de-Seine;221 Collèges;F_personnel;F1 Personnel (621, 631, 633, 64);32701811.8;2018
Hauts-de-Seine;221 Collèges;I_PPP_remboursement_capital_1675;I0 Remboursement en capital des marchés de partenariat (1675);2282383.26;2018
Hauts-de-Seine;221 Collèges;I_autres;I7 Autres investissements (13, 26, 27, 45x hors 455, 481);0.0;2018
Hauts-de-Seine;221 Collèges;I_equipement;I1 Terrains, constructions, rénovations, gros travaux, avances (211-214, 217, 231x, 236-238);31398281.6;2018
Hauts-de-Seine;221 Collèges;I_equipement;I3 Mobilier, informatique, matériel (215x, 218x);12216074.780000001;2018
Hauts-de-Seine;221 Collèges;I_equipement;I4 Études, logiciels, incorporels (20 hors 204);1136523.52;2018
Hauts-de-Seine;221 Collèges;I_subventions_equipement_versees;I5 Subventions d'équipement versées (204, 2324);4607.6;2018
Hauts-de-Seine;23-27 Hors scolaire;F_achats_charges_externes;F2 Énergie et eau (60611-60613, 60621-60622);1345317.89;2018
Hauts-de-Seine;23-27 Hors scolaire;F_achats_charges_externes;F3 Entretien, réparations, maintenance, nettoyage (6152x, 6155, 6156, 6283);2205739.98;2018
Hauts-de-Seine;23-27 Hors scolaire;F_achats_charges_externes;F5 Locations et charges locatives (613, 614);9617.2;2018
Hauts-de-Seine;23-27 Hors scolaire;F_achats_charges_externes;F6 Autres achats et charges externes (60-62);1428942.2200000002;2018
Hauts-de-Seine;23-27 Hors scolaire;F_autres;F11 Autres charges de fonctionnement;24984.0;2018
Hauts-de-Seine;23-27 Hors scolaire;F_interventions;F9 Autres subventions et participations (65x);134000.0;2018
Hauts-de-Seine;23-27 Hors scolaire;I_equipement;I1 Terrains, constructions, rénovations, gros travaux, avances (211-214, 217, 231x, 236-238);179702.59;2018
Hauts-de-Seine;23-27 Hors scolaire;I_equipement;I3 Mobilier, informatique, matériel (215x, 218x);53998.11;2018
Hauts-de-Seine;28 Services annexes;F_achats_charges_externes;F3 Entretien, réparations, maintenance, nettoyage (6152x, 6155, 6156, 6283);43977.07;2018
Hauts-de-Seine;28 Services annexes;F_achats_charges_externes;F5 Locations et charges locatives (613, 614);40213.15;2018
Hauts-de-Seine;28 Services annexes;F_achats_charges_externes;F6 Autres achats et charges externes (60-62);312334.21;2018
Hauts-de-Seine;28 Services annexes;F_interventions;F9 Autres subventions et participations (65x);525961.59;2018
Hauts-de-Seine;28 Services annexes;F_personnel;F1 Personnel (621, 631, 633, 64);4426781.13;2018
Hauts-de-Seine;dette 1675 (hors fonction 2);I_PPP_remboursement_capital_1675;I0 Remboursement en capital des marchés de partenariat (1675);5678523.28;2018
Paris;20 Services communs;F_personnel;F1 Personnel (621, 631, 633, 64);393108.81;2018
Paris;20 Services communs;I_equipement;I1 Terrains, constructions, rénovations, gros travaux, avances (211-214, 217, 231x, 236-238);318105.06;2018
Paris;20 Services communs;I_equipement;I4 Études, logiciels, incorporels (20 hors 204);418.8;2018
Paris;221 Collèges;F_achats_charges_externes;F3 Entretien, réparations, maintenance, nettoyage (6152x, 6155, 6156, 6283);2050251.74;2018
Paris;221 Collèges;F_achats_charges_externes;F4 Contrats de prestations de services (611);62154.15;2018
Paris;221 Collèges;F_achats_charges_externes;F6 Autres achats et charges externes (60-62);295641.48;2018
Paris;221 Collèges;F_interventions;F7 Dotations de fonctionnement aux collèges publics (655111);16712830.0;2018
Paris;221 Collèges;F_interventions;F8 Dotations de fonctionnement aux collèges privés (655112);21706251.29;2018
Paris;221 Collèges;F_interventions;F9 Autres subventions et participations (65x);17700.0;2018
Paris;221 Collèges;F_personnel;F1 Personnel (621, 631, 633, 64);28939246.98;2018
Paris;221 Collèges;I_autres;I7 Autres investissements (13, 26, 27, 45x hors 455, 481);3099929.22;2018
Paris;221 Collèges;I_equipement;I1 Terrains, constructions, rénovations, gros travaux, avances (211-214, 217, 231x, 236-238);21563660.73;2018
Paris;221 Collèges;I_equipement;I3 Mobilier, informatique, matériel (215x, 218x);640940.4199999999;2018
Paris;221 Collèges;I_equipement;I4 Études, logiciels, incorporels (20 hors 204);399901.9;2018
Paris;221 Collèges;I_subventions_equipement_versees;I5 Subventions d'équipement versées (204, 2324);5135000.0;2018
Paris;23-27 Hors scolaire;F_achats_charges_externes;F3 Entretien, réparations, maintenance, nettoyage (6152x, 6155, 6156, 6283);508.84;2018
Paris;23-27 Hors scolaire;F_interventions;F9 Autres subventions et participations (65x);350000.0;2018
Paris;23-27 Hors scolaire;F_personnel;F1 Personnel (621, 631, 633, 64);17822922.5;2018
Paris;24 Cités scolaires;F_autres;F9 Autres subventions et participations (65x);17.12;2018
Paris;24 Cités scolaires;F_personnel;F1 Personnel (621, 631, 633, 64);2700048.08;2018
Paris;24 Cités scolaires;I_autres;I2 Opérations sous mandat des EPLE (455);9349186.77;2018
Paris;24 Cités scolaires;I_autres;I7 Autres investissements (13, 26, 27, 45x hors 455, 481);23184.0;2018
Paris;24 Cités scolaires;I_equipement;I1 Terrains, constructions, rénovations, gros travaux, avances (211-214, 217, 231x, 236-238);5223380.32;2018
Paris;28 Services annexes;F_interventions;F7 Dotations de fonctionnement aux collèges publics (655111);2888032.0;2018
Paris;28 Services annexes;F_interventions;F9 Autres subventions et participations (65x);5608211.0;2018
Paris;28 Services annexes;I_autres;I7 Autres investissements (13, 26, 27, 45x hors 455, 481);120822.86;2018
Paris;28 Services annexes;I_equipement;I1 Terrains, constructions, rénovations, gros travaux, avances (211-214, 217, 231x, 236-238);667253.3300000001;2018
Paris;28 Services annexes;I_equipement;I4 Études, logiciels, incorporels (20 hors 204);21094.99;2018
Seine-Saint-Denis;20 Services communs;F_achats_charges_externes;F6 Autres achats et charges externes (60-62);92052.27;2018
Seine-Saint-Denis;20 Services communs;F_personnel;F1 Personnel (621, 631, 633, 64);1131412.51;2018
Seine-Saint-Denis;221 Collèges;F_achats_charges_externes;F2 Énergie et eau (60611-60613, 60621-60622);3468401.94;2018
Seine-Saint-Denis;221 Collèges;F_achats_charges_externes;F3 Entretien, réparations, maintenance, nettoyage (6152x, 6155, 6156, 6283);4276081.699999999;2018
Seine-Saint-Denis;221 Collèges;F_achats_charges_externes;F4 Contrats de prestations de services (611);1233351.22;2018
Seine-Saint-Denis;221 Collèges;F_achats_charges_externes;F5 Locations et charges locatives (613, 614);207783.33000000002;2018
Seine-Saint-Denis;221 Collèges;F_achats_charges_externes;F6 Autres achats et charges externes (60-62);11108527.09;2018
Seine-Saint-Denis;221 Collèges;F_charges_financieres;F10 Charges financières (66);7590983.99;2018
Seine-Saint-Denis;221 Collèges;F_interventions;F7 Dotations de fonctionnement aux collèges publics (655111);22069592.64;2018
Seine-Saint-Denis;221 Collèges;F_interventions;F8 Dotations de fonctionnement aux collèges privés (655112);6944630.0;2018
Seine-Saint-Denis;221 Collèges;F_interventions;F9 Autres subventions et participations (65x);1769055.07;2018
Seine-Saint-Denis;221 Collèges;F_personnel;F1 Personnel (621, 631, 633, 64);60068053.57;2018
Seine-Saint-Denis;221 Collèges;I_PPP_remboursement_capital_1675;I0 Remboursement en capital des marchés de partenariat (1675);9876513.43;2018
Seine-Saint-Denis;221 Collèges;I_autres;I7 Autres investissements (13, 26, 27, 45x hors 455, 481);0.0;2018
Seine-Saint-Denis;221 Collèges;I_equipement;I1 Terrains, constructions, rénovations, gros travaux, avances (211-214, 217, 231x, 236-238);80055584.52999999;2018
Seine-Saint-Denis;221 Collèges;I_equipement;I3 Mobilier, informatique, matériel (215x, 218x);5620008.82;2018
Seine-Saint-Denis;221 Collèges;I_equipement;I4 Études, logiciels, incorporels (20 hors 204);1516125.71;2018
Seine-Saint-Denis;221 Collèges;I_equipement;I6 Autres immobilisations (21, 23);21085508.44;2018
Seine-Saint-Denis;221 Collèges;I_subventions_equipement_versees;I5 Subventions d'équipement versées (204, 2324);320583.09;2018
Seine-Saint-Denis;222-224 Lycées;F_interventions;F9 Autres subventions et participations (65x);9000.0;2018
Seine-Saint-Denis;dette 1675 (hors fonction 2);I_PPP_remboursement_capital_1675;I0 Remboursement en capital des marchés de partenariat (1675);0.0;2018
Seine-et-Marne;20 Services communs;F_achats_charges_externes;F4 Contrats de prestations de services (611);30022.74;2018
Seine-et-Marne;20 Services communs;F_achats_charges_externes;F5 Locations et charges locatives (613, 614);23149.16;2018
Seine-et-Marne;20 Services communs;F_achats_charges_externes;F6 Autres achats et charges externes (60-62);9348.0;2018
Seine-et-Marne;20 Services communs;F_personnel;F1 Personnel (621, 631, 633, 64);46392479.83;2018
Seine-et-Marne;21 Premier degré;I_subventions_equipement_versees;I5 Subventions d'équipement versées (204, 2324);232645.08;2018
Seine-et-Marne;221 Collèges;F_achats_charges_externes;F2 Énergie et eau (60611-60613, 60621-60622);7235906.84;2018
Seine-et-Marne;221 Collèges;F_achats_charges_externes;F3 Entretien, réparations, maintenance, nettoyage (6152x, 6155, 6156, 6283);5121395.75;2018
Seine-et-Marne;221 Collèges;F_achats_charges_externes;F4 Contrats de prestations de services (611);720718.22;2018
Seine-et-Marne;221 Collèges;F_achats_charges_externes;F5 Locations et charges locatives (613, 614);493572.87;2018
Seine-et-Marne;221 Collèges;F_achats_charges_externes;F6 Autres achats et charges externes (60-62);591342.17;2018
Seine-et-Marne;221 Collèges;F_autres;F11 Autres charges de fonctionnement;11427.52;2018
Seine-et-Marne;221 Collèges;F_interventions;F7 Dotations de fonctionnement aux collèges publics (655111);11591227.08;2018
Seine-et-Marne;221 Collèges;F_interventions;F8 Dotations de fonctionnement aux collèges privés (655112);5808654.94;2018
Seine-et-Marne;221 Collèges;F_interventions;F9 Autres subventions et participations (65x);1355721.1;2018
Seine-et-Marne;221 Collèges;I_autres;I7 Autres investissements (13, 26, 27, 45x hors 455, 481);0.0;2018
Seine-et-Marne;221 Collèges;I_equipement;I1 Terrains, constructions, rénovations, gros travaux, avances (211-214, 217, 231x, 236-238);53070474.61;2018
Seine-et-Marne;221 Collèges;I_equipement;I3 Mobilier, informatique, matériel (215x, 218x);6969611.86;2018
Seine-et-Marne;221 Collèges;I_equipement;I4 Études, logiciels, incorporels (20 hors 204);5057646.72;2018
Seine-et-Marne;221 Collèges;I_subventions_equipement_versees;I5 Subventions d'équipement versées (204, 2324);353399.86;2018
Seine-et-Marne;23-27 Hors scolaire;F_interventions;F9 Autres subventions et participations (65x);101700.0;2018
Seine-et-Marne;23-27 Hors scolaire;I_subventions_equipement_versees;I5 Subventions d'équipement versées (204, 2324);1256800.0;2018
Seine-et-Marne;28 Services annexes;F_achats_charges_externes;F4 Contrats de prestations de services (611);1092375.79;2018
Seine-et-Marne;28 Services annexes;F_interventions;F9 Autres subventions et participations (65x);101100.0;2018
Val-d'Oise;20 Services communs;F_achats_charges_externes;F6 Autres achats et charges externes (60-62);20509.27;2018
Val-d'Oise;20 Services communs;F_personnel;F1 Personnel (621, 631, 633, 64);36120204.04;2018
Val-d'Oise;21 Premier degré;I_subventions_equipement_versees;I5 Subventions d'équipement versées (204, 2324);5187130.42;2018
Val-d'Oise;221 Collèges;F_achats_charges_externes;F2 Énergie et eau (60611-60613, 60621-60622);3498985.97;2018
Val-d'Oise;221 Collèges;F_achats_charges_externes;F3 Entretien, réparations, maintenance, nettoyage (6152x, 6155, 6156, 6283);7376626.03;2018
Val-d'Oise;221 Collèges;F_achats_charges_externes;F5 Locations et charges locatives (613, 614);16426.5;2018
Val-d'Oise;221 Collèges;F_achats_charges_externes;F6 Autres achats et charges externes (60-62);4670459.17;2018
Val-d'Oise;221 Collèges;F_autres;F9 Autres subventions et participations (65x);1051.73;2018
Val-d'Oise;221 Collèges;F_interventions;F7 Dotations de fonctionnement aux collèges publics (655111);16648359.51;2018
Val-d'Oise;221 Collèges;F_interventions;F8 Dotations de fonctionnement aux collèges privés (655112);8165160.0;2018
Val-d'Oise;221 Collèges;F_interventions;F9 Autres subventions et participations (65x);1848332.12;2018
Val-d'Oise;221 Collèges;I_autres;I7 Autres investissements (13, 26, 27, 45x hors 455, 481);40000.0;2018
Val-d'Oise;221 Collèges;I_equipement;I1 Terrains, constructions, rénovations, gros travaux, avances (211-214, 217, 231x, 236-238);17362815.62;2018
Val-d'Oise;221 Collèges;I_equipement;I3 Mobilier, informatique, matériel (215x, 218x);2615728.0399999996;2018
Val-d'Oise;221 Collèges;I_equipement;I4 Études, logiciels, incorporels (20 hors 204);22784.7;2018
Val-d'Oise;221 Collèges;I_subventions_equipement_versees;I5 Subventions d'équipement versées (204, 2324);79318.91;2018
Val-d'Oise;222-224 Lycées;F_interventions;F9 Autres subventions et participations (65x);1813.0;2018
Val-d'Oise;23-27 Hors scolaire;F_achats_charges_externes;F3 Entretien, réparations, maintenance, nettoyage (6152x, 6155, 6156, 6283);23691.95;2018
Val-d'Oise;23-27 Hors scolaire;F_achats_charges_externes;F6 Autres achats et charges externes (60-62);50000.0;2018
Val-d'Oise;23-27 Hors scolaire;F_autres;F11 Autres charges de fonctionnement;344000.0;2018
Val-d'Oise;23-27 Hors scolaire;F_interventions;F9 Autres subventions et participations (65x);52000.0;2018
Val-d'Oise;23-27 Hors scolaire;I_autres;I7 Autres investissements (13, 26, 27, 45x hors 455, 481);0.0;2018
Val-d'Oise;23-27 Hors scolaire;I_equipement;I1 Terrains, constructions, rénovations, gros travaux, avances (211-214, 217, 231x, 236-238);290442.0;2018
Val-d'Oise;23-27 Hors scolaire;I_subventions_equipement_versees;I5 Subventions d'équipement versées (204, 2324);3135480.5300000003;2018
Val-d'Oise;28 Services annexes;F_achats_charges_externes;F3 Entretien, réparations, maintenance, nettoyage (6152x, 6155, 6156, 6283);3611.81;2018
Val-d'Oise;28 Services annexes;F_achats_charges_externes;F6 Autres achats et charges externes (60-62);385489.32;2018
Val-d'Oise;28 Services annexes;F_interventions;F9 Autres subventions et participations (65x);1094867.0;2018
Val-d'Oise;28 Services annexes;I_equipement;I1 Terrains, constructions, rénovations, gros travaux, avances (211-214, 217, 231x, 236-238);1770160.24;2018
Val-d'Oise;28 Services annexes;I_equipement;I4 Études, logiciels, incorporels (20 hors 204);3937.72;2018
Val-de-Marne;20 Services communs;F_achats_charges_externes;F6 Autres achats et charges externes (60-62);63768.31999999999;2018
Val-de-Marne;20 Services communs;F_personnel;F1 Personnel (621, 631, 633, 64);2367192.67;2018
Val-de-Marne;21 Premier degré;F_interventions;F9 Autres subventions et participations (65x);30332.0;2018
Val-de-Marne;221 Collèges;F_achats_charges_externes;F3 Entretien, réparations, maintenance, nettoyage (6152x, 6155, 6156, 6283);5817304.0200000005;2018
Val-de-Marne;221 Collèges;F_achats_charges_externes;F5 Locations et charges locatives (613, 614);27430.82;2018
Val-de-Marne;221 Collèges;F_achats_charges_externes;F6 Autres achats et charges externes (60-62);729021.95;2018
Val-de-Marne;221 Collèges;F_autres;F11 Autres charges de fonctionnement;128037.68;2018
Val-de-Marne;221 Collèges;F_interventions;F7 Dotations de fonctionnement aux collèges publics (655111);13811886.02;2018
Val-de-Marne;221 Collèges;F_interventions;F8 Dotations de fonctionnement aux collèges privés (655112);7350765.39;2018
Val-de-Marne;221 Collèges;F_interventions;F9 Autres subventions et participations (65x);3538386.21;2018
Val-de-Marne;221 Collèges;F_personnel;F1 Personnel (621, 631, 633, 64);34435858.76;2018
Val-de-Marne;221 Collèges;I_autres;I7 Autres investissements (13, 26, 27, 45x hors 455, 481);0.0;2018
Val-de-Marne;221 Collèges;I_equipement;I1 Terrains, constructions, rénovations, gros travaux, avances (211-214, 217, 231x, 236-238);58174894.699999996;2018
Val-de-Marne;221 Collèges;I_equipement;I3 Mobilier, informatique, matériel (215x, 218x);15646202.63;2018
Val-de-Marne;221 Collèges;I_equipement;I4 Études, logiciels, incorporels (20 hors 204);435233.73;2018
Val-de-Marne;221 Collèges;I_subventions_equipement_versees;I5 Subventions d'équipement versées (204, 2324);248606.49;2018
Val-de-Marne;222-224 Lycées;I_subventions_equipement_versees;I5 Subventions d'équipement versées (204, 2324);94359.57;2018
Val-de-Marne;23-27 Hors scolaire;F_achats_charges_externes;F6 Autres achats et charges externes (60-62);3454.92;2018
Val-de-Marne;23-27 Hors scolaire;F_autres;F11 Autres charges de fonctionnement;22500.0;2018
Val-de-Marne;23-27 Hors scolaire;F_interventions;F9 Autres subventions et participations (65x);80000.0;2018
Val-de-Marne;23-27 Hors scolaire;I_subventions_equipement_versees;I5 Subventions d'équipement versées (204, 2324);650000.0;2018
Val-de-Marne;28 Services annexes;F_achats_charges_externes;F3 Entretien, réparations, maintenance, nettoyage (6152x, 6155, 6156, 6283);31755.06;2018
Val-de-Marne;28 Services annexes;F_achats_charges_externes;F6 Autres achats et charges externes (60-62);4588.8;2018
Val-de-Marne;28 Services annexes;F_interventions;F9 Autres subventions et participations (65x);77163.0;2018
Yvelines;20 Services communs;F_interventions;F9 Autres subventions et participations (65x);15375.45;2018
Yvelines;20 Services communs;F_personnel;F1 Personnel (621, 631, 633, 64);37063333.83;2018
Yvelines;20 Services communs;I_equipement;I4 Études, logiciels, incorporels (20 hors 204);560087.39;2018
Yvelines;21 Premier degré;F_interventions;F9 Autres subventions et participations (65x);161270.0;2018
Yvelines;21 Premier degré;I_subventions_equipement_versees;I5 Subventions d'équipement versées (204, 2324);25367.0;2018
Yvelines;221 Collèges;F_achats_charges_externes;F2 Énergie et eau (60611-60613, 60621-60622);8000359.7700000005;2018
Yvelines;221 Collèges;F_achats_charges_externes;F3 Entretien, réparations, maintenance, nettoyage (6152x, 6155, 6156, 6283);3301066.1399999997;2018
Yvelines;221 Collèges;F_achats_charges_externes;F6 Autres achats et charges externes (60-62);865483.45;2018
Yvelines;221 Collèges;F_autres;F11 Autres charges de fonctionnement;14459.0;2018
Yvelines;221 Collèges;F_autres;F9 Autres subventions et participations (65x);258887.37;2018
Yvelines;221 Collèges;F_interventions;F7 Dotations de fonctionnement aux collèges publics (655111);7484829.0;2018
Yvelines;221 Collèges;F_interventions;F8 Dotations de fonctionnement aux collèges privés (655112);7410220.0;2018
Yvelines;221 Collèges;F_interventions;F9 Autres subventions et participations (65x);921804.29;2018
Yvelines;221 Collèges;I_autres;I7 Autres investissements (13, 26, 27, 45x hors 455, 481);1050000.0;2018
Yvelines;221 Collèges;I_equipement;I1 Terrains, constructions, rénovations, gros travaux, avances (211-214, 217, 231x, 236-238);44525237.03;2018
Yvelines;221 Collèges;I_equipement;I3 Mobilier, informatique, matériel (215x, 218x);1664964.58;2018
Yvelines;221 Collèges;I_equipement;I4 Études, logiciels, incorporels (20 hors 204);391921.39;2018
Yvelines;221 Collèges;I_subventions_equipement_versees;I5 Subventions d'équipement versées (204, 2324);5530060.16;2018
Yvelines;222-224 Lycées;F_interventions;F7 Dotations de fonctionnement aux collèges publics (655111);348270.0;2018
Yvelines;222-224 Lycées;F_interventions;F9 Autres subventions et participations (65x);3200.0;2018
Yvelines;222-224 Lycées;I_autres;I7 Autres investissements (13, 26, 27, 45x hors 455, 481);0.0;2018
Yvelines;222-224 Lycées;I_subventions_equipement_versees;I5 Subventions d'équipement versées (204, 2324);214100.0;2018
Yvelines;23-27 Hors scolaire;F_achats_charges_externes;F6 Autres achats et charges externes (60-62);4928.88;2018
Yvelines;23-27 Hors scolaire;I_equipement;I1 Terrains, constructions, rénovations, gros travaux, avances (211-214, 217, 231x, 236-238);5644800.0;2018
Yvelines;23-27 Hors scolaire;I_equipement;I4 Études, logiciels, incorporels (20 hors 204);10215.0;2018
Yvelines;23-27 Hors scolaire;I_subventions_equipement_versees;I5 Subventions d'équipement versées (204, 2324);800000.0;2018
Yvelines;28 Services annexes;F_achats_charges_externes;F2 Énergie et eau (60611-60613, 60621-60622);8102.12;2018
Yvelines;28 Services annexes;F_achats_charges_externes;F3 Entretien, réparations, maintenance, nettoyage (6152x, 6155, 6156, 6283);25155.29;2018
Yvelines;28 Services annexes;F_achats_charges_externes;F5 Locations et charges locatives (613, 614);2741.7;2018
Yvelines;28 Services annexes;F_achats_charges_externes;F6 Autres achats et charges externes (60-62);8245.52;2018
Yvelines;28 Services annexes;F_autres;F11 Autres charges de fonctionnement;782.3;2018
Yvelines;28 Services annexes;F_interventions;F9 Autres subventions et participations (65x);23000.0;2018
Yvelines;28 Services annexes;I_equipement;I1 Terrains, constructions, rénovations, gros travaux, avances (211-214, 217, 231x, 236-238);22447.68;2018
Yvelines;28 Services annexes;I_equipement;I3 Mobilier, informatique, matériel (215x, 218x);135.4;2018
France (départements, Paris, ML, CTU);221 Collèges;F_achats_charges_externes;F2 Énergie et eau (60611-60613, 60621-60622);68697682.4;2018
France (départements, Paris, ML, CTU);221 Collèges;F_achats_charges_externes;F3 Entretien, réparations, maintenance, nettoyage (6152x, 6155, 6156, 6283);112739349.44;2018
France (départements, Paris, ML, CTU);221 Collèges;F_achats_charges_externes;F4 Contrats de prestations de services (611);16429568.260000002;2018
France (départements, Paris, ML, CTU);221 Collèges;F_achats_charges_externes;F5 Locations et charges locatives (613, 614);15605128.930000002;2018
France (départements, Paris, ML, CTU);221 Collèges;F_achats_charges_externes;F6 Autres achats et charges externes (60-62);96547176.45;2018
France (départements, Paris, ML, CTU);221 Collèges;F_autres;F11 Autres charges de fonctionnement;1638549.1199999999;2018
France (départements, Paris, ML, CTU);221 Collèges;F_autres;F9 Autres subventions et participations (65x);19127778.43;2018
France (départements, Paris, ML, CTU);221 Collèges;F_charges_financieres;F10 Charges financières (66);15981924.440000001;2018
France (départements, Paris, ML, CTU);221 Collèges;F_interventions;F7 Dotations de fonctionnement aux collèges publics (655111);596138927.24;2018
France (départements, Paris, ML, CTU);221 Collèges;F_interventions;F8 Dotations de fonctionnement aux collèges privés (655112);395875807.85999995;2018
France (départements, Paris, ML, CTU);221 Collèges;F_interventions;F9 Autres subventions et participations (65x);94468079.92999999;2018
France (départements, Paris, ML, CTU);221 Collèges;F_personnel;F1 Personnel (621, 631, 633, 64);1026260041.6;2018
France (départements, Paris, ML, CTU);221 Collèges;I_PPP_remboursement_capital_1675;I0 Remboursement en capital des marchés de partenariat (1675);21962141.68;2018
France (départements, Paris, ML, CTU);221 Collèges;I_autres;I2 Opérations sous mandat des EPLE (455);976273.69;2018
France (départements, Paris, ML, CTU);221 Collèges;I_autres;I7 Autres investissements (13, 26, 27, 45x hors 455, 481);6511926.949999999;2018
France (départements, Paris, ML, CTU);221 Collèges;I_equipement;I1 Terrains, constructions, rénovations, gros travaux, avances (211-214, 217, 231x, 236-238);1376086958.8000002;2018
France (départements, Paris, ML, CTU);221 Collèges;I_equipement;I3 Mobilier, informatique, matériel (215x, 218x);239583182.68;2018
France (départements, Paris, ML, CTU);221 Collèges;I_equipement;I4 Études, logiciels, incorporels (20 hors 204);49607345.1;2018
France (départements, Paris, ML, CTU);221 Collèges;I_equipement;I6 Autres immobilisations (21, 23);22484934.040000003;2018
France (départements, Paris, ML, CTU);221 Collèges;I_subventions_equipement_versees;I5 Subventions d'équipement versées (204, 2324);94561611.6;2018
France catégorie CTU;221 Collèges;F_achats_charges_externes;F3 Entretien, réparations, maintenance, nettoyage (6152x, 6155, 6156, 6283);934091.64;2018
France catégorie CTU;221 Collèges;F_achats_charges_externes;F5 Locations et charges locatives (613, 614);341721.5;2018
France catégorie CTU;221 Collèges;F_achats_charges_externes;F6 Autres achats et charges externes (60-62);45453.909999999996;2018
France catégorie CTU;221 Collèges;F_autres;F9 Autres subventions et participations (65x);76000.0;2018
France catégorie CTU;221 Collèges;F_interventions;F7 Dotations de fonctionnement aux collèges publics (655111);13922271.19;2018
France catégorie CTU;221 Collèges;F_interventions;F8 Dotations de fonctionnement aux collèges privés (655112);1862677.77;2018
France catégorie CTU;221 Collèges;F_interventions;F9 Autres subventions et participations (65x);3445128.58;2018
France catégorie CTU;221 Collèges;F_personnel;F1 Personnel (621, 631, 633, 64);19930010.57;2018
France catégorie CTU;221 Collèges;I_autres;I7 Autres investissements (13, 26, 27, 45x hors 455, 481);0.0;2018
France catégorie CTU;221 Collèges;I_equipement;I1 Terrains, constructions, rénovations, gros travaux, avances (211-214, 217, 231x, 236-238);17568116.82;2018
France catégorie CTU;221 Collèges;I_equipement;I3 Mobilier, informatique, matériel (215x, 218x);1965815.56;2018
France catégorie CTU;221 Collèges;I_equipement;I4 Études, logiciels, incorporels (20 hors 204);860855.3200000001;2018
France catégorie CTU;221 Collèges;I_subventions_equipement_versees;I5 Subventions d'équipement versées (204, 2324);2503104.71;2018
France catégorie DEPT;221 Collèges;F_achats_charges_externes;F2 Énergie et eau (60611-60613, 60621-60622);68659847.64;2018
France catégorie DEPT;221 Collèges;F_achats_charges_externes;F3 Entretien, réparations, maintenance, nettoyage (6152x, 6155, 6156, 6283);108585739.2;2018
France catégorie DEPT;221 Collèges;F_achats_charges_externes;F4 Contrats de prestations de services (611);16070032.270000001;2018
France catégorie DEPT;221 Collèges;F_achats_charges_externes;F5 Locations et charges locatives (613, 614);14706835.440000001;2018
France catégorie DEPT;221 Collèges;F_achats_charges_externes;F6 Autres achats et charges externes (60-62);94889053.48;2018
France catégorie DEPT;221 Collèges;F_autres;F11 Autres charges de fonctionnement;1620287.92;2018
France catégorie DEPT;221 Collèges;F_autres;F9 Autres subventions et participations (65x);17148862.05;2018
France catégorie DEPT;221 Collèges;F_charges_financieres;F10 Charges financières (66);15981924.440000001;2018
France catégorie DEPT;221 Collèges;F_interventions;F7 Dotations de fonctionnement aux collèges publics (655111);570308842.02;2018
France catégorie DEPT;221 Collèges;F_interventions;F8 Dotations de fonctionnement aux collèges privés (655112);384108917.21;2018
France catégorie DEPT;221 Collèges;F_interventions;F9 Autres subventions et participations (65x);90174616.26;2018
France catégorie DEPT;221 Collèges;F_personnel;F1 Personnel (621, 631, 633, 64);1005080965.19;2018
France catégorie DEPT;221 Collèges;I_PPP_remboursement_capital_1675;I0 Remboursement en capital des marchés de partenariat (1675);21962141.68;2018
France catégorie DEPT;221 Collèges;I_autres;I2 Opérations sous mandat des EPLE (455);976273.69;2018
France catégorie DEPT;221 Collèges;I_autres;I7 Autres investissements (13, 26, 27, 45x hors 455, 481);6511926.949999999;2018
France catégorie DEPT;221 Collèges;I_equipement;I1 Terrains, constructions, rénovations, gros travaux, avances (211-214, 217, 231x, 236-238);1325836709.74;2018
France catégorie DEPT;221 Collèges;I_equipement;I3 Mobilier, informatique, matériel (215x, 218x);235554362.06;2018
France catégorie DEPT;221 Collèges;I_equipement;I4 Études, logiciels, incorporels (20 hors 204);48375960.629999995;2018
France catégorie DEPT;221 Collèges;I_equipement;I6 Autres immobilisations (21, 23);22484934.040000003;2018
France catégorie DEPT;221 Collèges;I_subventions_equipement_versees;I5 Subventions d'équipement versées (204, 2324);90260309.52;2018
France catégorie ML;221 Collèges;F_achats_charges_externes;F2 Énergie et eau (60611-60613, 60621-60622);37834.76;2018
France catégorie ML;221 Collèges;F_achats_charges_externes;F3 Entretien, réparations, maintenance, nettoyage (6152x, 6155, 6156, 6283);3219518.6;2018
France catégorie ML;221 Collèges;F_achats_charges_externes;F4 Contrats de prestations de services (611);359535.99;2018
France catégorie ML;221 Collèges;F_achats_charges_externes;F5 Locations et charges locatives (613, 614);556571.99;2018
France catégorie ML;221 Collèges;F_achats_charges_externes;F6 Autres achats et charges externes (60-62);1612669.06;2018
France catégorie ML;221 Collèges;F_autres;F11 Autres charges de fonctionnement;18261.2;2018
France catégorie ML;221 Collèges;F_autres;F9 Autres subventions et participations (65x);1902916.3800000001;2018
France catégorie ML;221 Collèges;F_interventions;F7 Dotations de fonctionnement aux collèges publics (655111);11907814.03;2018
France catégorie ML;221 Collèges;F_interventions;F8 Dotations de fonctionnement aux collèges privés (655112);9904212.88;2018
France catégorie ML;221 Collèges;F_interventions;F9 Autres subventions et participations (65x);848335.0900000001;2018
France catégorie ML;221 Collèges;F_personnel;F1 Personnel (621, 631, 633, 64);1249065.84;2018
France catégorie ML;221 Collèges;I_autres;I7 Autres investissements (13, 26, 27, 45x hors 455, 481);0.0;2018
France catégorie ML;221 Collèges;I_equipement;I1 Terrains, constructions, rénovations, gros travaux, avances (211-214, 217, 231x, 236-238);32682132.24;2018
France catégorie ML;221 Collèges;I_equipement;I3 Mobilier, informatique, matériel (215x, 218x);2063005.06;2018
France catégorie ML;221 Collèges;I_equipement;I4 Études, logiciels, incorporels (20 hors 204);370529.15;2018
France catégorie ML;221 Collèges;I_subventions_equipement_versees;I5 Subventions d'équipement versées (204, 2324);1798197.37;2018
Essonne;20 Services communs;F_achats_charges_externes;F6 Autres achats et charges externes (60-62);198330.0;2019
Essonne;21 Premier degré;I_subventions_equipement_versees;I5 Subventions d'équipement versées (204, 2324);4422235.0;2019
Essonne;221 Collèges;F_achats_charges_externes;F2 Énergie et eau (60611-60613, 60621-60622);7244969.83;2019
Essonne;221 Collèges;F_achats_charges_externes;F3 Entretien, réparations, maintenance, nettoyage (6152x, 6155, 6156, 6283);1547838.7;2019
Essonne;221 Collèges;F_achats_charges_externes;F5 Locations et charges locatives (613, 614);40073.55;2019
Essonne;221 Collèges;F_achats_charges_externes;F6 Autres achats et charges externes (60-62);3649227.29;2019
Essonne;221 Collèges;F_autres;F11 Autres charges de fonctionnement;49928.69;2019
Essonne;221 Collèges;F_autres;F9 Autres subventions et participations (65x);5311172.24;2019
Essonne;221 Collèges;F_interventions;F7 Dotations de fonctionnement aux collèges publics (655111);8686549.69;2019
Essonne;221 Collèges;F_interventions;F8 Dotations de fonctionnement aux collèges privés (655112);5943506.15;2019
Essonne;221 Collèges;F_interventions;F9 Autres subventions et participations (65x);3093447.19;2019
Essonne;221 Collèges;F_personnel;F1 Personnel (621, 631, 633, 64);46565652.72;2019
Essonne;221 Collèges;I_autres;I7 Autres investissements (13, 26, 27, 45x hors 455, 481);0.0;2019
Essonne;221 Collèges;I_equipement;I1 Terrains, constructions, rénovations, gros travaux, avances (211-214, 217, 231x, 236-238);41057982.72;2019
Essonne;221 Collèges;I_equipement;I3 Mobilier, informatique, matériel (215x, 218x);5793474.02;2019
Essonne;221 Collèges;I_equipement;I4 Études, logiciels, incorporels (20 hors 204);1485274.02;2019
Essonne;221 Collèges;I_subventions_equipement_versees;I5 Subventions d'équipement versées (204, 2324);1076967.71;2019
Essonne;23-27 Hors scolaire;I_subventions_equipement_versees;I5 Subventions d'équipement versées (204, 2324);801046.82;2019
Essonne;28 Services annexes;F_achats_charges_externes;F2 Énergie et eau (60611-60613, 60621-60622);8363.189999999999;2019
Essonne;28 Services annexes;F_achats_charges_externes;F3 Entretien, réparations, maintenance, nettoyage (6152x, 6155, 6156, 6283);11883.86;2019
Essonne;28 Services annexes;F_achats_charges_externes;F5 Locations et charges locatives (613, 614);63040.18;2019
Essonne;28 Services annexes;F_achats_charges_externes;F6 Autres achats et charges externes (60-62);2441.51;2019
Essonne;28 Services annexes;F_autres;F11 Autres charges de fonctionnement;30666.85;2019
Essonne;28 Services annexes;I_subventions_equipement_versees;I5 Subventions d'équipement versées (204, 2324);651964.0;2019
Hauts-de-Seine;20 Services communs;F_achats_charges_externes;F6 Autres achats et charges externes (60-62);100043.47;2019
Hauts-de-Seine;20 Services communs;F_autres;F9 Autres subventions et participations (65x);749.99;2019
Hauts-de-Seine;20 Services communs;F_personnel;F1 Personnel (621, 631, 633, 64);3722206.54;2019
Hauts-de-Seine;21 Premier degré;F_achats_charges_externes;F2 Énergie et eau (60611-60613, 60621-60622);677747.41;2019
Hauts-de-Seine;21 Premier degré;F_personnel;F1 Personnel (621, 631, 633, 64);161907.11;2019
Hauts-de-Seine;221 Collèges;F_achats_charges_externes;F2 Énergie et eau (60611-60613, 60621-60622);7164972.45;2019
Hauts-de-Seine;221 Collèges;F_achats_charges_externes;F3 Entretien, réparations, maintenance, nettoyage (6152x, 6155, 6156, 6283);5680013.71;2019
Hauts-de-Seine;221 Collèges;F_achats_charges_externes;F4 Contrats de prestations de services (611);943363.0;2019
Hauts-de-Seine;221 Collèges;F_achats_charges_externes;F5 Locations et charges locatives (613, 614);459013.57;2019
Hauts-de-Seine;221 Collèges;F_achats_charges_externes;F6 Autres achats et charges externes (60-62);13073340.149999999;2019
Hauts-de-Seine;221 Collèges;F_autres;F11 Autres charges de fonctionnement;10.12;2019
Hauts-de-Seine;221 Collèges;F_charges_financieres;F10 Charges financières (66);826493.36;2019
Hauts-de-Seine;221 Collèges;F_interventions;F7 Dotations de fonctionnement aux collèges publics (655111);9750051.03;2019
Hauts-de-Seine;221 Collèges;F_interventions;F8 Dotations de fonctionnement aux collèges privés (655112);9868824.89;2019
Hauts-de-Seine;221 Collèges;F_interventions;F9 Autres subventions et participations (65x);3970450.1799999997;2019
Hauts-de-Seine;221 Collèges;F_personnel;F1 Personnel (621, 631, 633, 64);32316529.990000002;2019
Hauts-de-Seine;221 Collèges;I_PPP_remboursement_capital_1675;I0 Remboursement en capital des marchés de partenariat (1675);2384356.52;2019
Hauts-de-Seine;221 Collèges;I_autres;I7 Autres investissements (13, 26, 27, 45x hors 455, 481);0.0;2019
Hauts-de-Seine;221 Collèges;I_equipement;I1 Terrains, constructions, rénovations, gros travaux, avances (211-214, 217, 231x, 236-238);41218546.629999995;2019
Hauts-de-Seine;221 Collèges;I_equipement;I3 Mobilier, informatique, matériel (215x, 218x);8459714.19;2019
Hauts-de-Seine;221 Collèges;I_equipement;I4 Études, logiciels, incorporels (20 hors 204);1263929.41;2019
Hauts-de-Seine;221 Collèges;I_subventions_equipement_versees;I5 Subventions d'équipement versées (204, 2324);2336.6;2019
Hauts-de-Seine;23-27 Hors scolaire;F_achats_charges_externes;F2 Énergie et eau (60611-60613, 60621-60622);1505204.3699999999;2019
Hauts-de-Seine;23-27 Hors scolaire;F_achats_charges_externes;F3 Entretien, réparations, maintenance, nettoyage (6152x, 6155, 6156, 6283);2022061.94;2019
Hauts-de-Seine;23-27 Hors scolaire;F_achats_charges_externes;F5 Locations et charges locatives (613, 614);11449.8;2019
Hauts-de-Seine;23-27 Hors scolaire;F_achats_charges_externes;F6 Autres achats et charges externes (60-62);1336539.8199999998;2019
Hauts-de-Seine;23-27 Hors scolaire;F_autres;F11 Autres charges de fonctionnement;24984.0;2019
Hauts-de-Seine;23-27 Hors scolaire;F_interventions;F9 Autres subventions et participations (65x);179500.0;2019
Hauts-de-Seine;23-27 Hors scolaire;I_equipement;I1 Terrains, constructions, rénovations, gros travaux, avances (211-214, 217, 231x, 236-238);283859.93;2019
Hauts-de-Seine;23-27 Hors scolaire;I_equipement;I3 Mobilier, informatique, matériel (215x, 218x);29422.54;2019
Hauts-de-Seine;28 Services annexes;F_achats_charges_externes;F3 Entretien, réparations, maintenance, nettoyage (6152x, 6155, 6156, 6283);48451.02;2019
Hauts-de-Seine;28 Services annexes;F_achats_charges_externes;F5 Locations et charges locatives (613, 614);12384.38;2019
Hauts-de-Seine;28 Services annexes;F_achats_charges_externes;F6 Autres achats et charges externes (60-62);283958.91000000003;2019
Hauts-de-Seine;28 Services annexes;F_interventions;F9 Autres subventions et participations (65x);498913.27;2019
Hauts-de-Seine;28 Services annexes;F_personnel;F1 Personnel (621, 631, 633, 64);4412817.82;2019
Hauts-de-Seine;dette 1675 (hors fonction 2);I_PPP_remboursement_capital_1675;I0 Remboursement en capital des marchés de partenariat (1675);5440817.68;2019
Paris;20 Services communs;F_achats_charges_externes;F2 Énergie et eau (60611-60613, 60621-60622);11137.21;2019
Paris;20 Services communs;F_achats_charges_externes;F3 Entretien, réparations, maintenance, nettoyage (6152x, 6155, 6156, 6283);40499.689999999995;2019
Paris;20 Services communs;F_achats_charges_externes;F4 Contrats de prestations de services (611);144835.36;2019
Paris;20 Services communs;F_achats_charges_externes;F5 Locations et charges locatives (613, 614);452216.12;2019
Paris;20 Services communs;F_achats_charges_externes;F6 Autres achats et charges externes (60-62);478711.52;2019
Paris;20 Services communs;F_autres;F9 Autres subventions et participations (65x);29723.199999999997;2019
Paris;20 Services communs;F_interventions;F9 Autres subventions et participations (65x);192140.14;2019
Paris;20 Services communs;F_personnel;F1 Personnel (621, 631, 633, 64);55427959.31;2019
Paris;20 Services communs;I_equipement;I1 Terrains, constructions, rénovations, gros travaux, avances (211-214, 217, 231x, 236-238);871310.2200000001;2019
Paris;20 Services communs;I_equipement;I3 Mobilier, informatique, matériel (215x, 218x);379674.3300000001;2019
Paris;20 Services communs;I_equipement;I4 Études, logiciels, incorporels (20 hors 204);29998.9;2019
Paris;21 Premier degré;F_achats_charges_externes;F3 Entretien, réparations, maintenance, nettoyage (6152x, 6155, 6156, 6283);5263031.5;2019
Paris;21 Premier degré;F_achats_charges_externes;F4 Contrats de prestations de services (611);1662617.32;2019
Paris;21 Premier degré;F_achats_charges_externes;F5 Locations et charges locatives (613, 614);1343346.1300000001;2019
Paris;21 Premier degré;F_achats_charges_externes;F6 Autres achats et charges externes (60-62);1961904.01;2019
Paris;21 Premier degré;F_autres;F11 Autres charges de fonctionnement;1951377.3900000001;2019
Paris;21 Premier degré;F_autres;F9 Autres subventions et participations (65x);88710.76;2019
Paris;21 Premier degré;F_interventions;F9 Autres subventions et participations (65x);30736312.89;2019
Paris;21 Premier degré;F_personnel;F1 Personnel (621, 631, 633, 64);379879952.96;2019
Paris;21 Premier degré;I_autres;I7 Autres investissements (13, 26, 27, 45x hors 455, 481);0.0;2019
Paris;21 Premier degré;I_equipement;I1 Terrains, constructions, rénovations, gros travaux, avances (211-214, 217, 231x, 236-238);62079915.769999996;2019
Paris;21 Premier degré;I_equipement;I3 Mobilier, informatique, matériel (215x, 218x);9992829.72;2019
Paris;21 Premier degré;I_equipement;I4 Études, logiciels, incorporels (20 hors 204);5941991.52;2019
Paris;21 Premier degré;I_equipement;I6 Autres immobilisations (21, 23);956382.59;2019
Paris;221 Collèges;F_achats_charges_externes;F3 Entretien, réparations, maintenance, nettoyage (6152x, 6155, 6156, 6283);2308549.55;2019
Paris;221 Collèges;F_achats_charges_externes;F6 Autres achats et charges externes (60-62);1457711.92;2019
Paris;221 Collèges;F_interventions;F7 Dotations de fonctionnement aux collèges publics (655111);15698219.0;2019
Paris;221 Collèges;F_interventions;F8 Dotations de fonctionnement aux collèges privés (655112);22203928.31;2019
Paris;221 Collèges;F_interventions;F9 Autres subventions et participations (65x);315320.0;2019
Paris;221 Collèges;F_personnel;F1 Personnel (621, 631, 633, 64);28429208.91;2019
Paris;221 Collèges;I_autres;I7 Autres investissements (13, 26, 27, 45x hors 455, 481);0.0;2019
Paris;221 Collèges;I_equipement;I1 Terrains, constructions, rénovations, gros travaux, avances (211-214, 217, 231x, 236-238);31801523.35;2019
Paris;221 Collèges;I_equipement;I3 Mobilier, informatique, matériel (215x, 218x);468605.74;2019
Paris;221 Collèges;I_equipement;I4 Études, logiciels, incorporels (20 hors 204);793446.74;2019
Paris;221 Collèges;I_equipement;I6 Autres immobilisations (21, 23);27576.69;2019
Paris;221 Collèges;I_subventions_equipement_versees;I5 Subventions d'équipement versées (204, 2324);3417687.0;2019
Paris;222-224 Lycées;F_achats_charges_externes;F2 Énergie et eau (60611-60613, 60621-60622);12269.029999999999;2019
Paris;222-224 Lycées;F_achats_charges_externes;F3 Entretien, réparations, maintenance, nettoyage (6152x, 6155, 6156, 6283);175056.28;2019
Paris;222-224 Lycées;F_achats_charges_externes;F4 Contrats de prestations de services (611);15736.84;2019
Paris;222-224 Lycées;F_achats_charges_externes;F5 Locations et charges locatives (613, 614);168.0;2019
Paris;222-224 Lycées;F_achats_charges_externes;F6 Autres achats et charges externes (60-62);175612.41999999998;2019
Paris;222-224 Lycées;F_interventions;F9 Autres subventions et participations (65x);5488294.62;2019
Paris;222-224 Lycées;F_personnel;F1 Personnel (621, 631, 633, 64);4142728.61;2019
Paris;222-224 Lycées;I_autres;I7 Autres investissements (13, 26, 27, 45x hors 455, 481);170763.21;2019
Paris;222-224 Lycées;I_equipement;I1 Terrains, constructions, rénovations, gros travaux, avances (211-214, 217, 231x, 236-238);3333347.96;2019
Paris;222-224 Lycées;I_equipement;I3 Mobilier, informatique, matériel (215x, 218x);1084.89;2019
Paris;222-224 Lycées;I_equipement;I4 Études, logiciels, incorporels (20 hors 204);131421.39;2019
Paris;222-224 Lycées;I_equipement;I6 Autres immobilisations (21, 23);72439.87;2019
Paris;222-224 Lycées;I_subventions_equipement_versees;I5 Subventions d'équipement versées (204, 2324);876437.0;2019
Paris;23-27 Hors scolaire;F_achats_charges_externes;F2 Énergie et eau (60611-60613, 60621-60622);5244.05;2019
Paris;23-27 Hors scolaire;F_achats_charges_externes;F3 Entretien, réparations, maintenance, nettoyage (6152x, 6155, 6156, 6283);102476.82;2019
Paris;23-27 Hors scolaire;F_achats_charges_externes;F4 Contrats de prestations de services (611);117215.84;2019
Paris;23-27 Hors scolaire;F_achats_charges_externes;F5 Locations et charges locatives (613, 614);393148.57999999996;2019
Paris;23-27 Hors scolaire;F_achats_charges_externes;F6 Autres achats et charges externes (60-62);4536731.37;2019
Paris;23-27 Hors scolaire;F_autres;F9 Autres subventions et participations (65x);28429.329999999998;2019
Paris;23-27 Hors scolaire;F_interventions;F9 Autres subventions et participations (65x);21719677.0;2019
Paris;23-27 Hors scolaire;F_personnel;F1 Personnel (621, 631, 633, 64);27433516.939999998;2019
Paris;23-27 Hors scolaire;I_equipement;I1 Terrains, constructions, rénovations, gros travaux, avances (211-214, 217, 231x, 236-238);804100.1900000001;2019
Paris;23-27 Hors scolaire;I_equipement;I3 Mobilier, informatique, matériel (215x, 218x);109063.96;2019
Paris;23-27 Hors scolaire;I_equipement;I4 Études, logiciels, incorporels (20 hors 204);94054.98;2019
Paris;23-27 Hors scolaire;I_subventions_equipement_versees;I5 Subventions d'équipement versées (204, 2324);11231000.0;2019
Paris;24 Cités scolaires;F_autres;F9 Autres subventions et participations (65x);2412141.27;2019
Paris;24 Cités scolaires;F_personnel;F1 Personnel (621, 631, 633, 64);2667893.24;2019
Paris;28 Services annexes;F_achats_charges_externes;F3 Entretien, réparations, maintenance, nettoyage (6152x, 6155, 6156, 6283);4998.32;2019
Paris;28 Services annexes;F_achats_charges_externes;F4 Contrats de prestations de services (611);1825.92;2019
Paris;28 Services annexes;F_achats_charges_externes;F6 Autres achats et charges externes (60-62);20020767.049999997;2019
Paris;28 Services annexes;F_autres;F9 Autres subventions et participations (65x);45118.509999999995;2019
Paris;28 Services annexes;F_interventions;F7 Dotations de fonctionnement aux collèges publics (655111);2829746.46;2019
Paris;28 Services annexes;F_interventions;F9 Autres subventions et participations (65x);79813726.13;2019
Paris;28 Services annexes;F_personnel;F1 Personnel (621, 631, 633, 64);6136767.47;2019
Paris;28 Services annexes;I_equipement;I1 Terrains, constructions, rénovations, gros travaux, avances (211-214, 217, 231x, 236-238);5751232.9;2019
Paris;28 Services annexes;I_equipement;I3 Mobilier, informatique, matériel (215x, 218x);490946.13;2019
Paris;28 Services annexes;I_equipement;I4 Études, logiciels, incorporels (20 hors 204);839616.14;2019
Paris;dette 1675 (hors fonction 2);I_PPP_remboursement_capital_1675;I0 Remboursement en capital des marchés de partenariat (1675);1918082.51;2019
Seine-Saint-Denis;20 Services communs;F_achats_charges_externes;F6 Autres achats et charges externes (60-62);64773.25;2019
Seine-Saint-Denis;20 Services communs;F_personnel;F1 Personnel (621, 631, 633, 64);1244869.59;2019
Seine-Saint-Denis;221 Collèges;F_achats_charges_externes;F2 Énergie et eau (60611-60613, 60621-60622);4957030.2299999995;2019
Seine-Saint-Denis;221 Collèges;F_achats_charges_externes;F3 Entretien, réparations, maintenance, nettoyage (6152x, 6155, 6156, 6283);5203980.220000001;2019
Seine-Saint-Denis;221 Collèges;F_achats_charges_externes;F4 Contrats de prestations de services (611);1270650.75;2019
Seine-Saint-Denis;221 Collèges;F_achats_charges_externes;F5 Locations et charges locatives (613, 614);210135.42;2019
Seine-Saint-Denis;221 Collèges;F_achats_charges_externes;F6 Autres achats et charges externes (60-62);11307301.969999999;2019
Seine-Saint-Denis;221 Collèges;F_charges_financieres;F10 Charges financières (66);8037412.33;2019
Seine-Saint-Denis;221 Collèges;F_interventions;F7 Dotations de fonctionnement aux collèges publics (655111);20214364.0;2019
Seine-Saint-Denis;221 Collèges;F_interventions;F8 Dotations de fonctionnement aux collèges privés (655112);7056898.0;2019
Seine-Saint-Denis;221 Collèges;F_interventions;F9 Autres subventions et participations (65x);1602488.48;2019
Seine-Saint-Denis;221 Collèges;F_personnel;F1 Personnel (621, 631, 633, 64);62695257.58;2019
Seine-Saint-Denis;221 Collèges;I_PPP_remboursement_capital_1675;I0 Remboursement en capital des marchés de partenariat (1675);12088945.67;2019
Seine-Saint-Denis;221 Collèges;I_autres;I7 Autres investissements (13, 26, 27, 45x hors 455, 481);0.0;2019
Seine-Saint-Denis;221 Collèges;I_equipement;I1 Terrains, constructions, rénovations, gros travaux, avances (211-214, 217, 231x, 236-238);56782249.79999999;2019
Seine-Saint-Denis;221 Collèges;I_equipement;I3 Mobilier, informatique, matériel (215x, 218x);5998093.06;2019
Seine-Saint-Denis;221 Collèges;I_equipement;I4 Études, logiciels, incorporels (20 hors 204);2442600.59;2019
Seine-Saint-Denis;221 Collèges;I_equipement;I6 Autres immobilisations (21, 23);32942752.54;2019
Seine-Saint-Denis;221 Collèges;I_subventions_equipement_versees;I5 Subventions d'équipement versées (204, 2324);448903.81;2019
Seine-Saint-Denis;dette 1675 (hors fonction 2);I_PPP_remboursement_capital_1675;I0 Remboursement en capital des marchés de partenariat (1675);0.0;2019
Seine-et-Marne;20 Services communs;F_achats_charges_externes;F4 Contrats de prestations de services (611);23029.99;2019
Seine-et-Marne;20 Services communs;F_achats_charges_externes;F5 Locations et charges locatives (613, 614);15882.76;2019
Seine-et-Marne;20 Services communs;F_achats_charges_externes;F6 Autres achats et charges externes (60-62);16890.0;2019
Seine-et-Marne;20 Services communs;F_personnel;F1 Personnel (621, 631, 633, 64);46259288.97;2019
Seine-et-Marne;21 Premier degré;I_autres;I7 Autres investissements (13, 26, 27, 45x hors 455, 481);0.0;2019
Seine-et-Marne;21 Premier degré;I_subventions_equipement_versees;I5 Subventions d'équipement versées (204, 2324);106418.13;2019
Seine-et-Marne;221 Collèges;F_achats_charges_externes;F2 Énergie et eau (60611-60613, 60621-60622);7874806.67;2019
Seine-et-Marne;221 Collèges;F_achats_charges_externes;F3 Entretien, réparations, maintenance, nettoyage (6152x, 6155, 6156, 6283);6462909.51;2019
Seine-et-Marne;221 Collèges;F_achats_charges_externes;F4 Contrats de prestations de services (611);328865.01;2019
Seine-et-Marne;221 Collèges;F_achats_charges_externes;F5 Locations et charges locatives (613, 614);809960.05;2019
Seine-et-Marne;221 Collèges;F_achats_charges_externes;F6 Autres achats et charges externes (60-62);588577.23;2019
Seine-et-Marne;221 Collèges;F_autres;F11 Autres charges de fonctionnement;6855.02;2019
Seine-et-Marne;221 Collèges;F_interventions;F7 Dotations de fonctionnement aux collèges publics (655111);12758691.57;2019
Seine-et-Marne;221 Collèges;F_interventions;F8 Dotations de fonctionnement aux collèges privés (655112);5865876.9;2019
Seine-et-Marne;221 Collèges;F_interventions;F9 Autres subventions et participations (65x);512393.83999999997;2019
Seine-et-Marne;221 Collèges;I_autres;I7 Autres investissements (13, 26, 27, 45x hors 455, 481);0.0;2019
Seine-et-Marne;221 Collèges;I_equipement;I1 Terrains, constructions, rénovations, gros travaux, avances (211-214, 217, 231x, 236-238);68648218.82000001;2019
Seine-et-Marne;221 Collèges;I_equipement;I3 Mobilier, informatique, matériel (215x, 218x);6058922.82;2019
Seine-et-Marne;221 Collèges;I_equipement;I4 Études, logiciels, incorporels (20 hors 204);6105130.720000001;2019
Seine-et-Marne;221 Collèges;I_subventions_equipement_versees;I5 Subventions d'équipement versées (204, 2324);592293.25;2019
Seine-et-Marne;23-27 Hors scolaire;I_subventions_equipement_versees;I5 Subventions d'équipement versées (204, 2324);70000.0;2019
Seine-et-Marne;28 Services annexes;F_achats_charges_externes;F4 Contrats de prestations de services (611);1268446.79;2019
Seine-et-Marne;28 Services annexes;F_achats_charges_externes;F6 Autres achats et charges externes (60-62);6878.02;2019
Seine-et-Marne;28 Services annexes;F_interventions;F9 Autres subventions et participations (65x);102240.0;2019
Val-d'Oise;20 Services communs;F_achats_charges_externes;F6 Autres achats et charges externes (60-62);27822.670000000002;2019
Val-d'Oise;20 Services communs;F_personnel;F1 Personnel (621, 631, 633, 64);37681114.92;2019
Val-d'Oise;21 Premier degré;I_subventions_equipement_versees;I5 Subventions d'équipement versées (204, 2324);6973498.43;2019
Val-d'Oise;221 Collèges;F_achats_charges_externes;F2 Énergie et eau (60611-60613, 60621-60622);3336176.2;2019
Val-d'Oise;221 Collèges;F_achats_charges_externes;F3 Entretien, réparations, maintenance, nettoyage (6152x, 6155, 6156, 6283);8131352.0600000005;2019
Val-d'Oise;221 Collèges;F_achats_charges_externes;F5 Locations et charges locatives (613, 614);16188.24;2019
Val-d'Oise;221 Collèges;F_achats_charges_externes;F6 Autres achats et charges externes (60-62);4441305.29;2019
Val-d'Oise;221 Collèges;F_interventions;F7 Dotations de fonctionnement aux collèges publics (655111);16884383.15;2019
Val-d'Oise;221 Collèges;F_interventions;F8 Dotations de fonctionnement aux collèges privés (655112);8255310.84;2019
Val-d'Oise;221 Collèges;F_interventions;F9 Autres subventions et participations (65x);1447326.1;2019
Val-d'Oise;221 Collèges;I_autres;I7 Autres investissements (13, 26, 27, 45x hors 455, 481);0.0;2019
Val-d'Oise;221 Collèges;I_equipement;I1 Terrains, constructions, rénovations, gros travaux, avances (211-214, 217, 231x, 236-238);38702324.45;2019
Val-d'Oise;221 Collèges;I_equipement;I3 Mobilier, informatique, matériel (215x, 218x);3446882.09;2019
Val-d'Oise;221 Collèges;I_equipement;I4 Études, logiciels, incorporels (20 hors 204);95621.23000000001;2019
Val-d'Oise;221 Collèges;I_subventions_equipement_versees;I5 Subventions d'équipement versées (204, 2324);100242.3;2019
Val-d'Oise;23-27 Hors scolaire;F_achats_charges_externes;F3 Entretien, réparations, maintenance, nettoyage (6152x, 6155, 6156, 6283);27748.5;2019
Val-d'Oise;23-27 Hors scolaire;F_achats_charges_externes;F6 Autres achats et charges externes (60-62);78396.4;2019
Val-d'Oise;23-27 Hors scolaire;F_interventions;F9 Autres subventions et participations (65x);90000.0;2019
Val-d'Oise;23-27 Hors scolaire;I_equipement;I1 Terrains, constructions, rénovations, gros travaux, avances (211-214, 217, 231x, 236-238);6683104.72;2019
Val-d'Oise;23-27 Hors scolaire;I_equipement;I3 Mobilier, informatique, matériel (215x, 218x);582627.54;2019
Val-d'Oise;23-27 Hors scolaire;I_subventions_equipement_versees;I5 Subventions d'équipement versées (204, 2324);7130000.0;2019
Val-d'Oise;28 Services annexes;F_achats_charges_externes;F3 Entretien, réparations, maintenance, nettoyage (6152x, 6155, 6156, 6283);4924.8;2019
Val-d'Oise;28 Services annexes;F_achats_charges_externes;F6 Autres achats et charges externes (60-62);388811.42000000004;2019
Val-d'Oise;28 Services annexes;F_interventions;F9 Autres subventions et participations (65x);832780.0;2019
Val-d'Oise;28 Services annexes;I_equipement;I1 Terrains, constructions, rénovations, gros travaux, avances (211-214, 217, 231x, 236-238);180961.27;2019
Val-d'Oise;28 Services annexes;I_equipement;I3 Mobilier, informatique, matériel (215x, 218x);6240.0;2019
Val-d'Oise;28 Services annexes;I_equipement;I4 Études, logiciels, incorporels (20 hors 204);98722.8;2019
Val-de-Marne;20 Services communs;F_achats_charges_externes;F6 Autres achats et charges externes (60-62);50775.01;2019
Val-de-Marne;20 Services communs;F_personnel;F1 Personnel (621, 631, 633, 64);2636585.9;2019
Val-de-Marne;21 Premier degré;F_interventions;F9 Autres subventions et participations (65x);30332.0;2019
Val-de-Marne;221 Collèges;F_achats_charges_externes;F3 Entretien, réparations, maintenance, nettoyage (6152x, 6155, 6156, 6283);5295582.41;2019
Val-de-Marne;221 Collèges;F_achats_charges_externes;F5 Locations et charges locatives (613, 614);18157.02;2019
Val-de-Marne;221 Collèges;F_achats_charges_externes;F6 Autres achats et charges externes (60-62);834983.2;2019
Val-de-Marne;221 Collèges;F_autres;F11 Autres charges de fonctionnement;26304.38;2019
Val-de-Marne;221 Collèges;F_interventions;F7 Dotations de fonctionnement aux collèges publics (655111);14393634.0;2019
Val-de-Marne;221 Collèges;F_interventions;F8 Dotations de fonctionnement aux collèges privés (655112);7353009.12;2019
Val-de-Marne;221 Collèges;F_interventions;F9 Autres subventions et participations (65x);3952264.17;2019
Val-de-Marne;221 Collèges;F_personnel;F1 Personnel (621, 631, 633, 64);34748440.41;2019
Val-de-Marne;221 Collèges;I_autres;I7 Autres investissements (13, 26, 27, 45x hors 455, 481);0.0;2019
Val-de-Marne;221 Collèges;I_equipement;I1 Terrains, constructions, rénovations, gros travaux, avances (211-214, 217, 231x, 236-238);52222276.87;2019
Val-de-Marne;221 Collèges;I_equipement;I3 Mobilier, informatique, matériel (215x, 218x);10840190.91;2019
Val-de-Marne;221 Collèges;I_equipement;I4 Études, logiciels, incorporels (20 hors 204);818186.48;2019
Val-de-Marne;221 Collèges;I_subventions_equipement_versees;I5 Subventions d'équipement versées (204, 2324);266772.94;2019
Val-de-Marne;23-27 Hors scolaire;F_achats_charges_externes;F6 Autres achats et charges externes (60-62);4336.84;2019
Val-de-Marne;23-27 Hors scolaire;F_autres;F11 Autres charges de fonctionnement;22500.0;2019
Val-de-Marne;23-27 Hors scolaire;F_interventions;F9 Autres subventions et participations (65x);110000.0;2019
Val-de-Marne;23-27 Hors scolaire;I_subventions_equipement_versees;I5 Subventions d'équipement versées (204, 2324);1150000.0;2019
Val-de-Marne;28 Services annexes;F_achats_charges_externes;F3 Entretien, réparations, maintenance, nettoyage (6152x, 6155, 6156, 6283);32672.52;2019
Val-de-Marne;28 Services annexes;F_achats_charges_externes;F6 Autres achats et charges externes (60-62);9075.0;2019
Val-de-Marne;28 Services annexes;F_interventions;F9 Autres subventions et participations (65x);77461.0;2019
Val-de-Marne;28 Services annexes;I_equipement;I1 Terrains, constructions, rénovations, gros travaux, avances (211-214, 217, 231x, 236-238);10861.16;2019
Yvelines;20 Services communs;F_personnel;F1 Personnel (621, 631, 633, 64);29983643.04;2019
Yvelines;21 Premier degré;F_achats_charges_externes;F6 Autres achats et charges externes (60-62);68833.34;2019
Yvelines;21 Premier degré;F_interventions;F9 Autres subventions et participations (65x);162280.0;2019
Yvelines;21 Premier degré;I_equipement;I6 Autres immobilisations (21, 23);5000.0;2019
Yvelines;221 Collèges;F_achats_charges_externes;F2 Énergie et eau (60611-60613, 60621-60622);8045380.07;2019
Yvelines;221 Collèges;F_achats_charges_externes;F3 Entretien, réparations, maintenance, nettoyage (6152x, 6155, 6156, 6283);4021611.22;2019
Yvelines;221 Collèges;F_achats_charges_externes;F6 Autres achats et charges externes (60-62);820272.47;2019
Yvelines;221 Collèges;F_autres;F11 Autres charges de fonctionnement;131115.18;2019
Yvelines;221 Collèges;F_autres;F9 Autres subventions et participations (65x);36097752.0;2019
Yvelines;221 Collèges;F_interventions;F7 Dotations de fonctionnement aux collèges publics (655111);6721971.0;2019
Yvelines;221 Collèges;F_interventions;F8 Dotations de fonctionnement aux collèges privés (655112);7587856.0;2019
Yvelines;221 Collèges;F_interventions;F9 Autres subventions et participations (65x);400771.0;2019
Yvelines;221 Collèges;I_autres;I7 Autres investissements (13, 26, 27, 45x hors 455, 481);0.0;2019
Yvelines;221 Collèges;I_equipement;I1 Terrains, constructions, rénovations, gros travaux, avances (211-214, 217, 231x, 236-238);56157434.199999996;2019
Yvelines;221 Collèges;I_equipement;I3 Mobilier, informatique, matériel (215x, 218x);80344.29;2019
Yvelines;221 Collèges;I_equipement;I4 Études, logiciels, incorporels (20 hors 204);354039.94;2019
Yvelines;221 Collèges;I_subventions_equipement_versees;I5 Subventions d'équipement versées (204, 2324);5529703.49;2019
Yvelines;222-224 Lycées;F_interventions;F7 Dotations de fonctionnement aux collèges publics (655111);549860.0;2019
Yvelines;222-224 Lycées;F_interventions;F9 Autres subventions et participations (65x);4000.0;2019
Yvelines;222-224 Lycées;I_subventions_equipement_versees;I5 Subventions d'équipement versées (204, 2324);693440.0;2019
Yvelines;23-27 Hors scolaire;F_achats_charges_externes;F6 Autres achats et charges externes (60-62);9817.58;2019
Yvelines;23-27 Hors scolaire;I_equipement;I1 Terrains, constructions, rénovations, gros travaux, avances (211-214, 217, 231x, 236-238);56928.72;2019
Yvelines;23-27 Hors scolaire;I_equipement;I4 Études, logiciels, incorporels (20 hors 204);6790.8;2019
Yvelines;23-27 Hors scolaire;I_subventions_equipement_versees;I5 Subventions d'équipement versées (204, 2324);800000.0;2019
Yvelines;28 Services annexes;F_achats_charges_externes;F2 Énergie et eau (60611-60613, 60621-60622);10000.0;2019
Yvelines;28 Services annexes;F_achats_charges_externes;F3 Entretien, réparations, maintenance, nettoyage (6152x, 6155, 6156, 6283);7438.51;2019
Yvelines;28 Services annexes;F_achats_charges_externes;F6 Autres achats et charges externes (60-62);6726.8099999999995;2019
Yvelines;28 Services annexes;F_autres;F11 Autres charges de fonctionnement;1059.02;2019
Yvelines;28 Services annexes;F_interventions;F9 Autres subventions et participations (65x);26827.0;2019
Yvelines;28 Services annexes;I_equipement;I3 Mobilier, informatique, matériel (215x, 218x);122.4;2019
France (départements, Paris, ML, CTU);221 Collèges;F_achats_charges_externes;F2 Énergie et eau (60611-60613, 60621-60622);72347550.64999999;2019
France (départements, Paris, ML, CTU);221 Collèges;F_achats_charges_externes;F3 Entretien, réparations, maintenance, nettoyage (6152x, 6155, 6156, 6283);118233865.58000001;2019
France (départements, Paris, ML, CTU);221 Collèges;F_achats_charges_externes;F4 Contrats de prestations de services (611);18953668.26;2019
France (départements, Paris, ML, CTU);221 Collèges;F_achats_charges_externes;F5 Locations et charges locatives (613, 614);16381309.690000001;2019
France (départements, Paris, ML, CTU);221 Collèges;F_achats_charges_externes;F6 Autres achats et charges externes (60-62);103103404.78;2019
France (départements, Paris, ML, CTU);221 Collèges;F_autres;F11 Autres charges de fonctionnement;2198245.84;2019
France (départements, Paris, ML, CTU);221 Collèges;F_autres;F9 Autres subventions et participations (65x);57983711.29;2019
France (départements, Paris, ML, CTU);221 Collèges;F_charges_financieres;F10 Charges financières (66);16962014.61;2019
France (départements, Paris, ML, CTU);221 Collèges;F_interventions;F7 Dotations de fonctionnement aux collèges publics (655111);593630184.9599999;2019
France (départements, Paris, ML, CTU);221 Collèges;F_interventions;F8 Dotations de fonctionnement aux collèges privés (655112);401046505.17;2019
France (départements, Paris, ML, CTU);221 Collèges;F_interventions;F9 Autres subventions et participations (65x);92101055.35;2019
France (départements, Paris, ML, CTU);221 Collèges;F_personnel;F1 Personnel (621, 631, 633, 64);1093377521.84;2019
France (départements, Paris, ML, CTU);221 Collèges;I_PPP_remboursement_capital_1675;I0 Remboursement en capital des marchés de partenariat (1675);24640754.96;2019
France (départements, Paris, ML, CTU);221 Collèges;I_autres;I2 Opérations sous mandat des EPLE (455);921602.04;2019
France (départements, Paris, ML, CTU);221 Collèges;I_autres;I7 Autres investissements (13, 26, 27, 45x hors 455, 481);2431120.3400000003;2019
France (départements, Paris, ML, CTU);221 Collèges;I_equipement;I1 Terrains, constructions, rénovations, gros travaux, avances (211-214, 217, 231x, 236-238);1640850850.22;2019
France (départements, Paris, ML, CTU);221 Collèges;I_equipement;I3 Mobilier, informatique, matériel (215x, 218x);230376412.95;2019
France (départements, Paris, ML, CTU);221 Collèges;I_equipement;I4 Études, logiciels, incorporels (20 hors 204);62740286.36;2019
France (départements, Paris, ML, CTU);221 Collèges;I_equipement;I6 Autres immobilisations (21, 23);37454206.67999999;2019
France (départements, Paris, ML, CTU);221 Collèges;I_subventions_equipement_versees;I5 Subventions d'équipement versées (204, 2324);96709086.73;2019
France catégorie CTU;221 Collèges;F_achats_charges_externes;F3 Entretien, réparations, maintenance, nettoyage (6152x, 6155, 6156, 6283);722820.57;2019
France catégorie CTU;221 Collèges;F_achats_charges_externes;F4 Contrats de prestations de services (611);111383.0;2019
France catégorie CTU;221 Collèges;F_achats_charges_externes;F5 Locations et charges locatives (613, 614);401450.7;2019
France catégorie CTU;221 Collèges;F_achats_charges_externes;F6 Autres achats et charges externes (60-62);95659.94;2019
France catégorie CTU;221 Collèges;F_interventions;F7 Dotations de fonctionnement aux collèges publics (655111);15543029.59;2019
France catégorie CTU;221 Collèges;F_interventions;F8 Dotations de fonctionnement aux collèges privés (655112);3268314.3;2019
France catégorie CTU;221 Collèges;F_interventions;F9 Autres subventions et participations (65x);943386.24;2019
France catégorie CTU;221 Collèges;F_personnel;F1 Personnel (621, 631, 633, 64);20217822.19;2019
France catégorie CTU;221 Collèges;I_autres;I7 Autres investissements (13, 26, 27, 45x hors 455, 481);0.0;2019
France catégorie CTU;221 Collèges;I_equipement;I1 Terrains, constructions, rénovations, gros travaux, avances (211-214, 217, 231x, 236-238);24520762.26;2019
France catégorie CTU;221 Collèges;I_equipement;I3 Mobilier, informatique, matériel (215x, 218x);1903911.2999999998;2019
France catégorie CTU;221 Collèges;I_equipement;I4 Études, logiciels, incorporels (20 hors 204);1591224.8800000001;2019
France catégorie CTU;221 Collèges;I_subventions_equipement_versees;I5 Subventions d'équipement versées (204, 2324);3071306.18;2019
France catégorie DEPT;221 Collèges;F_achats_charges_externes;F2 Énergie et eau (60611-60613, 60621-60622);72209713.63;2019
France catégorie DEPT;221 Collèges;F_achats_charges_externes;F3 Entretien, réparations, maintenance, nettoyage (6152x, 6155, 6156, 6283);111689149.99000001;2019
France catégorie DEPT;221 Collèges;F_achats_charges_externes;F4 Contrats de prestations de services (611);18254830.98;2019
France catégorie DEPT;221 Collèges;F_achats_charges_externes;F5 Locations et charges locatives (613, 614);15276591.040000001;2019
France catégorie DEPT;221 Collèges;F_achats_charges_externes;F6 Autres achats et charges externes (60-62);100478602.89;2019
France catégorie DEPT;221 Collèges;F_autres;F11 Autres charges de fonctionnement;2179932.24;2019
France catégorie DEPT;221 Collèges;F_autres;F9 Autres subventions et participations (65x);54025994.83;2019
France catégorie DEPT;221 Collèges;F_charges_financieres;F10 Charges financières (66);16962014.61;2019
France catégorie DEPT;221 Collèges;F_interventions;F7 Dotations de fonctionnement aux collèges publics (655111);550392174.9399999;2019
France catégorie DEPT;221 Collèges;F_interventions;F8 Dotations de fonctionnement aux collèges privés (655112);365498515.26;2019
France catégorie DEPT;221 Collèges;F_interventions;F9 Autres subventions et participations (65x);89886653.47999999;2019
France catégorie DEPT;221 Collèges;F_personnel;F1 Personnel (621, 631, 633, 64);1043346273.3000001;2019
France catégorie DEPT;221 Collèges;I_PPP_remboursement_capital_1675;I0 Remboursement en capital des marchés de partenariat (1675);24640754.96;2019
France catégorie DEPT;221 Collèges;I_autres;I2 Opérations sous mandat des EPLE (455);921602.04;2019
France catégorie DEPT;221 Collèges;I_autres;I7 Autres investissements (13, 26, 27, 45x hors 455, 481);2431120.3400000003;2019
France catégorie DEPT;221 Collèges;I_equipement;I1 Terrains, constructions, rénovations, gros travaux, avances (211-214, 217, 231x, 236-238);1532948985.52;2019
France catégorie DEPT;221 Collèges;I_equipement;I3 Mobilier, informatique, matériel (215x, 218x);222822928.56;2019
France catégorie DEPT;221 Collèges;I_equipement;I4 Études, logiciels, incorporels (20 hors 204);59626749.25;2019
France catégorie DEPT;221 Collèges;I_equipement;I6 Autres immobilisations (21, 23);37426629.989999995;2019
France catégorie DEPT;221 Collèges;I_subventions_equipement_versees;I5 Subventions d'équipement versées (204, 2324);88684718.49000001;2019
France catégorie ML;221 Collèges;F_achats_charges_externes;F2 Énergie et eau (60611-60613, 60621-60622);137837.02000000002;2019
France catégorie ML;221 Collèges;F_achats_charges_externes;F3 Entretien, réparations, maintenance, nettoyage (6152x, 6155, 6156, 6283);3513345.47;2019
France catégorie ML;221 Collèges;F_achats_charges_externes;F4 Contrats de prestations de services (611);587454.28;2019
France catégorie ML;221 Collèges;F_achats_charges_externes;F5 Locations et charges locatives (613, 614);703267.95;2019
France catégorie ML;221 Collèges;F_achats_charges_externes;F6 Autres achats et charges externes (60-62);1071430.03;2019
France catégorie ML;221 Collèges;F_autres;F11 Autres charges de fonctionnement;18313.6;2019
France catégorie ML;221 Collèges;F_autres;F9 Autres subventions et participations (65x);3957716.46;2019
France catégorie ML;221 Collèges;F_interventions;F7 Dotations de fonctionnement aux collèges publics (655111);11996761.43;2019
France catégorie ML;221 Collèges;F_interventions;F8 Dotations de fonctionnement aux collèges privés (655112);10075747.3;2019
France catégorie ML;221 Collèges;F_interventions;F9 Autres subventions et participations (65x);955695.63;2019
France catégorie ML;221 Collèges;F_personnel;F1 Personnel (621, 631, 633, 64);1384217.44;2019
France catégorie ML;221 Collèges;I_autres;I7 Autres investissements (13, 26, 27, 45x hors 455, 481);0.0;2019
France catégorie ML;221 Collèges;I_equipement;I1 Terrains, constructions, rénovations, gros travaux, avances (211-214, 217, 231x, 236-238);51579579.09;2019
France catégorie ML;221 Collèges;I_equipement;I3 Mobilier, informatique, matériel (215x, 218x);5180967.35;2019
France catégorie ML;221 Collèges;I_equipement;I4 Études, logiciels, incorporels (20 hors 204);728865.49;2019
France catégorie ML;221 Collèges;I_subventions_equipement_versees;I5 Subventions d'équipement versées (204, 2324);1535375.0599999998;2019
France catégorie PARIS;221 Collèges;F_achats_charges_externes;F3 Entretien, réparations, maintenance, nettoyage (6152x, 6155, 6156, 6283);2308549.55;2019
France catégorie PARIS;221 Collèges;F_achats_charges_externes;F6 Autres achats et charges externes (60-62);1457711.92;2019
France catégorie PARIS;221 Collèges;F_interventions;F7 Dotations de fonctionnement aux collèges publics (655111);15698219.0;2019
France catégorie PARIS;221 Collèges;F_interventions;F8 Dotations de fonctionnement aux collèges privés (655112);22203928.31;2019
France catégorie PARIS;221 Collèges;F_interventions;F9 Autres subventions et participations (65x);315320.0;2019
France catégorie PARIS;221 Collèges;F_personnel;F1 Personnel (621, 631, 633, 64);28429208.91;2019
France catégorie PARIS;221 Collèges;I_autres;I7 Autres investissements (13, 26, 27, 45x hors 455, 481);0.0;2019
France catégorie PARIS;221 Collèges;I_equipement;I1 Terrains, constructions, rénovations, gros travaux, avances (211-214, 217, 231x, 236-238);31801523.35;2019
France catégorie PARIS;221 Collèges;I_equipement;I3 Mobilier, informatique, matériel (215x, 218x);468605.74;2019
France catégorie PARIS;221 Collèges;I_equipement;I4 Études, logiciels, incorporels (20 hors 204);793446.74;2019
France catégorie PARIS;221 Collèges;I_equipement;I6 Autres immobilisations (21, 23);27576.69;2019
France catégorie PARIS;221 Collèges;I_subventions_equipement_versees;I5 Subventions d'équipement versées (204, 2324);3417687.0;2019
Essonne;21 Premier degré;I_subventions_equipement_versees;I5 Subventions d'équipement versées (204, 2324);4710478.0;2020
Essonne;221 Collèges;F_achats_charges_externes;F2 Énergie et eau (60611-60613, 60621-60622);7231656.42;2020
Essonne;221 Collèges;F_achats_charges_externes;F3 Entretien, réparations, maintenance, nettoyage (6152x, 6155, 6156, 6283);3958872.46;2020
Essonne;221 Collèges;F_achats_charges_externes;F5 Locations et charges locatives (613, 614);17455.35;2020
Essonne;221 Collèges;F_achats_charges_externes;F6 Autres achats et charges externes (60-62);5622247.7299999995;2020
Essonne;221 Collèges;F_autres;F11 Autres charges de fonctionnement;236987.52;2020
Essonne;221 Collèges;F_autres;F9 Autres subventions et participations (65x);3478812.76;2020
Essonne;221 Collèges;F_interventions;F7 Dotations de fonctionnement aux collèges publics (655111);7979795.68;2020
Essonne;221 Collèges;F_interventions;F8 Dotations de fonctionnement aux collèges privés (655112);6196354.9;2020
Essonne;221 Collèges;F_interventions;F9 Autres subventions et participations (65x);3050120.5999999996;2020
Essonne;221 Collèges;F_personnel;F1 Personnel (621, 631, 633, 64);42752716.4;2020
Essonne;221 Collèges;I_autres;I7 Autres investissements (13, 26, 27, 45x hors 455, 481);0.0;2020
Essonne;221 Collèges;I_equipement;I1 Terrains, constructions, rénovations, gros travaux, avances (211-214, 217, 231x, 236-238);43631553.54;2020
Essonne;221 Collèges;I_equipement;I3 Mobilier, informatique, matériel (215x, 218x);9920313.370000001;2020
Essonne;221 Collèges;I_equipement;I4 Études, logiciels, incorporels (20 hors 204);1348409.76;2020
Essonne;221 Collèges;I_subventions_equipement_versees;I5 Subventions d'équipement versées (204, 2324);587962.98;2020
Essonne;23-27 Hors scolaire;I_subventions_equipement_versees;I5 Subventions d'équipement versées (204, 2324);259428.5;2020
Essonne;28 Services annexes;F_achats_charges_externes;F2 Énergie et eau (60611-60613, 60621-60622);11374.73;2020
Essonne;28 Services annexes;F_achats_charges_externes;F3 Entretien, réparations, maintenance, nettoyage (6152x, 6155, 6156, 6283);4430.61;2020
Essonne;28 Services annexes;F_achats_charges_externes;F5 Locations et charges locatives (613, 614);26342.18;2020
Essonne;28 Services annexes;F_autres;F11 Autres charges de fonctionnement;42.25;2020
Essonne;28 Services annexes;I_subventions_equipement_versees;I5 Subventions d'équipement versées (204, 2324);723262.0;2020
Hauts-de-Seine;20 Services communs;F_achats_charges_externes;F6 Autres achats et charges externes (60-62);149212.76;2020
Hauts-de-Seine;20 Services communs;F_personnel;F1 Personnel (621, 631, 633, 64);3724994.62;2020
Hauts-de-Seine;21 Premier degré;F_achats_charges_externes;F2 Énergie et eau (60611-60613, 60621-60622);582651.31;2020
Hauts-de-Seine;21 Premier degré;F_achats_charges_externes;F3 Entretien, réparations, maintenance, nettoyage (6152x, 6155, 6156, 6283);3399.06;2020
Hauts-de-Seine;21 Premier degré;F_personnel;F1 Personnel (621, 631, 633, 64);201565.21;2020
Hauts-de-Seine;221 Collèges;F_achats_charges_externes;F2 Énergie et eau (60611-60613, 60621-60622);7084124.15;2020
Hauts-de-Seine;221 Collèges;F_achats_charges_externes;F3 Entretien, réparations, maintenance, nettoyage (6152x, 6155, 6156, 6283);4466570.65;2020
Hauts-de-Seine;221 Collèges;F_achats_charges_externes;F4 Contrats de prestations de services (611);938458.6;2020
Hauts-de-Seine;221 Collèges;F_achats_charges_externes;F5 Locations et charges locatives (613, 614);261617.65;2020
Hauts-de-Seine;221 Collèges;F_achats_charges_externes;F6 Autres achats et charges externes (60-62);14177944.580000002;2020
Hauts-de-Seine;221 Collèges;F_autres;F11 Autres charges de fonctionnement;15412.48;2020
Hauts-de-Seine;221 Collèges;F_autres;F9 Autres subventions et participations (65x);9178.1;2020
Hauts-de-Seine;221 Collèges;F_charges_financieres;F10 Charges financières (66);719878.22;2020
Hauts-de-Seine;221 Collèges;F_interventions;F7 Dotations de fonctionnement aux collèges publics (655111);10013786.85;2020
Hauts-de-Seine;221 Collèges;F_interventions;F8 Dotations de fonctionnement aux collèges privés (655112);9869926.36;2020
Hauts-de-Seine;221 Collèges;F_interventions;F9 Autres subventions et participations (65x);4332108.18;2020
Hauts-de-Seine;221 Collèges;F_personnel;F1 Personnel (621, 631, 633, 64);33491614.07;2020
Hauts-de-Seine;221 Collèges;I_PPP_remboursement_capital_1675;I0 Remboursement en capital des marchés de partenariat (1675);2490971.65;2020
Hauts-de-Seine;221 Collèges;I_autres;I7 Autres investissements (13, 26, 27, 45x hors 455, 481);0.0;2020
Hauts-de-Seine;221 Collèges;I_equipement;I1 Terrains, constructions, rénovations, gros travaux, avances (211-214, 217, 231x, 236-238);56893935.58;2020
Hauts-de-Seine;221 Collèges;I_equipement;I3 Mobilier, informatique, matériel (215x, 218x);8175324.05;2020
Hauts-de-Seine;221 Collèges;I_equipement;I4 Études, logiciels, incorporels (20 hors 204);1848968.55;2020
Hauts-de-Seine;221 Collèges;I_subventions_equipement_versees;I5 Subventions d'équipement versées (204, 2324);4083.0;2020
Hauts-de-Seine;23-27 Hors scolaire;F_achats_charges_externes;F2 Énergie et eau (60611-60613, 60621-60622);1603831.06;2020
Hauts-de-Seine;23-27 Hors scolaire;F_achats_charges_externes;F3 Entretien, réparations, maintenance, nettoyage (6152x, 6155, 6156, 6283);1576654.85;2020
Hauts-de-Seine;23-27 Hors scolaire;F_achats_charges_externes;F5 Locations et charges locatives (613, 614);1662.8;2020
Hauts-de-Seine;23-27 Hors scolaire;F_achats_charges_externes;F6 Autres achats et charges externes (60-62);1283913.6700000002;2020
Hauts-de-Seine;23-27 Hors scolaire;F_autres;F11 Autres charges de fonctionnement;70913.45;2020
Hauts-de-Seine;23-27 Hors scolaire;F_interventions;F9 Autres subventions et participations (65x);6000.0;2020
Hauts-de-Seine;23-27 Hors scolaire;I_equipement;I1 Terrains, constructions, rénovations, gros travaux, avances (211-214, 217, 231x, 236-238);411134.0;2020
Hauts-de-Seine;23-27 Hors scolaire;I_equipement;I3 Mobilier, informatique, matériel (215x, 218x);42976.42;2020
Hauts-de-Seine;28 Services annexes;F_achats_charges_externes;F3 Entretien, réparations, maintenance, nettoyage (6152x, 6155, 6156, 6283);251124.25;2020
Hauts-de-Seine;28 Services annexes;F_achats_charges_externes;F5 Locations et charges locatives (613, 614);17711.289999999997;2020
Hauts-de-Seine;28 Services annexes;F_achats_charges_externes;F6 Autres achats et charges externes (60-62);65705.76;2020
Hauts-de-Seine;28 Services annexes;F_interventions;F9 Autres subventions et participations (65x);441292.0;2020
Hauts-de-Seine;28 Services annexes;F_personnel;F1 Personnel (621, 631, 633, 64);3914433.8;2020
Hauts-de-Seine;dette 1675 (hors fonction 2);I_PPP_remboursement_capital_1675;I0 Remboursement en capital des marchés de partenariat (1675);5440817.69;2020
Paris;20 Services communs;F_achats_charges_externes;F2 Énergie et eau (60611-60613, 60621-60622);30440.75;2020
Paris;20 Services communs;F_achats_charges_externes;F3 Entretien, réparations, maintenance, nettoyage (6152x, 6155, 6156, 6283);28912.71;2020
Paris;20 Services communs;F_achats_charges_externes;F4 Contrats de prestations de services (611);163777.29;2020
Paris;20 Services communs;F_achats_charges_externes;F5 Locations et charges locatives (613, 614);441564.15;2020
Paris;20 Services communs;F_achats_charges_externes;F6 Autres achats et charges externes (60-62);318763.24;2020
Paris;20 Services communs;F_autres;F9 Autres subventions et participations (65x);63089.54;2020
Paris;20 Services communs;F_interventions;F9 Autres subventions et participations (65x);124040.63;2020
Paris;20 Services communs;F_personnel;F1 Personnel (621, 631, 633, 64);61290170.67;2020
Paris;20 Services communs;I_equipement;I1 Terrains, constructions, rénovations, gros travaux, avances (211-214, 217, 231x, 236-238);1084437.43;2020
Paris;20 Services communs;I_equipement;I3 Mobilier, informatique, matériel (215x, 218x);1754531.81;2020
Paris;20 Services communs;I_equipement;I4 Études, logiciels, incorporels (20 hors 204);3303.12;2020
Paris;20 Services communs;I_subventions_equipement_versees;I5 Subventions d'équipement versées (204, 2324);731629.0;2020
Paris;21 Premier degré;F_achats_charges_externes;F3 Entretien, réparations, maintenance, nettoyage (6152x, 6155, 6156, 6283);8925538.01;2020
Paris;21 Premier degré;F_achats_charges_externes;F4 Contrats de prestations de services (611);1591298.61;2020
Paris;21 Premier degré;F_achats_charges_externes;F5 Locations et charges locatives (613, 614);1430749.1400000001;2020
Paris;21 Premier degré;F_achats_charges_externes;F6 Autres achats et charges externes (60-62);3191994.6;2020
Paris;21 Premier degré;F_autres;F11 Autres charges de fonctionnement;1945172.5300000003;2020
Paris;21 Premier degré;F_autres;F9 Autres subventions et participations (65x);24381.35;2020
Paris;21 Premier degré;F_interventions;F9 Autres subventions et participations (65x);36853886.46000001;2020
Paris;21 Premier degré;F_personnel;F1 Personnel (621, 631, 633, 64);373538845.74;2020
Paris;21 Premier degré;I_autres;I7 Autres investissements (13, 26, 27, 45x hors 455, 481);0.0;2020
Paris;21 Premier degré;I_equipement;I1 Terrains, constructions, rénovations, gros travaux, avances (211-214, 217, 231x, 236-238);48480208.32000001;2020
Paris;21 Premier degré;I_equipement;I3 Mobilier, informatique, matériel (215x, 218x);5262919.62;2020
Paris;21 Premier degré;I_equipement;I4 Études, logiciels, incorporels (20 hors 204);4047032.6;2020
Paris;21 Premier degré;I_equipement;I6 Autres immobilisations (21, 23);794659.93;2020
Paris;221 Collèges;F_achats_charges_externes;F3 Entretien, réparations, maintenance, nettoyage (6152x, 6155, 6156, 6283);3191178.0199999996;2020
Paris;221 Collèges;F_achats_charges_externes;F4 Contrats de prestations de services (611);7630.32;2020
Paris;221 Collèges;F_achats_charges_externes;F6 Autres achats et charges externes (60-62);1089791.52;2020
Paris;221 Collèges;F_autres;F9 Autres subventions et participations (65x);253732.01;2020
Paris;221 Collèges;F_interventions;F7 Dotations de fonctionnement aux collèges publics (655111);15277235.0;2020
Paris;221 Collèges;F_interventions;F8 Dotations de fonctionnement aux collèges privés (655112);22453673.56;2020
Paris;221 Collèges;F_interventions;F9 Autres subventions et participations (65x);69763.0;2020
Paris;221 Collèges;F_personnel;F1 Personnel (621, 631, 633, 64);27233955.65;2020
Paris;221 Collèges;I_autres;I7 Autres investissements (13, 26, 27, 45x hors 455, 481);0.0;2020
Paris;221 Collèges;I_equipement;I1 Terrains, constructions, rénovations, gros travaux, avances (211-214, 217, 231x, 236-238);21383096.05;2020
Paris;221 Collèges;I_equipement;I3 Mobilier, informatique, matériel (215x, 218x);292960.78;2020
Paris;221 Collèges;I_equipement;I4 Études, logiciels, incorporels (20 hors 204);405427.83;2020
Paris;221 Collèges;I_subventions_equipement_versees;I5 Subventions d'équipement versées (204, 2324);5904289.0;2020
Paris;222-224 Lycées;F_achats_charges_externes;F3 Entretien, réparations, maintenance, nettoyage (6152x, 6155, 6156, 6283);107243.05;2020
Paris;222-224 Lycées;F_achats_charges_externes;F4 Contrats de prestations de services (611);10627.7;2020
Paris;222-224 Lycées;F_achats_charges_externes;F6 Autres achats et charges externes (60-62);187439.4;2020
Paris;222-224 Lycées;F_interventions;F9 Autres subventions et participations (65x);4974621.0;2020
Paris;222-224 Lycées;F_personnel;F1 Personnel (621, 631, 633, 64);3870417.58;2020
Paris;222-224 Lycées;I_autres;I7 Autres investissements (13, 26, 27, 45x hors 455, 481);33103.08;2020
Paris;222-224 Lycées;I_equipement;I1 Terrains, constructions, rénovations, gros travaux, avances (211-214, 217, 231x, 236-238);3693742.31;2020
Paris;222-224 Lycées;I_equipement;I4 Études, logiciels, incorporels (20 hors 204);36533.19;2020
Paris;222-224 Lycées;I_subventions_equipement_versees;I5 Subventions d'équipement versées (204, 2324);942696.0;2020
Paris;23-27 Hors scolaire;F_achats_charges_externes;F2 Énergie et eau (60611-60613, 60621-60622);7503.34;2020
Paris;23-27 Hors scolaire;F_achats_charges_externes;F3 Entretien, réparations, maintenance, nettoyage (6152x, 6155, 6156, 6283);94130.16;2020
Paris;23-27 Hors scolaire;F_achats_charges_externes;F4 Contrats de prestations de services (611);118398.9;2020
Paris;23-27 Hors scolaire;F_achats_charges_externes;F5 Locations et charges locatives (613, 614);262010.31;2020
Paris;23-27 Hors scolaire;F_achats_charges_externes;F6 Autres achats et charges externes (60-62);5367636.25;2020
Paris;23-27 Hors scolaire;F_autres;F9 Autres subventions et participations (65x);30484.0;2020
Paris;23-27 Hors scolaire;F_interventions;F9 Autres subventions et participations (65x);25066100.0;2020
Paris;23-27 Hors scolaire;F_personnel;F1 Personnel (621, 631, 633, 64);25272316.43;2020
Paris;23-27 Hors scolaire;I_equipement;I1 Terrains, constructions, rénovations, gros travaux, avances (211-214, 217, 231x, 236-238);1928213.68;2020
Paris;23-27 Hors scolaire;I_equipement;I3 Mobilier, informatique, matériel (215x, 218x);149009.84999999998;2020
Paris;23-27 Hors scolaire;I_equipement;I4 Études, logiciels, incorporels (20 hors 204);206250.06000000003;2020
Paris;23-27 Hors scolaire;I_subventions_equipement_versees;I5 Subventions d'équipement versées (204, 2324);19372320.0;2020
Paris;24 Cités scolaires;F_autres;F9 Autres subventions et participations (65x);2700000.0;2020
Paris;24 Cités scolaires;F_personnel;F1 Personnel (621, 631, 633, 64);2899579.92;2020
Paris;28 Services annexes;F_achats_charges_externes;F3 Entretien, réparations, maintenance, nettoyage (6152x, 6155, 6156, 6283);1810.45;2020
Paris;28 Services annexes;F_achats_charges_externes;F4 Contrats de prestations de services (611);459529.59;2020
Paris;28 Services annexes;F_achats_charges_externes;F6 Autres achats et charges externes (60-62);13778936.18;2020
Paris;28 Services annexes;F_autres;F9 Autres subventions et participations (65x);23833.41;2020
Paris;28 Services annexes;F_interventions;F7 Dotations de fonctionnement aux collèges publics (655111);2749055.24;2020
Paris;28 Services annexes;F_interventions;F9 Autres subventions et participations (65x);83641590.32;2020
Paris;28 Services annexes;F_personnel;F1 Personnel (621, 631, 633, 64);4701444.72;2020
Paris;28 Services annexes;I_equipement;I1 Terrains, constructions, rénovations, gros travaux, avances (211-214, 217, 231x, 236-238);3777124.44;2020
Paris;28 Services annexes;I_equipement;I3 Mobilier, informatique, matériel (215x, 218x);335551.11;2020
Paris;28 Services annexes;I_equipement;I4 Études, logiciels, incorporels (20 hors 204);707494.81;2020
Paris;dette 1675 (hors fonction 2);I_PPP_remboursement_capital_1675;I0 Remboursement en capital des marchés de partenariat (1675);1985948.71;2020
Seine-Saint-Denis;20 Services communs;F_achats_charges_externes;F6 Autres achats et charges externes (60-62);43593.6;2020
Seine-Saint-Denis;20 Services communs;F_personnel;F1 Personnel (621, 631, 633, 64);1339314.44;2020
Seine-Saint-Denis;221 Collèges;F_achats_charges_externes;F2 Énergie et eau (60611-60613, 60621-60622);3692611.65;2020
Seine-Saint-Denis;221 Collèges;F_achats_charges_externes;F3 Entretien, réparations, maintenance, nettoyage (6152x, 6155, 6156, 6283);5809525.529999999;2020
Seine-Saint-Denis;221 Collèges;F_achats_charges_externes;F4 Contrats de prestations de services (611);1735314.91;2020
Seine-Saint-Denis;221 Collèges;F_achats_charges_externes;F5 Locations et charges locatives (613, 614);257355.43000000002;2020
Seine-Saint-Denis;221 Collèges;F_achats_charges_externes;F6 Autres achats et charges externes (60-62);11999071.62;2020
Seine-Saint-Denis;221 Collèges;F_charges_financieres;F10 Charges financières (66);7899964.8;2020
Seine-Saint-Denis;221 Collèges;F_interventions;F7 Dotations de fonctionnement aux collèges publics (655111);18764398.0;2020
Seine-Saint-Denis;221 Collèges;F_interventions;F8 Dotations de fonctionnement aux collèges privés (655112);7122002.0;2020
Seine-Saint-Denis;221 Collèges;F_interventions;F9 Autres subventions et participations (65x);1611577.65;2020
Seine-Saint-Denis;221 Collèges;F_personnel;F1 Personnel (621, 631, 633, 64);63660286.74;2020
Seine-Saint-Denis;221 Collèges;I_PPP_remboursement_capital_1675;I0 Remboursement en capital des marchés de partenariat (1675);13569222.37;2020
Seine-Saint-Denis;221 Collèges;I_autres;I7 Autres investissements (13, 26, 27, 45x hors 455, 481);0.0;2020
Seine-Saint-Denis;221 Collèges;I_equipement;I1 Terrains, constructions, rénovations, gros travaux, avances (211-214, 217, 231x, 236-238);57645008.300000004;2020
Seine-Saint-Denis;221 Collèges;I_equipement;I3 Mobilier, informatique, matériel (215x, 218x);4436521.39;2020
Seine-Saint-Denis;221 Collèges;I_equipement;I4 Études, logiciels, incorporels (20 hors 204);2881851.3;2020
Seine-Saint-Denis;221 Collèges;I_subventions_equipement_versees;I5 Subventions d'équipement versées (204, 2324);493142.13;2020
Seine-Saint-Denis;222-224 Lycées;F_interventions;F9 Autres subventions et participations (65x);41100.0;2020
Seine-Saint-Denis;28 Services annexes;F_achats_charges_externes;F6 Autres achats et charges externes (60-62);3798.0;2020
Seine-Saint-Denis;dette 1675 (hors fonction 2);I_PPP_remboursement_capital_1675;I0 Remboursement en capital des marchés de partenariat (1675);0.0;2020
Seine-et-Marne;20 Services communs;F_achats_charges_externes;F4 Contrats de prestations de services (611);13140.36;2020
Seine-et-Marne;20 Services communs;F_achats_charges_externes;F5 Locations et charges locatives (613, 614);16100.32;2020
Seine-et-Marne;20 Services communs;F_achats_charges_externes;F6 Autres achats et charges externes (60-62);18223.260000000002;2020
Seine-et-Marne;20 Services communs;F_personnel;F1 Personnel (621, 631, 633, 64);46319454.72;2020
Seine-et-Marne;21 Premier degré;I_subventions_equipement_versees;I5 Subventions d'équipement versées (204, 2324);5126.62;2020
Seine-et-Marne;221 Collèges;F_achats_charges_externes;F2 Énergie et eau (60611-60613, 60621-60622);7878480.0;2020
Seine-et-Marne;221 Collèges;F_achats_charges_externes;F3 Entretien, réparations, maintenance, nettoyage (6152x, 6155, 6156, 6283);6619556.53;2020
Seine-et-Marne;221 Collèges;F_achats_charges_externes;F4 Contrats de prestations de services (611);292570.22;2020
Seine-et-Marne;221 Collèges;F_achats_charges_externes;F5 Locations et charges locatives (613, 614);947504.92;2020
Seine-et-Marne;221 Collèges;F_achats_charges_externes;F6 Autres achats et charges externes (60-62);600498.58;2020
Seine-et-Marne;221 Collèges;F_autres;F11 Autres charges de fonctionnement;6836.39;2020
Seine-et-Marne;221 Collèges;F_interventions;F7 Dotations de fonctionnement aux collèges publics (655111);12360580.22;2020
Seine-et-Marne;221 Collèges;F_interventions;F8 Dotations de fonctionnement aux collèges privés (655112);5845360.46;2020
Seine-et-Marne;221 Collèges;F_interventions;F9 Autres subventions et participations (65x);633595.13;2020
Seine-et-Marne;221 Collèges;I_autres;I7 Autres investissements (13, 26, 27, 45x hors 455, 481);0.0;2020
Seine-et-Marne;221 Collèges;I_equipement;I1 Terrains, constructions, rénovations, gros travaux, avances (211-214, 217, 231x, 236-238);67975369.77;2020
Seine-et-Marne;221 Collèges;I_equipement;I3 Mobilier, informatique, matériel (215x, 218x);6567237.53;2020
Seine-et-Marne;221 Collèges;I_equipement;I4 Études, logiciels, incorporels (20 hors 204);4095847.98;2020
Seine-et-Marne;221 Collèges;I_subventions_equipement_versees;I5 Subventions d'équipement versées (204, 2324);180273.14;2020
Seine-et-Marne;23-27 Hors scolaire;I_autres;I7 Autres investissements (13, 26, 27, 45x hors 455, 481);2500.0;2020
Seine-et-Marne;23-27 Hors scolaire;I_subventions_equipement_versees;I5 Subventions d'équipement versées (204, 2324);51005.9;2020
Seine-et-Marne;28 Services annexes;F_achats_charges_externes;F4 Contrats de prestations de services (611);1307598.0;2020
Seine-et-Marne;28 Services annexes;F_achats_charges_externes;F6 Autres achats et charges externes (60-62);1954.08;2020
Seine-et-Marne;28 Services annexes;F_interventions;F9 Autres subventions et participations (65x);101938.0;2020
Val-d'Oise;20 Services communs;F_achats_charges_externes;F6 Autres achats et charges externes (60-62);29686.76;2020
Val-d'Oise;20 Services communs;F_personnel;F1 Personnel (621, 631, 633, 64);38045184.53;2020
Val-d'Oise;21 Premier degré;I_equipement;I1 Terrains, constructions, rénovations, gros travaux, avances (211-214, 217, 231x, 236-238);0.0;2020
Val-d'Oise;21 Premier degré;I_subventions_equipement_versees;I5 Subventions d'équipement versées (204, 2324);4638442.03;2020
Val-d'Oise;221 Collèges;F_achats_charges_externes;F2 Énergie et eau (60611-60613, 60621-60622);3235989.93;2020
Val-d'Oise;221 Collèges;F_achats_charges_externes;F3 Entretien, réparations, maintenance, nettoyage (6152x, 6155, 6156, 6283);7581659.18;2020
Val-d'Oise;221 Collèges;F_achats_charges_externes;F5 Locations et charges locatives (613, 614);8225.52;2020
Val-d'Oise;221 Collèges;F_achats_charges_externes;F6 Autres achats et charges externes (60-62);3681432.1;2020
Val-d'Oise;221 Collèges;F_autres;F11 Autres charges de fonctionnement;50000.0;2020
Val-d'Oise;221 Collèges;F_autres;F9 Autres subventions et participations (65x);1123.83;2020
Val-d'Oise;221 Collèges;F_interventions;F7 Dotations de fonctionnement aux collèges publics (655111);16189375.29;2020
Val-d'Oise;221 Collèges;F_interventions;F8 Dotations de fonctionnement aux collèges privés (655112);8407364.75;2020
Val-d'Oise;221 Collèges;F_interventions;F9 Autres subventions et participations (65x);1707999.16;2020
Val-d'Oise;221 Collèges;I_autres;I7 Autres investissements (13, 26, 27, 45x hors 455, 481);80000.0;2020
Val-d'Oise;221 Collèges;I_equipement;I1 Terrains, constructions, rénovations, gros travaux, avances (211-214, 217, 231x, 236-238);41917062.37;2020
Val-d'Oise;221 Collèges;I_equipement;I3 Mobilier, informatique, matériel (215x, 218x);5173716.42;2020
Val-d'Oise;221 Collèges;I_equipement;I4 Études, logiciels, incorporels (20 hors 204);114030.93;2020
Val-d'Oise;221 Collèges;I_subventions_equipement_versees;I5 Subventions d'équipement versées (204, 2324);111796.37;2020
Val-d'Oise;23-27 Hors scolaire;F_achats_charges_externes;F3 Entretien, réparations, maintenance, nettoyage (6152x, 6155, 6156, 6283);33568.68;2020
Val-d'Oise;23-27 Hors scolaire;F_interventions;F9 Autres subventions et participations (65x);190000.0;2020
Val-d'Oise;23-27 Hors scolaire;I_equipement;I1 Terrains, constructions, rénovations, gros travaux, avances (211-214, 217, 231x, 236-238);2020039.71;2020
Val-d'Oise;23-27 Hors scolaire;I_equipement;I3 Mobilier, informatique, matériel (215x, 218x);139666.32;2020
Val-d'Oise;23-27 Hors scolaire;I_subventions_equipement_versees;I5 Subventions d'équipement versées (204, 2324);541932.25;2020
Val-d'Oise;28 Services annexes;F_achats_charges_externes;F3 Entretien, réparations, maintenance, nettoyage (6152x, 6155, 6156, 6283);19180.8;2020
Val-d'Oise;28 Services annexes;F_achats_charges_externes;F6 Autres achats et charges externes (60-62);373993.0;2020
Val-d'Oise;28 Services annexes;F_interventions;F9 Autres subventions et participations (65x);995927.0;2020
Val-d'Oise;28 Services annexes;I_equipement;I1 Terrains, constructions, rénovations, gros travaux, avances (211-214, 217, 231x, 236-238);272740.86;2020
Val-d'Oise;28 Services annexes;I_equipement;I3 Mobilier, informatique, matériel (215x, 218x);9817.06;2020
Val-d'Oise;28 Services annexes;I_equipement;I4 Études, logiciels, incorporels (20 hors 204);139990.8;2020
Val-de-Marne;20 Services communs;F_achats_charges_externes;F6 Autres achats et charges externes (60-62);60482.32000000001;2020
Val-de-Marne;20 Services communs;F_personnel;F1 Personnel (621, 631, 633, 64);2709888.4;2020
Val-de-Marne;21 Premier degré;F_interventions;F9 Autres subventions et participations (65x);30332.0;2020
Val-de-Marne;221 Collèges;F_achats_charges_externes;F3 Entretien, réparations, maintenance, nettoyage (6152x, 6155, 6156, 6283);6185298.19;2020
Val-de-Marne;221 Collèges;F_achats_charges_externes;F5 Locations et charges locatives (613, 614);12327.76;2020
Val-de-Marne;221 Collèges;F_achats_charges_externes;F6 Autres achats et charges externes (60-62);2272639.69;2020
Val-de-Marne;221 Collèges;F_autres;F11 Autres charges de fonctionnement;18181.52;2020
Val-de-Marne;221 Collèges;F_interventions;F7 Dotations de fonctionnement aux collèges publics (655111);14281047.93;2020
Val-de-Marne;221 Collèges;F_interventions;F8 Dotations de fonctionnement aux collèges privés (655112);7301005.24;2020
Val-de-Marne;221 Collèges;F_interventions;F9 Autres subventions et participations (65x);3406833.0;2020
Val-de-Marne;221 Collèges;F_personnel;F1 Personnel (621, 631, 633, 64);34859305.91;2020
Val-de-Marne;221 Collèges;I_autres;I7 Autres investissements (13, 26, 27, 45x hors 455, 481);0.0;2020
Val-de-Marne;221 Collèges;I_equipement;I1 Terrains, constructions, rénovations, gros travaux, avances (211-214, 217, 231x, 236-238);57169557.589999996;2020
Val-de-Marne;221 Collèges;I_equipement;I3 Mobilier, informatique, matériel (215x, 218x);14060713.409999998;2020
Val-de-Marne;221 Collèges;I_equipement;I4 Études, logiciels, incorporels (20 hors 204);1249326.37;2020
Val-de-Marne;221 Collèges;I_subventions_equipement_versees;I5 Subventions d'équipement versées (204, 2324);175740.6;2020
Val-de-Marne;23-27 Hors scolaire;F_achats_charges_externes;F6 Autres achats et charges externes (60-62);1470.54;2020
Val-de-Marne;23-27 Hors scolaire;F_autres;F11 Autres charges de fonctionnement;22500.0;2020
Val-de-Marne;23-27 Hors scolaire;F_interventions;F9 Autres subventions et participations (65x);129447.0;2020
Val-de-Marne;23-27 Hors scolaire;I_subventions_equipement_versees;I5 Subventions d'équipement versées (204, 2324);800000.0;2020
Val-de-Marne;28 Services annexes;F_achats_charges_externes;F3 Entretien, réparations, maintenance, nettoyage (6152x, 6155, 6156, 6283);8359.92;2020
Val-de-Marne;28 Services annexes;F_achats_charges_externes;F6 Autres achats et charges externes (60-62);34038.14;2020
Val-de-Marne;28 Services annexes;F_interventions;F9 Autres subventions et participations (65x);75914.0;2020
Val-de-Marne;28 Services annexes;I_equipement;I1 Terrains, constructions, rénovations, gros travaux, avances (211-214, 217, 231x, 236-238);663.67;2020
Yvelines;20 Services communs;F_personnel;F1 Personnel (621, 631, 633, 64);25717573.87;2020
Yvelines;21 Premier degré;F_achats_charges_externes;F6 Autres achats et charges externes (60-62);108166.66;2020
Yvelines;21 Premier degré;F_interventions;F9 Autres subventions et participations (65x);158760.0;2020
Yvelines;221 Collèges;F_achats_charges_externes;F2 Énergie et eau (60611-60613, 60621-60622);7298895.32;2020
Yvelines;221 Collèges;F_achats_charges_externes;F3 Entretien, réparations, maintenance, nettoyage (6152x, 6155, 6156, 6283);3878039.52;2020
Yvelines;221 Collèges;F_achats_charges_externes;F5 Locations et charges locatives (613, 614);8250.0;2020
Yvelines;221 Collèges;F_achats_charges_externes;F6 Autres achats et charges externes (60-62);966937.75;2020
Yvelines;221 Collèges;F_autres;F11 Autres charges de fonctionnement;31501.410000000003;2020
Yvelines;221 Collèges;F_autres;F9 Autres subventions et participations (65x);33213475.990000002;2020
Yvelines;221 Collèges;F_interventions;F7 Dotations de fonctionnement aux collèges publics (655111);6542162.0;2020
Yvelines;221 Collèges;F_interventions;F8 Dotations de fonctionnement aux collèges privés (655112);7533710.0;2020
Yvelines;221 Collèges;F_interventions;F9 Autres subventions et participations (65x);87409.38;2020
Yvelines;221 Collèges;I_autres;I7 Autres investissements (13, 26, 27, 45x hors 455, 481);0.0;2020
Yvelines;221 Collèges;I_equipement;I1 Terrains, constructions, rénovations, gros travaux, avances (211-214, 217, 231x, 236-238);57597279.35;2020
Yvelines;221 Collèges;I_equipement;I3 Mobilier, informatique, matériel (215x, 218x);67791.4;2020
Yvelines;221 Collèges;I_equipement;I4 Études, logiciels, incorporels (20 hors 204);2052029.29;2020
Yvelines;221 Collèges;I_subventions_equipement_versees;I5 Subventions d'équipement versées (204, 2324);5351169.77;2020
Yvelines;222-224 Lycées;F_interventions;F7 Dotations de fonctionnement aux collèges publics (655111);364270.0;2020
Yvelines;222-224 Lycées;F_interventions;F9 Autres subventions et participations (65x);3000.0;2020
Yvelines;222-224 Lycées;I_subventions_equipement_versees;I5 Subventions d'équipement versées (204, 2324);146890.0;2020
Yvelines;23-27 Hors scolaire;F_achats_charges_externes;F6 Autres achats et charges externes (60-62);225.0;2020
Yvelines;23-27 Hors scolaire;I_equipement;I1 Terrains, constructions, rénovations, gros travaux, avances (211-214, 217, 231x, 236-238);112094.35;2020
Yvelines;23-27 Hors scolaire;I_equipement;I4 Études, logiciels, incorporels (20 hors 204);27070.05;2020
Yvelines;23-27 Hors scolaire;I_subventions_equipement_versees;I5 Subventions d'équipement versées (204, 2324);1100000.0;2020
Yvelines;28 Services annexes;F_achats_charges_externes;F2 Énergie et eau (60611-60613, 60621-60622);9025.08;2020
Yvelines;28 Services annexes;F_achats_charges_externes;F3 Entretien, réparations, maintenance, nettoyage (6152x, 6155, 6156, 6283);20210.550000000003;2020
Yvelines;28 Services annexes;F_achats_charges_externes;F6 Autres achats et charges externes (60-62);299.79;2020
Yvelines;28 Services annexes;F_autres;F11 Autres charges de fonctionnement;1435.73;2020
Yvelines;28 Services annexes;F_interventions;F9 Autres subventions et participations (65x);724953.93;2020
Yvelines;28 Services annexes;I_equipement;I1 Terrains, constructions, rénovations, gros travaux, avances (211-214, 217, 231x, 236-238);14625.05;2020
Yvelines;28 Services annexes;I_equipement;I3 Mobilier, informatique, matériel (215x, 218x);21000.0;2020
France (départements, Paris, ML, CTU);221 Collèges;F_achats_charges_externes;F2 Énergie et eau (60611-60613, 60621-60622);69453340.56;2020
France (départements, Paris, ML, CTU);221 Collèges;F_achats_charges_externes;F3 Entretien, réparations, maintenance, nettoyage (6152x, 6155, 6156, 6283);123513826.72;2020
France (départements, Paris, ML, CTU);221 Collèges;F_achats_charges_externes;F4 Contrats de prestations de services (611);22423364.63;2020
France (départements, Paris, ML, CTU);221 Collèges;F_achats_charges_externes;F5 Locations et charges locatives (613, 614);14107976.52;2020
France (départements, Paris, ML, CTU);221 Collèges;F_achats_charges_externes;F6 Autres achats et charges externes (60-62);107852199.27;2020
France (départements, Paris, ML, CTU);221 Collèges;F_autres;F11 Autres charges de fonctionnement;1741805.71;2020
France (départements, Paris, ML, CTU);221 Collèges;F_autres;F9 Autres subventions et participations (65x);52816314.32;2020
France (départements, Paris, ML, CTU);221 Collèges;F_charges_financieres;F10 Charges financières (66);16819163.69;2020
France (départements, Paris, ML, CTU);221 Collèges;F_interventions;F7 Dotations de fonctionnement aux collèges publics (655111);595101732.62;2020
France (départements, Paris, ML, CTU);221 Collèges;F_interventions;F8 Dotations de fonctionnement aux collèges privés (655112);405095282.37000006;2020
France (départements, Paris, ML, CTU);221 Collèges;F_interventions;F8b Dotations aux lycées (65512x);1398657.41;2020
France (départements, Paris, ML, CTU);221 Collèges;F_interventions;F9 Autres subventions et participations (65x);83713550.8;2020
France (départements, Paris, ML, CTU);221 Collèges;F_personnel;F1 Personnel (621, 631, 633, 64);1127398073.91;2020
France (départements, Paris, ML, CTU);221 Collèges;I_PPP_remboursement_capital_1675;I0 Remboursement en capital des marchés de partenariat (1675);26855279.11;2020
France (départements, Paris, ML, CTU);221 Collèges;I_autres;I2 Opérations sous mandat des EPLE (455);233338.88;2020
France (départements, Paris, ML, CTU);221 Collèges;I_autres;I7 Autres investissements (13, 26, 27, 45x hors 455, 481);5473938.74;2020
France (départements, Paris, ML, CTU);221 Collèges;I_equipement;I1 Terrains, constructions, rénovations, gros travaux, avances (211-214, 217, 231x, 236-238);1700034765.93;2020
France (départements, Paris, ML, CTU);221 Collèges;I_equipement;I3 Mobilier, informatique, matériel (215x, 218x);243346887.85;2020
France (départements, Paris, ML, CTU);221 Collèges;I_equipement;I4 Études, logiciels, incorporels (20 hors 204);71637279.38;2020
France (départements, Paris, ML, CTU);221 Collèges;I_equipement;I6 Autres immobilisations (21, 23);25481.67;2020
France (départements, Paris, ML, CTU);221 Collèges;I_subventions_equipement_versees;I5 Subventions d'équipement versées (204, 2324);97763115.05;2020
France catégorie CTU;221 Collèges;F_achats_charges_externes;F3 Entretien, réparations, maintenance, nettoyage (6152x, 6155, 6156, 6283);898223.45;2020
France catégorie CTU;221 Collèges;F_achats_charges_externes;F5 Locations et charges locatives (613, 614);848254.41;2020
France catégorie CTU;221 Collèges;F_achats_charges_externes;F6 Autres achats et charges externes (60-62);1454361.6400000001;2020
France catégorie CTU;221 Collèges;F_interventions;F7 Dotations de fonctionnement aux collèges publics (655111);16613593.71;2020
France catégorie CTU;221 Collèges;F_interventions;F8 Dotations de fonctionnement aux collèges privés (655112);1253171.9300000002;2020
France catégorie CTU;221 Collèges;F_interventions;F8b Dotations aux lycées (65512x);1398657.41;2020
France catégorie CTU;221 Collèges;F_interventions;F9 Autres subventions et participations (65x);1070899.05;2020
France catégorie CTU;221 Collèges;F_personnel;F1 Personnel (621, 631, 633, 64);22233661.29;2020
France catégorie CTU;221 Collèges;I_autres;I7 Autres investissements (13, 26, 27, 45x hors 455, 481);0.0;2020
France catégorie CTU;221 Collèges;I_equipement;I1 Terrains, constructions, rénovations, gros travaux, avances (211-214, 217, 231x, 236-238);23183873.979999997;2020
France catégorie CTU;221 Collèges;I_equipement;I3 Mobilier, informatique, matériel (215x, 218x);2492783.07;2020
France catégorie CTU;221 Collèges;I_equipement;I4 Études, logiciels, incorporels (20 hors 204);2247143.39;2020
France catégorie CTU;221 Collèges;I_subventions_equipement_versees;I5 Subventions d'équipement versées (204, 2324);4733462.470000001;2020
France catégorie DEPT;221 Collèges;F_achats_charges_externes;F2 Énergie et eau (60611-60613, 60621-60622);69279821.22999999;2020
France catégorie DEPT;221 Collèges;F_achats_charges_externes;F3 Entretien, réparations, maintenance, nettoyage (6152x, 6155, 6156, 6283);115621131.72;2020
France catégorie DEPT;221 Collèges;F_achats_charges_externes;F4 Contrats de prestations de services (611);21077134.97;2020
France catégorie DEPT;221 Collèges;F_achats_charges_externes;F5 Locations et charges locatives (613, 614);12561996.68;2020
France catégorie DEPT;221 Collèges;F_achats_charges_externes;F6 Autres achats et charges externes (60-62);103912621.54;2020
France catégorie DEPT;221 Collèges;F_autres;F11 Autres charges de fonctionnement;1729114.71;2020
France catégorie DEPT;221 Collèges;F_autres;F9 Autres subventions et participations (65x);50172853.72;2020
France catégorie DEPT;221 Collèges;F_charges_financieres;F10 Charges financières (66);16819163.69;2020
France catégorie DEPT;221 Collèges;F_interventions;F7 Dotations de fonctionnement aux collèges publics (655111);550627749.52;2020
France catégorie DEPT;221 Collèges;F_interventions;F8 Dotations de fonctionnement aux collèges privés (655112);371251561.98;2020
France catégorie DEPT;221 Collèges;F_interventions;F9 Autres subventions et participations (65x);81751041.3;2020
France catégorie DEPT;221 Collèges;F_personnel;F1 Personnel (621, 631, 633, 64);1057927776.91;2020
France catégorie DEPT;221 Collèges;I_PPP_remboursement_capital_1675;I0 Remboursement en capital des marchés de partenariat (1675);26855279.11;2020
France catégorie DEPT;221 Collèges;I_autres;I2 Opérations sous mandat des EPLE (455);233338.88;2020
France catégorie DEPT;221 Collèges;I_autres;I7 Autres investissements (13, 26, 27, 45x hors 455, 481);5447819.92;2020
France catégorie DEPT;221 Collèges;I_equipement;I1 Terrains, constructions, rénovations, gros travaux, avances (211-214, 217, 231x, 236-238);1598567543.2;2020
France catégorie DEPT;221 Collèges;I_equipement;I3 Mobilier, informatique, matériel (215x, 218x);235936879.95;2020
France catégorie DEPT;221 Collèges;I_equipement;I4 Études, logiciels, incorporels (20 hors 204);68258401.63;2020
France catégorie DEPT;221 Collèges;I_equipement;I6 Autres immobilisations (21, 23);25481.67;2020
France catégorie DEPT;221 Collèges;I_subventions_equipement_versees;I5 Subventions d'équipement versées (204, 2324);86010129.88;2020
France catégorie ML;221 Collèges;F_achats_charges_externes;F2 Énergie et eau (60611-60613, 60621-60622);173519.33000000002;2020
France catégorie ML;221 Collèges;F_achats_charges_externes;F3 Entretien, réparations, maintenance, nettoyage (6152x, 6155, 6156, 6283);3803293.5300000003;2020
France catégorie ML;221 Collèges;F_achats_charges_externes;F4 Contrats de prestations de services (611);1338599.34;2020
France catégorie ML;221 Collèges;F_achats_charges_externes;F5 Locations et charges locatives (613, 614);697725.43;2020
France catégorie ML;221 Collèges;F_achats_charges_externes;F6 Autres achats et charges externes (60-62);1395424.5699999998;2020
France catégorie ML;221 Collèges;F_autres;F11 Autres charges de fonctionnement;12691.0;2020
France catégorie ML;221 Collèges;F_autres;F9 Autres subventions et participations (65x);2389728.59;2020
France catégorie ML;221 Collèges;F_interventions;F7 Dotations de fonctionnement aux collèges publics (655111);12583154.39;2020
France catégorie ML;221 Collèges;F_interventions;F8 Dotations de fonctionnement aux collèges privés (655112);10136874.9;2020
France catégorie ML;221 Collèges;F_interventions;F9 Autres subventions et participations (65x);821847.45;2020
France catégorie ML;221 Collèges;F_personnel;F1 Personnel (621, 631, 633, 64);20002680.06;2020
France catégorie ML;221 Collèges;I_autres;I7 Autres investissements (13, 26, 27, 45x hors 455, 481);26118.82;2020
France catégorie ML;221 Collèges;I_equipement;I1 Terrains, constructions, rénovations, gros travaux, avances (211-214, 217, 231x, 236-238);56900252.7;2020
France catégorie ML;221 Collèges;I_equipement;I3 Mobilier, informatique, matériel (215x, 218x);4624264.05;2020
France catégorie ML;221 Collèges;I_equipement;I4 Études, logiciels, incorporels (20 hors 204);726306.53;2020
France catégorie ML;221 Collèges;I_subventions_equipement_versees;I5 Subventions d'équipement versées (204, 2324);1115233.7;2020
France catégorie PARIS;221 Collèges;F_achats_charges_externes;F3 Entretien, réparations, maintenance, nettoyage (6152x, 6155, 6156, 6283);3191178.0199999996;2020
France catégorie PARIS;221 Collèges;F_achats_charges_externes;F4 Contrats de prestations de services (611);7630.32;2020
France catégorie PARIS;221 Collèges;F_achats_charges_externes;F6 Autres achats et charges externes (60-62);1089791.52;2020
France catégorie PARIS;221 Collèges;F_autres;F9 Autres subventions et participations (65x);253732.01;2020
France catégorie PARIS;221 Collèges;F_interventions;F7 Dotations de fonctionnement aux collèges publics (655111);15277235.0;2020
France catégorie PARIS;221 Collèges;F_interventions;F8 Dotations de fonctionnement aux collèges privés (655112);22453673.56;2020
France catégorie PARIS;221 Collèges;F_interventions;F9 Autres subventions et participations (65x);69763.0;2020
France catégorie PARIS;221 Collèges;F_personnel;F1 Personnel (621, 631, 633, 64);27233955.65;2020
France catégorie PARIS;221 Collèges;I_autres;I7 Autres investissements (13, 26, 27, 45x hors 455, 481);0.0;2020
France catégorie PARIS;221 Collèges;I_equipement;I1 Terrains, constructions, rénovations, gros travaux, avances (211-214, 217, 231x, 236-238);21383096.05;2020
France catégorie PARIS;221 Collèges;I_equipement;I3 Mobilier, informatique, matériel (215x, 218x);292960.78;2020
France catégorie PARIS;221 Collèges;I_equipement;I4 Études, logiciels, incorporels (20 hors 204);405427.83;2020
France catégorie PARIS;221 Collèges;I_subventions_equipement_versees;I5 Subventions d'équipement versées (204, 2324);5904289.0;2020
Essonne;21 Premier degré;I_subventions_equipement_versees;I5 Subventions d'équipement versées (204, 2324);4349077.0;2021
Essonne;221 Collèges;F_achats_charges_externes;F2 Énergie et eau (60611-60613, 60621-60622);6840503.5;2021
Essonne;221 Collèges;F_achats_charges_externes;F3 Entretien, réparations, maintenance, nettoyage (6152x, 6155, 6156, 6283);5382770.2;2021
Essonne;221 Collèges;F_achats_charges_externes;F5 Locations et charges locatives (613, 614);30055.44;2021
Essonne;221 Collèges;F_achats_charges_externes;F6 Autres achats et charges externes (60-62);8661692.620000001;2021
Essonne;221 Collèges;F_autres;F11 Autres charges de fonctionnement;36499.96;2021
Essonne;221 Collèges;F_autres;F9 Autres subventions et participations (65x);4528801.49;2021
Essonne;221 Collèges;F_interventions;F7 Dotations de fonctionnement aux collèges publics (655111);7726808.84;2021
Essonne;221 Collèges;F_interventions;F8 Dotations de fonctionnement aux collèges privés (655112);6384291.82;2021
Essonne;221 Collèges;F_interventions;F9 Autres subventions et participations (65x);3451353.02;2021
Essonne;221 Collèges;F_personnel;F1 Personnel (621, 631, 633, 64);44835501.61;2021
Essonne;221 Collèges;I_autres;I7 Autres investissements (13, 26, 27, 45x hors 455, 481);0.0;2021
Essonne;221 Collèges;I_equipement;I1 Terrains, constructions, rénovations, gros travaux, avances (211-214, 217, 231x, 236-238);48158537.54;2021
Essonne;221 Collèges;I_equipement;I3 Mobilier, informatique, matériel (215x, 218x);20157586.84;2021
Essonne;221 Collèges;I_equipement;I4 Études, logiciels, incorporels (20 hors 204);2723281.79;2021
Essonne;221 Collèges;I_subventions_equipement_versees;I5 Subventions d'équipement versées (204, 2324);616024.0;2021
Essonne;28 Services annexes;F_achats_charges_externes;F2 Énergie et eau (60611-60613, 60621-60622);10000.0;2021
Essonne;28 Services annexes;F_achats_charges_externes;F3 Entretien, réparations, maintenance, nettoyage (6152x, 6155, 6156, 6283);6126.07;2021
Essonne;28 Services annexes;F_achats_charges_externes;F5 Locations et charges locatives (613, 614);0.0;2021
Essonne;28 Services annexes;F_autres;F11 Autres charges de fonctionnement;46406.87;2021
Essonne;28 Services annexes;I_subventions_equipement_versees;I5 Subventions d'équipement versées (204, 2324);503257.0;2021
Hauts-de-Seine;20 Services communs;F_achats_charges_externes;F5 Locations et charges locatives (613, 614);3000.0;2021
Hauts-de-Seine;20 Services communs;F_achats_charges_externes;F6 Autres achats et charges externes (60-62);75975.75;2021
Hauts-de-Seine;20 Services communs;F_personnel;F1 Personnel (621, 631, 633, 64);3917454.13;2021
Hauts-de-Seine;21 Premier degré;F_personnel;F1 Personnel (621, 631, 633, 64);237528.3;2021
Hauts-de-Seine;221 Collèges;F_achats_charges_externes;F2 Énergie et eau (60611-60613, 60621-60622);7519433.02;2021
Hauts-de-Seine;221 Collèges;F_achats_charges_externes;F3 Entretien, réparations, maintenance, nettoyage (6152x, 6155, 6156, 6283);4383715.3;2021
Hauts-de-Seine;221 Collèges;F_achats_charges_externes;F4 Contrats de prestations de services (611);958985.74;2021
Hauts-de-Seine;221 Collèges;F_achats_charges_externes;F5 Locations et charges locatives (613, 614);383317.72;2021
Hauts-de-Seine;221 Collèges;F_achats_charges_externes;F6 Autres achats et charges externes (60-62);15639124.41;2021
Hauts-de-Seine;221 Collèges;F_autres;F11 Autres charges de fonctionnement;129083.89;2021
Hauts-de-Seine;221 Collèges;F_autres;F9 Autres subventions et participations (65x);34573.37;2021
Hauts-de-Seine;221 Collèges;F_charges_financieres;F10 Charges financières (66);601558.3;2021
Hauts-de-Seine;221 Collèges;F_interventions;F7 Dotations de fonctionnement aux collèges publics (655111);10038827.96;2021
Hauts-de-Seine;221 Collèges;F_interventions;F8 Dotations de fonctionnement aux collèges privés (655112);9905258.57;2021
Hauts-de-Seine;221 Collèges;F_interventions;F9 Autres subventions et participations (65x);4487759.04;2021
Hauts-de-Seine;221 Collèges;F_personnel;F1 Personnel (621, 631, 633, 64);38362335.53;2021
Hauts-de-Seine;221 Collèges;I_PPP_remboursement_capital_1675;I0 Remboursement en capital des marchés de partenariat (1675);2609291.6;2021
Hauts-de-Seine;221 Collèges;I_autres;I7 Autres investissements (13, 26, 27, 45x hors 455, 481);0.0;2021
Hauts-de-Seine;221 Collèges;I_equipement;I1 Terrains, constructions, rénovations, gros travaux, avances (211-214, 217, 231x, 236-238);64632921.0;2021
Hauts-de-Seine;221 Collèges;I_equipement;I3 Mobilier, informatique, matériel (215x, 218x);21207641.36;2021
Hauts-de-Seine;221 Collèges;I_equipement;I4 Études, logiciels, incorporels (20 hors 204);1819381.53;2021
Hauts-de-Seine;23-27 Hors scolaire;F_achats_charges_externes;F2 Énergie et eau (60611-60613, 60621-60622);1693274.4900000002;2021
Hauts-de-Seine;23-27 Hors scolaire;F_achats_charges_externes;F3 Entretien, réparations, maintenance, nettoyage (6152x, 6155, 6156, 6283);1699157.1099999999;2021
Hauts-de-Seine;23-27 Hors scolaire;F_achats_charges_externes;F5 Locations et charges locatives (613, 614);883.0;2021
Hauts-de-Seine;23-27 Hors scolaire;F_achats_charges_externes;F6 Autres achats et charges externes (60-62);1679210.01;2021
Hauts-de-Seine;23-27 Hors scolaire;F_interventions;F9 Autres subventions et participations (65x);3000.0;2021
Hauts-de-Seine;23-27 Hors scolaire;I_equipement;I1 Terrains, constructions, rénovations, gros travaux, avances (211-214, 217, 231x, 236-238);428642.56;2021
Hauts-de-Seine;23-27 Hors scolaire;I_equipement;I3 Mobilier, informatique, matériel (215x, 218x);37568.12;2021
Hauts-de-Seine;28 Services annexes;F_achats_charges_externes;F3 Entretien, réparations, maintenance, nettoyage (6152x, 6155, 6156, 6283);43714.56;2021
Hauts-de-Seine;28 Services annexes;F_achats_charges_externes;F6 Autres achats et charges externes (60-62);142563.22;2021
Hauts-de-Seine;28 Services annexes;F_interventions;F9 Autres subventions et participations (65x);397800.0;2021
Hauts-de-Seine;28 Services annexes;F_personnel;F1 Personnel (621, 631, 633, 64);4018874.92;2021
Hauts-de-Seine;dette 1675 (hors fonction 2);I_PPP_remboursement_capital_1675;I0 Remboursement en capital des marchés de partenariat (1675);5440817.69;2021
Paris;20 Services communs;F_achats_charges_externes;F2 Énergie et eau (60611-60613, 60621-60622);30005.12;2021
Paris;20 Services communs;F_achats_charges_externes;F3 Entretien, réparations, maintenance, nettoyage (6152x, 6155, 6156, 6283);21126.67;2021
Paris;20 Services communs;F_achats_charges_externes;F4 Contrats de prestations de services (611);225136.18;2021
Paris;20 Services communs;F_achats_charges_externes;F5 Locations et charges locatives (613, 614);397845.96;2021
Paris;20 Services communs;F_achats_charges_externes;F6 Autres achats et charges externes (60-62);292494.44;2021
Paris;20 Services communs;F_autres;F9 Autres subventions et participations (65x);68778.14;2021
Paris;20 Services communs;F_interventions;F9 Autres subventions et participations (65x);124471.84;2021
Paris;20 Services communs;F_personnel;F1 Personnel (621, 631, 633, 64);65546400.71;2021
Paris;20 Services communs;I_equipement;I1 Terrains, constructions, rénovations, gros travaux, avances (211-214, 217, 231x, 236-238);1040532.37;2021
Paris;20 Services communs;I_equipement;I3 Mobilier, informatique, matériel (215x, 218x);662375.21;2021
Paris;20 Services communs;I_equipement;I4 Études, logiciels, incorporels (20 hors 204);22425.02;2021
Paris;21 Premier degré;F_achats_charges_externes;F3 Entretien, réparations, maintenance, nettoyage (6152x, 6155, 6156, 6283);3573935.14;2021
Paris;21 Premier degré;F_achats_charges_externes;F4 Contrats de prestations de services (611);1576921.12;2021
Paris;21 Premier degré;F_achats_charges_externes;F5 Locations et charges locatives (613, 614);575759.63;2021
Paris;21 Premier degré;F_achats_charges_externes;F6 Autres achats et charges externes (60-62);2393177.7800000003;2021
Paris;21 Premier degré;F_autres;F11 Autres charges de fonctionnement;1967850.17;2021
Paris;21 Premier degré;F_autres;F9 Autres subventions et participations (65x);18079.44;2021
Paris;21 Premier degré;F_interventions;F9 Autres subventions et participations (65x);36433893.96;2021
Paris;21 Premier degré;F_personnel;F1 Personnel (621, 631, 633, 64);378216857.06;2021
Paris;21 Premier degré;I_autres;I7 Autres investissements (13, 26, 27, 45x hors 455, 481);0.0;2021
Paris;21 Premier degré;I_equipement;I1 Terrains, constructions, rénovations, gros travaux, avances (211-214, 217, 231x, 236-238);46437600.92;2021
Paris;21 Premier degré;I_equipement;I3 Mobilier, informatique, matériel (215x, 218x);4682898.54;2021
Paris;21 Premier degré;I_equipement;I4 Études, logiciels, incorporels (20 hors 204);3769952.69;2021
Paris;21 Premier degré;I_equipement;I6 Autres immobilisations (21, 23);449355.66;2021
Paris;221 Collèges;F_achats_charges_externes;F3 Entretien, réparations, maintenance, nettoyage (6152x, 6155, 6156, 6283);1293434.79;2021
Paris;221 Collèges;F_achats_charges_externes;F4 Contrats de prestations de services (611);1600.0;2021
Paris;221 Collèges;F_achats_charges_externes;F5 Locations et charges locatives (613, 614);14934.08;2021
Paris;221 Collèges;F_achats_charges_externes;F6 Autres achats et charges externes (60-62);1382065.51;2021
Paris;221 Collèges;F_autres;F9 Autres subventions et participations (65x);298747.07;2021
Paris;221 Collèges;F_interventions;F7 Dotations de fonctionnement aux collèges publics (655111);15196164.0;2021
Paris;221 Collèges;F_interventions;F8 Dotations de fonctionnement aux collèges privés (655112);22130637.07;2021
Paris;221 Collèges;F_interventions;F9 Autres subventions et participations (65x);19350.0;2021
Paris;221 Collèges;F_personnel;F1 Personnel (621, 631, 633, 64);27408747.73;2021
Paris;221 Collèges;I_autres;I7 Autres investissements (13, 26, 27, 45x hors 455, 481);0.0;2021
Paris;221 Collèges;I_equipement;I1 Terrains, constructions, rénovations, gros travaux, avances (211-214, 217, 231x, 236-238);14255490.69;2021
Paris;221 Collèges;I_equipement;I3 Mobilier, informatique, matériel (215x, 218x);407161.24;2021
Paris;221 Collèges;I_equipement;I4 Études, logiciels, incorporels (20 hors 204);579649.34;2021
Paris;221 Collèges;I_subventions_equipement_versees;I5 Subventions d'équipement versées (204, 2324);3311143.0;2021
Paris;222-224 Lycées;F_achats_charges_externes;F3 Entretien, réparations, maintenance, nettoyage (6152x, 6155, 6156, 6283);179880.94;2021
Paris;222-224 Lycées;F_achats_charges_externes;F6 Autres achats et charges externes (60-62);69994.26999999999;2021
Paris;222-224 Lycées;F_interventions;F7 Dotations de fonctionnement aux collèges publics (655111);950.0;2021
Paris;222-224 Lycées;F_interventions;F9 Autres subventions et participations (65x);3456000.0;2021
Paris;222-224 Lycées;F_personnel;F1 Personnel (621, 631, 633, 64);3153535.66;2021
Paris;222-224 Lycées;I_autres;I7 Autres investissements (13, 26, 27, 45x hors 455, 481);289731.56;2021
Paris;222-224 Lycées;I_equipement;I1 Terrains, constructions, rénovations, gros travaux, avances (211-214, 217, 231x, 236-238);2488214.88;2021
Paris;222-224 Lycées;I_equipement;I4 Études, logiciels, incorporels (20 hors 204);275672.6;2021
Paris;222-224 Lycées;I_subventions_equipement_versees;I5 Subventions d'équipement versées (204, 2324);39429.0;2021
Paris;23-27 Hors scolaire;F_achats_charges_externes;F2 Énergie et eau (60611-60613, 60621-60622);4663.46;2021
Paris;23-27 Hors scolaire;F_achats_charges_externes;F3 Entretien, réparations, maintenance, nettoyage (6152x, 6155, 6156, 6283);109251.83;2021
Paris;23-27 Hors scolaire;F_achats_charges_externes;F4 Contrats de prestations de services (611);171296.0;2021
Paris;23-27 Hors scolaire;F_achats_charges_externes;F5 Locations et charges locatives (613, 614);331134.52999999997;2021
Paris;23-27 Hors scolaire;F_achats_charges_externes;F6 Autres achats et charges externes (60-62);6269727.0;2021
Paris;23-27 Hors scolaire;F_autres;F11 Autres charges de fonctionnement;7654.0;2021
Paris;23-27 Hors scolaire;F_autres;F9 Autres subventions et participations (65x);79581.24;2021
Paris;23-27 Hors scolaire;F_interventions;F9 Autres subventions et participations (65x);22382355.0;2021
Paris;23-27 Hors scolaire;F_personnel;F1 Personnel (621, 631, 633, 64);26152996.240000002;2021
Paris;23-27 Hors scolaire;I_equipement;I1 Terrains, constructions, rénovations, gros travaux, avances (211-214, 217, 231x, 236-238);2322873.52;2021
Paris;23-27 Hors scolaire;I_equipement;I3 Mobilier, informatique, matériel (215x, 218x);182557.2;2021
Paris;23-27 Hors scolaire;I_equipement;I4 Études, logiciels, incorporels (20 hors 204);230932.97;2021
Paris;23-27 Hors scolaire;I_subventions_equipement_versees;I5 Subventions d'équipement versées (204, 2324);38148518.5;2021
Paris;24 Cités scolaires;F_autres;F9 Autres subventions et participations (65x);2594455.51;2021
Paris;24 Cités scolaires;F_personnel;F1 Personnel (621, 631, 633, 64);2753540.64;2021
Paris;24 Cités scolaires;I_autres;I2 Opérations sous mandat des EPLE (455);0.0;2021
Paris;24 Cités scolaires;I_equipement;I1 Terrains, constructions, rénovations, gros travaux, avances (211-214, 217, 231x, 236-238);2610373.83;2021
Paris;28 Services annexes;F_achats_charges_externes;F3 Entretien, réparations, maintenance, nettoyage (6152x, 6155, 6156, 6283);7617.27;2021
Paris;28 Services annexes;F_achats_charges_externes;F4 Contrats de prestations de services (611);251870.77000000002;2021
Paris;28 Services annexes;F_achats_charges_externes;F5 Locations et charges locatives (613, 614);572.46;2021
Paris;28 Services annexes;F_achats_charges_externes;F6 Autres achats et charges externes (60-62);13670589.96;2021
Paris;28 Services annexes;F_autres;F9 Autres subventions et participations (65x);41528.82;2021
Paris;28 Services annexes;F_interventions;F7 Dotations de fonctionnement aux collèges publics (655111);2075674.98;2021
Paris;28 Services annexes;F_interventions;F9 Autres subventions et participations (65x);86064661.8;2021
Paris;28 Services annexes;F_personnel;F1 Personnel (621, 631, 633, 64);4762551.79;2021
Paris;28 Services annexes;I_equipement;I1 Terrains, constructions, rénovations, gros travaux, avances (211-214, 217, 231x, 236-238);6767339.67;2021
Paris;28 Services annexes;I_equipement;I3 Mobilier, informatique, matériel (215x, 218x);399086.88;2021
Paris;28 Services annexes;I_equipement;I4 Études, logiciels, incorporels (20 hors 204);773300.92;2021
Paris;dette 1675 (hors fonction 2);I_PPP_remboursement_capital_1675;I0 Remboursement en capital des marchés de partenariat (1675);1900933.52;2021
Seine-Saint-Denis;20 Services communs;F_achats_charges_externes;F6 Autres achats et charges externes (60-62);64822.82;2021
Seine-Saint-Denis;20 Services communs;F_personnel;F1 Personnel (621, 631, 633, 64);1054991.69;2021
Seine-Saint-Denis;221 Collèges;F_achats_charges_externes;F2 Énergie et eau (60611-60613, 60621-60622);3785761.77;2021
Seine-Saint-Denis;221 Collèges;F_achats_charges_externes;F3 Entretien, réparations, maintenance, nettoyage (6152x, 6155, 6156, 6283);5700871.04;2021
Seine-Saint-Denis;221 Collèges;F_achats_charges_externes;F4 Contrats de prestations de services (611);1878925.57;2021
Seine-Saint-Denis;221 Collèges;F_achats_charges_externes;F5 Locations et charges locatives (613, 614);303794.4;2021
Seine-Saint-Denis;221 Collèges;F_achats_charges_externes;F6 Autres achats et charges externes (60-62);11207584.96;2021
Seine-Saint-Denis;221 Collèges;F_autres;F9 Autres subventions et participations (65x);303239.68;2021
Seine-Saint-Denis;221 Collèges;F_charges_financieres;F10 Charges financières (66);6234180.48;2021
Seine-Saint-Denis;221 Collèges;F_interventions;F7 Dotations de fonctionnement aux collèges publics (655111);18948690.5;2021
Seine-Saint-Denis;221 Collèges;F_interventions;F8 Dotations de fonctionnement aux collèges privés (655112);6903676.8;2021
Seine-Saint-Denis;221 Collèges;F_interventions;F9 Autres subventions et participations (65x);1479440.6800000002;2021
Seine-Saint-Denis;221 Collèges;F_personnel;F1 Personnel (621, 631, 633, 64);66250274.2;2021
Seine-Saint-Denis;221 Collèges;I_PPP_remboursement_capital_1675;I0 Remboursement en capital des marchés de partenariat (1675);14677892.43;2021
Seine-Saint-Denis;221 Collèges;I_autres;I7 Autres investissements (13, 26, 27, 45x hors 455, 481);0.0;2021
Seine-Saint-Denis;221 Collèges;I_equipement;I1 Terrains, constructions, rénovations, gros travaux, avances (211-214, 217, 231x, 236-238);47977900.56;2021
Seine-Saint-Denis;221 Collèges;I_equipement;I3 Mobilier, informatique, matériel (215x, 218x);3907033.22;2021
Seine-Saint-Denis;221 Collèges;I_equipement;I4 Études, logiciels, incorporels (20 hors 204);3379610.5999999996;2021
Seine-Saint-Denis;221 Collèges;I_equipement;I6 Autres immobilisations (21, 23);61499.0;2021
Seine-Saint-Denis;221 Collèges;I_subventions_equipement_versees;I5 Subventions d'équipement versées (204, 2324);1271046.22;2021
Seine-Saint-Denis;222-224 Lycées;F_interventions;F9 Autres subventions et participations (65x);43800.0;2021
Seine-Saint-Denis;dette 1675 (hors fonction 2);I_PPP_remboursement_capital_1675;I0 Remboursement en capital des marchés de partenariat (1675);0.0;2021
Seine-et-Marne;20 Services communs;F_achats_charges_externes;F4 Contrats de prestations de services (611);254389.1;2021
Seine-et-Marne;20 Services communs;F_achats_charges_externes;F5 Locations et charges locatives (613, 614);16249.99;2021
Seine-et-Marne;20 Services communs;F_achats_charges_externes;F6 Autres achats et charges externes (60-62);27872.17;2021
Seine-et-Marne;20 Services communs;F_personnel;F1 Personnel (621, 631, 633, 64);47138565.99;2021
Seine-et-Marne;21 Premier degré;I_subventions_equipement_versees;I5 Subventions d'équipement versées (204, 2324);20917.5;2021
Seine-et-Marne;221 Collèges;F_achats_charges_externes;F2 Énergie et eau (60611-60613, 60621-60622);7234216.03;2021
Seine-et-Marne;221 Collèges;F_achats_charges_externes;F3 Entretien, réparations, maintenance, nettoyage (6152x, 6155, 6156, 6283);7001356.28;2021
Seine-et-Marne;221 Collèges;F_achats_charges_externes;F4 Contrats de prestations de services (611);298880.18;2021
Seine-et-Marne;221 Collèges;F_achats_charges_externes;F5 Locations et charges locatives (613, 614);1723766.96;2021
Seine-et-Marne;221 Collèges;F_achats_charges_externes;F6 Autres achats et charges externes (60-62);680995.0599999999;2021
Seine-et-Marne;221 Collèges;F_autres;F11 Autres charges de fonctionnement;2269.21;2021
Seine-et-Marne;221 Collèges;F_autres;F9 Autres subventions et participations (65x);310009.2;2021
Seine-et-Marne;221 Collèges;F_interventions;F7 Dotations de fonctionnement aux collèges publics (655111);12239321.45;2021
Seine-et-Marne;221 Collèges;F_interventions;F8 Dotations de fonctionnement aux collèges privés (655112);5841438.66;2021
Seine-et-Marne;221 Collèges;F_interventions;F9 Autres subventions et participations (65x);637300.1599999999;2021
Seine-et-Marne;221 Collèges;I_autres;I7 Autres investissements (13, 26, 27, 45x hors 455, 481);0.0;2021
Seine-et-Marne;221 Collèges;I_equipement;I1 Terrains, constructions, rénovations, gros travaux, avances (211-214, 217, 231x, 236-238);82482299.00999999;2021
Seine-et-Marne;221 Collèges;I_equipement;I3 Mobilier, informatique, matériel (215x, 218x);8094615.11;2021
Seine-et-Marne;221 Collèges;I_equipement;I4 Études, logiciels, incorporels (20 hors 204);4694969.01;2021
Seine-et-Marne;221 Collèges;I_subventions_equipement_versees;I5 Subventions d'équipement versées (204, 2324);310451.08999999997;2021
Seine-et-Marne;23-27 Hors scolaire;F_interventions;F9 Autres subventions et participations (65x);85410.0;2021
Seine-et-Marne;23-27 Hors scolaire;I_subventions_equipement_versees;I5 Subventions d'équipement versées (204, 2324);1121005.91;2021
Seine-et-Marne;28 Services annexes;F_achats_charges_externes;F4 Contrats de prestations de services (611);966113.42;2021
Seine-et-Marne;28 Services annexes;F_interventions;F9 Autres subventions et participations (65x);114785.0;2021
Val-d'Oise;20 Services communs;F_achats_charges_externes;F6 Autres achats et charges externes (60-62);33621.840000000004;2021
Val-d'Oise;20 Services communs;F_personnel;F1 Personnel (621, 631, 633, 64);39484026.68;2021
Val-d'Oise;21 Premier degré;F_achats_charges_externes;F6 Autres achats et charges externes (60-62);1440.0;2021
Val-d'Oise;21 Premier degré;I_subventions_equipement_versees;I5 Subventions d'équipement versées (204, 2324);4438021.33;2021
Val-d'Oise;221 Collèges;F_achats_charges_externes;F2 Énergie et eau (60611-60613, 60621-60622);7644838.279999999;2021
Val-d'Oise;221 Collèges;F_achats_charges_externes;F3 Entretien, réparations, maintenance, nettoyage (6152x, 6155, 6156, 6283);8583846.67;2021
Val-d'Oise;221 Collèges;F_achats_charges_externes;F5 Locations et charges locatives (613, 614);7002.96;2021
Val-d'Oise;221 Collèges;F_achats_charges_externes;F6 Autres achats et charges externes (60-62);4010872.6;2021
Val-d'Oise;221 Collèges;F_interventions;F7 Dotations de fonctionnement aux collèges publics (655111);11437790.53;2021
Val-d'Oise;221 Collèges;F_interventions;F8 Dotations de fonctionnement aux collèges privés (655112);8455439.8;2021
Val-d'Oise;221 Collèges;F_interventions;F9 Autres subventions et participations (65x);1734461.7;2021
Val-d'Oise;221 Collèges;I_autres;I7 Autres investissements (13, 26, 27, 45x hors 455, 481);40000.0;2021
Val-d'Oise;221 Collèges;I_equipement;I1 Terrains, constructions, rénovations, gros travaux, avances (211-214, 217, 231x, 236-238);47498574.62;2021
Val-d'Oise;221 Collèges;I_equipement;I3 Mobilier, informatique, matériel (215x, 218x);8010490.279999999;2021
Val-d'Oise;221 Collèges;I_equipement;I4 Études, logiciels, incorporels (20 hors 204);259224.16;2021
Val-d'Oise;221 Collèges;I_subventions_equipement_versees;I5 Subventions d'équipement versées (204, 2324);208045.89;2021
Val-d'Oise;222-224 Lycées;F_interventions;F9 Autres subventions et participations (65x);1860.0;2021
Val-d'Oise;23-27 Hors scolaire;F_achats_charges_externes;F3 Entretien, réparations, maintenance, nettoyage (6152x, 6155, 6156, 6283);42309.9;2021
Val-d'Oise;23-27 Hors scolaire;F_interventions;F9 Autres subventions et participations (65x);100000.0;2021
Val-d'Oise;23-27 Hors scolaire;I_equipement;I1 Terrains, constructions, rénovations, gros travaux, avances (211-214, 217, 231x, 236-238);501175.33;2021
Val-d'Oise;23-27 Hors scolaire;I_subventions_equipement_versees;I5 Subventions d'équipement versées (204, 2324);50229.9;2021
Val-d'Oise;28 Services annexes;F_achats_charges_externes;F3 Entretien, réparations, maintenance, nettoyage (6152x, 6155, 6156, 6283);16531.2;2021
Val-d'Oise;28 Services annexes;F_achats_charges_externes;F6 Autres achats et charges externes (60-62);449731.42000000004;2021
Val-d'Oise;28 Services annexes;F_interventions;F9 Autres subventions et participations (65x);873502.0;2021
Val-d'Oise;28 Services annexes;I_equipement;I1 Terrains, constructions, rénovations, gros travaux, avances (211-214, 217, 231x, 236-238);17683.08;2021
Val-d'Oise;28 Services annexes;I_equipement;I4 Études, logiciels, incorporels (20 hors 204);259385.64;2021
Val-de-Marne;20 Services communs;F_achats_charges_externes;F6 Autres achats et charges externes (60-62);63504.259999999995;2021
Val-de-Marne;20 Services communs;F_personnel;F1 Personnel (621, 631, 633, 64);2699667.35;2021
Val-de-Marne;21 Premier degré;F_autres;F11 Autres charges de fonctionnement;49102.95;2021
Val-de-Marne;21 Premier degré;F_interventions;F9 Autres subventions et participations (65x);30332.0;2021
Val-de-Marne;221 Collèges;F_achats_charges_externes;F3 Entretien, réparations, maintenance, nettoyage (6152x, 6155, 6156, 6283);6309948.390000001;2021
Val-de-Marne;221 Collèges;F_achats_charges_externes;F4 Contrats de prestations de services (611);256380.22;2021
Val-de-Marne;221 Collèges;F_achats_charges_externes;F5 Locations et charges locatives (613, 614);16960.17;2021
Val-de-Marne;221 Collèges;F_achats_charges_externes;F6 Autres achats et charges externes (60-62);2669631.81;2021
Val-de-Marne;221 Collèges;F_autres;F11 Autres charges de fonctionnement;58571.16;2021
Val-de-Marne;221 Collèges;F_autres;F9 Autres subventions et participations (65x);51226.5;2021
Val-de-Marne;221 Collèges;F_interventions;F7 Dotations de fonctionnement aux collèges publics (655111);14894116.44;2021
Val-de-Marne;221 Collèges;F_interventions;F8 Dotations de fonctionnement aux collèges privés (655112);7390098.17;2021
Val-de-Marne;221 Collèges;F_interventions;F9 Autres subventions et participations (65x);3301986.1;2021
Val-de-Marne;221 Collèges;F_personnel;F1 Personnel (621, 631, 633, 64);35775685.84;2021
Val-de-Marne;221 Collèges;I_autres;I7 Autres investissements (13, 26, 27, 45x hors 455, 481);0.0;2021
Val-de-Marne;221 Collèges;I_equipement;I1 Terrains, constructions, rénovations, gros travaux, avances (211-214, 217, 231x, 236-238);64253743.54;2021
Val-de-Marne;221 Collèges;I_equipement;I3 Mobilier, informatique, matériel (215x, 218x);11827442.059999999;2021
Val-de-Marne;221 Collèges;I_equipement;I4 Études, logiciels, incorporels (20 hors 204);750319.22;2021
Val-de-Marne;221 Collèges;I_subventions_equipement_versees;I5 Subventions d'équipement versées (204, 2324);1217527.87;2021
Val-de-Marne;222-224 Lycées;I_subventions_equipement_versees;I5 Subventions d'équipement versées (204, 2324);308050.8;2021
Val-de-Marne;23-27 Hors scolaire;F_achats_charges_externes;F6 Autres achats et charges externes (60-62);3461.28;2021
Val-de-Marne;23-27 Hors scolaire;F_autres;F11 Autres charges de fonctionnement;22500.0;2021
Val-de-Marne;23-27 Hors scolaire;F_interventions;F9 Autres subventions et participations (65x);102674.0;2021
Val-de-Marne;23-27 Hors scolaire;I_subventions_equipement_versees;I5 Subventions d'équipement versées (204, 2324);500000.0;2021
Val-de-Marne;28 Services annexes;F_achats_charges_externes;F3 Entretien, réparations, maintenance, nettoyage (6152x, 6155, 6156, 6283);5135.01;2021
Val-de-Marne;28 Services annexes;F_achats_charges_externes;F6 Autres achats et charges externes (60-62);3436.3599999999997;2021
Val-de-Marne;28 Services annexes;F_interventions;F9 Autres subventions et participations (65x);74816.0;2021
Val-de-Marne;28 Services annexes;I_equipement;I1 Terrains, constructions, rénovations, gros travaux, avances (211-214, 217, 231x, 236-238);4328.33;2021
Yvelines;20 Services communs;F_personnel;F1 Personnel (621, 631, 633, 64);23157312.259999998;2021
Yvelines;21 Premier degré;F_achats_charges_externes;F5 Locations et charges locatives (613, 614);3468.0;2021
Yvelines;21 Premier degré;F_achats_charges_externes;F6 Autres achats et charges externes (60-62);88500.0;2021
Yvelines;21 Premier degré;F_interventions;F9 Autres subventions et participations (65x);178280.0;2021
Yvelines;221 Collèges;F_achats_charges_externes;F2 Énergie et eau (60611-60613, 60621-60622);7750314.65;2021
Yvelines;221 Collèges;F_achats_charges_externes;F3 Entretien, réparations, maintenance, nettoyage (6152x, 6155, 6156, 6283);4071624.57;2021
Yvelines;221 Collèges;F_achats_charges_externes;F5 Locations et charges locatives (613, 614);8250.0;2021
Yvelines;221 Collèges;F_achats_charges_externes;F6 Autres achats et charges externes (60-62);839204.35;2021
Yvelines;221 Collèges;F_autres;F11 Autres charges de fonctionnement;265446.61;2021
Yvelines;221 Collèges;F_autres;F9 Autres subventions et participations (65x);35076310.31;2021
Yvelines;221 Collèges;F_interventions;F7 Dotations de fonctionnement aux collèges publics (655111);6992215.9;2021
Yvelines;221 Collèges;F_interventions;F8 Dotations de fonctionnement aux collèges privés (655112);7809342.0;2021
Yvelines;221 Collèges;F_interventions;F9 Autres subventions et participations (65x);362407.0;2021
Yvelines;221 Collèges;I_autres;I7 Autres investissements (13, 26, 27, 45x hors 455, 481);0.0;2021
Yvelines;221 Collèges;I_equipement;I1 Terrains, constructions, rénovations, gros travaux, avances (211-214, 217, 231x, 236-238);52770101.32000001;2021
Yvelines;221 Collèges;I_equipement;I3 Mobilier, informatique, matériel (215x, 218x);622526.8899999999;2021
Yvelines;221 Collèges;I_equipement;I4 Études, logiciels, incorporels (20 hors 204);661856.46;2021
Yvelines;221 Collèges;I_subventions_equipement_versees;I5 Subventions d'équipement versées (204, 2324);4549482.82;2021
Yvelines;222-224 Lycées;F_interventions;F7 Dotations de fonctionnement aux collèges publics (655111);388600.0;2021
Yvelines;222-224 Lycées;I_subventions_equipement_versees;I5 Subventions d'équipement versées (204, 2324);978290.0;2021
Yvelines;23-27 Hors scolaire;I_autres;I7 Autres investissements (13, 26, 27, 45x hors 455, 481);0.0;2021
Yvelines;23-27 Hors scolaire;I_equipement;I1 Terrains, constructions, rénovations, gros travaux, avances (211-214, 217, 231x, 236-238);4914093.4;2021
Yvelines;23-27 Hors scolaire;I_equipement;I4 Études, logiciels, incorporels (20 hors 204);87050.86;2021
Yvelines;23-27 Hors scolaire;I_subventions_equipement_versees;I5 Subventions d'équipement versées (204, 2324);800000.0;2021
Yvelines;28 Services annexes;F_achats_charges_externes;F2 Énergie et eau (60611-60613, 60621-60622);7353.52;2021
Yvelines;28 Services annexes;F_achats_charges_externes;F3 Entretien, réparations, maintenance, nettoyage (6152x, 6155, 6156, 6283);21303.94;2021
Yvelines;28 Services annexes;F_achats_charges_externes;F6 Autres achats et charges externes (60-62);9774.220000000001;2021
Yvelines;28 Services annexes;F_autres;F11 Autres charges de fonctionnement;1216.68;2021
Yvelines;28 Services annexes;F_interventions;F9 Autres subventions et participations (65x);1903625.31;2021
Yvelines;28 Services annexes;I_equipement;I1 Terrains, constructions, rénovations, gros travaux, avances (211-214, 217, 231x, 236-238);116511.18;2021
Yvelines;28 Services annexes;I_equipement;I3 Mobilier, informatique, matériel (215x, 218x);147.1;2021
France (départements, Paris, ML, CTU);221 Collèges;F_achats_charges_externes;F2 Énergie et eau (60611-60613, 60621-60622);73469858.61;2021
France (départements, Paris, ML, CTU);221 Collèges;F_achats_charges_externes;F3 Entretien, réparations, maintenance, nettoyage (6152x, 6155, 6156, 6283);137633040.36;2021
France (départements, Paris, ML, CTU);221 Collèges;F_achats_charges_externes;F4 Contrats de prestations de services (611);29010373.389999997;2021
France (départements, Paris, ML, CTU);221 Collèges;F_achats_charges_externes;F5 Locations et charges locatives (613, 614);15589699.51;2021
France (départements, Paris, ML, CTU);221 Collèges;F_achats_charges_externes;F6 Autres achats et charges externes (60-62);125864911.53;2021
France (départements, Paris, ML, CTU);221 Collèges;F_autres;F11 Autres charges de fonctionnement;1897667.56;2021
France (départements, Paris, ML, CTU);221 Collèges;F_autres;F9 Autres subventions et participations (65x);59032465.17;2021
France (départements, Paris, ML, CTU);221 Collèges;F_charges_financieres;F10 Charges financières (66);15271426.4;2021
France (départements, Paris, ML, CTU);221 Collèges;F_interventions;F7 Dotations de fonctionnement aux collèges publics (655111);591238804.51;2021
France (départements, Paris, ML, CTU);221 Collèges;F_interventions;F8 Dotations de fonctionnement aux collèges privés (655112);410593667.88;2021
France (départements, Paris, ML, CTU);221 Collèges;F_interventions;F9 Autres subventions et participations (65x);81980208.93;2021
France (départements, Paris, ML, CTU);221 Collèges;F_personnel;F1 Personnel (621, 631, 633, 64);1185395560.65;2021
France (départements, Paris, ML, CTU);221 Collèges;I_PPP_remboursement_capital_1675;I0 Remboursement en capital des marchés de partenariat (1675);27976182.0;2021
France (départements, Paris, ML, CTU);221 Collèges;I_autres;I2 Opérations sous mandat des EPLE (455);524043.44;2021
France (départements, Paris, ML, CTU);221 Collèges;I_autres;I7 Autres investissements (13, 26, 27, 45x hors 455, 481);5359783.63;2021
France (départements, Paris, ML, CTU);221 Collèges;I_equipement;I1 Terrains, constructions, rénovations, gros travaux, avances (211-214, 217, 231x, 236-238);2019567985.58;2021
France (départements, Paris, ML, CTU);221 Collèges;I_equipement;I3 Mobilier, informatique, matériel (215x, 218x);289996299.97999996;2021
France (départements, Paris, ML, CTU);221 Collèges;I_equipement;I4 Études, logiciels, incorporels (20 hors 204);85520119.99000001;2021
France (départements, Paris, ML, CTU);221 Collèges;I_equipement;I6 Autres immobilisations (21, 23);146428.3;2021
France (départements, Paris, ML, CTU);221 Collèges;I_subventions_equipement_versees;I5 Subventions d'équipement versées (204, 2324);92637698.95;2021
France catégorie CTU;221 Collèges;F_achats_charges_externes;F3 Entretien, réparations, maintenance, nettoyage (6152x, 6155, 6156, 6283);622632.93;2021
France catégorie CTU;221 Collèges;F_achats_charges_externes;F5 Locations et charges locatives (613, 614);707653.7799999999;2021
France catégorie CTU;221 Collèges;F_achats_charges_externes;F6 Autres achats et charges externes (60-62);671931.69;2021
France catégorie CTU;221 Collèges;F_autres;F9 Autres subventions et participations (65x);28925.84;2021
France catégorie CTU;221 Collèges;F_interventions;F7 Dotations de fonctionnement aux collèges publics (655111);15325538.81;2021
France catégorie CTU;221 Collèges;F_interventions;F8 Dotations de fonctionnement aux collèges privés (655112);2739828.37;2021
France catégorie CTU;221 Collèges;F_interventions;F9 Autres subventions et participations (65x);2566645.44;2021
France catégorie CTU;221 Collèges;F_personnel;F1 Personnel (621, 631, 633, 64);21747079.79;2021
France catégorie CTU;221 Collèges;I_autres;I7 Autres investissements (13, 26, 27, 45x hors 455, 481);0.0;2021
France catégorie CTU;221 Collèges;I_equipement;I1 Terrains, constructions, rénovations, gros travaux, avances (211-214, 217, 231x, 236-238);35941623.64;2021
France catégorie CTU;221 Collèges;I_equipement;I3 Mobilier, informatique, matériel (215x, 218x);4456555.76;2021
France catégorie CTU;221 Collèges;I_equipement;I4 Études, logiciels, incorporels (20 hors 204);1714490.01;2021
France catégorie CTU;221 Collèges;I_subventions_equipement_versees;I5 Subventions d'équipement versées (204, 2324);3564351.66;2021
France catégorie DEPT;221 Collèges;F_achats_charges_externes;F2 Énergie et eau (60611-60613, 60621-60622);73293978.48;2021
France catégorie DEPT;221 Collèges;F_achats_charges_externes;F3 Entretien, réparations, maintenance, nettoyage (6152x, 6155, 6156, 6283);132187405.57000001;2021
France catégorie DEPT;221 Collèges;F_achats_charges_externes;F4 Contrats de prestations de services (611);27242485.09;2021
France catégorie DEPT;221 Collèges;F_achats_charges_externes;F5 Locations et charges locatives (613, 614);13625807.76;2021
France catégorie DEPT;221 Collèges;F_achats_charges_externes;F6 Autres achats et charges externes (60-62);122560791.0;2021
France catégorie DEPT;221 Collèges;F_autres;F11 Autres charges de fonctionnement;1856347.9;2021
France catégorie DEPT;221 Collèges;F_autres;F9 Autres subventions et participations (65x);55936848.39;2021
France catégorie DEPT;221 Collèges;F_charges_financieres;F10 Charges financières (66);15271426.4;2021
France catégorie DEPT;221 Collèges;F_interventions;F7 Dotations de fonctionnement aux collèges publics (655111);548907115.39;2021
France catégorie DEPT;221 Collèges;F_interventions;F8 Dotations de fonctionnement aux collèges privés (655112);375410743.71999997;2021
France catégorie DEPT;221 Collèges;F_interventions;F9 Autres subventions et participations (65x);78785340.54;2021
France catégorie DEPT;221 Collèges;F_personnel;F1 Personnel (621, 631, 633, 64);1111382050.31;2021
France catégorie DEPT;221 Collèges;I_PPP_remboursement_capital_1675;I0 Remboursement en capital des marchés de partenariat (1675);27976182.0;2021
France catégorie DEPT;221 Collèges;I_autres;I2 Opérations sous mandat des EPLE (455);524043.44;2021
France catégorie DEPT;221 Collèges;I_autres;I7 Autres investissements (13, 26, 27, 45x hors 455, 481);5359783.63;2021
France catégorie DEPT;221 Collèges;I_equipement;I1 Terrains, constructions, rénovations, gros travaux, avances (211-214, 217, 231x, 236-238);1925716209.82;2021
France catégorie DEPT;221 Collèges;I_equipement;I3 Mobilier, informatique, matériel (215x, 218x);279500489.09;2021
France catégorie DEPT;221 Collèges;I_equipement;I4 Études, logiciels, incorporels (20 hors 204);82562336.49000001;2021
France catégorie DEPT;221 Collèges;I_equipement;I6 Autres immobilisations (21, 23);146428.3;2021
France catégorie DEPT;221 Collèges;I_subventions_equipement_versees;I5 Subventions d'équipement versées (204, 2324);83355720.52;2021
France catégorie ML;221 Collèges;F_achats_charges_externes;F2 Énergie et eau (60611-60613, 60621-60622);175880.13;2021
France catégorie ML;221 Collèges;F_achats_charges_externes;F3 Entretien, réparations, maintenance, nettoyage (6152x, 6155, 6156, 6283);3529567.07;2021
France catégorie ML;221 Collèges;F_achats_charges_externes;F4 Contrats de prestations de services (611);1766288.3;2021
France catégorie ML;221 Collèges;F_achats_charges_externes;F5 Locations et charges locatives (613, 614);1241303.89;2021
France catégorie ML;221 Collèges;F_achats_charges_externes;F6 Autres achats et charges externes (60-62);1250123.33;2021
France catégorie ML;221 Collèges;F_autres;F11 Autres charges de fonctionnement;41319.66;2021
France catégorie ML;221 Collèges;F_autres;F9 Autres subventions et participations (65x);2767943.87;2021
France catégorie ML;221 Collèges;F_interventions;F7 Dotations de fonctionnement aux collèges publics (655111);11809986.31;2021
France catégorie ML;221 Collèges;F_interventions;F8 Dotations de fonctionnement aux collèges privés (655112);10312458.72;2021
France catégorie ML;221 Collèges;F_interventions;F9 Autres subventions et participations (65x);608872.95;2021
France catégorie ML;221 Collèges;F_personnel;F1 Personnel (621, 631, 633, 64);24857682.82;2021
France catégorie ML;221 Collèges;I_autres;I7 Autres investissements (13, 26, 27, 45x hors 455, 481);0.0;2021
France catégorie ML;221 Collèges;I_equipement;I1 Terrains, constructions, rénovations, gros travaux, avances (211-214, 217, 231x, 236-238);43654661.42999999;2021
France catégorie ML;221 Collèges;I_equipement;I3 Mobilier, informatique, matériel (215x, 218x);5632093.89;2021
France catégorie ML;221 Collèges;I_equipement;I4 Études, logiciels, incorporels (20 hors 204);663644.15;2021
France catégorie ML;221 Collèges;I_subventions_equipement_versees;I5 Subventions d'équipement versées (204, 2324);2406483.77;2021
France catégorie PARIS;221 Collèges;F_achats_charges_externes;F3 Entretien, réparations, maintenance, nettoyage (6152x, 6155, 6156, 6283);1293434.79;2021
France catégorie PARIS;221 Collèges;F_achats_charges_externes;F4 Contrats de prestations de services (611);1600.0;2021
France catégorie PARIS;221 Collèges;F_achats_charges_externes;F5 Locations et charges locatives (613, 614);14934.08;2021
France catégorie PARIS;221 Collèges;F_achats_charges_externes;F6 Autres achats et charges externes (60-62);1382065.51;2021
France catégorie PARIS;221 Collèges;F_autres;F9 Autres subventions et participations (65x);298747.07;2021
France catégorie PARIS;221 Collèges;F_interventions;F7 Dotations de fonctionnement aux collèges publics (655111);15196164.0;2021
France catégorie PARIS;221 Collèges;F_interventions;F8 Dotations de fonctionnement aux collèges privés (655112);22130637.07;2021
France catégorie PARIS;221 Collèges;F_interventions;F9 Autres subventions et participations (65x);19350.0;2021
France catégorie PARIS;221 Collèges;F_personnel;F1 Personnel (621, 631, 633, 64);27408747.73;2021
France catégorie PARIS;221 Collèges;I_autres;I7 Autres investissements (13, 26, 27, 45x hors 455, 481);0.0;2021
France catégorie PARIS;221 Collèges;I_equipement;I1 Terrains, constructions, rénovations, gros travaux, avances (211-214, 217, 231x, 236-238);14255490.69;2021
France catégorie PARIS;221 Collèges;I_equipement;I3 Mobilier, informatique, matériel (215x, 218x);407161.24;2021
France catégorie PARIS;221 Collèges;I_equipement;I4 Études, logiciels, incorporels (20 hors 204);579649.34;2021
France catégorie PARIS;221 Collèges;I_subventions_equipement_versees;I5 Subventions d'équipement versées (204, 2324);3311143.0;2021
Essonne;21 Premier degré;I_subventions_equipement_versees;I5 Subventions d'équipement versées (204, 2324);2603660.0;2022
Essonne;221 Collèges;F_achats_charges_externes;F2 Énergie et eau (60611-60613, 60621-60622);9262081.37;2022
Essonne;221 Collèges;F_achats_charges_externes;F3 Entretien, réparations, maintenance, nettoyage (6152x, 6155, 6156, 6283);6581318.970000001;2022
Essonne;221 Collèges;F_achats_charges_externes;F5 Locations et charges locatives (613, 614);29497.61;2022
Essonne;221 Collèges;F_achats_charges_externes;F6 Autres achats et charges externes (60-62);9933414.280000001;2022
Essonne;221 Collèges;F_autres;F11 Autres charges de fonctionnement;174411.26;2022
Essonne;221 Collèges;F_autres;F9 Autres subventions et participations (65x);4515430.08;2022
Essonne;221 Collèges;F_interventions;F7 Dotations de fonctionnement aux collèges publics (655111);9844858.19;2022
Essonne;221 Collèges;F_interventions;F8 Dotations de fonctionnement aux collèges privés (655112);6529155.42;2022
Essonne;221 Collèges;F_interventions;F9 Autres subventions et participations (65x);4321590.41;2022
Essonne;221 Collèges;F_personnel;F1 Personnel (621, 631, 633, 64);44367630.61;2022
Essonne;221 Collèges;I_autres;I7 Autres investissements (13, 26, 27, 45x hors 455, 481);0.0;2022
Essonne;221 Collèges;I_equipement;I1 Terrains, constructions, rénovations, gros travaux, avances (211-214, 217, 231x, 236-238);53345625.68;2022
Essonne;221 Collèges;I_equipement;I3 Mobilier, informatique, matériel (215x, 218x);12306937.35;2022
Essonne;221 Collèges;I_equipement;I4 Études, logiciels, incorporels (20 hors 204);2448769.97;2022
Essonne;221 Collèges;I_subventions_equipement_versees;I5 Subventions d'équipement versées (204, 2324);281765.22;2022
Essonne;23-27 Hors scolaire;I_subventions_equipement_versees;I5 Subventions d'équipement versées (204, 2324);84495.0;2022
Essonne;28 Services annexes;F_achats_charges_externes;F2 Énergie et eau (60611-60613, 60621-60622);8000.0;2022
Essonne;28 Services annexes;F_achats_charges_externes;F3 Entretien, réparations, maintenance, nettoyage (6152x, 6155, 6156, 6283);3980.72;2022
Essonne;28 Services annexes;F_achats_charges_externes;F5 Locations et charges locatives (613, 614);26000.0;2022
Essonne;28 Services annexes;F_autres;F11 Autres charges de fonctionnement;282421.84;2022
Essonne;28 Services annexes;I_subventions_equipement_versees;I5 Subventions d'équipement versées (204, 2324);489259.0;2022
Hauts-de-Seine;20 Services communs;F_achats_charges_externes;F5 Locations et charges locatives (613, 614);4368.0;2022
Hauts-de-Seine;20 Services communs;F_achats_charges_externes;F6 Autres achats et charges externes (60-62);339877.36;2022
Hauts-de-Seine;21 Premier degré;F_personnel;F1 Personnel (621, 631, 633, 64);283240.78;2022
Hauts-de-Seine;21 Premier degré;I_equipement;I1 Terrains, constructions, rénovations, gros travaux, avances (211-214, 217, 231x, 236-238);15195.52;2022
Hauts-de-Seine;21 Premier degré;I_equipement;I3 Mobilier, informatique, matériel (215x, 218x);6262.16;2022
Hauts-de-Seine;221 Collèges;F_achats_charges_externes;F2 Énergie et eau (60611-60613, 60621-60622);8602178.49;2022
Hauts-de-Seine;221 Collèges;F_achats_charges_externes;F3 Entretien, réparations, maintenance, nettoyage (6152x, 6155, 6156, 6283);6127002.17;2022
Hauts-de-Seine;221 Collèges;F_achats_charges_externes;F4 Contrats de prestations de services (611);999577.04;2022
Hauts-de-Seine;221 Collèges;F_achats_charges_externes;F5 Locations et charges locatives (613, 614);399340.83;2022
Hauts-de-Seine;221 Collèges;F_achats_charges_externes;F6 Autres achats et charges externes (60-62);19412531.93;2022
Hauts-de-Seine;221 Collèges;F_autres;F11 Autres charges de fonctionnement;946553.6300000001;2022
Hauts-de-Seine;221 Collèges;F_autres;F9 Autres subventions et participations (65x);89485.38;2022
Hauts-de-Seine;221 Collèges;F_charges_financieres;F10 Charges financières (66);480094.2;2022
Hauts-de-Seine;221 Collèges;F_interventions;F7 Dotations de fonctionnement aux collèges publics (655111);9988337.32;2022
Hauts-de-Seine;221 Collèges;F_interventions;F8 Dotations de fonctionnement aux collèges privés (655112);9917833.44;2022
Hauts-de-Seine;221 Collèges;F_interventions;F9 Autres subventions et participations (65x);4598726.9399999995;2022
Hauts-de-Seine;221 Collèges;F_personnel;F1 Personnel (621, 631, 633, 64);38759171.809999995;2022
Hauts-de-Seine;221 Collèges;I_PPP_remboursement_capital_1675;I0 Remboursement en capital des marchés de partenariat (1675);2730755.71;2022
Hauts-de-Seine;221 Collèges;I_autres;I7 Autres investissements (13, 26, 27, 45x hors 455, 481);0.0;2022
Hauts-de-Seine;221 Collèges;I_equipement;I1 Terrains, constructions, rénovations, gros travaux, avances (211-214, 217, 231x, 236-238);89639560.69;2022
Hauts-de-Seine;221 Collèges;I_equipement;I3 Mobilier, informatique, matériel (215x, 218x);17495222.64;2022
Hauts-de-Seine;221 Collèges;I_equipement;I4 Études, logiciels, incorporels (20 hors 204);1508932.03;2022
Hauts-de-Seine;23-27 Hors scolaire;F_achats_charges_externes;F2 Énergie et eau (60611-60613, 60621-60622);1863475.82;2022
Hauts-de-Seine;23-27 Hors scolaire;F_achats_charges_externes;F3 Entretien, réparations, maintenance, nettoyage (6152x, 6155, 6156, 6283);1812353.56;2022
Hauts-de-Seine;23-27 Hors scolaire;F_achats_charges_externes;F5 Locations et charges locatives (613, 614);2043.6;2022
Hauts-de-Seine;23-27 Hors scolaire;F_achats_charges_externes;F6 Autres achats et charges externes (60-62);1953092.0699999998;2022
Hauts-de-Seine;23-27 Hors scolaire;F_autres;F11 Autres charges de fonctionnement;74968.0;2022
Hauts-de-Seine;23-27 Hors scolaire;F_interventions;F9 Autres subventions et participations (65x);233200.0;2022
Hauts-de-Seine;23-27 Hors scolaire;I_equipement;I1 Terrains, constructions, rénovations, gros travaux, avances (211-214, 217, 231x, 236-238);621771.49;2022
Hauts-de-Seine;28 Services annexes;F_achats_charges_externes;F3 Entretien, réparations, maintenance, nettoyage (6152x, 6155, 6156, 6283);39791.65;2022
Hauts-de-Seine;28 Services annexes;F_achats_charges_externes;F6 Autres achats et charges externes (60-62);285601.18;2022
Hauts-de-Seine;28 Services annexes;F_interventions;F9 Autres subventions et participations (65x);424635.0;2022
Hauts-de-Seine;28 Services annexes;F_personnel;F1 Personnel (621, 631, 633, 64);823607.18;2022
Hauts-de-Seine;dette 1675 (hors fonction 2);I_PPP_remboursement_capital_1675;I0 Remboursement en capital des marchés de partenariat (1675);5440817.52;2022
Paris;20 Services communs;F_achats_charges_externes;F2 Énergie et eau (60611-60613, 60621-60622);24181.76;2022
Paris;20 Services communs;F_achats_charges_externes;F3 Entretien, réparations, maintenance, nettoyage (6152x, 6155, 6156, 6283);14809.130000000001;2022
Paris;20 Services communs;F_achats_charges_externes;F4 Contrats de prestations de services (611);201440.15;2022
Paris;20 Services communs;F_achats_charges_externes;F5 Locations et charges locatives (613, 614);468446.12;2022
Paris;20 Services communs;F_achats_charges_externes;F6 Autres achats et charges externes (60-62);260826.5;2022
Paris;20 Services communs;F_autres;F9 Autres subventions et participations (65x);58080.83;2022
Paris;20 Services communs;F_interventions;F9 Autres subventions et participations (65x);103080.49;2022
Paris;20 Services communs;F_personnel;F1 Personnel (621, 631, 633, 64);61771554.56;2022
Paris;20 Services communs;I_equipement;I1 Terrains, constructions, rénovations, gros travaux, avances (211-214, 217, 231x, 236-238);520499.59;2022
Paris;20 Services communs;I_equipement;I3 Mobilier, informatique, matériel (215x, 218x);338198.07;2022
Paris;20 Services communs;I_equipement;I4 Études, logiciels, incorporels (20 hors 204);19577.1;2022
Paris;21 Premier degré;F_achats_charges_externes;F3 Entretien, réparations, maintenance, nettoyage (6152x, 6155, 6156, 6283);3666696.6399999997;2022
Paris;21 Premier degré;F_achats_charges_externes;F4 Contrats de prestations de services (611);1616751.09;2022
Paris;21 Premier degré;F_achats_charges_externes;F5 Locations et charges locatives (613, 614);600000.3300000001;2022
Paris;21 Premier degré;F_achats_charges_externes;F6 Autres achats et charges externes (60-62);1858034.77;2022
Paris;21 Premier degré;F_autres;F11 Autres charges de fonctionnement;1939943.2000000002;2022
Paris;21 Premier degré;F_autres;F9 Autres subventions et participations (65x);292455.45;2022
Paris;21 Premier degré;F_interventions;F9 Autres subventions et participations (65x);35902303.24999999;2022
Paris;21 Premier degré;F_personnel;F1 Personnel (621, 631, 633, 64);383916215.71;2022
Paris;21 Premier degré;I_autres;I7 Autres investissements (13, 26, 27, 45x hors 455, 481);0.0;2022
Paris;21 Premier degré;I_equipement;I1 Terrains, constructions, rénovations, gros travaux, avances (211-214, 217, 231x, 236-238);47125928.70999999;2022
Paris;21 Premier degré;I_equipement;I3 Mobilier, informatique, matériel (215x, 218x);3014352.6500000004;2022
Paris;21 Premier degré;I_equipement;I4 Études, logiciels, incorporels (20 hors 204);3795622.36;2022
Paris;21 Premier degré;I_equipement;I6 Autres immobilisations (21, 23);86744.75;2022
Paris;221 Collèges;F_achats_charges_externes;F3 Entretien, réparations, maintenance, nettoyage (6152x, 6155, 6156, 6283);1295383.5899999999;2022
Paris;221 Collèges;F_achats_charges_externes;F4 Contrats de prestations de services (611);1913.38;2022
Paris;221 Collèges;F_achats_charges_externes;F6 Autres achats et charges externes (60-62);531313.28;2022
Paris;221 Collèges;F_interventions;F7 Dotations de fonctionnement aux collèges publics (655111);16291341.0;2022
Paris;221 Collèges;F_interventions;F8 Dotations de fonctionnement aux collèges privés (655112);21927036.48;2022
Paris;221 Collèges;F_personnel;F1 Personnel (621, 631, 633, 64);28279435.1;2022
Paris;221 Collèges;I_autres;I7 Autres investissements (13, 26, 27, 45x hors 455, 481);0.0;2022
Paris;221 Collèges;I_equipement;I1 Terrains, constructions, rénovations, gros travaux, avances (211-214, 217, 231x, 236-238);10984665.44;2022
Paris;221 Collèges;I_equipement;I3 Mobilier, informatique, matériel (215x, 218x);319906.81;2022
Paris;221 Collèges;I_equipement;I4 Études, logiciels, incorporels (20 hors 204);568103.78;2022
Paris;221 Collèges;I_subventions_equipement_versees;I5 Subventions d'équipement versées (204, 2324);2498265.0;2022
Paris;222-224 Lycées;F_achats_charges_externes;F3 Entretien, réparations, maintenance, nettoyage (6152x, 6155, 6156, 6283);70685.54;2022
Paris;222-224 Lycées;F_achats_charges_externes;F6 Autres achats et charges externes (60-62);180.06;2022
Paris;222-224 Lycées;F_interventions;F9 Autres subventions et participations (65x);4000000.0;2022
Paris;222-224 Lycées;F_personnel;F1 Personnel (621, 631, 633, 64);1193785.65;2022
Paris;222-224 Lycées;I_autres;I7 Autres investissements (13, 26, 27, 45x hors 455, 481);97883.09;2022
Paris;222-224 Lycées;I_equipement;I1 Terrains, constructions, rénovations, gros travaux, avances (211-214, 217, 231x, 236-238);563266.38;2022
Paris;222-224 Lycées;I_equipement;I3 Mobilier, informatique, matériel (215x, 218x);8803.72;2022
Paris;222-224 Lycées;I_equipement;I4 Études, logiciels, incorporels (20 hors 204);16284.01;2022
Paris;23-27 Hors scolaire;F_achats_charges_externes;F2 Énergie et eau (60611-60613, 60621-60622);4713.2;2022
Paris;23-27 Hors scolaire;F_achats_charges_externes;F3 Entretien, réparations, maintenance, nettoyage (6152x, 6155, 6156, 6283);90268.95;2022
Paris;23-27 Hors scolaire;F_achats_charges_externes;F4 Contrats de prestations de services (611);212154.36;2022
Paris;23-27 Hors scolaire;F_achats_charges_externes;F5 Locations et charges locatives (613, 614);399055.93;2022
Paris;23-27 Hors scolaire;F_achats_charges_externes;F6 Autres achats et charges externes (60-62);6324550.41;2022
Paris;23-27 Hors scolaire;F_autres;F9 Autres subventions et participations (65x);120443.92;2022
Paris;23-27 Hors scolaire;F_interventions;F9 Autres subventions et participations (65x);21733971.0;2022
Paris;23-27 Hors scolaire;F_personnel;F1 Personnel (621, 631, 633, 64);25159206.14;2022
Paris;23-27 Hors scolaire;I_equipement;I1 Terrains, constructions, rénovations, gros travaux, avances (211-214, 217, 231x, 236-238);1758873.08;2022
Paris;23-27 Hors scolaire;I_equipement;I3 Mobilier, informatique, matériel (215x, 218x);215565.03000000003;2022
Paris;23-27 Hors scolaire;I_equipement;I4 Études, logiciels, incorporels (20 hors 204);105077.82;2022
Paris;23-27 Hors scolaire;I_equipement;I6 Autres immobilisations (21, 23);2995.06;2022
Paris;23-27 Hors scolaire;I_subventions_equipement_versees;I5 Subventions d'équipement versées (204, 2324);25823034.16;2022
Paris;24 Cités scolaires;F_autres;F9 Autres subventions et participations (65x);2518536.81;2022
Paris;24 Cités scolaires;F_personnel;F1 Personnel (621, 631, 633, 64);2894763.6;2022
Paris;24 Cités scolaires;I_equipement;I1 Terrains, constructions, rénovations, gros travaux, avances (211-214, 217, 231x, 236-238);1448811.39;2022
Paris;24 Cités scolaires;I_equipement;I4 Études, logiciels, incorporels (20 hors 204);10914.78;2022
Paris;28 Services annexes;F_achats_charges_externes;F3 Entretien, réparations, maintenance, nettoyage (6152x, 6155, 6156, 6283);21331.13;2022
Paris;28 Services annexes;F_achats_charges_externes;F4 Contrats de prestations de services (611);699445.61;2022
Paris;28 Services annexes;F_achats_charges_externes;F6 Autres achats et charges externes (60-62);16499462.0;2022
Paris;28 Services annexes;F_autres;F9 Autres subventions et participations (65x);31408.120000000003;2022
Paris;28 Services annexes;F_interventions;F7 Dotations de fonctionnement aux collèges publics (655111);1412901.66;2022
Paris;28 Services annexes;F_interventions;F9 Autres subventions et participations (65x);85505433.63000001;2022
Paris;28 Services annexes;F_personnel;F1 Personnel (621, 631, 633, 64);6431350.32;2022
Paris;28 Services annexes;I_equipement;I1 Terrains, constructions, rénovations, gros travaux, avances (211-214, 217, 231x, 236-238);12070333.44;2022
Paris;28 Services annexes;I_equipement;I3 Mobilier, informatique, matériel (215x, 218x);401351.44000000006;2022
Paris;28 Services annexes;I_equipement;I4 Études, logiciels, incorporels (20 hors 204);534757.47;2022
Paris;28 Services annexes;I_subventions_equipement_versees;I5 Subventions d'équipement versées (204, 2324);901278.19;2022
Paris;dette 1675 (hors fonction 2);I_PPP_remboursement_capital_1675;I0 Remboursement en capital des marchés de partenariat (1675);2141475.46;2022
Seine-Saint-Denis;20 Services communs;F_achats_charges_externes;F6 Autres achats et charges externes (60-62);57422.37;2022
Seine-Saint-Denis;20 Services communs;F_personnel;F1 Personnel (621, 631, 633, 64);1079237.78;2022
Seine-Saint-Denis;221 Collèges;F_achats_charges_externes;F2 Énergie et eau (60611-60613, 60621-60622);5369727.04;2022
Seine-Saint-Denis;221 Collèges;F_achats_charges_externes;F3 Entretien, réparations, maintenance, nettoyage (6152x, 6155, 6156, 6283);6524576.2;2022
Seine-Saint-Denis;221 Collèges;F_achats_charges_externes;F4 Contrats de prestations de services (611);1724408.82;2022
Seine-Saint-Denis;221 Collèges;F_achats_charges_externes;F5 Locations et charges locatives (613, 614);262780.55;2022
Seine-Saint-Denis;221 Collèges;F_achats_charges_externes;F6 Autres achats et charges externes (60-62);13753923.969999999;2022
Seine-Saint-Denis;221 Collèges;F_autres;F9 Autres subventions et participations (65x);370354.97;2022
Seine-Saint-Denis;221 Collèges;F_charges_financieres;F10 Charges financières (66);6168888.3;2022
Seine-Saint-Denis;221 Collèges;F_interventions;F7 Dotations de fonctionnement aux collèges publics (655111);14702348.0;2022
Seine-Saint-Denis;221 Collèges;F_interventions;F8 Dotations de fonctionnement aux collèges privés (655112);7177360.8;2022
Seine-Saint-Denis;221 Collèges;F_interventions;F9 Autres subventions et participations (65x);6089627.98;2022
Seine-Saint-Denis;221 Collèges;F_personnel;F1 Personnel (621, 631, 633, 64);68044559.85;2022
Seine-Saint-Denis;221 Collèges;I_PPP_remboursement_capital_1675;I0 Remboursement en capital des marchés de partenariat (1675);16108720.64;2022
Seine-Saint-Denis;221 Collèges;I_autres;I7 Autres investissements (13, 26, 27, 45x hors 455, 481);0.0;2022
Seine-Saint-Denis;221 Collèges;I_equipement;I1 Terrains, constructions, rénovations, gros travaux, avances (211-214, 217, 231x, 236-238);51786338.34;2022
Seine-Saint-Denis;221 Collèges;I_equipement;I3 Mobilier, informatique, matériel (215x, 218x);5133336.45;2022
Seine-Saint-Denis;221 Collèges;I_equipement;I4 Études, logiciels, incorporels (20 hors 204);4144022.8;2022
Seine-Saint-Denis;221 Collèges;I_equipement;I6 Autres immobilisations (21, 23);152200.0;2022
Seine-Saint-Denis;221 Collèges;I_subventions_equipement_versees;I5 Subventions d'équipement versées (204, 2324);1101115.6800000002;2022
Seine-Saint-Denis;28 Services annexes;F_achats_charges_externes;F6 Autres achats et charges externes (60-62);100249.89;2022
Seine-Saint-Denis;dette 1675 (hors fonction 2);I_PPP_remboursement_capital_1675;I0 Remboursement en capital des marchés de partenariat (1675);0.0;2022
Seine-et-Marne;20 Services communs;F_achats_charges_externes;F4 Contrats de prestations de services (611);338696.16;2022
Seine-et-Marne;20 Services communs;F_achats_charges_externes;F5 Locations et charges locatives (613, 614);16741.96;2022
Seine-et-Marne;20 Services communs;F_achats_charges_externes;F6 Autres achats et charges externes (60-62);4048.0;2022
Seine-et-Marne;20 Services communs;F_personnel;F1 Personnel (621, 631, 633, 64);41578679.239999995;2022
Seine-et-Marne;221 Collèges;F_achats_charges_externes;F2 Énergie et eau (60611-60613, 60621-60622);11127834.61;2022
Seine-et-Marne;221 Collèges;F_achats_charges_externes;F3 Entretien, réparations, maintenance, nettoyage (6152x, 6155, 6156, 6283);7184543.22;2022
Seine-et-Marne;221 Collèges;F_achats_charges_externes;F4 Contrats de prestations de services (611);458620.61;2022
Seine-et-Marne;221 Collèges;F_achats_charges_externes;F5 Locations et charges locatives (613, 614);1269300.86;2022
Seine-et-Marne;221 Collèges;F_achats_charges_externes;F6 Autres achats et charges externes (60-62);450095.2;2022
Seine-et-Marne;221 Collèges;F_autres;F11 Autres charges de fonctionnement;5657.16;2022
Seine-et-Marne;221 Collèges;F_autres;F9 Autres subventions et participations (65x);445926.12;2022
Seine-et-Marne;221 Collèges;F_interventions;F7 Dotations de fonctionnement aux collèges publics (655111);14514441.95;2022
Seine-et-Marne;221 Collèges;F_interventions;F8 Dotations de fonctionnement aux collèges privés (655112);5916684.3;2022
Seine-et-Marne;221 Collèges;F_interventions;F9 Autres subventions et participations (65x);537915.35;2022
Seine-et-Marne;221 Collèges;I_autres;I7 Autres investissements (13, 26, 27, 45x hors 455, 481);0.0;2022
Seine-et-Marne;221 Collèges;I_equipement;I1 Terrains, constructions, rénovations, gros travaux, avances (211-214, 217, 231x, 236-238);78311103.03999999;2022
Seine-et-Marne;221 Collèges;I_equipement;I3 Mobilier, informatique, matériel (215x, 218x);7581800.17;2022
Seine-et-Marne;221 Collèges;I_equipement;I4 Études, logiciels, incorporels (20 hors 204);3022949.83;2022
Seine-et-Marne;221 Collèges;I_subventions_equipement_versees;I5 Subventions d'équipement versées (204, 2324);275595.04;2022
Seine-et-Marne;23-27 Hors scolaire;F_achats_charges_externes;F6 Autres achats et charges externes (60-62);12400.0;2022
Seine-et-Marne;23-27 Hors scolaire;F_interventions;F9 Autres subventions et participations (65x);230000.0;2022
Seine-et-Marne;23-27 Hors scolaire;I_subventions_equipement_versees;I5 Subventions d'équipement versées (204, 2324);1200000.0;2022
Seine-et-Marne;28 Services annexes;F_achats_charges_externes;F4 Contrats de prestations de services (611);965796.98;2022
Seine-et-Marne;28 Services annexes;F_interventions;F9 Autres subventions et participations (65x);131203.0;2022
Val-d'Oise;20 Services communs;F_achats_charges_externes;F6 Autres achats et charges externes (60-62);28561.06;2022
Val-d'Oise;20 Services communs;F_personnel;F1 Personnel (621, 631, 633, 64);41904829.05;2022
Val-d'Oise;21 Premier degré;F_achats_charges_externes;F6 Autres achats et charges externes (60-62);1480.0;2022
Val-d'Oise;21 Premier degré;I_subventions_equipement_versees;I5 Subventions d'équipement versées (204, 2324);4345601.07;2022
Val-d'Oise;221 Collèges;F_achats_charges_externes;F2 Énergie et eau (60611-60613, 60621-60622);7755076.7;2022
Val-d'Oise;221 Collèges;F_achats_charges_externes;F3 Entretien, réparations, maintenance, nettoyage (6152x, 6155, 6156, 6283);9040705.98;2022
Val-d'Oise;221 Collèges;F_achats_charges_externes;F5 Locations et charges locatives (613, 614);4337.28;2022
Val-d'Oise;221 Collèges;F_achats_charges_externes;F6 Autres achats et charges externes (60-62);4062933.42;2022
Val-d'Oise;221 Collèges;F_autres;F11 Autres charges de fonctionnement;2195464.47;2022
Val-d'Oise;221 Collèges;F_interventions;F7 Dotations de fonctionnement aux collèges publics (655111);11558167.21;2022
Val-d'Oise;221 Collèges;F_interventions;F8 Dotations de fonctionnement aux collèges privés (655112);8510480.0;2022
Val-d'Oise;221 Collèges;F_interventions;F9 Autres subventions et participations (65x);1492538.08;2022
Val-d'Oise;221 Collèges;I_autres;I7 Autres investissements (13, 26, 27, 45x hors 455, 481);15000.0;2022
Val-d'Oise;221 Collèges;I_equipement;I1 Terrains, constructions, rénovations, gros travaux, avances (211-214, 217, 231x, 236-238);61656035.9;2022
Val-d'Oise;221 Collèges;I_equipement;I3 Mobilier, informatique, matériel (215x, 218x);6272084.39;2022
Val-d'Oise;221 Collèges;I_equipement;I4 Études, logiciels, incorporels (20 hors 204);661448.04;2022
Val-d'Oise;221 Collèges;I_subventions_equipement_versees;I5 Subventions d'équipement versées (204, 2324);117400.01;2022
Val-d'Oise;222-224 Lycées;F_interventions;F9 Autres subventions et participations (65x);1860.0;2022
Val-d'Oise;23-27 Hors scolaire;F_achats_charges_externes;F3 Entretien, réparations, maintenance, nettoyage (6152x, 6155, 6156, 6283);75134.34;2022
Val-d'Oise;23-27 Hors scolaire;F_interventions;F9 Autres subventions et participations (65x);100000.0;2022
Val-d'Oise;23-27 Hors scolaire;I_autres;I7 Autres investissements (13, 26, 27, 45x hors 455, 481);0.0;2022
Val-d'Oise;23-27 Hors scolaire;I_equipement;I1 Terrains, constructions, rénovations, gros travaux, avances (211-214, 217, 231x, 236-238);127501.68;2022
Val-d'Oise;23-27 Hors scolaire;I_subventions_equipement_versees;I5 Subventions d'équipement versées (204, 2324);50000.0;2022
Val-d'Oise;28 Services annexes;F_achats_charges_externes;F3 Entretien, réparations, maintenance, nettoyage (6152x, 6155, 6156, 6283);15033.6;2022
Val-d'Oise;28 Services annexes;F_achats_charges_externes;F5 Locations et charges locatives (613, 614);385.0;2022
Val-d'Oise;28 Services annexes;F_achats_charges_externes;F6 Autres achats et charges externes (60-62);529565.98;2022
Val-d'Oise;28 Services annexes;F_interventions;F9 Autres subventions et participations (65x);881485.0;2022
Val-d'Oise;28 Services annexes;I_equipement;I1 Terrains, constructions, rénovations, gros travaux, avances (211-214, 217, 231x, 236-238);2952.02;2022
Val-d'Oise;28 Services annexes;I_equipement;I3 Mobilier, informatique, matériel (215x, 218x);1065.6;2022
Val-d'Oise;28 Services annexes;I_equipement;I4 Études, logiciels, incorporels (20 hors 204);70775.4;2022
Val-de-Marne;20 Services communs;F_achats_charges_externes;F6 Autres achats et charges externes (60-62);62570.52;2022
Val-de-Marne;20 Services communs;F_personnel;F1 Personnel (621, 631, 633, 64);2720533.72;2022
Val-de-Marne;21 Premier degré;F_autres;F11 Autres charges de fonctionnement;9439.58;2022
Val-de-Marne;21 Premier degré;F_interventions;F9 Autres subventions et participations (65x);30332.0;2022
Val-de-Marne;221 Collèges;F_achats_charges_externes;F3 Entretien, réparations, maintenance, nettoyage (6152x, 6155, 6156, 6283);6787819.81;2022
Val-de-Marne;221 Collèges;F_achats_charges_externes;F4 Contrats de prestations de services (611);215432.9;2022
Val-de-Marne;221 Collèges;F_achats_charges_externes;F5 Locations et charges locatives (613, 614);18183.72;2022
Val-de-Marne;221 Collèges;F_achats_charges_externes;F6 Autres achats et charges externes (60-62);1915070.48;2022
Val-de-Marne;221 Collèges;F_autres;F11 Autres charges de fonctionnement;2029.57;2022
Val-de-Marne;221 Collèges;F_interventions;F7 Dotations de fonctionnement aux collèges publics (655111);15591912.15;2022
Val-de-Marne;221 Collèges;F_interventions;F8 Dotations de fonctionnement aux collèges privés (655112);7454193.66;2022
Val-de-Marne;221 Collèges;F_interventions;F9 Autres subventions et participations (65x);3457801.3499999996;2022
Val-de-Marne;221 Collèges;F_personnel;F1 Personnel (621, 631, 633, 64);37584962.39;2022
Val-de-Marne;221 Collèges;I_autres;I7 Autres investissements (13, 26, 27, 45x hors 455, 481);0.0;2022
Val-de-Marne;221 Collèges;I_equipement;I1 Terrains, constructions, rénovations, gros travaux, avances (211-214, 217, 231x, 236-238);74558030.53;2022
Val-de-Marne;221 Collèges;I_equipement;I3 Mobilier, informatique, matériel (215x, 218x);12433682.08;2022
Val-de-Marne;221 Collèges;I_equipement;I4 Études, logiciels, incorporels (20 hors 204);969793.1699999999;2022
Val-de-Marne;221 Collèges;I_subventions_equipement_versees;I5 Subventions d'équipement versées (204, 2324);126959.32;2022
Val-de-Marne;222-224 Lycées;I_subventions_equipement_versees;I5 Subventions d'équipement versées (204, 2324);1173165.34;2022
Val-de-Marne;23-27 Hors scolaire;F_achats_charges_externes;F6 Autres achats et charges externes (60-62);9125.48;2022
Val-de-Marne;23-27 Hors scolaire;F_autres;F11 Autres charges de fonctionnement;22500.0;2022
Val-de-Marne;23-27 Hors scolaire;F_interventions;F9 Autres subventions et participations (65x);98946.0;2022
Val-de-Marne;23-27 Hors scolaire;I_subventions_equipement_versees;I5 Subventions d'équipement versées (204, 2324);750000.0;2022
Val-de-Marne;28 Services annexes;F_achats_charges_externes;F3 Entretien, réparations, maintenance, nettoyage (6152x, 6155, 6156, 6283);4412.66;2022
Val-de-Marne;28 Services annexes;F_achats_charges_externes;F6 Autres achats et charges externes (60-62);9908.4;2022
Val-de-Marne;28 Services annexes;F_interventions;F9 Autres subventions et participations (65x);72418.0;2022
Val-de-Marne;28 Services annexes;I_equipement;I1 Terrains, constructions, rénovations, gros travaux, avances (211-214, 217, 231x, 236-238);2537.75;2022
Yvelines;20 Services communs;F_personnel;F1 Personnel (621, 631, 633, 64);19264315.16;2022
Yvelines;21 Premier degré;F_achats_charges_externes;F6 Autres achats et charges externes (60-62);92925.0;2022
Yvelines;21 Premier degré;F_interventions;F9 Autres subventions et participations (65x);179570.0;2022
Yvelines;21 Premier degré;I_equipement;I1 Terrains, constructions, rénovations, gros travaux, avances (211-214, 217, 231x, 236-238);7.0;2022
Yvelines;221 Collèges;F_achats_charges_externes;F2 Énergie et eau (60611-60613, 60621-60622);9439583.57;2022
Yvelines;221 Collèges;F_achats_charges_externes;F3 Entretien, réparations, maintenance, nettoyage (6152x, 6155, 6156, 6283);3904677.6600000006;2022
Yvelines;221 Collèges;F_achats_charges_externes;F6 Autres achats et charges externes (60-62);913599.8500000001;2022
Yvelines;221 Collèges;F_autres;F11 Autres charges de fonctionnement;72159.0;2022
Yvelines;221 Collèges;F_autres;F9 Autres subventions et participations (65x);36773514.31;2022
Yvelines;221 Collèges;F_interventions;F7 Dotations de fonctionnement aux collèges publics (655111);8109509.24;2022
Yvelines;221 Collèges;F_interventions;F8 Dotations de fonctionnement aux collèges privés (655112);7859250.0;2022
Yvelines;221 Collèges;F_interventions;F9 Autres subventions et participations (65x);146900.0;2022
Yvelines;221 Collèges;I_autres;I7 Autres investissements (13, 26, 27, 45x hors 455, 481);0.0;2022
Yvelines;221 Collèges;I_equipement;I1 Terrains, constructions, rénovations, gros travaux, avances (211-214, 217, 231x, 236-238);33130027.66;2022
Yvelines;221 Collèges;I_equipement;I3 Mobilier, informatique, matériel (215x, 218x);288726.30000000005;2022
Yvelines;221 Collèges;I_equipement;I4 Études, logiciels, incorporels (20 hors 204);1162046.14;2022
Yvelines;221 Collèges;I_subventions_equipement_versees;I5 Subventions d'équipement versées (204, 2324);5635170.869999999;2022
Yvelines;23-27 Hors scolaire;I_equipement;I1 Terrains, constructions, rénovations, gros travaux, avances (211-214, 217, 231x, 236-238);7945962.21;2022
Yvelines;23-27 Hors scolaire;I_equipement;I4 Études, logiciels, incorporels (20 hors 204);293600.07;2022
Yvelines;23-27 Hors scolaire;I_subventions_equipement_versees;I5 Subventions d'équipement versées (204, 2324);350000.0;2022
Yvelines;28 Services annexes;F_achats_charges_externes;F2 Énergie et eau (60611-60613, 60621-60622);11750.5;2022
Yvelines;28 Services annexes;F_achats_charges_externes;F3 Entretien, réparations, maintenance, nettoyage (6152x, 6155, 6156, 6283);7974.36;2022
Yvelines;28 Services annexes;F_achats_charges_externes;F6 Autres achats et charges externes (60-62);477547.62;2022
Yvelines;28 Services annexes;F_autres;F11 Autres charges de fonctionnement;459.34;2022
Yvelines;28 Services annexes;F_interventions;F9 Autres subventions et participations (65x);2466504.14;2022
Yvelines;28 Services annexes;F_personnel;F1 Personnel (621, 631, 633, 64);2346.43;2022
Yvelines;28 Services annexes;I_equipement;I1 Terrains, constructions, rénovations, gros travaux, avances (211-214, 217, 231x, 236-238);19327.34;2022
Yvelines;28 Services annexes;I_equipement;I3 Mobilier, informatique, matériel (215x, 218x);298.78;2022
France (départements, Paris, ML, CTU);221 Collèges;F_achats_charges_externes;F2 Énergie et eau (60611-60613, 60621-60622);111949897.11;2022
France (départements, Paris, ML, CTU);221 Collèges;F_achats_charges_externes;F3 Entretien, réparations, maintenance, nettoyage (6152x, 6155, 6156, 6283);143061351.41;2022
France (départements, Paris, ML, CTU);221 Collèges;F_achats_charges_externes;F4 Contrats de prestations de services (611);31359803.04;2022
France (départements, Paris, ML, CTU);221 Collèges;F_achats_charges_externes;F5 Locations et charges locatives (613, 614);17097561.39;2022
France (départements, Paris, ML, CTU);221 Collèges;F_achats_charges_externes;F6 Autres achats et charges externes (60-62);134055106.15;2022
France (départements, Paris, ML, CTU);221 Collèges;F_autres;F11 Autres charges de fonctionnement;7813519.04;2022
France (départements, Paris, ML, CTU);221 Collèges;F_autres;F9 Autres subventions et participations (65x);66119673.72;2022
France (départements, Paris, ML, CTU);221 Collèges;F_charges_financieres;F10 Charges financières (66);14415304.36;2022
France (départements, Paris, ML, CTU);221 Collèges;F_interventions;F7 Dotations de fonctionnement aux collèges publics (655111);649438539.3199999;2022
France (départements, Paris, ML, CTU);221 Collèges;F_interventions;F8 Dotations de fonctionnement aux collèges privés (655112);419352956.96;2022
France (départements, Paris, ML, CTU);221 Collèges;F_interventions;F9 Autres subventions et participations (65x);106786052.64;2022
France (départements, Paris, ML, CTU);221 Collèges;F_personnel;F1 Personnel (621, 631, 633, 64);1257198014.87;2022
France (départements, Paris, ML, CTU);221 Collèges;I_PPP_remboursement_capital_1675;I0 Remboursement en capital des marchés de partenariat (1675);29599208.75;2022
France (départements, Paris, ML, CTU);221 Collèges;I_autres;I2 Opérations sous mandat des EPLE (455);272476.15;2022
France (départements, Paris, ML, CTU);221 Collèges;I_autres;I7 Autres investissements (13, 26, 27, 45x hors 455, 481);7241382.74;2022
France (départements, Paris, ML, CTU);221 Collèges;I_equipement;I1 Terrains, constructions, rénovations, gros travaux, avances (211-214, 217, 231x, 236-238);2050306704.46;2022
France (départements, Paris, ML, CTU);221 Collèges;I_equipement;I3 Mobilier, informatique, matériel (215x, 218x);332367632.83;2022
France (départements, Paris, ML, CTU);221 Collèges;I_equipement;I4 Études, logiciels, incorporels (20 hors 204);84565703.82;2022
France (départements, Paris, ML, CTU);221 Collèges;I_equipement;I6 Autres immobilisations (21, 23);218710.4;2022
France (départements, Paris, ML, CTU);221 Collèges;I_subventions_equipement_versees;I5 Subventions d'équipement versées (204, 2324);101083545.97;2022
France catégorie CTU;221 Collèges;F_achats_charges_externes;F3 Entretien, réparations, maintenance, nettoyage (6152x, 6155, 6156, 6283);446519.68999999994;2022
France catégorie CTU;221 Collèges;F_achats_charges_externes;F5 Locations et charges locatives (613, 614);850194.55;2022
France catégorie CTU;221 Collèges;F_achats_charges_externes;F6 Autres achats et charges externes (60-62);1253373.88;2022
France catégorie CTU;221 Collèges;F_interventions;F7 Dotations de fonctionnement aux collèges publics (655111);15805697.0;2022
France catégorie CTU;221 Collèges;F_interventions;F8 Dotations de fonctionnement aux collèges privés (655112);1519569.38;2022
France catégorie CTU;221 Collèges;F_interventions;F9 Autres subventions et participations (65x);2577505.84;2022
France catégorie CTU;221 Collèges;F_personnel;F1 Personnel (621, 631, 633, 64);23068552.68;2022
France catégorie CTU;221 Collèges;I_autres;I7 Autres investissements (13, 26, 27, 45x hors 455, 481);272888.54;2022
France catégorie CTU;221 Collèges;I_equipement;I1 Terrains, constructions, rénovations, gros travaux, avances (211-214, 217, 231x, 236-238);38890794.410000004;2022
France catégorie CTU;221 Collèges;I_equipement;I3 Mobilier, informatique, matériel (215x, 218x);5051557.43;2022
France catégorie CTU;221 Collèges;I_equipement;I4 Études, logiciels, incorporels (20 hors 204);585697.0599999999;2022
France catégorie CTU;221 Collèges;I_subventions_equipement_versees;I5 Subventions d'équipement versées (204, 2324);3604365.31;2022
France catégorie DEPT;221 Collèges;F_achats_charges_externes;F2 Énergie et eau (60611-60613, 60621-60622);111718943.29;2022
France catégorie DEPT;221 Collèges;F_achats_charges_externes;F3 Entretien, réparations, maintenance, nettoyage (6152x, 6155, 6156, 6283);137630179.75;2022
France catégorie DEPT;221 Collèges;F_achats_charges_externes;F4 Contrats de prestations de services (611);29068596.54;2022
France catégorie DEPT;221 Collèges;F_achats_charges_externes;F5 Locations et charges locatives (613, 614);15796786.84;2022
France catégorie DEPT;221 Collèges;F_achats_charges_externes;F6 Autres achats et charges externes (60-62);131001116.77;2022
France catégorie DEPT;221 Collèges;F_autres;F11 Autres charges de fonctionnement;7775725.49;2022
France catégorie DEPT;221 Collèges;F_autres;F9 Autres subventions et participations (65x);62669236.92;2022
France catégorie DEPT;221 Collèges;F_charges_financieres;F10 Charges financières (66);14415304.36;2022
France catégorie DEPT;221 Collèges;F_interventions;F7 Dotations de fonctionnement aux collèges publics (655111);593544682.5799999;2022
France catégorie DEPT;221 Collèges;F_interventions;F8 Dotations de fonctionnement aux collèges privés (655112);380387333.94;2022
France catégorie DEPT;221 Collèges;F_interventions;F9 Autres subventions et participations (65x);103586688.4;2022
France catégorie DEPT;221 Collèges;F_personnel;F1 Personnel (621, 631, 633, 64);1177131324.63;2022
France catégorie DEPT;221 Collèges;I_PPP_remboursement_capital_1675;I0 Remboursement en capital des marchés de partenariat (1675);29599208.75;2022
France catégorie DEPT;221 Collèges;I_autres;I2 Opérations sous mandat des EPLE (455);272476.15;2022
France catégorie DEPT;221 Collèges;I_autres;I7 Autres investissements (13, 26, 27, 45x hors 455, 481);6968494.2;2022
France catégorie DEPT;221 Collèges;I_equipement;I1 Terrains, constructions, rénovations, gros travaux, avances (211-214, 217, 231x, 236-238);1963777507.72;2022
France catégorie DEPT;221 Collèges;I_equipement;I3 Mobilier, informatique, matériel (215x, 218x);320862316.6;2022
France catégorie DEPT;221 Collèges;I_equipement;I4 Études, logiciels, incorporels (20 hors 204);82252563.71;2022
France catégorie DEPT;221 Collèges;I_equipement;I6 Autres immobilisations (21, 23);218710.4;2022
France catégorie DEPT;221 Collèges;I_subventions_equipement_versees;I5 Subventions d'équipement versées (204, 2324);93636585.65;2022
France catégorie ML;221 Collèges;F_achats_charges_externes;F2 Énergie et eau (60611-60613, 60621-60622);230953.82;2022
France catégorie ML;221 Collèges;F_achats_charges_externes;F3 Entretien, réparations, maintenance, nettoyage (6152x, 6155, 6156, 6283);3689268.38;2022
France catégorie ML;221 Collèges;F_achats_charges_externes;F4 Contrats de prestations de services (611);2289293.12;2022
France catégorie ML;221 Collèges;F_achats_charges_externes;F5 Locations et charges locatives (613, 614);450580.0;2022
France catégorie ML;221 Collèges;F_achats_charges_externes;F6 Autres achats et charges externes (60-62);1269302.22;2022
France catégorie ML;221 Collèges;F_autres;F11 Autres charges de fonctionnement;37793.55;2022
France catégorie ML;221 Collèges;F_autres;F9 Autres subventions et participations (65x);3450436.8000000003;2022
France catégorie ML;221 Collèges;F_interventions;F7 Dotations de fonctionnement aux collèges publics (655111);23796818.74;2022
France catégorie ML;221 Collèges;F_interventions;F8 Dotations de fonctionnement aux collèges privés (655112);15519017.16;2022
France catégorie ML;221 Collèges;F_interventions;F9 Autres subventions et participations (65x);621858.4;2022
France catégorie ML;221 Collèges;F_personnel;F1 Personnel (621, 631, 633, 64);28718702.46;2022
France catégorie ML;221 Collèges;I_autres;I7 Autres investissements (13, 26, 27, 45x hors 455, 481);0.0;2022
France catégorie ML;221 Collèges;I_equipement;I1 Terrains, constructions, rénovations, gros travaux, avances (211-214, 217, 231x, 236-238);36653736.88999999;2022
France catégorie ML;221 Collèges;I_equipement;I3 Mobilier, informatique, matériel (215x, 218x);6133851.99;2022
France catégorie ML;221 Collèges;I_equipement;I4 Études, logiciels, incorporels (20 hors 204);1159339.27;2022
France catégorie ML;221 Collèges;I_subventions_equipement_versees;I5 Subventions d'équipement versées (204, 2324);1344330.01;2022
France catégorie PARIS;221 Collèges;F_achats_charges_externes;F3 Entretien, réparations, maintenance, nettoyage (6152x, 6155, 6156, 6283);1295383.5899999999;2022
France catégorie PARIS;221 Collèges;F_achats_charges_externes;F4 Contrats de prestations de services (611);1913.38;2022
France catégorie PARIS;221 Collèges;F_achats_charges_externes;F6 Autres achats et charges externes (60-62);531313.28;2022
France catégorie PARIS;221 Collèges;F_interventions;F7 Dotations de fonctionnement aux collèges publics (655111);16291341.0;2022
France catégorie PARIS;221 Collèges;F_interventions;F8 Dotations de fonctionnement aux collèges privés (655112);21927036.48;2022
France catégorie PARIS;221 Collèges;F_personnel;F1 Personnel (621, 631, 633, 64);28279435.1;2022
France catégorie PARIS;221 Collèges;I_autres;I7 Autres investissements (13, 26, 27, 45x hors 455, 481);0.0;2022
France catégorie PARIS;221 Collèges;I_equipement;I1 Terrains, constructions, rénovations, gros travaux, avances (211-214, 217, 231x, 236-238);10984665.44;2022
France catégorie PARIS;221 Collèges;I_equipement;I3 Mobilier, informatique, matériel (215x, 218x);319906.81;2022
France catégorie PARIS;221 Collèges;I_equipement;I4 Études, logiciels, incorporels (20 hors 204);568103.78;2022
France catégorie PARIS;221 Collèges;I_subventions_equipement_versees;I5 Subventions d'équipement versées (204, 2324);2498265.0;2022
Essonne;21 Premier degré;I_subventions_equipement_versees;I5 Subventions d'équipement versées (204, 2324);1029270.0;2023
Essonne;221 Collèges;F_achats_charges_externes;F2 Énergie et eau (60611-60613, 60621-60622);17097370.22;2023
Essonne;221 Collèges;F_achats_charges_externes;F3 Entretien, réparations, maintenance, nettoyage (6152x, 6155, 6156, 6283);6532495.25;2023
Essonne;221 Collèges;F_achats_charges_externes;F5 Locations et charges locatives (613, 614);13861.96;2023
Essonne;221 Collèges;F_achats_charges_externes;F6 Autres achats et charges externes (60-62);18159777.66;2023
Essonne;221 Collèges;F_autres;F11 Autres charges de fonctionnement;119588.95;2023
Essonne;221 Collèges;F_autres;F9 Autres subventions et participations (65x);1411120.91;2023
Essonne;221 Collèges;F_interventions;F7 Dotations de fonctionnement aux collèges publics (655111);9607988.95;2023
Essonne;221 Collèges;F_interventions;F8 Dotations de fonctionnement aux collèges privés (655112);6610594.39;2023
Essonne;221 Collèges;F_interventions;F9 Autres subventions et participations (65x);3724439.19;2023
Essonne;221 Collèges;F_personnel;F1 Personnel (621, 631, 633, 64);44570081.07;2023
Essonne;221 Collèges;I_autres;I7 Autres investissements (13, 26, 27, 45x hors 455, 481);0.0;2023
Essonne;221 Collèges;I_equipement;I1 Terrains, constructions, rénovations, gros travaux, avances (211-214, 217, 231x, 236-238);61848087.60999999;2023
Essonne;221 Collèges;I_equipement;I3 Mobilier, informatique, matériel (215x, 218x);15342500.02;2023
Essonne;221 Collèges;I_equipement;I4 Études, logiciels, incorporels (20 hors 204);3723597.1100000003;2023
Essonne;221 Collèges;I_subventions_equipement_versees;I5 Subventions d'équipement versées (204, 2324);377572.53;2023
Essonne;28 Services annexes;F_achats_charges_externes;F2 Énergie et eau (60611-60613, 60621-60622);10924.2;2023
Essonne;28 Services annexes;F_achats_charges_externes;F3 Entretien, réparations, maintenance, nettoyage (6152x, 6155, 6156, 6283);2905.66;2023
Essonne;28 Services annexes;F_achats_charges_externes;F5 Locations et charges locatives (613, 614);70241.52;2023
Essonne;28 Services annexes;F_autres;F11 Autres charges de fonctionnement;14.79;2023
Hauts-de-Seine;20 Services communs;F_achats_charges_externes;F5 Locations et charges locatives (613, 614);169117.75;2023
Hauts-de-Seine;20 Services communs;F_achats_charges_externes;F6 Autres achats et charges externes (60-62);511140.75999999995;2023
Hauts-de-Seine;21 Premier degré;I_equipement;I1 Terrains, constructions, rénovations, gros travaux, avances (211-214, 217, 231x, 236-238);972592.06;2023
Hauts-de-Seine;221 Collèges;F_achats_charges_externes;F2 Énergie et eau (60611-60613, 60621-60622);16753092.010000002;2023
Hauts-de-Seine;221 Collèges;F_achats_charges_externes;F3 Entretien, réparations, maintenance, nettoyage (6152x, 6155, 6156, 6283);10490130.48;2023
Hauts-de-Seine;221 Collèges;F_achats_charges_externes;F4 Contrats de prestations de services (611);1055857.4;2023
Hauts-de-Seine;221 Collèges;F_achats_charges_externes;F5 Locations et charges locatives (613, 614);269088.02;2023
Hauts-de-Seine;221 Collèges;F_achats_charges_externes;F6 Autres achats et charges externes (60-62);28302438.0;2023
Hauts-de-Seine;221 Collèges;F_autres;F11 Autres charges de fonctionnement;2507204.83;2023
Hauts-de-Seine;221 Collèges;F_autres;F9 Autres subventions et participations (65x);180820.8;2023
Hauts-de-Seine;221 Collèges;F_charges_financieres;F10 Charges financières (66);388905.43;2023
Hauts-de-Seine;221 Collèges;F_interventions;F7 Dotations de fonctionnement aux collèges publics (655111);11615201.21;2023
Hauts-de-Seine;221 Collèges;F_interventions;F8 Dotations de fonctionnement aux collèges privés (655112);10980938.39;2023
Hauts-de-Seine;221 Collèges;F_interventions;F9 Autres subventions et participations (65x);5165297.2;2023
Hauts-de-Seine;221 Collèges;F_personnel;F1 Personnel (621, 631, 633, 64);37947519.44;2023
Hauts-de-Seine;221 Collèges;I_PPP_remboursement_capital_1675;I0 Remboursement en capital des marchés de partenariat (1675);2821944.49;2023
Hauts-de-Seine;221 Collèges;I_autres;I7 Autres investissements (13, 26, 27, 45x hors 455, 481);0.0;2023
Hauts-de-Seine;221 Collèges;I_equipement;I1 Terrains, constructions, rénovations, gros travaux, avances (211-214, 217, 231x, 236-238);65060937.769999996;2023
Hauts-de-Seine;221 Collèges;I_equipement;I3 Mobilier, informatique, matériel (215x, 218x);7869675.79;2023
Hauts-de-Seine;221 Collèges;I_equipement;I4 Études, logiciels, incorporels (20 hors 204);2959683.2;2023
Hauts-de-Seine;23-27 Hors scolaire;F_achats_charges_externes;F2 Énergie et eau (60611-60613, 60621-60622);3081258.4099999997;2023
Hauts-de-Seine;23-27 Hors scolaire;F_achats_charges_externes;F3 Entretien, réparations, maintenance, nettoyage (6152x, 6155, 6156, 6283);1466072.54;2023
Hauts-de-Seine;23-27 Hors scolaire;F_achats_charges_externes;F5 Locations et charges locatives (613, 614);1568.65;2023
Hauts-de-Seine;23-27 Hors scolaire;F_achats_charges_externes;F6 Autres achats et charges externes (60-62);1489593.75;2023
Hauts-de-Seine;23-27 Hors scolaire;F_autres;F11 Autres charges de fonctionnement;32889.07;2023
Hauts-de-Seine;23-27 Hors scolaire;F_interventions;F9 Autres subventions et participations (65x);170800.0;2023
Hauts-de-Seine;23-27 Hors scolaire;I_equipement;I1 Terrains, constructions, rénovations, gros travaux, avances (211-214, 217, 231x, 236-238);609344.41;2023
Hauts-de-Seine;23-27 Hors scolaire;I_equipement;I3 Mobilier, informatique, matériel (215x, 218x);11872.08;2023
Hauts-de-Seine;28 Services annexes;F_achats_charges_externes;F3 Entretien, réparations, maintenance, nettoyage (6152x, 6155, 6156, 6283);41425.5;2023
Hauts-de-Seine;28 Services annexes;F_achats_charges_externes;F6 Autres achats et charges externes (60-62);307868.81;2023
Hauts-de-Seine;28 Services annexes;F_interventions;F9 Autres subventions et participations (65x);614711.0;2023
Hauts-de-Seine;28 Services annexes;F_personnel;F1 Personnel (621, 631, 633, 64);761199.17;2023
Hauts-de-Seine;dette 1675 (hors fonction 2);I_PPP_remboursement_capital_1675;I0 Remboursement en capital des marchés de partenariat (1675);5440817.67;2023
Paris;20 Services communs;F_achats_charges_externes;F2 Énergie et eau (60611-60613, 60621-60622);17864.63;2023
Paris;20 Services communs;F_achats_charges_externes;F3 Entretien, réparations, maintenance, nettoyage (6152x, 6155, 6156, 6283);41138.9;2023
Paris;20 Services communs;F_achats_charges_externes;F4 Contrats de prestations de services (611);297451.6;2023
Paris;20 Services communs;F_achats_charges_externes;F5 Locations et charges locatives (613, 614);416007.77;2023
Paris;20 Services communs;F_achats_charges_externes;F6 Autres achats et charges externes (60-62);329305.79;2023
Paris;20 Services communs;F_autres;F11 Autres charges de fonctionnement;10867.0;2023
Paris;20 Services communs;F_autres;F9 Autres subventions et participations (65x);744395.0199999999;2023
Paris;20 Services communs;F_interventions;F9 Autres subventions et participations (65x);50159.619999999995;2023
Paris;20 Services communs;F_personnel;F1 Personnel (621, 631, 633, 64);67150908.63;2023
Paris;20 Services communs;I_equipement;I1 Terrains, constructions, rénovations, gros travaux, avances (211-214, 217, 231x, 236-238);540351.17;2023
Paris;20 Services communs;I_equipement;I3 Mobilier, informatique, matériel (215x, 218x);339160.2;2023
Paris;20 Services communs;I_equipement;I4 Études, logiciels, incorporels (20 hors 204);20872.55;2023
Paris;21 Premier degré;F_achats_charges_externes;F3 Entretien, réparations, maintenance, nettoyage (6152x, 6155, 6156, 6283);5375468.7299999995;2023
Paris;21 Premier degré;F_achats_charges_externes;F4 Contrats de prestations de services (611);1764999.96;2023
Paris;21 Premier degré;F_achats_charges_externes;F5 Locations et charges locatives (613, 614);541288.46;2023
Paris;21 Premier degré;F_achats_charges_externes;F6 Autres achats et charges externes (60-62);1735491.7;2023
Paris;21 Premier degré;F_autres;F11 Autres charges de fonctionnement;2038951.0;2023
Paris;21 Premier degré;F_autres;F9 Autres subventions et participations (65x);157099.41;2023
Paris;21 Premier degré;F_interventions;F9 Autres subventions et participations (65x);35564389.03;2023
Paris;21 Premier degré;F_personnel;F1 Personnel (621, 631, 633, 64);402864221.83;2023
Paris;21 Premier degré;I_autres;I7 Autres investissements (13, 26, 27, 45x hors 455, 481);12436.93;2023
Paris;21 Premier degré;I_equipement;I1 Terrains, constructions, rénovations, gros travaux, avances (211-214, 217, 231x, 236-238);51790734.03;2023
Paris;21 Premier degré;I_equipement;I3 Mobilier, informatique, matériel (215x, 218x);4424725.8100000005;2023
Paris;21 Premier degré;I_equipement;I4 Études, logiciels, incorporels (20 hors 204);4153751.8000000003;2023
Paris;221 Collèges;F_achats_charges_externes;F3 Entretien, réparations, maintenance, nettoyage (6152x, 6155, 6156, 6283);1609707.94;2023
Paris;221 Collèges;F_achats_charges_externes;F4 Contrats de prestations de services (611);2.38;2023
Paris;221 Collèges;F_achats_charges_externes;F5 Locations et charges locatives (613, 614);2439.75;2023
Paris;221 Collèges;F_achats_charges_externes;F6 Autres achats et charges externes (60-62);550330.44;2023
Paris;221 Collèges;F_interventions;F7 Dotations de fonctionnement aux collèges publics (655111);16736730.96;2023
Paris;221 Collèges;F_interventions;F8 Dotations de fonctionnement aux collèges privés (655112);21691654.69;2023
Paris;221 Collèges;F_personnel;F1 Personnel (621, 631, 633, 64);28920437.73;2023
Paris;221 Collèges;I_autres;I7 Autres investissements (13, 26, 27, 45x hors 455, 481);0.0;2023
Paris;221 Collèges;I_equipement;I1 Terrains, constructions, rénovations, gros travaux, avances (211-214, 217, 231x, 236-238);13653407.129999999;2023
Paris;221 Collèges;I_equipement;I3 Mobilier, informatique, matériel (215x, 218x);739079.25;2023
Paris;221 Collèges;I_equipement;I4 Études, logiciels, incorporels (20 hors 204);551989.9;2023
Paris;221 Collèges;I_subventions_equipement_versees;I5 Subventions d'équipement versées (204, 2324);3088091.0;2023
Paris;222-224 Lycées;F_achats_charges_externes;F3 Entretien, réparations, maintenance, nettoyage (6152x, 6155, 6156, 6283);4728.0;2023
Paris;222-224 Lycées;F_interventions;F9 Autres subventions et participations (65x);4850000.0;2023
Paris;222-224 Lycées;F_personnel;F1 Personnel (621, 631, 633, 64);1208141.09;2023
Paris;222-224 Lycées;I_autres;I7 Autres investissements (13, 26, 27, 45x hors 455, 481);167422.87;2023
Paris;222-224 Lycées;I_equipement;I1 Terrains, constructions, rénovations, gros travaux, avances (211-214, 217, 231x, 236-238);91616.56;2023
Paris;222-224 Lycées;I_equipement;I4 Études, logiciels, incorporels (20 hors 204);8214.12;2023
Paris;222-224 Lycées;I_subventions_equipement_versees;I5 Subventions d'équipement versées (204, 2324);300000.0;2023
Paris;23-27 Hors scolaire;F_achats_charges_externes;F2 Énergie et eau (60611-60613, 60621-60622);12489.080000000002;2023
Paris;23-27 Hors scolaire;F_achats_charges_externes;F3 Entretien, réparations, maintenance, nettoyage (6152x, 6155, 6156, 6283);63039.939999999995;2023
Paris;23-27 Hors scolaire;F_achats_charges_externes;F4 Contrats de prestations de services (611);367038.58;2023
Paris;23-27 Hors scolaire;F_achats_charges_externes;F5 Locations et charges locatives (613, 614);475412.88;2023
Paris;23-27 Hors scolaire;F_achats_charges_externes;F6 Autres achats et charges externes (60-62);5204336.64;2023
Paris;23-27 Hors scolaire;F_autres;F9 Autres subventions et participations (65x);62375.060000000005;2023
Paris;23-27 Hors scolaire;F_interventions;F9 Autres subventions et participations (65x);19837727.0;2023
Paris;23-27 Hors scolaire;F_personnel;F1 Personnel (621, 631, 633, 64);21986458.259999998;2023
Paris;23-27 Hors scolaire;I_equipement;I1 Terrains, constructions, rénovations, gros travaux, avances (211-214, 217, 231x, 236-238);1400109.05;2023
Paris;23-27 Hors scolaire;I_equipement;I3 Mobilier, informatique, matériel (215x, 218x);238732.95;2023
Paris;23-27 Hors scolaire;I_equipement;I4 Études, logiciels, incorporels (20 hors 204);268732.22;2023
Paris;23-27 Hors scolaire;I_subventions_equipement_versees;I5 Subventions d'équipement versées (204, 2324);4541000.0;2023
Paris;24 Cités scolaires;F_autres;F9 Autres subventions et participations (65x);4096175.27;2023
Paris;24 Cités scolaires;F_personnel;F1 Personnel (621, 631, 633, 64);3150517.83;2023
Paris;24 Cités scolaires;I_equipement;I1 Terrains, constructions, rénovations, gros travaux, avances (211-214, 217, 231x, 236-238);220500.0;2023
Paris;24 Cités scolaires;I_equipement;I4 Études, logiciels, incorporels (20 hors 204);11848.18;2023
Paris;28 Services annexes;F_achats_charges_externes;F3 Entretien, réparations, maintenance, nettoyage (6152x, 6155, 6156, 6283);135057.64;2023
Paris;28 Services annexes;F_achats_charges_externes;F4 Contrats de prestations de services (611);802166.74;2023
Paris;28 Services annexes;F_achats_charges_externes;F5 Locations et charges locatives (613, 614);1773.6;2023
Paris;28 Services annexes;F_achats_charges_externes;F6 Autres achats et charges externes (60-62);16719029.47;2023
Paris;28 Services annexes;F_autres;F11 Autres charges de fonctionnement;22183.0;2023
Paris;28 Services annexes;F_autres;F9 Autres subventions et participations (65x);36834.16;2023
Paris;28 Services annexes;F_interventions;F7 Dotations de fonctionnement aux collèges publics (655111);1302600.02;2023
Paris;28 Services annexes;F_interventions;F9 Autres subventions et participations (65x);108430709.5;2023
Paris;28 Services annexes;F_personnel;F1 Personnel (621, 631, 633, 64);7243629.42;2023
Paris;28 Services annexes;I_equipement;I1 Terrains, constructions, rénovations, gros travaux, avances (211-214, 217, 231x, 236-238);10167431.12;2023
Paris;28 Services annexes;I_equipement;I3 Mobilier, informatique, matériel (215x, 218x);200027.51;2023
Paris;28 Services annexes;I_equipement;I4 Études, logiciels, incorporels (20 hors 204);361272.84;2023
Paris;28 Services annexes;I_subventions_equipement_versees;I5 Subventions d'équipement versées (204, 2324);918216.65;2023
Paris;dette 1675 (hors fonction 2);I_PPP_remboursement_capital_1675;I0 Remboursement en capital des marchés de partenariat (1675);2405323.91;2023
Seine-Saint-Denis;20 Services communs;F_achats_charges_externes;F6 Autres achats et charges externes (60-62);94479.11;2023
Seine-Saint-Denis;20 Services communs;F_personnel;F1 Personnel (621, 631, 633, 64);1044098.1;2023
Seine-Saint-Denis;221 Collèges;F_achats_charges_externes;F2 Énergie et eau (60611-60613, 60621-60622);17216507.29;2023
Seine-Saint-Denis;221 Collèges;F_achats_charges_externes;F3 Entretien, réparations, maintenance, nettoyage (6152x, 6155, 6156, 6283);6674904.94;2023
Seine-Saint-Denis;221 Collèges;F_achats_charges_externes;F4 Contrats de prestations de services (611);2010194.3;2023
Seine-Saint-Denis;221 Collèges;F_achats_charges_externes;F5 Locations et charges locatives (613, 614);166612.71;2023
Seine-Saint-Denis;221 Collèges;F_achats_charges_externes;F6 Autres achats et charges externes (60-62);13805444.790000001;2023
Seine-Saint-Denis;221 Collèges;F_autres;F11 Autres charges de fonctionnement;6518.22;2023
Seine-Saint-Denis;221 Collèges;F_autres;F9 Autres subventions et participations (65x);599955.87;2023
Seine-Saint-Denis;221 Collèges;F_charges_financieres;F10 Charges financières (66);6626592.55;2023
Seine-Saint-Denis;221 Collèges;F_interventions;F7 Dotations de fonctionnement aux collèges publics (655111);10494086.0;2023
Seine-Saint-Denis;221 Collèges;F_interventions;F8 Dotations de fonctionnement aux collèges privés (655112);7174330.0;2023
Seine-Saint-Denis;221 Collèges;F_interventions;F9 Autres subventions et participations (65x);6731936.14;2023
Seine-Saint-Denis;221 Collèges;F_personnel;F1 Personnel (621, 631, 633, 64);71544386.94;2023
Seine-Saint-Denis;221 Collèges;I_PPP_remboursement_capital_1675;I0 Remboursement en capital des marchés de partenariat (1675);16026223.91;2023
Seine-Saint-Denis;221 Collèges;I_autres;I7 Autres investissements (13, 26, 27, 45x hors 455, 481);963300.0;2023
Seine-Saint-Denis;221 Collèges;I_equipement;I1 Terrains, constructions, rénovations, gros travaux, avances (211-214, 217, 231x, 236-238);59650631.220000006;2023
Seine-Saint-Denis;221 Collèges;I_equipement;I3 Mobilier, informatique, matériel (215x, 218x);11772113.4;2023
Seine-Saint-Denis;221 Collèges;I_equipement;I4 Études, logiciels, incorporels (20 hors 204);5467970.54;2023
Seine-Saint-Denis;221 Collèges;I_equipement;I6 Autres immobilisations (21, 23);69500.0;2023
Seine-Saint-Denis;221 Collèges;I_subventions_equipement_versees;I5 Subventions d'équipement versées (204, 2324);1211803.62;2023
Seine-Saint-Denis;28 Services annexes;F_achats_charges_externes;F6 Autres achats et charges externes (60-62);2295.48;2023
Seine-Saint-Denis;dette 1675 (hors fonction 2);I_PPP_remboursement_capital_1675;I0 Remboursement en capital des marchés de partenariat (1675);0.0;2023
Seine-et-Marne;20 Services communs;F_achats_charges_externes;F4 Contrats de prestations de services (611);344672.53;2023
Seine-et-Marne;20 Services communs;F_achats_charges_externes;F5 Locations et charges locatives (613, 614);17242.38;2023
Seine-et-Marne;20 Services communs;F_achats_charges_externes;F6 Autres achats et charges externes (60-62);10639.179999999998;2023
Seine-et-Marne;20 Services communs;F_personnel;F1 Personnel (621, 631, 633, 64);40977660.76;2023
Seine-et-Marne;221 Collèges;F_achats_charges_externes;F2 Énergie et eau (60611-60613, 60621-60622);22641283.080000002;2023
Seine-et-Marne;221 Collèges;F_achats_charges_externes;F3 Entretien, réparations, maintenance, nettoyage (6152x, 6155, 6156, 6283);7823636.960000001;2023
Seine-et-Marne;221 Collèges;F_achats_charges_externes;F4 Contrats de prestations de services (611);520183.6;2023
Seine-et-Marne;221 Collèges;F_achats_charges_externes;F5 Locations et charges locatives (613, 614);755607.01;2023
Seine-et-Marne;221 Collèges;F_achats_charges_externes;F6 Autres achats et charges externes (60-62);1207453.2;2023
Seine-et-Marne;221 Collèges;F_autres;F11 Autres charges de fonctionnement;43098.58;2023
Seine-et-Marne;221 Collèges;F_autres;F9 Autres subventions et participations (65x);849249.98;2023
Seine-et-Marne;221 Collèges;F_interventions;F7 Dotations de fonctionnement aux collèges publics (655111);15206801.86;2023
Seine-et-Marne;221 Collèges;F_interventions;F8 Dotations de fonctionnement aux collèges privés (655112);5939682.07;2023
Seine-et-Marne;221 Collèges;F_interventions;F9 Autres subventions et participations (65x);732260.38;2023
Seine-et-Marne;221 Collèges;I_autres;I7 Autres investissements (13, 26, 27, 45x hors 455, 481);0.0;2023
Seine-et-Marne;221 Collèges;I_equipement;I1 Terrains, constructions, rénovations, gros travaux, avances (211-214, 217, 231x, 236-238);83209013.6;2023
Seine-et-Marne;221 Collèges;I_equipement;I3 Mobilier, informatique, matériel (215x, 218x);8380725.47;2023
Seine-et-Marne;221 Collèges;I_equipement;I4 Études, logiciels, incorporels (20 hors 204);4275075.92;2023
Seine-et-Marne;221 Collèges;I_subventions_equipement_versees;I5 Subventions d'équipement versées (204, 2324);167199.47;2023
Seine-et-Marne;23-27 Hors scolaire;F_achats_charges_externes;F6 Autres achats et charges externes (60-62);0.0;2023
Seine-et-Marne;23-27 Hors scolaire;F_interventions;F9 Autres subventions et participations (65x);318000.0;2023
Seine-et-Marne;28 Services annexes;F_achats_charges_externes;F4 Contrats de prestations de services (611);1106448.65;2023
Seine-et-Marne;28 Services annexes;F_interventions;F9 Autres subventions et participations (65x);123440.0;2023
Val-d'Oise;20 Services communs;F_achats_charges_externes;F6 Autres achats et charges externes (60-62);33435.68;2023
Val-d'Oise;20 Services communs;F_personnel;F1 Personnel (621, 631, 633, 64);43561329.2;2023
Val-d'Oise;21 Premier degré;F_achats_charges_externes;F6 Autres achats et charges externes (60-62);1520.0;2023
Val-d'Oise;21 Premier degré;I_subventions_equipement_versees;I5 Subventions d'équipement versées (204, 2324);7219452.85;2023
Val-d'Oise;221 Collèges;F_achats_charges_externes;F2 Énergie et eau (60611-60613, 60621-60622);7364826.84;2023
Val-d'Oise;221 Collèges;F_achats_charges_externes;F3 Entretien, réparations, maintenance, nettoyage (6152x, 6155, 6156, 6283);11719334.68;2023
Val-d'Oise;221 Collèges;F_achats_charges_externes;F5 Locations et charges locatives (613, 614);4337.28;2023
Val-d'Oise;221 Collèges;F_achats_charges_externes;F6 Autres achats et charges externes (60-62);4351423.23;2023
Val-d'Oise;221 Collèges;F_interventions;F7 Dotations de fonctionnement aux collèges publics (655111);12044794.07;2023
Val-d'Oise;221 Collèges;F_interventions;F8 Dotations de fonctionnement aux collèges privés (655112);9065694.72;2023
Val-d'Oise;221 Collèges;F_interventions;F9 Autres subventions et participations (65x);1735950.01;2023
Val-d'Oise;221 Collèges;I_autres;I7 Autres investissements (13, 26, 27, 45x hors 455, 481);0.0;2023
Val-d'Oise;221 Collèges;I_equipement;I1 Terrains, constructions, rénovations, gros travaux, avances (211-214, 217, 231x, 236-238);51419138.3;2023
Val-d'Oise;221 Collèges;I_equipement;I3 Mobilier, informatique, matériel (215x, 218x);6862527.34;2023
Val-d'Oise;221 Collèges;I_equipement;I4 Études, logiciels, incorporels (20 hors 204);806471.9500000001;2023
Val-d'Oise;221 Collèges;I_subventions_equipement_versees;I5 Subventions d'équipement versées (204, 2324);142986.89;2023
Val-d'Oise;222-224 Lycées;F_interventions;F9 Autres subventions et participations (65x);2400.0;2023
Val-d'Oise;23-27 Hors scolaire;F_interventions;F9 Autres subventions et participations (65x);167612.47;2023
Val-d'Oise;23-27 Hors scolaire;I_equipement;I1 Terrains, constructions, rénovations, gros travaux, avances (211-214, 217, 231x, 236-238);218809.48;2023
Val-d'Oise;23-27 Hors scolaire;I_equipement;I4 Études, logiciels, incorporels (20 hors 204);8460.0;2023
Val-d'Oise;23-27 Hors scolaire;I_subventions_equipement_versees;I5 Subventions d'équipement versées (204, 2324);200000.0;2023
Val-d'Oise;28 Services annexes;F_achats_charges_externes;F3 Entretien, réparations, maintenance, nettoyage (6152x, 6155, 6156, 6283);18203.16;2023
Val-d'Oise;28 Services annexes;F_achats_charges_externes;F5 Locations et charges locatives (613, 614);1154.99;2023
Val-d'Oise;28 Services annexes;F_achats_charges_externes;F6 Autres achats et charges externes (60-62);512944.58999999997;2023
Val-d'Oise;28 Services annexes;F_interventions;F9 Autres subventions et participations (65x);880080.0;2023
Val-d'Oise;28 Services annexes;I_equipement;I4 Études, logiciels, incorporels (20 hors 204);137618.04;2023
Val-de-Marne;20 Services communs;F_achats_charges_externes;F6 Autres achats et charges externes (60-62);87537.06;2023
Val-de-Marne;20 Services communs;F_personnel;F1 Personnel (621, 631, 633, 64);2851576.68;2023
Val-de-Marne;21 Premier degré;F_interventions;F9 Autres subventions et participations (65x);30332.0;2023
Val-de-Marne;221 Collèges;F_achats_charges_externes;F3 Entretien, réparations, maintenance, nettoyage (6152x, 6155, 6156, 6283);6702149.27;2023
Val-de-Marne;221 Collèges;F_achats_charges_externes;F4 Contrats de prestations de services (611);75067.19;2023
Val-de-Marne;221 Collèges;F_achats_charges_externes;F5 Locations et charges locatives (613, 614);16344.7;2023
Val-de-Marne;221 Collèges;F_achats_charges_externes;F6 Autres achats et charges externes (60-62);1307893.49;2023
Val-de-Marne;221 Collèges;F_autres;F11 Autres charges de fonctionnement;1856.75;2023
Val-de-Marne;221 Collèges;F_interventions;F7 Dotations de fonctionnement aux collèges publics (655111);17689671.11;2023
Val-de-Marne;221 Collèges;F_interventions;F8 Dotations de fonctionnement aux collèges privés (655112);7470970.0;2023
Val-de-Marne;221 Collèges;F_interventions;F9 Autres subventions et participations (65x);3075055.29;2023
Val-de-Marne;221 Collèges;F_personnel;F1 Personnel (621, 631, 633, 64);41866640.56;2023
Val-de-Marne;221 Collèges;I_autres;I7 Autres investissements (13, 26, 27, 45x hors 455, 481);0.0;2023
Val-de-Marne;221 Collèges;I_equipement;I1 Terrains, constructions, rénovations, gros travaux, avances (211-214, 217, 231x, 236-238);67730636.49;2023
Val-de-Marne;221 Collèges;I_equipement;I3 Mobilier, informatique, matériel (215x, 218x);12948513.25;2023
Val-de-Marne;221 Collèges;I_equipement;I4 Études, logiciels, incorporels (20 hors 204);1980744.08;2023
Val-de-Marne;221 Collèges;I_subventions_equipement_versees;I5 Subventions d'équipement versées (204, 2324);1247038.38;2023
Val-de-Marne;222-224 Lycées;I_subventions_equipement_versees;I5 Subventions d'équipement versées (204, 2324);311944.9;2023
Val-de-Marne;23-27 Hors scolaire;F_achats_charges_externes;F6 Autres achats et charges externes (60-62);3764.15;2023
Val-de-Marne;23-27 Hors scolaire;F_autres;F11 Autres charges de fonctionnement;22500.0;2023
Val-de-Marne;23-27 Hors scolaire;F_interventions;F9 Autres subventions et participations (65x);81887.0;2023
Val-de-Marne;23-27 Hors scolaire;I_subventions_equipement_versees;I5 Subventions d'équipement versées (204, 2324);300000.0;2023
Val-de-Marne;28 Services annexes;F_achats_charges_externes;F3 Entretien, réparations, maintenance, nettoyage (6152x, 6155, 6156, 6283);3523.84;2023
Val-de-Marne;28 Services annexes;F_achats_charges_externes;F6 Autres achats et charges externes (60-62);10615.8;2023
Val-de-Marne;28 Services annexes;F_interventions;F9 Autres subventions et participations (65x);19072.0;2023
Val-de-Marne;28 Services annexes;I_equipement;I1 Terrains, constructions, rénovations, gros travaux, avances (211-214, 217, 231x, 236-238);12404.95;2023
Yvelines;20 Services communs;F_personnel;F1 Personnel (621, 631, 633, 64);13130818.790000001;2023
Yvelines;21 Premier degré;F_achats_charges_externes;F5 Locations et charges locatives (613, 614);12616.0;2023
Yvelines;21 Premier degré;F_achats_charges_externes;F6 Autres achats et charges externes (60-62);92925.0;2023
Yvelines;21 Premier degré;F_interventions;F9 Autres subventions et participations (65x);181400.0;2023
Yvelines;21 Premier degré;I_autres;I7 Autres investissements (13, 26, 27, 45x hors 455, 481);6726.01;2023
Yvelines;221 Collèges;F_achats_charges_externes;F2 Énergie et eau (60611-60613, 60621-60622);17330429.37;2023
Yvelines;221 Collèges;F_achats_charges_externes;F3 Entretien, réparations, maintenance, nettoyage (6152x, 6155, 6156, 6283);4203998.63;2023
Yvelines;221 Collèges;F_achats_charges_externes;F6 Autres achats et charges externes (60-62);1001543.0800000001;2023
Yvelines;221 Collèges;F_autres;F11 Autres charges de fonctionnement;33730.63;2023
Yvelines;221 Collèges;F_autres;F9 Autres subventions et participations (65x);39641845.93;2023
Yvelines;221 Collèges;F_interventions;F7 Dotations de fonctionnement aux collèges publics (655111);7824238.0;2023
Yvelines;221 Collèges;F_interventions;F8 Dotations de fonctionnement aux collèges privés (655112);8382477.75;2023
Yvelines;221 Collèges;F_interventions;F9 Autres subventions et participations (65x);327060.0;2023
Yvelines;221 Collèges;I_autres;I7 Autres investissements (13, 26, 27, 45x hors 455, 481);0.0;2023
Yvelines;221 Collèges;I_equipement;I1 Terrains, constructions, rénovations, gros travaux, avances (211-214, 217, 231x, 236-238);48824532.99;2023
Yvelines;221 Collèges;I_equipement;I3 Mobilier, informatique, matériel (215x, 218x);92033.28;2023
Yvelines;221 Collèges;I_equipement;I4 Études, logiciels, incorporels (20 hors 204);2076847.76;2023
Yvelines;221 Collèges;I_subventions_equipement_versees;I5 Subventions d'équipement versées (204, 2324);6844969.24;2023
Yvelines;23-27 Hors scolaire;I_autres;I7 Autres investissements (13, 26, 27, 45x hors 455, 481);0.0;2023
Yvelines;23-27 Hors scolaire;I_equipement;I1 Terrains, constructions, rénovations, gros travaux, avances (211-214, 217, 231x, 236-238);26269764.8;2023
Yvelines;23-27 Hors scolaire;I_equipement;I4 Études, logiciels, incorporels (20 hors 204);98064.12;2023
Yvelines;23-27 Hors scolaire;I_subventions_equipement_versees;I5 Subventions d'équipement versées (204, 2324);1200000.0;2023
Yvelines;28 Services annexes;F_achats_charges_externes;F2 Énergie et eau (60611-60613, 60621-60622);11074.51;2023
Yvelines;28 Services annexes;F_achats_charges_externes;F3 Entretien, réparations, maintenance, nettoyage (6152x, 6155, 6156, 6283);11604.24;2023
Yvelines;28 Services annexes;F_achats_charges_externes;F6 Autres achats et charges externes (60-62);504440.61;2023
Yvelines;28 Services annexes;F_autres;F11 Autres charges de fonctionnement;-2074.42;2023
Yvelines;28 Services annexes;F_interventions;F9 Autres subventions et participations (65x);2982952.13;2023
Yvelines;28 Services annexes;I_equipement;I1 Terrains, constructions, rénovations, gros travaux, avances (211-214, 217, 231x, 236-238);625.06;2023
Yvelines;28 Services annexes;I_equipement;I4 Études, logiciels, incorporels (20 hors 204);14400.0;2023
France (départements, Paris, ML, CTU);221 Collèges;F_achats_charges_externes;F2 Énergie et eau (60611-60613, 60621-60622);189918645.11999997;2023
France (départements, Paris, ML, CTU);221 Collèges;F_achats_charges_externes;F3 Entretien, réparations, maintenance, nettoyage (6152x, 6155, 6156, 6283);163504902.66;2023
France (départements, Paris, ML, CTU);221 Collèges;F_achats_charges_externes;F4 Contrats de prestations de services (611);33416304.38;2023
France (départements, Paris, ML, CTU);221 Collèges;F_achats_charges_externes;F5 Locations et charges locatives (613, 614);16353496.52;2023
France (départements, Paris, ML, CTU);221 Collèges;F_achats_charges_externes;F6 Autres achats et charges externes (60-62);158262016.83;2023
France (départements, Paris, ML, CTU);221 Collèges;F_autres;F11 Autres charges de fonctionnement;5033348.27;2023
France (départements, Paris, ML, CTU);221 Collèges;F_autres;F9 Autres subventions et participations (65x);71256789.64;2023
France (départements, Paris, ML, CTU);221 Collèges;F_charges_financieres;F10 Charges financières (66);14264161.08;2023
France (départements, Paris, ML, CTU);221 Collèges;F_interventions;F7 Dotations de fonctionnement aux collèges publics (655111);789109886.3000001;2023
France (départements, Paris, ML, CTU);221 Collèges;F_interventions;F8 Dotations de fonctionnement aux collèges privés (655112);445141671.88;2023
France (départements, Paris, ML, CTU);221 Collèges;F_interventions;F9 Autres subventions et participations (65x);113673470.22;2023
France (départements, Paris, ML, CTU);221 Collèges;F_personnel;F1 Personnel (621, 631, 633, 64);1336654919.73;2023
France (départements, Paris, ML, CTU);221 Collèges;I_PPP_remboursement_capital_1675;I0 Remboursement en capital des marchés de partenariat (1675);29879413.17;2023
France (départements, Paris, ML, CTU);221 Collèges;I_autres;I2 Opérations sous mandat des EPLE (455);469752.66000000003;2023
France (départements, Paris, ML, CTU);221 Collèges;I_autres;I7 Autres investissements (13, 26, 27, 45x hors 455, 481);5581417.43;2023
France (départements, Paris, ML, CTU);221 Collèges;I_equipement;I1 Terrains, constructions, rénovations, gros travaux, avances (211-214, 217, 231x, 236-238);2061031805.54;2023
France (départements, Paris, ML, CTU);221 Collèges;I_equipement;I3 Mobilier, informatique, matériel (215x, 218x);361808358.71;2023
France (départements, Paris, ML, CTU);221 Collèges;I_equipement;I4 Études, logiciels, incorporels (20 hors 204);98203814.65;2023
France (départements, Paris, ML, CTU);221 Collèges;I_equipement;I6 Autres immobilisations (21, 23);433050.12;2023
France (départements, Paris, ML, CTU);221 Collèges;I_subventions_equipement_versees;I5 Subventions d'équipement versées (204, 2324);100583154.01;2023
France catégorie CTU;221 Collèges;F_achats_charges_externes;F2 Énergie et eau (60611-60613, 60621-60622);1484.94;2023
France catégorie CTU;221 Collèges;F_achats_charges_externes;F3 Entretien, réparations, maintenance, nettoyage (6152x, 6155, 6156, 6283);546480.26;2023
France catégorie CTU;221 Collèges;F_achats_charges_externes;F4 Contrats de prestations de services (611);4925.57;2023
France catégorie CTU;221 Collèges;F_achats_charges_externes;F5 Locations et charges locatives (613, 614);994455.98;2023
France catégorie CTU;221 Collèges;F_achats_charges_externes;F6 Autres achats et charges externes (60-62);1909737.1500000001;2023
France catégorie CTU;221 Collèges;F_autres;F9 Autres subventions et participations (65x);17937.94;2023
France catégorie CTU;221 Collèges;F_interventions;F7 Dotations de fonctionnement aux collèges publics (655111);16168823.0;2023
France catégorie CTU;221 Collèges;F_interventions;F8 Dotations de fonctionnement aux collèges privés (655112);1587584.89;2023
France catégorie CTU;221 Collèges;F_interventions;F9 Autres subventions et participations (65x);2485287.51;2023
France catégorie CTU;221 Collèges;F_personnel;F1 Personnel (621, 631, 633, 64);21654291.95;2023
France catégorie CTU;221 Collèges;I_autres;I7 Autres investissements (13, 26, 27, 45x hors 455, 481);0.0;2023
France catégorie CTU;221 Collèges;I_equipement;I1 Terrains, constructions, rénovations, gros travaux, avances (211-214, 217, 231x, 236-238);47667560.88;2023
France catégorie CTU;221 Collèges;I_equipement;I3 Mobilier, informatique, matériel (215x, 218x);10343783.91;2023
France catégorie CTU;221 Collèges;I_equipement;I4 Études, logiciels, incorporels (20 hors 204);2502325.95;2023
France catégorie CTU;221 Collèges;I_subventions_equipement_versees;I5 Subventions d'équipement versées (204, 2324);3595656.83;2023
France catégorie DEPT;221 Collèges;F_achats_charges_externes;F2 Énergie et eau (60611-60613, 60621-60622);189648032.64;2023
France catégorie DEPT;221 Collèges;F_achats_charges_externes;F3 Entretien, réparations, maintenance, nettoyage (6152x, 6155, 6156, 6283);157647800.69;2023
France catégorie DEPT;221 Collèges;F_achats_charges_externes;F4 Contrats de prestations de services (611);30760746.799999997;2023
France catégorie DEPT;221 Collèges;F_achats_charges_externes;F5 Locations et charges locatives (613, 614);14880249.64;2023
France catégorie DEPT;221 Collèges;F_achats_charges_externes;F6 Autres achats et charges externes (60-62);154083332.75;2023
France catégorie DEPT;221 Collèges;F_autres;F11 Autres charges de fonctionnement;5033348.27;2023
France catégorie DEPT;221 Collèges;F_autres;F9 Autres subventions et participations (65x);66516080.54;2023
France catégorie DEPT;221 Collèges;F_charges_financieres;F10 Charges financières (66);14264161.08;2023
France catégorie DEPT;221 Collèges;F_interventions;F7 Dotations de fonctionnement aux collèges publics (655111);739766541.2;2023
France catégorie DEPT;221 Collèges;F_interventions;F8 Dotations de fonctionnement aux collèges privés (655112);409223339.67999995;2023
France catégorie DEPT;221 Collèges;F_interventions;F9 Autres subventions et participations (65x);110273810.51;2023
France catégorie DEPT;221 Collèges;F_personnel;F1 Personnel (621, 631, 633, 64);1255683551.82;2023
France catégorie DEPT;221 Collèges;I_PPP_remboursement_capital_1675;I0 Remboursement en capital des marchés de partenariat (1675);29879413.17;2023
France catégorie DEPT;221 Collèges;I_autres;I2 Opérations sous mandat des EPLE (455);469752.66000000003;2023
France catégorie DEPT;221 Collèges;I_autres;I7 Autres investissements (13, 26, 27, 45x hors 455, 481);5575010.54;2023
France catégorie DEPT;221 Collèges;I_equipement;I1 Terrains, constructions, rénovations, gros travaux, avances (211-214, 217, 231x, 236-238);1970406939.22;2023
France catégorie DEPT;221 Collèges;I_equipement;I3 Mobilier, informatique, matériel (215x, 218x);346287613.85;2023
France catégorie DEPT;221 Collèges;I_equipement;I4 Études, logiciels, incorporels (20 hors 204);93577070.72999999;2023
France catégorie DEPT;221 Collèges;I_equipement;I6 Autres immobilisations (21, 23);433050.12;2023
France catégorie DEPT;221 Collèges;I_subventions_equipement_versees;I5 Subventions d'équipement versées (204, 2324);91571667.67;2023
France catégorie ML;221 Collèges;F_achats_charges_externes;F2 Énergie et eau (60611-60613, 60621-60622);269127.54;2023
France catégorie ML;221 Collèges;F_achats_charges_externes;F3 Entretien, réparations, maintenance, nettoyage (6152x, 6155, 6156, 6283);3700913.77;2023
France catégorie ML;221 Collèges;F_achats_charges_externes;F4 Contrats de prestations de services (611);2650629.63;2023
France catégorie ML;221 Collèges;F_achats_charges_externes;F5 Locations et charges locatives (613, 614);476351.15;2023
France catégorie ML;221 Collèges;F_achats_charges_externes;F6 Autres achats et charges externes (60-62);1718616.49;2023
France catégorie ML;221 Collèges;F_autres;F9 Autres subventions et participations (65x);4722771.16;2023
France catégorie ML;221 Collèges;F_interventions;F7 Dotations de fonctionnement aux collèges publics (655111);16437791.14;2023
France catégorie ML;221 Collèges;F_interventions;F8 Dotations de fonctionnement aux collèges privés (655112);12639092.62;2023
France catégorie ML;221 Collèges;F_interventions;F9 Autres subventions et participations (65x);914372.2;2023
France catégorie ML;221 Collèges;F_personnel;F1 Personnel (621, 631, 633, 64);30396638.23;2023
France catégorie ML;221 Collèges;I_autres;I7 Autres investissements (13, 26, 27, 45x hors 455, 481);6406.89;2023
France catégorie ML;221 Collèges;I_equipement;I1 Terrains, constructions, rénovations, gros travaux, avances (211-214, 217, 231x, 236-238);29303898.31;2023
France catégorie ML;221 Collèges;I_equipement;I3 Mobilier, informatique, matériel (215x, 218x);4437881.7;2023
France catégorie ML;221 Collèges;I_equipement;I4 Études, logiciels, incorporels (20 hors 204);1572428.07;2023
France catégorie ML;221 Collèges;I_subventions_equipement_versees;I5 Subventions d'équipement versées (204, 2324);2327738.5100000002;2023
France catégorie PARIS;221 Collèges;F_achats_charges_externes;F3 Entretien, réparations, maintenance, nettoyage (6152x, 6155, 6156, 6283);1609707.94;2023
France catégorie PARIS;221 Collèges;F_achats_charges_externes;F4 Contrats de prestations de services (611);2.38;2023
France catégorie PARIS;221 Collèges;F_achats_charges_externes;F5 Locations et charges locatives (613, 614);2439.75;2023
France catégorie PARIS;221 Collèges;F_achats_charges_externes;F6 Autres achats et charges externes (60-62);550330.44;2023
France catégorie PARIS;221 Collèges;F_interventions;F7 Dotations de fonctionnement aux collèges publics (655111);16736730.96;2023
France catégorie PARIS;221 Collèges;F_interventions;F8 Dotations de fonctionnement aux collèges privés (655112);21691654.69;2023
France catégorie PARIS;221 Collèges;F_personnel;F1 Personnel (621, 631, 633, 64);28920437.73;2023
France catégorie PARIS;221 Collèges;I_autres;I7 Autres investissements (13, 26, 27, 45x hors 455, 481);0.0;2023
France catégorie PARIS;221 Collèges;I_equipement;I1 Terrains, constructions, rénovations, gros travaux, avances (211-214, 217, 231x, 236-238);13653407.129999999;2023
France catégorie PARIS;221 Collèges;I_equipement;I3 Mobilier, informatique, matériel (215x, 218x);739079.25;2023
France catégorie PARIS;221 Collèges;I_equipement;I4 Études, logiciels, incorporels (20 hors 204);551989.9;2023
France catégorie PARIS;221 Collèges;I_subventions_equipement_versees;I5 Subventions d'équipement versées (204, 2324);3088091.0;2023
Essonne;221 Collèges;F_achats_charges_externes;F2 Énergie et eau (60611-60613, 60621-60622);14201596.280000001;2024
Essonne;221 Collèges;F_achats_charges_externes;F3 Entretien, réparations, maintenance, nettoyage (6152x, 6155, 6156, 6283);5857233.3100000005;2024
Essonne;221 Collèges;F_achats_charges_externes;F5 Locations et charges locatives (613, 614);3151.25;2024
Essonne;221 Collèges;F_achats_charges_externes;F6 Autres achats et charges externes (60-62);17596224.08;2024
Essonne;221 Collèges;F_autres;F11 Autres charges de fonctionnement;84066.41;2024
Essonne;221 Collèges;F_autres;F9 Autres subventions et participations (65x);194935.18;2024
Essonne;221 Collèges;F_interventions;F7 Dotations de fonctionnement aux collèges publics (655111);8666317.27;2024
Essonne;221 Collèges;F_interventions;F8 Dotations de fonctionnement aux collèges privés (655112);6767936.97;2024
Essonne;221 Collèges;F_interventions;F9 Autres subventions et participations (65x);4338663.05;2024
Essonne;221 Collèges;F_personnel;F1 Personnel (621, 631, 633, 64);45610108.36;2024
Essonne;221 Collèges;I_autres;I7 Autres investissements (13, 26, 27, 45x hors 455, 481);0.0;2024
Essonne;221 Collèges;I_equipement;I1 Terrains, constructions, rénovations, gros travaux, avances (211-214, 217, 231x, 236-238);56133896.39;2024
Essonne;221 Collèges;I_equipement;I3 Mobilier, informatique, matériel (215x, 218x);12191148.67;2024
Essonne;221 Collèges;I_equipement;I4 Études, logiciels, incorporels (20 hors 204);1229812.07;2024
Essonne;221 Collèges;I_subventions_equipement_versees;I5 Subventions d'équipement versées (204, 2324);247926.08;2024
Essonne;23-27 Hors scolaire;I_subventions_equipement_versees;I5 Subventions d'équipement versées (204, 2324);48095.13;2024
Essonne;28 Services annexes;F_achats_charges_externes;F2 Énergie et eau (60611-60613, 60621-60622);12850.72;2024
Essonne;28 Services annexes;F_achats_charges_externes;F3 Entretien, réparations, maintenance, nettoyage (6152x, 6155, 6156, 6283);3274.98;2024
Essonne;28 Services annexes;F_achats_charges_externes;F5 Locations et charges locatives (613, 614);30065.620000000003;2024
Hauts-de-Seine;20 Services communs;F_achats_charges_externes;F3 Entretien, réparations, maintenance, nettoyage (6152x, 6155, 6156, 6283);3152.24;2024
Hauts-de-Seine;21 Premier degré;I_subventions_equipement_versees;I5 Subventions d'équipement versées (204, 2324);15793238.32;2024
Hauts-de-Seine;221 Collèges;F_achats_charges_externes;F2 Énergie et eau (60611-60613, 60621-60622);18691251.96;2024
Hauts-de-Seine;221 Collèges;F_achats_charges_externes;F3 Entretien, réparations, maintenance, nettoyage (6152x, 6155, 6156, 6283);10127421.45;2024
Hauts-de-Seine;221 Collèges;F_achats_charges_externes;F4 Contrats de prestations de services (611);1092258.72;2024
Hauts-de-Seine;221 Collèges;F_achats_charges_externes;F5 Locations et charges locatives (613, 614);382793.04;2024
Hauts-de-Seine;221 Collèges;F_achats_charges_externes;F6 Autres achats et charges externes (60-62);32116161.21;2024
Hauts-de-Seine;221 Collèges;F_autres;F11 Autres charges de fonctionnement;1064.19;2024
Hauts-de-Seine;221 Collèges;F_autres;F9 Autres subventions et participations (65x);555430.93;2024
Hauts-de-Seine;221 Collèges;F_charges_financieres;F10 Charges financières (66);301808.17;2024
Hauts-de-Seine;221 Collèges;F_interventions;F7 Dotations de fonctionnement aux collèges publics (655111);10977367.22;2024
Hauts-de-Seine;221 Collèges;F_interventions;F8 Dotations de fonctionnement aux collèges privés (655112);11057759.37;2024
Hauts-de-Seine;221 Collèges;F_interventions;F9 Autres subventions et participations (65x);5538817.26;2024
Hauts-de-Seine;221 Collèges;F_personnel;F1 Personnel (621, 631, 633, 64);37935973.01;2024
Hauts-de-Seine;221 Collèges;I_PPP_remboursement_capital_1675;I0 Remboursement en capital des marchés de partenariat (1675);2909041.73;2024
Hauts-de-Seine;221 Collèges;I_autres;I7 Autres investissements (13, 26, 27, 45x hors 455, 481);0.0;2024
Hauts-de-Seine;221 Collèges;I_equipement;I1 Terrains, constructions, rénovations, gros travaux, avances (211-214, 217, 231x, 236-238);100798708.39;2024
Hauts-de-Seine;221 Collèges;I_equipement;I3 Mobilier, informatique, matériel (215x, 218x);6358038.619999999;2024
Hauts-de-Seine;221 Collèges;I_equipement;I4 Études, logiciels, incorporels (20 hors 204);2345749.9699999997;2024
Hauts-de-Seine;221 Collèges;I_equipement;I6 Autres immobilisations (21, 23);278721.12;2024
Hauts-de-Seine;221 Collèges;I_subventions_equipement_versees;I5 Subventions d'équipement versées (204, 2324);1586219.11;2024
Hauts-de-Seine;23-27 Hors scolaire;F_achats_charges_externes;F2 Énergie et eau (60611-60613, 60621-60622);2381480.64;2024
Hauts-de-Seine;23-27 Hors scolaire;F_achats_charges_externes;F3 Entretien, réparations, maintenance, nettoyage (6152x, 6155, 6156, 6283);1335047.4500000002;2024
Hauts-de-Seine;23-27 Hors scolaire;F_achats_charges_externes;F5 Locations et charges locatives (613, 614);1225.62;2024
Hauts-de-Seine;23-27 Hors scolaire;F_achats_charges_externes;F6 Autres achats et charges externes (60-62);1585152.71;2024
Hauts-de-Seine;23-27 Hors scolaire;F_autres;F11 Autres charges de fonctionnement;6752484.35;2024
Hauts-de-Seine;23-27 Hors scolaire;I_equipement;I1 Terrains, constructions, rénovations, gros travaux, avances (211-214, 217, 231x, 236-238);519942.83999999997;2024
Hauts-de-Seine;23-27 Hors scolaire;I_equipement;I3 Mobilier, informatique, matériel (215x, 218x);4781.0;2024
Hauts-de-Seine;23-27 Hors scolaire;I_subventions_equipement_versees;I5 Subventions d'équipement versées (204, 2324);1000000.0;2024
Hauts-de-Seine;28 Services annexes;F_achats_charges_externes;F3 Entretien, réparations, maintenance, nettoyage (6152x, 6155, 6156, 6283);43804.55;2024
Hauts-de-Seine;28 Services annexes;F_achats_charges_externes;F6 Autres achats et charges externes (60-62);284599.72;2024
Hauts-de-Seine;28 Services annexes;F_interventions;F9 Autres subventions et participations (65x);580524.0;2024
Hauts-de-Seine;dette 1675 (hors fonction 2);I_PPP_remboursement_capital_1675;I0 Remboursement en capital des marchés de partenariat (1675);5440817.66;2024
Paris;20 Services communs;F_achats_charges_externes;F2 Énergie et eau (60611-60613, 60621-60622);28135.29;2024
Paris;20 Services communs;F_achats_charges_externes;F3 Entretien, réparations, maintenance, nettoyage (6152x, 6155, 6156, 6283);47852.450000000004;2024
Paris;20 Services communs;F_achats_charges_externes;F4 Contrats de prestations de services (611);148947.52;2024
Paris;20 Services communs;F_achats_charges_externes;F5 Locations et charges locatives (613, 614);299331.72;2024
Paris;20 Services communs;F_achats_charges_externes;F6 Autres achats et charges externes (60-62);405938.12;2024
Paris;20 Services communs;F_autres;F11 Autres charges de fonctionnement;0.0;2024
Paris;20 Services communs;F_autres;F9 Autres subventions et participations (65x);969060.68;2024
Paris;20 Services communs;F_interventions;F9 Autres subventions et participations (65x);66158.01;2024
Paris;20 Services communs;F_personnel;F1 Personnel (621, 631, 633, 64);72131486.2;2024
Paris;20 Services communs;I_equipement;I1 Terrains, constructions, rénovations, gros travaux, avances (211-214, 217, 231x, 236-238);1219988.41;2024
Paris;20 Services communs;I_equipement;I3 Mobilier, informatique, matériel (215x, 218x);235270.1;2024
Paris;20 Services communs;I_equipement;I4 Études, logiciels, incorporels (20 hors 204);89524.55;2024
Paris;21 Premier degré;F_achats_charges_externes;F3 Entretien, réparations, maintenance, nettoyage (6152x, 6155, 6156, 6283);4545688.85;2024
Paris;21 Premier degré;F_achats_charges_externes;F4 Contrats de prestations de services (611);2009993.59;2024
Paris;21 Premier degré;F_achats_charges_externes;F5 Locations et charges locatives (613, 614);565509.02;2024
Paris;21 Premier degré;F_achats_charges_externes;F6 Autres achats et charges externes (60-62);1904714.5;2024
Paris;21 Premier degré;F_autres;F11 Autres charges de fonctionnement;2321314.81;2024
Paris;21 Premier degré;F_autres;F9 Autres subventions et participations (65x);31653.440000000002;2024
Paris;21 Premier degré;F_interventions;F9 Autres subventions et participations (65x);35292923.16;2024
Paris;21 Premier degré;F_personnel;F1 Personnel (621, 631, 633, 64);425990039.37;2024
Paris;21 Premier degré;I_autres;I7 Autres investissements (13, 26, 27, 45x hors 455, 481);57629.86;2024
Paris;21 Premier degré;I_equipement;I1 Terrains, constructions, rénovations, gros travaux, avances (211-214, 217, 231x, 236-238);44953680.849999994;2024
Paris;21 Premier degré;I_equipement;I3 Mobilier, informatique, matériel (215x, 218x);4585747.07;2024
Paris;21 Premier degré;I_equipement;I4 Études, logiciels, incorporels (20 hors 204);3636753.35;2024
Paris;221 Collèges;F_achats_charges_externes;F3 Entretien, réparations, maintenance, nettoyage (6152x, 6155, 6156, 6283);1641072.4400000002;2024
Paris;221 Collèges;F_achats_charges_externes;F4 Contrats de prestations de services (611);1212.77;2024
Paris;221 Collèges;F_achats_charges_externes;F5 Locations et charges locatives (613, 614);21310.0;2024
Paris;221 Collèges;F_achats_charges_externes;F6 Autres achats et charges externes (60-62);725303.38;2024
Paris;221 Collèges;F_autres;F9 Autres subventions et participations (65x);764.21;2024
Paris;221 Collèges;F_interventions;F7 Dotations de fonctionnement aux collèges publics (655111);16227868.0;2024
Paris;221 Collèges;F_interventions;F8 Dotations de fonctionnement aux collèges privés (655112);21693151.71;2024
Paris;221 Collèges;F_interventions;F9 Autres subventions et participations (65x);50000.0;2024
Paris;221 Collèges;F_personnel;F1 Personnel (621, 631, 633, 64);29377396.89;2024
Paris;221 Collèges;I_autres;I7 Autres investissements (13, 26, 27, 45x hors 455, 481);0.0;2024
Paris;221 Collèges;I_equipement;I1 Terrains, constructions, rénovations, gros travaux, avances (211-214, 217, 231x, 236-238);14295082.65;2024
Paris;221 Collèges;I_equipement;I3 Mobilier, informatique, matériel (215x, 218x);94722.48000000001;2024
Paris;221 Collèges;I_equipement;I4 Études, logiciels, incorporels (20 hors 204);718369.52;2024
Paris;221 Collèges;I_subventions_equipement_versees;I5 Subventions d'équipement versées (204, 2324);4009093.0;2024
Paris;222-224 Lycées;F_achats_charges_externes;F3 Entretien, réparations, maintenance, nettoyage (6152x, 6155, 6156, 6283);7830.41;2024
Paris;222-224 Lycées;F_achats_charges_externes;F6 Autres achats et charges externes (60-62);3435.05;2024
Paris;222-224 Lycées;F_interventions;F9 Autres subventions et participations (65x);5200000.0;2024
Paris;222-224 Lycées;F_personnel;F1 Personnel (621, 631, 633, 64);1067633.63;2024
Paris;222-224 Lycées;I_autres;I7 Autres investissements (13, 26, 27, 45x hors 455, 481);176661.39;2024
Paris;222-224 Lycées;I_equipement;I1 Terrains, constructions, rénovations, gros travaux, avances (211-214, 217, 231x, 236-238);545718.94;2024
Paris;222-224 Lycées;I_equipement;I4 Études, logiciels, incorporels (20 hors 204);23287.31;2024
Paris;222-224 Lycées;I_subventions_equipement_versees;I5 Subventions d'équipement versées (204, 2324);200000.0;2024
Paris;23-27 Hors scolaire;F_achats_charges_externes;F2 Énergie et eau (60611-60613, 60621-60622);8292.08;2024
Paris;23-27 Hors scolaire;F_achats_charges_externes;F3 Entretien, réparations, maintenance, nettoyage (6152x, 6155, 6156, 6283);76615.27;2024
Paris;23-27 Hors scolaire;F_achats_charges_externes;F4 Contrats de prestations de services (611);372245.95;2024
Paris;23-27 Hors scolaire;F_achats_charges_externes;F5 Locations et charges locatives (613, 614);364946.16;2024
Paris;23-27 Hors scolaire;F_achats_charges_externes;F6 Autres achats et charges externes (60-62);5523476.23;2024
Paris;23-27 Hors scolaire;F_autres;F9 Autres subventions et participations (65x);79321.12;2024
Paris;23-27 Hors scolaire;F_interventions;F9 Autres subventions et participations (65x);21390964.5;2024
Paris;23-27 Hors scolaire;F_personnel;F1 Personnel (621, 631, 633, 64);23594426.79;2024
Paris;23-27 Hors scolaire;I_autres;I7 Autres investissements (13, 26, 27, 45x hors 455, 481);2796.76;2024
Paris;23-27 Hors scolaire;I_equipement;I1 Terrains, constructions, rénovations, gros travaux, avances (211-214, 217, 231x, 236-238);1770173.75;2024
Paris;23-27 Hors scolaire;I_equipement;I3 Mobilier, informatique, matériel (215x, 218x);279826.51;2024
Paris;23-27 Hors scolaire;I_equipement;I4 Études, logiciels, incorporels (20 hors 204);335023.69;2024
Paris;23-27 Hors scolaire;I_subventions_equipement_versees;I5 Subventions d'équipement versées (204, 2324);12770000.0;2024
Paris;24 Cités scolaires;F_autres;F9 Autres subventions et participations (65x);4293767.82;2024
Paris;24 Cités scolaires;F_personnel;F1 Personnel (621, 631, 633, 64);3627009.43;2024
Paris;24 Cités scolaires;I_equipement;I1 Terrains, constructions, rénovations, gros travaux, avances (211-214, 217, 231x, 236-238);2736510.28;2024
Paris;28 Services annexes;F_achats_charges_externes;F3 Entretien, réparations, maintenance, nettoyage (6152x, 6155, 6156, 6283);195322.72999999998;2024
Paris;28 Services annexes;F_achats_charges_externes;F4 Contrats de prestations de services (611);1023366.4199999999;2024
Paris;28 Services annexes;F_achats_charges_externes;F5 Locations et charges locatives (613, 614);9693.29;2024
Paris;28 Services annexes;F_achats_charges_externes;F6 Autres achats et charges externes (60-62);16372657.8;2024
Paris;28 Services annexes;F_autres;F11 Autres charges de fonctionnement;0.0;2024
Paris;28 Services annexes;F_autres;F9 Autres subventions et participations (65x);18593.19;2024
Paris;28 Services annexes;F_interventions;F7 Dotations de fonctionnement aux collèges publics (655111);609776.63;2024
Paris;28 Services annexes;F_interventions;F9 Autres subventions et participations (65x);126997524.02;2024
Paris;28 Services annexes;F_personnel;F1 Personnel (621, 631, 633, 64);7451912.970000001;2024
Paris;28 Services annexes;I_equipement;I1 Terrains, constructions, rénovations, gros travaux, avances (211-214, 217, 231x, 236-238);5922627.62;2024
Paris;28 Services annexes;I_equipement;I3 Mobilier, informatique, matériel (215x, 218x);520997.56999999995;2024
Paris;28 Services annexes;I_equipement;I4 Études, logiciels, incorporels (20 hors 204);579683.42;2024
Paris;28 Services annexes;I_subventions_equipement_versees;I5 Subventions d'équipement versées (204, 2324);671627.89;2024
Paris;dette 1675 (hors fonction 2);I_PPP_remboursement_capital_1675;I0 Remboursement en capital des marchés de partenariat (1675);2333860.74;2024
Seine-Saint-Denis;221 Collèges;F_achats_charges_externes;F2 Énergie et eau (60611-60613, 60621-60622);20071073.35;2024
Seine-Saint-Denis;221 Collèges;F_achats_charges_externes;F3 Entretien, réparations, maintenance, nettoyage (6152x, 6155, 6156, 6283);6748529.93;2024
Seine-Saint-Denis;221 Collèges;F_achats_charges_externes;F4 Contrats de prestations de services (611);1891078.52;2024
Seine-Saint-Denis;221 Collèges;F_achats_charges_externes;F6 Autres achats et charges externes (60-62);7814659.79;2024
Seine-Saint-Denis;221 Collèges;F_autres;F9 Autres subventions et participations (65x);136600.14;2024
Seine-Saint-Denis;221 Collèges;F_charges_financieres;F10 Charges financières (66);6337581.87;2024
Seine-Saint-Denis;221 Collèges;F_interventions;F7 Dotations de fonctionnement aux collèges publics (655111);10767755.0;2024
Seine-Saint-Denis;221 Collèges;F_interventions;F8 Dotations de fonctionnement aux collèges privés (655112);7343424.0;2024
Seine-Saint-Denis;221 Collèges;F_interventions;F9 Autres subventions et participations (65x);2802523.6399999997;2024
Seine-Saint-Denis;221 Collèges;F_personnel;F1 Personnel (621, 631, 633, 64);73893698.82;2024
Seine-Saint-Denis;221 Collèges;I_PPP_remboursement_capital_1675;I0 Remboursement en capital des marchés de partenariat (1675);16362280.46;2024
Seine-Saint-Denis;221 Collèges;I_autres;I7 Autres investissements (13, 26, 27, 45x hors 455, 481);507972.57;2024
Seine-Saint-Denis;221 Collèges;I_equipement;I1 Terrains, constructions, rénovations, gros travaux, avances (211-214, 217, 231x, 236-238);71745559.0;2024
Seine-Saint-Denis;221 Collèges;I_equipement;I3 Mobilier, informatique, matériel (215x, 218x);8039509.369999999;2024
Seine-Saint-Denis;221 Collèges;I_equipement;I4 Études, logiciels, incorporels (20 hors 204);6332502.75;2024
Seine-Saint-Denis;221 Collèges;I_equipement;I6 Autres immobilisations (21, 23);10000.0;2024
Seine-Saint-Denis;221 Collèges;I_subventions_equipement_versees;I5 Subventions d'équipement versées (204, 2324);120687.0;2024
Seine-Saint-Denis;24 Cités scolaires;I_subventions_equipement_versees;I5 Subventions d'équipement versées (204, 2324);80000.0;2024
Seine-Saint-Denis;28 Services annexes;F_achats_charges_externes;F2 Énergie et eau (60611-60613, 60621-60622);7575.89;2024
Seine-Saint-Denis;28 Services annexes;F_achats_charges_externes;F5 Locations et charges locatives (613, 614);118078.01;2024
Seine-Saint-Denis;28 Services annexes;F_achats_charges_externes;F6 Autres achats et charges externes (60-62);6272624.6;2024
Seine-Saint-Denis;28 Services annexes;F_interventions;F9 Autres subventions et participations (65x);4709579.36;2024
Seine-Saint-Denis;dette 1675 (hors fonction 2);I_PPP_remboursement_capital_1675;I0 Remboursement en capital des marchés de partenariat (1675);0.0;2024
Seine-et-Marne;20 Services communs;F_achats_charges_externes;F4 Contrats de prestations de services (611);313725.06;2024
Seine-et-Marne;20 Services communs;F_achats_charges_externes;F6 Autres achats et charges externes (60-62);26783.09;2024
Seine-et-Marne;20 Services communs;F_personnel;F1 Personnel (621, 631, 633, 64);50430194.13;2024
Seine-et-Marne;221 Collèges;F_achats_charges_externes;F2 Énergie et eau (60611-60613, 60621-60622);15157765.23;2024
Seine-et-Marne;221 Collèges;F_achats_charges_externes;F3 Entretien, réparations, maintenance, nettoyage (6152x, 6155, 6156, 6283);9708150.81;2024
Seine-et-Marne;221 Collèges;F_achats_charges_externes;F4 Contrats de prestations de services (611);1218547.74;2024
Seine-et-Marne;221 Collèges;F_achats_charges_externes;F5 Locations et charges locatives (613, 614);576782.39;2024
Seine-et-Marne;221 Collèges;F_achats_charges_externes;F6 Autres achats et charges externes (60-62);605810.47;2024
Seine-et-Marne;221 Collèges;F_autres;F11 Autres charges de fonctionnement;101237.98999999999;2024
Seine-et-Marne;221 Collèges;F_autres;F9 Autres subventions et participations (65x);5824462.3;2024
Seine-et-Marne;221 Collèges;F_interventions;F7 Dotations de fonctionnement aux collèges publics (655111);11510541.0;2024
Seine-et-Marne;221 Collèges;F_interventions;F8 Dotations de fonctionnement aux collèges privés (655112);5886842.43;2024
Seine-et-Marne;221 Collèges;F_interventions;F9 Autres subventions et participations (65x);742037.25;2024
Seine-et-Marne;221 Collèges;I_autres;I7 Autres investissements (13, 26, 27, 45x hors 455, 481);0.0;2024
Seine-et-Marne;221 Collèges;I_equipement;I1 Terrains, constructions, rénovations, gros travaux, avances (211-214, 217, 231x, 236-238);87424148.51;2024
Seine-et-Marne;221 Collèges;I_equipement;I3 Mobilier, informatique, matériel (215x, 218x);8413594.629999999;2024
Seine-et-Marne;221 Collèges;I_equipement;I4 Études, logiciels, incorporels (20 hors 204);5289466.7;2024
Seine-et-Marne;221 Collèges;I_subventions_equipement_versees;I5 Subventions d'équipement versées (204, 2324);1234968.59;2024
Seine-et-Marne;23-27 Hors scolaire;F_achats_charges_externes;F4 Contrats de prestations de services (611);7156.0;2024
Seine-et-Marne;23-27 Hors scolaire;F_achats_charges_externes;F6 Autres achats et charges externes (60-62);1292.63;2024
Seine-et-Marne;23-27 Hors scolaire;F_interventions;F9 Autres subventions et participations (65x);418200.0;2024
Seine-et-Marne;28 Services annexes;F_achats_charges_externes;F4 Contrats de prestations de services (611);323903.52;2024
Seine-et-Marne;28 Services annexes;F_achats_charges_externes;F6 Autres achats et charges externes (60-62);2155.6;2024
Seine-et-Marne;28 Services annexes;F_interventions;F7 Dotations de fonctionnement aux collèges publics (655111);1455690.79;2024
Seine-et-Marne;28 Services annexes;F_interventions;F8 Dotations de fonctionnement aux collèges privés (655112);62730.95;2024
Seine-et-Marne;28 Services annexes;F_interventions;F9 Autres subventions et participations (65x);128074.0;2024
Val-d'Oise;20 Services communs;F_achats_charges_externes;F6 Autres achats et charges externes (60-62);35000.19;2024
Val-d'Oise;20 Services communs;F_personnel;F1 Personnel (621, 631, 633, 64);44463902.29;2024
Val-d'Oise;21 Premier degré;F_achats_charges_externes;F6 Autres achats et charges externes (60-62);3130.0;2024
Val-d'Oise;21 Premier degré;I_subventions_equipement_versees;I5 Subventions d'équipement versées (204, 2324);9314433.299999999;2024
Val-d'Oise;221 Collèges;F_achats_charges_externes;F2 Énergie et eau (60611-60613, 60621-60622);7670240.51;2024
Val-d'Oise;221 Collèges;F_achats_charges_externes;F3 Entretien, réparations, maintenance, nettoyage (6152x, 6155, 6156, 6283);8337998.119999999;2024
Val-d'Oise;221 Collèges;F_achats_charges_externes;F5 Locations et charges locatives (613, 614);4337.28;2024
Val-d'Oise;221 Collèges;F_achats_charges_externes;F6 Autres achats et charges externes (60-62);5390206.76;2024
Val-d'Oise;221 Collèges;F_autres;F9 Autres subventions et participations (65x);108419.18;2024
Val-d'Oise;221 Collèges;F_interventions;F7 Dotations de fonctionnement aux collèges publics (655111);12066287.2;2024
Val-d'Oise;221 Collèges;F_interventions;F8 Dotations de fonctionnement aux collèges privés (655112);9419811.5;2024
Val-d'Oise;221 Collèges;F_interventions;F9 Autres subventions et participations (65x);1768169.88;2024
Val-d'Oise;221 Collèges;I_autres;I7 Autres investissements (13, 26, 27, 45x hors 455, 481);0.0;2024
Val-d'Oise;221 Collèges;I_equipement;I1 Terrains, constructions, rénovations, gros travaux, avances (211-214, 217, 231x, 236-238);72492626.18;2024
Val-d'Oise;221 Collèges;I_equipement;I3 Mobilier, informatique, matériel (215x, 218x);7614197.88;2024
Val-d'Oise;221 Collèges;I_equipement;I4 Études, logiciels, incorporels (20 hors 204);770122.26;2024
Val-d'Oise;221 Collèges;I_subventions_equipement_versees;I5 Subventions d'équipement versées (204, 2324);119710.01;2024
Val-d'Oise;222-224 Lycées;F_interventions;F9 Autres subventions et participations (65x);1975.0;2024
Val-d'Oise;23-27 Hors scolaire;F_achats_charges_externes;F3 Entretien, réparations, maintenance, nettoyage (6152x, 6155, 6156, 6283);4580.4;2024
Val-d'Oise;23-27 Hors scolaire;F_autres;F11 Autres charges de fonctionnement;1040.13;2024
Val-d'Oise;23-27 Hors scolaire;F_interventions;F9 Autres subventions et participations (65x);167562.03;2024
Val-d'Oise;23-27 Hors scolaire;I_autres;I7 Autres investissements (13, 26, 27, 45x hors 455, 481);0.0;2024
Val-d'Oise;23-27 Hors scolaire;I_equipement;I1 Terrains, constructions, rénovations, gros travaux, avances (211-214, 217, 231x, 236-238);1151542.33;2024
Val-d'Oise;23-27 Hors scolaire;I_subventions_equipement_versees;I5 Subventions d'équipement versées (204, 2324);1163286.41;2024
Val-d'Oise;28 Services annexes;F_achats_charges_externes;F3 Entretien, réparations, maintenance, nettoyage (6152x, 6155, 6156, 6283);1814.4;2024
Val-d'Oise;28 Services annexes;F_achats_charges_externes;F5 Locations et charges locatives (613, 614);1900.01;2024
Val-d'Oise;28 Services annexes;F_achats_charges_externes;F6 Autres achats et charges externes (60-62);444912.29;2024
Val-d'Oise;28 Services annexes;F_interventions;F9 Autres subventions et participations (65x);989864.0;2024
Val-d'Oise;28 Services annexes;I_equipement;I1 Terrains, constructions, rénovations, gros travaux, avances (211-214, 217, 231x, 236-238);36803.71;2024
Val-d'Oise;28 Services annexes;I_equipement;I4 Études, logiciels, incorporels (20 hors 204);132200.0;2024
Val-de-Marne;20 Services communs;F_achats_charges_externes;F6 Autres achats et charges externes (60-62);130187.76999999999;2024
Val-de-Marne;20 Services communs;F_personnel;F1 Personnel (621, 631, 633, 64);3242364.31;2024
Val-de-Marne;21 Premier degré;F_interventions;F9 Autres subventions et participations (65x);30332.0;2024
Val-de-Marne;221 Collèges;F_achats_charges_externes;F3 Entretien, réparations, maintenance, nettoyage (6152x, 6155, 6156, 6283);5975249.09;2024
Val-de-Marne;221 Collèges;F_achats_charges_externes;F4 Contrats de prestations de services (611);86529.89;2024
Val-de-Marne;221 Collèges;F_achats_charges_externes;F5 Locations et charges locatives (613, 614);20875.36;2024
Val-de-Marne;221 Collèges;F_achats_charges_externes;F6 Autres achats et charges externes (60-62);1540185.15;2024
Val-de-Marne;221 Collèges;F_autres;F11 Autres charges de fonctionnement;160.0;2024
Val-de-Marne;221 Collèges;F_interventions;F7 Dotations de fonctionnement aux collèges publics (655111);17931209.93;2024
Val-de-Marne;221 Collèges;F_interventions;F8 Dotations de fonctionnement aux collèges privés (655112);7627284.0;2024
Val-de-Marne;221 Collèges;F_interventions;F9 Autres subventions et participations (65x);3072226.09;2024
Val-de-Marne;221 Collèges;F_personnel;F1 Personnel (621, 631, 633, 64);43067249.05;2024
Val-de-Marne;221 Collèges;I_autres;I7 Autres investissements (13, 26, 27, 45x hors 455, 481);0.0;2024
Val-de-Marne;221 Collèges;I_equipement;I1 Terrains, constructions, rénovations, gros travaux, avances (211-214, 217, 231x, 236-238);54603544.55;2024
Val-de-Marne;221 Collèges;I_equipement;I3 Mobilier, informatique, matériel (215x, 218x);12036601.04;2024
Val-de-Marne;221 Collèges;I_equipement;I4 Études, logiciels, incorporels (20 hors 204);1742187.6;2024
Val-de-Marne;221 Collèges;I_subventions_equipement_versees;I5 Subventions d'équipement versées (204, 2324);99352.76;2024
Val-de-Marne;222-224 Lycées;I_subventions_equipement_versees;I5 Subventions d'équipement versées (204, 2324);131682.18;2024
Val-de-Marne;23-27 Hors scolaire;F_achats_charges_externes;F6 Autres achats et charges externes (60-62);220678.46;2024
Val-de-Marne;23-27 Hors scolaire;F_interventions;F9 Autres subventions et participations (65x);30000.0;2024
Val-de-Marne;28 Services annexes;F_achats_charges_externes;F3 Entretien, réparations, maintenance, nettoyage (6152x, 6155, 6156, 6283);1948.61;2024
Val-de-Marne;28 Services annexes;F_achats_charges_externes;F6 Autres achats et charges externes (60-62);2853.6;2024
Val-de-Marne;28 Services annexes;F_interventions;F9 Autres subventions et participations (65x);16250.0;2024
Yvelines;20 Services communs;F_achats_charges_externes;F3 Entretien, réparations, maintenance, nettoyage (6152x, 6155, 6156, 6283);51863.0;2024
Yvelines;20 Services communs;F_personnel;F1 Personnel (621, 631, 633, 64);21203839.77;2024
Yvelines;21 Premier degré;F_interventions;F9 Autres subventions et participations (65x);143752.0;2024
Yvelines;21 Premier degré;I_autres;I7 Autres investissements (13, 26, 27, 45x hors 455, 481);1793786.71;2024
Yvelines;21 Premier degré;I_equipement;I1 Terrains, constructions, rénovations, gros travaux, avances (211-214, 217, 231x, 236-238);278168.21;2024
Yvelines;221 Collèges;F_achats_charges_externes;F2 Énergie et eau (60611-60613, 60621-60622);15184766.23;2024
Yvelines;221 Collèges;F_achats_charges_externes;F3 Entretien, réparations, maintenance, nettoyage (6152x, 6155, 6156, 6283);5760284.77;2024
Yvelines;221 Collèges;F_achats_charges_externes;F6 Autres achats et charges externes (60-62);1524164.83;2024
Yvelines;221 Collèges;F_autres;F11 Autres charges de fonctionnement;57363.020000000004;2024
Yvelines;221 Collèges;F_autres;F9 Autres subventions et participations (65x);38683142.61;2024
Yvelines;221 Collèges;F_interventions;F7 Dotations de fonctionnement aux collèges publics (655111);6023956.26;2024
Yvelines;221 Collèges;F_interventions;F8 Dotations de fonctionnement aux collèges privés (655112);8565492.68;2024
Yvelines;221 Collèges;F_interventions;F9 Autres subventions et participations (65x);52450.0;2024
Yvelines;221 Collèges;I_autres;I7 Autres investissements (13, 26, 27, 45x hors 455, 481);0.0;2024
Yvelines;221 Collèges;I_equipement;I1 Terrains, constructions, rénovations, gros travaux, avances (211-214, 217, 231x, 236-238);67288319.98;2024
Yvelines;221 Collèges;I_equipement;I3 Mobilier, informatique, matériel (215x, 218x);57269.63;2024
Yvelines;221 Collèges;I_equipement;I4 Études, logiciels, incorporels (20 hors 204);1392531.55;2024
Yvelines;221 Collèges;I_subventions_equipement_versees;I5 Subventions d'équipement versées (204, 2324);2126597.5300000003;2024
Yvelines;23-27 Hors scolaire;F_achats_charges_externes;F2 Énergie et eau (60611-60613, 60621-60622);233025.59000000003;2024
Yvelines;23-27 Hors scolaire;F_achats_charges_externes;F3 Entretien, réparations, maintenance, nettoyage (6152x, 6155, 6156, 6283);14524.93;2024
Yvelines;23-27 Hors scolaire;F_achats_charges_externes;F6 Autres achats et charges externes (60-62);2291.79;2024
Yvelines;23-27 Hors scolaire;I_autres;I7 Autres investissements (13, 26, 27, 45x hors 455, 481);0.0;2024
Yvelines;23-27 Hors scolaire;I_equipement;I1 Terrains, constructions, rénovations, gros travaux, avances (211-214, 217, 231x, 236-238);56476684.940000005;2024
Yvelines;23-27 Hors scolaire;I_equipement;I4 Études, logiciels, incorporels (20 hors 204);83664.13;2024
Yvelines;23-27 Hors scolaire;I_subventions_equipement_versees;I5 Subventions d'équipement versées (204, 2324);1600000.0;2024
Yvelines;24 Cités scolaires;F_interventions;F9 Autres subventions et participations (65x);36900.0;2024
Yvelines;28 Services annexes;F_achats_charges_externes;F2 Énergie et eau (60611-60613, 60621-60622);15559.32;2024
Yvelines;28 Services annexes;F_achats_charges_externes;F3 Entretien, réparations, maintenance, nettoyage (6152x, 6155, 6156, 6283);4272.83;2024
Yvelines;28 Services annexes;F_achats_charges_externes;F6 Autres achats et charges externes (60-62);433622.55;2024
Yvelines;28 Services annexes;F_autres;F11 Autres charges de fonctionnement;118.45;2024
Yvelines;28 Services annexes;F_autres;F9 Autres subventions et participations (65x);219377.73;2024
Yvelines;28 Services annexes;F_interventions;F9 Autres subventions et participations (65x);2361827.96;2024
Yvelines;28 Services annexes;I_equipement;I1 Terrains, constructions, rénovations, gros travaux, avances (211-214, 217, 231x, 236-238);18445.91;2024
Yvelines;28 Services annexes;I_equipement;I3 Mobilier, informatique, matériel (215x, 218x);24390.0;2024
Yvelines;28 Services annexes;I_equipement;I4 Études, logiciels, incorporels (20 hors 204);7200.0;2024
France (départements, Paris, ML, CTU);221 Collèges;F_achats_charges_externes;F2 Énergie et eau (60611-60613, 60621-60622);179674307.76;2024
France (départements, Paris, ML, CTU);221 Collèges;F_achats_charges_externes;F3 Entretien, réparations, maintenance, nettoyage (6152x, 6155, 6156, 6283);165243935.28;2024
France (départements, Paris, ML, CTU);221 Collèges;F_achats_charges_externes;F4 Contrats de prestations de services (611);36946793.48;2024
France (départements, Paris, ML, CTU);221 Collèges;F_achats_charges_externes;F5 Locations et charges locatives (613, 614);16681274.290000001;2024
France (départements, Paris, ML, CTU);221 Collèges;F_achats_charges_externes;F6 Autres achats et charges externes (60-62);155301399.49;2024
France (départements, Paris, ML, CTU);221 Collèges;F_autres;F11 Autres charges de fonctionnement;1610776.1099999999;2024
France (départements, Paris, ML, CTU);221 Collèges;F_autres;F9 Autres subventions et participations (65x);82796202.13000001;2024
France (départements, Paris, ML, CTU);221 Collèges;F_charges_financieres;F10 Charges financières (66);13311208.42;2024
France (départements, Paris, ML, CTU);221 Collèges;F_interventions;F7 Dotations de fonctionnement aux collèges publics (655111);704346914.27;2024
France (départements, Paris, ML, CTU);221 Collèges;F_interventions;F8 Dotations de fonctionnement aux collèges privés (655112);466508354.66;2024
France (départements, Paris, ML, CTU);221 Collèges;F_interventions;F8b Dotations aux lycées (65512x);1766626.0;2024
France (départements, Paris, ML, CTU);221 Collèges;F_interventions;F9 Autres subventions et participations (65x);112049413.27000001;2024
France (départements, Paris, ML, CTU);221 Collèges;F_personnel;F1 Personnel (621, 631, 633, 64);1376085568.41;2024
France (départements, Paris, ML, CTU);221 Collèges;I_PPP_remboursement_capital_1675;I0 Remboursement en capital des marchés de partenariat (1675);30855110.09;2024
France (départements, Paris, ML, CTU);221 Collèges;I_autres;I2 Opérations sous mandat des EPLE (455);922120.59;2024
France (départements, Paris, ML, CTU);221 Collèges;I_autres;I7 Autres investissements (13, 26, 27, 45x hors 455, 481);4022823.07;2024
France (départements, Paris, ML, CTU);221 Collèges;I_equipement;I1 Terrains, constructions, rénovations, gros travaux, avances (211-214, 217, 231x, 236-238);2141882821.56;2024
France (départements, Paris, ML, CTU);221 Collèges;I_equipement;I3 Mobilier, informatique, matériel (215x, 218x);295538604.57000005;2024
France (départements, Paris, ML, CTU);221 Collèges;I_equipement;I4 Études, logiciels, incorporels (20 hors 204);99573159.8;2024
France (départements, Paris, ML, CTU);221 Collèges;I_equipement;I6 Autres immobilisations (21, 23);330360.12;2024
France (départements, Paris, ML, CTU);221 Collèges;I_subventions_equipement_versees;I5 Subventions d'équipement versées (204, 2324);105101063.81;2024
France catégorie CTU;221 Collèges;F_achats_charges_externes;F3 Entretien, réparations, maintenance, nettoyage (6152x, 6155, 6156, 6283);445129.70000000007;2024
France catégorie CTU;221 Collèges;F_achats_charges_externes;F5 Locations et charges locatives (613, 614);943927.39;2024
France catégorie CTU;221 Collèges;F_achats_charges_externes;F6 Autres achats et charges externes (60-62);308471.25;2024
France catégorie CTU;221 Collèges;F_autres;F9 Autres subventions et participations (65x);54017.54;2024
France catégorie CTU;221 Collèges;F_interventions;F7 Dotations de fonctionnement aux collèges publics (655111);17674476.439999998;2024
France catégorie CTU;221 Collèges;F_interventions;F8 Dotations de fonctionnement aux collèges privés (655112);1236721.0;2024
France catégorie CTU;221 Collèges;F_interventions;F9 Autres subventions et participations (65x);1978241.36;2024
France catégorie CTU;221 Collèges;F_personnel;F1 Personnel (621, 631, 633, 64);21070428.23;2024
France catégorie CTU;221 Collèges;I_autres;I7 Autres investissements (13, 26, 27, 45x hors 455, 481);0.0;2024
France catégorie CTU;221 Collèges;I_equipement;I1 Terrains, constructions, rénovations, gros travaux, avances (211-214, 217, 231x, 236-238);47204911.57;2024
France catégorie CTU;221 Collèges;I_equipement;I3 Mobilier, informatique, matériel (215x, 218x);12659454.25;2024
France catégorie CTU;221 Collèges;I_equipement;I4 Études, logiciels, incorporels (20 hors 204);1626050.13;2024
France catégorie CTU;221 Collèges;I_subventions_equipement_versees;I5 Subventions d'équipement versées (204, 2324);4150718.2;2024
France catégorie DEPT;221 Collèges;F_achats_charges_externes;F2 Énergie et eau (60611-60613, 60621-60622);179541047.97;2024
France catégorie DEPT;221 Collèges;F_achats_charges_externes;F3 Entretien, réparations, maintenance, nettoyage (6152x, 6155, 6156, 6283);158782052.95;2024
France catégorie DEPT;221 Collèges;F_achats_charges_externes;F4 Contrats de prestations de services (611);34597113.22;2024
France catégorie DEPT;221 Collèges;F_achats_charges_externes;F5 Locations et charges locatives (613, 614);15329462.81;2024
France catégorie DEPT;221 Collèges;F_achats_charges_externes;F6 Autres achats et charges externes (60-62);152715199.35999998;2024
France catégorie DEPT;221 Collèges;F_autres;F11 Autres charges de fonctionnement;1584726.83;2024
France catégorie DEPT;221 Collèges;F_autres;F9 Autres subventions et participations (65x);76831107.12;2024
France catégorie DEPT;221 Collèges;F_charges_financieres;F10 Charges financières (66);13311208.42;2024
France catégorie DEPT;221 Collèges;F_interventions;F7 Dotations de fonctionnement aux collèges publics (655111);652474282.71;2024
France catégorie DEPT;221 Collèges;F_interventions;F8 Dotations de fonctionnement aux collèges privés (655112);431687437.07000005;2024
France catégorie DEPT;221 Collèges;F_interventions;F8b Dotations aux lycées (65512x);1766626.0;2024
France catégorie DEPT;221 Collèges;F_interventions;F9 Autres subventions et participations (65x);108980213.9;2024
France catégorie DEPT;221 Collèges;F_personnel;F1 Personnel (621, 631, 633, 64);1294553949.56;2024
France catégorie DEPT;221 Collèges;I_PPP_remboursement_capital_1675;I0 Remboursement en capital des marchés de partenariat (1675);30855110.09;2024
France catégorie DEPT;221 Collèges;I_autres;I2 Opérations sous mandat des EPLE (455);922120.59;2024
France catégorie DEPT;221 Collèges;I_autres;I7 Autres investissements (13, 26, 27, 45x hors 455, 481);4022823.07;2024
France catégorie DEPT;221 Collèges;I_equipement;I1 Terrains, constructions, rénovations, gros travaux, avances (211-214, 217, 231x, 236-238);2012869278.21;2024
France catégorie DEPT;221 Collèges;I_equipement;I3 Mobilier, informatique, matériel (215x, 218x);279692937.55;2024
France catégorie DEPT;221 Collèges;I_equipement;I4 Études, logiciels, incorporels (20 hors 204);95971211.66999999;2024
France catégorie DEPT;221 Collèges;I_equipement;I6 Autres immobilisations (21, 23);330360.12;2024
France catégorie DEPT;221 Collèges;I_subventions_equipement_versees;I5 Subventions d'équipement versées (204, 2324);94843496.64;2024
France catégorie ML;221 Collèges;F_achats_charges_externes;F2 Énergie et eau (60611-60613, 60621-60622);133259.79;2024
France catégorie ML;221 Collèges;F_achats_charges_externes;F3 Entretien, réparations, maintenance, nettoyage (6152x, 6155, 6156, 6283);4375680.19;2024
France catégorie ML;221 Collèges;F_achats_charges_externes;F4 Contrats de prestations de services (611);2348467.49;2024
France catégorie ML;221 Collèges;F_achats_charges_externes;F5 Locations et charges locatives (613, 614);386574.08999999997;2024
France catégorie ML;221 Collèges;F_achats_charges_externes;F6 Autres achats et charges externes (60-62);1552425.5;2024
France catégorie ML;221 Collèges;F_autres;F11 Autres charges de fonctionnement;26049.28;2024
France catégorie ML;221 Collèges;F_autres;F9 Autres subventions et participations (65x);5910313.26;2024
France catégorie ML;221 Collèges;F_interventions;F7 Dotations de fonctionnement aux collèges publics (655111);17970287.12;2024
France catégorie ML;221 Collèges;F_interventions;F8 Dotations de fonctionnement aux collèges privés (655112);11891044.88;2024
France catégorie ML;221 Collèges;F_interventions;F9 Autres subventions et participations (65x);1040958.01;2024
France catégorie ML;221 Collèges;F_personnel;F1 Personnel (621, 631, 633, 64);31083793.73;2024
France catégorie ML;221 Collèges;I_autres;I7 Autres investissements (13, 26, 27, 45x hors 455, 481);0.0;2024
France catégorie ML;221 Collèges;I_equipement;I1 Terrains, constructions, rénovations, gros travaux, avances (211-214, 217, 231x, 236-238);67513549.13;2024
France catégorie ML;221 Collèges;I_equipement;I3 Mobilier, informatique, matériel (215x, 218x);3091490.29;2024
France catégorie ML;221 Collèges;I_equipement;I4 Études, logiciels, incorporels (20 hors 204);1257528.48;2024
France catégorie ML;221 Collèges;I_subventions_equipement_versees;I5 Subventions d'équipement versées (204, 2324);2097755.97;2024
France catégorie PARIS;221 Collèges;F_achats_charges_externes;F3 Entretien, réparations, maintenance, nettoyage (6152x, 6155, 6156, 6283);1641072.4400000002;2024
France catégorie PARIS;221 Collèges;F_achats_charges_externes;F4 Contrats de prestations de services (611);1212.77;2024
France catégorie PARIS;221 Collèges;F_achats_charges_externes;F5 Locations et charges locatives (613, 614);21310.0;2024
France catégorie PARIS;221 Collèges;F_achats_charges_externes;F6 Autres achats et charges externes (60-62);725303.38;2024
France catégorie PARIS;221 Collèges;F_autres;F9 Autres subventions et participations (65x);764.21;2024
France catégorie PARIS;221 Collèges;F_interventions;F7 Dotations de fonctionnement aux collèges publics (655111);16227868.0;2024
France catégorie PARIS;221 Collèges;F_interventions;F8 Dotations de fonctionnement aux collèges privés (655112);21693151.71;2024
France catégorie PARIS;221 Collèges;F_interventions;F9 Autres subventions et participations (65x);50000.0;2024
France catégorie PARIS;221 Collèges;F_personnel;F1 Personnel (621, 631, 633, 64);29377396.89;2024
France catégorie PARIS;221 Collèges;I_autres;I7 Autres investissements (13, 26, 27, 45x hors 455, 481);0.0;2024
France catégorie PARIS;221 Collèges;I_equipement;I1 Terrains, constructions, rénovations, gros travaux, avances (211-214, 217, 231x, 236-238);14295082.65;2024
France catégorie PARIS;221 Collèges;I_equipement;I3 Mobilier, informatique, matériel (215x, 218x);94722.48000000001;2024
France catégorie PARIS;221 Collèges;I_equipement;I4 Études, logiciels, incorporels (20 hors 204);718369.52;2024
France catégorie PARIS;221 Collèges;I_subventions_equipement_versees;I5 Subventions d'équipement versées (204, 2324);4009093.0;2024
Essonne;221 Collèges;F_achats_charges_externes;F2 Énergie et eau (60611-60613, 60621-60622);12278855.629999999;2025
Essonne;221 Collèges;F_achats_charges_externes;F3 Entretien, réparations, maintenance, nettoyage (6152x, 6155, 6156, 6283);7435891.85;2025
Essonne;221 Collèges;F_achats_charges_externes;F5 Locations et charges locatives (613, 614);223347.86;2025
Essonne;221 Collèges;F_achats_charges_externes;F6 Autres achats et charges externes (60-62);17615537.14;2025
Essonne;221 Collèges;F_autres;F11 Autres charges de fonctionnement;1335.45;2025
Essonne;221 Collèges;F_autres;F9 Autres subventions et participations (65x);1884623.6900000002;2025
Essonne;221 Collèges;F_interventions;F7 Dotations de fonctionnement aux collèges publics (655111);7742402.48;2025
Essonne;221 Collèges;F_interventions;F8 Dotations de fonctionnement aux collèges privés (655112);6518337.53;2025
Essonne;221 Collèges;F_interventions;F9 Autres subventions et participations (65x);4124219.83;2025
Essonne;221 Collèges;F_personnel;F1 Personnel (621, 631, 633, 64);43878536.03;2025
Essonne;221 Collèges;I_autres;I7 Autres investissements (13, 26, 27, 45x hors 455, 481);0.0;2025
Essonne;221 Collèges;I_equipement;I1 Terrains, constructions, rénovations, gros travaux, avances (211-214, 217, 231x, 236-238);49329367.46;2025
Essonne;221 Collèges;I_equipement;I3 Mobilier, informatique, matériel (215x, 218x);11513710.33;2025
Essonne;221 Collèges;I_equipement;I4 Études, logiciels, incorporels (20 hors 204);1869858.56;2025
Essonne;221 Collèges;I_subventions_equipement_versees;I5 Subventions d'équipement versées (204, 2324);222531.0;2025
Essonne;28 Services annexes;F_achats_charges_externes;F2 Énergie et eau (60611-60613, 60621-60622);7723.42;2025
Essonne;28 Services annexes;F_achats_charges_externes;F3 Entretien, réparations, maintenance, nettoyage (6152x, 6155, 6156, 6283);4013.73;2025
Essonne;28 Services annexes;F_achats_charges_externes;F5 Locations et charges locatives (613, 614);44367.28;2025
Hauts-de-Seine;20 Services communs;F_achats_charges_externes;F3 Entretien, réparations, maintenance, nettoyage (6152x, 6155, 6156, 6283);78509.8;2025
Hauts-de-Seine;21 Premier degré;I_subventions_equipement_versees;I5 Subventions d'équipement versées (204, 2324);20800392.31;2025
Hauts-de-Seine;221 Collèges;F_achats_charges_externes;F2 Énergie et eau (60611-60613, 60621-60622);10445988.63;2025
Hauts-de-Seine;221 Collèges;F_achats_charges_externes;F3 Entretien, réparations, maintenance, nettoyage (6152x, 6155, 6156, 6283);8439663.4;2025
Hauts-de-Seine;221 Collèges;F_achats_charges_externes;F4 Contrats de prestations de services (611);648827.38;2025
Hauts-de-Seine;221 Collèges;F_achats_charges_externes;F5 Locations et charges locatives (613, 614);29136.72;2025
Hauts-de-Seine;221 Collèges;F_achats_charges_externes;F6 Autres achats et charges externes (60-62);28007406.91;2025
Hauts-de-Seine;221 Collèges;F_autres;F9 Autres subventions et participations (65x);6340218.74;2025
Hauts-de-Seine;221 Collèges;F_charges_financieres;F10 Charges financières (66);122160.01;2025
Hauts-de-Seine;221 Collèges;F_interventions;F7 Dotations de fonctionnement aux collèges publics (655111);10321380.05;2025
Hauts-de-Seine;221 Collèges;F_interventions;F8 Dotations de fonctionnement aux collèges privés (655112);11407783.28;2025
Hauts-de-Seine;221 Collèges;F_interventions;F9 Autres subventions et participations (65x);5331488.640000001;2025
Hauts-de-Seine;221 Collèges;F_personnel;F1 Personnel (621, 631, 633, 64);35374476.33;2025
Hauts-de-Seine;221 Collèges;I_PPP_remboursement_capital_1675;I0 Remboursement en capital des marchés de partenariat (1675);1975503.38;2025
Hauts-de-Seine;221 Collèges;I_autres;I7 Autres investissements (13, 26, 27, 45x hors 455, 481);0.0;2025
Hauts-de-Seine;221 Collèges;I_equipement;I1 Terrains, constructions, rénovations, gros travaux, avances (211-214, 217, 231x, 236-238);112230837.27999999;2025
Hauts-de-Seine;221 Collèges;I_equipement;I3 Mobilier, informatique, matériel (215x, 218x);4452176.81;2025
Hauts-de-Seine;221 Collèges;I_equipement;I4 Études, logiciels, incorporels (20 hors 204);1962970.06;2025
Hauts-de-Seine;221 Collèges;I_equipement;I6 Autres immobilisations (21, 23);149846.98;2025
Hauts-de-Seine;221 Collèges;I_subventions_equipement_versees;I5 Subventions d'équipement versées (204, 2324);1138275.9100000001;2025
Hauts-de-Seine;23-27 Hors scolaire;F_achats_charges_externes;F2 Énergie et eau (60611-60613, 60621-60622);3163638.93;2025
Hauts-de-Seine;23-27 Hors scolaire;F_achats_charges_externes;F3 Entretien, réparations, maintenance, nettoyage (6152x, 6155, 6156, 6283);1546348.19;2025
Hauts-de-Seine;23-27 Hors scolaire;F_achats_charges_externes;F5 Locations et charges locatives (613, 614);1708.5;2025
Hauts-de-Seine;23-27 Hors scolaire;F_achats_charges_externes;F6 Autres achats et charges externes (60-62);1506904.8599999999;2025
Hauts-de-Seine;23-27 Hors scolaire;F_autres;F11 Autres charges de fonctionnement;-24984.0;2025
Hauts-de-Seine;23-27 Hors scolaire;F_interventions;F9 Autres subventions et participations (65x);819300.0;2025
Hauts-de-Seine;23-27 Hors scolaire;I_equipement;I1 Terrains, constructions, rénovations, gros travaux, avances (211-214, 217, 231x, 236-238);322596.17;2025
Hauts-de-Seine;23-27 Hors scolaire;I_subventions_equipement_versees;I5 Subventions d'équipement versées (204, 2324);171000.0;2025
Hauts-de-Seine;28 Services annexes;F_achats_charges_externes;F3 Entretien, réparations, maintenance, nettoyage (6152x, 6155, 6156, 6283);79789.35;2025
Hauts-de-Seine;28 Services annexes;F_achats_charges_externes;F6 Autres achats et charges externes (60-62);274510.0;2025
Hauts-de-Seine;28 Services annexes;F_interventions;F9 Autres subventions et participations (65x);504964.0;2025
Hauts-de-Seine;dette 1675 (hors fonction 2);I_PPP_remboursement_capital_1675;I0 Remboursement en capital des marchés de partenariat (1675);5440817.65;2025
Paris;20 Services communs;F_achats_charges_externes;F2 Énergie et eau (60611-60613, 60621-60622);24259.4;2025
Paris;20 Services communs;F_achats_charges_externes;F3 Entretien, réparations, maintenance, nettoyage (6152x, 6155, 6156, 6283);42634.82;2025
Paris;20 Services communs;F_achats_charges_externes;F4 Contrats de prestations de services (611);66193.55;2025
Paris;20 Services communs;F_achats_charges_externes;F5 Locations et charges locatives (613, 614);309884.83;2025
Paris;20 Services communs;F_achats_charges_externes;F6 Autres achats et charges externes (60-62);500504.18;2025
Paris;20 Services communs;F_autres;F9 Autres subventions et participations (65x);902602.46;2025
Paris;20 Services communs;F_interventions;F9 Autres subventions et participations (65x);81832.52;2025
Paris;20 Services communs;F_personnel;F1 Personnel (621, 631, 633, 64);76204907.27;2025
Paris;20 Services communs;I_equipement;I1 Terrains, constructions, rénovations, gros travaux, avances (211-214, 217, 231x, 236-238);1691882.52;2025
Paris;20 Services communs;I_equipement;I3 Mobilier, informatique, matériel (215x, 218x);94359.98000000001;2025
Paris;20 Services communs;I_equipement;I4 Études, logiciels, incorporels (20 hors 204);77236.67;2025
Paris;21 Premier degré;F_achats_charges_externes;F3 Entretien, réparations, maintenance, nettoyage (6152x, 6155, 6156, 6283);5435262.6899999995;2025
Paris;21 Premier degré;F_achats_charges_externes;F4 Contrats de prestations de services (611);1811460.27;2025
Paris;21 Premier degré;F_achats_charges_externes;F5 Locations et charges locatives (613, 614);450360.78;2025
Paris;21 Premier degré;F_achats_charges_externes;F6 Autres achats et charges externes (60-62);2442270.91;2025
Paris;21 Premier degré;F_autres;F11 Autres charges de fonctionnement;2213335.39;2025
Paris;21 Premier degré;F_autres;F9 Autres subventions et participations (65x);18541.9;2025
Paris;21 Premier degré;F_interventions;F9 Autres subventions et participations (65x);34995922.949999996;2025
Paris;21 Premier degré;F_personnel;F1 Personnel (621, 631, 633, 64);441267808.57;2025
Paris;21 Premier degré;I_autres;I7 Autres investissements (13, 26, 27, 45x hors 455, 481);81791.78;2025
Paris;21 Premier degré;I_equipement;I1 Terrains, constructions, rénovations, gros travaux, avances (211-214, 217, 231x, 236-238);44034427.61000001;2025
Paris;21 Premier degré;I_equipement;I3 Mobilier, informatique, matériel (215x, 218x);4188582.08;2025
Paris;21 Premier degré;I_equipement;I4 Études, logiciels, incorporels (20 hors 204);4996721.96;2025
Paris;21 Premier degré;I_equipement;I6 Autres immobilisations (21, 23);462344.01;2025
Paris;221 Collèges;F_achats_charges_externes;F3 Entretien, réparations, maintenance, nettoyage (6152x, 6155, 6156, 6283);1708228.98;2025
Paris;221 Collèges;F_achats_charges_externes;F4 Contrats de prestations de services (611);11109.88;2025
Paris;221 Collèges;F_achats_charges_externes;F6 Autres achats et charges externes (60-62);949370.0499999999;2025
Paris;221 Collèges;F_autres;F9 Autres subventions et participations (65x);312.44;2025
Paris;221 Collèges;F_interventions;F7 Dotations de fonctionnement aux collèges publics (655111);13524743.0;2025
Paris;221 Collèges;F_interventions;F8 Dotations de fonctionnement aux collèges privés (655112);20581445.66;2025
Paris;221 Collèges;F_interventions;F9 Autres subventions et participations (65x);58558.0;2025
Paris;221 Collèges;F_personnel;F1 Personnel (621, 631, 633, 64);30842879.96;2025
Paris;221 Collèges;I_autres;I7 Autres investissements (13, 26, 27, 45x hors 455, 481);0.0;2025
Paris;221 Collèges;I_equipement;I1 Terrains, constructions, rénovations, gros travaux, avances (211-214, 217, 231x, 236-238);14734632.620000001;2025
Paris;221 Collèges;I_equipement;I3 Mobilier, informatique, matériel (215x, 218x);219317.87;2025
Paris;221 Collèges;I_equipement;I4 Études, logiciels, incorporels (20 hors 204);869510.91;2025
Paris;221 Collèges;I_equipement;I6 Autres immobilisations (21, 23);32640.0;2025
Paris;221 Collèges;I_subventions_equipement_versees;I5 Subventions d'équipement versées (204, 2324);3203497.0;2025
Paris;222-224 Lycées;F_achats_charges_externes;F3 Entretien, réparations, maintenance, nettoyage (6152x, 6155, 6156, 6283);14996.25;2025
Paris;222-224 Lycées;F_interventions;F9 Autres subventions et participations (65x);5200000.0;2025
Paris;222-224 Lycées;F_personnel;F1 Personnel (621, 631, 633, 64);1024673.17;2025
Paris;222-224 Lycées;I_autres;I7 Autres investissements (13, 26, 27, 45x hors 455, 481);47359.67;2025
Paris;222-224 Lycées;I_equipement;I1 Terrains, constructions, rénovations, gros travaux, avances (211-214, 217, 231x, 236-238);402156.03;2025
Paris;222-224 Lycées;I_equipement;I4 Études, logiciels, incorporels (20 hors 204);9216.22;2025
Paris;222-224 Lycées;I_subventions_equipement_versees;I5 Subventions d'équipement versées (204, 2324);200000.0;2025
Paris;23-27 Hors scolaire;F_achats_charges_externes;F2 Énergie et eau (60611-60613, 60621-60622);8619.710000000001;2025
Paris;23-27 Hors scolaire;F_achats_charges_externes;F3 Entretien, réparations, maintenance, nettoyage (6152x, 6155, 6156, 6283);115232.95000000001;2025
Paris;23-27 Hors scolaire;F_achats_charges_externes;F4 Contrats de prestations de services (611);313178.03;2025
Paris;23-27 Hors scolaire;F_achats_charges_externes;F5 Locations et charges locatives (613, 614);356089.68;2025
Paris;23-27 Hors scolaire;F_achats_charges_externes;F6 Autres achats et charges externes (60-62);5978802.49;2025
Paris;23-27 Hors scolaire;F_autres;F9 Autres subventions et participations (65x);82688.57;2025
Paris;23-27 Hors scolaire;F_interventions;F9 Autres subventions et participations (65x);21766155.0;2025
Paris;23-27 Hors scolaire;F_personnel;F1 Personnel (621, 631, 633, 64);24592647.2;2025
Paris;23-27 Hors scolaire;I_equipement;I1 Terrains, constructions, rénovations, gros travaux, avances (211-214, 217, 231x, 236-238);1993112.64;2025
Paris;23-27 Hors scolaire;I_equipement;I3 Mobilier, informatique, matériel (215x, 218x);131067.11;2025
Paris;23-27 Hors scolaire;I_equipement;I4 Études, logiciels, incorporels (20 hors 204);293232.15;2025
Paris;23-27 Hors scolaire;I_subventions_equipement_versees;I5 Subventions d'équipement versées (204, 2324);10150000.0;2025
Paris;24 Cités scolaires;F_autres;F9 Autres subventions et participations (65x);3794555.34;2025
Paris;24 Cités scolaires;F_personnel;F1 Personnel (621, 631, 633, 64);3666847.42;2025
Paris;24 Cités scolaires;I_equipement;I1 Terrains, constructions, rénovations, gros travaux, avances (211-214, 217, 231x, 236-238);13494590.93;2025
Paris;24 Cités scolaires;I_equipement;I4 Études, logiciels, incorporels (20 hors 204);911.09;2025
Paris;28 Services annexes;F_achats_charges_externes;F3 Entretien, réparations, maintenance, nettoyage (6152x, 6155, 6156, 6283);254336.49;2025
Paris;28 Services annexes;F_achats_charges_externes;F4 Contrats de prestations de services (611);839551.72;2025
Paris;28 Services annexes;F_achats_charges_externes;F5 Locations et charges locatives (613, 614);6343.0;2025
Paris;28 Services annexes;F_achats_charges_externes;F6 Autres achats et charges externes (60-62);16839789.990000002;2025
Paris;28 Services annexes;F_autres;F9 Autres subventions et participations (65x);52604.25;2025
Paris;28 Services annexes;F_interventions;F7 Dotations de fonctionnement aux collèges publics (655111);357805.54;2025
Paris;28 Services annexes;F_interventions;F9 Autres subventions et participations (65x);137028438.35;2025
Paris;28 Services annexes;F_personnel;F1 Personnel (621, 631, 633, 64);7728242.54;2025
Paris;28 Services annexes;I_equipement;I1 Terrains, constructions, rénovations, gros travaux, avances (211-214, 217, 231x, 236-238);6221008.91;2025
Paris;28 Services annexes;I_equipement;I3 Mobilier, informatique, matériel (215x, 218x);297781.17;2025
Paris;28 Services annexes;I_equipement;I4 Études, logiciels, incorporels (20 hors 204);916573.7100000001;2025
Paris;28 Services annexes;I_subventions_equipement_versees;I5 Subventions d'équipement versées (204, 2324);191442.59;2025
Paris;dette 1675 (hors fonction 2);I_PPP_remboursement_capital_1675;I0 Remboursement en capital des marchés de partenariat (1675);2223170.5;2025
Seine-Saint-Denis;221 Collèges;F_achats_charges_externes;F2 Énergie et eau (60611-60613, 60621-60622);14496058.1;2025
Seine-Saint-Denis;221 Collèges;F_achats_charges_externes;F3 Entretien, réparations, maintenance, nettoyage (6152x, 6155, 6156, 6283);7211965.99;2025
Seine-Saint-Denis;221 Collèges;F_achats_charges_externes;F4 Contrats de prestations de services (611);1895621.91;2025
Seine-Saint-Denis;221 Collèges;F_achats_charges_externes;F6 Autres achats et charges externes (60-62);7651064.630000001;2025
Seine-Saint-Denis;221 Collèges;F_autres;F9 Autres subventions et participations (65x);624955.86;2025
Seine-Saint-Denis;221 Collèges;F_charges_financieres;F10 Charges financières (66);5651653.53;2025
Seine-Saint-Denis;221 Collèges;F_interventions;F7 Dotations de fonctionnement aux collèges publics (655111);11039986.0;2025
Seine-Saint-Denis;221 Collèges;F_interventions;F8 Dotations de fonctionnement aux collèges privés (655112);7293937.0;2025
Seine-Saint-Denis;221 Collèges;F_interventions;F9 Autres subventions et participations (65x);1454845.7;2025
Seine-Saint-Denis;221 Collèges;F_personnel;F1 Personnel (621, 631, 633, 64);74576953.41;2025
Seine-Saint-Denis;221 Collèges;I_PPP_remboursement_capital_1675;I0 Remboursement en capital des marchés de partenariat (1675);16693561.38;2025
Seine-Saint-Denis;221 Collèges;I_autres;I7 Autres investissements (13, 26, 27, 45x hors 455, 481);0.0;2025
Seine-Saint-Denis;221 Collèges;I_equipement;I1 Terrains, constructions, rénovations, gros travaux, avances (211-214, 217, 231x, 236-238);83114928.15;2025
Seine-Saint-Denis;221 Collèges;I_equipement;I3 Mobilier, informatique, matériel (215x, 218x);7843065.12;2025
Seine-Saint-Denis;221 Collèges;I_equipement;I4 Études, logiciels, incorporels (20 hors 204);6425358.5600000005;2025
Seine-Saint-Denis;221 Collèges;I_subventions_equipement_versees;I5 Subventions d'équipement versées (204, 2324);345590.0;2025
Seine-Saint-Denis;24 Cités scolaires;I_subventions_equipement_versees;I5 Subventions d'équipement versées (204, 2324);564240.0;2025
Seine-Saint-Denis;28 Services annexes;F_achats_charges_externes;F2 Énergie et eau (60611-60613, 60621-60622);18522.23;2025
Seine-Saint-Denis;28 Services annexes;F_achats_charges_externes;F5 Locations et charges locatives (613, 614);284368.68;2025
Seine-Saint-Denis;28 Services annexes;F_achats_charges_externes;F6 Autres achats et charges externes (60-62);6476305.96;2025
Seine-Saint-Denis;28 Services annexes;F_interventions;F9 Autres subventions et participations (65x);4240612.02;2025
Seine-Saint-Denis;dette 1675 (hors fonction 2);I_PPP_remboursement_capital_1675;I0 Remboursement en capital des marchés de partenariat (1675);0.0;2025
Seine-et-Marne;20 Services communs;F_achats_charges_externes;F4 Contrats de prestations de services (611);41650.82;2025
Seine-et-Marne;20 Services communs;F_achats_charges_externes;F6 Autres achats et charges externes (60-62);23719.19;2025
Seine-et-Marne;20 Services communs;F_personnel;F1 Personnel (621, 631, 633, 64);41156387.53;2025
Seine-et-Marne;221 Collèges;F_achats_charges_externes;F2 Énergie et eau (60611-60613, 60621-60622);7944796.74;2025
Seine-et-Marne;221 Collèges;F_achats_charges_externes;F3 Entretien, réparations, maintenance, nettoyage (6152x, 6155, 6156, 6283);10976012.879999999;2025
Seine-et-Marne;221 Collèges;F_achats_charges_externes;F4 Contrats de prestations de services (611);1650685.58;2025
Seine-et-Marne;221 Collèges;F_achats_charges_externes;F5 Locations et charges locatives (613, 614);534287.28;2025
Seine-et-Marne;221 Collèges;F_achats_charges_externes;F6 Autres achats et charges externes (60-62);455970.86;2025
Seine-et-Marne;221 Collèges;F_autres;F11 Autres charges de fonctionnement;53754.85;2025
Seine-et-Marne;221 Collèges;F_autres;F9 Autres subventions et participations (65x);594492.89;2025
Seine-et-Marne;221 Collèges;F_interventions;F7 Dotations de fonctionnement aux collèges publics (655111);12735202.0;2025
Seine-et-Marne;221 Collèges;F_interventions;F8 Dotations de fonctionnement aux collèges privés (655112);5884916.16;2025
Seine-et-Marne;221 Collèges;F_interventions;F9 Autres subventions et participations (65x);28444271.860000003;2025
Seine-et-Marne;221 Collèges;I_autres;I7 Autres investissements (13, 26, 27, 45x hors 455, 481);0.0;2025
Seine-et-Marne;221 Collèges;I_equipement;I1 Terrains, constructions, rénovations, gros travaux, avances (211-214, 217, 231x, 236-238);89182253.47;2025
Seine-et-Marne;221 Collèges;I_equipement;I3 Mobilier, informatique, matériel (215x, 218x);6305282.6;2025
Seine-et-Marne;221 Collèges;I_equipement;I4 Études, logiciels, incorporels (20 hors 204);4051900.59;2025
Seine-et-Marne;221 Collèges;I_subventions_equipement_versees;I5 Subventions d'équipement versées (204, 2324);666272.6;2025
Seine-et-Marne;23-27 Hors scolaire;F_achats_charges_externes;F4 Contrats de prestations de services (611);7782.28;2025
Seine-et-Marne;23-27 Hors scolaire;F_achats_charges_externes;F6 Autres achats et charges externes (60-62);1120.46;2025
Seine-et-Marne;23-27 Hors scolaire;F_interventions;F9 Autres subventions et participations (65x);254571.0;2025
Seine-et-Marne;28 Services annexes;F_achats_charges_externes;F4 Contrats de prestations de services (611);92649.6;2025
Seine-et-Marne;28 Services annexes;F_achats_charges_externes;F6 Autres achats et charges externes (60-62);1214.94;2025
Seine-et-Marne;28 Services annexes;F_interventions;F8 Dotations de fonctionnement aux collèges privés (655112);153418.05;2025
Seine-et-Marne;28 Services annexes;F_interventions;F9 Autres subventions et participations (65x);231501.6;2025
Val-d'Oise;20 Services communs;F_achats_charges_externes;F6 Autres achats et charges externes (60-62);32829.78;2025
Val-d'Oise;20 Services communs;F_personnel;F1 Personnel (621, 631, 633, 64);489321.99;2025
Val-d'Oise;21 Premier degré;I_subventions_equipement_versees;I5 Subventions d'équipement versées (204, 2324);13614090.41;2025
Val-d'Oise;221 Collèges;F_achats_charges_externes;F2 Énergie et eau (60611-60613, 60621-60622);10281499.84;2025
Val-d'Oise;221 Collèges;F_achats_charges_externes;F3 Entretien, réparations, maintenance, nettoyage (6152x, 6155, 6156, 6283);8833448.77;2025
Val-d'Oise;221 Collèges;F_achats_charges_externes;F5 Locations et charges locatives (613, 614);361.44;2025
Val-d'Oise;221 Collèges;F_achats_charges_externes;F6 Autres achats et charges externes (60-62);5165390.43;2025
Val-d'Oise;221 Collèges;F_interventions;F7 Dotations de fonctionnement aux collèges publics (655111);13693738.43;2025
Val-d'Oise;221 Collèges;F_interventions;F8 Dotations de fonctionnement aux collèges privés (655112);9419811.5;2025
Val-d'Oise;221 Collèges;F_interventions;F9 Autres subventions et participations (65x);1558019.26;2025
Val-d'Oise;221 Collèges;F_personnel;F1 Personnel (621, 631, 633, 64);44856261.83;2025
Val-d'Oise;221 Collèges;I_autres;I7 Autres investissements (13, 26, 27, 45x hors 455, 481);0.0;2025
Val-d'Oise;221 Collèges;I_equipement;I1 Terrains, constructions, rénovations, gros travaux, avances (211-214, 217, 231x, 236-238);44561076.36;2025
Val-d'Oise;221 Collèges;I_equipement;I3 Mobilier, informatique, matériel (215x, 218x);7287692.8;2025
Val-d'Oise;221 Collèges;I_equipement;I4 Études, logiciels, incorporels (20 hors 204);717464.25;2025
Val-d'Oise;221 Collèges;I_subventions_equipement_versees;I5 Subventions d'équipement versées (204, 2324);102114.82;2025
Val-d'Oise;23-27 Hors scolaire;F_achats_charges_externes;F3 Entretien, réparations, maintenance, nettoyage (6152x, 6155, 6156, 6283);25341.78;2025
Val-d'Oise;23-27 Hors scolaire;F_interventions;F9 Autres subventions et participations (65x);118206.0;2025
Val-d'Oise;23-27 Hors scolaire;I_equipement;I1 Terrains, constructions, rénovations, gros travaux, avances (211-214, 217, 231x, 236-238);2689193.6;2025
Val-d'Oise;23-27 Hors scolaire;I_subventions_equipement_versees;I5 Subventions d'équipement versées (204, 2324);2000000.0;2025
Val-d'Oise;28 Services annexes;F_achats_charges_externes;F3 Entretien, réparations, maintenance, nettoyage (6152x, 6155, 6156, 6283);9046.0;2025
Val-d'Oise;28 Services annexes;F_achats_charges_externes;F6 Autres achats et charges externes (60-62);391754.39;2025
Val-d'Oise;28 Services annexes;F_interventions;F9 Autres subventions et participations (65x);234973.0;2025
Val-d'Oise;28 Services annexes;I_equipement;I4 Études, logiciels, incorporels (20 hors 204);25197.0;2025
Val-de-Marne;20 Services communs;F_achats_charges_externes;F6 Autres achats et charges externes (60-62);109893.18;2025
Val-de-Marne;20 Services communs;F_personnel;F1 Personnel (621, 631, 633, 64);3362471.08;2025
Val-de-Marne;21 Premier degré;F_interventions;F9 Autres subventions et participations (65x);30332.0;2025
Val-de-Marne;221 Collèges;F_achats_charges_externes;F2 Énergie et eau (60611-60613, 60621-60622);7890537.090000001;2025
Val-de-Marne;221 Collèges;F_achats_charges_externes;F3 Entretien, réparations, maintenance, nettoyage (6152x, 6155, 6156, 6283);4734434.49;2025
Val-de-Marne;221 Collèges;F_achats_charges_externes;F5 Locations et charges locatives (613, 614);95592.17000000001;2025
Val-de-Marne;221 Collèges;F_achats_charges_externes;F6 Autres achats et charges externes (60-62);1389914.92;2025
Val-de-Marne;221 Collèges;F_autres;F9 Autres subventions et participations (65x);332330.34;2025
Val-de-Marne;221 Collèges;F_interventions;F7 Dotations de fonctionnement aux collèges publics (655111);9921240.04;2025
Val-de-Marne;221 Collèges;F_interventions;F8 Dotations de fonctionnement aux collèges privés (655112);7601783.67;2025
Val-de-Marne;221 Collèges;F_interventions;F9 Autres subventions et participations (65x);3347368.33;2025
Val-de-Marne;221 Collèges;F_personnel;F1 Personnel (621, 631, 633, 64);44020888.23;2025
Val-de-Marne;221 Collèges;I_autres;I7 Autres investissements (13, 26, 27, 45x hors 455, 481);552328.99;2025
Val-de-Marne;221 Collèges;I_equipement;I1 Terrains, constructions, rénovations, gros travaux, avances (211-214, 217, 231x, 236-238);56240432.84;2025
Val-de-Marne;221 Collèges;I_equipement;I3 Mobilier, informatique, matériel (215x, 218x);10338320.77;2025
Val-de-Marne;221 Collèges;I_equipement;I4 Études, logiciels, incorporels (20 hors 204);1347649.54;2025
Val-de-Marne;221 Collèges;I_subventions_equipement_versees;I5 Subventions d'équipement versées (204, 2324);124143.48;2025
Val-de-Marne;23-27 Hors scolaire;F_achats_charges_externes;F6 Autres achats et charges externes (60-62);191496.7;2025
Val-de-Marne;23-27 Hors scolaire;F_interventions;F9 Autres subventions et participations (65x);15000.0;2025
Val-de-Marne;28 Services annexes;F_achats_charges_externes;F3 Entretien, réparations, maintenance, nettoyage (6152x, 6155, 6156, 6283);216.0;2025
Val-de-Marne;28 Services annexes;F_achats_charges_externes;F6 Autres achats et charges externes (60-62);4718.88;2025
Val-de-Marne;28 Services annexes;F_interventions;F9 Autres subventions et participations (65x);17070.0;2025
Yvelines;20 Services communs;F_achats_charges_externes;F3 Entretien, réparations, maintenance, nettoyage (6152x, 6155, 6156, 6283);52214.94;2025
Yvelines;20 Services communs;F_personnel;F1 Personnel (621, 631, 633, 64);20624539.56;2025
Yvelines;21 Premier degré;F_interventions;F9 Autres subventions et participations (65x);138472.0;2025
Yvelines;21 Premier degré;I_autres;I7 Autres investissements (13, 26, 27, 45x hors 455, 481);3486241.13;2025
Yvelines;21 Premier degré;I_equipement;I1 Terrains, constructions, rénovations, gros travaux, avances (211-214, 217, 231x, 236-238);49248.0;2025
Yvelines;221 Collèges;F_achats_charges_externes;F2 Énergie et eau (60611-60613, 60621-60622);14033548.91;2025
Yvelines;221 Collèges;F_achats_charges_externes;F3 Entretien, réparations, maintenance, nettoyage (6152x, 6155, 6156, 6283);5584144.83;2025
Yvelines;221 Collèges;F_achats_charges_externes;F6 Autres achats et charges externes (60-62);1135603.28;2025
Yvelines;221 Collèges;F_autres;F11 Autres charges de fonctionnement;39794.23;2025
Yvelines;221 Collèges;F_autres;F9 Autres subventions et participations (65x);37882977.84;2025
Yvelines;221 Collèges;F_interventions;F7 Dotations de fonctionnement aux collèges publics (655111);5519610.0;2025
Yvelines;221 Collèges;F_interventions;F8 Dotations de fonctionnement aux collèges privés (655112);9061448.55;2025
Yvelines;221 Collèges;F_interventions;F9 Autres subventions et participations (65x);770159.7100000001;2025
Yvelines;221 Collèges;I_autres;I7 Autres investissements (13, 26, 27, 45x hors 455, 481);3192.0;2025
Yvelines;221 Collèges;I_equipement;I1 Terrains, constructions, rénovations, gros travaux, avances (211-214, 217, 231x, 236-238);102790912.71;2025
Yvelines;221 Collèges;I_equipement;I3 Mobilier, informatique, matériel (215x, 218x);9387.41;2025
Yvelines;221 Collèges;I_equipement;I4 Études, logiciels, incorporels (20 hors 204);198166.08;2025
Yvelines;221 Collèges;I_subventions_equipement_versees;I5 Subventions d'équipement versées (204, 2324);4433479.4;2025
Yvelines;23-27 Hors scolaire;F_achats_charges_externes;F2 Énergie et eau (60611-60613, 60621-60622);730285.8999999999;2025
Yvelines;23-27 Hors scolaire;F_achats_charges_externes;F3 Entretien, réparations, maintenance, nettoyage (6152x, 6155, 6156, 6283);51633.93;2025
Yvelines;23-27 Hors scolaire;F_achats_charges_externes;F6 Autres achats et charges externes (60-62);16653.69;2025
Yvelines;23-27 Hors scolaire;I_autres;I7 Autres investissements (13, 26, 27, 45x hors 455, 481);0.0;2025
Yvelines;23-27 Hors scolaire;I_equipement;I1 Terrains, constructions, rénovations, gros travaux, avances (211-214, 217, 231x, 236-238);16484056.78;2025
Yvelines;23-27 Hors scolaire;I_equipement;I3 Mobilier, informatique, matériel (215x, 218x);1013.94;2025
Yvelines;23-27 Hors scolaire;I_equipement;I4 Études, logiciels, incorporels (20 hors 204);11061.5;2025
Yvelines;23-27 Hors scolaire;I_subventions_equipement_versees;I5 Subventions d'équipement versées (204, 2324);323103.75;2025
Yvelines;24 Cités scolaires;F_interventions;F9 Autres subventions et participations (65x);38445.53;2025
Yvelines;28 Services annexes;F_achats_charges_externes;F2 Énergie et eau (60611-60613, 60621-60622);15830.69;2025
Yvelines;28 Services annexes;F_achats_charges_externes;F3 Entretien, réparations, maintenance, nettoyage (6152x, 6155, 6156, 6283);2282.6;2025
Yvelines;28 Services annexes;F_achats_charges_externes;F6 Autres achats et charges externes (60-62);284355.14;2025
Yvelines;28 Services annexes;F_autres;F11 Autres charges de fonctionnement;498.71;2025
Yvelines;28 Services annexes;F_interventions;F9 Autres subventions et participations (65x);2583347.41;2025
Yvelines;28 Services annexes;I_equipement;I1 Terrains, constructions, rénovations, gros travaux, avances (211-214, 217, 231x, 236-238);16313.77;2025
Yvelines;28 Services annexes;I_equipement;I3 Mobilier, informatique, matériel (215x, 218x);504.29;2025
France (départements, Paris, ML, CTU);221 Collèges;F_achats_charges_externes;F2 Énergie et eau (60611-60613, 60621-60622);173571316.54;2025
France (départements, Paris, ML, CTU);221 Collèges;F_achats_charges_externes;F3 Entretien, réparations, maintenance, nettoyage (6152x, 6155, 6156, 6283);171920242.86;2025
France (départements, Paris, ML, CTU);221 Collèges;F_achats_charges_externes;F4 Contrats de prestations de services (611);34943700.4;2025
France (départements, Paris, ML, CTU);221 Collèges;F_achats_charges_externes;F5 Locations et charges locatives (613, 614);17176313.21;2025
France (départements, Paris, ML, CTU);221 Collèges;F_achats_charges_externes;F6 Autres achats et charges externes (60-62);139890139.28;2025
France (départements, Paris, ML, CTU);221 Collèges;F_autres;F11 Autres charges de fonctionnement;1433973.86;2025
France (départements, Paris, ML, CTU);221 Collèges;F_autres;F9 Autres subventions et participations (65x);88097099.30000001;2025
France (départements, Paris, ML, CTU);221 Collèges;F_charges_financieres;F10 Charges financières (66);12010994.870000001;2025
France (départements, Paris, ML, CTU);221 Collèges;F_interventions;F7 Dotations de fonctionnement aux collèges publics (655111);645088962.5600001;2025
France (départements, Paris, ML, CTU);221 Collèges;F_interventions;F8 Dotations de fonctionnement aux collèges privés (655112);470895238.86;2025
France (départements, Paris, ML, CTU);221 Collèges;F_interventions;F8b Dotations aux lycées (65512x);1791005.0;2025
France (départements, Paris, ML, CTU);221 Collèges;F_interventions;F9 Autres subventions et participations (65x);134035062.96;2025
France (départements, Paris, ML, CTU);221 Collèges;F_personnel;F1 Personnel (621, 631, 633, 64);1423849134.85;2025
France (départements, Paris, ML, CTU);221 Collèges;I_PPP_remboursement_capital_1675;I0 Remboursement en capital des marchés de partenariat (1675);30833713.790000003;2025
France (départements, Paris, ML, CTU);221 Collèges;I_autres;I2 Opérations sous mandat des EPLE (455);912850.74;2025
France (départements, Paris, ML, CTU);221 Collèges;I_autres;I7 Autres investissements (13, 26, 27, 45x hors 455, 481);4463653.54;2025
France (départements, Paris, ML, CTU);221 Collèges;I_equipement;I1 Terrains, constructions, rénovations, gros travaux, avances (211-214, 217, 231x, 236-238);2073911450.73;2025
France (départements, Paris, ML, CTU);221 Collèges;I_equipement;I3 Mobilier, informatique, matériel (215x, 218x);250740006.06;2025
France (départements, Paris, ML, CTU);221 Collèges;I_equipement;I4 Études, logiciels, incorporels (20 hors 204);87087740.22;2025
France (départements, Paris, ML, CTU);221 Collèges;I_equipement;I6 Autres immobilisations (21, 23);258257.71;2025
France (départements, Paris, ML, CTU);221 Collèges;I_subventions_equipement_versees;I5 Subventions d'équipement versées (204, 2324);101076622.19999999;2025
France catégorie CTU;221 Collèges;F_achats_charges_externes;F2 Énergie et eau (60611-60613, 60621-60622);2673.5;2025
France catégorie CTU;221 Collèges;F_achats_charges_externes;F3 Entretien, réparations, maintenance, nettoyage (6152x, 6155, 6156, 6283);1444134.9100000001;2025
France catégorie CTU;221 Collèges;F_achats_charges_externes;F4 Contrats de prestations de services (611);43400.0;2025
France catégorie CTU;221 Collèges;F_achats_charges_externes;F5 Locations et charges locatives (613, 614);1193646.25;2025
France catégorie CTU;221 Collèges;F_achats_charges_externes;F6 Autres achats et charges externes (60-62);379579.96;2025
France catégorie CTU;221 Collèges;F_autres;F11 Autres charges de fonctionnement;11022.81;2025
France catégorie CTU;221 Collèges;F_interventions;F7 Dotations de fonctionnement aux collèges publics (655111);20017849.4;2025
France catégorie CTU;221 Collèges;F_interventions;F8 Dotations de fonctionnement aux collèges privés (655112);2894288.0;2025
France catégorie CTU;221 Collèges;F_interventions;F9 Autres subventions et participations (65x);1038391.02;2025
France catégorie CTU;221 Collèges;F_personnel;F1 Personnel (621, 631, 633, 64);21083068.92;2025
France catégorie CTU;221 Collèges;I_autres;I7 Autres investissements (13, 26, 27, 45x hors 455, 481);0.0;2025
France catégorie CTU;221 Collèges;I_equipement;I1 Terrains, constructions, rénovations, gros travaux, avances (211-214, 217, 231x, 236-238);34921405.22;2025
France catégorie CTU;221 Collèges;I_equipement;I3 Mobilier, informatique, matériel (215x, 218x);5457008.92;2025
France catégorie CTU;221 Collèges;I_equipement;I4 Études, logiciels, incorporels (20 hors 204);934407.72;2025
France catégorie CTU;221 Collèges;I_subventions_equipement_versees;I5 Subventions d'équipement versées (204, 2324);2608641.73;2025
France catégorie DEPT;221 Collèges;F_achats_charges_externes;F2 Énergie et eau (60611-60613, 60621-60622);173501092.16;2025
France catégorie DEPT;221 Collèges;F_achats_charges_externes;F3 Entretien, réparations, maintenance, nettoyage (6152x, 6155, 6156, 6283);163453128.11;2025
France catégorie DEPT;221 Collèges;F_achats_charges_externes;F4 Contrats de prestations de services (611);32710116.299999997;2025
France catégorie DEPT;221 Collèges;F_achats_charges_externes;F5 Locations et charges locatives (613, 614);15530520.899999999;2025
France catégorie DEPT;221 Collèges;F_achats_charges_externes;F6 Autres achats et charges externes (60-62);137003096.15;2025
France catégorie DEPT;221 Collèges;F_autres;F11 Autres charges de fonctionnement;1422951.05;2025
France catégorie DEPT;221 Collèges;F_autres;F9 Autres subventions et participations (65x);81670659.94000001;2025
France catégorie DEPT;221 Collèges;F_charges_financieres;F10 Charges financières (66);12010994.870000001;2025
France catégorie DEPT;221 Collèges;F_interventions;F7 Dotations de fonctionnement aux collèges publics (655111);598967629.47;2025
France catégorie DEPT;221 Collèges;F_interventions;F8 Dotations de fonctionnement aux collèges privés (655112);438155487.84;2025
France catégorie DEPT;221 Collèges;F_interventions;F8b Dotations aux lycées (65512x);1791005.0;2025
France catégorie DEPT;221 Collèges;F_interventions;F9 Autres subventions et participations (65x);132087000.75;2025
France catégorie DEPT;221 Collèges;F_personnel;F1 Personnel (621, 631, 633, 64);1340895760.57;2025
France catégorie DEPT;221 Collèges;I_PPP_remboursement_capital_1675;I0 Remboursement en capital des marchés de partenariat (1675);30833713.790000003;2025
France catégorie DEPT;221 Collèges;I_autres;I2 Opérations sous mandat des EPLE (455);912850.74;2025
France catégorie DEPT;221 Collèges;I_autres;I7 Autres investissements (13, 26, 27, 45x hors 455, 481);4463653.54;2025
France catégorie DEPT;221 Collèges;I_equipement;I1 Terrains, constructions, rénovations, gros travaux, avances (211-214, 217, 231x, 236-238);1979451343.11;2025
France catégorie DEPT;221 Collèges;I_equipement;I3 Mobilier, informatique, matériel (215x, 218x);241289437.57;2025
France catégorie DEPT;221 Collèges;I_equipement;I4 Études, logiciels, incorporels (20 hors 204);84201930.81;2025
France catégorie DEPT;221 Collèges;I_equipement;I6 Autres immobilisations (21, 23);225617.71000000002;2025
France catégorie DEPT;221 Collèges;I_subventions_equipement_versees;I5 Subventions d'équipement versées (204, 2324);93115716.7;2025
France catégorie ML;221 Collèges;F_achats_charges_externes;F2 Énergie et eau (60611-60613, 60621-60622);67550.88;2025
France catégorie ML;221 Collèges;F_achats_charges_externes;F3 Entretien, réparations, maintenance, nettoyage (6152x, 6155, 6156, 6283);5314750.86;2025
France catégorie ML;221 Collèges;F_achats_charges_externes;F4 Contrats de prestations de services (611);2179074.22;2025
France catégorie ML;221 Collèges;F_achats_charges_externes;F5 Locations et charges locatives (613, 614);452146.05999999994;2025
France catégorie ML;221 Collèges;F_achats_charges_externes;F6 Autres achats et charges externes (60-62);1558093.12;2025
France catégorie ML;221 Collèges;F_autres;F9 Autres subventions et participations (65x);6426126.92;2025
France catégorie ML;221 Collèges;F_interventions;F7 Dotations de fonctionnement aux collèges publics (655111);12578740.69;2025
France catégorie ML;221 Collèges;F_interventions;F8 Dotations de fonctionnement aux collèges privés (655112);9264017.36;2025
France catégorie ML;221 Collèges;F_interventions;F9 Autres subventions et participations (65x);851113.19;2025
France catégorie ML;221 Collèges;F_personnel;F1 Personnel (621, 631, 633, 64);31027425.4;2025
France catégorie ML;221 Collèges;I_autres;I7 Autres investissements (13, 26, 27, 45x hors 455, 481);0.0;2025
France catégorie ML;221 Collèges;I_equipement;I1 Terrains, constructions, rénovations, gros travaux, avances (211-214, 217, 231x, 236-238);44804069.78;2025
France catégorie ML;221 Collèges;I_equipement;I3 Mobilier, informatique, matériel (215x, 218x);3774241.7;2025
France catégorie ML;221 Collèges;I_equipement;I4 Études, logiciels, incorporels (20 hors 204);1081890.78;2025
France catégorie ML;221 Collèges;I_subventions_equipement_versees;I5 Subventions d'équipement versées (204, 2324);2148766.77;2025
France catégorie PARIS;221 Collèges;F_achats_charges_externes;F3 Entretien, réparations, maintenance, nettoyage (6152x, 6155, 6156, 6283);1708228.98;2025
France catégorie PARIS;221 Collèges;F_achats_charges_externes;F4 Contrats de prestations de services (611);11109.88;2025
France catégorie PARIS;221 Collèges;F_achats_charges_externes;F6 Autres achats et charges externes (60-62);949370.0499999999;2025
France catégorie PARIS;221 Collèges;F_autres;F9 Autres subventions et participations (65x);312.44;2025
France catégorie PARIS;221 Collèges;F_interventions;F7 Dotations de fonctionnement aux collèges publics (655111);13524743.0;2025
France catégorie PARIS;221 Collèges;F_interventions;F8 Dotations de fonctionnement aux collèges privés (655112);20581445.66;2025
France catégorie PARIS;221 Collèges;F_interventions;F9 Autres subventions et participations (65x);58558.0;2025
France catégorie PARIS;221 Collèges;F_personnel;F1 Personnel (621, 631, 633, 64);30842879.96;2025
France catégorie PARIS;221 Collèges;I_autres;I7 Autres investissements (13, 26, 27, 45x hors 455, 481);0.0;2025
France catégorie PARIS;221 Collèges;I_equipement;I1 Terrains, constructions, rénovations, gros travaux, avances (211-214, 217, 231x, 236-238);14734632.620000001;2025
France catégorie PARIS;221 Collèges;I_equipement;I3 Mobilier, informatique, matériel (215x, 218x);219317.87;2025
France catégorie PARIS;221 Collèges;I_equipement;I4 Études, logiciels, incorporels (20 hors 204);869510.91;2025
France catégorie PARIS;221 Collèges;I_equipement;I6 Autres immobilisations (21, 23);32640.0;2025
France catégorie PARIS;221 Collèges;I_subventions_equipement_versees;I5 Subventions d'équipement versées (204, 2324);3203497.0;2025
