entite;code;fonction;annee;agregat;montant;eleves_public;euros_par_collegien_public
Paris (Ville de Paris);75;221;2022;Dépenses d'équipement;11872676.03;55012.33333333333;215.81844125862685
Paris (Ville de Paris);75;221;2022;Subventions d'équipement versées;2498265.0;55012.33333333333;45.4128165199319
Paris (Ville de Paris);75;221;2022;Autres dépenses d'investissement;0.0;55012.33333333333;0.0
Paris (Ville de Paris);75;221;2022;Dépenses d'investissement hors remb;14370941.03;55012.33333333333;261.23125777855876
Paris (Ville de Paris);75;221;2022;Frais de personnel;28279435.1;55012.33333333333;514.0562740476379
Paris (Ville de Paris);75;221;2022;Achats et charges externes;1828610.25;55012.33333333333;33.24000527154517
Paris (Ville de Paris);75;221;2022;Dépenses d'intervention;38218377.48;55012.33333333333;694.7238039954677
Paris (Ville de Paris);75;221;2022;Charges financières;0.0;55012.33333333333;0.0
Paris (Ville de Paris);75;221;2022;Autres dépenses de fonctionnement;-1.49011611938477e-08;55012.33333333333;-2.70869463099445e-13
Paris (Ville de Paris);75;221;2022;Dépenses de fonctionnement;68326422.83;55012.33333333333;1242.0200833146507
Paris (Ville de Paris);75;221;2022;Dépenses totales hors remb;82697363.86;55012.33333333333;1503.2513410932095
Seine-et-Marne;77;221;2022;Dépenses d'équipement;88915853.04;74443.33333333333;1194.4098827743699
Seine-et-Marne;77;221;2022;Subventions d'équipement versées;275595.04;74443.33333333333;3.7020781802713474
Seine-et-Marne;77;221;2022;Autres dépenses d'investissement;0.0;74443.33333333333;0.0
Seine-et-Marne;77;221;2022;Dépenses d'investissement hors remb;89191448.08;74443.33333333333;1198.111960954641
Seine-et-Marne;77;221;2022;Frais de personnel;0.0;74443.33333333333;0.0
Seine-et-Marne;77;221;2022;Achats et charges externes;20490394.5;74443.33333333333;275.24821340617024
Seine-et-Marne;77;221;2022;Dépenses d'intervention;20969041.6;74443.33333333333;281.677897282049
Seine-et-Marne;77;221;2022;Charges financières;0.0;74443.33333333333;0.0
Seine-et-Marne;77;221;2022;Autres dépenses de fonctionnement;451583.280000009;74443.33333333333;6.066134599023987
Seine-et-Marne;77;221;2022;Dépenses de fonctionnement;41911019.38;74443.33333333333;562.9922452872431
Seine-et-Marne;77;221;2022;Dépenses totales hors remb;131102467.46;74443.33333333333;1761.1042062418842
Yvelines;78;221;2022;Dépenses d'équipement;34580800.1;68006.0;508.49631061965124
Yvelines;78;221;2022;Subventions d'équipement versées;5635170.87;68006.0;82.86284842513896
Yvelines;78;221;2022;Autres dépenses d'investissement;0.0;68006.0;0.0
Yvelines;78;221;2022;Dépenses d'investissement hors remb;40215970.97;68006.0;591.3591590447902
Yvelines;78;221;2022;Frais de personnel;0.0;68006.0;0.0
Yvelines;78;221;2022;Achats et charges externes;14257861.08;68006.0;209.65592859453577
Yvelines;78;221;2022;Dépenses d'intervention;16115659.24;68006.0;236.97407934594005
Yvelines;78;221;2022;Charges financières;0.0;68006.0;0.0
Yvelines;78;221;2022;Autres dépenses de fonctionnement;36845673.31;68006.0;541.8003310002059
Yvelines;78;221;2022;Dépenses de fonctionnement;67219193.63;68006.0;988.4303389406816
Yvelines;78;221;2022;Dépenses totales hors remb;107435164.6;68006.0;1579.7894979854718
Essonne;91;221;2022;Dépenses d'équipement;68101333.0;64866.33333333333;1049.8717824860355
Essonne;91;221;2022;Subventions d'équipement versées;281765.22;64866.33333333333;4.343782136598852
Essonne;91;221;2022;Autres dépenses d'investissement;0.0;64866.33333333333;0.0
Essonne;91;221;2022;Dépenses d'investissement hors remb;68383098.22;64866.33333333333;1054.2155646226342
Essonne;91;221;2022;Frais de personnel;44367630.61;64866.33333333333;683.9854872327196
Essonne;91;221;2022;Achats et charges externes;25806312.23;64866.33333333333;397.8383069286071
Essonne;91;221;2022;Dépenses d'intervention;20695604.02;64866.33333333333;319.0500057040376
Essonne;91;221;2022;Charges financières;0.0;64866.33333333333;0.0
Essonne;91;221;2022;Autres dépenses de fonctionnement;4689841.34;64866.33333333333;72.30008386476807
Essonne;91;221;2022;Dépenses de fonctionnement;95559388.2;64866.33333333333;1473.1738837301323
Essonne;91;221;2022;Dépenses totales hors remb;163942486.42;64866.33333333333;2527.3894483527665
Hauts-de-Seine;92;221;2022;Dépenses d'équipement;108643715.36;56958.33333333333;1907.42441012436
Hauts-de-Seine;92;221;2022;Subventions d'équipement versées;2412323.31;56958.33333333333;42.35242095098757
Hauts-de-Seine;92;221;2022;Autres dépenses d'investissement;0.0;56958.33333333333;0.0
Hauts-de-Seine;92;221;2022;Dépenses d'investissement hors remb;111056038.67;56958.33333333333;1949.7768310753477
Hauts-de-Seine;92;221;2022;Frais de personnel;38759171.81;56958.33333333333;680.4828993708852
Hauts-de-Seine;92;221;2022;Achats et charges externes;35540630.46;56958.33333333333;623.9759554059987
Hauts-de-Seine;92;221;2022;Dépenses d'intervention;24504897.7;56958.33333333333;430.2249779078274
Hauts-de-Seine;92;221;2022;Charges financières;480094.2;56958.33333333333;8.42886671543526
Hauts-de-Seine;92;221;2022;Autres dépenses de fonctionnement;1036039.00999999;56958.33333333333;18.18941934162382
Hauts-de-Seine;92;221;2022;Dépenses de fonctionnement;100320833.18;56958.33333333333;1761.3021187417705
Hauts-de-Seine;92;221;2022;Dépenses totales hors remb;211376871.85;56958.33333333333;3711.078949817118
Seine-Saint-Denis;93;221;2022;Dépenses d'équipement;61215897.59;78636.0;778.4716617071063
Seine-Saint-Denis;93;221;2022;Subventions d'équipement versées;1101115.68;78636.0;14.00269189684114
Seine-Saint-Denis;93;221;2022;Autres dépenses d'investissement;0.0;78636.0;0.0
Seine-Saint-Denis;93;221;2022;Dépenses d'investissement hors remb;62317013.27;78636.0;792.4743536039473
Seine-Saint-Denis;93;221;2022;Frais de personnel;68044559.85;78636.0;865.3105428811231
Seine-Saint-Denis;93;221;2022;Achats et charges externes;27635416.58;78636.0;351.43466834528715
Seine-Saint-Denis;93;221;2022;Dépenses d'intervention;27969336.78;78636.0;355.68107202807875
Seine-Saint-Denis;93;221;2022;Charges financières;6168888.3;78636.0;78.44865328857011
Seine-Saint-Denis;93;221;2022;Autres dépenses de fonctionnement;370354.970000014;78636.0;4.709738160639072
Seine-Saint-Denis;93;221;2022;Dépenses de fonctionnement;130188556.48;78636.0;1655.584674703698
Seine-Saint-Denis;93;221;2022;Dépenses totales hors remb;192505569.75;78636.0;2448.0590283076453
Val-de-Marne;94;221;2022;Dépenses d'équipement;87961505.78;56561.33333333333;1555.1526209896044
Val-de-Marne;94;221;2022;Subventions d'équipement versées;126959.32;56561.33333333333;2.2446309610805972
Val-de-Marne;94;221;2022;Autres dépenses d'investissement;0.0;56561.33333333333;0.0
Val-de-Marne;94;221;2022;Dépenses d'investissement hors remb;88088465.1;56561.33333333333;1557.397251950685
Val-de-Marne;94;221;2022;Frais de personnel;37584962.39;56561.33333333333;664.499228978572
Val-de-Marne;94;221;2022;Achats et charges externes;8936506.91;56561.33333333333;157.99675119634145
Val-de-Marne;94;221;2022;Dépenses d'intervention;26503907.16;56561.33333333333;468.5870293015252
Val-de-Marne;94;221;2022;Charges financières;0.0;56561.33333333333;0.0
Val-de-Marne;94;221;2022;Autres dépenses de fonctionnement;2029.56999999285;56561.33333333333;0.03588264067312505
Val-de-Marne;94;221;2022;Dépenses de fonctionnement;73027406.03;56561.33333333333;1291.118892117112
Val-de-Marne;94;221;2022;Dépenses totales hors remb;161115871.13;56561.33333333333;2848.5161440677966
Val-d'Oise;95;221;2022;Dépenses d'équipement;68589568.33;64621.666666666664;1061.4020322905114
Val-d'Oise;95;221;2022;Subventions d'équipement versées;117400.01;64621.666666666664;1.8167282903051092
Val-d'Oise;95;221;2022;Autres dépenses d'investissement;15000.0;64621.666666666664;0.23212028989245095
Val-d'Oise;95;221;2022;Dépenses d'investissement hors remb;68721968.34;64621.666666666664;1063.4508808707092
Val-d'Oise;95;221;2022;Frais de personnel;0.0;64621.666666666664;0.0
Val-d'Oise;95;221;2022;Achats et charges externes;20863053.38;64621.666666666664;322.8491999071519
Val-d'Oise;95;221;2022;Dépenses d'intervention;21561185.29;64621.666666666664;333.6525719959766
Val-d'Oise;95;221;2022;Charges financières;0.0;64621.666666666664;0.0
Val-d'Oise;95;221;2022;Autres dépenses de fonctionnement;2195464.47;64621.666666666664;33.97412328166508
Val-d'Oise;95;221;2022;Dépenses de fonctionnement;44619703.14;64621.666666666664;690.4758951847936
Val-d'Oise;95;221;2022;Dépenses totales hors remb;113341671.48;64621.666666666664;1753.9267760555026
France (départements + Paris + Métropole de Lyon, hors CTU);FR_OFGL;221;2022;Dépenses d'équipement;2422930702.61;2629587.6666666665;921.410886324003
France (départements + Paris + Métropole de Lyon, hors CTU);FR_OFGL;221;2022;Subventions d'équipement versées;105114165.94;2629587.6666666665;39.97363057047094
France (départements + Paris + Métropole de Lyon, hors CTU);FR_OFGL;221;2022;Autres dépenses d'investissement;7240970.350000005;2629587.6666666665;2.7536523850444
France (départements + Paris + Métropole de Lyon, hors CTU);FR_OFGL;221;2022;Dépenses d'investissement hors remb;2535285838.9;2629587.6666666665;964.1381692795184
France (départements + Paris + Métropole de Lyon, hors CTU);FR_OFGL;221;2022;Frais de personnel;1234129462.19;2629587.6666666665;469.32432709285354
France (départements + Paris + Métropole de Lyon, hors CTU);FR_OFGL;221;2022;Achats et charges externes;434973630.98;2629587.6666666665;165.4151472087576
France (départements + Paris + Métropole de Lyon, hors CTU);FR_OFGL;221;2022;Dépenses d'intervention;1155674776.7;2629587.6666666665;439.4889705901927
France (départements + Paris + Métropole de Lyon, hors CTU);FR_OFGL;221;2022;Charges financières;14415304.360000001;2629587.6666666665;5.481963785703792
France (départements + Paris + Métropole de Lyon, hors CTU);FR_OFGL;221;2022;Autres dépenses de fonctionnement;73933192.75999993;2629587.6666666665;28.115888166497054
France (départements + Paris + Métropole de Lyon, hors CTU);FR_OFGL;221;2022;Dépenses de fonctionnement;2913126366.99;2629587.6666666665;1107.8262968440044
France (départements + Paris + Métropole de Lyon, hors CTU);FR_OFGL;221;2022;Dépenses totales hors remb;5448412205.89;2629587.6666666665;2071.964466123523
Paris (Ville de Paris);75;221;2023;Dépenses d'équipement;14944476.28;53734.66666666666;278.11610654822465
Paris (Ville de Paris);75;221;2023;Subventions d'équipement versées;3088091.0;53734.66666666666;57.46925014267637
Paris (Ville de Paris);75;221;2023;Autres dépenses d'investissement;0.0;53734.66666666666;0.0
Paris (Ville de Paris);75;221;2023;Dépenses d'investissement hors remb;18032567.28;53734.66666666666;335.58535669090105
Paris (Ville de Paris);75;221;2023;Frais de personnel;28920437.73;53734.66666666666;538.2081908017171
Paris (Ville de Paris);75;221;2023;Achats et charges externes;2162480.51;53734.66666666666;40.2436759013424
Paris (Ville de Paris);75;221;2023;Dépenses d'intervention;38428385.65;53734.66666666666;715.150721756284
Paris (Ville de Paris);75;221;2023;Charges financières;0.0;53734.66666666666;0.0
Paris (Ville de Paris);75;221;2023;Autres dépenses de fonctionnement;0.0;53734.66666666666;0.0
Paris (Ville de Paris);75;221;2023;Dépenses de fonctionnement;69511303.89;53734.66666666666;1293.6025884593437
Paris (Ville de Paris);75;221;2023;Dépenses totales hors remb;87543871.17;53734.66666666666;1629.1879451502448
Seine-et-Marne;77;221;2023;Dépenses d'équipement;95864814.99;74761.0;1282.2837440644184
Seine-et-Marne;77;221;2023;Subventions d'équipement versées;167199.47;74761.0;2.2364530972030874
Seine-et-Marne;77;221;2023;Autres dépenses d'investissement;0.0;74761.0;0.0
Seine-et-Marne;77;221;2023;Dépenses d'investissement hors remb;96032014.46;74761.0;1284.5201971616216
Seine-et-Marne;77;221;2023;Frais de personnel;0.0;74761.0;0.0
Seine-et-Marne;77;221;2023;Achats et charges externes;32948163.85;74761.0;440.71325758082423
Seine-et-Marne;77;221;2023;Dépenses d'intervention;21878744.31;74761.0;292.64916614277496
Seine-et-Marne;77;221;2023;Charges financières;0.0;74761.0;0.0
Seine-et-Marne;77;221;2023;Autres dépenses de fonctionnement;892348.560000002;74761.0;11.936016907211005
Seine-et-Marne;77;221;2023;Dépenses de fonctionnement;55719256.72;74761.0;745.2984406308102
Seine-et-Marne;77;221;2023;Dépenses totales hors remb;151751271.18;74761.0;2029.818637792432
Yvelines;78;221;2023;Dépenses d'équipement;50993414.03;68350.33333333333;746.0594783249046
Yvelines;78;221;2023;Subventions d'équipement versées;6844969.24;68350.33333333333;100.14536734763547
Yvelines;78;221;2023;Autres dépenses d'investissement;0.0;68350.33333333333;0.0
Yvelines;78;221;2023;Dépenses d'investissement hors remb;57838383.27;68350.33333333333;846.2048456725402
Yvelines;78;221;2023;Frais de personnel;0.0;68350.33333333333;0.0
Yvelines;78;221;2023;Achats et charges externes;22535971.08;68350.33333333333;329.71267265216943
Yvelines;78;221;2023;Dépenses d'intervention;16533775.75;68350.33333333333;241.89751452077778
Yvelines;78;221;2023;Charges financières;0.0;68350.33333333333;0.0
Yvelines;78;221;2023;Autres dépenses de fonctionnement;39675576.56;68350.33333333333;580.4737830100805
Yvelines;78;221;2023;Dépenses de fonctionnement;78745323.39;68350.33333333333;1152.0839701830278
Yvelines;78;221;2023;Dépenses totales hors remb;136583706.66;68350.33333333333;1998.2888158555677
Essonne;91;221;2023;Dépenses d'équipement;80914184.74;65510.99999999999;1235.123639388805
Essonne;91;221;2023;Subventions d'équipement versées;377572.53;65510.99999999999;5.763498191143473
Essonne;91;221;2023;Autres dépenses d'investissement;0.0;65510.99999999999;0.0
Essonne;91;221;2023;Dépenses d'investissement hors remb;81291757.27;65510.99999999999;1240.8871375799486
Essonne;91;221;2023;Frais de personnel;44570081.07;65510.99999999999;680.3449965654623
Essonne;91;221;2023;Achats et charges externes;41803505.09;65510.99999999999;638.1142875242327
Essonne;91;221;2023;Dépenses d'intervention;19943022.53;65510.99999999999;304.42250202256116
Essonne;91;221;2023;Charges financières;0.0;65510.99999999999;0.0
Essonne;91;221;2023;Autres dépenses de fonctionnement;1530709.86;65510.99999999999;23.365692173833406
Essonne;91;221;2023;Dépenses de fonctionnement;107847318.55;65510.99999999999;1646.2474782860895
Essonne;91;221;2023;Dépenses totales hors remb;189139075.82;65510.99999999999;2887.134615866038
Hauts-de-Seine;92;221;2023;Dépenses d'équipement;75890296.76;56433.33333333333;1344.7778516243357
Hauts-de-Seine;92;221;2023;Subventions d'équipement versées;2370405.73;56433.33333333333;42.003645540460724
Hauts-de-Seine;92;221;2023;Autres dépenses d'investissement;0.0;56433.33333333333;0.0
Hauts-de-Seine;92;221;2023;Dépenses d'investissement hors remb;78260702.49;56433.33333333333;1386.7814971647963
Hauts-de-Seine;92;221;2023;Frais de personnel;37947519.44;56433.33333333333;672.4309410513881
Hauts-de-Seine;92;221;2023;Achats et charges externes;56870605.91;56433.33333333333;1007.7484803898406
Hauts-de-Seine;92;221;2023;Dépenses d'intervention;27761436.8;56433.33333333333;491.9333160070881
Hauts-de-Seine;92;221;2023;Charges financières;388905.43;56433.33333333333;6.8914134081512115
Hauts-de-Seine;92;221;2023;Autres dépenses de fonctionnement;2688025.63000001;56433.33333333333;47.631877672770415
Hauts-de-Seine;92;221;2023;Dépenses de fonctionnement;125656493.21;56433.33333333333;2226.636028529238
Hauts-de-Seine;92;221;2023;Dépenses totales hors remb;203917195.7;56433.33333333333;3613.4175256940343
Seine-Saint-Denis;93;221;2023;Dépenses d'équipement;76960215.16;78903.33333333333;975.3734336529932
Seine-Saint-Denis;93;221;2023;Subventions d'équipement versées;1211803.62;78903.33333333333;15.358078915128218
Seine-Saint-Denis;93;221;2023;Autres dépenses d'investissement;963300.0;78903.33333333333;12.208609691183305
Seine-Saint-Denis;93;221;2023;Dépenses d'investissement hors remb;79135318.78;78903.33333333333;1002.9401222593048
Seine-Saint-Denis;93;221;2023;Frais de personnel;71544386.94;78903.33333333333;906.7346576823962
Seine-Saint-Denis;93;221;2023;Achats et charges externes;39873664.03;78903.33333333333;505.34828308901194
Seine-Saint-Denis;93;221;2023;Dépenses d'intervention;24400352.14;78903.33333333333;309.24361632377173
Seine-Saint-Denis;93;221;2023;Charges financières;6626592.55;78903.33333333333;83.98368319885091
Seine-Saint-Denis;93;221;2023;Autres dépenses de fonctionnement;606474.090000004;78903.33333333333;7.686292383084839
Seine-Saint-Denis;93;221;2023;Dépenses de fonctionnement;143051469.75;78903.33333333333;1812.9965326771155
Seine-Saint-Denis;93;221;2023;Dépenses totales hors remb;222186788.53;78903.33333333333;2815.9366549364204
Val-de-Marne;94;221;2023;Dépenses d'équipement;82659893.82;56841.666666666664;1454.213056501979
Val-de-Marne;94;221;2023;Subventions d'équipement versées;1247038.38;56841.666666666664;21.938807447588328
Val-de-Marne;94;221;2023;Autres dépenses d'investissement;0.0;56841.666666666664;0.0
Val-de-Marne;94;221;2023;Dépenses d'investissement hors remb;83906932.2;56841.666666666664;1476.1518639495675
Val-de-Marne;94;221;2023;Frais de personnel;41866640.56;56841.666666666664;736.5484338366809
Val-de-Marne;94;221;2023;Achats et charges externes;8101454.65;56841.666666666664;142.52669080779947
Val-de-Marne;94;221;2023;Dépenses d'intervention;28235696.4;56841.666666666664;496.74293622635975
Val-de-Marne;94;221;2023;Charges financières;0.0;56841.666666666664;0.0
Val-de-Marne;94;221;2023;Autres dépenses de fonctionnement;1856.75;56841.666666666664;0.03266529834335142
Val-de-Marne;94;221;2023;Dépenses de fonctionnement;78205648.36;56841.666666666664;1375.8507261691834
Val-de-Marne;94;221;2023;Dépenses totales hors remb;162112580.56;56841.666666666664;2852.002590118751
Val-d'Oise;95;221;2023;Dépenses d'équipement;59088137.59;65405.33333333333;903.4146693949526
Val-d'Oise;95;221;2023;Subventions d'équipement versées;142986.89;65405.33333333333;2.1861656032127863
Val-d'Oise;95;221;2023;Autres dépenses d'investissement;0.0;65405.33333333333;0.0
Val-d'Oise;95;221;2023;Dépenses d'investissement hors remb;59231124.48;65405.33333333333;905.6008349981653
Val-d'Oise;95;221;2023;Frais de personnel;0.0;65405.33333333333;0.0
Val-d'Oise;95;221;2023;Achats et charges externes;23439922.03;65405.33333333333;358.37936809434507
Val-d'Oise;95;221;2023;Dépenses d'intervention;22846438.8;65405.33333333333;349.3054409426347
Val-d'Oise;95;221;2023;Charges financières;0.0;65405.33333333333;0.0
Val-d'Oise;95;221;2023;Autres dépenses de fonctionnement;0.0;65405.33333333333;0.0
Val-d'Oise;95;221;2023;Dépenses de fonctionnement;46286360.83;65405.33333333333;707.6848090369797
Val-d'Oise;95;221;2023;Dépenses totales hors remb;105517485.31;65405.33333333333;1613.2856440351452
France (départements + Paris + Métropole de Lyon, hors CTU);FR_OFGL;221;2023;Dépenses d'équipement;2460963358.28;2630415.6666666665;935.5796460103202
France (départements + Paris + Métropole de Lyon, hors CTU);FR_OFGL;221;2023;Subventions d'équipement versées;103424742.02;2630415.6666666665;39.31878270443189
France (départements + Paris + Métropole de Lyon, hors CTU);FR_OFGL;221;2023;Autres dépenses d'investissement;6051170.090000002;2630415.6666666665;2.3004615455580097
France (départements + Paris + Métropole de Lyon, hors CTU);FR_OFGL;221;2023;Dépenses d'investissement hors remb;2570439270.39;2630415.6666666665;977.1988902603099
France (départements + Paris + Métropole de Lyon, hors CTU);FR_OFGL;221;2023;Frais de personnel;1315000627.78;2630415.6666666665;499.9212270684215
France (départements + Paris + Métropole de Lyon, hors CTU);FR_OFGL;221;2023;Achats et charges externes;557998281.61;2630415.6666666665;212.13311975027523
France (départements + Paris + Métropole de Lyon, hors CTU);FR_OFGL;221;2023;Dépenses d'intervention;1327683333.0;2630415.6666666665;504.74278640625494
France (départements + Paris + Métropole de Lyon, hors CTU);FR_OFGL;221;2023;Charges financières;14264161.08;2630415.6666666665;5.422778331485506
France (départements + Paris + Métropole de Lyon, hors CTU);FR_OFGL;221;2023;Autres dépenses de fonctionnement;76272199.96999997;2630415.6666666665;28.99625368588766
France (départements + Paris + Métropole de Lyon, hors CTU);FR_OFGL;221;2023;Dépenses de fonctionnement;3291218603.44;2630415.6666666665;1251.216165242325
France (départements + Paris + Métropole de Lyon, hors CTU);FR_OFGL;221;2023;Dépenses totales hors remb;5861657873.83;2630415.6666666665;2228.415055502635
Paris (Ville de Paris);75;221;2024;Dépenses d'équipement;15108174.65;52291.33333333333;288.92310994811123
Paris (Ville de Paris);75;221;2024;Subventions d'équipement versées;4009093.0;52291.33333333333;76.66840266710864
Paris (Ville de Paris);75;221;2024;Autres dépenses d'investissement;0.0;52291.33333333333;0.0
Paris (Ville de Paris);75;221;2024;Dépenses d'investissement hors remb;19117267.65;52291.33333333333;365.59151261521987
Paris (Ville de Paris);75;221;2024;Frais de personnel;29377396.89;52291.33333333333;561.8024061986054
Paris (Ville de Paris);75;221;2024;Achats et charges externes;2388898.59;52291.33333333333;45.68440767749914
Paris (Ville de Paris);75;221;2024;Dépenses d'intervention;37971019.71;52291.33333333333;726.1436511467803
Paris (Ville de Paris);75;221;2024;Charges financières;0.0;52291.33333333333;0.0
Paris (Ville de Paris);75;221;2024;Autres dépenses de fonctionnement;764.210000008345;52291.33333333333;0.014614467662104844
Paris (Ville de Paris);75;221;2024;Dépenses de fonctionnement;69738079.4;52291.33333333333;1333.6450794905468
Paris (Ville de Paris);75;221;2024;Dépenses totales hors remb;88855347.05;52291.33333333333;1699.2365921057665
Seine-et-Marne;77;221;2024;Dépenses d'équipement;101127209.84;75178.66666666666;1345.1583317962545
Seine-et-Marne;77;221;2024;Subventions d'équipement versées;1234968.59;75178.66666666666;16.427114828674803
Seine-et-Marne;77;221;2024;Autres dépenses d'investissement;0.0;75178.66666666666;0.0
Seine-et-Marne;77;221;2024;Dépenses d'investissement hors remb;102362178.43;75178.66666666666;1361.5854466249293
Seine-et-Marne;77;221;2024;Frais de personnel;0.0;75178.66666666666;0.0
Seine-et-Marne;77;221;2024;Achats et charges externes;27267056.64;75178.66666666666;362.69673098751423
Seine-et-Marne;77;221;2024;Dépenses d'intervention;18139420.68;75178.66666666666;241.28414993615212
Seine-et-Marne;77;221;2024;Charges financières;0.0;75178.66666666666;0.0
Seine-et-Marne;77;221;2024;Autres dépenses de fonctionnement;5925700.29;75178.66666666666;78.82156671218786
Seine-et-Marne;77;221;2024;Dépenses de fonctionnement;51332177.61;75178.66666666666;682.8024476358543
Seine-et-Marne;77;221;2024;Dépenses totales hors remb;153694356.04;75178.66666666666;2044.3878942607832
Yvelines;78;221;2024;Dépenses d'équipement;68738121.16;68496.66666666666;1003.5250546498614
Yvelines;78;221;2024;Subventions d'équipement versées;2126597.53;68496.66666666666;31.046730205849435
Yvelines;78;221;2024;Autres dépenses d'investissement;0.0;68496.66666666666;0.0
Yvelines;78;221;2024;Dépenses d'investissement hors remb;70864718.69;68496.66666666666;1034.5717848557108
Yvelines;78;221;2024;Frais de personnel;0.0;68496.66666666666;0.0
Yvelines;78;221;2024;Achats et charges externes;22469215.83;68496.66666666666;328.0337120541146
Yvelines;78;221;2024;Dépenses d'intervention;14641898.94;68496.66666666666;213.76075147209113
Yvelines;78;221;2024;Charges financières;0.0;68496.66666666666;0.0
Yvelines;78;221;2024;Autres dépenses de fonctionnement;38740505.63;68496.66666666666;565.582348970753
Yvelines;78;221;2024;Dépenses de fonctionnement;75851620.4;68496.66666666666;1107.3768124969588
Yvelines;78;221;2024;Dépenses totales hors remb;146716339.09;68496.66666666666;2141.9485973526694
Essonne;91;221;2024;Dépenses d'équipement;69554857.13;65790.33333333333;1057.2200140344833
Essonne;91;221;2024;Subventions d'équipement versées;247926.08;65790.33333333333;3.768427175218244
Essonne;91;221;2024;Autres dépenses d'investissement;0.0;65790.33333333333;0.0
Essonne;91;221;2024;Dépenses d'investissement hors remb;69802783.21;65790.33333333333;1060.9884412097015
Essonne;91;221;2024;Frais de personnel;45610108.36;65790.33333333333;693.2645884147114
Essonne;91;221;2024;Achats et charges externes;37658204.92;65790.33333333333;572.3972354601234
Essonne;91;221;2024;Dépenses d'intervention;19772917.29;65790.33333333333;300.5444156943016
Essonne;91;221;2024;Charges financières;0.0;65790.33333333333;0.0
Essonne;91;221;2024;Autres dépenses de fonctionnement;279001.590000004;65790.33333333333;4.240768755288325
Essonne;91;221;2024;Dépenses de fonctionnement;103320232.16;65790.33333333333;1570.4470083244246
Essonne;91;221;2024;Dépenses totales hors remb;173123015.37;65790.33333333333;2631.4354495341263
Hauts-de-Seine;92;221;2024;Dépenses d'équipement;109781218.1;55972.0;1961.3595744300721
Hauts-de-Seine;92;221;2024;Subventions d'équipement versées;1586219.11;55972.0;28.339511005502754
Hauts-de-Seine;92;221;2024;Autres dépenses d'investissement;0.0;55972.0;0.0
Hauts-de-Seine;92;221;2024;Dépenses d'investissement hors remb;111367437.21;55972.0;1989.6990854355747
Hauts-de-Seine;92;221;2024;Frais de personnel;37935973.01;55972.0;677.7669729507611
Hauts-de-Seine;92;221;2024;Achats et charges externes;62409886.38;55972.0;1115.0197666690487
Hauts-de-Seine;92;221;2024;Dépenses d'intervention;27573943.85;55972.0;492.6381735510613
Hauts-de-Seine;92;221;2024;Charges financières;301808.17;55972.0;5.392127670978346
Hauts-de-Seine;92;221;2024;Autres dépenses de fonctionnement;556495.120000005;55972.0;9.942384049167531
Hauts-de-Seine;92;221;2024;Dépenses de fonctionnement;128778106.53;55972.0;2300.759424891017
Hauts-de-Seine;92;221;2024;Dépenses totales hors remb;240145543.74;55972.0;4290.458510326592
Seine-Saint-Denis;93;221;2024;Dépenses d'équipement;86127571.12;78941.0;1091.0372445243918
Seine-Saint-Denis;93;221;2024;Subventions d'équipement versées;120687.0;78941.0;1.528825325242903
Seine-Saint-Denis;93;221;2024;Autres dépenses d'investissement;507972.569999993;78941.0;6.434838296955866
Seine-Saint-Denis;93;221;2024;Dépenses d'investissement hors remb;86756230.69;78941.0;1099.0009081465905
Seine-Saint-Denis;93;221;2024;Frais de personnel;73893698.82;78941.0;936.0623607504338
Seine-Saint-Denis;93;221;2024;Achats et charges externes;36525341.59;78941.0;462.6916505998151
Seine-Saint-Denis;93;221;2024;Dépenses d'intervention;20913702.64;78941.0;264.928270987193
Seine-Saint-Denis;93;221;2024;Charges financières;6337581.87;78941.0;80.28251314272684
Seine-Saint-Denis;93;221;2024;Autres dépenses de fonctionnement;136600.140000015;78941.0;1.7304080262476407
Seine-Saint-Denis;93;221;2024;Dépenses de fonctionnement;137806925.06;78941.0;1745.6952035064162
Seine-Saint-Denis;93;221;2024;Dépenses totales hors remb;224563155.75;78941.0;2844.6961116530065
Val-de-Marne;94;221;2024;Dépenses d'équipement;68382333.19;57001.0;1199.6690091401904
Val-de-Marne;94;221;2024;Subventions d'équipement versées;99352.76;57001.0;1.7430002982403816
Val-de-Marne;94;221;2024;Autres dépenses d'investissement;0.0;57001.0;0.0
Val-de-Marne;94;221;2024;Dépenses d'investissement hors remb;68481685.95;57001.0;1201.412009438431
Val-de-Marne;94;221;2024;Frais de personnel;43067249.05;57001.0;755.552517499693
Val-de-Marne;94;221;2024;Achats et charges externes;7622839.49;57001.0;133.73167997052684
Val-de-Marne;94;221;2024;Dépenses d'intervention;28630720.02;57001.0;502.28452167505833
Val-de-Marne;94;221;2024;Charges financières;0.0;57001.0;0.0
Val-de-Marne;94;221;2024;Autres dépenses de fonctionnement;160.0;57001.0;0.0028069682988017754
Val-de-Marne;94;221;2024;Dépenses de fonctionnement;79320968.56;57001.0;1391.571526113577
Val-de-Marne;94;221;2024;Dépenses totales hors remb;147802654.51;57001.0;2592.9835355520077
Val-d'Oise;95;221;2024;Dépenses d'équipement;80876946.32;66037.33333333333;1224.7155092069133
Val-d'Oise;95;221;2024;Subventions d'équipement versées;119710.01;66037.33333333333;1.8127626292198353
Val-d'Oise;95;221;2024;Autres dépenses d'investissement;0.0;66037.33333333333;0.0
Val-d'Oise;95;221;2024;Dépenses d'investissement hors remb;80996656.33;66037.33333333333;1226.5282718361332
Val-d'Oise;95;221;2024;Frais de personnel;0.0;66037.33333333333;0.0
Val-d'Oise;95;221;2024;Achats et charges externes;21402782.67;66037.33333333333;324.10125590575035
Val-d'Oise;95;221;2024;Dépenses d'intervention;23254268.58;66037.33333333333;352.13821343482476
Val-d'Oise;95;221;2024;Charges financières;0.0;66037.33333333333;0.0
Val-d'Oise;95;221;2024;Autres dépenses de fonctionnement;108419.18;66037.33333333333;1.6417861613632694
Val-d'Oise;95;221;2024;Dépenses de fonctionnement;44765470.43;66037.33333333333;677.8812555019383
Val-d'Oise;95;221;2024;Dépenses totales hors remb;125762126.76;66037.33333333333;1904.4095273380717
France (départements + Paris + Métropole de Lyon, hors CTU);FR_OFGL;221;2024;Dépenses d'équipement;2475834530.1;2620273.333333333;944.876436593129
France (départements + Paris + Métropole de Lyon, hors CTU);FR_OFGL;221;2024;Subventions d'équipement versées;102362107.29;2620273.333333333;39.06543107080432
France (départements + Paris + Métropole de Lyon, hors CTU);FR_OFGL;221;2024;Autres dépenses d'investissement;4944943.659999995;2620273.333333333;1.8871861943156039
France (départements + Paris + Métropole de Lyon, hors CTU);FR_OFGL;221;2024;Dépenses d'investissement hors remb;2583141581.05;2620273.333333333;985.829053858249
France (départements + Paris + Métropole de Lyon, hors CTU);FR_OFGL;221;2024;Frais de personnel;1355015140.18;2620273.333333333;517.1274015357177
France (départements + Paris + Métropole de Lyon, hors CTU);FR_OFGL;221;2024;Achats et charges externes;552150181.96;2620273.333333333;210.72236050183065
France (départements + Paris + Métropole de Lyon, hors CTU);FR_OFGL;221;2024;Dépenses d'intervention;1263781869.4;2620273.333333333;482.30917489524
France (départements + Paris + Métropole de Lyon, hors CTU);FR_OFGL;221;2024;Charges financières;13311208.42;2620273.333333333;5.080083917453905
France (départements + Paris + Métropole de Lyon, hors CTU);FR_OFGL;221;2024;Autres dépenses de fonctionnement;84352960.70000008;2620273.333333333;32.19242802913694
France (départements + Paris + Métropole de Lyon, hors CTU);FR_OFGL;221;2024;Dépenses de fonctionnement;3268611360.66;2620273.333333333;1247.431448879379
France (départements + Paris + Métropole de Lyon, hors CTU);FR_OFGL;221;2024;Dépenses totales hors remb;5851752941.71;2620273.333333333;2233.260502737628
Paris (Ville de Paris);75;221;2025;Dépenses d'équipement;15856101.4;50731.99999999999;312.5463494441379
Paris (Ville de Paris);75;221;2025;Subventions d'équipement versées;3203497.0;50731.99999999999;63.14549002601909
Paris (Ville de Paris);75;221;2025;Autres dépenses d'investissement;0.0;50731.99999999999;0.0
Paris (Ville de Paris);75;221;2025;Dépenses d'investissement hors remb;19059598.4;50731.99999999999;375.69183947015694
Paris (Ville de Paris);75;221;2025;Frais de personnel;30842879.96;50731.99999999999;607.957107151305
Paris (Ville de Paris);75;221;2025;Achats et charges externes;2668708.91;50731.99999999999;52.60405483718364
Paris (Ville de Paris);75;221;2025;Dépenses d'intervention;34164746.66;50731.99999999999;673.4358326105811
Paris (Ville de Paris);75;221;2025;Charges financières;0.0;50731.99999999999;0.0
Paris (Ville de Paris);75;221;2025;Autres dépenses de fonctionnement;312.439999997616;50731.99999999999;0.006158637546274857
Paris (Ville de Paris);75;221;2025;Dépenses de fonctionnement;67676647.97;50731.99999999999;1334.003153236616
Paris (Ville de Paris);75;221;2025;Dépenses totales hors remb;86736246.37;50731.99999999999;1709.6949927067733
Seine-et-Marne;77;221;2025;Dépenses d'équipement;99539436.66;75282.0;1322.2209380728461
Seine-et-Marne;77;221;2025;Subventions d'équipement versées;666272.6;75282.0;8.850357323131691
Seine-et-Marne;77;221;2025;Autres dépenses d'investissement;0.0;75282.0;0.0
Seine-et-Marne;77;221;2025;Dépenses d'investissement hors remb;100205709.26;75282.0;1331.0712953959778
Seine-et-Marne;77;221;2025;Frais de personnel;0.0;75282.0;0.0
Seine-et-Marne;77;221;2025;Achats et charges externes;21561753.34;75282.0;286.4131311601711
Seine-et-Marne;77;221;2025;Dépenses d'intervention;47064390.02;75282.0;625.174543981297
Seine-et-Marne;77;221;2025;Charges financières;0.0;75282.0;0.0
Seine-et-Marne;77;221;2025;Autres dépenses de fonctionnement;648247.739999995;75282.0;8.610926117797016
Seine-et-Marne;77;221;2025;Dépenses de fonctionnement;69274391.1;75282.0;920.198601259265
Seine-et-Marne;77;221;2025;Dépenses totales hors remb;169480100.36;75282.0;2251.269896655243
Yvelines;78;221;2025;Dépenses d'équipement;102998466.2;68174.0;1510.8174113298326
Yvelines;78;221;2025;Subventions d'équipement versées;4433479.4;68174.0;65.03182151553379
Yvelines;78;221;2025;Autres dépenses d'investissement;3192.0;68174.0;0.04682136885029484
Yvelines;78;221;2025;Dépenses d'investissement hors remb;107435137.6;68174.0;1575.8960542142165
Yvelines;78;221;2025;Frais de personnel;0.0;68174.0;0.0
Yvelines;78;221;2025;Achats et charges externes;20753297.02;68174.0;304.4165960630152
Yvelines;78;221;2025;Dépenses d'intervention;15351218.26;68174.0;225.17702144512572
Yvelines;78;221;2025;Charges financières;0.0;68174.0;0.0
Yvelines;78;221;2025;Autres dépenses de fonctionnement;37922772.07;68174.0;556.2644420160178
Yvelines;78;221;2025;Dépenses de fonctionnement;74027287.35;68174.0;1085.8580595241588
Yvelines;78;221;2025;Dépenses totales hors remb;181462424.95;68174.0;2661.754113738375
Essonne;91;221;2025;Dépenses d'équipement;62712936.35;66111.0;948.6006315136665
Essonne;91;221;2025;Subventions d'équipement versées;222531.0;66111.0;3.366020783228207
Essonne;91;221;2025;Autres dépenses d'investissement;0.0;66111.0;0.0
Essonne;91;221;2025;Dépenses d'investissement hors remb;62935467.35;66111.0;951.9666522968946
Essonne;91;221;2025;Frais de personnel;43878536.03;66111.0;663.7100638320401
Essonne;91;221;2025;Achats et charges externes;37553632.48;66111.0;568.0390930404925
Essonne;91;221;2025;Dépenses d'intervention;18384959.84;66111.0;278.09229689461665
Essonne;91;221;2025;Charges financières;0.0;66111.0;0.0
Essonne;91;221;2025;Autres dépenses de fonctionnement;1885959.14;66111.0;28.527160986825187
Essonne;91;221;2025;Dépenses de fonctionnement;101703087.49;66111.0;1538.3686147539743
Essonne;91;221;2025;Dépenses totales hors remb;164638554.84;66111.0;2490.335267050869
Hauts-de-Seine;92;221;2025;Dépenses d'équipement;118795831.13;55232.0;2150.8515195900927
Hauts-de-Seine;92;221;2025;Subventions d'équipement versées;1138275.91;55232.0;20.608993156141366
Hauts-de-Seine;92;221;2025;Autres dépenses d'investissement;0.0;55232.0;0.0
Hauts-de-Seine;92;221;2025;Dépenses d'investissement hors remb;119934107.04;55232.0;2171.460512746234
Hauts-de-Seine;92;221;2025;Frais de personnel;35374476.33;55232.0;640.4706751520857
Hauts-de-Seine;92;221;2025;Achats et charges externes;47571023.04;55232.0;861.2945944380069
Hauts-de-Seine;92;221;2025;Dépenses d'intervention;27060651.97;55232.0;489.9451761659907
Hauts-de-Seine;92;221;2025;Charges financières;122160.01;55232.0;2.211761478852839
Hauts-de-Seine;92;221;2025;Autres dépenses de fonctionnement;6340218.73999999;55232.0;114.79248877462322
Hauts-de-Seine;92;221;2025;Dépenses de fonctionnement;116468530.09;55232.0;2108.7146960095597
Hauts-de-Seine;92;221;2025;Dépenses totales hors remb;236402637.13;55232.0;4280.175208755793
Seine-Saint-Denis;93;221;2025;Dépenses d'équipement;97383351.83;79017.66666666666;1232.4250504739448
Seine-Saint-Denis;93;221;2025;Subventions d'équipement versées;345590.0;79017.66666666666;4.373578904295664
Seine-Saint-Denis;93;221;2025;Autres dépenses d'investissement;0.0;79017.66666666666;0.0
Seine-Saint-Denis;93;221;2025;Dépenses d'investissement hors remb;97728941.83;79017.66666666666;1236.7986293782405
Seine-Saint-Denis;93;221;2025;Frais de personnel;74576953.41;79017.66666666666;943.801007496214
Seine-Saint-Denis;93;221;2025;Achats et charges externes;31254710.63;79017.66666666666;395.5407942105774
Seine-Saint-Denis;93;221;2025;Dépenses d'intervention;19788768.7;79017.66666666666;250.4347386449444
Seine-Saint-Denis;93;221;2025;Charges financières;5651653.53;79017.66666666666;71.52392329985278
Seine-Saint-Denis;93;221;2025;Autres dépenses de fonctionnement;624955.859999999;79017.66666666666;7.909064977030442
Seine-Saint-Denis;93;221;2025;Dépenses de fonctionnement;131897042.13;79017.66666666666;1669.209528628619
Seine-Saint-Denis;93;221;2025;Dépenses totales hors remb;229625983.96;79017.66666666666;2906.0081580068595
Val-de-Marne;94;221;2025;Dépenses d'équipement;67926403.15;56929.666666666664;1193.1635494674717
Val-de-Marne;94;221;2025;Subventions d'équipement versées;124143.48;56929.666666666664;2.180646528757707
Val-de-Marne;94;221;2025;Autres dépenses d'investissement;552328.99000001;56929.666666666664;9.70195369725234
Val-de-Marne;94;221;2025;Dépenses d'investissement hors remb;68602875.62;56929.666666666664;1205.0461496934815
Val-de-Marne;94;221;2025;Frais de personnel;44020888.23;56929.666666666664;773.2504124387402
Val-de-Marne;94;221;2025;Achats et charges externes;14110478.67;56929.666666666664;247.85809396389698
Val-de-Marne;94;221;2025;Dépenses d'intervention;20870392.04;56929.666666666664;366.59958264291026
Val-de-Marne;94;221;2025;Charges financières;0.0;56929.666666666664;0.0
Val-de-Marne;94;221;2025;Autres dépenses de fonctionnement;332330.340000004;56929.666666666664;5.837559913109228
Val-de-Marne;94;221;2025;Dépenses de fonctionnement;79334089.28;56929.666666666664;1393.5456489586566
Val-de-Marne;94;221;2025;Dépenses totales hors remb;147936964.9;56929.666666666664;2598.591798652138
Val-d'Oise;95;221;2025;Dépenses d'équipement;52566233.41;66558.0;789.7808439255987
Val-d'Oise;95;221;2025;Subventions d'équipement versées;102114.82;66558.0;1.534223083626311
Val-d'Oise;95;221;2025;Autres dépenses d'investissement;0.0;66558.0;0.0
Val-d'Oise;95;221;2025;Dépenses d'investissement hors remb;52668348.23;66558.0;791.315067009225
Val-d'Oise;95;221;2025;Frais de personnel;44856261.83;66558.0;673.9424536494486
Val-d'Oise;95;221;2025;Achats et charges externes;24280700.48;66558.0;364.80513957751134
Val-d'Oise;95;221;2025;Dépenses d'intervention;24671569.19;66558.0;370.67774257038974
Val-d'Oise;95;221;2025;Charges financières;0.0;66558.0;0.0
Val-d'Oise;95;221;2025;Autres dépenses de fonctionnement;0.0;66558.0;0.0
Val-d'Oise;95;221;2025;Dépenses de fonctionnement;93808531.5;66558.0;1409.4253357973496
Val-d'Oise;95;221;2025;Dépenses totales hors remb;146476879.73;66558.0;2200.7404028065744
France (départements + Paris + Métropole de Lyon, hors CTU);FR_OFGL;221;2025;Dépenses d'équipement;2370684632.86;2601522.0;911.2683394028574
France (départements + Paris + Métropole de Lyon, hors CTU);FR_OFGL;221;2025;Subventions d'équipement versées;101492155.58;2601522.0;39.01260707385907
France (départements + Paris + Métropole de Lyon, hors CTU);FR_OFGL;221;2025;Autres dépenses d'investissement;5376504.28;2601522.0;2.066676460933254
France (départements + Paris + Métropole de Lyon, hors CTU);FR_OFGL;221;2025;Dépenses d'investissement hors remb;2477553292.72;2601522.0;952.3476229376495
France (départements + Paris + Métropole de Lyon, hors CTU);FR_OFGL;221;2025;Frais de personnel;1402766065.93;2601522.0;539.2097648722556
France (départements + Paris + Métropole de Lyon, hors CTU);FR_OFGL;221;2025;Achats et charges externes;534438277.67;2601522.0;205.43292644459666
France (départements + Paris + Métropole de Lyon, hors CTU);FR_OFGL;221;2025;Dépenses d'intervention;1227859740.96;2601522.0;471.97745818024987
France (départements + Paris + Métropole de Lyon, hors CTU);FR_OFGL;221;2025;Charges financières;12010994.870000001;2601522.0;4.616910743018895
France (départements + Paris + Métropole de Lyon, hors CTU);FR_OFGL;221;2025;Autres dépenses de fonctionnement;89520050.35000001;2601522.0;34.410645133887016
France (départements + Paris + Métropole de Lyon, hors CTU);FR_OFGL;221;2025;Dépenses de fonctionnement;3266595129.7799997;2601522.0;1255.647705374008
France (départements + Paris + Métropole de Lyon, hors CTU);FR_OFGL;221;2025;Dépenses totales hors remb;5744148422.5;2601522.0;2207.9953283116574
Paris (Ville de Paris);75;22;2022;Dépenses d'équipement;12461030.14;55012.33333333333;226.5133904518381
Paris (Ville de Paris);75;22;2022;Subventions d'équipement versées;2498265.0;55012.33333333333;45.4128165199319
Paris (Ville de Paris);75;22;2022;Autres dépenses d'investissement;97883.0899999999;55012.33333333333;1.7792935523549247
Paris (Ville de Paris);75;22;2022;Dépenses d'investissement hors remb;15057178.23;55012.33333333333;273.70550052412494
Paris (Ville de Paris);75;22;2022;Frais de personnel;29473220.75;55012.33333333333;535.7566015499555
Paris (Ville de Paris);75;22;2022;Achats et charges externes;1899475.85;55012.33333333333;34.52818186224908
Paris (Ville de Paris);75;22;2022;Dépenses d'intervention;42218377.48;55012.33333333333;767.4347718390421
Paris (Ville de Paris);75;22;2022;Charges financières;0.0;55012.33333333333;0.0
Paris (Ville de Paris);75;22;2022;Autres dépenses de fonctionnement;0.0;55012.33333333333;0.0
Paris (Ville de Paris);75;22;2022;Dépenses de fonctionnement;73591074.08;55012.33333333333;1337.7195552512467
Paris (Ville de Paris);75;22;2022;Dépenses totales hors remb;88648252.31;55012.33333333333;1611.4250557753717
Seine-et-Marne;77;22;2022;Dépenses d'équipement;88915853.04;74443.33333333333;1194.4098827743699
Seine-et-Marne;77;22;2022;Subventions d'équipement versées;275595.04;74443.33333333333;3.7020781802713474
Seine-et-Marne;77;22;2022;Autres dépenses d'investissement;0.0;74443.33333333333;0.0
Seine-et-Marne;77;22;2022;Dépenses d'investissement hors remb;89191448.08;74443.33333333333;1198.111960954641
Seine-et-Marne;77;22;2022;Frais de personnel;0.0;74443.33333333333;0.0
Seine-et-Marne;77;22;2022;Achats et charges externes;20490394.5;74443.33333333333;275.24821340617024
Seine-et-Marne;77;22;2022;Dépenses d'intervention;20969041.6;74443.33333333333;281.677897282049
Seine-et-Marne;77;22;2022;Charges financières;0.0;74443.33333333333;0.0
Seine-et-Marne;77;22;2022;Autres dépenses de fonctionnement;451583.280000009;74443.33333333333;6.066134599023987
Seine-et-Marne;77;22;2022;Dépenses de fonctionnement;41911019.38;74443.33333333333;562.9922452872431
Seine-et-Marne;77;22;2022;Dépenses totales hors remb;131102467.46;74443.33333333333;1761.1042062418842
Yvelines;78;22;2022;Dépenses d'équipement;34580800.1;68006.0;508.49631061965124
Yvelines;78;22;2022;Subventions d'équipement versées;5635170.87;68006.0;82.86284842513896
Yvelines;78;22;2022;Autres dépenses d'investissement;0.0;68006.0;0.0
Yvelines;78;22;2022;Dépenses d'investissement hors remb;40215970.97;68006.0;591.3591590447902
Yvelines;78;22;2022;Frais de personnel;0.0;68006.0;0.0
Yvelines;78;22;2022;Achats et charges externes;14257861.08;68006.0;209.65592859453577
Yvelines;78;22;2022;Dépenses d'intervention;16115659.24;68006.0;236.97407934594005
Yvelines;78;22;2022;Charges financières;0.0;68006.0;0.0
Yvelines;78;22;2022;Autres dépenses de fonctionnement;36845673.31;68006.0;541.8003310002059
Yvelines;78;22;2022;Dépenses de fonctionnement;67219193.63;68006.0;988.4303389406816
Yvelines;78;22;2022;Dépenses totales hors remb;107435164.6;68006.0;1579.7894979854718
Essonne;91;22;2022;Dépenses d'équipement;68101333.0;64866.33333333333;1049.8717824860355
Essonne;91;22;2022;Subventions d'équipement versées;281765.22;64866.33333333333;4.343782136598852
Essonne;91;22;2022;Autres dépenses d'investissement;0.0;64866.33333333333;0.0
Essonne;91;22;2022;Dépenses d'investissement hors remb;68383098.22;64866.33333333333;1054.2155646226342
Essonne;91;22;2022;Frais de personnel;44367630.61;64866.33333333333;683.9854872327196
Essonne;91;22;2022;Achats et charges externes;25806312.23;64866.33333333333;397.8383069286071
Essonne;91;22;2022;Dépenses d'intervention;20695604.02;64866.33333333333;319.0500057040376
Essonne;91;22;2022;Charges financières;0.0;64866.33333333333;0.0
Essonne;91;22;2022;Autres dépenses de fonctionnement;4689841.34;64866.33333333333;72.30008386476807
Essonne;91;22;2022;Dépenses de fonctionnement;95559388.2;64866.33333333333;1473.1738837301323
Essonne;91;22;2022;Dépenses totales hors remb;163942486.42;64866.33333333333;2527.3894483527665
Hauts-de-Seine;92;22;2022;Dépenses d'équipement;108643715.36;56958.33333333333;1907.42441012436
Hauts-de-Seine;92;22;2022;Subventions d'équipement versées;2412323.31;56958.33333333333;42.35242095098757
Hauts-de-Seine;92;22;2022;Autres dépenses d'investissement;0.0;56958.33333333333;0.0
Hauts-de-Seine;92;22;2022;Dépenses d'investissement hors remb;111056038.67;56958.33333333333;1949.7768310753477
Hauts-de-Seine;92;22;2022;Frais de personnel;38759171.81;56958.33333333333;680.4828993708852
Hauts-de-Seine;92;22;2022;Achats et charges externes;35540630.46;56958.33333333333;623.9759554059987
Hauts-de-Seine;92;22;2022;Dépenses d'intervention;24504897.7;56958.33333333333;430.2249779078274
Hauts-de-Seine;92;22;2022;Charges financières;480094.2;56958.33333333333;8.42886671543526
Hauts-de-Seine;92;22;2022;Autres dépenses de fonctionnement;1036039.00999999;56958.33333333333;18.18941934162382
Hauts-de-Seine;92;22;2022;Dépenses de fonctionnement;100320833.18;56958.33333333333;1761.3021187417705
Hauts-de-Seine;92;22;2022;Dépenses totales hors remb;211376871.85;56958.33333333333;3711.078949817118
Seine-Saint-Denis;93;22;2022;Dépenses d'équipement;61215897.59;78636.0;778.4716617071063
Seine-Saint-Denis;93;22;2022;Subventions d'équipement versées;1101115.68;78636.0;14.00269189684114
Seine-Saint-Denis;93;22;2022;Autres dépenses d'investissement;0.0;78636.0;0.0
Seine-Saint-Denis;93;22;2022;Dépenses d'investissement hors remb;62317013.27;78636.0;792.4743536039473
Seine-Saint-Denis;93;22;2022;Frais de personnel;68044559.85;78636.0;865.3105428811231
Seine-Saint-Denis;93;22;2022;Achats et charges externes;27635416.58;78636.0;351.43466834528715
Seine-Saint-Denis;93;22;2022;Dépenses d'intervention;27969336.78;78636.0;355.68107202807875
Seine-Saint-Denis;93;22;2022;Charges financières;6168888.3;78636.0;78.44865328857011
Seine-Saint-Denis;93;22;2022;Autres dépenses de fonctionnement;370354.970000014;78636.0;4.709738160639072
Seine-Saint-Denis;93;22;2022;Dépenses de fonctionnement;130188556.48;78636.0;1655.584674703698
Seine-Saint-Denis;93;22;2022;Dépenses totales hors remb;192505569.75;78636.0;2448.0590283076453
Val-de-Marne;94;22;2022;Dépenses d'équipement;87961505.78;56561.33333333333;1555.1526209896044
Val-de-Marne;94;22;2022;Subventions d'équipement versées;1300124.66;56561.33333333333;22.986103462907522
Val-de-Marne;94;22;2022;Autres dépenses d'investissement;0.0;56561.33333333333;0.0
Val-de-Marne;94;22;2022;Dépenses d'investissement hors remb;89261630.44;56561.33333333333;1578.1387244525117
Val-de-Marne;94;22;2022;Frais de personnel;37584962.39;56561.33333333333;664.499228978572
Val-de-Marne;94;22;2022;Achats et charges externes;8936506.91;56561.33333333333;157.99675119634145
Val-de-Marne;94;22;2022;Dépenses d'intervention;26503907.16;56561.33333333333;468.5870293015252
Val-de-Marne;94;22;2022;Charges financières;0.0;56561.33333333333;0.0
Val-de-Marne;94;22;2022;Autres dépenses de fonctionnement;2029.56999999285;56561.33333333333;0.03588264067312505
Val-de-Marne;94;22;2022;Dépenses de fonctionnement;73027406.03;56561.33333333333;1291.118892117112
Val-de-Marne;94;22;2022;Dépenses totales hors remb;162289036.47;56561.33333333333;2869.2576165696237
Val-d'Oise;95;22;2022;Dépenses d'équipement;68589568.33;64621.666666666664;1061.4020322905114
Val-d'Oise;95;22;2022;Subventions d'équipement versées;117400.01;64621.666666666664;1.8167282903051092
Val-d'Oise;95;22;2022;Autres dépenses d'investissement;15000.0;64621.666666666664;0.23212028989245095
Val-d'Oise;95;22;2022;Dépenses d'investissement hors remb;68721968.34;64621.666666666664;1063.4508808707092
Val-d'Oise;95;22;2022;Frais de personnel;0.0;64621.666666666664;0.0
Val-d'Oise;95;22;2022;Achats et charges externes;20863053.38;64621.666666666664;322.8491999071519
Val-d'Oise;95;22;2022;Dépenses d'intervention;21563045.29;64621.666666666664;333.6813549119232
Val-d'Oise;95;22;2022;Charges financières;0.0;64621.666666666664;0.0
Val-d'Oise;95;22;2022;Autres dépenses de fonctionnement;2195464.47;64621.666666666664;33.97412328166508
Val-d'Oise;95;22;2022;Dépenses de fonctionnement;44621563.14;64621.666666666664;690.5046781007402
Val-d'Oise;95;22;2022;Dépenses totales hors remb;113343531.48;64621.666666666664;1753.9555589714494
France (départements + Paris + Métropole de Lyon, hors CTU);FR_OFGL;22;2022;Dépenses d'équipement;2423561425.92;2629587.6666666665;921.6507426779079
France (départements + Paris + Métropole de Lyon, hors CTU);FR_OFGL;22;2022;Subventions d'équipement versées;106598601.08;2629587.6666666665;40.538143082762154
France (départements + Paris + Métropole de Lyon, hors CTU);FR_OFGL;22;2022;Autres dépenses d'investissement;7892787.070000006;2629587.6666666665;3.0015303045610597
France (départements + Paris + Métropole de Lyon, hors CTU);FR_OFGL;22;2022;Dépenses d'investissement hors remb;2538052814.07;2629587.6666666665;965.1904160652311
France (départements + Paris + Métropole de Lyon, hors CTU);FR_OFGL;22;2022;Frais de personnel;1235323247.84;2629587.6666666665;469.77830916203214
France (départements + Paris + Métropole de Lyon, hors CTU);FR_OFGL;22;2022;Achats et charges externes;435168220.38;2629587.6666666665;165.48914717554578
France (départements + Paris + Métropole de Lyon, hors CTU);FR_OFGL;22;2022;Dépenses d'intervention;1161372092.61;2629587.6666666665;441.65559008807844
France (départements + Paris + Métropole de Lyon, hors CTU);FR_OFGL;22;2022;Charges financières;14415304.360000001;2629587.6666666665;5.481963785703792
France (départements + Paris + Métropole de Lyon, hors CTU);FR_OFGL;22;2022;Autres dépenses de fonctionnement;73933192.75999996;2629587.6666666665;28.115888166497065
France (départements + Paris + Métropole de Lyon, hors CTU);FR_OFGL;22;2022;Dépenses de fonctionnement;2920212057.95;2629587.6666666665;1110.5208983778573
France (départements + Paris + Métropole de Lyon, hors CTU);FR_OFGL;22;2022;Dépenses totales hors remb;5458264872.0199995;2629587.6666666665;2075.711314443088
Paris (Ville de Paris);75;22;2023;Dépenses d'équipement;15044306.96;53734.66666666666;279.9739515148508
Paris (Ville de Paris);75;22;2023;Subventions d'équipement versées;3388091.0;53734.66666666666;63.0522381578621
Paris (Ville de Paris);75;22;2023;Autres dépenses d'investissement;167422.870000001;53734.66666666666;3.115732922260013
Paris (Ville de Paris);75;22;2023;Dépenses d'investissement hors remb;18599820.83;53734.66666666666;346.14192259497287
Paris (Ville de Paris);75;22;2023;Frais de personnel;30128578.82;53734.66666666666;560.6916482221286
Paris (Ville de Paris);75;22;2023;Achats et charges externes;2167208.51;53734.66666666666;40.331663792461725
Paris (Ville de Paris);75;22;2023;Dépenses d'intervention;43278385.65;53734.66666666666;805.4090280017866
Paris (Ville de Paris);75;22;2023;Charges financières;0.0;53734.66666666666;0.0
Paris (Ville de Paris);75;22;2023;Autres dépenses de fonctionnement;0.0;53734.66666666666;0.0
Paris (Ville de Paris);75;22;2023;Dépenses de fonctionnement;75574172.98;53734.66666666666;1406.432340016377
Paris (Ville de Paris);75;22;2023;Dépenses totales hors remb;94173993.81;53734.66666666666;1752.57426261135
Seine-et-Marne;77;22;2023;Dépenses d'équipement;95864814.99;74761.0;1282.2837440644184
Seine-et-Marne;77;22;2023;Subventions d'équipement versées;167199.47;74761.0;2.2364530972030874
Seine-et-Marne;77;22;2023;Autres dépenses d'investissement;0.0;74761.0;0.0
Seine-et-Marne;77;22;2023;Dépenses d'investissement hors remb;96032014.46;74761.0;1284.5201971616216
Seine-et-Marne;77;22;2023;Frais de personnel;0.0;74761.0;0.0
Seine-et-Marne;77;22;2023;Achats et charges externes;32948163.85;74761.0;440.71325758082423
Seine-et-Marne;77;22;2023;Dépenses d'intervention;21878744.31;74761.0;292.64916614277496
Seine-et-Marne;77;22;2023;Charges financières;0.0;74761.0;0.0
Seine-et-Marne;77;22;2023;Autres dépenses de fonctionnement;892348.560000002;74761.0;11.936016907211005
Seine-et-Marne;77;22;2023;Dépenses de fonctionnement;55719256.72;74761.0;745.2984406308102
Seine-et-Marne;77;22;2023;Dépenses totales hors remb;151751271.18;74761.0;2029.818637792432
Yvelines;78;22;2023;Dépenses d'équipement;50993414.03;68350.33333333333;746.0594783249046
Yvelines;78;22;2023;Subventions d'équipement versées;6844969.24;68350.33333333333;100.14536734763547
Yvelines;78;22;2023;Autres dépenses d'investissement;0.0;68350.33333333333;0.0
Yvelines;78;22;2023;Dépenses d'investissement hors remb;57838383.27;68350.33333333333;846.2048456725402
Yvelines;78;22;2023;Frais de personnel;0.0;68350.33333333333;0.0
Yvelines;78;22;2023;Achats et charges externes;22535971.08;68350.33333333333;329.71267265216943
Yvelines;78;22;2023;Dépenses d'intervention;16533775.75;68350.33333333333;241.89751452077778
Yvelines;78;22;2023;Charges financières;0.0;68350.33333333333;0.0
Yvelines;78;22;2023;Autres dépenses de fonctionnement;39675576.56;68350.33333333333;580.4737830100805
Yvelines;78;22;2023;Dépenses de fonctionnement;78745323.39;68350.33333333333;1152.0839701830278
Yvelines;78;22;2023;Dépenses totales hors remb;136583706.66;68350.33333333333;1998.2888158555677
Essonne;91;22;2023;Dépenses d'équipement;80914184.74;65510.99999999999;1235.123639388805
Essonne;91;22;2023;Subventions d'équipement versées;377572.53;65510.99999999999;5.763498191143473
Essonne;91;22;2023;Autres dépenses d'investissement;0.0;65510.99999999999;0.0
Essonne;91;22;2023;Dépenses d'investissement hors remb;81291757.27;65510.99999999999;1240.8871375799486
Essonne;91;22;2023;Frais de personnel;44570081.07;65510.99999999999;680.3449965654623
Essonne;91;22;2023;Achats et charges externes;41803505.09;65510.99999999999;638.1142875242327
Essonne;91;22;2023;Dépenses d'intervention;19943022.53;65510.99999999999;304.42250202256116
Essonne;91;22;2023;Charges financières;0.0;65510.99999999999;0.0
Essonne;91;22;2023;Autres dépenses de fonctionnement;1530709.86;65510.99999999999;23.365692173833406
Essonne;91;22;2023;Dépenses de fonctionnement;107847318.55;65510.99999999999;1646.2474782860895
Essonne;91;22;2023;Dépenses totales hors remb;189139075.82;65510.99999999999;2887.134615866038
Hauts-de-Seine;92;22;2023;Dépenses d'équipement;75890296.76;56433.33333333333;1344.7778516243357
Hauts-de-Seine;92;22;2023;Subventions d'équipement versées;2370405.73;56433.33333333333;42.003645540460724
Hauts-de-Seine;92;22;2023;Autres dépenses d'investissement;0.0;56433.33333333333;0.0
Hauts-de-Seine;92;22;2023;Dépenses d'investissement hors remb;78260702.49;56433.33333333333;1386.7814971647963
Hauts-de-Seine;92;22;2023;Frais de personnel;37947519.44;56433.33333333333;672.4309410513881
Hauts-de-Seine;92;22;2023;Achats et charges externes;56870605.91;56433.33333333333;1007.7484803898406
Hauts-de-Seine;92;22;2023;Dépenses d'intervention;27761436.8;56433.33333333333;491.9333160070881
Hauts-de-Seine;92;22;2023;Charges financières;388905.43;56433.33333333333;6.8914134081512115
Hauts-de-Seine;92;22;2023;Autres dépenses de fonctionnement;2688025.63000001;56433.33333333333;47.631877672770415
Hauts-de-Seine;92;22;2023;Dépenses de fonctionnement;125656493.21;56433.33333333333;2226.636028529238
Hauts-de-Seine;92;22;2023;Dépenses totales hors remb;203917195.7;56433.33333333333;3613.4175256940343
Seine-Saint-Denis;93;22;2023;Dépenses d'équipement;76960215.16;78903.33333333333;975.3734336529932
Seine-Saint-Denis;93;22;2023;Subventions d'équipement versées;1211803.62;78903.33333333333;15.358078915128218
Seine-Saint-Denis;93;22;2023;Autres dépenses d'investissement;963300.0;78903.33333333333;12.208609691183305
Seine-Saint-Denis;93;22;2023;Dépenses d'investissement hors remb;79135318.78;78903.33333333333;1002.9401222593048
Seine-Saint-Denis;93;22;2023;Frais de personnel;71544386.94;78903.33333333333;906.7346576823962
Seine-Saint-Denis;93;22;2023;Achats et charges externes;39873664.03;78903.33333333333;505.34828308901194
Seine-Saint-Denis;93;22;2023;Dépenses d'intervention;24400352.14;78903.33333333333;309.24361632377173
Seine-Saint-Denis;93;22;2023;Charges financières;6626592.55;78903.33333333333;83.98368319885091
Seine-Saint-Denis;93;22;2023;Autres dépenses de fonctionnement;606474.090000004;78903.33333333333;7.686292383084839
Seine-Saint-Denis;93;22;2023;Dépenses de fonctionnement;143051469.75;78903.33333333333;1812.9965326771155
Seine-Saint-Denis;93;22;2023;Dépenses totales hors remb;222186788.53;78903.33333333333;2815.9366549364204
Val-de-Marne;94;22;2023;Dépenses d'équipement;82659893.82;56841.666666666664;1454.213056501979
Val-de-Marne;94;22;2023;Subventions d'équipement versées;1558983.28;56841.666666666664;27.426769330010263
Val-de-Marne;94;22;2023;Autres dépenses d'investissement;0.0;56841.666666666664;0.0
Val-de-Marne;94;22;2023;Dépenses d'investissement hors remb;84218877.1;56841.666666666664;1481.6398258319894
Val-de-Marne;94;22;2023;Frais de personnel;41866640.56;56841.666666666664;736.5484338366809
Val-de-Marne;94;22;2023;Achats et charges externes;8101454.65;56841.666666666664;142.52669080779947
Val-de-Marne;94;22;2023;Dépenses d'intervention;28235696.4;56841.666666666664;496.74293622635975
Val-de-Marne;94;22;2023;Charges financières;0.0;56841.666666666664;0.0
Val-de-Marne;94;22;2023;Autres dépenses de fonctionnement;1856.75;56841.666666666664;0.03266529834335142
Val-de-Marne;94;22;2023;Dépenses de fonctionnement;78205648.36;56841.666666666664;1375.8507261691834
Val-de-Marne;94;22;2023;Dépenses totales hors remb;162424525.46;56841.666666666664;2857.490552001173
Val-d'Oise;95;22;2023;Dépenses d'équipement;59088137.59;65405.33333333333;903.4146693949526
Val-d'Oise;95;22;2023;Subventions d'équipement versées;142986.89;65405.33333333333;2.1861656032127863
Val-d'Oise;95;22;2023;Autres dépenses d'investissement;0.0;65405.33333333333;0.0
Val-d'Oise;95;22;2023;Dépenses d'investissement hors remb;59231124.48;65405.33333333333;905.6008349981653
Val-d'Oise;95;22;2023;Frais de personnel;0.0;65405.33333333333;0.0
Val-d'Oise;95;22;2023;Achats et charges externes;23439922.03;65405.33333333333;358.37936809434507
Val-d'Oise;95;22;2023;Dépenses d'intervention;22848838.8;65405.33333333333;349.34213519794514
Val-d'Oise;95;22;2023;Charges financières;0.0;65405.33333333333;0.0
Val-d'Oise;95;22;2023;Autres dépenses de fonctionnement;0.0;65405.33333333333;0.0
Val-d'Oise;95;22;2023;Dépenses de fonctionnement;46288760.83;65405.33333333333;707.7215032922902
Val-d'Oise;95;22;2023;Dépenses totales hors remb;105519885.31;65405.33333333333;1613.3223382904555
France (départements + Paris + Métropole de Lyon, hors CTU);FR_OFGL;22;2023;Dépenses d'équipement;2461257086.48;2630415.6666666665;935.6913120879375
France (départements + Paris + Métropole de Lyon, hors CTU);FR_OFGL;22;2023;Subventions d'équipement versées;104807580.24;2630415.6666666665;39.84449361678832
France (départements + Paris + Métropole de Lyon, hors CTU);FR_OFGL;22;2023;Autres dépenses d'investissement;6494360.740000002;2630415.6666666665;2.468948471642062
France (départements + Paris + Métropole de Lyon, hors CTU);FR_OFGL;22;2023;Dépenses d'investissement hors remb;2572559027.46;2630415.6666666665;978.0047541763679
France (départements + Paris + Métropole de Lyon, hors CTU);FR_OFGL;22;2023;Frais de personnel;1316208768.87;2630415.6666666665;500.3805237131723
France (départements + Paris + Métropole de Lyon, hors CTU);FR_OFGL;22;2023;Achats et charges externes;558083051.42;2630415.6666666665;212.165346523813
France (départements + Paris + Métropole de Lyon, hors CTU);FR_OFGL;22;2023;Dépenses d'intervention;1333848699.46;2630415.6666666665;507.08666176334367
France (départements + Paris + Métropole de Lyon, hors CTU);FR_OFGL;22;2023;Charges financières;14264161.08;2630415.6666666665;5.422778331485506
France (départements + Paris + Métropole de Lyon, hors CTU);FR_OFGL;22;2023;Autres dépenses de fonctionnement;76272199.96999997;2630415.6666666665;28.99625368588766
France (départements + Paris + Métropole de Lyon, hors CTU);FR_OFGL;22;2023;Dépenses de fonctionnement;3298676880.8;2630415.6666666665;1254.0515640177023
France (départements + Paris + Métropole de Lyon, hors CTU);FR_OFGL;22;2023;Dépenses totales hors remb;5871235908.26;2630415.6666666665;2232.05631819407
Paris (Ville de Paris);75;22;2024;Dépenses d'équipement;15677180.9;52291.33333333333;299.8045737343346
Paris (Ville de Paris);75;22;2024;Subventions d'équipement versées;4209093.0;52291.33333333333;80.49312824304857
Paris (Ville de Paris);75;22;2024;Autres dépenses d'investissement;176661.390000001;52291.33333333333;3.378406683070509
Paris (Ville de Paris);75;22;2024;Dépenses d'investissement hors remb;20062935.29;52291.33333333333;383.6761086604536
Paris (Ville de Paris);75;22;2024;Frais de personnel;30445030.52;52291.33333333333;582.2194344505782
Paris (Ville de Paris);75;22;2024;Achats et charges externes;2400164.05;52291.33333333333;45.899844142432784
Paris (Ville de Paris);75;22;2024;Dépenses d'intervention;43171019.71;52291.33333333333;825.5865161212184
Paris (Ville de Paris);75;22;2024;Charges financières;0.0;52291.33333333333;0.0
Paris (Ville de Paris);75;22;2024;Autres dépenses de fonctionnement;764.209999993443;52291.33333333333;0.014614467661819864
Paris (Ville de Paris);75;22;2024;Dépenses de fonctionnement;76016978.49;52291.33333333333;1453.7204091818912
Paris (Ville de Paris);75;22;2024;Dépenses totales hors remb;96079913.78;52291.33333333333;1837.396517842345
Seine-et-Marne;77;22;2024;Dépenses d'équipement;101127209.84;75178.66666666666;1345.1583317962545
Seine-et-Marne;77;22;2024;Subventions d'équipement versées;1234968.59;75178.66666666666;16.427114828674803
Seine-et-Marne;77;22;2024;Autres dépenses d'investissement;0.0;75178.66666666666;0.0
Seine-et-Marne;77;22;2024;Dépenses d'investissement hors remb;102362178.43;75178.66666666666;1361.5854466249293
Seine-et-Marne;77;22;2024;Frais de personnel;0.0;75178.66666666666;0.0
Seine-et-Marne;77;22;2024;Achats et charges externes;27267056.64;75178.66666666666;362.69673098751423
Seine-et-Marne;77;22;2024;Dépenses d'intervention;18139420.68;75178.66666666666;241.28414993615212
Seine-et-Marne;77;22;2024;Charges financières;0.0;75178.66666666666;0.0
Seine-et-Marne;77;22;2024;Autres dépenses de fonctionnement;5925700.29;75178.66666666666;78.82156671218786
Seine-et-Marne;77;22;2024;Dépenses de fonctionnement;51332177.61;75178.66666666666;682.8024476358543
Seine-et-Marne;77;22;2024;Dépenses totales hors remb;153694356.04;75178.66666666666;2044.3878942607832
Yvelines;78;22;2024;Dépenses d'équipement;68738121.16;68496.66666666666;1003.5250546498614
Yvelines;78;22;2024;Subventions d'équipement versées;2126597.53;68496.66666666666;31.046730205849435
Yvelines;78;22;2024;Autres dépenses d'investissement;0.0;68496.66666666666;0.0
Yvelines;78;22;2024;Dépenses d'investissement hors remb;70864718.69;68496.66666666666;1034.5717848557108
Yvelines;78;22;2024;Frais de personnel;0.0;68496.66666666666;0.0
Yvelines;78;22;2024;Achats et charges externes;22469215.83;68496.66666666666;328.0337120541146
Yvelines;78;22;2024;Dépenses d'intervention;14641898.94;68496.66666666666;213.76075147209113
Yvelines;78;22;2024;Charges financières;0.0;68496.66666666666;0.0
Yvelines;78;22;2024;Autres dépenses de fonctionnement;38740505.63;68496.66666666666;565.582348970753
Yvelines;78;22;2024;Dépenses de fonctionnement;75851620.4;68496.66666666666;1107.3768124969588
Yvelines;78;22;2024;Dépenses totales hors remb;146716339.09;68496.66666666666;2141.9485973526694
Essonne;91;22;2024;Dépenses d'équipement;69554857.13;65790.33333333333;1057.2200140344833
Essonne;91;22;2024;Subventions d'équipement versées;247926.08;65790.33333333333;3.768427175218244
Essonne;91;22;2024;Autres dépenses d'investissement;0.0;65790.33333333333;0.0
Essonne;91;22;2024;Dépenses d'investissement hors remb;69802783.21;65790.33333333333;1060.9884412097015
Essonne;91;22;2024;Frais de personnel;45610108.36;65790.33333333333;693.2645884147114
Essonne;91;22;2024;Achats et charges externes;37658204.92;65790.33333333333;572.3972354601234
Essonne;91;22;2024;Dépenses d'intervention;19772917.29;65790.33333333333;300.5444156943016
Essonne;91;22;2024;Charges financières;0.0;65790.33333333333;0.0
Essonne;91;22;2024;Autres dépenses de fonctionnement;279001.590000004;65790.33333333333;4.240768755288325
Essonne;91;22;2024;Dépenses de fonctionnement;103320232.16;65790.33333333333;1570.4470083244246
Essonne;91;22;2024;Dépenses totales hors remb;173123015.37;65790.33333333333;2631.4354495341263
Hauts-de-Seine;92;22;2024;Dépenses d'équipement;109781218.1;55972.0;1961.3595744300721
Hauts-de-Seine;92;22;2024;Subventions d'équipement versées;1586219.11;55972.0;28.339511005502754
Hauts-de-Seine;92;22;2024;Autres dépenses d'investissement;0.0;55972.0;0.0
Hauts-de-Seine;92;22;2024;Dépenses d'investissement hors remb;111367437.21;55972.0;1989.6990854355747
Hauts-de-Seine;92;22;2024;Frais de personnel;37935973.01;55972.0;677.7669729507611
Hauts-de-Seine;92;22;2024;Achats et charges externes;62409886.38;55972.0;1115.0197666690487
Hauts-de-Seine;92;22;2024;Dépenses d'intervention;27573943.85;55972.0;492.6381735510613
Hauts-de-Seine;92;22;2024;Charges financières;301808.17;55972.0;5.392127670978346
Hauts-de-Seine;92;22;2024;Autres dépenses de fonctionnement;556495.120000005;55972.0;9.942384049167531
Hauts-de-Seine;92;22;2024;Dépenses de fonctionnement;128778106.53;55972.0;2300.759424891017
Hauts-de-Seine;92;22;2024;Dépenses totales hors remb;240145543.74;55972.0;4290.458510326592
Seine-Saint-Denis;93;22;2024;Dépenses d'équipement;86127571.12;78941.0;1091.0372445243918
Seine-Saint-Denis;93;22;2024;Subventions d'équipement versées;120687.0;78941.0;1.528825325242903
Seine-Saint-Denis;93;22;2024;Autres dépenses d'investissement;507972.569999993;78941.0;6.434838296955866
Seine-Saint-Denis;93;22;2024;Dépenses d'investissement hors remb;86756230.69;78941.0;1099.0009081465905
Seine-Saint-Denis;93;22;2024;Frais de personnel;73893698.82;78941.0;936.0623607504338
Seine-Saint-Denis;93;22;2024;Achats et charges externes;36525341.59;78941.0;462.6916505998151
Seine-Saint-Denis;93;22;2024;Dépenses d'intervention;20913702.64;78941.0;264.928270987193
Seine-Saint-Denis;93;22;2024;Charges financières;6337581.87;78941.0;80.28251314272684
Seine-Saint-Denis;93;22;2024;Autres dépenses de fonctionnement;136600.140000015;78941.0;1.7304080262476407
Seine-Saint-Denis;93;22;2024;Dépenses de fonctionnement;137806925.06;78941.0;1745.6952035064162
Seine-Saint-Denis;93;22;2024;Dépenses totales hors remb;224563155.75;78941.0;2844.6961116530065
Val-de-Marne;94;22;2024;Dépenses d'équipement;68382333.19;57001.0;1199.6690091401904
Val-de-Marne;94;22;2024;Subventions d'équipement versées;231034.94;57001.0;4.0531734530973145
Val-de-Marne;94;22;2024;Autres dépenses d'investissement;0.0;57001.0;0.0
Val-de-Marne;94;22;2024;Dépenses d'investissement hors remb;68613368.13;57001.0;1203.7221825932877
Val-de-Marne;94;22;2024;Frais de personnel;43067249.05;57001.0;755.552517499693
Val-de-Marne;94;22;2024;Achats et charges externes;7622839.49;57001.0;133.73167997052684
Val-de-Marne;94;22;2024;Dépenses d'intervention;28630720.02;57001.0;502.28452167505833
Val-de-Marne;94;22;2024;Charges financières;0.0;57001.0;0.0
Val-de-Marne;94;22;2024;Autres dépenses de fonctionnement;160.0;57001.0;0.0028069682988017754
Val-de-Marne;94;22;2024;Dépenses de fonctionnement;79320968.56;57001.0;1391.571526113577
Val-de-Marne;94;22;2024;Dépenses totales hors remb;147934336.69;57001.0;2595.293708706865
Val-d'Oise;95;22;2024;Dépenses d'équipement;80876946.32;66037.33333333333;1224.7155092069133
Val-d'Oise;95;22;2024;Subventions d'équipement versées;119710.01;66037.33333333333;1.8127626292198353
Val-d'Oise;95;22;2024;Autres dépenses d'investissement;0.0;66037.33333333333;0.0
Val-d'Oise;95;22;2024;Dépenses d'investissement hors remb;80996656.33;66037.33333333333;1226.5282718361332
Val-d'Oise;95;22;2024;Frais de personnel;0.0;66037.33333333333;0.0
Val-d'Oise;95;22;2024;Achats et charges externes;21402782.67;66037.33333333333;324.10125590575035
Val-d'Oise;95;22;2024;Dépenses d'intervention;23256243.58;66037.33333333333;352.16812075997416
Val-d'Oise;95;22;2024;Charges financières;0.0;66037.33333333333;0.0
Val-d'Oise;95;22;2024;Autres dépenses de fonctionnement;108419.18;66037.33333333333;1.6417861613632694
Val-d'Oise;95;22;2024;Dépenses de fonctionnement;44767445.43;66037.33333333333;677.9111628270878
Val-d'Oise;95;22;2024;Dépenses totales hors remb;125764101.76;66037.33333333333;1904.439434663221
France (départements + Paris + Métropole de Lyon, hors CTU);FR_OFGL;22;2024;Dépenses d'équipement;2476403754.75;2620273.333333333;945.0936752463484
France (départements + Paris + Métropole de Lyon, hors CTU);FR_OFGL;22;2024;Subventions d'équipement versées;103238067.88;2620273.333333333;39.39973229764834
France (départements + Paris + Métropole de Lyon, hors CTU);FR_OFGL;22;2024;Autres dépenses d'investissement;5263737.099999991;2620273.333333333;2.0088503871097387
France (départements + Paris + Métropole de Lyon, hors CTU);FR_OFGL;22;2024;Dépenses d'investissement hors remb;2584905559.73;2620273.333333333;986.5022579311066
France (départements + Paris + Métropole de Lyon, hors CTU);FR_OFGL;22;2024;Frais de personnel;1356082773.81;2620273.333333333;517.5348527799899
France (départements + Paris + Métropole de Lyon, hors CTU);FR_OFGL;22;2024;Achats et charges externes;552182253.51;2620273.333333333;210.7346002745261
France (départements + Paris + Métropole de Lyon, hors CTU);FR_OFGL;22;2024;Dépenses d'intervention;1270054817.86;2620273.333333333;484.70318027635795
France (départements + Paris + Métropole de Lyon, hors CTU);FR_OFGL;22;2024;Charges financières;13311208.42;2620273.333333333;5.080083917453905
France (départements + Paris + Métropole de Lyon, hors CTU);FR_OFGL;22;2024;Autres dépenses de fonctionnement;84352960.70000005;2620273.333333333;32.192428029136934
France (départements + Paris + Métropole de Lyon, hors CTU);FR_OFGL;22;2024;Dépenses de fonctionnement;3275984014.3;2620273.333333333;1250.2451452774649
France (départements + Paris + Métropole de Lyon, hors CTU);FR_OFGL;22;2024;Dépenses totales hors remb;5860889574.03;2620273.333333333;2236.747403208571
Paris (Ville de Paris);75;22;2025;Dépenses d'équipement;16267473.65;50731.99999999999;320.6550825908697
Paris (Ville de Paris);75;22;2025;Subventions d'équipement versées;3403497.0;50731.99999999999;67.08777497437515
Paris (Ville de Paris);75;22;2025;Autres dépenses d'investissement;47359.6699999981;50731.99999999999;0.9335265710005146
Paris (Ville de Paris);75;22;2025;Dépenses d'investissement hors remb;19718330.32;50731.99999999999;388.6763841362454
Paris (Ville de Paris);75;22;2025;Frais de personnel;31867553.13;50731.99999999999;628.1548752266815
Paris (Ville de Paris);75;22;2025;Achats et charges externes;2683705.16;50731.99999999999;52.899652290467564
Paris (Ville de Paris);75;22;2025;Dépenses d'intervention;39364746.66;50731.99999999999;775.9352412678389
Paris (Ville de Paris);75;22;2025;Charges financières;0.0;50731.99999999999;0.0
Paris (Ville de Paris);75;22;2025;Autres dépenses de fonctionnement;312.440000012517;50731.99999999999;0.006158637546568577
Paris (Ville de Paris);75;22;2025;Dépenses de fonctionnement;73916317.39;50731.99999999999;1456.9959274225344
Paris (Ville de Paris);75;22;2025;Dépenses totales hors remb;93634647.71;50731.99999999999;1845.6723115587797
Seine-et-Marne;77;22;2025;Dépenses d'équipement;99539436.66;75282.0;1322.2209380728461
Seine-et-Marne;77;22;2025;Subventions d'équipement versées;666272.6;75282.0;8.850357323131691
Seine-et-Marne;77;22;2025;Autres dépenses d'investissement;0.0;75282.0;0.0
Seine-et-Marne;77;22;2025;Dépenses d'investissement hors remb;100205709.26;75282.0;1331.0712953959778
Seine-et-Marne;77;22;2025;Frais de personnel;0.0;75282.0;0.0
Seine-et-Marne;77;22;2025;Achats et charges externes;21561753.34;75282.0;286.4131311601711
Seine-et-Marne;77;22;2025;Dépenses d'intervention;47064390.02;75282.0;625.174543981297
Seine-et-Marne;77;22;2025;Charges financières;0.0;75282.0;0.0
Seine-et-Marne;77;22;2025;Autres dépenses de fonctionnement;648247.739999995;75282.0;8.610926117797016
Seine-et-Marne;77;22;2025;Dépenses de fonctionnement;69274391.1;75282.0;920.198601259265
Seine-et-Marne;77;22;2025;Dépenses totales hors remb;169480100.36;75282.0;2251.269896655243
Yvelines;78;22;2025;Dépenses d'équipement;102998466.2;68174.0;1510.8174113298326
Yvelines;78;22;2025;Subventions d'équipement versées;4433479.4;68174.0;65.03182151553379
Yvelines;78;22;2025;Autres dépenses d'investissement;3192.0;68174.0;0.04682136885029484
Yvelines;78;22;2025;Dépenses d'investissement hors remb;107435137.6;68174.0;1575.8960542142165
Yvelines;78;22;2025;Frais de personnel;0.0;68174.0;0.0
Yvelines;78;22;2025;Achats et charges externes;20753297.02;68174.0;304.4165960630152
Yvelines;78;22;2025;Dépenses d'intervention;15351218.26;68174.0;225.17702144512572
Yvelines;78;22;2025;Charges financières;0.0;68174.0;0.0
Yvelines;78;22;2025;Autres dépenses de fonctionnement;37922772.07;68174.0;556.2644420160178
Yvelines;78;22;2025;Dépenses de fonctionnement;74027287.35;68174.0;1085.8580595241588
Yvelines;78;22;2025;Dépenses totales hors remb;181462424.95;68174.0;2661.754113738375
Essonne;91;22;2025;Dépenses d'équipement;62712936.35;66111.0;948.6006315136665
Essonne;91;22;2025;Subventions d'équipement versées;222531.0;66111.0;3.366020783228207
Essonne;91;22;2025;Autres dépenses d'investissement;0.0;66111.0;0.0
Essonne;91;22;2025;Dépenses d'investissement hors remb;62935467.35;66111.0;951.9666522968946
Essonne;91;22;2025;Frais de personnel;43878536.03;66111.0;663.7100638320401
Essonne;91;22;2025;Achats et charges externes;37553632.48;66111.0;568.0390930404925
Essonne;91;22;2025;Dépenses d'intervention;18384959.84;66111.0;278.09229689461665
Essonne;91;22;2025;Charges financières;0.0;66111.0;0.0
Essonne;91;22;2025;Autres dépenses de fonctionnement;1885959.14;66111.0;28.527160986825187
Essonne;91;22;2025;Dépenses de fonctionnement;101703087.49;66111.0;1538.3686147539743
Essonne;91;22;2025;Dépenses totales hors remb;164638554.84;66111.0;2490.335267050869
Hauts-de-Seine;92;22;2025;Dépenses d'équipement;118795831.13;55232.0;2150.8515195900927
Hauts-de-Seine;92;22;2025;Subventions d'équipement versées;1138275.91;55232.0;20.608993156141366
Hauts-de-Seine;92;22;2025;Autres dépenses d'investissement;0.0;55232.0;0.0
Hauts-de-Seine;92;22;2025;Dépenses d'investissement hors remb;119934107.04;55232.0;2171.460512746234
Hauts-de-Seine;92;22;2025;Frais de personnel;35374476.33;55232.0;640.4706751520857
Hauts-de-Seine;92;22;2025;Achats et charges externes;47571023.04;55232.0;861.2945944380069
Hauts-de-Seine;92;22;2025;Dépenses d'intervention;27060651.97;55232.0;489.9451761659907
Hauts-de-Seine;92;22;2025;Charges financières;122160.01;55232.0;2.211761478852839
Hauts-de-Seine;92;22;2025;Autres dépenses de fonctionnement;6340218.73999999;55232.0;114.79248877462322
Hauts-de-Seine;92;22;2025;Dépenses de fonctionnement;116468530.09;55232.0;2108.7146960095597
Hauts-de-Seine;92;22;2025;Dépenses totales hors remb;236402637.13;55232.0;4280.175208755793
Seine-Saint-Denis;93;22;2025;Dépenses d'équipement;97383351.83;79017.66666666666;1232.4250504739448
Seine-Saint-Denis;93;22;2025;Subventions d'équipement versées;345590.0;79017.66666666666;4.373578904295664
Seine-Saint-Denis;93;22;2025;Autres dépenses d'investissement;0.0;79017.66666666666;0.0
Seine-Saint-Denis;93;22;2025;Dépenses d'investissement hors remb;97728941.83;79017.66666666666;1236.7986293782405
Seine-Saint-Denis;93;22;2025;Frais de personnel;74576953.41;79017.66666666666;943.801007496214
Seine-Saint-Denis;93;22;2025;Achats et charges externes;31254710.63;79017.66666666666;395.5407942105774
Seine-Saint-Denis;93;22;2025;Dépenses d'intervention;19788768.7;79017.66666666666;250.4347386449444
Seine-Saint-Denis;93;22;2025;Charges financières;5651653.53;79017.66666666666;71.52392329985278
Seine-Saint-Denis;93;22;2025;Autres dépenses de fonctionnement;624955.859999999;79017.66666666666;7.909064977030442
Seine-Saint-Denis;93;22;2025;Dépenses de fonctionnement;131897042.13;79017.66666666666;1669.209528628619
Seine-Saint-Denis;93;22;2025;Dépenses totales hors remb;229625983.96;79017.66666666666;2906.0081580068595
Val-de-Marne;94;22;2025;Dépenses d'équipement;67926403.15;56929.666666666664;1193.1635494674717
Val-de-Marne;94;22;2025;Subventions d'équipement versées;124143.48;56929.666666666664;2.180646528757707
Val-de-Marne;94;22;2025;Autres dépenses d'investissement;552328.99000001;56929.666666666664;9.70195369725234
Val-de-Marne;94;22;2025;Dépenses d'investissement hors remb;68602875.62;56929.666666666664;1205.0461496934815
Val-de-Marne;94;22;2025;Frais de personnel;44020888.23;56929.666666666664;773.2504124387402
Val-de-Marne;94;22;2025;Achats et charges externes;14110478.67;56929.666666666664;247.85809396389698
Val-de-Marne;94;22;2025;Dépenses d'intervention;20870392.04;56929.666666666664;366.59958264291026
Val-de-Marne;94;22;2025;Charges financières;0.0;56929.666666666664;0.0
Val-de-Marne;94;22;2025;Autres dépenses de fonctionnement;332330.340000004;56929.666666666664;5.837559913109228
Val-de-Marne;94;22;2025;Dépenses de fonctionnement;79334089.28;56929.666666666664;1393.5456489586566
Val-de-Marne;94;22;2025;Dépenses totales hors remb;147936964.9;56929.666666666664;2598.591798652138
Val-d'Oise;95;22;2025;Dépenses d'équipement;52566233.41;66558.0;789.7808439255987
Val-d'Oise;95;22;2025;Subventions d'équipement versées;102114.82;66558.0;1.534223083626311
Val-d'Oise;95;22;2025;Autres dépenses d'investissement;0.0;66558.0;0.0
Val-d'Oise;95;22;2025;Dépenses d'investissement hors remb;52668348.23;66558.0;791.315067009225
Val-d'Oise;95;22;2025;Frais de personnel;44856261.83;66558.0;673.9424536494486
Val-d'Oise;95;22;2025;Achats et charges externes;24280700.48;66558.0;364.80513957751134
Val-d'Oise;95;22;2025;Dépenses d'intervention;24671569.19;66558.0;370.67774257038974
Val-d'Oise;95;22;2025;Charges financières;0.0;66558.0;0.0
Val-d'Oise;95;22;2025;Autres dépenses de fonctionnement;0.0;66558.0;0.0
Val-d'Oise;95;22;2025;Dépenses de fonctionnement;93808531.5;66558.0;1409.4253357973496
Val-d'Oise;95;22;2025;Dépenses totales hors remb;146476879.73;66558.0;2200.7404028065744
France (départements + Paris + Métropole de Lyon, hors CTU);FR_OFGL;22;2025;Dépenses d'équipement;2371096005.11;2601522.0;911.4264669335873
France (départements + Paris + Métropole de Lyon, hors CTU);FR_OFGL;22;2025;Subventions d'équipement versées;107391143.71;2601522.0;41.28012129438075
France (départements + Paris + Métropole de Lyon, hors CTU);FR_OFGL;22;2025;Autres dépenses d'investissement;5619248.110000002;2601522.0;2.1599848511755817
France (départements + Paris + Métropole de Lyon, hors CTU);FR_OFGL;22;2025;Dépenses d'investissement hors remb;2484106396.93;2601522.0;954.8665730791436
France (départements + Paris + Métropole de Lyon, hors CTU);FR_OFGL;22;2025;Frais de personnel;1403790739.1;2601522.0;539.603639369569
France (départements + Paris + Métropole de Lyon, hors CTU);FR_OFGL;22;2025;Achats et charges externes;534471469.79;2601522.0;205.4456851758317
France (départements + Paris + Métropole de Lyon, hors CTU);FR_OFGL;22;2025;Dépenses d'intervention;1233995353.1200001;2601522.0;474.3359283988373
France (départements + Paris + Métropole de Lyon, hors CTU);FR_OFGL;22;2025;Charges financières;12010994.870000001;2601522.0;4.616910743018895
France (départements + Paris + Métropole de Lyon, hors CTU);FR_OFGL;22;2025;Autres dépenses de fonctionnement;89520050.35000004;2601522.0;34.41064513388702
France (départements + Paris + Métropole de Lyon, hors CTU);FR_OFGL;22;2025;Dépenses de fonctionnement;3273788607.23;2601522.0;1258.412808821144
France (départements + Paris + Métropole de Lyon, hors CTU);FR_OFGL;22;2025;Dépenses totales hors remb;5757895004.16;2601522.0;2213.2793819002877
Paris (Ville de Paris);75;24;2022;Dépenses d'équipement;1459726.17;55012.33333333333;26.534525651823532
Paris (Ville de Paris);75;24;2022;Subventions d'équipement versées;0.0;55012.33333333333;0.0
Paris (Ville de Paris);75;24;2022;Autres dépenses d'investissement;0.0;55012.33333333333;0.0
Paris (Ville de Paris);75;24;2022;Dépenses d'investissement hors remb;1459726.17;55012.33333333333;26.534525651823532
Paris (Ville de Paris);75;24;2022;Frais de personnel;2894763.6;55012.33333333333;52.62026575858747
Paris (Ville de Paris);75;24;2022;Achats et charges externes;0.0;55012.33333333333;0.0
Paris (Ville de Paris);75;24;2022;Dépenses d'intervention;0.0;55012.33333333333;0.0
Paris (Ville de Paris);75;24;2022;Charges financières;0.0;55012.33333333333;0.0
Paris (Ville de Paris);75;24;2022;Autres dépenses de fonctionnement;2518536.81;55012.33333333333;45.78131225119216
Paris (Ville de Paris);75;24;2022;Dépenses de fonctionnement;5413300.41;55012.33333333333;98.40157800977964
Paris (Ville de Paris);75;24;2022;Dépenses totales hors remb;6873026.58;55012.33333333333;124.93610366160317
Seine-et-Marne;77;24;2022;Dépenses d'équipement;0.0;74443.33333333333;0.0
Seine-et-Marne;77;24;2022;Subventions d'équipement versées;0.0;74443.33333333333;0.0
Seine-et-Marne;77;24;2022;Autres dépenses d'investissement;0.0;74443.33333333333;0.0
Seine-et-Marne;77;24;2022;Dépenses d'investissement hors remb;0.0;74443.33333333333;0.0
Seine-et-Marne;77;24;2022;Frais de personnel;0.0;74443.33333333333;0.0
Seine-et-Marne;77;24;2022;Achats et charges externes;0.0;74443.33333333333;0.0
Seine-et-Marne;77;24;2022;Dépenses d'intervention;0.0;74443.33333333333;0.0
Seine-et-Marne;77;24;2022;Charges financières;0.0;74443.33333333333;0.0
Seine-et-Marne;77;24;2022;Autres dépenses de fonctionnement;0.0;74443.33333333333;0.0
Seine-et-Marne;77;24;2022;Dépenses de fonctionnement;0.0;74443.33333333333;0.0
Seine-et-Marne;77;24;2022;Dépenses totales hors remb;0.0;74443.33333333333;0.0
Yvelines;78;24;2022;Dépenses d'équipement;0.0;68006.0;0.0
Yvelines;78;24;2022;Subventions d'équipement versées;0.0;68006.0;0.0
Yvelines;78;24;2022;Autres dépenses d'investissement;0.0;68006.0;0.0
Yvelines;78;24;2022;Dépenses d'investissement hors remb;0.0;68006.0;0.0
Yvelines;78;24;2022;Frais de personnel;0.0;68006.0;0.0
Yvelines;78;24;2022;Achats et charges externes;0.0;68006.0;0.0
Yvelines;78;24;2022;Dépenses d'intervention;0.0;68006.0;0.0
Yvelines;78;24;2022;Charges financières;0.0;68006.0;0.0
Yvelines;78;24;2022;Autres dépenses de fonctionnement;0.0;68006.0;0.0
Yvelines;78;24;2022;Dépenses de fonctionnement;0.0;68006.0;0.0
Yvelines;78;24;2022;Dépenses totales hors remb;0.0;68006.0;0.0
Essonne;91;24;2022;Dépenses d'équipement;0.0;64866.33333333333;0.0
Essonne;91;24;2022;Subventions d'équipement versées;0.0;64866.33333333333;0.0
Essonne;91;24;2022;Autres dépenses d'investissement;0.0;64866.33333333333;0.0
Essonne;91;24;2022;Dépenses d'investissement hors remb;0.0;64866.33333333333;0.0
Essonne;91;24;2022;Frais de personnel;0.0;64866.33333333333;0.0
Essonne;91;24;2022;Achats et charges externes;0.0;64866.33333333333;0.0
Essonne;91;24;2022;Dépenses d'intervention;0.0;64866.33333333333;0.0
Essonne;91;24;2022;Charges financières;0.0;64866.33333333333;0.0
Essonne;91;24;2022;Autres dépenses de fonctionnement;0.0;64866.33333333333;0.0
Essonne;91;24;2022;Dépenses de fonctionnement;0.0;64866.33333333333;0.0
Essonne;91;24;2022;Dépenses totales hors remb;0.0;64866.33333333333;0.0
Hauts-de-Seine;92;24;2022;Dépenses d'équipement;0.0;56958.33333333333;0.0
Hauts-de-Seine;92;24;2022;Subventions d'équipement versées;0.0;56958.33333333333;0.0
Hauts-de-Seine;92;24;2022;Autres dépenses d'investissement;0.0;56958.33333333333;0.0
Hauts-de-Seine;92;24;2022;Dépenses d'investissement hors remb;0.0;56958.33333333333;0.0
Hauts-de-Seine;92;24;2022;Frais de personnel;0.0;56958.33333333333;0.0
Hauts-de-Seine;92;24;2022;Achats et charges externes;0.0;56958.33333333333;0.0
Hauts-de-Seine;92;24;2022;Dépenses d'intervention;0.0;56958.33333333333;0.0
Hauts-de-Seine;92;24;2022;Charges financières;0.0;56958.33333333333;0.0
Hauts-de-Seine;92;24;2022;Autres dépenses de fonctionnement;0.0;56958.33333333333;0.0
Hauts-de-Seine;92;24;2022;Dépenses de fonctionnement;0.0;56958.33333333333;0.0
Hauts-de-Seine;92;24;2022;Dépenses totales hors remb;0.0;56958.33333333333;0.0
Seine-Saint-Denis;93;24;2022;Dépenses d'équipement;0.0;78636.0;0.0
Seine-Saint-Denis;93;24;2022;Subventions d'équipement versées;0.0;78636.0;0.0
Seine-Saint-Denis;93;24;2022;Autres dépenses d'investissement;0.0;78636.0;0.0
Seine-Saint-Denis;93;24;2022;Dépenses d'investissement hors remb;0.0;78636.0;0.0
Seine-Saint-Denis;93;24;2022;Frais de personnel;0.0;78636.0;0.0
Seine-Saint-Denis;93;24;2022;Achats et charges externes;0.0;78636.0;0.0
Seine-Saint-Denis;93;24;2022;Dépenses d'intervention;0.0;78636.0;0.0
Seine-Saint-Denis;93;24;2022;Charges financières;0.0;78636.0;0.0
Seine-Saint-Denis;93;24;2022;Autres dépenses de fonctionnement;0.0;78636.0;0.0
Seine-Saint-Denis;93;24;2022;Dépenses de fonctionnement;0.0;78636.0;0.0
Seine-Saint-Denis;93;24;2022;Dépenses totales hors remb;0.0;78636.0;0.0
Val-de-Marne;94;24;2022;Dépenses d'équipement;0.0;56561.33333333333;0.0
Val-de-Marne;94;24;2022;Subventions d'équipement versées;0.0;56561.33333333333;0.0
Val-de-Marne;94;24;2022;Autres dépenses d'investissement;0.0;56561.33333333333;0.0
Val-de-Marne;94;24;2022;Dépenses d'investissement hors remb;0.0;56561.33333333333;0.0
Val-de-Marne;94;24;2022;Frais de personnel;0.0;56561.33333333333;0.0
Val-de-Marne;94;24;2022;Achats et charges externes;0.0;56561.33333333333;0.0
Val-de-Marne;94;24;2022;Dépenses d'intervention;0.0;56561.33333333333;0.0
Val-de-Marne;94;24;2022;Charges financières;0.0;56561.33333333333;0.0
Val-de-Marne;94;24;2022;Autres dépenses de fonctionnement;0.0;56561.33333333333;0.0
Val-de-Marne;94;24;2022;Dépenses de fonctionnement;0.0;56561.33333333333;0.0
Val-de-Marne;94;24;2022;Dépenses totales hors remb;0.0;56561.33333333333;0.0
Val-d'Oise;95;24;2022;Dépenses d'équipement;0.0;64621.666666666664;0.0
Val-d'Oise;95;24;2022;Subventions d'équipement versées;0.0;64621.666666666664;0.0
Val-d'Oise;95;24;2022;Autres dépenses d'investissement;0.0;64621.666666666664;0.0
Val-d'Oise;95;24;2022;Dépenses d'investissement hors remb;0.0;64621.666666666664;0.0
Val-d'Oise;95;24;2022;Frais de personnel;0.0;64621.666666666664;0.0
Val-d'Oise;95;24;2022;Achats et charges externes;0.0;64621.666666666664;0.0
Val-d'Oise;95;24;2022;Dépenses d'intervention;0.0;64621.666666666664;0.0
Val-d'Oise;95;24;2022;Charges financières;0.0;64621.666666666664;0.0
Val-d'Oise;95;24;2022;Autres dépenses de fonctionnement;0.0;64621.666666666664;0.0
Val-d'Oise;95;24;2022;Dépenses de fonctionnement;0.0;64621.666666666664;0.0
Val-d'Oise;95;24;2022;Dépenses totales hors remb;0.0;64621.666666666664;0.0
France (départements + Paris + Métropole de Lyon, hors CTU);FR_OFGL;24;2022;Dépenses d'équipement;4609736.1899999995;2629587.6666666665;1.7530262437849888
France (départements + Paris + Métropole de Lyon, hors CTU);FR_OFGL;24;2022;Subventions d'équipement versées;2317221.5;2629587.6666666665;0.8812109705919674
France (départements + Paris + Métropole de Lyon, hors CTU);FR_OFGL;24;2022;Autres dépenses d'investissement;25219.95;2629587.6666666665;0.00959083825943307
France (départements + Paris + Métropole de Lyon, hors CTU);FR_OFGL;24;2022;Dépenses d'investissement hors remb;6952177.64;2629587.6666666665;2.643828052636389
France (départements + Paris + Métropole de Lyon, hors CTU);FR_OFGL;24;2022;Frais de personnel;3143528.48;2629587.6666666665;1.1954453999949042
France (départements + Paris + Métropole de Lyon, hors CTU);FR_OFGL;24;2022;Achats et charges externes;7624138.24;2629587.6666666665;2.899366443129297
France (départements + Paris + Métropole de Lyon, hors CTU);FR_OFGL;24;2022;Dépenses d'intervention;21518294.05;2629587.6666666665;8.183143814816088
France (départements + Paris + Métropole de Lyon, hors CTU);FR_OFGL;24;2022;Charges financières;0.0;2629587.6666666665;0.0
France (départements + Paris + Métropole de Lyon, hors CTU);FR_OFGL;24;2022;Autres dépenses de fonctionnement;2518536.81;2629587.6666666665;0.9577687186191296
France (départements + Paris + Métropole de Lyon, hors CTU);FR_OFGL;24;2022;Dépenses de fonctionnement;34804497.58;2629587.6666666665;13.235724376559418
France (départements + Paris + Métropole de Lyon, hors CTU);FR_OFGL;24;2022;Dépenses totales hors remb;41756675.22;2629587.6666666665;15.879552429195808
Paris (Ville de Paris);75;24;2023;Dépenses d'équipement;232348.18;53734.66666666666;4.323990347634054
Paris (Ville de Paris);75;24;2023;Subventions d'équipement versées;0.0;53734.66666666666;0.0
Paris (Ville de Paris);75;24;2023;Autres dépenses d'investissement;0.0;53734.66666666666;0.0
Paris (Ville de Paris);75;24;2023;Dépenses d'investissement hors remb;232348.18;53734.66666666666;4.323990347634054
Paris (Ville de Paris);75;24;2023;Frais de personnel;3150517.83;53734.66666666666;58.63101095506316
Paris (Ville de Paris);75;24;2023;Achats et charges externes;0.0;53734.66666666666;0.0
Paris (Ville de Paris);75;24;2023;Dépenses d'intervention;0.0;53734.66666666666;0.0
Paris (Ville de Paris);75;24;2023;Charges financières;0.0;53734.66666666666;0.0
Paris (Ville de Paris);75;24;2023;Autres dépenses de fonctionnement;4096175.27;53734.66666666666;76.22965813503389
Paris (Ville de Paris);75;24;2023;Dépenses de fonctionnement;7246693.1;53734.66666666666;134.86066909009705
Paris (Ville de Paris);75;24;2023;Dépenses totales hors remb;7479041.28;53734.66666666666;139.1846594377311
Seine-et-Marne;77;24;2023;Dépenses d'équipement;0.0;74761.0;0.0
Seine-et-Marne;77;24;2023;Subventions d'équipement versées;0.0;74761.0;0.0
Seine-et-Marne;77;24;2023;Autres dépenses d'investissement;0.0;74761.0;0.0
Seine-et-Marne;77;24;2023;Dépenses d'investissement hors remb;0.0;74761.0;0.0
Seine-et-Marne;77;24;2023;Frais de personnel;0.0;74761.0;0.0
Seine-et-Marne;77;24;2023;Achats et charges externes;0.0;74761.0;0.0
Seine-et-Marne;77;24;2023;Dépenses d'intervention;0.0;74761.0;0.0
Seine-et-Marne;77;24;2023;Charges financières;0.0;74761.0;0.0
Seine-et-Marne;77;24;2023;Autres dépenses de fonctionnement;0.0;74761.0;0.0
Seine-et-Marne;77;24;2023;Dépenses de fonctionnement;0.0;74761.0;0.0
Seine-et-Marne;77;24;2023;Dépenses totales hors remb;0.0;74761.0;0.0
Yvelines;78;24;2023;Dépenses d'équipement;0.0;68350.33333333333;0.0
Yvelines;78;24;2023;Subventions d'équipement versées;0.0;68350.33333333333;0.0
Yvelines;78;24;2023;Autres dépenses d'investissement;0.0;68350.33333333333;0.0
Yvelines;78;24;2023;Dépenses d'investissement hors remb;0.0;68350.33333333333;0.0
Yvelines;78;24;2023;Frais de personnel;0.0;68350.33333333333;0.0
Yvelines;78;24;2023;Achats et charges externes;0.0;68350.33333333333;0.0
Yvelines;78;24;2023;Dépenses d'intervention;0.0;68350.33333333333;0.0
Yvelines;78;24;2023;Charges financières;0.0;68350.33333333333;0.0
Yvelines;78;24;2023;Autres dépenses de fonctionnement;0.0;68350.33333333333;0.0
Yvelines;78;24;2023;Dépenses de fonctionnement;0.0;68350.33333333333;0.0
Yvelines;78;24;2023;Dépenses totales hors remb;0.0;68350.33333333333;0.0
Essonne;91;24;2023;Dépenses d'équipement;0.0;65510.99999999999;0.0
Essonne;91;24;2023;Subventions d'équipement versées;0.0;65510.99999999999;0.0
Essonne;91;24;2023;Autres dépenses d'investissement;0.0;65510.99999999999;0.0
Essonne;91;24;2023;Dépenses d'investissement hors remb;0.0;65510.99999999999;0.0
Essonne;91;24;2023;Frais de personnel;0.0;65510.99999999999;0.0
Essonne;91;24;2023;Achats et charges externes;0.0;65510.99999999999;0.0
Essonne;91;24;2023;Dépenses d'intervention;0.0;65510.99999999999;0.0
Essonne;91;24;2023;Charges financières;0.0;65510.99999999999;0.0
Essonne;91;24;2023;Autres dépenses de fonctionnement;0.0;65510.99999999999;0.0
Essonne;91;24;2023;Dépenses de fonctionnement;0.0;65510.99999999999;0.0
Essonne;91;24;2023;Dépenses totales hors remb;0.0;65510.99999999999;0.0
Hauts-de-Seine;92;24;2023;Dépenses d'équipement;0.0;56433.33333333333;0.0
Hauts-de-Seine;92;24;2023;Subventions d'équipement versées;0.0;56433.33333333333;0.0
Hauts-de-Seine;92;24;2023;Autres dépenses d'investissement;0.0;56433.33333333333;0.0
Hauts-de-Seine;92;24;2023;Dépenses d'investissement hors remb;0.0;56433.33333333333;0.0
Hauts-de-Seine;92;24;2023;Frais de personnel;0.0;56433.33333333333;0.0
Hauts-de-Seine;92;24;2023;Achats et charges externes;0.0;56433.33333333333;0.0
Hauts-de-Seine;92;24;2023;Dépenses d'intervention;0.0;56433.33333333333;0.0
Hauts-de-Seine;92;24;2023;Charges financières;0.0;56433.33333333333;0.0
Hauts-de-Seine;92;24;2023;Autres dépenses de fonctionnement;0.0;56433.33333333333;0.0
Hauts-de-Seine;92;24;2023;Dépenses de fonctionnement;0.0;56433.33333333333;0.0
Hauts-de-Seine;92;24;2023;Dépenses totales hors remb;0.0;56433.33333333333;0.0
Seine-Saint-Denis;93;24;2023;Dépenses d'équipement;0.0;78903.33333333333;0.0
Seine-Saint-Denis;93;24;2023;Subventions d'équipement versées;0.0;78903.33333333333;0.0
Seine-Saint-Denis;93;24;2023;Autres dépenses d'investissement;0.0;78903.33333333333;0.0
Seine-Saint-Denis;93;24;2023;Dépenses d'investissement hors remb;0.0;78903.33333333333;0.0
Seine-Saint-Denis;93;24;2023;Frais de personnel;0.0;78903.33333333333;0.0
Seine-Saint-Denis;93;24;2023;Achats et charges externes;0.0;78903.33333333333;0.0
Seine-Saint-Denis;93;24;2023;Dépenses d'intervention;0.0;78903.33333333333;0.0
Seine-Saint-Denis;93;24;2023;Charges financières;0.0;78903.33333333333;0.0
Seine-Saint-Denis;93;24;2023;Autres dépenses de fonctionnement;0.0;78903.33333333333;0.0
Seine-Saint-Denis;93;24;2023;Dépenses de fonctionnement;0.0;78903.33333333333;0.0
Seine-Saint-Denis;93;24;2023;Dépenses totales hors remb;0.0;78903.33333333333;0.0
Val-de-Marne;94;24;2023;Dépenses d'équipement;0.0;56841.666666666664;0.0
Val-de-Marne;94;24;2023;Subventions d'équipement versées;0.0;56841.666666666664;0.0
Val-de-Marne;94;24;2023;Autres dépenses d'investissement;0.0;56841.666666666664;0.0
Val-de-Marne;94;24;2023;Dépenses d'investissement hors remb;0.0;56841.666666666664;0.0
Val-de-Marne;94;24;2023;Frais de personnel;0.0;56841.666666666664;0.0
Val-de-Marne;94;24;2023;Achats et charges externes;0.0;56841.666666666664;0.0
Val-de-Marne;94;24;2023;Dépenses d'intervention;0.0;56841.666666666664;0.0
Val-de-Marne;94;24;2023;Charges financières;0.0;56841.666666666664;0.0
Val-de-Marne;94;24;2023;Autres dépenses de fonctionnement;0.0;56841.666666666664;0.0
Val-de-Marne;94;24;2023;Dépenses de fonctionnement;0.0;56841.666666666664;0.0
Val-de-Marne;94;24;2023;Dépenses totales hors remb;0.0;56841.666666666664;0.0
Val-d'Oise;95;24;2023;Dépenses d'équipement;0.0;65405.33333333333;0.0
Val-d'Oise;95;24;2023;Subventions d'équipement versées;0.0;65405.33333333333;0.0
Val-d'Oise;95;24;2023;Autres dépenses d'investissement;0.0;65405.33333333333;0.0
Val-d'Oise;95;24;2023;Dépenses d'investissement hors remb;0.0;65405.33333333333;0.0
Val-d'Oise;95;24;2023;Frais de personnel;0.0;65405.33333333333;0.0
Val-d'Oise;95;24;2023;Achats et charges externes;0.0;65405.33333333333;0.0
Val-d'Oise;95;24;2023;Dépenses d'intervention;0.0;65405.33333333333;0.0
Val-d'Oise;95;24;2023;Charges financières;0.0;65405.33333333333;0.0
Val-d'Oise;95;24;2023;Autres dépenses de fonctionnement;0.0;65405.33333333333;0.0
Val-d'Oise;95;24;2023;Dépenses de fonctionnement;0.0;65405.33333333333;0.0
Val-d'Oise;95;24;2023;Dépenses totales hors remb;0.0;65405.33333333333;0.0
France (départements + Paris + Métropole de Lyon, hors CTU);FR_OFGL;24;2023;Dépenses d'équipement;4785538.56;2630415.6666666665;1.819308872222603
France (départements + Paris + Métropole de Lyon, hors CTU);FR_OFGL;24;2023;Subventions d'équipement versées;2657123.31;2630415.6666666665;1.0101533927400828
France (départements + Paris + Métropole de Lyon, hors CTU);FR_OFGL;24;2023;Autres dépenses d'investissement;302357.55;2630415.6666666665;0.11494668079709075
France (départements + Paris + Métropole de Lyon, hors CTU);FR_OFGL;24;2023;Dépenses d'investissement hors remb;7745019.42;2630415.6666666665;2.944408945759777
France (départements + Paris + Métropole de Lyon, hors CTU);FR_OFGL;24;2023;Frais de personnel;3282638.2600000002;2630415.6666666665;1.2479541927910762
France (départements + Paris + Métropole de Lyon, hors CTU);FR_OFGL;24;2023;Achats et charges externes;7650411.55;2630415.6666666665;2.9084420561160993
France (départements + Paris + Métropole de Lyon, hors CTU);FR_OFGL;24;2023;Dépenses d'intervention;24619115.57;2630415.6666666665;9.359401208706306
France (départements + Paris + Métropole de Lyon, hors CTU);FR_OFGL;24;2023;Charges financières;0.0;2630415.6666666665;0.0
France (départements + Paris + Métropole de Lyon, hors CTU);FR_OFGL;24;2023;Autres dépenses de fonctionnement;4103518.56;2630415.6666666665;1.5600266573838077
France (départements + Paris + Métropole de Lyon, hors CTU);FR_OFGL;24;2023;Dépenses de fonctionnement;39655683.940000005;2630415.6666666665;15.07582411499729
France (départements + Paris + Métropole de Lyon, hors CTU);FR_OFGL;24;2023;Dépenses totales hors remb;47400703.36;2630415.6666666665;18.020233060757064
Paris (Ville de Paris);75;24;2024;Dépenses d'équipement;2736510.28;52291.33333333333;52.33200428369265
Paris (Ville de Paris);75;24;2024;Subventions d'équipement versées;0.0;52291.33333333333;0.0
Paris (Ville de Paris);75;24;2024;Autres dépenses d'investissement;0.0;52291.33333333333;0.0
Paris (Ville de Paris);75;24;2024;Dépenses d'investissement hors remb;2736510.28;52291.33333333333;52.33200428369265
Paris (Ville de Paris);75;24;2024;Frais de personnel;3627009.43;52291.33333333333;69.36157865548148
Paris (Ville de Paris);75;24;2024;Achats et charges externes;0.0;52291.33333333333;0.0
Paris (Ville de Paris);75;24;2024;Dépenses d'intervention;0.0;52291.33333333333;0.0
Paris (Ville de Paris);75;24;2024;Charges financières;0.0;52291.33333333333;0.0
Paris (Ville de Paris);75;24;2024;Autres dépenses de fonctionnement;4293767.82;52291.33333333333;82.11241799150912
Paris (Ville de Paris);75;24;2024;Dépenses de fonctionnement;7920777.25;52291.33333333333;151.4739966469906
Paris (Ville de Paris);75;24;2024;Dépenses totales hors remb;10657287.53;52291.33333333333;203.80600093068324
Seine-et-Marne;77;24;2024;Dépenses d'équipement;0.0;75178.66666666666;0.0
Seine-et-Marne;77;24;2024;Subventions d'équipement versées;0.0;75178.66666666666;0.0
Seine-et-Marne;77;24;2024;Autres dépenses d'investissement;0.0;75178.66666666666;0.0
Seine-et-Marne;77;24;2024;Dépenses d'investissement hors remb;0.0;75178.66666666666;0.0
Seine-et-Marne;77;24;2024;Frais de personnel;0.0;75178.66666666666;0.0
Seine-et-Marne;77;24;2024;Achats et charges externes;0.0;75178.66666666666;0.0
Seine-et-Marne;77;24;2024;Dépenses d'intervention;0.0;75178.66666666666;0.0
Seine-et-Marne;77;24;2024;Charges financières;0.0;75178.66666666666;0.0
Seine-et-Marne;77;24;2024;Autres dépenses de fonctionnement;0.0;75178.66666666666;0.0
Seine-et-Marne;77;24;2024;Dépenses de fonctionnement;0.0;75178.66666666666;0.0
Seine-et-Marne;77;24;2024;Dépenses totales hors remb;0.0;75178.66666666666;0.0
Yvelines;78;24;2024;Dépenses d'équipement;0.0;68496.66666666666;0.0
Yvelines;78;24;2024;Subventions d'équipement versées;0.0;68496.66666666666;0.0
Yvelines;78;24;2024;Autres dépenses d'investissement;0.0;68496.66666666666;0.0
Yvelines;78;24;2024;Dépenses d'investissement hors remb;0.0;68496.66666666666;0.0
Yvelines;78;24;2024;Frais de personnel;0.0;68496.66666666666;0.0
Yvelines;78;24;2024;Achats et charges externes;0.0;68496.66666666666;0.0
Yvelines;78;24;2024;Dépenses d'intervention;36900.0;68496.66666666666;0.538712346099567
Yvelines;78;24;2024;Charges financières;0.0;68496.66666666666;0.0
Yvelines;78;24;2024;Autres dépenses de fonctionnement;0.0;68496.66666666666;0.0
Yvelines;78;24;2024;Dépenses de fonctionnement;36900.0;68496.66666666666;0.538712346099567
Yvelines;78;24;2024;Dépenses totales hors remb;36900.0;68496.66666666666;0.538712346099567
Essonne;91;24;2024;Dépenses d'équipement;0.0;65790.33333333333;0.0
Essonne;91;24;2024;Subventions d'équipement versées;0.0;65790.33333333333;0.0
Essonne;91;24;2024;Autres dépenses d'investissement;0.0;65790.33333333333;0.0
Essonne;91;24;2024;Dépenses d'investissement hors remb;0.0;65790.33333333333;0.0
Essonne;91;24;2024;Frais de personnel;0.0;65790.33333333333;0.0
Essonne;91;24;2024;Achats et charges externes;0.0;65790.33333333333;0.0
Essonne;91;24;2024;Dépenses d'intervention;0.0;65790.33333333333;0.0
Essonne;91;24;2024;Charges financières;0.0;65790.33333333333;0.0
Essonne;91;24;2024;Autres dépenses de fonctionnement;0.0;65790.33333333333;0.0
Essonne;91;24;2024;Dépenses de fonctionnement;0.0;65790.33333333333;0.0
Essonne;91;24;2024;Dépenses totales hors remb;0.0;65790.33333333333;0.0
Hauts-de-Seine;92;24;2024;Dépenses d'équipement;0.0;55972.0;0.0
Hauts-de-Seine;92;24;2024;Subventions d'équipement versées;0.0;55972.0;0.0
Hauts-de-Seine;92;24;2024;Autres dépenses d'investissement;0.0;55972.0;0.0
Hauts-de-Seine;92;24;2024;Dépenses d'investissement hors remb;0.0;55972.0;0.0
Hauts-de-Seine;92;24;2024;Frais de personnel;0.0;55972.0;0.0
Hauts-de-Seine;92;24;2024;Achats et charges externes;0.0;55972.0;0.0
Hauts-de-Seine;92;24;2024;Dépenses d'intervention;0.0;55972.0;0.0
Hauts-de-Seine;92;24;2024;Charges financières;0.0;55972.0;0.0
Hauts-de-Seine;92;24;2024;Autres dépenses de fonctionnement;0.0;55972.0;0.0
Hauts-de-Seine;92;24;2024;Dépenses de fonctionnement;0.0;55972.0;0.0
Hauts-de-Seine;92;24;2024;Dépenses totales hors remb;0.0;55972.0;0.0
Seine-Saint-Denis;93;24;2024;Dépenses d'équipement;0.0;78941.0;0.0
Seine-Saint-Denis;93;24;2024;Subventions d'équipement versées;80000.0;78941.0;1.0134150821499601
Seine-Saint-Denis;93;24;2024;Autres dépenses d'investissement;0.0;78941.0;0.0
Seine-Saint-Denis;93;24;2024;Dépenses d'investissement hors remb;80000.0;78941.0;1.0134150821499601
Seine-Saint-Denis;93;24;2024;Frais de personnel;0.0;78941.0;0.0
Seine-Saint-Denis;93;24;2024;Achats et charges externes;0.0;78941.0;0.0
Seine-Saint-Denis;93;24;2024;Dépenses d'intervention;0.0;78941.0;0.0
Seine-Saint-Denis;93;24;2024;Charges financières;0.0;78941.0;0.0
Seine-Saint-Denis;93;24;2024;Autres dépenses de fonctionnement;0.0;78941.0;0.0
Seine-Saint-Denis;93;24;2024;Dépenses de fonctionnement;0.0;78941.0;0.0
Seine-Saint-Denis;93;24;2024;Dépenses totales hors remb;80000.0;78941.0;1.0134150821499601
Val-de-Marne;94;24;2024;Dépenses d'équipement;0.0;57001.0;0.0
Val-de-Marne;94;24;2024;Subventions d'équipement versées;0.0;57001.0;0.0
Val-de-Marne;94;24;2024;Autres dépenses d'investissement;0.0;57001.0;0.0
Val-de-Marne;94;24;2024;Dépenses d'investissement hors remb;0.0;57001.0;0.0
Val-de-Marne;94;24;2024;Frais de personnel;0.0;57001.0;0.0
Val-de-Marne;94;24;2024;Achats et charges externes;0.0;57001.0;0.0
Val-de-Marne;94;24;2024;Dépenses d'intervention;0.0;57001.0;0.0
Val-de-Marne;94;24;2024;Charges financières;0.0;57001.0;0.0
Val-de-Marne;94;24;2024;Autres dépenses de fonctionnement;0.0;57001.0;0.0
Val-de-Marne;94;24;2024;Dépenses de fonctionnement;0.0;57001.0;0.0
Val-de-Marne;94;24;2024;Dépenses totales hors remb;0.0;57001.0;0.0
Val-d'Oise;95;24;2024;Dépenses d'équipement;0.0;66037.33333333333;0.0
Val-d'Oise;95;24;2024;Subventions d'équipement versées;0.0;66037.33333333333;0.0
Val-d'Oise;95;24;2024;Autres dépenses d'investissement;0.0;66037.33333333333;0.0
Val-d'Oise;95;24;2024;Dépenses d'investissement hors remb;0.0;66037.33333333333;0.0
Val-d'Oise;95;24;2024;Frais de personnel;0.0;66037.33333333333;0.0
Val-d'Oise;95;24;2024;Achats et charges externes;0.0;66037.33333333333;0.0
Val-d'Oise;95;24;2024;Dépenses d'intervention;0.0;66037.33333333333;0.0
Val-d'Oise;95;24;2024;Charges financières;0.0;66037.33333333333;0.0
Val-d'Oise;95;24;2024;Autres dépenses de fonctionnement;0.0;66037.33333333333;0.0
Val-d'Oise;95;24;2024;Dépenses de fonctionnement;0.0;66037.33333333333;0.0
Val-d'Oise;95;24;2024;Dépenses totales hors remb;0.0;66037.33333333333;0.0
France (départements + Paris + Métropole de Lyon, hors CTU);FR_OFGL;24;2024;Dépenses d'équipement;11515114.66;2620273.333333333;4.3946234591302185
France (départements + Paris + Métropole de Lyon, hors CTU);FR_OFGL;24;2024;Subventions d'équipement versées;2964736.6399999997;2620273.333333333;1.1314608297862054
France (départements + Paris + Métropole de Lyon, hors CTU);FR_OFGL;24;2024;Autres dépenses d'investissement;1026969.12;2620273.333333333;0.3919320579786842
France (départements + Paris + Métropole de Lyon, hors CTU);FR_OFGL;24;2024;Dépenses d'investissement hors remb;15506820.42;2620273.333333333;5.918016346895108
France (départements + Paris + Métropole de Lyon, hors CTU);FR_OFGL;24;2024;Frais de personnel;3627009.43;2620273.333333333;1.3842103355629567
France (départements + Paris + Métropole de Lyon, hors CTU);FR_OFGL;24;2024;Achats et charges externes;184859.33000000002;2620273.333333333;0.07054963604305914
France (départements + Paris + Métropole de Lyon, hors CTU);FR_OFGL;24;2024;Dépenses d'intervention;5708183.59;2620273.333333333;2.178468756440168
France (départements + Paris + Métropole de Lyon, hors CTU);FR_OFGL;24;2024;Charges financières;0.0;2620273.333333333;0.0
France (départements + Paris + Métropole de Lyon, hors CTU);FR_OFGL;24;2024;Autres dépenses de fonctionnement;4301257.82;2620273.333333333;1.641530204228058
France (départements + Paris + Métropole de Lyon, hors CTU);FR_OFGL;24;2024;Dépenses de fonctionnement;13821310.17;2620273.333333333;5.274758932274242
France (départements + Paris + Métropole de Lyon, hors CTU);FR_OFGL;24;2024;Dépenses totales hors remb;29328130.59;2620273.333333333;11.19277527916935
Paris (Ville de Paris);75;24;2025;Dépenses d'équipement;13495502.02;50731.99999999999;266.0155724197745
Paris (Ville de Paris);75;24;2025;Subventions d'équipement versées;0.0;50731.99999999999;0.0
Paris (Ville de Paris);75;24;2025;Autres dépenses d'investissement;0.0;50731.99999999999;0.0
Paris (Ville de Paris);75;24;2025;Dépenses d'investissement hors remb;13495502.02;50731.99999999999;266.0155724197745
Paris (Ville de Paris);75;24;2025;Frais de personnel;3666847.42;50731.99999999999;72.2787869589214
Paris (Ville de Paris);75;24;2025;Achats et charges externes;0.0;50731.99999999999;0.0
Paris (Ville de Paris);75;24;2025;Dépenses d'intervention;0.0;50731.99999999999;0.0
Paris (Ville de Paris);75;24;2025;Charges financières;0.0;50731.99999999999;0.0
Paris (Ville de Paris);75;24;2025;Autres dépenses de fonctionnement;3794555.34;50731.99999999999;74.7960920129307
Paris (Ville de Paris);75;24;2025;Dépenses de fonctionnement;7461402.76;50731.99999999999;147.07487897185212
Paris (Ville de Paris);75;24;2025;Dépenses totales hors remb;20956904.78;50731.99999999999;413.0904513916267
Seine-et-Marne;77;24;2025;Dépenses d'équipement;0.0;75282.0;0.0
Seine-et-Marne;77;24;2025;Subventions d'équipement versées;0.0;75282.0;0.0
Seine-et-Marne;77;24;2025;Autres dépenses d'investissement;0.0;75282.0;0.0
Seine-et-Marne;77;24;2025;Dépenses d'investissement hors remb;0.0;75282.0;0.0
Seine-et-Marne;77;24;2025;Frais de personnel;0.0;75282.0;0.0
Seine-et-Marne;77;24;2025;Achats et charges externes;0.0;75282.0;0.0
Seine-et-Marne;77;24;2025;Dépenses d'intervention;0.0;75282.0;0.0
Seine-et-Marne;77;24;2025;Charges financières;0.0;75282.0;0.0
Seine-et-Marne;77;24;2025;Autres dépenses de fonctionnement;0.0;75282.0;0.0
Seine-et-Marne;77;24;2025;Dépenses de fonctionnement;0.0;75282.0;0.0
Seine-et-Marne;77;24;2025;Dépenses totales hors remb;0.0;75282.0;0.0
Yvelines;78;24;2025;Dépenses d'équipement;0.0;68174.0;0.0
Yvelines;78;24;2025;Subventions d'équipement versées;0.0;68174.0;0.0
Yvelines;78;24;2025;Autres dépenses d'investissement;0.0;68174.0;0.0
Yvelines;78;24;2025;Dépenses d'investissement hors remb;0.0;68174.0;0.0
Yvelines;78;24;2025;Frais de personnel;0.0;68174.0;0.0
Yvelines;78;24;2025;Achats et charges externes;0.0;68174.0;0.0
Yvelines;78;24;2025;Dépenses d'intervention;38445.53;68174.0;0.5639324375861765
Yvelines;78;24;2025;Charges financières;0.0;68174.0;0.0
Yvelines;78;24;2025;Autres dépenses de fonctionnement;0.0;68174.0;0.0
Yvelines;78;24;2025;Dépenses de fonctionnement;38445.53;68174.0;0.5639324375861765
Yvelines;78;24;2025;Dépenses totales hors remb;38445.53;68174.0;0.5639324375861765
Essonne;91;24;2025;Dépenses d'équipement;0.0;66111.0;0.0
Essonne;91;24;2025;Subventions d'équipement versées;0.0;66111.0;0.0
Essonne;91;24;2025;Autres dépenses d'investissement;0.0;66111.0;0.0
Essonne;91;24;2025;Dépenses d'investissement hors remb;0.0;66111.0;0.0
Essonne;91;24;2025;Frais de personnel;0.0;66111.0;0.0
Essonne;91;24;2025;Achats et charges externes;0.0;66111.0;0.0
Essonne;91;24;2025;Dépenses d'intervention;0.0;66111.0;0.0
Essonne;91;24;2025;Charges financières;0.0;66111.0;0.0
Essonne;91;24;2025;Autres dépenses de fonctionnement;0.0;66111.0;0.0
Essonne;91;24;2025;Dépenses de fonctionnement;0.0;66111.0;0.0
Essonne;91;24;2025;Dépenses totales hors remb;0.0;66111.0;0.0
Hauts-de-Seine;92;24;2025;Dépenses d'équipement;0.0;55232.0;0.0
Hauts-de-Seine;92;24;2025;Subventions d'équipement versées;0.0;55232.0;0.0
Hauts-de-Seine;92;24;2025;Autres dépenses d'investissement;0.0;55232.0;0.0
Hauts-de-Seine;92;24;2025;Dépenses d'investissement hors remb;0.0;55232.0;0.0
Hauts-de-Seine;92;24;2025;Frais de personnel;0.0;55232.0;0.0
Hauts-de-Seine;92;24;2025;Achats et charges externes;0.0;55232.0;0.0
Hauts-de-Seine;92;24;2025;Dépenses d'intervention;0.0;55232.0;0.0
Hauts-de-Seine;92;24;2025;Charges financières;0.0;55232.0;0.0
Hauts-de-Seine;92;24;2025;Autres dépenses de fonctionnement;0.0;55232.0;0.0
Hauts-de-Seine;92;24;2025;Dépenses de fonctionnement;0.0;55232.0;0.0
Hauts-de-Seine;92;24;2025;Dépenses totales hors remb;0.0;55232.0;0.0
Seine-Saint-Denis;93;24;2025;Dépenses d'équipement;0.0;79017.66666666666;0.0
Seine-Saint-Denis;93;24;2025;Subventions d'équipement versées;564240.0;79017.66666666666;7.140681619722173
Seine-Saint-Denis;93;24;2025;Autres dépenses d'investissement;0.0;79017.66666666666;0.0
Seine-Saint-Denis;93;24;2025;Dépenses d'investissement hors remb;564240.0;79017.66666666666;7.140681619722173
Seine-Saint-Denis;93;24;2025;Frais de personnel;0.0;79017.66666666666;0.0
Seine-Saint-Denis;93;24;2025;Achats et charges externes;0.0;79017.66666666666;0.0
Seine-Saint-Denis;93;24;2025;Dépenses d'intervention;0.0;79017.66666666666;0.0
Seine-Saint-Denis;93;24;2025;Charges financières;0.0;79017.66666666666;0.0
Seine-Saint-Denis;93;24;2025;Autres dépenses de fonctionnement;0.0;79017.66666666666;0.0
Seine-Saint-Denis;93;24;2025;Dépenses de fonctionnement;0.0;79017.66666666666;0.0
Seine-Saint-Denis;93;24;2025;Dépenses totales hors remb;564240.0;79017.66666666666;7.140681619722173
Val-de-Marne;94;24;2025;Dépenses d'équipement;0.0;56929.666666666664;0.0
Val-de-Marne;94;24;2025;Subventions d'équipement versées;0.0;56929.666666666664;0.0
Val-de-Marne;94;24;2025;Autres dépenses d'investissement;0.0;56929.666666666664;0.0
Val-de-Marne;94;24;2025;Dépenses d'investissement hors remb;0.0;56929.666666666664;0.0
Val-de-Marne;94;24;2025;Frais de personnel;0.0;56929.666666666664;0.0
Val-de-Marne;94;24;2025;Achats et charges externes;0.0;56929.666666666664;0.0
Val-de-Marne;94;24;2025;Dépenses d'intervention;0.0;56929.666666666664;0.0
Val-de-Marne;94;24;2025;Charges financières;0.0;56929.666666666664;0.0
Val-de-Marne;94;24;2025;Autres dépenses de fonctionnement;0.0;56929.666666666664;0.0
Val-de-Marne;94;24;2025;Dépenses de fonctionnement;0.0;56929.666666666664;0.0
Val-de-Marne;94;24;2025;Dépenses totales hors remb;0.0;56929.666666666664;0.0
Val-d'Oise;95;24;2025;Dépenses d'équipement;0.0;66558.0;0.0
Val-d'Oise;95;24;2025;Subventions d'équipement versées;0.0;66558.0;0.0
Val-d'Oise;95;24;2025;Autres dépenses d'investissement;0.0;66558.0;0.0
Val-d'Oise;95;24;2025;Dépenses d'investissement hors remb;0.0;66558.0;0.0
Val-d'Oise;95;24;2025;Frais de personnel;0.0;66558.0;0.0
Val-d'Oise;95;24;2025;Achats et charges externes;0.0;66558.0;0.0
Val-d'Oise;95;24;2025;Dépenses d'intervention;0.0;66558.0;0.0
Val-d'Oise;95;24;2025;Charges financières;0.0;66558.0;0.0
Val-d'Oise;95;24;2025;Autres dépenses de fonctionnement;0.0;66558.0;0.0
Val-d'Oise;95;24;2025;Dépenses de fonctionnement;0.0;66558.0;0.0
Val-d'Oise;95;24;2025;Dépenses totales hors remb;0.0;66558.0;0.0
France (départements + Paris + Métropole de Lyon, hors CTU);FR_OFGL;24;2025;Dépenses d'équipement;16702907.54;2601522.0;6.420436782775621
France (départements + Paris + Métropole de Lyon, hors CTU);FR_OFGL;24;2025;Subventions d'équipement versées;9631038.96;2601522.0;3.7020786139805857
France (départements + Paris + Métropole de Lyon, hors CTU);FR_OFGL;24;2025;Autres dépenses d'investissement;2456786.37;2601522.0;0.9443650178626205
France (départements + Paris + Métropole de Lyon, hors CTU);FR_OFGL;24;2025;Dépenses d'investissement hors remb;28790732.869999997;2601522.0;11.066880414618826
France (départements + Paris + Métropole de Lyon, hors CTU);FR_OFGL;24;2025;Frais de personnel;3666847.42;2601522.0;1.409500830667586
France (départements + Paris + Métropole de Lyon, hors CTU);FR_OFGL;24;2025;Achats et charges externes;172637.61000000002;2601522.0;0.06636023450887596
France (départements + Paris + Métropole de Lyon, hors CTU);FR_OFGL;24;2025;Dépenses d'intervention;7029268.7;2601522.0;2.7019831852277245
France (départements + Paris + Métropole de Lyon, hors CTU);FR_OFGL;24;2025;Charges financières;0.0;2601522.0;0.0
France (départements + Paris + Métropole de Lyon, hors CTU);FR_OFGL;24;2025;Autres dépenses de fonctionnement;3811564.25;2601522.0;1.4651285862660397
France (départements + Paris + Métropole de Lyon, hors CTU);FR_OFGL;24;2025;Dépenses de fonctionnement;14680317.98;2601522.0;5.642972836670226
France (départements + Paris + Métropole de Lyon, hors CTU);FR_OFGL;24;2025;Dépenses totales hors remb;43471050.85;2601522.0;16.709853251289054
Paris (Ville de Paris);75;20;2022;Dépenses d'équipement;878274.76;55012.33333333333;15.965051958045773
Paris (Ville de Paris);75;20;2022;Subventions d'équipement versées;0.0;55012.33333333333;0.0
Paris (Ville de Paris);75;20;2022;Autres dépenses d'investissement;0.0;55012.33333333333;0.0
Paris (Ville de Paris);75;20;2022;Dépenses d'investissement hors remb;878274.76;55012.33333333333;15.965051958045773
Paris (Ville de Paris);75;20;2022;Frais de personnel;61771554.56;55012.33333333333;1122.8673793149417
Paris (Ville de Paris);75;20;2022;Achats et charges externes;969703.66;55012.33333333333;17.62702291001412
Paris (Ville de Paris);75;20;2022;Dépenses d'intervention;103080.49;55012.33333333333;1.8737705484224751
Paris (Ville de Paris);75;20;2022;Charges financières;0.0;55012.33333333333;0.0
Paris (Ville de Paris);75;20;2022;Autres dépenses de fonctionnement;58080.8299999982;55012.33333333333;1.0557783406144963
Paris (Ville de Paris);75;20;2022;Dépenses de fonctionnement;62902419.54;55012.33333333333;1143.4239511139926
Paris (Ville de Paris);75;20;2022;Dépenses totales hors remb;63780694.3;55012.33333333333;1159.3890030720383
Seine-et-Marne;77;20;2022;Dépenses d'équipement;0.0;74443.33333333333;0.0
Seine-et-Marne;77;20;2022;Subventions d'équipement versées;0.0;74443.33333333333;0.0
Seine-et-Marne;77;20;2022;Autres dépenses d'investissement;0.0;74443.33333333333;0.0
Seine-et-Marne;77;20;2022;Dépenses d'investissement hors remb;0.0;74443.33333333333;0.0
Seine-et-Marne;77;20;2022;Frais de personnel;41578679.24;74443.33333333333;558.5279081180316
Seine-et-Marne;77;20;2022;Achats et charges externes;359486.12;74443.33333333333;4.8289901043299155
Seine-et-Marne;77;20;2022;Dépenses d'intervention;0.0;74443.33333333333;0.0
Seine-et-Marne;77;20;2022;Charges financières;0.0;74443.33333333333;0.0
Seine-et-Marne;77;20;2022;Autres dépenses de fonctionnement;7.45058059692383e-09;74443.33333333333;1.0008391971867412e-13
Seine-et-Marne;77;20;2022;Dépenses de fonctionnement;41938165.36;74443.33333333333;563.3568982223616
Seine-et-Marne;77;20;2022;Dépenses totales hors remb;41938165.36;74443.33333333333;563.3568982223616
Yvelines;78;20;2022;Dépenses d'équipement;0.0;68006.0;0.0
Yvelines;78;20;2022;Subventions d'équipement versées;0.0;68006.0;0.0
Yvelines;78;20;2022;Autres dépenses d'investissement;0.0;68006.0;0.0
Yvelines;78;20;2022;Dépenses d'investissement hors remb;0.0;68006.0;0.0
Yvelines;78;20;2022;Frais de personnel;19264315.16;68006.0;283.2737576096227
Yvelines;78;20;2022;Achats et charges externes;0.0;68006.0;0.0
Yvelines;78;20;2022;Dépenses d'intervention;0.0;68006.0;0.0
Yvelines;78;20;2022;Charges financières;0.0;68006.0;0.0
Yvelines;78;20;2022;Autres dépenses de fonctionnement;0.0;68006.0;0.0
Yvelines;78;20;2022;Dépenses de fonctionnement;19264315.16;68006.0;283.2737576096227
Yvelines;78;20;2022;Dépenses totales hors remb;19264315.16;68006.0;283.2737576096227
Essonne;91;20;2022;Dépenses d'équipement;0.0;64866.33333333333;0.0
Essonne;91;20;2022;Subventions d'équipement versées;0.0;64866.33333333333;0.0
Essonne;91;20;2022;Autres dépenses d'investissement;0.0;64866.33333333333;0.0
Essonne;91;20;2022;Dépenses d'investissement hors remb;0.0;64866.33333333333;0.0
Essonne;91;20;2022;Frais de personnel;0.0;64866.33333333333;0.0
Essonne;91;20;2022;Achats et charges externes;0.0;64866.33333333333;0.0
Essonne;91;20;2022;Dépenses d'intervention;0.0;64866.33333333333;0.0
Essonne;91;20;2022;Charges financières;0.0;64866.33333333333;0.0
Essonne;91;20;2022;Autres dépenses de fonctionnement;0.0;64866.33333333333;0.0
Essonne;91;20;2022;Dépenses de fonctionnement;0.0;64866.33333333333;0.0
Essonne;91;20;2022;Dépenses totales hors remb;0.0;64866.33333333333;0.0
Hauts-de-Seine;92;20;2022;Dépenses d'équipement;0.0;56958.33333333333;0.0
Hauts-de-Seine;92;20;2022;Subventions d'équipement versées;0.0;56958.33333333333;0.0
Hauts-de-Seine;92;20;2022;Autres dépenses d'investissement;0.0;56958.33333333333;0.0
Hauts-de-Seine;92;20;2022;Dépenses d'investissement hors remb;0.0;56958.33333333333;0.0
Hauts-de-Seine;92;20;2022;Frais de personnel;0.0;56958.33333333333;0.0
Hauts-de-Seine;92;20;2022;Achats et charges externes;344245.36;56958.33333333333;6.043810270665691
Hauts-de-Seine;92;20;2022;Dépenses d'intervention;0.0;56958.33333333333;0.0
Hauts-de-Seine;92;20;2022;Charges financières;0.0;56958.33333333333;0.0
Hauts-de-Seine;92;20;2022;Autres dépenses de fonctionnement;0.0;56958.33333333333;0.0
Hauts-de-Seine;92;20;2022;Dépenses de fonctionnement;344245.36;56958.33333333333;6.043810270665691
Hauts-de-Seine;92;20;2022;Dépenses totales hors remb;344245.36;56958.33333333333;6.043810270665691
Seine-Saint-Denis;93;20;2022;Dépenses d'équipement;0.0;78636.0;0.0
Seine-Saint-Denis;93;20;2022;Subventions d'équipement versées;0.0;78636.0;0.0
Seine-Saint-Denis;93;20;2022;Autres dépenses d'investissement;0.0;78636.0;0.0
Seine-Saint-Denis;93;20;2022;Dépenses d'investissement hors remb;0.0;78636.0;0.0
Seine-Saint-Denis;93;20;2022;Frais de personnel;1079237.78;78636.0;13.724474540922733
Seine-Saint-Denis;93;20;2022;Achats et charges externes;57422.37;78636.0;0.7302300473065771
Seine-Saint-Denis;93;20;2022;Dépenses d'intervention;0.0;78636.0;0.0
Seine-Saint-Denis;93;20;2022;Charges financières;0.0;78636.0;0.0
Seine-Saint-Denis;93;20;2022;Autres dépenses de fonctionnement;0.0;78636.0;0.0
Seine-Saint-Denis;93;20;2022;Dépenses de fonctionnement;1136660.15;78636.0;14.454704588229308
Seine-Saint-Denis;93;20;2022;Dépenses totales hors remb;1136660.15;78636.0;14.454704588229308
Val-de-Marne;94;20;2022;Dépenses d'équipement;0.0;56561.33333333333;0.0
Val-de-Marne;94;20;2022;Subventions d'équipement versées;0.0;56561.33333333333;0.0
Val-de-Marne;94;20;2022;Autres dépenses d'investissement;0.0;56561.33333333333;0.0
Val-de-Marne;94;20;2022;Dépenses d'investissement hors remb;0.0;56561.33333333333;0.0
Val-de-Marne;94;20;2022;Frais de personnel;2720533.72;56561.33333333333;48.09882581740177
Val-de-Marne;94;20;2022;Achats et charges externes;62570.52;56561.33333333333;1.1062419556351808
Val-de-Marne;94;20;2022;Dépenses d'intervention;0.0;56561.33333333333;0.0
Val-de-Marne;94;20;2022;Charges financières;0.0;56561.33333333333;0.0
Val-de-Marne;94;20;2022;Autres dépenses de fonctionnement;0.0;56561.33333333333;0.0
Val-de-Marne;94;20;2022;Dépenses de fonctionnement;2783104.24;56561.33333333333;49.205067773036944
Val-de-Marne;94;20;2022;Dépenses totales hors remb;2783104.24;56561.33333333333;49.205067773036944
Val-d'Oise;95;20;2022;Dépenses d'équipement;0.0;64621.666666666664;0.0
Val-d'Oise;95;20;2022;Subventions d'équipement versées;0.0;64621.666666666664;0.0
Val-d'Oise;95;20;2022;Autres dépenses d'investissement;0.0;64621.666666666664;0.0
Val-d'Oise;95;20;2022;Dépenses d'investissement hors remb;0.0;64621.666666666664;0.0
Val-d'Oise;95;20;2022;Frais de personnel;41904829.05;64621.666666666664;648.4640711319732
Val-d'Oise;95;20;2022;Achats et charges externes;28561.06;64621.666666666664;0.441973435122379
Val-d'Oise;95;20;2022;Dépenses d'intervention;0.0;64621.666666666664;0.0
Val-d'Oise;95;20;2022;Charges financières;0.0;64621.666666666664;0.0
Val-d'Oise;95;20;2022;Autres dépenses de fonctionnement;-7.45058059692383e-09;64621.666666666664;-1.1529539520166864e-13
Val-d'Oise;95;20;2022;Dépenses de fonctionnement;41933390.11;64621.666666666664;648.9060445670957
Val-d'Oise;95;20;2022;Dépenses totales hors remb;41933390.11;64621.666666666664;648.9060445670957
France (départements + Paris + Métropole de Lyon, hors CTU);FR_OFGL;20;2022;Dépenses d'équipement;5437949.94;2629587.6666666665;2.0679857944775377
France (départements + Paris + Métropole de Lyon, hors CTU);FR_OFGL;20;2022;Subventions d'équipement versées;3841472.5;2629587.6666666665;1.4608649670423615
France (départements + Paris + Métropole de Lyon, hors CTU);FR_OFGL;20;2022;Autres dépenses d'investissement;0.0;2629587.6666666665;0.0
France (départements + Paris + Métropole de Lyon, hors CTU);FR_OFGL;20;2022;Dépenses d'investissement hors remb;9279422.440000001;2629587.6666666665;3.5288507615198994
France (départements + Paris + Métropole de Lyon, hors CTU);FR_OFGL;20;2022;Frais de personnel;700648388.79;2629587.6666666665;266.448005393241
France (départements + Paris + Métropole de Lyon, hors CTU);FR_OFGL;20;2022;Achats et charges externes;5380824.44;2629587.6666666665;2.0462616661192636
France (départements + Paris + Métropole de Lyon, hors CTU);FR_OFGL;20;2022;Dépenses d'intervention;2113283.73;2629587.6666666665;0.8036559331291865
France (départements + Paris + Métropole de Lyon, hors CTU);FR_OFGL;20;2022;Charges financières;0.0;2629587.6666666665;0.0
France (départements + Paris + Métropole de Lyon, hors CTU);FR_OFGL;20;2022;Autres dépenses de fonctionnement;95735.95000000238;2629587.6666666665;0.03640720985026514
France (départements + Paris + Métropole de Lyon, hors CTU);FR_OFGL;20;2022;Dépenses de fonctionnement;708238232.91;2629587.6666666665;269.3343302023397
France (départements + Paris + Métropole de Lyon, hors CTU);FR_OFGL;20;2022;Dépenses totales hors remb;717517655.35;2629587.6666666665;272.86318096385963
Paris (Ville de Paris);75;20;2023;Dépenses d'équipement;900383.92;53734.66666666666;16.75610878141982
Paris (Ville de Paris);75;20;2023;Subventions d'équipement versées;0.0;53734.66666666666;0.0
Paris (Ville de Paris);75;20;2023;Autres dépenses d'investissement;0.0;53734.66666666666;0.0
Paris (Ville de Paris);75;20;2023;Dépenses d'investissement hors remb;900383.92;53734.66666666666;16.75610878141982
Paris (Ville de Paris);75;20;2023;Frais de personnel;67150908.63;53734.66666666666;1249.675726967073
Paris (Ville de Paris);75;20;2023;Achats et charges externes;1101768.69;53734.66666666666;20.50387130592293
Paris (Ville de Paris);75;20;2023;Dépenses d'intervention;50159.62;53734.66666666666;0.9334685243542346
Paris (Ville de Paris);75;20;2023;Charges financières;0.0;53734.66666666666;0.0
Paris (Ville de Paris);75;20;2023;Autres dépenses de fonctionnement;755262.019999996;53734.66666666666;14.055396019949804
Paris (Ville de Paris);75;20;2023;Dépenses de fonctionnement;69058098.96;53734.66666666666;1285.1684628173
Paris (Ville de Paris);75;20;2023;Dépenses totales hors remb;69958482.88;53734.66666666666;1301.9245715987197
Seine-et-Marne;77;20;2023;Dépenses d'équipement;0.0;74761.0;0.0
Seine-et-Marne;77;20;2023;Subventions d'équipement versées;0.0;74761.0;0.0
Seine-et-Marne;77;20;2023;Autres dépenses d'investissement;0.0;74761.0;0.0
Seine-et-Marne;77;20;2023;Dépenses d'investissement hors remb;0.0;74761.0;0.0
Seine-et-Marne;77;20;2023;Frais de personnel;40977660.76;74761.0;548.1154714356416
Seine-et-Marne;77;20;2023;Achats et charges externes;372554.09;74761.0;4.983267880311928
Seine-et-Marne;77;20;2023;Dépenses d'intervention;0.0;74761.0;0.0
Seine-et-Marne;77;20;2023;Charges financières;0.0;74761.0;0.0
Seine-et-Marne;77;20;2023;Autres dépenses de fonctionnement;-7.45058059692383e-09;74761.0;-9.965865353491566e-14
Seine-et-Marne;77;20;2023;Dépenses de fonctionnement;41350214.85;74761.0;553.0987393159535
Seine-et-Marne;77;20;2023;Dépenses totales hors remb;41350214.85;74761.0;553.0987393159535
Yvelines;78;20;2023;Dépenses d'équipement;0.0;68350.33333333333;0.0
Yvelines;78;20;2023;Subventions d'équipement versées;0.0;68350.33333333333;0.0
Yvelines;78;20;2023;Autres dépenses d'investissement;0.0;68350.33333333333;0.0
Yvelines;78;20;2023;Dépenses d'investissement hors remb;0.0;68350.33333333333;0.0
Yvelines;78;20;2023;Frais de personnel;13130818.79;68350.33333333333;192.11053040463105
Yvelines;78;20;2023;Achats et charges externes;0.0;68350.33333333333;0.0
Yvelines;78;20;2023;Dépenses d'intervention;0.0;68350.33333333333;0.0
Yvelines;78;20;2023;Charges financières;0.0;68350.33333333333;0.0
Yvelines;78;20;2023;Autres dépenses de fonctionnement;0.0;68350.33333333333;0.0
Yvelines;78;20;2023;Dépenses de fonctionnement;13130818.79;68350.33333333333;192.11053040463105
Yvelines;78;20;2023;Dépenses totales hors remb;13130818.79;68350.33333333333;192.11053040463105
Essonne;91;20;2023;Dépenses d'équipement;0.0;65510.99999999999;0.0
Essonne;91;20;2023;Subventions d'équipement versées;0.0;65510.99999999999;0.0
Essonne;91;20;2023;Autres dépenses d'investissement;0.0;65510.99999999999;0.0
Essonne;91;20;2023;Dépenses d'investissement hors remb;0.0;65510.99999999999;0.0
Essonne;91;20;2023;Frais de personnel;0.0;65510.99999999999;0.0
Essonne;91;20;2023;Achats et charges externes;0.0;65510.99999999999;0.0
Essonne;91;20;2023;Dépenses d'intervention;0.0;65510.99999999999;0.0
Essonne;91;20;2023;Charges financières;0.0;65510.99999999999;0.0
Essonne;91;20;2023;Autres dépenses de fonctionnement;0.0;65510.99999999999;0.0
Essonne;91;20;2023;Dépenses de fonctionnement;0.0;65510.99999999999;0.0
Essonne;91;20;2023;Dépenses totales hors remb;0.0;65510.99999999999;0.0
Hauts-de-Seine;92;20;2023;Dépenses d'équipement;0.0;56433.33333333333;0.0
Hauts-de-Seine;92;20;2023;Subventions d'équipement versées;0.0;56433.33333333333;0.0
Hauts-de-Seine;92;20;2023;Autres dépenses d'investissement;0.0;56433.33333333333;0.0
Hauts-de-Seine;92;20;2023;Dépenses d'investissement hors remb;0.0;56433.33333333333;0.0
Hauts-de-Seine;92;20;2023;Frais de personnel;0.0;56433.33333333333;0.0
Hauts-de-Seine;92;20;2023;Achats et charges externes;680258.51;56433.33333333333;12.054196869462494
Hauts-de-Seine;92;20;2023;Dépenses d'intervention;0.0;56433.33333333333;0.0
Hauts-de-Seine;92;20;2023;Charges financières;0.0;56433.33333333333;0.0
Hauts-de-Seine;92;20;2023;Autres dépenses de fonctionnement;0.0;56433.33333333333;0.0
Hauts-de-Seine;92;20;2023;Dépenses de fonctionnement;680258.51;56433.33333333333;12.054196869462494
Hauts-de-Seine;92;20;2023;Dépenses totales hors remb;680258.51;56433.33333333333;12.054196869462494
Seine-Saint-Denis;93;20;2023;Dépenses d'équipement;0.0;78903.33333333333;0.0
Seine-Saint-Denis;93;20;2023;Subventions d'équipement versées;0.0;78903.33333333333;0.0
Seine-Saint-Denis;93;20;2023;Autres dépenses d'investissement;0.0;78903.33333333333;0.0
Seine-Saint-Denis;93;20;2023;Dépenses d'investissement hors remb;0.0;78903.33333333333;0.0
Seine-Saint-Denis;93;20;2023;Frais de personnel;1044098.1;78903.33333333333;13.232623463309535
Seine-Saint-Denis;93;20;2023;Achats et charges externes;94479.11;78903.33333333333;1.1974032782729924
Seine-Saint-Denis;93;20;2023;Dépenses d'intervention;0.0;78903.33333333333;0.0
Seine-Saint-Denis;93;20;2023;Charges financières;0.0;78903.33333333333;0.0
Seine-Saint-Denis;93;20;2023;Autres dépenses de fonctionnement;0.0;78903.33333333333;0.0
Seine-Saint-Denis;93;20;2023;Dépenses de fonctionnement;1138577.21;78903.33333333333;14.430026741582527
Seine-Saint-Denis;93;20;2023;Dépenses totales hors remb;1138577.21;78903.33333333333;14.430026741582527
Val-de-Marne;94;20;2023;Dépenses d'équipement;0.0;56841.666666666664;0.0
Val-de-Marne;94;20;2023;Subventions d'équipement versées;0.0;56841.666666666664;0.0
Val-de-Marne;94;20;2023;Autres dépenses d'investissement;0.0;56841.666666666664;0.0
Val-de-Marne;94;20;2023;Dépenses d'investissement hors remb;0.0;56841.666666666664;0.0
Val-de-Marne;94;20;2023;Frais de personnel;2851576.68;56841.666666666664;50.16701386893418
Val-de-Marne;94;20;2023;Achats et charges externes;87537.06;56841.666666666664;1.5400157161706496
Val-de-Marne;94;20;2023;Dépenses d'intervention;0.0;56841.666666666664;0.0
Val-de-Marne;94;20;2023;Charges financières;0.0;56841.666666666664;0.0
Val-de-Marne;94;20;2023;Autres dépenses de fonctionnement;0.0;56841.666666666664;0.0
Val-de-Marne;94;20;2023;Dépenses de fonctionnement;2939113.74;56841.666666666664;51.70702958510483
Val-de-Marne;94;20;2023;Dépenses totales hors remb;2939113.74;56841.666666666664;51.70702958510483
Val-d'Oise;95;20;2023;Dépenses d'équipement;0.0;65405.33333333333;0.0
Val-d'Oise;95;20;2023;Subventions d'équipement versées;0.0;65405.33333333333;0.0
Val-d'Oise;95;20;2023;Autres dépenses d'investissement;0.0;65405.33333333333;0.0
Val-d'Oise;95;20;2023;Dépenses d'investissement hors remb;0.0;65405.33333333333;0.0
Val-d'Oise;95;20;2023;Frais de personnel;43561329.2;65405.33333333333;666.0210563868391
Val-d'Oise;95;20;2023;Achats et charges externes;33435.68;65405.33333333333;0.5112072409997146
Val-d'Oise;95;20;2023;Dépenses d'intervention;0.0;65405.33333333333;0.0
Val-d'Oise;95;20;2023;Charges financières;0.0;65405.33333333333;0.0
Val-d'Oise;95;20;2023;Autres dépenses de fonctionnement;0.0;65405.33333333333;0.0
Val-d'Oise;95;20;2023;Dépenses de fonctionnement;43594764.88;65405.33333333333;666.5322636278388
Val-d'Oise;95;20;2023;Dépenses totales hors remb;43594764.88;65405.33333333333;666.5322636278388
France (départements + Paris + Métropole de Lyon, hors CTU);FR_OFGL;20;2023;Dépenses d'équipement;2512142.02;2630415.6666666665;0.9550361381414116
France (départements + Paris + Métropole de Lyon, hors CTU);FR_OFGL;20;2023;Subventions d'équipement versées;3666251.14;2630415.6666666665;1.3937915541105228
France (départements + Paris + Métropole de Lyon, hors CTU);FR_OFGL;20;2023;Autres dépenses d'investissement;0.0;2630415.6666666665;0.0
France (départements + Paris + Métropole de Lyon, hors CTU);FR_OFGL;20;2023;Dépenses d'investissement hors remb;6178393.16;2630415.6666666665;2.3488276922519344
France (départements + Paris + Métropole de Lyon, hors CTU);FR_OFGL;20;2023;Frais de personnel;663835508.64;2630415.6666666665;252.36905218148667
France (départements + Paris + Métropole de Lyon, hors CTU);FR_OFGL;20;2023;Achats et charges externes;6153326.88;2630415.6666666665;2.3392982934129423
France (départements + Paris + Métropole de Lyon, hors CTU);FR_OFGL;20;2023;Dépenses d'intervention;2029582.15;2630415.6666666665;0.7715822923804058
France (départements + Paris + Métropole de Lyon, hors CTU);FR_OFGL;20;2023;Charges financières;0.0;2630415.6666666665;0.0
France (départements + Paris + Métropole de Lyon, hors CTU);FR_OFGL;20;2023;Autres dépenses de fonctionnement;800165.0699999917;2630415.6666666665;0.30419719595647876
France (départements + Paris + Métropole de Lyon, hors CTU);FR_OFGL;20;2023;Dépenses de fonctionnement;672818582.74;2630415.6666666665;255.7841299632365
France (départements + Paris + Métropole de Lyon, hors CTU);FR_OFGL;20;2023;Dépenses totales hors remb;678996975.9;2630415.6666666665;258.13295765548844
Paris (Ville de Paris);75;20;2024;Dépenses d'équipement;1544783.06;52291.33333333333;29.541856394303714
Paris (Ville de Paris);75;20;2024;Subventions d'équipement versées;0.0;52291.33333333333;0.0
Paris (Ville de Paris);75;20;2024;Autres dépenses d'investissement;0.0;52291.33333333333;0.0
Paris (Ville de Paris);75;20;2024;Dépenses d'investissement hors remb;1544783.06;52291.33333333333;29.541856394303714
Paris (Ville de Paris);75;20;2024;Frais de personnel;72131486.2;52291.33333333333;1379.4157004984895
Paris (Ville de Paris);75;20;2024;Achats et charges externes;930205.1;52291.33333333333;17.788896184198784
Paris (Ville de Paris);75;20;2024;Dépenses d'intervention;66158.01;52291.33333333333;1.265181164501447
Paris (Ville de Paris);75;20;2024;Charges financières;0.0;52291.33333333333;0.0
Paris (Ville de Paris);75;20;2024;Autres dépenses de fonctionnement;969060.679999992;52291.33333333333;18.531955837168532
Paris (Ville de Paris);75;20;2024;Dépenses de fonctionnement;74096909.99;52291.33333333333;1417.0017336843582
Paris (Ville de Paris);75;20;2024;Dépenses totales hors remb;75641693.05;52291.33333333333;1446.543590078662
Seine-et-Marne;77;20;2024;Dépenses d'équipement;0.0;75178.66666666666;0.0
Seine-et-Marne;77;20;2024;Subventions d'équipement versées;0.0;75178.66666666666;0.0
Seine-et-Marne;77;20;2024;Autres dépenses d'investissement;0.0;75178.66666666666;0.0
Seine-et-Marne;77;20;2024;Dépenses d'investissement hors remb;0.0;75178.66666666666;0.0
Seine-et-Marne;77;20;2024;Frais de personnel;50430194.13;75178.66666666666;670.8045828160472
Seine-et-Marne;77;20;2024;Achats et charges externes;340508.15;75178.66666666666;4.529318822715665
Seine-et-Marne;77;20;2024;Dépenses d'intervention;0.0;75178.66666666666;0.0
Seine-et-Marne;77;20;2024;Charges financières;0.0;75178.66666666666;0.0
Seine-et-Marne;77;20;2024;Autres dépenses de fonctionnement;0.0;75178.66666666666;0.0
Seine-et-Marne;77;20;2024;Dépenses de fonctionnement;50770702.28;75178.66666666666;675.3339016387629
Seine-et-Marne;77;20;2024;Dépenses totales hors remb;50770702.28;75178.66666666666;675.3339016387629
Yvelines;78;20;2024;Dépenses d'équipement;0.0;68496.66666666666;0.0
Yvelines;78;20;2024;Subventions d'équipement versées;0.0;68496.66666666666;0.0
Yvelines;78;20;2024;Autres dépenses d'investissement;0.0;68496.66666666666;0.0
Yvelines;78;20;2024;Dépenses d'investissement hors remb;0.0;68496.66666666666;0.0
Yvelines;78;20;2024;Frais de personnel;21203839.77;68496.66666666666;309.5601698866125
Yvelines;78;20;2024;Achats et charges externes;51863.0;68496.66666666666;0.75716093240547
Yvelines;78;20;2024;Dépenses d'intervention;0.0;68496.66666666666;0.0
Yvelines;78;20;2024;Charges financières;0.0;68496.66666666666;0.0
Yvelines;78;20;2024;Autres dépenses de fonctionnement;0.0;68496.66666666666;0.0
Yvelines;78;20;2024;Dépenses de fonctionnement;21255702.77;68496.66666666666;310.31733081901797
Yvelines;78;20;2024;Dépenses totales hors remb;21255702.77;68496.66666666666;310.31733081901797
Essonne;91;20;2024;Dépenses d'équipement;0.0;65790.33333333333;0.0
Essonne;91;20;2024;Subventions d'équipement versées;0.0;65790.33333333333;0.0
Essonne;91;20;2024;Autres dépenses d'investissement;0.0;65790.33333333333;0.0
Essonne;91;20;2024;Dépenses d'investissement hors remb;0.0;65790.33333333333;0.0
Essonne;91;20;2024;Frais de personnel;0.0;65790.33333333333;0.0
Essonne;91;20;2024;Achats et charges externes;0.0;65790.33333333333;0.0
Essonne;91;20;2024;Dépenses d'intervention;0.0;65790.33333333333;0.0
Essonne;91;20;2024;Charges financières;0.0;65790.33333333333;0.0
Essonne;91;20;2024;Autres dépenses de fonctionnement;0.0;65790.33333333333;0.0
Essonne;91;20;2024;Dépenses de fonctionnement;0.0;65790.33333333333;0.0
Essonne;91;20;2024;Dépenses totales hors remb;0.0;65790.33333333333;0.0
Hauts-de-Seine;92;20;2024;Dépenses d'équipement;0.0;55972.0;0.0
Hauts-de-Seine;92;20;2024;Subventions d'équipement versées;0.0;55972.0;0.0
Hauts-de-Seine;92;20;2024;Autres dépenses d'investissement;0.0;55972.0;0.0
Hauts-de-Seine;92;20;2024;Dépenses d'investissement hors remb;0.0;55972.0;0.0
Hauts-de-Seine;92;20;2024;Frais de personnel;0.0;55972.0;0.0
Hauts-de-Seine;92;20;2024;Achats et charges externes;3152.24;55972.0;0.05631815907953976
Hauts-de-Seine;92;20;2024;Dépenses d'intervention;0.0;55972.0;0.0
Hauts-de-Seine;92;20;2024;Charges financières;0.0;55972.0;0.0
Hauts-de-Seine;92;20;2024;Autres dépenses de fonctionnement;0.0;55972.0;0.0
Hauts-de-Seine;92;20;2024;Dépenses de fonctionnement;3152.24;55972.0;0.05631815907953976
Hauts-de-Seine;92;20;2024;Dépenses totales hors remb;3152.24;55972.0;0.05631815907953976
Seine-Saint-Denis;93;20;2024;Dépenses d'équipement;0.0;78941.0;0.0
Seine-Saint-Denis;93;20;2024;Subventions d'équipement versées;0.0;78941.0;0.0
Seine-Saint-Denis;93;20;2024;Autres dépenses d'investissement;0.0;78941.0;0.0
Seine-Saint-Denis;93;20;2024;Dépenses d'investissement hors remb;0.0;78941.0;0.0
Seine-Saint-Denis;93;20;2024;Frais de personnel;0.0;78941.0;0.0
Seine-Saint-Denis;93;20;2024;Achats et charges externes;0.0;78941.0;0.0
Seine-Saint-Denis;93;20;2024;Dépenses d'intervention;0.0;78941.0;0.0
Seine-Saint-Denis;93;20;2024;Charges financières;0.0;78941.0;0.0
Seine-Saint-Denis;93;20;2024;Autres dépenses de fonctionnement;0.0;78941.0;0.0
Seine-Saint-Denis;93;20;2024;Dépenses de fonctionnement;0.0;78941.0;0.0
Seine-Saint-Denis;93;20;2024;Dépenses totales hors remb;0.0;78941.0;0.0
Val-de-Marne;94;20;2024;Dépenses d'équipement;0.0;57001.0;0.0
Val-de-Marne;94;20;2024;Subventions d'équipement versées;0.0;57001.0;0.0
Val-de-Marne;94;20;2024;Autres dépenses d'investissement;0.0;57001.0;0.0
Val-de-Marne;94;20;2024;Dépenses d'investissement hors remb;0.0;57001.0;0.0
Val-de-Marne;94;20;2024;Frais de personnel;3242364.31;57001.0;56.88258644585183
Val-de-Marne;94;20;2024;Achats et charges externes;130187.77;57001.0;2.283955895510605
Val-de-Marne;94;20;2024;Dépenses d'intervention;0.0;57001.0;0.0
Val-de-Marne;94;20;2024;Charges financières;0.0;57001.0;0.0
Val-de-Marne;94;20;2024;Autres dépenses de fonctionnement;0.0;57001.0;0.0
Val-de-Marne;94;20;2024;Dépenses de fonctionnement;3372552.08;57001.0;59.16654234136244
Val-de-Marne;94;20;2024;Dépenses totales hors remb;3372552.08;57001.0;59.16654234136244
Val-d'Oise;95;20;2024;Dépenses d'équipement;0.0;66037.33333333333;0.0
Val-d'Oise;95;20;2024;Subventions d'équipement versées;0.0;66037.33333333333;0.0
Val-d'Oise;95;20;2024;Autres dépenses d'investissement;0.0;66037.33333333333;0.0
Val-d'Oise;95;20;2024;Dépenses d'investissement hors remb;0.0;66037.33333333333;0.0
Val-d'Oise;95;20;2024;Frais de personnel;44463902.29;66037.33333333333;673.3146244043774
Val-d'Oise;95;20;2024;Achats et charges externes;35000.19;66037.33333333333;0.5300061076562753
Val-d'Oise;95;20;2024;Dépenses d'intervention;0.0;66037.33333333333;0.0
Val-d'Oise;95;20;2024;Charges financières;0.0;66037.33333333333;0.0
Val-d'Oise;95;20;2024;Autres dépenses de fonctionnement;0.0;66037.33333333333;0.0
Val-d'Oise;95;20;2024;Dépenses de fonctionnement;44498902.48;66037.33333333333;673.8446305120336
Val-d'Oise;95;20;2024;Dépenses totales hors remb;44498902.48;66037.33333333333;673.8446305120336
France (départements + Paris + Métropole de Lyon, hors CTU);FR_OFGL;20;2024;Dépenses d'équipement;4764594.67;2620273.333333333;1.818357882510985
France (départements + Paris + Métropole de Lyon, hors CTU);FR_OFGL;20;2024;Subventions d'équipement versées;4511237.15;2620273.333333333;1.7216666263824898
France (départements + Paris + Métropole de Lyon, hors CTU);FR_OFGL;20;2024;Autres dépenses d'investissement;0.0;2620273.333333333;0.0
France (départements + Paris + Métropole de Lyon, hors CTU);FR_OFGL;20;2024;Dépenses d'investissement hors remb;9275831.82;2620273.333333333;3.5400245088934748
France (départements + Paris + Métropole de Lyon, hors CTU);FR_OFGL;20;2024;Frais de personnel;689731679.24;2620273.333333333;263.2289045824736
France (départements + Paris + Métropole de Lyon, hors CTU);FR_OFGL;20;2024;Achats et charges externes;5240502.69;2620273.333333333;1.999983216763646
France (départements + Paris + Métropole de Lyon, hors CTU);FR_OFGL;20;2024;Dépenses d'intervention;6080314.4799999995;2620273.333333333;2.320488630957076
France (départements + Paris + Métropole de Lyon, hors CTU);FR_OFGL;20;2024;Charges financières;0.0;2620273.333333333;0.0
France (départements + Paris + Métropole de Lyon, hors CTU);FR_OFGL;20;2024;Autres dépenses de fonctionnement;1218051.6499999962;2620273.333333333;0.46485671342175355
France (départements + Paris + Métropole de Lyon, hors CTU);FR_OFGL;20;2024;Dépenses de fonctionnement;702270548.06;2620273.333333333;268.0142331436161
France (départements + Paris + Métropole de Lyon, hors CTU);FR_OFGL;20;2024;Dépenses totales hors remb;711546379.88;2620273.333333333;271.5542576525096
Paris (Ville de Paris);75;20;2025;Dépenses d'équipement;1863479.17;50731.99999999999;36.73182941733029
Paris (Ville de Paris);75;20;2025;Subventions d'équipement versées;0.0;50731.99999999999;0.0
Paris (Ville de Paris);75;20;2025;Autres dépenses d'investissement;0.0;50731.99999999999;0.0
Paris (Ville de Paris);75;20;2025;Dépenses d'investissement hors remb;1863479.17;50731.99999999999;36.73182941733029
Paris (Ville de Paris);75;20;2025;Frais de personnel;76204907.27;50731.99999999999;1502.1072946069544
Paris (Ville de Paris);75;20;2025;Achats et charges externes;943476.78;50731.99999999999;18.597271544587247
Paris (Ville de Paris);75;20;2025;Dépenses d'intervention;81832.52;50731.99999999999;1.6130355594102346
Paris (Ville de Paris);75;20;2025;Charges financières;0.0;50731.99999999999;0.0
Paris (Ville de Paris);75;20;2025;Autres dépenses de fonctionnement;902602.460000008;50731.99999999999;17.791580462035956
Paris (Ville de Paris);75;20;2025;Dépenses de fonctionnement;78132819.03;50731.99999999999;1540.1091821729876
Paris (Ville de Paris);75;20;2025;Dépenses totales hors remb;79996298.2;50731.99999999999;1576.841011590318
Seine-et-Marne;77;20;2025;Dépenses d'équipement;0.0;75282.0;0.0
Seine-et-Marne;77;20;2025;Subventions d'équipement versées;0.0;75282.0;0.0
Seine-et-Marne;77;20;2025;Autres dépenses d'investissement;0.0;75282.0;0.0
Seine-et-Marne;77;20;2025;Dépenses d'investissement hors remb;0.0;75282.0;0.0
Seine-et-Marne;77;20;2025;Frais de personnel;41156387.53;75282.0;546.6962558114822
Seine-et-Marne;77;20;2025;Achats et charges externes;65370.01;75282.0;0.8683351930076247
Seine-et-Marne;77;20;2025;Dépenses d'intervention;0.0;75282.0;0.0
Seine-et-Marne;77;20;2025;Charges financières;0.0;75282.0;0.0
Seine-et-Marne;77;20;2025;Autres dépenses de fonctionnement;7.45058059692383e-09;75282.0;9.896895136850548e-14
Seine-et-Marne;77;20;2025;Dépenses de fonctionnement;41221757.54;75282.0;547.5645910044898
Seine-et-Marne;77;20;2025;Dépenses totales hors remb;41221757.54;75282.0;547.5645910044898
Yvelines;78;20;2025;Dépenses d'équipement;0.0;68174.0;0.0
Yvelines;78;20;2025;Subventions d'équipement versées;0.0;68174.0;0.0
Yvelines;78;20;2025;Autres dépenses d'investissement;0.0;68174.0;0.0
Yvelines;78;20;2025;Dépenses d'investissement hors remb;0.0;68174.0;0.0
Yvelines;78;20;2025;Frais de personnel;20624539.56;68174.0;302.52793675008064
Yvelines;78;20;2025;Achats et charges externes;52214.94;68174.0;0.7659069439962449
Yvelines;78;20;2025;Dépenses d'intervention;0.0;68174.0;0.0
Yvelines;78;20;2025;Charges financières;0.0;68174.0;0.0
Yvelines;78;20;2025;Autres dépenses de fonctionnement;0.0;68174.0;0.0
Yvelines;78;20;2025;Dépenses de fonctionnement;20676754.5;68174.0;303.29384369407694
Yvelines;78;20;2025;Dépenses totales hors remb;20676754.5;68174.0;303.29384369407694
Essonne;91;20;2025;Dépenses d'équipement;0.0;66111.0;0.0
Essonne;91;20;2025;Subventions d'équipement versées;0.0;66111.0;0.0
Essonne;91;20;2025;Autres dépenses d'investissement;0.0;66111.0;0.0
Essonne;91;20;2025;Dépenses d'investissement hors remb;0.0;66111.0;0.0
Essonne;91;20;2025;Frais de personnel;0.0;66111.0;0.0
Essonne;91;20;2025;Achats et charges externes;0.0;66111.0;0.0
Essonne;91;20;2025;Dépenses d'intervention;0.0;66111.0;0.0
Essonne;91;20;2025;Charges financières;0.0;66111.0;0.0
Essonne;91;20;2025;Autres dépenses de fonctionnement;0.0;66111.0;0.0
Essonne;91;20;2025;Dépenses de fonctionnement;0.0;66111.0;0.0
Essonne;91;20;2025;Dépenses totales hors remb;0.0;66111.0;0.0
Hauts-de-Seine;92;20;2025;Dépenses d'équipement;0.0;55232.0;0.0
Hauts-de-Seine;92;20;2025;Subventions d'équipement versées;0.0;55232.0;0.0
Hauts-de-Seine;92;20;2025;Autres dépenses d'investissement;0.0;55232.0;0.0
Hauts-de-Seine;92;20;2025;Dépenses d'investissement hors remb;0.0;55232.0;0.0
Hauts-de-Seine;92;20;2025;Frais de personnel;0.0;55232.0;0.0
Hauts-de-Seine;92;20;2025;Achats et charges externes;78509.8;55232.0;1.421454953650058
Hauts-de-Seine;92;20;2025;Dépenses d'intervention;0.0;55232.0;0.0
Hauts-de-Seine;92;20;2025;Charges financières;0.0;55232.0;0.0
Hauts-de-Seine;92;20;2025;Autres dépenses de fonctionnement;0.0;55232.0;0.0
Hauts-de-Seine;92;20;2025;Dépenses de fonctionnement;78509.8;55232.0;1.421454953650058
Hauts-de-Seine;92;20;2025;Dépenses totales hors remb;78509.8;55232.0;1.421454953650058
Seine-Saint-Denis;93;20;2025;Dépenses d'équipement;0.0;79017.66666666666;0.0
Seine-Saint-Denis;93;20;2025;Subventions d'équipement versées;0.0;79017.66666666666;0.0
Seine-Saint-Denis;93;20;2025;Autres dépenses d'investissement;0.0;79017.66666666666;0.0
Seine-Saint-Denis;93;20;2025;Dépenses d'investissement hors remb;0.0;79017.66666666666;0.0
Seine-Saint-Denis;93;20;2025;Frais de personnel;0.0;79017.66666666666;0.0
Seine-Saint-Denis;93;20;2025;Achats et charges externes;0.0;79017.66666666666;0.0
Seine-Saint-Denis;93;20;2025;Dépenses d'intervention;0.0;79017.66666666666;0.0
Seine-Saint-Denis;93;20;2025;Charges financières;0.0;79017.66666666666;0.0
Seine-Saint-Denis;93;20;2025;Autres dépenses de fonctionnement;0.0;79017.66666666666;0.0
Seine-Saint-Denis;93;20;2025;Dépenses de fonctionnement;0.0;79017.66666666666;0.0
Seine-Saint-Denis;93;20;2025;Dépenses totales hors remb;0.0;79017.66666666666;0.0
Val-de-Marne;94;20;2025;Dépenses d'équipement;0.0;56929.666666666664;0.0
Val-de-Marne;94;20;2025;Subventions d'équipement versées;0.0;56929.666666666664;0.0
Val-de-Marne;94;20;2025;Autres dépenses d'investissement;0.0;56929.666666666664;0.0
Val-de-Marne;94;20;2025;Dépenses d'investissement hors remb;0.0;56929.666666666664;0.0
Val-de-Marne;94;20;2025;Frais de personnel;3362471.08;56929.666666666664;59.06360034896861
Val-de-Marne;94;20;2025;Achats et charges externes;109893.18;56929.666666666664;1.930332398456575
Val-de-Marne;94;20;2025;Dépenses d'intervention;0.0;56929.666666666664;0.0
Val-de-Marne;94;20;2025;Charges financières;0.0;56929.666666666664;0.0
Val-de-Marne;94;20;2025;Autres dépenses de fonctionnement;0.0;56929.666666666664;0.0
Val-de-Marne;94;20;2025;Dépenses de fonctionnement;3472364.26;56929.666666666664;60.993932747425184
Val-de-Marne;94;20;2025;Dépenses totales hors remb;3472364.26;56929.666666666664;60.993932747425184
Val-d'Oise;95;20;2025;Dépenses d'équipement;0.0;66558.0;0.0
Val-d'Oise;95;20;2025;Subventions d'équipement versées;0.0;66558.0;0.0
Val-d'Oise;95;20;2025;Autres dépenses d'investissement;0.0;66558.0;0.0
Val-d'Oise;95;20;2025;Dépenses d'investissement hors remb;0.0;66558.0;0.0
Val-d'Oise;95;20;2025;Frais de personnel;489321.99;66558.0;7.351813305688272
Val-d'Oise;95;20;2025;Achats et charges externes;32829.78;66558.0;0.4932506986387812
Val-d'Oise;95;20;2025;Dépenses d'intervention;0.0;66558.0;0.0
Val-d'Oise;95;20;2025;Charges financières;0.0;66558.0;0.0
Val-d'Oise;95;20;2025;Autres dépenses de fonctionnement;-5.82076609134674e-11;66558.0;-8.745404145777728e-16
Val-d'Oise;95;20;2025;Dépenses de fonctionnement;522151.77;66558.0;7.845064004327053
Val-d'Oise;95;20;2025;Dépenses totales hors remb;522151.77;66558.0;7.845064004327053
France (départements + Paris + Métropole de Lyon, hors CTU);FR_OFGL;20;2025;Dépenses d'équipement;3695684.65;2601522.0;1.4205855841311354
France (départements + Paris + Métropole de Lyon, hors CTU);FR_OFGL;20;2025;Subventions d'équipement versées;6208123.93;2601522.0;2.3863430445716007
France (départements + Paris + Métropole de Lyon, hors CTU);FR_OFGL;20;2025;Autres dépenses d'investissement;0.0;2601522.0;0.0
France (départements + Paris + Métropole de Lyon, hors CTU);FR_OFGL;20;2025;Dépenses d'investissement hors remb;9903808.58;2601522.0;3.806928628702736
France (départements + Paris + Métropole de Lyon, hors CTU);FR_OFGL;20;2025;Frais de personnel;646113526.64;2601522.0;248.35981653816495
France (départements + Paris + Métropole de Lyon, hors CTU);FR_OFGL;20;2025;Achats et charges externes;5117845.65;2601522.0;1.967250574855796
France (départements + Paris + Métropole de Lyon, hors CTU);FR_OFGL;20;2025;Dépenses d'intervention;3498844.67;2601522.0;1.344922191701627
France (départements + Paris + Métropole de Lyon, hors CTU);FR_OFGL;20;2025;Charges financières;0.0;2601522.0;0.0
France (départements + Paris + Métropole de Lyon, hors CTU);FR_OFGL;20;2025;Autres dépenses de fonctionnement;1150652.0200000224;2601522.0;0.442299553876547
France (départements + Paris + Métropole de Lyon, hors CTU);FR_OFGL;20;2025;Dépenses de fonctionnement;655880868.98;2601522.0;252.11428885859894
France (départements + Paris + Métropole de Lyon, hors CTU);FR_OFGL;20;2025;Dépenses totales hors remb;665784677.56;2601522.0;255.92121748730165
Paris (Ville de Paris);75;201;2022;Dépenses d'équipement;878274.76;55012.33333333333;15.965051958045773
Paris (Ville de Paris);75;201;2022;Subventions d'équipement versées;0.0;55012.33333333333;0.0
Paris (Ville de Paris);75;201;2022;Autres dépenses d'investissement;0.0;55012.33333333333;0.0
Paris (Ville de Paris);75;201;2022;Dépenses d'investissement hors remb;878274.76;55012.33333333333;15.965051958045773
Paris (Ville de Paris);75;201;2022;Frais de personnel;61771554.56;55012.33333333333;1122.8673793149417
Paris (Ville de Paris);75;201;2022;Achats et charges externes;969703.66;55012.33333333333;17.62702291001412
Paris (Ville de Paris);75;201;2022;Dépenses d'intervention;103080.49;55012.33333333333;1.8737705484224751
Paris (Ville de Paris);75;201;2022;Charges financières;0.0;55012.33333333333;0.0
Paris (Ville de Paris);75;201;2022;Autres dépenses de fonctionnement;58080.8299999982;55012.33333333333;1.0557783406144963
Paris (Ville de Paris);75;201;2022;Dépenses de fonctionnement;62902419.54;55012.33333333333;1143.4239511139926
Paris (Ville de Paris);75;201;2022;Dépenses totales hors remb;63780694.3;55012.33333333333;1159.3890030720383
Seine-et-Marne;77;201;2022;Dépenses d'équipement;0.0;74443.33333333333;0.0
Seine-et-Marne;77;201;2022;Subventions d'équipement versées;0.0;74443.33333333333;0.0
Seine-et-Marne;77;201;2022;Autres dépenses d'investissement;0.0;74443.33333333333;0.0
Seine-et-Marne;77;201;2022;Dépenses d'investissement hors remb;0.0;74443.33333333333;0.0
Seine-et-Marne;77;201;2022;Frais de personnel;0.0;74443.33333333333;0.0
Seine-et-Marne;77;201;2022;Achats et charges externes;0.0;74443.33333333333;0.0
Seine-et-Marne;77;201;2022;Dépenses d'intervention;0.0;74443.33333333333;0.0
Seine-et-Marne;77;201;2022;Charges financières;0.0;74443.33333333333;0.0
Seine-et-Marne;77;201;2022;Autres dépenses de fonctionnement;0.0;74443.33333333333;0.0
Seine-et-Marne;77;201;2022;Dépenses de fonctionnement;0.0;74443.33333333333;0.0
Seine-et-Marne;77;201;2022;Dépenses totales hors remb;0.0;74443.33333333333;0.0
Yvelines;78;201;2022;Dépenses d'équipement;0.0;68006.0;0.0
Yvelines;78;201;2022;Subventions d'équipement versées;0.0;68006.0;0.0
Yvelines;78;201;2022;Autres dépenses d'investissement;0.0;68006.0;0.0
Yvelines;78;201;2022;Dépenses d'investissement hors remb;0.0;68006.0;0.0
Yvelines;78;201;2022;Frais de personnel;0.0;68006.0;0.0
Yvelines;78;201;2022;Achats et charges externes;0.0;68006.0;0.0
Yvelines;78;201;2022;Dépenses d'intervention;0.0;68006.0;0.0
Yvelines;78;201;2022;Charges financières;0.0;68006.0;0.0
Yvelines;78;201;2022;Autres dépenses de fonctionnement;0.0;68006.0;0.0
Yvelines;78;201;2022;Dépenses de fonctionnement;0.0;68006.0;0.0
Yvelines;78;201;2022;Dépenses totales hors remb;0.0;68006.0;0.0
Essonne;91;201;2022;Dépenses d'équipement;0.0;64866.33333333333;0.0
Essonne;91;201;2022;Subventions d'équipement versées;0.0;64866.33333333333;0.0
Essonne;91;201;2022;Autres dépenses d'investissement;0.0;64866.33333333333;0.0
Essonne;91;201;2022;Dépenses d'investissement hors remb;0.0;64866.33333333333;0.0
Essonne;91;201;2022;Frais de personnel;0.0;64866.33333333333;0.0
Essonne;91;201;2022;Achats et charges externes;0.0;64866.33333333333;0.0
Essonne;91;201;2022;Dépenses d'intervention;0.0;64866.33333333333;0.0
Essonne;91;201;2022;Charges financières;0.0;64866.33333333333;0.0
Essonne;91;201;2022;Autres dépenses de fonctionnement;0.0;64866.33333333333;0.0
Essonne;91;201;2022;Dépenses de fonctionnement;0.0;64866.33333333333;0.0
Essonne;91;201;2022;Dépenses totales hors remb;0.0;64866.33333333333;0.0
Hauts-de-Seine;92;201;2022;Dépenses d'équipement;0.0;56958.33333333333;0.0
Hauts-de-Seine;92;201;2022;Subventions d'équipement versées;0.0;56958.33333333333;0.0
Hauts-de-Seine;92;201;2022;Autres dépenses d'investissement;0.0;56958.33333333333;0.0
Hauts-de-Seine;92;201;2022;Dépenses d'investissement hors remb;0.0;56958.33333333333;0.0
Hauts-de-Seine;92;201;2022;Frais de personnel;0.0;56958.33333333333;0.0
Hauts-de-Seine;92;201;2022;Achats et charges externes;0.0;56958.33333333333;0.0
Hauts-de-Seine;92;201;2022;Dépenses d'intervention;0.0;56958.33333333333;0.0
Hauts-de-Seine;92;201;2022;Charges financières;0.0;56958.33333333333;0.0
Hauts-de-Seine;92;201;2022;Autres dépenses de fonctionnement;0.0;56958.33333333333;0.0
Hauts-de-Seine;92;201;2022;Dépenses de fonctionnement;0.0;56958.33333333333;0.0
Hauts-de-Seine;92;201;2022;Dépenses totales hors remb;0.0;56958.33333333333;0.0
Seine-Saint-Denis;93;201;2022;Dépenses d'équipement;0.0;78636.0;0.0
Seine-Saint-Denis;93;201;2022;Subventions d'équipement versées;0.0;78636.0;0.0
Seine-Saint-Denis;93;201;2022;Autres dépenses d'investissement;0.0;78636.0;0.0
Seine-Saint-Denis;93;201;2022;Dépenses d'investissement hors remb;0.0;78636.0;0.0
Seine-Saint-Denis;93;201;2022;Frais de personnel;0.0;78636.0;0.0
Seine-Saint-Denis;93;201;2022;Achats et charges externes;0.0;78636.0;0.0
Seine-Saint-Denis;93;201;2022;Dépenses d'intervention;0.0;78636.0;0.0
Seine-Saint-Denis;93;201;2022;Charges financières;0.0;78636.0;0.0
Seine-Saint-Denis;93;201;2022;Autres dépenses de fonctionnement;0.0;78636.0;0.0
Seine-Saint-Denis;93;201;2022;Dépenses de fonctionnement;0.0;78636.0;0.0
Seine-Saint-Denis;93;201;2022;Dépenses totales hors remb;0.0;78636.0;0.0
Val-de-Marne;94;201;2022;Dépenses d'équipement;0.0;56561.33333333333;0.0
Val-de-Marne;94;201;2022;Subventions d'équipement versées;0.0;56561.33333333333;0.0
Val-de-Marne;94;201;2022;Autres dépenses d'investissement;0.0;56561.33333333333;0.0
Val-de-Marne;94;201;2022;Dépenses d'investissement hors remb;0.0;56561.33333333333;0.0
Val-de-Marne;94;201;2022;Frais de personnel;0.0;56561.33333333333;0.0
Val-de-Marne;94;201;2022;Achats et charges externes;0.0;56561.33333333333;0.0
Val-de-Marne;94;201;2022;Dépenses d'intervention;0.0;56561.33333333333;0.0
Val-de-Marne;94;201;2022;Charges financières;0.0;56561.33333333333;0.0
Val-de-Marne;94;201;2022;Autres dépenses de fonctionnement;0.0;56561.33333333333;0.0
Val-de-Marne;94;201;2022;Dépenses de fonctionnement;0.0;56561.33333333333;0.0
Val-de-Marne;94;201;2022;Dépenses totales hors remb;0.0;56561.33333333333;0.0
Val-d'Oise;95;201;2022;Dépenses d'équipement;0.0;64621.666666666664;0.0
Val-d'Oise;95;201;2022;Subventions d'équipement versées;0.0;64621.666666666664;0.0
Val-d'Oise;95;201;2022;Autres dépenses d'investissement;0.0;64621.666666666664;0.0
Val-d'Oise;95;201;2022;Dépenses d'investissement hors remb;0.0;64621.666666666664;0.0
Val-d'Oise;95;201;2022;Frais de personnel;0.0;64621.666666666664;0.0
Val-d'Oise;95;201;2022;Achats et charges externes;0.0;64621.666666666664;0.0
Val-d'Oise;95;201;2022;Dépenses d'intervention;0.0;64621.666666666664;0.0
Val-d'Oise;95;201;2022;Charges financières;0.0;64621.666666666664;0.0
Val-d'Oise;95;201;2022;Autres dépenses de fonctionnement;0.0;64621.666666666664;0.0
Val-d'Oise;95;201;2022;Dépenses de fonctionnement;0.0;64621.666666666664;0.0
Val-d'Oise;95;201;2022;Dépenses totales hors remb;0.0;64621.666666666664;0.0
France (départements + Paris + Métropole de Lyon, hors CTU);FR_OFGL;201;2022;Dépenses d'équipement;1469659.8;2629587.6666666665;0.5588936313589342
France (départements + Paris + Métropole de Lyon, hors CTU);FR_OFGL;201;2022;Subventions d'équipement versées;1367416.0;2629587.6666666665;0.5200115658183673
France (départements + Paris + Métropole de Lyon, hors CTU);FR_OFGL;201;2022;Autres dépenses d'investissement;0.0;2629587.6666666665;0.0
France (départements + Paris + Métropole de Lyon, hors CTU);FR_OFGL;201;2022;Dépenses d'investissement hors remb;2837075.8;2629587.6666666665;1.0789051971773014
France (départements + Paris + Métropole de Lyon, hors CTU);FR_OFGL;201;2022;Frais de personnel;219038531.1;2629587.6666666665;83.297672055809
France (départements + Paris + Métropole de Lyon, hors CTU);FR_OFGL;201;2022;Achats et charges externes;1728567.68;2629587.6666666665;0.6573531287478152
France (départements + Paris + Métropole de Lyon, hors CTU);FR_OFGL;201;2022;Dépenses d'intervention;181902.66999999998;2629587.6666666665;0.06917535867156865
France (départements + Paris + Métropole de Lyon, hors CTU);FR_OFGL;201;2022;Charges financières;0.0;2629587.6666666665;0.0
France (départements + Paris + Métropole de Lyon, hors CTU);FR_OFGL;201;2022;Autres dépenses de fonctionnement;84813.12999999964;2629587.6666666665;0.03225339511403739
France (départements + Paris + Métropole de Lyon, hors CTU);FR_OFGL;201;2022;Dépenses de fonctionnement;221033814.58;2629587.6666666665;84.05645393834243
France (départements + Paris + Métropole de Lyon, hors CTU);FR_OFGL;201;2022;Dépenses totales hors remb;223870890.38;2629587.6666666665;85.13535913551974
Paris (Ville de Paris);75;201;2023;Dépenses d'équipement;900383.92;53734.66666666666;16.75610878141982
Paris (Ville de Paris);75;201;2023;Subventions d'équipement versées;0.0;53734.66666666666;0.0
Paris (Ville de Paris);75;201;2023;Autres dépenses d'investissement;0.0;53734.66666666666;0.0
Paris (Ville de Paris);75;201;2023;Dépenses d'investissement hors remb;900383.92;53734.66666666666;16.75610878141982
Paris (Ville de Paris);75;201;2023;Frais de personnel;67150908.63;53734.66666666666;1249.675726967073
Paris (Ville de Paris);75;201;2023;Achats et charges externes;1101768.69;53734.66666666666;20.50387130592293
Paris (Ville de Paris);75;201;2023;Dépenses d'intervention;50159.62;53734.66666666666;0.9334685243542346
Paris (Ville de Paris);75;201;2023;Charges financières;0.0;53734.66666666666;0.0
Paris (Ville de Paris);75;201;2023;Autres dépenses de fonctionnement;755262.019999996;53734.66666666666;14.055396019949804
Paris (Ville de Paris);75;201;2023;Dépenses de fonctionnement;69058098.96;53734.66666666666;1285.1684628173
Paris (Ville de Paris);75;201;2023;Dépenses totales hors remb;69958482.88;53734.66666666666;1301.9245715987197
Seine-et-Marne;77;201;2023;Dépenses d'équipement;0.0;74761.0;0.0
Seine-et-Marne;77;201;2023;Subventions d'équipement versées;0.0;74761.0;0.0
Seine-et-Marne;77;201;2023;Autres dépenses d'investissement;0.0;74761.0;0.0
Seine-et-Marne;77;201;2023;Dépenses d'investissement hors remb;0.0;74761.0;0.0
Seine-et-Marne;77;201;2023;Frais de personnel;0.0;74761.0;0.0
Seine-et-Marne;77;201;2023;Achats et charges externes;0.0;74761.0;0.0
Seine-et-Marne;77;201;2023;Dépenses d'intervention;0.0;74761.0;0.0
Seine-et-Marne;77;201;2023;Charges financières;0.0;74761.0;0.0
Seine-et-Marne;77;201;2023;Autres dépenses de fonctionnement;0.0;74761.0;0.0
Seine-et-Marne;77;201;2023;Dépenses de fonctionnement;0.0;74761.0;0.0
Seine-et-Marne;77;201;2023;Dépenses totales hors remb;0.0;74761.0;0.0
Yvelines;78;201;2023;Dépenses d'équipement;0.0;68350.33333333333;0.0
Yvelines;78;201;2023;Subventions d'équipement versées;0.0;68350.33333333333;0.0
Yvelines;78;201;2023;Autres dépenses d'investissement;0.0;68350.33333333333;0.0
Yvelines;78;201;2023;Dépenses d'investissement hors remb;0.0;68350.33333333333;0.0
Yvelines;78;201;2023;Frais de personnel;0.0;68350.33333333333;0.0
Yvelines;78;201;2023;Achats et charges externes;0.0;68350.33333333333;0.0
Yvelines;78;201;2023;Dépenses d'intervention;0.0;68350.33333333333;0.0
Yvelines;78;201;2023;Charges financières;0.0;68350.33333333333;0.0
Yvelines;78;201;2023;Autres dépenses de fonctionnement;0.0;68350.33333333333;0.0
Yvelines;78;201;2023;Dépenses de fonctionnement;0.0;68350.33333333333;0.0
Yvelines;78;201;2023;Dépenses totales hors remb;0.0;68350.33333333333;0.0
Essonne;91;201;2023;Dépenses d'équipement;0.0;65510.99999999999;0.0
Essonne;91;201;2023;Subventions d'équipement versées;0.0;65510.99999999999;0.0
Essonne;91;201;2023;Autres dépenses d'investissement;0.0;65510.99999999999;0.0
Essonne;91;201;2023;Dépenses d'investissement hors remb;0.0;65510.99999999999;0.0
Essonne;91;201;2023;Frais de personnel;0.0;65510.99999999999;0.0
Essonne;91;201;2023;Achats et charges externes;0.0;65510.99999999999;0.0
Essonne;91;201;2023;Dépenses d'intervention;0.0;65510.99999999999;0.0
Essonne;91;201;2023;Charges financières;0.0;65510.99999999999;0.0
Essonne;91;201;2023;Autres dépenses de fonctionnement;0.0;65510.99999999999;0.0
Essonne;91;201;2023;Dépenses de fonctionnement;0.0;65510.99999999999;0.0
Essonne;91;201;2023;Dépenses totales hors remb;0.0;65510.99999999999;0.0
Hauts-de-Seine;92;201;2023;Dépenses d'équipement;0.0;56433.33333333333;0.0
Hauts-de-Seine;92;201;2023;Subventions d'équipement versées;0.0;56433.33333333333;0.0
Hauts-de-Seine;92;201;2023;Autres dépenses d'investissement;0.0;56433.33333333333;0.0
Hauts-de-Seine;92;201;2023;Dépenses d'investissement hors remb;0.0;56433.33333333333;0.0
Hauts-de-Seine;92;201;2023;Frais de personnel;0.0;56433.33333333333;0.0
Hauts-de-Seine;92;201;2023;Achats et charges externes;0.0;56433.33333333333;0.0
Hauts-de-Seine;92;201;2023;Dépenses d'intervention;0.0;56433.33333333333;0.0
Hauts-de-Seine;92;201;2023;Charges financières;0.0;56433.33333333333;0.0
Hauts-de-Seine;92;201;2023;Autres dépenses de fonctionnement;0.0;56433.33333333333;0.0
Hauts-de-Seine;92;201;2023;Dépenses de fonctionnement;0.0;56433.33333333333;0.0
Hauts-de-Seine;92;201;2023;Dépenses totales hors remb;0.0;56433.33333333333;0.0
Seine-Saint-Denis;93;201;2023;Dépenses d'équipement;0.0;78903.33333333333;0.0
Seine-Saint-Denis;93;201;2023;Subventions d'équipement versées;0.0;78903.33333333333;0.0
Seine-Saint-Denis;93;201;2023;Autres dépenses d'investissement;0.0;78903.33333333333;0.0
Seine-Saint-Denis;93;201;2023;Dépenses d'investissement hors remb;0.0;78903.33333333333;0.0
Seine-Saint-Denis;93;201;2023;Frais de personnel;0.0;78903.33333333333;0.0
Seine-Saint-Denis;93;201;2023;Achats et charges externes;0.0;78903.33333333333;0.0
Seine-Saint-Denis;93;201;2023;Dépenses d'intervention;0.0;78903.33333333333;0.0
Seine-Saint-Denis;93;201;2023;Charges financières;0.0;78903.33333333333;0.0
Seine-Saint-Denis;93;201;2023;Autres dépenses de fonctionnement;0.0;78903.33333333333;0.0
Seine-Saint-Denis;93;201;2023;Dépenses de fonctionnement;0.0;78903.33333333333;0.0
Seine-Saint-Denis;93;201;2023;Dépenses totales hors remb;0.0;78903.33333333333;0.0
Val-de-Marne;94;201;2023;Dépenses d'équipement;0.0;56841.666666666664;0.0
Val-de-Marne;94;201;2023;Subventions d'équipement versées;0.0;56841.666666666664;0.0
Val-de-Marne;94;201;2023;Autres dépenses d'investissement;0.0;56841.666666666664;0.0
Val-de-Marne;94;201;2023;Dépenses d'investissement hors remb;0.0;56841.666666666664;0.0
Val-de-Marne;94;201;2023;Frais de personnel;0.0;56841.666666666664;0.0
Val-de-Marne;94;201;2023;Achats et charges externes;0.0;56841.666666666664;0.0
Val-de-Marne;94;201;2023;Dépenses d'intervention;0.0;56841.666666666664;0.0
Val-de-Marne;94;201;2023;Charges financières;0.0;56841.666666666664;0.0
Val-de-Marne;94;201;2023;Autres dépenses de fonctionnement;0.0;56841.666666666664;0.0
Val-de-Marne;94;201;2023;Dépenses de fonctionnement;0.0;56841.666666666664;0.0
Val-de-Marne;94;201;2023;Dépenses totales hors remb;0.0;56841.666666666664;0.0
Val-d'Oise;95;201;2023;Dépenses d'équipement;0.0;65405.33333333333;0.0
Val-d'Oise;95;201;2023;Subventions d'équipement versées;0.0;65405.33333333333;0.0
Val-d'Oise;95;201;2023;Autres dépenses d'investissement;0.0;65405.33333333333;0.0
Val-d'Oise;95;201;2023;Dépenses d'investissement hors remb;0.0;65405.33333333333;0.0
Val-d'Oise;95;201;2023;Frais de personnel;0.0;65405.33333333333;0.0
Val-d'Oise;95;201;2023;Achats et charges externes;0.0;65405.33333333333;0.0
Val-d'Oise;95;201;2023;Dépenses d'intervention;0.0;65405.33333333333;0.0
Val-d'Oise;95;201;2023;Charges financières;0.0;65405.33333333333;0.0
Val-d'Oise;95;201;2023;Autres dépenses de fonctionnement;0.0;65405.33333333333;0.0
Val-d'Oise;95;201;2023;Dépenses de fonctionnement;0.0;65405.33333333333;0.0
Val-d'Oise;95;201;2023;Dépenses totales hors remb;0.0;65405.33333333333;0.0
France (départements + Paris + Métropole de Lyon, hors CTU);FR_OFGL;201;2023;Dépenses d'équipement;2148549.94;2630415.6666666665;0.8168100453578503
France (départements + Paris + Métropole de Lyon, hors CTU);FR_OFGL;201;2023;Subventions d'équipement versées;2664373.44;2630415.6666666665;1.0129096605390757
France (départements + Paris + Métropole de Lyon, hors CTU);FR_OFGL;201;2023;Autres dépenses d'investissement;0.0;2630415.6666666665;0.0
France (départements + Paris + Métropole de Lyon, hors CTU);FR_OFGL;201;2023;Dépenses d'investissement hors remb;4812923.38;2630415.6666666665;1.8297197058969261
France (départements + Paris + Métropole de Lyon, hors CTU);FR_OFGL;201;2023;Frais de personnel;315184942.27;2630415.6666666665;119.82324552887522
France (départements + Paris + Métropole de Lyon, hors CTU);FR_OFGL;201;2023;Achats et charges externes;2774873.27;2630415.6666666665;1.0549181656587356
France (départements + Paris + Métropole de Lyon, hors CTU);FR_OFGL;201;2023;Dépenses d'intervention;652717.17;2630415.6666666665;0.24814221503901732
France (départements + Paris + Métropole de Lyon, hors CTU);FR_OFGL;201;2023;Charges financières;0.0;2630415.6666666665;0.0
France (départements + Paris + Métropole de Lyon, hors CTU);FR_OFGL;201;2023;Autres dépenses de fonctionnement;787139.7600000037;2630415.6666666665;0.29924538922682453
France (départements + Paris + Métropole de Lyon, hors CTU);FR_OFGL;201;2023;Dépenses de fonctionnement;319399672.47;2630415.6666666665;121.42555129879982
France (départements + Paris + Métropole de Lyon, hors CTU);FR_OFGL;201;2023;Dépenses totales hors remb;324212595.84999996;2630415.6666666665;123.25527100469672
Paris (Ville de Paris);75;201;2024;Dépenses d'équipement;1544783.06;52291.33333333333;29.541856394303714
Paris (Ville de Paris);75;201;2024;Subventions d'équipement versées;0.0;52291.33333333333;0.0
Paris (Ville de Paris);75;201;2024;Autres dépenses d'investissement;0.0;52291.33333333333;0.0
Paris (Ville de Paris);75;201;2024;Dépenses d'investissement hors remb;1544783.06;52291.33333333333;29.541856394303714
Paris (Ville de Paris);75;201;2024;Frais de personnel;72131486.2;52291.33333333333;1379.4157004984895
Paris (Ville de Paris);75;201;2024;Achats et charges externes;930205.1;52291.33333333333;17.788896184198784
Paris (Ville de Paris);75;201;2024;Dépenses d'intervention;66158.01;52291.33333333333;1.265181164501447
Paris (Ville de Paris);75;201;2024;Charges financières;0.0;52291.33333333333;0.0
Paris (Ville de Paris);75;201;2024;Autres dépenses de fonctionnement;969060.679999992;52291.33333333333;18.531955837168532
Paris (Ville de Paris);75;201;2024;Dépenses de fonctionnement;74096909.99;52291.33333333333;1417.0017336843582
Paris (Ville de Paris);75;201;2024;Dépenses totales hors remb;75641693.05;52291.33333333333;1446.543590078662
Seine-et-Marne;77;201;2024;Dépenses d'équipement;0.0;75178.66666666666;0.0
Seine-et-Marne;77;201;2024;Subventions d'équipement versées;0.0;75178.66666666666;0.0
Seine-et-Marne;77;201;2024;Autres dépenses d'investissement;0.0;75178.66666666666;0.0
Seine-et-Marne;77;201;2024;Dépenses d'investissement hors remb;0.0;75178.66666666666;0.0
Seine-et-Marne;77;201;2024;Frais de personnel;50430194.13;75178.66666666666;670.8045828160472
Seine-et-Marne;77;201;2024;Achats et charges externes;340508.15;75178.66666666666;4.529318822715665
Seine-et-Marne;77;201;2024;Dépenses d'intervention;0.0;75178.66666666666;0.0
Seine-et-Marne;77;201;2024;Charges financières;0.0;75178.66666666666;0.0
Seine-et-Marne;77;201;2024;Autres dépenses de fonctionnement;0.0;75178.66666666666;0.0
Seine-et-Marne;77;201;2024;Dépenses de fonctionnement;50770702.28;75178.66666666666;675.3339016387629
Seine-et-Marne;77;201;2024;Dépenses totales hors remb;50770702.28;75178.66666666666;675.3339016387629
Yvelines;78;201;2024;Dépenses d'équipement;0.0;68496.66666666666;0.0
Yvelines;78;201;2024;Subventions d'équipement versées;0.0;68496.66666666666;0.0
Yvelines;78;201;2024;Autres dépenses d'investissement;0.0;68496.66666666666;0.0
Yvelines;78;201;2024;Dépenses d'investissement hors remb;0.0;68496.66666666666;0.0
Yvelines;78;201;2024;Frais de personnel;21203839.77;68496.66666666666;309.5601698866125
Yvelines;78;201;2024;Achats et charges externes;51863.0;68496.66666666666;0.75716093240547
Yvelines;78;201;2024;Dépenses d'intervention;0.0;68496.66666666666;0.0
Yvelines;78;201;2024;Charges financières;0.0;68496.66666666666;0.0
Yvelines;78;201;2024;Autres dépenses de fonctionnement;0.0;68496.66666666666;0.0
Yvelines;78;201;2024;Dépenses de fonctionnement;21255702.77;68496.66666666666;310.31733081901797
Yvelines;78;201;2024;Dépenses totales hors remb;21255702.77;68496.66666666666;310.31733081901797
Essonne;91;201;2024;Dépenses d'équipement;0.0;65790.33333333333;0.0
Essonne;91;201;2024;Subventions d'équipement versées;0.0;65790.33333333333;0.0
Essonne;91;201;2024;Autres dépenses d'investissement;0.0;65790.33333333333;0.0
Essonne;91;201;2024;Dépenses d'investissement hors remb;0.0;65790.33333333333;0.0
Essonne;91;201;2024;Frais de personnel;0.0;65790.33333333333;0.0
Essonne;91;201;2024;Achats et charges externes;0.0;65790.33333333333;0.0
Essonne;91;201;2024;Dépenses d'intervention;0.0;65790.33333333333;0.0
Essonne;91;201;2024;Charges financières;0.0;65790.33333333333;0.0
Essonne;91;201;2024;Autres dépenses de fonctionnement;0.0;65790.33333333333;0.0
Essonne;91;201;2024;Dépenses de fonctionnement;0.0;65790.33333333333;0.0
Essonne;91;201;2024;Dépenses totales hors remb;0.0;65790.33333333333;0.0
Hauts-de-Seine;92;201;2024;Dépenses d'équipement;0.0;55972.0;0.0
Hauts-de-Seine;92;201;2024;Subventions d'équipement versées;0.0;55972.0;0.0
Hauts-de-Seine;92;201;2024;Autres dépenses d'investissement;0.0;55972.0;0.0
Hauts-de-Seine;92;201;2024;Dépenses d'investissement hors remb;0.0;55972.0;0.0
Hauts-de-Seine;92;201;2024;Frais de personnel;0.0;55972.0;0.0
Hauts-de-Seine;92;201;2024;Achats et charges externes;3152.24;55972.0;0.05631815907953976
Hauts-de-Seine;92;201;2024;Dépenses d'intervention;0.0;55972.0;0.0
Hauts-de-Seine;92;201;2024;Charges financières;0.0;55972.0;0.0
Hauts-de-Seine;92;201;2024;Autres dépenses de fonctionnement;0.0;55972.0;0.0
Hauts-de-Seine;92;201;2024;Dépenses de fonctionnement;3152.24;55972.0;0.05631815907953976
Hauts-de-Seine;92;201;2024;Dépenses totales hors remb;3152.24;55972.0;0.05631815907953976
Seine-Saint-Denis;93;201;2024;Dépenses d'équipement;0.0;78941.0;0.0
Seine-Saint-Denis;93;201;2024;Subventions d'équipement versées;0.0;78941.0;0.0
Seine-Saint-Denis;93;201;2024;Autres dépenses d'investissement;0.0;78941.0;0.0
Seine-Saint-Denis;93;201;2024;Dépenses d'investissement hors remb;0.0;78941.0;0.0
Seine-Saint-Denis;93;201;2024;Frais de personnel;0.0;78941.0;0.0
Seine-Saint-Denis;93;201;2024;Achats et charges externes;0.0;78941.0;0.0
Seine-Saint-Denis;93;201;2024;Dépenses d'intervention;0.0;78941.0;0.0
Seine-Saint-Denis;93;201;2024;Charges financières;0.0;78941.0;0.0
Seine-Saint-Denis;93;201;2024;Autres dépenses de fonctionnement;0.0;78941.0;0.0
Seine-Saint-Denis;93;201;2024;Dépenses de fonctionnement;0.0;78941.0;0.0
Seine-Saint-Denis;93;201;2024;Dépenses totales hors remb;0.0;78941.0;0.0
Val-de-Marne;94;201;2024;Dépenses d'équipement;0.0;57001.0;0.0
Val-de-Marne;94;201;2024;Subventions d'équipement versées;0.0;57001.0;0.0
Val-de-Marne;94;201;2024;Autres dépenses d'investissement;0.0;57001.0;0.0
Val-de-Marne;94;201;2024;Dépenses d'investissement hors remb;0.0;57001.0;0.0
Val-de-Marne;94;201;2024;Frais de personnel;3242364.31;57001.0;56.88258644585183
Val-de-Marne;94;201;2024;Achats et charges externes;130187.77;57001.0;2.283955895510605
Val-de-Marne;94;201;2024;Dépenses d'intervention;0.0;57001.0;0.0
Val-de-Marne;94;201;2024;Charges financières;0.0;57001.0;0.0
Val-de-Marne;94;201;2024;Autres dépenses de fonctionnement;0.0;57001.0;0.0
Val-de-Marne;94;201;2024;Dépenses de fonctionnement;3372552.08;57001.0;59.16654234136244
Val-de-Marne;94;201;2024;Dépenses totales hors remb;3372552.08;57001.0;59.16654234136244
Val-d'Oise;95;201;2024;Dépenses d'équipement;0.0;66037.33333333333;0.0
Val-d'Oise;95;201;2024;Subventions d'équipement versées;0.0;66037.33333333333;0.0
Val-d'Oise;95;201;2024;Autres dépenses d'investissement;0.0;66037.33333333333;0.0
Val-d'Oise;95;201;2024;Dépenses d'investissement hors remb;0.0;66037.33333333333;0.0
Val-d'Oise;95;201;2024;Frais de personnel;44463902.29;66037.33333333333;673.3146244043774
Val-d'Oise;95;201;2024;Achats et charges externes;35000.19;66037.33333333333;0.5300061076562753
Val-d'Oise;95;201;2024;Dépenses d'intervention;0.0;66037.33333333333;0.0
Val-d'Oise;95;201;2024;Charges financières;0.0;66037.33333333333;0.0
Val-d'Oise;95;201;2024;Autres dépenses de fonctionnement;0.0;66037.33333333333;0.0
Val-d'Oise;95;201;2024;Dépenses de fonctionnement;44498902.48;66037.33333333333;673.8446305120336
Val-d'Oise;95;201;2024;Dépenses totales hors remb;44498902.48;66037.33333333333;673.8446305120336
France (départements + Paris + Métropole de Lyon, hors CTU);FR_OFGL;201;2024;Dépenses d'équipement;4746322.29;2620273.333333333;1.8113844191827317
France (départements + Paris + Métropole de Lyon, hors CTU);FR_OFGL;201;2024;Subventions d'équipement versées;4511237.15;2620273.333333333;1.7216666263824898
France (départements + Paris + Métropole de Lyon, hors CTU);FR_OFGL;201;2024;Autres dépenses d'investissement;0.0;2620273.333333333;0.0
France (départements + Paris + Métropole de Lyon, hors CTU);FR_OFGL;201;2024;Dépenses d'investissement hors remb;9257559.44;2620273.333333333;3.5330510455652213
France (départements + Paris + Métropole de Lyon, hors CTU);FR_OFGL;201;2024;Frais de personnel;656043845.24;2620273.333333333;250.37229394897736
France (départements + Paris + Métropole de Lyon, hors CTU);FR_OFGL;201;2024;Achats et charges externes;5105522.28;2620273.333333333;1.9484693505257724
France (départements + Paris + Métropole de Lyon, hors CTU);FR_OFGL;201;2024;Dépenses d'intervention;5951671.22;2620273.333333333;2.271393271948728
France (départements + Paris + Métropole de Lyon, hors CTU);FR_OFGL;201;2024;Charges financières;0.0;2620273.333333333;0.0
France (départements + Paris + Métropole de Lyon, hors CTU);FR_OFGL;201;2024;Autres dépenses de fonctionnement;1209184.0699999963;2620273.333333333;0.46147249396373274
France (départements + Paris + Métropole de Lyon, hors CTU);FR_OFGL;201;2024;Dépenses de fonctionnement;668310222.81;2620273.333333333;255.05362906541558
France (départements + Paris + Métropole de Lyon, hors CTU);FR_OFGL;201;2024;Dépenses totales hors remb;677567782.25;2620273.333333333;258.5866801109808
Paris (Ville de Paris);75;201;2025;Dépenses d'équipement;1863479.17;50731.99999999999;36.73182941733029
Paris (Ville de Paris);75;201;2025;Subventions d'équipement versées;0.0;50731.99999999999;0.0
Paris (Ville de Paris);75;201;2025;Autres dépenses d'investissement;0.0;50731.99999999999;0.0
Paris (Ville de Paris);75;201;2025;Dépenses d'investissement hors remb;1863479.17;50731.99999999999;36.73182941733029
Paris (Ville de Paris);75;201;2025;Frais de personnel;76204907.27;50731.99999999999;1502.1072946069544
Paris (Ville de Paris);75;201;2025;Achats et charges externes;943476.78;50731.99999999999;18.597271544587247
Paris (Ville de Paris);75;201;2025;Dépenses d'intervention;81832.52;50731.99999999999;1.6130355594102346
Paris (Ville de Paris);75;201;2025;Charges financières;0.0;50731.99999999999;0.0
Paris (Ville de Paris);75;201;2025;Autres dépenses de fonctionnement;902602.460000008;50731.99999999999;17.791580462035956
Paris (Ville de Paris);75;201;2025;Dépenses de fonctionnement;78132819.03;50731.99999999999;1540.1091821729876
Paris (Ville de Paris);75;201;2025;Dépenses totales hors remb;79996298.2;50731.99999999999;1576.841011590318
Seine-et-Marne;77;201;2025;Dépenses d'équipement;0.0;75282.0;0.0
Seine-et-Marne;77;201;2025;Subventions d'équipement versées;0.0;75282.0;0.0
Seine-et-Marne;77;201;2025;Autres dépenses d'investissement;0.0;75282.0;0.0
Seine-et-Marne;77;201;2025;Dépenses d'investissement hors remb;0.0;75282.0;0.0
Seine-et-Marne;77;201;2025;Frais de personnel;41156387.53;75282.0;546.6962558114822
Seine-et-Marne;77;201;2025;Achats et charges externes;65370.01;75282.0;0.8683351930076247
Seine-et-Marne;77;201;2025;Dépenses d'intervention;0.0;75282.0;0.0
Seine-et-Marne;77;201;2025;Charges financières;0.0;75282.0;0.0
Seine-et-Marne;77;201;2025;Autres dépenses de fonctionnement;7.45058059692383e-09;75282.0;9.896895136850548e-14
Seine-et-Marne;77;201;2025;Dépenses de fonctionnement;41221757.54;75282.0;547.5645910044898
Seine-et-Marne;77;201;2025;Dépenses totales hors remb;41221757.54;75282.0;547.5645910044898
Yvelines;78;201;2025;Dépenses d'équipement;0.0;68174.0;0.0
Yvelines;78;201;2025;Subventions d'équipement versées;0.0;68174.0;0.0
Yvelines;78;201;2025;Autres dépenses d'investissement;0.0;68174.0;0.0
Yvelines;78;201;2025;Dépenses d'investissement hors remb;0.0;68174.0;0.0
Yvelines;78;201;2025;Frais de personnel;20624539.56;68174.0;302.52793675008064
Yvelines;78;201;2025;Achats et charges externes;52214.94;68174.0;0.7659069439962449
Yvelines;78;201;2025;Dépenses d'intervention;0.0;68174.0;0.0
Yvelines;78;201;2025;Charges financières;0.0;68174.0;0.0
Yvelines;78;201;2025;Autres dépenses de fonctionnement;0.0;68174.0;0.0
Yvelines;78;201;2025;Dépenses de fonctionnement;20676754.5;68174.0;303.29384369407694
Yvelines;78;201;2025;Dépenses totales hors remb;20676754.5;68174.0;303.29384369407694
Essonne;91;201;2025;Dépenses d'équipement;0.0;66111.0;0.0
Essonne;91;201;2025;Subventions d'équipement versées;0.0;66111.0;0.0
Essonne;91;201;2025;Autres dépenses d'investissement;0.0;66111.0;0.0
Essonne;91;201;2025;Dépenses d'investissement hors remb;0.0;66111.0;0.0
Essonne;91;201;2025;Frais de personnel;0.0;66111.0;0.0
Essonne;91;201;2025;Achats et charges externes;0.0;66111.0;0.0
Essonne;91;201;2025;Dépenses d'intervention;0.0;66111.0;0.0
Essonne;91;201;2025;Charges financières;0.0;66111.0;0.0
Essonne;91;201;2025;Autres dépenses de fonctionnement;0.0;66111.0;0.0
Essonne;91;201;2025;Dépenses de fonctionnement;0.0;66111.0;0.0
Essonne;91;201;2025;Dépenses totales hors remb;0.0;66111.0;0.0
Hauts-de-Seine;92;201;2025;Dépenses d'équipement;0.0;55232.0;0.0
Hauts-de-Seine;92;201;2025;Subventions d'équipement versées;0.0;55232.0;0.0
Hauts-de-Seine;92;201;2025;Autres dépenses d'investissement;0.0;55232.0;0.0
Hauts-de-Seine;92;201;2025;Dépenses d'investissement hors remb;0.0;55232.0;0.0
Hauts-de-Seine;92;201;2025;Frais de personnel;0.0;55232.0;0.0
Hauts-de-Seine;92;201;2025;Achats et charges externes;78509.8;55232.0;1.421454953650058
Hauts-de-Seine;92;201;2025;Dépenses d'intervention;0.0;55232.0;0.0
Hauts-de-Seine;92;201;2025;Charges financières;0.0;55232.0;0.0
Hauts-de-Seine;92;201;2025;Autres dépenses de fonctionnement;0.0;55232.0;0.0
Hauts-de-Seine;92;201;2025;Dépenses de fonctionnement;78509.8;55232.0;1.421454953650058
Hauts-de-Seine;92;201;2025;Dépenses totales hors remb;78509.8;55232.0;1.421454953650058
Seine-Saint-Denis;93;201;2025;Dépenses d'équipement;0.0;79017.66666666666;0.0
Seine-Saint-Denis;93;201;2025;Subventions d'équipement versées;0.0;79017.66666666666;0.0
Seine-Saint-Denis;93;201;2025;Autres dépenses d'investissement;0.0;79017.66666666666;0.0
Seine-Saint-Denis;93;201;2025;Dépenses d'investissement hors remb;0.0;79017.66666666666;0.0
Seine-Saint-Denis;93;201;2025;Frais de personnel;0.0;79017.66666666666;0.0
Seine-Saint-Denis;93;201;2025;Achats et charges externes;0.0;79017.66666666666;0.0
Seine-Saint-Denis;93;201;2025;Dépenses d'intervention;0.0;79017.66666666666;0.0
Seine-Saint-Denis;93;201;2025;Charges financières;0.0;79017.66666666666;0.0
Seine-Saint-Denis;93;201;2025;Autres dépenses de fonctionnement;0.0;79017.66666666666;0.0
Seine-Saint-Denis;93;201;2025;Dépenses de fonctionnement;0.0;79017.66666666666;0.0
Seine-Saint-Denis;93;201;2025;Dépenses totales hors remb;0.0;79017.66666666666;0.0
Val-de-Marne;94;201;2025;Dépenses d'équipement;0.0;56929.666666666664;0.0
Val-de-Marne;94;201;2025;Subventions d'équipement versées;0.0;56929.666666666664;0.0
Val-de-Marne;94;201;2025;Autres dépenses d'investissement;0.0;56929.666666666664;0.0
Val-de-Marne;94;201;2025;Dépenses d'investissement hors remb;0.0;56929.666666666664;0.0
Val-de-Marne;94;201;2025;Frais de personnel;3362471.08;56929.666666666664;59.06360034896861
Val-de-Marne;94;201;2025;Achats et charges externes;109893.18;56929.666666666664;1.930332398456575
Val-de-Marne;94;201;2025;Dépenses d'intervention;0.0;56929.666666666664;0.0
Val-de-Marne;94;201;2025;Charges financières;0.0;56929.666666666664;0.0
Val-de-Marne;94;201;2025;Autres dépenses de fonctionnement;0.0;56929.666666666664;0.0
Val-de-Marne;94;201;2025;Dépenses de fonctionnement;3472364.26;56929.666666666664;60.993932747425184
Val-de-Marne;94;201;2025;Dépenses totales hors remb;3472364.26;56929.666666666664;60.993932747425184
Val-d'Oise;95;201;2025;Dépenses d'équipement;0.0;66558.0;0.0
Val-d'Oise;95;201;2025;Subventions d'équipement versées;0.0;66558.0;0.0
Val-d'Oise;95;201;2025;Autres dépenses d'investissement;0.0;66558.0;0.0
Val-d'Oise;95;201;2025;Dépenses d'investissement hors remb;0.0;66558.0;0.0
Val-d'Oise;95;201;2025;Frais de personnel;489321.99;66558.0;7.351813305688272
Val-d'Oise;95;201;2025;Achats et charges externes;32829.78;66558.0;0.4932506986387812
Val-d'Oise;95;201;2025;Dépenses d'intervention;0.0;66558.0;0.0
Val-d'Oise;95;201;2025;Charges financières;0.0;66558.0;0.0
Val-d'Oise;95;201;2025;Autres dépenses de fonctionnement;-5.82076609134674e-11;66558.0;-8.745404145777728e-16
Val-d'Oise;95;201;2025;Dépenses de fonctionnement;522151.77;66558.0;7.845064004327053
Val-d'Oise;95;201;2025;Dépenses totales hors remb;522151.77;66558.0;7.845064004327053
France (départements + Paris + Métropole de Lyon, hors CTU);FR_OFGL;201;2025;Dépenses d'équipement;3686022.5;2601522.0;1.4168715467330277
France (départements + Paris + Métropole de Lyon, hors CTU);FR_OFGL;201;2025;Subventions d'équipement versées;6208123.93;2601522.0;2.3863430445716007
France (départements + Paris + Métropole de Lyon, hors CTU);FR_OFGL;201;2025;Autres dépenses d'investissement;0.0;2601522.0;0.0
France (départements + Paris + Métropole de Lyon, hors CTU);FR_OFGL;201;2025;Dépenses d'investissement hors remb;9894146.43;2601522.0;3.8032145913046285
France (départements + Paris + Métropole de Lyon, hors CTU);FR_OFGL;201;2025;Frais de personnel;614041159.04;2601522.0;236.03150734070286
France (départements + Paris + Métropole de Lyon, hors CTU);FR_OFGL;201;2025;Achats et charges externes;5081042.78;2601522.0;1.9531039060980457
France (départements + Paris + Métropole de Lyon, hors CTU);FR_OFGL;201;2025;Dépenses d'intervention;3353439.5900000003;2601522.0;1.289029879432117
France (départements + Paris + Métropole de Lyon, hors CTU);FR_OFGL;201;2025;Charges financières;0.0;2601522.0;0.0
France (départements + Paris + Métropole de Lyon, hors CTU);FR_OFGL;201;2025;Autres dépenses de fonctionnement;1150652.0200000221;2601522.0;0.44229955387654696
France (départements + Paris + Métropole de Lyon, hors CTU);FR_OFGL;201;2025;Dépenses de fonctionnement;623626293.43;2601522.0;239.71594068010955
France (départements + Paris + Métropole de Lyon, hors CTU);FR_OFGL;201;2025;Dépenses totales hors remb;633520439.86;2601522.0;243.5191552714142
Paris (Ville de Paris);75;28;2022;Dépenses d'équipement;13006442.35;55012.33333333333;236.4277528675388
Paris (Ville de Paris);75;28;2022;Subventions d'équipement versées;901278.19;55012.33333333333;16.38320237280125
Paris (Ville de Paris);75;28;2022;Autres dépenses d'investissement;0.0;55012.33333333333;0.0
Paris (Ville de Paris);75;28;2022;Dépenses d'investissement hors remb;13907720.54;55012.33333333333;252.81095524034006
Paris (Ville de Paris);75;28;2022;Frais de personnel;6431350.32;55012.33333333333;116.90742657707061
Paris (Ville de Paris);75;28;2022;Achats et charges externes;17220238.74;55012.33333333333;313.02505632070387
Paris (Ville de Paris);75;28;2022;Dépenses d'intervention;86918335.29;55012.33333333333;1579.9790705720538
Paris (Ville de Paris);75;28;2022;Charges financières;0.0;55012.33333333333;0.0
Paris (Ville de Paris);75;28;2022;Autres dépenses de fonctionnement;31408.1199999899;55012.33333333333;0.5709287008365985
Paris (Ville de Paris);75;28;2022;Dépenses de fonctionnement;110601332.47;55012.33333333333;2010.482482170665
Paris (Ville de Paris);75;28;2022;Dépenses totales hors remb;124509053.01;55012.33333333333;2263.293437411005
Seine-et-Marne;77;28;2022;Dépenses d'équipement;0.0;74443.33333333333;0.0
Seine-et-Marne;77;28;2022;Subventions d'équipement versées;0.0;74443.33333333333;0.0
Seine-et-Marne;77;28;2022;Autres dépenses d'investissement;0.0;74443.33333333333;0.0
Seine-et-Marne;77;28;2022;Dépenses d'investissement hors remb;0.0;74443.33333333333;0.0
Seine-et-Marne;77;28;2022;Frais de personnel;0.0;74443.33333333333;0.0
Seine-et-Marne;77;28;2022;Achats et charges externes;965796.98;74443.33333333333;12.973585904267228
Seine-et-Marne;77;28;2022;Dépenses d'intervention;131203.0;74443.33333333333;1.7624546635024405
Seine-et-Marne;77;28;2022;Charges financières;0.0;74443.33333333333;0.0
Seine-et-Marne;77;28;2022;Autres dépenses de fonctionnement;0.0;74443.33333333333;0.0
Seine-et-Marne;77;28;2022;Dépenses de fonctionnement;1096999.98;74443.33333333333;14.736040567769669
Seine-et-Marne;77;28;2022;Dépenses totales hors remb;1096999.98;74443.33333333333;14.736040567769669
Yvelines;78;28;2022;Dépenses d'équipement;19626.12;68006.0;0.28859394759285945
Yvelines;78;28;2022;Subventions d'équipement versées;0.0;68006.0;0.0
Yvelines;78;28;2022;Autres dépenses d'investissement;0.0;68006.0;0.0
Yvelines;78;28;2022;Dépenses d'investissement hors remb;19626.12;68006.0;0.28859394759285945
Yvelines;78;28;2022;Frais de personnel;2346.43;68006.0;0.03450327912243037
Yvelines;78;28;2022;Achats et charges externes;497272.48;68006.0;7.312185395406288
Yvelines;78;28;2022;Dépenses d'intervention;2466504.14;68006.0;36.26891950710232
Yvelines;78;28;2022;Charges financières;0.0;68006.0;0.0
Yvelines;78;28;2022;Autres dépenses de fonctionnement;459.339999999851;68006.0;0.006754404023172234
Yvelines;78;28;2022;Dépenses de fonctionnement;2966582.39;68006.0;43.62236258565421
Yvelines;78;28;2022;Dépenses totales hors remb;2986208.51;68006.0;43.91095653324707
Essonne;91;28;2022;Dépenses d'équipement;0.0;64866.33333333333;0.0
Essonne;91;28;2022;Subventions d'équipement versées;489259.0;64866.33333333333;7.542572161213573
Essonne;91;28;2022;Autres dépenses d'investissement;0.0;64866.33333333333;0.0
Essonne;91;28;2022;Dépenses d'investissement hors remb;489259.0;64866.33333333333;7.542572161213573
Essonne;91;28;2022;Frais de personnel;0.0;64866.33333333333;0.0
Essonne;91;28;2022;Achats et charges externes;37980.72;64866.33333333333;0.5855228444133835
Essonne;91;28;2022;Dépenses d'intervention;0.0;64866.33333333333;0.0
Essonne;91;28;2022;Charges financières;0.0;64866.33333333333;0.0
Essonne;91;28;2022;Autres dépenses de fonctionnement;282421.84;64866.33333333333;4.353904799099688
Essonne;91;28;2022;Dépenses de fonctionnement;320402.56;64866.33333333333;4.939427643513071
Essonne;91;28;2022;Dépenses totales hors remb;809661.56;64866.33333333333;12.481999804726644
Hauts-de-Seine;92;28;2022;Dépenses d'équipement;0.0;56958.33333333333;0.0
Hauts-de-Seine;92;28;2022;Subventions d'équipement versées;0.0;56958.33333333333;0.0
Hauts-de-Seine;92;28;2022;Autres dépenses d'investissement;0.0;56958.33333333333;0.0
Hauts-de-Seine;92;28;2022;Dépenses d'investissement hors remb;0.0;56958.33333333333;0.0
Hauts-de-Seine;92;28;2022;Frais de personnel;823607.18;56958.33333333333;14.459818814923192
Hauts-de-Seine;92;28;2022;Achats et charges externes;325392.83;56958.33333333333;5.712822179956109
Hauts-de-Seine;92;28;2022;Dépenses d'intervention;424635.0;56958.33333333333;7.4551865398683255
Hauts-de-Seine;92;28;2022;Charges financières;0.0;56958.33333333333;0.0
Hauts-de-Seine;92;28;2022;Autres dépenses de fonctionnement;0.0;56958.33333333333;0.0
Hauts-de-Seine;92;28;2022;Dépenses de fonctionnement;1573635.01;56958.33333333333;27.627827534747624
Hauts-de-Seine;92;28;2022;Dépenses totales hors remb;1573635.01;56958.33333333333;27.627827534747624
Seine-Saint-Denis;93;28;2022;Dépenses d'équipement;0.0;78636.0;0.0
Seine-Saint-Denis;93;28;2022;Subventions d'équipement versées;0.0;78636.0;0.0
Seine-Saint-Denis;93;28;2022;Autres dépenses d'investissement;0.0;78636.0;0.0
Seine-Saint-Denis;93;28;2022;Dépenses d'investissement hors remb;0.0;78636.0;0.0
Seine-Saint-Denis;93;28;2022;Frais de personnel;0.0;78636.0;0.0
Seine-Saint-Denis;93;28;2022;Achats et charges externes;100249.89;78636.0;1.274859987791851
Seine-Saint-Denis;93;28;2022;Dépenses d'intervention;0.0;78636.0;0.0
Seine-Saint-Denis;93;28;2022;Charges financières;0.0;78636.0;0.0
Seine-Saint-Denis;93;28;2022;Autres dépenses de fonctionnement;0.0;78636.0;0.0
Seine-Saint-Denis;93;28;2022;Dépenses de fonctionnement;100249.89;78636.0;1.274859987791851
Seine-Saint-Denis;93;28;2022;Dépenses totales hors remb;100249.89;78636.0;1.274859987791851
Val-de-Marne;94;28;2022;Dépenses d'équipement;2537.75;56561.33333333333;0.04486722378067467
Val-de-Marne;94;28;2022;Subventions d'équipement versées;0.0;56561.33333333333;0.0
Val-de-Marne;94;28;2022;Autres dépenses d'investissement;0.0;56561.33333333333;0.0
Val-de-Marne;94;28;2022;Dépenses d'investissement hors remb;2537.75;56561.33333333333;0.04486722378067467
Val-de-Marne;94;28;2022;Frais de personnel;0.0;56561.33333333333;0.0
Val-de-Marne;94;28;2022;Achats et charges externes;14321.06;56561.33333333333;0.25319523349284556
Val-de-Marne;94;28;2022;Dépenses d'intervention;72418.0;56561.33333333333;1.2803446406261052
Val-de-Marne;94;28;2022;Charges financières;0.0;56561.33333333333;0.0
Val-de-Marne;94;28;2022;Autres dépenses de fonctionnement;0.0;56561.33333333333;0.0
Val-de-Marne;94;28;2022;Dépenses de fonctionnement;86739.06;56561.33333333333;1.5335398741189505
Val-de-Marne;94;28;2022;Dépenses totales hors remb;89276.81;56561.33333333333;1.5784070978996252
Val-d'Oise;95;28;2022;Dépenses d'équipement;74793.02;64621.666666666664;1.1573984989554589
Val-d'Oise;95;28;2022;Subventions d'équipement versées;0.0;64621.666666666664;0.0
Val-d'Oise;95;28;2022;Autres dépenses d'investissement;0.0;64621.666666666664;0.0
Val-d'Oise;95;28;2022;Dépenses d'investissement hors remb;74793.02;64621.666666666664;1.1573984989554589
Val-d'Oise;95;28;2022;Frais de personnel;0.0;64621.666666666664;0.0
Val-d'Oise;95;28;2022;Achats et charges externes;544984.58;64621.666666666664;8.433465246434373
Val-d'Oise;95;28;2022;Dépenses d'intervention;881485.0;64621.666666666664;13.640703582389808
Val-d'Oise;95;28;2022;Charges financières;0.0;64621.666666666664;0.0
Val-d'Oise;95;28;2022;Autres dépenses de fonctionnement;0.0;64621.666666666664;0.0
Val-d'Oise;95;28;2022;Dépenses de fonctionnement;1426469.58;64621.666666666664;22.074168828824185
Val-d'Oise;95;28;2022;Dépenses totales hors remb;1501262.6;64621.666666666664;23.231567327779644
France (départements + Paris + Métropole de Lyon, hors CTU);FR_OFGL;28;2022;Dépenses d'équipement;19119925.32;2629587.6666666665;7.271073546004615
France (départements + Paris + Métropole de Lyon, hors CTU);FR_OFGL;28;2022;Subventions d'équipement versées;5607529.36;2629587.6666666665;2.1324747720269963
France (départements + Paris + Métropole de Lyon, hors CTU);FR_OFGL;28;2022;Autres dépenses d'investissement;0.0;2629587.6666666665;0.0
France (départements + Paris + Métropole de Lyon, hors CTU);FR_OFGL;28;2022;Dépenses d'investissement hors remb;24727454.68;2629587.6666666665;9.40354831803161
France (départements + Paris + Métropole de Lyon, hors CTU);FR_OFGL;28;2022;Frais de personnel;7962653.220000001;2629587.6666666665;3.028099546151913
France (départements + Paris + Métropole de Lyon, hors CTU);FR_OFGL;28;2022;Achats et charges externes;34564533.92;2629587.6666666665;13.144469134134212
France (départements + Paris + Métropole de Lyon, hors CTU);FR_OFGL;28;2022;Dépenses d'intervention;152093458.92000002;2629587.6666666665;57.839280602041164
France (départements + Paris + Métropole de Lyon, hors CTU);FR_OFGL;28;2022;Charges financières;0.0;2629587.6666666665;0.0
France (départements + Paris + Métropole de Lyon, hors CTU);FR_OFGL;28;2022;Autres dépenses de fonctionnement;8761247.599999988;2629587.6666666665;3.331795213013747
France (départements + Paris + Métropole de Lyon, hors CTU);FR_OFGL;28;2022;Dépenses de fonctionnement;203381893.66;2629587.6666666665;77.34364449534104
France (départements + Paris + Métropole de Lyon, hors CTU);FR_OFGL;28;2022;Dépenses totales hors remb;228109348.34;2629587.6666666665;86.74719281337265
Paris (Ville de Paris);75;28;2023;Dépenses d'équipement;10728731.47;53734.66666666666;199.6612640505199
Paris (Ville de Paris);75;28;2023;Subventions d'équipement versées;918216.65;53734.66666666666;17.087975174313296
Paris (Ville de Paris);75;28;2023;Autres dépenses d'investissement;0.0;53734.66666666666;0.0
Paris (Ville de Paris);75;28;2023;Dépenses d'investissement hors remb;11646948.12;53734.66666666666;216.74923922483316
Paris (Ville de Paris);75;28;2023;Frais de personnel;7243629.42;53734.66666666666;134.80365412768916
Paris (Ville de Paris);75;28;2023;Achats et charges externes;17658027.45;53734.66666666666;328.61518541723535
Paris (Ville de Paris);75;28;2023;Dépenses d'intervention;109733309.52;53734.66666666666;2042.1325063894199
Paris (Ville de Paris);75;28;2023;Charges financières;0.0;53734.66666666666;0.0
Paris (Ville de Paris);75;28;2023;Autres dépenses de fonctionnement;59017.1600000262;53734.66666666666;1.0983069899014828
Paris (Ville de Paris);75;28;2023;Dépenses de fonctionnement;134693983.55;53734.66666666666;2506.649652924246
Paris (Ville de Paris);75;28;2023;Dépenses totales hors remb;146340931.67;53734.66666666666;2723.3988921490786
Seine-et-Marne;77;28;2023;Dépenses d'équipement;0.0;74761.0;0.0
Seine-et-Marne;77;28;2023;Subventions d'équipement versées;0.0;74761.0;0.0
Seine-et-Marne;77;28;2023;Autres dépenses d'investissement;0.0;74761.0;0.0
Seine-et-Marne;77;28;2023;Dépenses d'investissement hors remb;0.0;74761.0;0.0
Seine-et-Marne;77;28;2023;Frais de personnel;0.0;74761.0;0.0
Seine-et-Marne;77;28;2023;Achats et charges externes;1106448.65;74761.0;14.799810730193549
Seine-et-Marne;77;28;2023;Dépenses d'intervention;123440.0;74761.0;1.6511282620617702
Seine-et-Marne;77;28;2023;Charges financières;0.0;74761.0;0.0
Seine-et-Marne;77;28;2023;Autres dépenses de fonctionnement;0.0;74761.0;0.0
Seine-et-Marne;77;28;2023;Dépenses de fonctionnement;1229888.65;74761.0;16.45093899225532
Seine-et-Marne;77;28;2023;Dépenses totales hors remb;1229888.65;74761.0;16.45093899225532
Yvelines;78;28;2023;Dépenses d'équipement;15025.06;68350.33333333333;0.2198242388478964
Yvelines;78;28;2023;Subventions d'équipement versées;0.0;68350.33333333333;0.0
Yvelines;78;28;2023;Autres dépenses d'investissement;0.0;68350.33333333333;0.0
Yvelines;78;28;2023;Dépenses d'investissement hors remb;15025.06;68350.33333333333;0.2198242388478964
Yvelines;78;28;2023;Frais de personnel;0.0;68350.33333333333;0.0
Yvelines;78;28;2023;Achats et charges externes;527119.36;68350.33333333333;7.712023252751755
Yvelines;78;28;2023;Dépenses d'intervention;2982952.13;68350.33333333333;43.642100696899796
Yvelines;78;28;2023;Charges financières;0.0;68350.33333333333;0.0
Yvelines;78;28;2023;Autres dépenses de fonctionnement;-2074.41999999993;68350.33333333333;-0.030349815411774585
Yvelines;78;28;2023;Dépenses de fonctionnement;3507997.07;68350.33333333333;51.32377413423978
Yvelines;78;28;2023;Dépenses totales hors remb;3523022.13;68350.33333333333;51.543598373087676
Essonne;91;28;2023;Dépenses d'équipement;0.0;65510.99999999999;0.0
Essonne;91;28;2023;Subventions d'équipement versées;0.0;65510.99999999999;0.0
Essonne;91;28;2023;Autres dépenses d'investissement;0.0;65510.99999999999;0.0
Essonne;91;28;2023;Dépenses d'investissement hors remb;0.0;65510.99999999999;0.0
Essonne;91;28;2023;Frais de personnel;0.0;65510.99999999999;0.0
Essonne;91;28;2023;Achats et charges externes;84071.38;65510.99999999999;1.2833170001984402
Essonne;91;28;2023;Dépenses d'intervention;0.0;65510.99999999999;0.0
Essonne;91;28;2023;Charges financières;0.0;65510.99999999999;0.0
Essonne;91;28;2023;Autres dépenses de fonctionnement;14.7899999999936;65510.99999999999;0.00022576361221769782
Essonne;91;28;2023;Dépenses de fonctionnement;84086.17;65510.99999999999;1.2835427638106578
Essonne;91;28;2023;Dépenses totales hors remb;84086.17;65510.99999999999;1.2835427638106578
Hauts-de-Seine;92;28;2023;Dépenses d'équipement;0.0;56433.33333333333;0.0
Hauts-de-Seine;92;28;2023;Subventions d'équipement versées;0.0;56433.33333333333;0.0
Hauts-de-Seine;92;28;2023;Autres dépenses d'investissement;0.0;56433.33333333333;0.0
Hauts-de-Seine;92;28;2023;Dépenses d'investissement hors remb;0.0;56433.33333333333;0.0
Hauts-de-Seine;92;28;2023;Frais de personnel;761199.17;56433.33333333333;13.488467277023037
Hauts-de-Seine;92;28;2023;Achats et charges externes;349294.31;56433.33333333333;6.189503425871235
Hauts-de-Seine;92;28;2023;Dépenses d'intervention;614711.0;56433.33333333333;10.89269344359126
Hauts-de-Seine;92;28;2023;Charges financières;0.0;56433.33333333333;0.0
Hauts-de-Seine;92;28;2023;Autres dépenses de fonctionnement;0.0;56433.33333333333;0.0
Hauts-de-Seine;92;28;2023;Dépenses de fonctionnement;1725204.48;56433.33333333333;30.57066414648553
Hauts-de-Seine;92;28;2023;Dépenses totales hors remb;1725204.48;56433.33333333333;30.57066414648553
Seine-Saint-Denis;93;28;2023;Dépenses d'équipement;0.0;78903.33333333333;0.0
Seine-Saint-Denis;93;28;2023;Subventions d'équipement versées;0.0;78903.33333333333;0.0
Seine-Saint-Denis;93;28;2023;Autres dépenses d'investissement;0.0;78903.33333333333;0.0
Seine-Saint-Denis;93;28;2023;Dépenses d'investissement hors remb;0.0;78903.33333333333;0.0
Seine-Saint-Denis;93;28;2023;Frais de personnel;0.0;78903.33333333333;0.0
Seine-Saint-Denis;93;28;2023;Achats et charges externes;2295.48;78903.33333333333;0.029092307042372527
Seine-Saint-Denis;93;28;2023;Dépenses d'intervention;0.0;78903.33333333333;0.0
Seine-Saint-Denis;93;28;2023;Charges financières;0.0;78903.33333333333;0.0
Seine-Saint-Denis;93;28;2023;Autres dépenses de fonctionnement;0.0;78903.33333333333;0.0
Seine-Saint-Denis;93;28;2023;Dépenses de fonctionnement;2295.48;78903.33333333333;0.029092307042372527
Seine-Saint-Denis;93;28;2023;Dépenses totales hors remb;2295.48;78903.33333333333;0.029092307042372527
Val-de-Marne;94;28;2023;Dépenses d'équipement;12404.95;56841.666666666664;0.21823691540829793
Val-de-Marne;94;28;2023;Subventions d'équipement versées;0.0;56841.666666666664;0.0
Val-de-Marne;94;28;2023;Autres dépenses d'investissement;0.0;56841.666666666664;0.0
Val-de-Marne;94;28;2023;Dépenses d'investissement hors remb;12404.95;56841.666666666664;0.21823691540829793
Val-de-Marne;94;28;2023;Frais de personnel;0.0;56841.666666666664;0.0
Val-de-Marne;94;28;2023;Achats et charges externes;14139.64;56841.666666666664;0.2487548453305967
Val-de-Marne;94;28;2023;Dépenses d'intervention;19072.0;56841.666666666664;0.33552851488051605
Val-de-Marne;94;28;2023;Charges financières;0.0;56841.666666666664;0.0
Val-de-Marne;94;28;2023;Autres dépenses de fonctionnement;0.0;56841.666666666664;0.0
Val-de-Marne;94;28;2023;Dépenses de fonctionnement;33211.64;56841.666666666664;0.5842833602111127
Val-de-Marne;94;28;2023;Dépenses totales hors remb;45616.59;56841.666666666664;0.8025202756194106
Val-d'Oise;95;28;2023;Dépenses d'équipement;137618.04;65405.33333333333;2.104079789619603
Val-d'Oise;95;28;2023;Subventions d'équipement versées;0.0;65405.33333333333;0.0
Val-d'Oise;95;28;2023;Autres dépenses d'investissement;0.0;65405.33333333333;0.0
Val-d'Oise;95;28;2023;Dépenses d'investissement hors remb;137618.04;65405.33333333333;2.104079789619603
Val-d'Oise;95;28;2023;Frais de personnel;0.0;65405.33333333333;0.0
Val-d'Oise;95;28;2023;Achats et charges externes;532302.74;65405.33333333333;8.138521935010397
Val-d'Oise;95;28;2023;Dépenses d'intervention;880080.0;65405.33333333333;13.45578342235088
Val-d'Oise;95;28;2023;Charges financières;0.0;65405.33333333333;0.0
Val-d'Oise;95;28;2023;Autres dépenses de fonctionnement;0.0;65405.33333333333;0.0
Val-d'Oise;95;28;2023;Dépenses de fonctionnement;1412382.74;65405.33333333333;21.594305357361275
Val-d'Oise;95;28;2023;Dépenses totales hors remb;1550000.78;65405.33333333333;23.69838514698088
France (départements + Paris + Métropole de Lyon, hors CTU);FR_OFGL;28;2023;Dépenses d'équipement;18389177.42;2630415.6666666665;6.990977758014672
France (départements + Paris + Métropole de Lyon, hors CTU);FR_OFGL;28;2023;Subventions d'équipement versées;8977955.82;2630415.6666666665;3.4131319752125364
France (départements + Paris + Métropole de Lyon, hors CTU);FR_OFGL;28;2023;Autres dépenses d'investissement;0.0;2630415.6666666665;0.0
France (départements + Paris + Métropole de Lyon, hors CTU);FR_OFGL;28;2023;Dépenses d'investissement hors remb;27367133.24;2630415.6666666665;10.404109733227207
France (départements + Paris + Métropole de Lyon, hors CTU);FR_OFGL;28;2023;Frais de personnel;8774477.91;2630415.6666666665;3.3357761745387013
France (départements + Paris + Métropole de Lyon, hors CTU);FR_OFGL;28;2023;Achats et charges externes;37414604.95;2630415.6666666665;14.223837480945662
France (départements + Paris + Métropole de Lyon, hors CTU);FR_OFGL;28;2023;Dépenses d'intervention;183932398.45;2630415.6666666665;69.92522162213399
France (départements + Paris + Métropole de Lyon, hors CTU);FR_OFGL;28;2023;Charges financières;0.0;2630415.6666666665;0.0
France (départements + Paris + Métropole de Lyon, hors CTU);FR_OFGL;28;2023;Autres dépenses de fonctionnement;9210325.000000026;2630415.6666666665;3.50147131372267
France (départements + Paris + Métropole de Lyon, hors CTU);FR_OFGL;28;2023;Dépenses de fonctionnement;239331806.31;2630415.6666666665;90.98630659134102
France (départements + Paris + Métropole de Lyon, hors CTU);FR_OFGL;28;2023;Dépenses totales hors remb;266698939.54999998;2630415.6666666665;101.39041632456822
Paris (Ville de Paris);75;28;2024;Dépenses d'équipement;7023308.61;52291.33333333333;134.3111403419305
Paris (Ville de Paris);75;28;2024;Subventions d'équipement versées;671627.89;52291.33333333333;12.84396184198784
Paris (Ville de Paris);75;28;2024;Autres dépenses d'investissement;0.0;52291.33333333333;0.0
Paris (Ville de Paris);75;28;2024;Dépenses d'investissement hors remb;7694936.5;52291.33333333333;147.15510218391833
Paris (Ville de Paris);75;28;2024;Frais de personnel;7451912.97;52291.33333333333;142.5076106301873
Paris (Ville de Paris);75;28;2024;Achats et charges externes;17601040.24;52291.33333333333;336.5957438453791
Paris (Ville de Paris);75;28;2024;Dépenses d'intervention;127607300.65;52291.33333333333;2440.314532363553
Paris (Ville de Paris);75;28;2024;Charges financières;0.0;52291.33333333333;0.0
Paris (Ville de Paris);75;28;2024;Autres dépenses de fonctionnement;18593.1899999976;52291.33333333333;0.3555692466565066
Paris (Ville de Paris);75;28;2024;Dépenses de fonctionnement;152678847.05;52291.33333333333;2919.773456085776
Paris (Ville de Paris);75;28;2024;Dépenses totales hors remb;160373783.55;52291.33333333333;3066.928558269695
Seine-et-Marne;77;28;2024;Dépenses d'équipement;0.0;75178.66666666666;0.0
Seine-et-Marne;77;28;2024;Subventions d'équipement versées;0.0;75178.66666666666;0.0
Seine-et-Marne;77;28;2024;Autres dépenses d'investissement;0.0;75178.66666666666;0.0
Seine-et-Marne;77;28;2024;Dépenses d'investissement hors remb;0.0;75178.66666666666;0.0
Seine-et-Marne;77;28;2024;Frais de personnel;0.0;75178.66666666666;0.0
Seine-et-Marne;77;28;2024;Achats et charges externes;326059.12;75178.66666666666;4.337122942678775
Seine-et-Marne;77;28;2024;Dépenses d'intervention;1646495.74;75178.66666666666;21.901103238507382
Seine-et-Marne;77;28;2024;Charges financières;0.0;75178.66666666666;0.0
Seine-et-Marne;77;28;2024;Autres dépenses de fonctionnement;2.3283064365387e-10;75178.66666666666;3.0970307665366506e-15
Seine-et-Marne;77;28;2024;Dépenses de fonctionnement;1972554.86;75178.66666666666;26.238226181186157
Seine-et-Marne;77;28;2024;Dépenses totales hors remb;1972554.86;75178.66666666666;26.238226181186157
Yvelines;78;28;2024;Dépenses d'équipement;50035.91;68496.66666666666;0.7304867876782327
Yvelines;78;28;2024;Subventions d'équipement versées;0.0;68496.66666666666;0.0
Yvelines;78;28;2024;Autres dépenses d'investissement;0.0;68496.66666666666;0.0
Yvelines;78;28;2024;Dépenses d'investissement hors remb;50035.91;68496.66666666666;0.7304867876782327
Yvelines;78;28;2024;Frais de personnel;0.0;68496.66666666666;0.0
Yvelines;78;28;2024;Achats et charges externes;453454.7;68496.66666666666;6.6200987882622035
Yvelines;78;28;2024;Dépenses d'intervention;2361827.96;68496.66666666666;34.48091819553263
Yvelines;78;28;2024;Charges financières;0.0;68496.66666666666;0.0
Yvelines;78;28;2024;Autres dépenses de fonctionnement;219496.18;68496.66666666666;3.20447973137379
Yvelines;78;28;2024;Dépenses de fonctionnement;3034778.84;68496.66666666666;44.30549671516862
Yvelines;78;28;2024;Dépenses totales hors remb;3084814.75;68496.66666666666;45.03598350284686
Essonne;91;28;2024;Dépenses d'équipement;0.0;65790.33333333333;0.0
Essonne;91;28;2024;Subventions d'équipement versées;0.0;65790.33333333333;0.0
Essonne;91;28;2024;Autres dépenses d'investissement;0.0;65790.33333333333;0.0
Essonne;91;28;2024;Dépenses d'investissement hors remb;0.0;65790.33333333333;0.0
Essonne;91;28;2024;Frais de personnel;0.0;65790.33333333333;0.0
Essonne;91;28;2024;Achats et charges externes;46191.32;65790.33333333333;0.7020988899078385
Essonne;91;28;2024;Dépenses d'intervention;0.0;65790.33333333333;0.0
Essonne;91;28;2024;Charges financières;0.0;65790.33333333333;0.0
Essonne;91;28;2024;Autres dépenses de fonctionnement;0.0;65790.33333333333;0.0
Essonne;91;28;2024;Dépenses de fonctionnement;46191.32;65790.33333333333;0.7020988899078385
Essonne;91;28;2024;Dépenses totales hors remb;46191.32;65790.33333333333;0.7020988899078385
Hauts-de-Seine;92;28;2024;Dépenses d'équipement;0.0;55972.0;0.0
Hauts-de-Seine;92;28;2024;Subventions d'équipement versées;0.0;55972.0;0.0
Hauts-de-Seine;92;28;2024;Autres dépenses d'investissement;0.0;55972.0;0.0
Hauts-de-Seine;92;28;2024;Dépenses d'investissement hors remb;0.0;55972.0;0.0
Hauts-de-Seine;92;28;2024;Frais de personnel;0.0;55972.0;0.0
Hauts-de-Seine;92;28;2024;Achats et charges externes;328404.27;55972.0;5.867295612091761
Hauts-de-Seine;92;28;2024;Dépenses d'intervention;580524.0;55972.0;10.37168584292146
Hauts-de-Seine;92;28;2024;Charges financières;0.0;55972.0;0.0
Hauts-de-Seine;92;28;2024;Autres dépenses de fonctionnement;0.0;55972.0;0.0
Hauts-de-Seine;92;28;2024;Dépenses de fonctionnement;908928.27;55972.0;16.23898145501322
Hauts-de-Seine;92;28;2024;Dépenses totales hors remb;908928.27;55972.0;16.23898145501322
Seine-Saint-Denis;93;28;2024;Dépenses d'équipement;0.0;78941.0;0.0
Seine-Saint-Denis;93;28;2024;Subventions d'équipement versées;0.0;78941.0;0.0
Seine-Saint-Denis;93;28;2024;Autres dépenses d'investissement;0.0;78941.0;0.0
Seine-Saint-Denis;93;28;2024;Dépenses d'investissement hors remb;0.0;78941.0;0.0
Seine-Saint-Denis;93;28;2024;Frais de personnel;0.0;78941.0;0.0
Seine-Saint-Denis;93;28;2024;Achats et charges externes;6398278.5;78941.0;81.0513991461978
Seine-Saint-Denis;93;28;2024;Dépenses d'intervention;4709579.36;78941.0;59.65948442507696
Seine-Saint-Denis;93;28;2024;Charges financières;0.0;78941.0;0.0
Seine-Saint-Denis;93;28;2024;Autres dépenses de fonctionnement;0.0;78941.0;0.0
Seine-Saint-Denis;93;28;2024;Dépenses de fonctionnement;11107857.86;78941.0;140.71088357127474
Seine-Saint-Denis;93;28;2024;Dépenses totales hors remb;11107857.86;78941.0;140.71088357127474
Val-de-Marne;94;28;2024;Dépenses d'équipement;0.0;57001.0;0.0
Val-de-Marne;94;28;2024;Subventions d'équipement versées;0.0;57001.0;0.0
Val-de-Marne;94;28;2024;Autres dépenses d'investissement;0.0;57001.0;0.0
Val-de-Marne;94;28;2024;Dépenses d'investissement hors remb;0.0;57001.0;0.0
Val-de-Marne;94;28;2024;Frais de personnel;0.0;57001.0;0.0
Val-de-Marne;94;28;2024;Achats et charges externes;4802.21;57001.0;0.08424782021368046
Val-de-Marne;94;28;2024;Dépenses d'intervention;16250.0;57001.0;0.2850827178470553
Val-de-Marne;94;28;2024;Charges financières;0.0;57001.0;0.0
Val-de-Marne;94;28;2024;Autres dépenses de fonctionnement;0.0;57001.0;0.0
Val-de-Marne;94;28;2024;Dépenses de fonctionnement;21052.21;57001.0;0.36933053806073574
Val-de-Marne;94;28;2024;Dépenses totales hors remb;21052.21;57001.0;0.36933053806073574
Val-d'Oise;95;28;2024;Dépenses d'équipement;169003.71;66037.33333333333;2.5592146361654016
Val-d'Oise;95;28;2024;Subventions d'équipement versées;0.0;66037.33333333333;0.0
Val-d'Oise;95;28;2024;Autres dépenses d'investissement;0.0;66037.33333333333;0.0
Val-d'Oise;95;28;2024;Dépenses d'investissement hors remb;169003.71;66037.33333333333;2.5592146361654016
Val-d'Oise;95;28;2024;Frais de personnel;0.0;66037.33333333333;0.0
Val-d'Oise;95;28;2024;Achats et charges externes;448626.7;66037.33333333333;6.793531436763044
Val-d'Oise;95;28;2024;Dépenses d'intervention;989864.0;66037.33333333333;14.989460507187854
Val-d'Oise;95;28;2024;Charges financières;0.0;66037.33333333333;0.0
Val-d'Oise;95;28;2024;Autres dépenses de fonctionnement;0.0;66037.33333333333;0.0
Val-d'Oise;95;28;2024;Dépenses de fonctionnement;1438490.7;66037.33333333333;21.782991943950897
Val-d'Oise;95;28;2024;Dépenses totales hors remb;1607494.41;66037.33333333333;24.342206580116297
France (départements + Paris + Métropole de Lyon, hors CTU);FR_OFGL;28;2024;Dépenses d'équipement;18347214.21;2620273.333333333;7.00202302431553
France (départements + Paris + Métropole de Lyon, hors CTU);FR_OFGL;28;2024;Subventions d'équipement versées;7159263.34;2620273.333333333;2.7322582147918415
France (départements + Paris + Métropole de Lyon, hors CTU);FR_OFGL;28;2024;Autres dépenses d'investissement;0.0;2620273.333333333;0.0
France (départements + Paris + Métropole de Lyon, hors CTU);FR_OFGL;28;2024;Dépenses d'investissement hors remb;25506477.55;2620273.333333333;9.734281239107371
France (départements + Paris + Métropole de Lyon, hors CTU);FR_OFGL;28;2024;Frais de personnel;9317718.709999999;2620273.333333333;3.5560102037700902
France (départements + Paris + Métropole de Lyon, hors CTU);FR_OFGL;28;2024;Achats et charges externes;40773384.79;2620273.333333333;15.560737222070982
France (départements + Paris + Métropole de Lyon, hors CTU);FR_OFGL;28;2024;Dépenses d'intervention;205130389.02;2620273.333333333;78.28587438206193
France (départements + Paris + Métropole de Lyon, hors CTU);FR_OFGL;28;2024;Charges financières;0.0;2620273.333333333;0.0
France (départements + Paris + Métropole de Lyon, hors CTU);FR_OFGL;28;2024;Autres dépenses de fonctionnement;8614218.009999998;2620273.333333333;3.287526495963525
France (départements + Paris + Métropole de Lyon, hors CTU);FR_OFGL;28;2024;Dépenses de fonctionnement;263835710.53;2620273.333333333;100.69014830386654
France (départements + Paris + Métropole de Lyon, hors CTU);FR_OFGL;28;2024;Dépenses totales hors remb;289342188.08;2620273.333333333;110.4244295429739
Paris (Ville de Paris);75;28;2025;Dépenses d'équipement;7435363.79;50731.99999999999;146.56161377434364
Paris (Ville de Paris);75;28;2025;Subventions d'équipement versées;191442.59;50731.99999999999;3.773606205156509
Paris (Ville de Paris);75;28;2025;Autres dépenses d'investissement;0.0;50731.99999999999;0.0
Paris (Ville de Paris);75;28;2025;Dépenses d'investissement hors remb;7626806.38;50731.99999999999;150.33521997950012
Paris (Ville de Paris);75;28;2025;Frais de personnel;7728242.54;50731.99999999999;152.33467121343534
Paris (Ville de Paris);75;28;2025;Achats et charges externes;17940021.2;50731.99999999999;353.6233777497438
Paris (Ville de Paris);75;28;2025;Dépenses d'intervention;137386243.89;50731.99999999999;2708.0786069936134
Paris (Ville de Paris);75;28;2025;Charges financières;0.0;50731.99999999999;0.0
Paris (Ville de Paris);75;28;2025;Autres dépenses de fonctionnement;52604.25;50731.99999999999;1.0369047149727983
Paris (Ville de Paris);75;28;2025;Dépenses de fonctionnement;163107111.88;50731.99999999999;3215.073560671766
Paris (Ville de Paris);75;28;2025;Dépenses totales hors remb;170733918.26;50731.99999999999;3365.4087806512657
Seine-et-Marne;77;28;2025;Dépenses d'équipement;0.0;75282.0;0.0
Seine-et-Marne;77;28;2025;Subventions d'équipement versées;0.0;75282.0;0.0
Seine-et-Marne;77;28;2025;Autres dépenses d'investissement;0.0;75282.0;0.0
Seine-et-Marne;77;28;2025;Dépenses d'investissement hors remb;0.0;75282.0;0.0
Seine-et-Marne;77;28;2025;Frais de personnel;0.0;75282.0;0.0
Seine-et-Marne;77;28;2025;Achats et charges externes;93864.54;75282.0;1.2468390850402487
Seine-et-Marne;77;28;2025;Dépenses d'intervention;384919.65;75282.0;5.113036980951622
Seine-et-Marne;77;28;2025;Charges financières;0.0;75282.0;0.0
Seine-et-Marne;77;28;2025;Autres dépenses de fonctionnement;-5.82076609134674e-11;75282.0;-7.731949325664489e-16
Seine-et-Marne;77;28;2025;Dépenses de fonctionnement;478784.19;75282.0;6.3598760659918705
Seine-et-Marne;77;28;2025;Dépenses totales hors remb;478784.19;75282.0;6.3598760659918705
Yvelines;78;28;2025;Dépenses d'équipement;16818.06;68174.0;0.24669316748320477
Yvelines;78;28;2025;Subventions d'équipement versées;0.0;68174.0;0.0
Yvelines;78;28;2025;Autres dépenses d'investissement;0.0;68174.0;0.0
Yvelines;78;28;2025;Dépenses d'investissement hors remb;16818.06;68174.0;0.24669316748320477
Yvelines;78;28;2025;Frais de personnel;0.0;68174.0;0.0
Yvelines;78;28;2025;Achats et charges externes;302468.43;68174.0;4.43671238301992
Yvelines;78;28;2025;Dépenses d'intervention;2583347.41;68174.0;37.89344046117289
Yvelines;78;28;2025;Charges financières;0.0;68174.0;0.0
Yvelines;78;28;2025;Autres dépenses de fonctionnement;498.709999999963;68174.0;0.007315252148912532
Yvelines;78;28;2025;Dépenses de fonctionnement;2886314.55;68174.0;42.33746809634171
Yvelines;78;28;2025;Dépenses totales hors remb;2903132.61;68174.0;42.58416126382492
Essonne;91;28;2025;Dépenses d'équipement;0.0;66111.0;0.0
Essonne;91;28;2025;Subventions d'équipement versées;0.0;66111.0;0.0
Essonne;91;28;2025;Autres dépenses d'investissement;0.0;66111.0;0.0
Essonne;91;28;2025;Dépenses d'investissement hors remb;0.0;66111.0;0.0
Essonne;91;28;2025;Frais de personnel;0.0;66111.0;0.0
Essonne;91;28;2025;Achats et charges externes;56104.43;66111.0;0.8486398632602744
Essonne;91;28;2025;Dépenses d'intervention;0.0;66111.0;0.0
Essonne;91;28;2025;Charges financières;0.0;66111.0;0.0
Essonne;91;28;2025;Autres dépenses de fonctionnement;0.0;66111.0;0.0
Essonne;91;28;2025;Dépenses de fonctionnement;56104.43;66111.0;0.8486398632602744
Essonne;91;28;2025;Dépenses totales hors remb;56104.43;66111.0;0.8486398632602744
Hauts-de-Seine;92;28;2025;Dépenses d'équipement;0.0;55232.0;0.0
Hauts-de-Seine;92;28;2025;Subventions d'équipement versées;0.0;55232.0;0.0
Hauts-de-Seine;92;28;2025;Autres dépenses d'investissement;0.0;55232.0;0.0
Hauts-de-Seine;92;28;2025;Dépenses d'investissement hors remb;0.0;55232.0;0.0
Hauts-de-Seine;92;28;2025;Frais de personnel;0.0;55232.0;0.0
Hauts-de-Seine;92;28;2025;Achats et charges externes;354299.35;55232.0;6.414747791135573
Hauts-de-Seine;92;28;2025;Dépenses d'intervention;504964.0;55232.0;9.142598493626883
Hauts-de-Seine;92;28;2025;Charges financières;0.0;55232.0;0.0
Hauts-de-Seine;92;28;2025;Autres dépenses de fonctionnement;-1.16415321826935e-10;55232.0;-2.1077513366695935e-15
Hauts-de-Seine;92;28;2025;Dépenses de fonctionnement;859263.35;55232.0;15.557346284762456
Hauts-de-Seine;92;28;2025;Dépenses totales hors remb;859263.35;55232.0;15.557346284762456
Seine-Saint-Denis;93;28;2025;Dépenses d'équipement;0.0;79017.66666666666;0.0
Seine-Saint-Denis;93;28;2025;Subventions d'équipement versées;0.0;79017.66666666666;0.0
Seine-Saint-Denis;93;28;2025;Autres dépenses d'investissement;0.0;79017.66666666666;0.0
Seine-Saint-Denis;93;28;2025;Dépenses d'investissement hors remb;0.0;79017.66666666666;0.0
Seine-Saint-Denis;93;28;2025;Frais de personnel;0.0;79017.66666666666;0.0
Seine-Saint-Denis;93;28;2025;Achats et charges externes;6779196.87;79017.66666666666;85.7934327344518
Seine-Saint-Denis;93;28;2025;Dépenses d'intervention;4240612.02;79017.66666666666;53.666631765892014
Seine-Saint-Denis;93;28;2025;Charges financières;0.0;79017.66666666666;0.0
Seine-Saint-Denis;93;28;2025;Autres dépenses de fonctionnement;-1.86264514923096e-09;79017.66666666666;-2.3572515208383275e-14
Seine-Saint-Denis;93;28;2025;Dépenses de fonctionnement;11019808.89;79017.66666666666;139.46006450034383
Seine-Saint-Denis;93;28;2025;Dépenses totales hors remb;11019808.89;79017.66666666666;139.46006450034383
Val-de-Marne;94;28;2025;Dépenses d'équipement;0.0;56929.666666666664;0.0
Val-de-Marne;94;28;2025;Subventions d'équipement versées;0.0;56929.666666666664;0.0
Val-de-Marne;94;28;2025;Autres dépenses d'investissement;0.0;56929.666666666664;0.0
Val-de-Marne;94;28;2025;Dépenses d'investissement hors remb;0.0;56929.666666666664;0.0
Val-de-Marne;94;28;2025;Frais de personnel;0.0;56929.666666666664;0.0
Val-de-Marne;94;28;2025;Achats et charges externes;4934.88;56929.666666666664;0.08668380282102478
Val-de-Marne;94;28;2025;Dépenses d'intervention;17070.0;56929.666666666664;0.29984366674668744
Val-de-Marne;94;28;2025;Charges financières;0.0;56929.666666666664;0.0
Val-de-Marne;94;28;2025;Autres dépenses de fonctionnement;0.0;56929.666666666664;0.0
Val-de-Marne;94;28;2025;Dépenses de fonctionnement;22004.88;56929.666666666664;0.3865274695677122
Val-de-Marne;94;28;2025;Dépenses totales hors remb;22004.88;56929.666666666664;0.3865274695677122
Val-d'Oise;95;28;2025;Dépenses d'équipement;25197.0;66558.0;0.37857207247813934
Val-d'Oise;95;28;2025;Subventions d'équipement versées;0.0;66558.0;0.0
Val-d'Oise;95;28;2025;Autres dépenses d'investissement;0.0;66558.0;0.0
Val-d'Oise;95;28;2025;Dépenses d'investissement hors remb;25197.0;66558.0;0.37857207247813934
Val-d'Oise;95;28;2025;Frais de personnel;0.0;66558.0;0.0
Val-d'Oise;95;28;2025;Achats et charges externes;400800.39;66558.0;6.021821418912828
Val-d'Oise;95;28;2025;Dépenses d'intervention;234973.0;66558.0;3.5303494696355058
Val-d'Oise;95;28;2025;Charges financières;0.0;66558.0;0.0
Val-d'Oise;95;28;2025;Autres dépenses de fonctionnement;0.0;66558.0;0.0
Val-d'Oise;95;28;2025;Dépenses de fonctionnement;635773.39;66558.0;9.552170888548334
Val-d'Oise;95;28;2025;Dépenses totales hors remb;660970.39;66558.0;9.930742961026473
France (départements + Paris + Métropole de Lyon, hors CTU);FR_OFGL;28;2025;Dépenses d'équipement;18031258.71;2601522.0;6.9310421783863445
France (départements + Paris + Métropole de Lyon, hors CTU);FR_OFGL;28;2025;Subventions d'équipement versées;4777737.93;2601522.0;1.8365164430667893
France (départements + Paris + Métropole de Lyon, hors CTU);FR_OFGL;28;2025;Autres dépenses d'investissement;0.0;2601522.0;0.0
France (départements + Paris + Métropole de Lyon, hors CTU);FR_OFGL;28;2025;Dépenses d'investissement hors remb;22808996.64;2601522.0;8.767558621453134
France (départements + Paris + Métropole de Lyon, hors CTU);FR_OFGL;28;2025;Frais de personnel;10998780.16;2601522.0;4.227825157734587
France (départements + Paris + Métropole de Lyon, hors CTU);FR_OFGL;28;2025;Achats et charges externes;42342507.64;2601522.0;16.276052111033465
France (départements + Paris + Métropole de Lyon, hors CTU);FR_OFGL;28;2025;Dépenses d'intervention;206752910.51999998;2601522.0;79.47382744408849
France (départements + Paris + Métropole de Lyon, hors CTU);FR_OFGL;28;2025;Charges financières;0.0;2601522.0;0.0
France (départements + Paris + Métropole de Lyon, hors CTU);FR_OFGL;28;2025;Autres dépenses de fonctionnement;8304164.439999995;2601522.0;3.192040828407369
France (départements + Paris + Métropole de Lyon, hors CTU);FR_OFGL;28;2025;Dépenses de fonctionnement;268398362.76;2601522.0;103.16974554126392
France (départements + Paris + Métropole de Lyon, hors CTU);FR_OFGL;28;2025;Dépenses totales hors remb;291207359.4;2601522.0;111.93730416271704
Paris (Ville de Paris);75;2;2022;Dépenses d'équipement;83910632.88;55012.33333333333;1525.3058322679158
Paris (Ville de Paris);75;2;2022;Subventions d'équipement versées;29222577.35;55012.33333333333;531.2004705005545
Paris (Ville de Paris);75;2;2022;Autres dépenses d'investissement;97883.0900000036;55012.33333333333;1.7792935523549922
Paris (Ville de Paris);75;2;2022;Dépenses d'investissement hors remb;113231093.32;55012.33333333333;2058.285596320825
Paris (Ville de Paris);75;2;2022;Frais de personnel;509646311.08;55012.33333333333;9264.219134133558
Paris (Ville de Paris);75;2;2022;Achats et charges externes;34861643.93;55012.33333333333;633.7059676920934
Paris (Ville de Paris);75;2;2022;Dépenses d'intervention;186876067.51;55012.33333333333;3396.9849338633157
Paris (Ville de Paris);75;2;2022;Charges financières;0.0;55012.33333333333;0.0
Paris (Ville de Paris);75;2;2022;Autres dépenses de fonctionnement;4960868.33000004;55012.33333333333;90.17738440470998
Paris (Ville de Paris);75;2;2022;Dépenses de fonctionnement;736344890.85;55012.33333333333;13385.087420093678
Paris (Ville de Paris);75;2;2022;Dépenses totales hors remb;849575984.17;55012.33333333333;15443.373016414502
Seine-et-Marne;77;2;2022;Dépenses d'équipement;88915853.04;74443.33333333333;1194.4098827743699
Seine-et-Marne;77;2;2022;Subventions d'équipement versées;1475595.04;74443.33333333333;19.82172175704115
Seine-et-Marne;77;2;2022;Autres dépenses d'investissement;0.0;74443.33333333333;0.0
Seine-et-Marne;77;2;2022;Dépenses d'investissement hors remb;90391448.08;74443.33333333333;1214.231604531411
Seine-et-Marne;77;2;2022;Frais de personnel;41578679.24;74443.33333333333;558.5279081180316
Seine-et-Marne;77;2;2022;Achats et charges externes;21828077.6;74443.33333333333;293.2173590650607
Seine-et-Marne;77;2;2022;Dépenses d'intervention;21330244.6;74443.33333333333;286.52995029776565
Seine-et-Marne;77;2;2022;Charges financières;0.0;74443.33333333333;0.0
Seine-et-Marne;77;2;2022;Autres dépenses de fonctionnement;451583.280000001;74443.33333333333;6.06613459902388
Seine-et-Marne;77;2;2022;Dépenses de fonctionnement;85188584.72;74443.33333333333;1144.3413520798817
Seine-et-Marne;77;2;2022;Dépenses totales hors remb;175580032.8;74443.33333333333;2358.572956611293
Yvelines;78;2;2022;Dépenses d'équipement;42839995.5;68006.0;629.9443504984854
Yvelines;78;2;2022;Subventions d'équipement versées;5985170.87;68006.0;88.00945313648796
Yvelines;78;2;2022;Autres dépenses d'investissement;0.0;68006.0;0.0
Yvelines;78;2;2022;Dépenses d'investissement hors remb;48825166.37;68006.0;717.9538036349734
Yvelines;78;2;2022;Frais de personnel;19266661.59;68006.0;283.3082608887451
Yvelines;78;2;2022;Achats et charges externes;14848058.56;68006.0;218.33453754080523
Yvelines;78;2;2022;Dépenses d'intervention;18761733.38;68006.0;275.8835011616622
Yvelines;78;2;2022;Charges financières;0.0;68006.0;0.0
Yvelines;78;2;2022;Autres dépenses de fonctionnement;36846132.65;68006.0;541.807085404229
Yvelines;78;2;2022;Dépenses de fonctionnement;89722586.18;68006.0;1319.3333849954417
Yvelines;78;2;2022;Dépenses totales hors remb;138547752.55;68006.0;2037.2871886304151
Essonne;91;2;2022;Dépenses d'équipement;68101333.0;64866.33333333333;1049.8717824860355
Essonne;91;2;2022;Subventions d'équipement versées;3459179.22;64866.33333333333;53.32780569273224
Essonne;91;2;2022;Autres dépenses d'investissement;0.0;64866.33333333333;0.0
Essonne;91;2;2022;Dépenses d'investissement hors remb;71560512.22;64866.33333333333;1103.1995881787677
Essonne;91;2;2022;Frais de personnel;44367630.61;64866.33333333333;683.9854872327196
Essonne;91;2;2022;Achats et charges externes;25844292.95;64866.33333333333;398.42382977302043
Essonne;91;2;2022;Dépenses d'intervention;20695604.02;64866.33333333333;319.0500057040376
Essonne;91;2;2022;Charges financières;0.0;64866.33333333333;0.0
Essonne;91;2;2022;Autres dépenses de fonctionnement;4972263.18000001;64866.33333333333;76.6539886638679
Essonne;91;2;2022;Dépenses de fonctionnement;95879790.76;64866.33333333333;1478.1133113736455
Essonne;91;2;2022;Dépenses totales hors remb;167440302.98;64866.33333333333;2581.312899552413
Hauts-de-Seine;92;2;2022;Dépenses d'équipement;109286944.53;56958.33333333333;1918.7173875054866
Hauts-de-Seine;92;2;2022;Subventions d'équipement versées;13495496.7;56958.33333333333;236.93629904901243
Hauts-de-Seine;92;2;2022;Autres dépenses d'investissement;0.0;56958.33333333333;0.0
Hauts-de-Seine;92;2;2022;Dépenses d'investissement hors remb;122782441.23;56958.33333333333;2155.653686554499
Hauts-de-Seine;92;2;2022;Frais de personnel;39866019.77;56958.33333333333;699.915489743965
Hauts-de-Seine;92;2;2022;Achats et charges externes;41841233.7;56958.33333333333;734.5937152889541
Hauts-de-Seine;92;2;2022;Dépenses d'intervention;25162732.7;56958.33333333333;441.77438536942213
Hauts-de-Seine;92;2;2022;Charges financières;480094.2;56958.33333333333;8.42886671543526
Hauts-de-Seine;92;2;2022;Autres dépenses de fonctionnement;1111007.01000001;56958.33333333333;19.505609539136973
Hauts-de-Seine;92;2;2022;Dépenses de fonctionnement;108461087.38;56958.33333333333;1904.218066656913
Hauts-de-Seine;92;2;2022;Dépenses totales hors remb;231243528.61;56958.33333333333;4059.8717532114124
Seine-Saint-Denis;93;2;2022;Dépenses d'équipement;61215897.59;78636.0;778.4716617071063
Seine-Saint-Denis;93;2;2022;Subventions d'équipement versées;1101115.68;78636.0;14.00269189684114
Seine-Saint-Denis;93;2;2022;Autres dépenses d'investissement;0.0;78636.0;0.0
Seine-Saint-Denis;93;2;2022;Dépenses d'investissement hors remb;62317013.27;78636.0;792.4743536039473
Seine-Saint-Denis;93;2;2022;Frais de personnel;69123797.63;78636.0;879.0350174220458
Seine-Saint-Denis;93;2;2022;Achats et charges externes;27793088.84;78636.0;353.43975838038557
Seine-Saint-Denis;93;2;2022;Dépenses d'intervention;27969336.78;78636.0;355.68107202807875
Seine-Saint-Denis;93;2;2022;Charges financières;6168888.3;78636.0;78.44865328857011
Seine-Saint-Denis;93;2;2022;Autres dépenses de fonctionnement;370354.969999999;78636.0;4.709738160638881
Seine-Saint-Denis;93;2;2022;Dépenses de fonctionnement;131425466.52;78636.0;1671.3142392797192
Seine-Saint-Denis;93;2;2022;Dépenses totales hors remb;193742479.79;78636.0;2463.7885928836663
Val-de-Marne;94;2;2022;Dépenses d'équipement;87964043.53;56561.33333333333;1555.197488213385
Val-de-Marne;94;2;2022;Subventions d'équipement versées;2050124.66;56561.33333333333;36.24604547276113
Val-de-Marne;94;2;2022;Autres dépenses d'investissement;0.0;56561.33333333333;0.0
Val-de-Marne;94;2;2022;Dépenses d'investissement hors remb;90014168.19;56561.33333333333;1591.443533686146
Val-de-Marne;94;2;2022;Frais de personnel;40305496.11;56561.33333333333;712.5980547959738
Val-de-Marne;94;2;2022;Achats et charges externes;9022523.97;56561.33333333333;159.5175261662856
Val-de-Marne;94;2;2022;Dépenses d'intervention;26705603.16;56561.33333333333;472.1529989863511
Val-de-Marne;94;2;2022;Charges financières;0.0;56561.33333333333;0.0
Val-de-Marne;94;2;2022;Autres dépenses de fonctionnement;33969.150000006;56561.33333333333;0.6005719454987978
Val-de-Marne;94;2;2022;Dépenses de fonctionnement;76067592.39;56561.33333333333;1344.869151894109
Val-de-Marne;94;2;2022;Dépenses totales hors remb;166081760.58;56561.33333333333;2936.3126855802557
Val-d'Oise;95;2;2022;Dépenses d'équipement;68791863.03;64621.666666666664;1064.5324792510253
Val-d'Oise;95;2;2022;Subventions d'équipement versées;4513001.08;64621.666666666664;69.83727459830294
Val-d'Oise;95;2;2022;Autres dépenses d'investissement;15000.0;64621.666666666664;0.23212028989245095
Val-d'Oise;95;2;2022;Dépenses d'investissement hors remb;73319864.11;64621.666666666664;1134.6018741392206
Val-d'Oise;95;2;2022;Frais de personnel;41904829.05;64621.666666666664;648.4640711319732
Val-d'Oise;95;2;2022;Achats et charges externes;21513213.36;64621.666666666664;332.91022144275655
Val-d'Oise;95;2;2022;Dépenses d'intervention;22544530.29;64621.666666666664;348.86952709359605
Val-d'Oise;95;2;2022;Charges financières;0.0;64621.666666666664;0.0
Val-d'Oise;95;2;2022;Autres dépenses de fonctionnement;2195464.47;64621.666666666664;33.97412328166508
Val-d'Oise;95;2;2022;Dépenses de fonctionnement;88158037.17;64621.666666666664;1364.217942949991
Val-d'Oise;95;2;2022;Dépenses totales hors remb;161477901.28;64621.666666666664;2498.8198170892115
France (départements + Paris + Métropole de Lyon, hors CTU);FR_OFGL;2;2022;Dépenses d'équipement;2592485948.88;2629587.6666666665;985.8906708998611
France (départements + Paris + Métropole de Lyon, hors CTU);FR_OFGL;2;2022;Subventions d'équipement versées;246988310.94;2629587.6666666665;93.92663118666387
France (départements + Paris + Métropole de Lyon, hors CTU);FR_OFGL;2;2022;Autres dépenses d'investissement;9748654.189999964;2629587.6666666665;3.707293852027231
France (départements + Paris + Métropole de Lyon, hors CTU);FR_OFGL;2;2022;Dépenses d'investissement hors remb;2849222914.0099998;2629587.6666666665;1083.524595938552
France (départements + Paris + Métropole de Lyon, hors CTU);FR_OFGL;2;2022;Frais de personnel;2357749082.61;2629587.6666666665;896.6231141473005
France (départements + Paris + Métropole de Lyon, hors CTU);FR_OFGL;2;2022;Achats et charges externes;506582210.22;2629587.6666666665;192.6470133099448
France (départements + Paris + Métropole de Lyon, hors CTU);FR_OFGL;2;2022;Dépenses d'intervention;1454261862.1299999;2629587.6666666665;553.0379840781121
France (départements + Paris + Métropole de Lyon, hors CTU);FR_OFGL;2;2022;Charges financières;14415304.36;2629587.6666666665;5.481963785703791
France (départements + Paris + Métropole de Lyon, hors CTU);FR_OFGL;2;2022;Autres dépenses de fonctionnement;87867188.67000003;2629587.6666666665;33.414816240518334
France (départements + Paris + Métropole de Lyon, hors CTU);FR_OFGL;2;2022;Dépenses de fonctionnement;4420875647.99;2629587.6666666665;1681.2048915615794
France (départements + Paris + Métropole de Lyon, hors CTU);FR_OFGL;2;2022;Dépenses totales hors remb;7270098562.0;2629587.6666666665;2764.7294875001317
Paris (Ville de Paris);75;2;2023;Dépenses d'équipement;89182556.39;53734.66666666666;1659.6838116299846
Paris (Ville de Paris);75;2;2023;Subventions d'équipement versées;8847307.65;53734.66666666666;164.6480419220367
Paris (Ville de Paris);75;2;2023;Autres dépenses d'investissement;179859.799999997;53734.66666666666;3.347183692712284
Paris (Ville de Paris);75;2;2023;Dépenses d'investissement hors remb;98209723.84;53734.66666666666;1827.6790372447338
Paris (Ville de Paris);75;2;2023;Frais de personnel;532524314.79;53734.66666666666;9910.256224225208
Paris (Ville de Paris);75;2;2023;Achats et charges externes;36466570.62;53734.66666666666;678.6414224212799
Paris (Ville de Paris);75;2;2023;Dépenses d'intervention;208463970.82;53734.66666666666;3879.5061689536246
Paris (Ville de Paris);75;2;2023;Charges financières;0.0;53734.66666666666;0.0
Paris (Ville de Paris);75;2;2023;Autres dépenses de fonctionnement;7168879.91999996;53734.66666666666;133.41256891888466
Paris (Ville de Paris);75;2;2023;Dépenses de fonctionnement;784623736.15;53734.66666666666;14601.816384518997
Paris (Ville de Paris);75;2;2023;Dépenses totales hors remb;882833459.99;53734.66666666666;16429.49542176373
Seine-et-Marne;77;2;2023;Dépenses d'équipement;95864814.99;74761.0;1282.2837440644184
Seine-et-Marne;77;2;2023;Subventions d'équipement versées;167199.47;74761.0;2.2364530972030874
Seine-et-Marne;77;2;2023;Autres dépenses d'investissement;0.0;74761.0;0.0
Seine-et-Marne;77;2;2023;Dépenses d'investissement hors remb;96032014.46;74761.0;1284.5201971616216
Seine-et-Marne;77;2;2023;Frais de personnel;40977660.76;74761.0;548.1154714356416
Seine-et-Marne;77;2;2023;Achats et charges externes;34427166.59;74761.0;460.49633619132976
Seine-et-Marne;77;2;2023;Dépenses d'intervention;22320184.31;74761.0;298.5538490656893
Seine-et-Marne;77;2;2023;Charges financières;0.0;74761.0;0.0
Seine-et-Marne;77;2;2023;Autres dépenses de fonctionnement;892348.559999987;74761.0;11.936016907210805
Seine-et-Marne;77;2;2023;Dépenses de fonctionnement;98617360.22;74761.0;1319.1016735998717
Seine-et-Marne;77;2;2023;Dépenses totales hors remb;194649374.68;74761.0;2603.6218707614935
Yvelines;78;2;2023;Dépenses d'équipement;77376268.01;68350.33333333333;1132.0539964691714
Yvelines;78;2;2023;Subventions d'équipement versées;8044969.24;68350.33333333333;117.7019752159219
Yvelines;78;2;2023;Autres dépenses d'investissement;6726.00999999046;68350.33333333333;0.09840493340667142
Yvelines;78;2;2023;Dépenses d'investissement hors remb;85427963.26;68350.33333333333;1249.8543766185
Yvelines;78;2;2023;Frais de personnel;13130818.79;68350.33333333333;192.11053040463105
Yvelines;78;2;2023;Achats et charges externes;23168631.44;68350.33333333333;338.96881419744363
Yvelines;78;2;2023;Dépenses d'intervention;19698127.88;68350.33333333333;288.1935891071002
Yvelines;78;2;2023;Charges financières;0.0;68350.33333333333;0.0
Yvelines;78;2;2023;Autres dépenses de fonctionnement;39673502.14;68350.33333333333;580.4434331946687
Yvelines;78;2;2023;Dépenses de fonctionnement;95671080.25;68350.33333333333;1399.7163669038434
Yvelines;78;2;2023;Dépenses totales hors remb;181099043.51;68350.33333333333;2649.5707435223435
Essonne;91;2;2023;Dépenses d'équipement;80914184.74;65510.99999999999;1235.123639388805
Essonne;91;2;2023;Subventions d'équipement versées;1406842.53;65510.99999999999;21.474905435728353
Essonne;91;2;2023;Autres dépenses d'investissement;0.0;65510.99999999999;0.0
Essonne;91;2;2023;Dépenses d'investissement hors remb;82321027.27;65510.99999999999;1256.5985448245333
Essonne;91;2;2023;Frais de personnel;44570081.07;65510.99999999999;680.3449965654623
Essonne;91;2;2023;Achats et charges externes;41887576.47;65510.99999999999;639.397604524431
Essonne;91;2;2023;Dépenses d'intervention;19943022.53;65510.99999999999;304.42250202256116
Essonne;91;2;2023;Charges financières;0.0;65510.99999999999;0.0
Essonne;91;2;2023;Autres dépenses de fonctionnement;1530724.65000001;65510.99999999999;23.365917937445772
Essonne;91;2;2023;Dépenses de fonctionnement;107931404.72;65510.99999999999;1647.5310210499001
Essonne;91;2;2023;Dépenses totales hors remb;190252431.99;65510.99999999999;2904.129565874434
Hauts-de-Seine;92;2;2023;Dépenses d'équipement;77484105.31;56433.33333333333;1373.0201767867693
Hauts-de-Seine;92;2;2023;Subventions d'équipement versées;15374447.12;56433.33333333333;272.43556621382163
Hauts-de-Seine;92;2;2023;Autres dépenses d'investissement;0.0;56433.33333333333;0.0
Hauts-de-Seine;92;2;2023;Dépenses d'investissement hors remb;92858552.43;56433.33333333333;1645.455743000591
Hauts-de-Seine;92;2;2023;Frais de personnel;38708718.61;56433.33333333333;685.9194083284111
Hauts-de-Seine;92;2;2023;Achats et charges externes;63938652.08;56433.33333333333;1132.994425516834
Hauts-de-Seine;92;2;2023;Dépenses d'intervention;28546947.8;56433.33333333333;505.85258948611937
Hauts-de-Seine;92;2;2023;Charges financières;388905.43;56433.33333333333;6.8914134081512115
Hauts-de-Seine;92;2;2023;Autres dépenses de fonctionnement;2720914.7;56433.33333333333;48.214672770230365
Hauts-de-Seine;92;2;2023;Dépenses de fonctionnement;134304138.62;56433.33333333333;2379.872509509746
Hauts-de-Seine;92;2;2023;Dépenses totales hors remb;227162691.05;56433.33333333333;4025.3282525103373
Seine-Saint-Denis;93;2;2023;Dépenses d'équipement;76960215.16;78903.33333333333;975.3734336529932
Seine-Saint-Denis;93;2;2023;Subventions d'équipement versées;1211803.62;78903.33333333333;15.358078915128218
Seine-Saint-Denis;93;2;2023;Autres dépenses d'investissement;963300.0;78903.33333333333;12.208609691183305
Seine-Saint-Denis;93;2;2023;Dépenses d'investissement hors remb;79135318.78;78903.33333333333;1002.9401222593048
Seine-Saint-Denis;93;2;2023;Frais de personnel;72588485.04;78903.33333333333;919.9672811457059
Seine-Saint-Denis;93;2;2023;Achats et charges externes;39970438.62;78903.33333333333;506.5747786743272
Seine-Saint-Denis;93;2;2023;Dépenses d'intervention;24400352.14;78903.33333333333;309.24361632377173
Seine-Saint-Denis;93;2;2023;Charges financières;6626592.55;78903.33333333333;83.98368319885091
Seine-Saint-Denis;93;2;2023;Autres dépenses de fonctionnement;606474.089999974;78903.33333333333;7.686292383084458
Seine-Saint-Denis;93;2;2023;Dépenses de fonctionnement;144192342.44;78903.33333333333;1827.4556517257404
Seine-Saint-Denis;93;2;2023;Dépenses totales hors remb;223327661.22;78903.33333333333;2830.3957739850453
Val-de-Marne;94;2;2023;Dépenses d'équipement;82672298.77;56841.666666666664;1454.4312934173875
Val-de-Marne;94;2;2023;Subventions d'équipement versées;1858983.28;56841.666666666664;32.70458783169624
Val-de-Marne;94;2;2023;Autres dépenses d'investissement;0.0;56841.666666666664;0.0
Val-de-Marne;94;2;2023;Dépenses d'investissement hors remb;84531282.05;56841.666666666664;1487.1358812490837
Val-de-Marne;94;2;2023;Frais de personnel;44718217.24;56841.666666666664;786.7154477056151
Val-de-Marne;94;2;2023;Achats et charges externes;8206895.5;56841.666666666664;144.38168303767776
Val-de-Marne;94;2;2023;Dépenses d'intervention;28366987.4;56841.666666666664;499.05270312270926
Val-de-Marne;94;2;2023;Charges financières;0.0;56841.666666666664;0.0
Val-de-Marne;94;2;2023;Autres dépenses de fonctionnement;24356.75;56841.666666666664;0.42850168596979915
Val-de-Marne;94;2;2023;Dépenses de fonctionnement;81316456.89;56841.666666666664;1430.578335551972
Val-de-Marne;94;2;2023;Dépenses totales hors remb;165847738.94;56841.666666666664;2917.7142168010555
Val-d'Oise;95;2;2023;Dépenses d'équipement;59453025.11;65405.33333333333;908.9935343193216
Val-d'Oise;95;2;2023;Subventions d'équipement versées;7562439.74;65405.33333333333;115.62420607901498
Val-d'Oise;95;2;2023;Autres dépenses d'investissement;0.0;65405.33333333333;0.0
Val-d'Oise;95;2;2023;Dépenses d'investissement hors remb;67015464.85;65405.33333333333;1024.6177403983365
Val-d'Oise;95;2;2023;Frais de personnel;43561329.2;65405.33333333333;666.0210563868391
Val-d'Oise;95;2;2023;Achats et charges externes;24007180.45;65405.33333333333;367.0523369653851
Val-d'Oise;95;2;2023;Dépenses d'intervention;23896531.27;65405.33333333333;365.3605914400457
Val-d'Oise;95;2;2023;Charges financières;0.0;65405.33333333333;0.0
Val-d'Oise;95;2;2023;Autres dépenses de fonctionnement;0.0;65405.33333333333;0.0
Val-d'Oise;95;2;2023;Dépenses de fonctionnement;91465040.92;65405.33333333333;1398.43398479227
Val-d'Oise;95;2;2023;Dépenses totales hors remb;158480505.77;65405.33333333333;2423.0517251906067
France (départements + Paris + Métropole de Lyon, hors CTU);FR_OFGL;2;2023;Dépenses d'équipement;2600874540.86;2630415.6666666665;988.7694077475969
France (départements + Paris + Métropole de Lyon, hors CTU);FR_OFGL;2;2023;Subventions d'équipement versées;230720880.18;2630415.6666666665;87.71270757840935
France (départements + Paris + Métropole de Lyon, hors CTU);FR_OFGL;2;2023;Autres dépenses d'investissement;7580063.629999997;2630415.6666666665;2.8816980244060275
France (départements + Paris + Métropole de Lyon, hors CTU);FR_OFGL;2;2023;Dépenses d'investissement hors remb;2839175484.67;2630415.6666666665;1079.3638133504123
France (départements + Paris + Métropole de Lyon, hors CTU);FR_OFGL;2;2023;Frais de personnel;2417586687.62;2630415.6666666665;919.0892216223874
France (départements + Paris + Métropole de Lyon, hors CTU);FR_OFGL;2;2023;Achats et charges externes;634288125.21;2630415.6666666665;241.13608098061056
France (départements + Paris + Métropole de Lyon, hors CTU);FR_OFGL;2;2023;Dépenses d'intervention;1658017940.09;2630415.6666666665;630.3254504985081
France (départements + Paris + Métropole de Lyon, hors CTU);FR_OFGL;2;2023;Charges financières;14264161.08;2630415.6666666665;5.422778331485506
France (départements + Paris + Métropole de Lyon, hors CTU);FR_OFGL;2;2023;Autres dépenses de fonctionnement;92857811.04999991;2630415.6666666665;35.30157314173536
France (départements + Paris + Métropole de Lyon, hors CTU);FR_OFGL;2;2023;Dépenses de fonctionnement;4817014725.05;2630415.6666666665;1831.275104574727
France (départements + Paris + Métropole de Lyon, hors CTU);FR_OFGL;2;2023;Dépenses totales hors remb;7656190209.72;2630415.6666666665;2910.638917925139
Paris (Ville de Paris);75;2;2024;Dépenses d'équipement;82542988.07;52291.33333333333;1578.5213879291662
Paris (Ville de Paris);75;2;2024;Subventions d'équipement versées;17650720.89;52291.33333333333;337.54581810880074
Paris (Ville de Paris);75;2;2024;Autres dépenses d'investissement;237088.010000005;52291.33333333333;4.533982877978601
Paris (Ville de Paris);75;2;2024;Dépenses d'investissement hors remb;100430796.97;52291.33333333333;1920.6011889159454
Paris (Ville de Paris);75;2;2024;Frais de personnel;563239905.28;52291.33333333333;10771.190355571987
Paris (Ville de Paris);75;2;2024;Achats et charges externes;36302891.04;52291.33333333333;694.242979206242
Paris (Ville de Paris);75;2;2024;Dépenses d'intervention;227528366.03;52291.33333333333;4351.167804033811
Paris (Ville de Paris);75;2;2024;Charges financières;0.0;52291.33333333333;0.0
Paris (Ville de Paris);75;2;2024;Autres dépenses de fonctionnement;7714475.2700001;52291.33333333333;147.52875435062728
Paris (Ville de Paris);75;2;2024;Dépenses de fonctionnement;834785637.62;52291.33333333333;15964.129893162668
Paris (Ville de Paris);75;2;2024;Dépenses totales hors remb;935216434.59;52291.33333333333;17884.73108207861
Seine-et-Marne;77;2;2024;Dépenses d'équipement;101127209.84;75178.66666666666;1345.1583317962545
Seine-et-Marne;77;2;2024;Subventions d'équipement versées;1234968.59;75178.66666666666;16.427114828674803
Seine-et-Marne;77;2;2024;Autres dépenses d'investissement;0.0;75178.66666666666;0.0
Seine-et-Marne;77;2;2024;Dépenses d'investissement hors remb;102362178.43;75178.66666666666;1361.5854466249293
Seine-et-Marne;77;2;2024;Frais de personnel;50430194.13;75178.66666666666;670.8045828160472
Seine-et-Marne;77;2;2024;Achats et charges externes;27942072.54;75178.66666666666;371.6755534371453
Seine-et-Marne;77;2;2024;Dépenses d'intervention;20204116.42;75178.66666666666;268.7480014720489
Seine-et-Marne;77;2;2024;Charges financières;0.0;75178.66666666666;0.0
Seine-et-Marne;77;2;2024;Autres dépenses de fonctionnement;5925700.29000001;75178.66666666666;78.821566712188
Seine-et-Marne;77;2;2024;Dépenses de fonctionnement;104502083.38;75178.66666666666;1390.0497044374292
Seine-et-Marne;77;2;2024;Dépenses totales hors remb;206864261.81;75178.66666666666;2751.6351510623585
Yvelines;78;2;2024;Dépenses d'équipement;125626674.35;68496.66666666666;1834.0552973380702
Yvelines;78;2;2024;Subventions d'équipement versées;3726597.53;68496.66666666666;54.40553112073581
Yvelines;78;2;2024;Autres dépenses d'investissement;1793786.71000001;68496.66666666666;26.18794165166203
Yvelines;78;2;2024;Dépenses d'investissement hors remb;131147058.59;68496.66666666666;1914.648770110468
Yvelines;78;2;2024;Frais de personnel;21203839.77;68496.66666666666;309.5601698866125
Yvelines;78;2;2024;Achats et charges externes;23224375.84;68496.66666666666;339.0584822619106
Yvelines;78;2;2024;Dépenses d'intervention;17184378.9;68496.66666666666;250.87905348192126
Yvelines;78;2;2024;Charges financières;0.0;68496.66666666666;0.0
Yvelines;78;2;2024;Autres dépenses de fonctionnement;38960001.81;68496.66666666666;568.7868287021267
Yvelines;78;2;2024;Dépenses de fonctionnement;100572596.32;68496.66666666666;1468.284534332571
Yvelines;78;2;2024;Dépenses totales hors remb;231719654.91;68496.66666666666;3382.933304443039
Essonne;91;2;2024;Dépenses d'équipement;69554857.13;65790.33333333333;1057.2200140344833
Essonne;91;2;2024;Subventions d'équipement versées;296021.21;65790.33333333333;4.4994635990089735
Essonne;91;2;2024;Autres dépenses d'investissement;0.0;65790.33333333333;0.0
Essonne;91;2;2024;Dépenses d'investissement hors remb;69850878.34;65790.33333333333;1061.7194776334925
Essonne;91;2;2024;Frais de personnel;45610108.36;65790.33333333333;693.2645884147114
Essonne;91;2;2024;Achats et charges externes;37704396.24;65790.33333333333;573.0993343500312
Essonne;91;2;2024;Dépenses d'intervention;19772917.29;65790.33333333333;300.5444156943016
Essonne;91;2;2024;Charges financières;0.0;65790.33333333333;0.0
Essonne;91;2;2024;Autres dépenses de fonctionnement;279001.590000004;65790.33333333333;4.240768755288325
Essonne;91;2;2024;Dépenses de fonctionnement;103366423.48;65790.33333333333;1571.1491072143326
Essonne;91;2;2024;Dépenses totales hors remb;173217301.82;65790.33333333333;2632.868584847825
Hauts-de-Seine;92;2;2024;Dépenses d'équipement;110305941.94;55972.0;1970.7343303794755
Hauts-de-Seine;92;2;2024;Subventions d'équipement versées;18379457.43;55972.0;328.3687813549632
Hauts-de-Seine;92;2;2024;Autres dépenses d'investissement;0.0;55972.0;0.0
Hauts-de-Seine;92;2;2024;Dépenses d'investissement hors remb;128685399.37;55972.0;2299.1031117344387
Hauts-de-Seine;92;2;2024;Frais de personnel;37935973.01;55972.0;677.7669729507611
Hauts-de-Seine;92;2;2024;Achats et charges externes;68044349.31;55972.0;1215.6855090045024
Hauts-de-Seine;92;2;2024;Dépenses d'intervention;28154467.85;55972.0;503.0098593939827
Hauts-de-Seine;92;2;2024;Charges financières;301808.17;55972.0;5.392127670978346
Hauts-de-Seine;92;2;2024;Autres dépenses de fonctionnement;7308979.47;55972.0;130.58278192667763
Hauts-de-Seine;92;2;2024;Dépenses de fonctionnement;141745577.81;55972.0;2532.437250946902
Hauts-de-Seine;92;2;2024;Dépenses totales hors remb;270430977.18;55972.0;4831.54036268134
Seine-Saint-Denis;93;2;2024;Dépenses d'équipement;86127571.12;78941.0;1091.0372445243918
Seine-Saint-Denis;93;2;2024;Subventions d'équipement versées;200687.0;78941.0;2.542240407392863
Seine-Saint-Denis;93;2;2024;Autres dépenses d'investissement;507972.569999993;78941.0;6.434838296955866
Seine-Saint-Denis;93;2;2024;Dépenses d'investissement hors remb;86836230.69;78941.0;1100.0143232287405
Seine-Saint-Denis;93;2;2024;Frais de personnel;73893698.82;78941.0;936.0623607504338
Seine-Saint-Denis;93;2;2024;Achats et charges externes;42923620.09;78941.0;543.7430497460128
Seine-Saint-Denis;93;2;2024;Dépenses d'intervention;25623282.0;78941.0;324.5877554122699
Seine-Saint-Denis;93;2;2024;Charges financières;6337581.87;78941.0;80.28251314272684
Seine-Saint-Denis;93;2;2024;Autres dépenses de fonctionnement;136600.139999986;78941.0;1.7304080262472732
Seine-Saint-Denis;93;2;2024;Dépenses de fonctionnement;148914782.92;78941.0;1886.4060870776907
Seine-Saint-Denis;93;2;2024;Dépenses totales hors remb;235751013.61;78941.0;2986.4204103064317
Val-de-Marne;94;2;2024;Dépenses d'équipement;68382333.19;57001.0;1199.6690091401904
Val-de-Marne;94;2;2024;Subventions d'équipement versées;231034.94;57001.0;4.0531734530973145
Val-de-Marne;94;2;2024;Autres dépenses d'investissement;0.0;57001.0;0.0
Val-de-Marne;94;2;2024;Dépenses d'investissement hors remb;68613368.13;57001.0;1203.7221825932877
Val-de-Marne;94;2;2024;Frais de personnel;46309613.36;57001.0;812.4351039455448
Val-de-Marne;94;2;2024;Achats et charges externes;7978507.93;57001.0;139.9713676953036
Val-de-Marne;94;2;2024;Dépenses d'intervention;28707302.02;57001.0;503.6280419641761
Val-de-Marne;94;2;2024;Charges financières;0.0;57001.0;0.0
Val-de-Marne;94;2;2024;Autres dépenses de fonctionnement;160.0;57001.0;0.0028069682988017754
Val-de-Marne;94;2;2024;Dépenses de fonctionnement;82995583.31;57001.0;1456.0373205733233
Val-de-Marne;94;2;2024;Dépenses totales hors remb;151608951.44;57001.0;2659.759503166611
Val-d'Oise;95;2;2024;Dépenses d'équipement;82197492.36;66037.33333333333;1244.7124711274432
Val-d'Oise;95;2;2024;Subventions d'équipement versées;10597429.72;66037.33333333333;160.47634247294462
Val-d'Oise;95;2;2024;Autres dépenses d'investissement;0.0;66037.33333333333;0.0
Val-d'Oise;95;2;2024;Dépenses d'investissement hors remb;92794922.08;66037.33333333333;1405.1888136003877
Val-d'Oise;95;2;2024;Frais de personnel;44463902.29;66037.33333333333;673.3146244043774
Val-d'Oise;95;2;2024;Achats et charges externes;21894119.96;66037.33333333333;331.5415516475529
Val-d'Oise;95;2;2024;Dépenses d'intervention;24413669.61;66037.33333333333;369.6949646159748
Val-d'Oise;95;2;2024;Charges financières;0.0;66037.33333333333;0.0
Val-d'Oise;95;2;2024;Autres dépenses de fonctionnement;109459.310000002;66037.33333333333;1.6575367973671764
Val-d'Oise;95;2;2024;Dépenses de fonctionnement;90881151.17;66037.33333333333;1376.2086774652723
Val-d'Oise;95;2;2024;Dépenses totales hors remb;183676073.25;66037.33333333333;2781.3974910656602
France (départements + Paris + Métropole de Lyon, hors CTU);FR_OFGL;2;2024;Dépenses d'équipement;2641108678.64;2620273.333333333;1007.951592317341
France (départements + Paris + Métropole de Lyon, hors CTU);FR_OFGL;2;2024;Subventions d'équipement versées;244581277.63;2620273.333333333;93.34189472472339
France (départements + Paris + Métropole de Lyon, hors CTU);FR_OFGL;2;2024;Autres dépenses d'investissement;10720676.65;2620273.333333333;4.091434475029323
France (départements + Paris + Métropole de Lyon, hors CTU);FR_OFGL;2;2024;Dépenses d'investissement hors remb;2896410632.92;2620273.333333333;1105.3849215170937
France (départements + Paris + Métropole de Lyon, hors CTU);FR_OFGL;2;2024;Frais de personnel;2513131299.31;2620273.333333333;959.1103597245581
France (départements + Paris + Métropole de Lyon, hors CTU);FR_OFGL;2;2024;Achats et charges externes;629375215.49;2620273.333333333;240.19448943876088
France (départements + Paris + Métropole de Lyon, hors CTU);FR_OFGL;2;2024;Dépenses d'intervention;1618131712.21;2620273.333333333;617.5430981284396
France (départements + Paris + Métropole de Lyon, hors CTU);FR_OFGL;2;2024;Charges financières;13311208.42;2620273.333333333;5.080083917453905
France (départements + Paris + Métropole de Lyon, hors CTU);FR_OFGL;2;2024;Autres dépenses de fonctionnement;109972381.73000005;2620273.333333333;41.96981296989375
France (départements + Paris + Métropole de Lyon, hors CTU);FR_OFGL;2;2024;Dépenses de fonctionnement;4883921817.16;2620273.333333333;1863.8978441791062
France (départements + Paris + Métropole de Lyon, hors CTU);FR_OFGL;2;2024;Dépenses totales hors remb;7780332450.08;2620273.333333333;2969.2827656962
Paris (Ville de Paris);75;2;2025;Dépenses d'équipement;95161306.19;50731.99999999999;1875.7649252937003
Paris (Ville de Paris);75;2;2025;Subventions d'équipement versées;13744939.59;50731.99999999999;270.9323423086021
Paris (Ville de Paris);75;2;2025;Autres dépenses d'investissement;129151.450000003;50731.99999999999;2.545759086966865
Paris (Ville de Paris);75;2;2025;Dépenses d'investissement hors remb;109035397.23;50731.99999999999;2149.2430266892693
Paris (Ville de Paris);75;2;2025;Frais de personnel;585328006.13;50731.99999999999;11537.648942087835
Paris (Ville de Paris);75;2;2025;Achats et charges externes;38478480.65;50731.99999999999;758.465675510526
Paris (Ville de Paris);75;2;2025;Dépenses d'intervention;233594901.02;50731.99999999999;4604.488311519358
Paris (Ville de Paris);75;2;2025;Charges financières;0.0;50731.99999999999;0.0
Paris (Ville de Paris);75;2;2025;Autres dépenses de fonctionnement;7064640.35000002;50731.99999999999;139.2541265867701
Paris (Ville de Paris);75;2;2025;Dépenses de fonctionnement;864466028.15;50731.99999999999;17039.857055704488
Paris (Ville de Paris);75;2;2025;Dépenses totales hors remb;973501425.38;50731.99999999999;19189.100082393757
Seine-et-Marne;77;2;2025;Dépenses d'équipement;99539436.66;75282.0;1322.2209380728461
Seine-et-Marne;77;2;2025;Subventions d'équipement versées;666272.6;75282.0;8.850357323131691
Seine-et-Marne;77;2;2025;Autres dépenses d'investissement;0.0;75282.0;0.0
Seine-et-Marne;77;2;2025;Dépenses d'investissement hors remb;100205709.26;75282.0;1331.0712953959778
Seine-et-Marne;77;2;2025;Frais de personnel;41156387.53;75282.0;546.6962558114822
Seine-et-Marne;77;2;2025;Achats et charges externes;21729890.63;75282.0;288.646563986079
Seine-et-Marne;77;2;2025;Dépenses d'intervention;47703880.67;75282.0;633.6691462766664
Seine-et-Marne;77;2;2025;Charges financières;0.0;75282.0;0.0
Seine-et-Marne;77;2;2025;Autres dépenses de fonctionnement;648247.74000001;75282.0;8.610926117797217
Seine-et-Marne;77;2;2025;Dépenses de fonctionnement;111238406.57;75282.0;1477.6228921920247
Seine-et-Marne;77;2;2025;Dépenses totales hors remb;211444115.83;75282.0;2808.6941875880025
Yvelines;78;2;2025;Dépenses d'équipement;119560664.48;68174.0;1753.7575099011353
Yvelines;78;2;2025;Subventions d'équipement versées;4756583.15;68174.0;69.77121996655617
Yvelines;78;2;2025;Autres dépenses d'investissement;3489433.13;68174.0;51.1842216974213
Yvelines;78;2;2025;Dépenses d'investissement hors remb;127806680.76;68174.0;1874.712951565113
Yvelines;78;2;2025;Frais de personnel;20624539.56;68174.0;302.52793675008064
Yvelines;78;2;2025;Achats et charges externes;21906553.91;68174.0;321.33297019391557
Yvelines;78;2;2025;Dépenses d'intervention;18111483.2;68174.0;265.6655499163904
Yvelines;78;2;2025;Charges financières;0.0;68174.0;0.0
Yvelines;78;2;2025;Autres dépenses de fonctionnement;37923270.78;68174.0;556.2717572681668
Yvelines;78;2;2025;Dépenses de fonctionnement;98565847.45;68174.0;1445.7982141285534
Yvelines;78;2;2025;Dépenses totales hors remb;226372528.21;68174.0;3320.5111656936665
Essonne;91;2;2025;Dépenses d'équipement;62712936.35;66111.0;948.6006315136665
Essonne;91;2;2025;Subventions d'équipement versées;222531.0;66111.0;3.366020783228207
Essonne;91;2;2025;Autres dépenses d'investissement;0.0;66111.0;0.0
Essonne;91;2;2025;Dépenses d'investissement hors remb;62935467.35;66111.0;951.9666522968946
Essonne;91;2;2025;Frais de personnel;43878536.03;66111.0;663.7100638320401
Essonne;91;2;2025;Achats et charges externes;37609736.91;66111.0;568.8877329037527
Essonne;91;2;2025;Dépenses d'intervention;18384959.84;66111.0;278.09229689461665
Essonne;91;2;2025;Charges financières;0.0;66111.0;0.0
Essonne;91;2;2025;Autres dépenses de fonctionnement;1885959.14;66111.0;28.527160986825187
Essonne;91;2;2025;Dépenses de fonctionnement;101759191.92;66111.0;1539.2172546172346
Essonne;91;2;2025;Dépenses totales hors remb;164694659.27;66111.0;2491.1839069141292
Hauts-de-Seine;92;2;2025;Dépenses d'équipement;119118427.3;55232.0;2156.6922671639627
Hauts-de-Seine;92;2;2025;Subventions d'équipement versées;22109668.22;55232.0;400.3054066483198
Hauts-de-Seine;92;2;2025;Autres dépenses d'investissement;2.98023223876953e-08;55232.0;5.395843421874149e-13
Hauts-de-Seine;92;2;2025;Dépenses d'investissement hors remb;141228095.52;55232.0;2556.9976738122828
Hauts-de-Seine;92;2;2025;Frais de personnel;35374476.33;55232.0;640.4706751520857
Hauts-de-Seine;92;2;2025;Achats et charges externes;54222432.67;55232.0;981.7213331039977
Hauts-de-Seine;92;2;2025;Dépenses d'intervention;28384915.97;55232.0;513.9215666642526
Hauts-de-Seine;92;2;2025;Charges financières;122160.01;55232.0;2.211761478852839
Hauts-de-Seine;92;2;2025;Autres dépenses de fonctionnement;6315234.73999999;55232.0;114.3401423088063
Hauts-de-Seine;92;2;2025;Dépenses de fonctionnement;124419219.72;55232.0;2252.665478707995
Hauts-de-Seine;92;2;2025;Dépenses totales hors remb;265647315.24;55232.0;4809.663152520278
Seine-Saint-Denis;93;2;2025;Dépenses d'équipement;97383351.83;79017.66666666666;1232.4250504739448
Seine-Saint-Denis;93;2;2025;Subventions d'équipement versées;909830.0;79017.66666666666;11.514260524017837
Seine-Saint-Denis;93;2;2025;Autres dépenses d'investissement;0.0;79017.66666666666;0.0
Seine-Saint-Denis;93;2;2025;Dépenses d'investissement hors remb;98293181.83;79017.66666666666;1243.9393109979626
Seine-Saint-Denis;93;2;2025;Frais de personnel;74576953.41;79017.66666666666;943.801007496214
Seine-Saint-Denis;93;2;2025;Achats et charges externes;38033907.5;79017.66666666666;481.33422694502923
Seine-Saint-Denis;93;2;2025;Dépenses d'intervention;24029380.72;79017.66666666666;304.1013704108364
Seine-Saint-Denis;93;2;2025;Charges financières;5651653.53;79017.66666666666;71.52392329985278
Seine-Saint-Denis;93;2;2025;Autres dépenses de fonctionnement;624955.860000014;79017.66666666666;7.9090649770306305
Seine-Saint-Denis;93;2;2025;Dépenses de fonctionnement;142916851.02;79017.66666666666;1808.669593128963
Seine-Saint-Denis;93;2;2025;Dépenses totales hors remb;241210032.85;79017.66666666666;3052.6089041269256
Val-de-Marne;94;2;2025;Dépenses d'équipement;67926403.15;56929.666666666664;1193.1635494674717
Val-de-Marne;94;2;2025;Subventions d'équipement versées;124143.48;56929.666666666664;2.180646528757707
Val-de-Marne;94;2;2025;Autres dépenses d'investissement;552328.99000001;56929.666666666664;9.70195369725234
Val-de-Marne;94;2;2025;Dépenses d'investissement hors remb;68602875.62;56929.666666666664;1205.0461496934815
Val-de-Marne;94;2;2025;Frais de personnel;47383359.31;56929.666666666664;832.3140127877089
Val-de-Marne;94;2;2025;Achats et charges externes;14416803.43;56929.666666666664;253.2388519752443
Val-de-Marne;94;2;2025;Dépenses d'intervention;20932794.04;56929.666666666664;367.6957071005744
Val-de-Marne;94;2;2025;Charges financières;0.0;56929.666666666664;0.0
Val-de-Marne;94;2;2025;Autres dépenses de fonctionnement;332330.340000004;56929.666666666664;5.837559913109228
Val-de-Marne;94;2;2025;Dépenses de fonctionnement;83065287.12;56929.666666666664;1459.0861317766369
Val-de-Marne;94;2;2025;Dépenses totales hors remb;151668162.74;56929.666666666664;2664.1322814701184
Val-d'Oise;95;2;2025;Dépenses d'équipement;55280624.01;66558.0;830.5631781303524
Val-d'Oise;95;2;2025;Subventions d'équipement versées;15716205.23;66558.0;236.12796703626913
Val-d'Oise;95;2;2025;Autres dépenses d'investissement;0.0;66558.0;0.0
Val-d'Oise;95;2;2025;Dépenses d'investissement hors remb;70996829.24;66558.0;1066.6911451666215
Val-d'Oise;95;2;2025;Frais de personnel;45345583.82;66558.0;681.2942669551369
Val-d'Oise;95;2;2025;Achats et charges externes;24739672.43;66558.0;371.7009590131915
Val-d'Oise;95;2;2025;Dépenses d'intervention;25024748.19;66558.0;375.9840768953394
Val-d'Oise;95;2;2025;Charges financières;0.0;66558.0;0.0
Val-d'Oise;95;2;2025;Autres dépenses de fonctionnement;0.0;66558.0;0.0
Val-d'Oise;95;2;2025;Dépenses de fonctionnement;95110004.44;66558.0;1428.9793028636677
Val-d'Oise;95;2;2025;Dépenses totales hors remb;166106833.68;66558.0;2495.6704480302897
France (départements + Paris + Métropole de Lyon, hors CTU);FR_OFGL;2;2025;Dépenses d'équipement;2502648376.68;2601522.0;961.9939315062489
France (départements + Paris + Métropole de Lyon, hors CTU);FR_OFGL;2;2025;Subventions d'équipement versées;268251153.85;2601522.0;103.11315985411616
France (départements + Paris + Métropole de Lyon, hors CTU);FR_OFGL;2;2025;Autres dépenses d'investissement;16240346.91000002;2601522.0;6.242632931799163
France (départements + Paris + Métropole de Lyon, hors CTU);FR_OFGL;2;2025;Dépenses d'investissement hors remb;2787139877.44;2601522.0;1071.3497242921644
France (départements + Paris + Métropole de Lyon, hors CTU);FR_OFGL;2;2025;Frais de personnel;2535319923.4;2601522.0;974.55255938639
France (départements + Paris + Métropole de Lyon, hors CTU);FR_OFGL;2;2025;Achats et charges externes;617085842.61;2601522.0;237.20185437985918
France (départements + Paris + Métropole de Lyon, hors CTU);FR_OFGL;2;2025;Dépenses d'intervention;1589619521.83;2601522.0;611.0344336238555
France (départements + Paris + Métropole de Lyon, hors CTU);FR_OFGL;2;2025;Charges financières;12010994.870000001;2601522.0;4.616910743018895
France (départements + Paris + Métropole de Lyon, hors CTU);FR_OFGL;2;2025;Autres dépenses de fonctionnement;105230231.4300001;2601522.0;40.44948742697548
France (départements + Paris + Métropole de Lyon, hors CTU);FR_OFGL;2;2025;Dépenses de fonctionnement;4859266514.14;2601522.0;1867.855245560099
France (départements + Paris + Métropole de Lyon, hors CTU);FR_OFGL;2;2025;Dépenses totales hors remb;7646406391.58;2601522.0;2939.2049698522633
Paris (Ville de Paris);75;221;2022;Remboursement en capital des marchés de partenariat (1675, fonction 221) [DGFiP];0.0;55012.33333333333;0.0
Paris (Ville de Paris);75;toutes;2022;Remboursement en capital des marchés de partenariat (1675, toutes fonctions) [DGFiP];2141475.46;55012.33333333333;38.92718832746596
Seine-et-Marne;77;221;2022;Remboursement en capital des marchés de partenariat (1675, fonction 221) [DGFiP];0.0;74443.33333333333;0.0
Seine-et-Marne;77;toutes;2022;Remboursement en capital des marchés de partenariat (1675, toutes fonctions) [DGFiP];0.0;74443.33333333333;0.0
Yvelines;78;221;2022;Remboursement en capital des marchés de partenariat (1675, fonction 221) [DGFiP];0.0;68006.0;0.0
Yvelines;78;toutes;2022;Remboursement en capital des marchés de partenariat (1675, toutes fonctions) [DGFiP];0.0;68006.0;0.0
Essonne;91;221;2022;Remboursement en capital des marchés de partenariat (1675, fonction 221) [DGFiP];0.0;64866.33333333333;0.0
Essonne;91;toutes;2022;Remboursement en capital des marchés de partenariat (1675, toutes fonctions) [DGFiP];0.0;64866.33333333333;0.0
Hauts-de-Seine;92;221;2022;Remboursement en capital des marchés de partenariat (1675, fonction 221) [DGFiP];2730755.71;56958.33333333333;47.943040994879304
Hauts-de-Seine;92;toutes;2022;Remboursement en capital des marchés de partenariat (1675, toutes fonctions) [DGFiP];8171573.2299999995;56958.33333333333;143.46580652523775
Seine-Saint-Denis;93;221;2022;Remboursement en capital des marchés de partenariat (1675, fonction 221) [DGFiP];16108720.64;78636.0;204.8517299964393
Seine-Saint-Denis;93;toutes;2022;Remboursement en capital des marchés de partenariat (1675, toutes fonctions) [DGFiP];16108720.64;78636.0;204.8517299964393
Val-de-Marne;94;221;2022;Remboursement en capital des marchés de partenariat (1675, fonction 221) [DGFiP];0.0;56561.33333333333;0.0
Val-de-Marne;94;toutes;2022;Remboursement en capital des marchés de partenariat (1675, toutes fonctions) [DGFiP];0.0;56561.33333333333;0.0
Val-d'Oise;95;221;2022;Remboursement en capital des marchés de partenariat (1675, fonction 221) [DGFiP];0.0;64621.666666666664;0.0
Val-d'Oise;95;toutes;2022;Remboursement en capital des marchés de partenariat (1675, toutes fonctions) [DGFiP];0.0;64621.666666666664;0.0
France (départements + Paris + ML + CTU) [DGFiP];FR_ALL;221;2022;Dépenses d'équipement [DGFiP, avec CTU];2467458751.51;2680224.6666666665;920.6163879458365
France (départements + Paris + ML + CTU) [DGFiP];FR_ALL;221;2022;Dépenses de fonctionnement [DGFiP, avec CTU];2958647780.0099998;2680224.6666666665;1103.8805130055018
France (départements + Paris + ML + CTU) [DGFiP];FR_ALL;221;2022;Remboursement en capital des marchés de partenariat (1675, fonction 221) [DGFiP, avec CTU];29599208.75;2680224.6666666665;11.043555086302467
Paris (Ville de Paris);75;221;2023;Remboursement en capital des marchés de partenariat (1675, fonction 221) [DGFiP];0.0;53734.66666666666;0.0
Paris (Ville de Paris);75;toutes;2023;Remboursement en capital des marchés de partenariat (1675, toutes fonctions) [DGFiP];2405323.91;53734.66666666666;44.76298187389892
Seine-et-Marne;77;221;2023;Remboursement en capital des marchés de partenariat (1675, fonction 221) [DGFiP];0.0;74761.0;0.0
Seine-et-Marne;77;toutes;2023;Remboursement en capital des marchés de partenariat (1675, toutes fonctions) [DGFiP];0.0;74761.0;0.0
Yvelines;78;221;2023;Remboursement en capital des marchés de partenariat (1675, fonction 221) [DGFiP];0.0;68350.33333333333;0.0
Yvelines;78;toutes;2023;Remboursement en capital des marchés de partenariat (1675, toutes fonctions) [DGFiP];0.0;68350.33333333333;0.0
Essonne;91;221;2023;Remboursement en capital des marchés de partenariat (1675, fonction 221) [DGFiP];0.0;65510.99999999999;0.0
Essonne;91;toutes;2023;Remboursement en capital des marchés de partenariat (1675, toutes fonctions) [DGFiP];0.0;65510.99999999999;0.0
Hauts-de-Seine;92;221;2023;Remboursement en capital des marchés de partenariat (1675, fonction 221) [DGFiP];2821944.49;56433.33333333333;50.004923036030725
Hauts-de-Seine;92;toutes;2023;Remboursement en capital des marchés de partenariat (1675, toutes fonctions) [DGFiP];8262762.16;56433.33333333333;146.41634069698762
Seine-Saint-Denis;93;221;2023;Remboursement en capital des marchés de partenariat (1675, fonction 221) [DGFiP];16026223.91;78903.33333333333;203.11212762451947
Seine-Saint-Denis;93;toutes;2023;Remboursement en capital des marchés de partenariat (1675, toutes fonctions) [DGFiP];16026223.91;78903.33333333333;203.11212762451947
Val-de-Marne;94;221;2023;Remboursement en capital des marchés de partenariat (1675, fonction 221) [DGFiP];0.0;56841.666666666664;0.0
Val-de-Marne;94;toutes;2023;Remboursement en capital des marchés de partenariat (1675, toutes fonctions) [DGFiP];0.0;56841.666666666664;0.0
Val-d'Oise;95;221;2023;Remboursement en capital des marchés de partenariat (1675, fonction 221) [DGFiP];0.0;65405.33333333333;0.0
Val-d'Oise;95;toutes;2023;Remboursement en capital des marchés de partenariat (1675, toutes fonctions) [DGFiP];0.0;65405.33333333333;0.0
France (départements + Paris + ML + CTU) [DGFiP];FR_ALL;221;2023;Dépenses d'équipement [DGFiP, avec CTU];2521477029.02;2680293.333333333;940.7466703967726
France (départements + Paris + ML + CTU) [DGFiP];FR_ALL;221;2023;Dépenses de fonctionnement [DGFiP, avec CTU];3336589612.63;2680293.333333333;1244.8598707964802
France (départements + Paris + ML + CTU) [DGFiP];FR_ALL;221;2023;Remboursement en capital des marchés de partenariat (1675, fonction 221) [DGFiP, avec CTU];29879413.170000006;2680293.333333333;11.147814606112767
Paris (Ville de Paris);75;221;2024;Remboursement en capital des marchés de partenariat (1675, fonction 221) [DGFiP];0.0;52291.33333333333;0.0
Paris (Ville de Paris);75;toutes;2024;Remboursement en capital des marchés de partenariat (1675, toutes fonctions) [DGFiP];2333860.74;52291.33333333333;44.63188431480042
Seine-et-Marne;77;221;2024;Remboursement en capital des marchés de partenariat (1675, fonction 221) [DGFiP];0.0;75178.66666666666;0.0
Seine-et-Marne;77;toutes;2024;Remboursement en capital des marchés de partenariat (1675, toutes fonctions) [DGFiP];0.0;75178.66666666666;0.0
Yvelines;78;221;2024;Remboursement en capital des marchés de partenariat (1675, fonction 221) [DGFiP];0.0;68496.66666666666;0.0
Yvelines;78;toutes;2024;Remboursement en capital des marchés de partenariat (1675, toutes fonctions) [DGFiP];0.0;68496.66666666666;0.0
Essonne;91;221;2024;Remboursement en capital des marchés de partenariat (1675, fonction 221) [DGFiP];0.0;65790.33333333333;0.0
Essonne;91;toutes;2024;Remboursement en capital des marchés de partenariat (1675, toutes fonctions) [DGFiP];0.0;65790.33333333333;0.0
Hauts-de-Seine;92;221;2024;Remboursement en capital des marchés de partenariat (1675, fonction 221) [DGFiP];2909041.73;55972.0;51.97316033016508
Hauts-de-Seine;92;toutes;2024;Remboursement en capital des marchés de partenariat (1675, toutes fonctions) [DGFiP];8349859.390000001;55972.0;149.17922157507326
Seine-Saint-Denis;93;221;2024;Remboursement en capital des marchés de partenariat (1675, fonction 221) [DGFiP];16362280.46;78941.0;207.27227245664486
Seine-Saint-Denis;93;toutes;2024;Remboursement en capital des marchés de partenariat (1675, toutes fonctions) [DGFiP];16362280.46;78941.0;207.27227245664486
Val-de-Marne;94;221;2024;Remboursement en capital des marchés de partenariat (1675, fonction 221) [DGFiP];0.0;57001.0;0.0
Val-de-Marne;94;toutes;2024;Remboursement en capital des marchés de partenariat (1675, toutes fonctions) [DGFiP];0.0;57001.0;0.0
Val-d'Oise;95;221;2024;Remboursement en capital des marchés de partenariat (1675, fonction 221) [DGFiP];0.0;66037.33333333333;0.0
Val-d'Oise;95;toutes;2024;Remboursement en capital des marchés de partenariat (1675, toutes fonctions) [DGFiP];0.0;66037.33333333333;0.0
France (départements + Paris + ML + CTU) [DGFiP];FR_ALL;221;2024;Dépenses d'équipement [DGFiP, avec CTU];2537324946.05;2669290.0;950.5617396573622
France (départements + Paris + ML + CTU) [DGFiP];FR_ALL;221;2024;Dépenses de fonctionnement [DGFiP, avec CTU];3312322773.5699997;2669290.0;1240.9003044142823
France (départements + Paris + ML + CTU) [DGFiP];FR_ALL;221;2024;Remboursement en capital des marchés de partenariat (1675, fonction 221) [DGFiP, avec CTU];30855110.09;2669290.0;11.559294827463482
Paris (Ville de Paris);75;221;2025;Remboursement en capital des marchés de partenariat (1675, fonction 221) [DGFiP];0.0;50731.99999999999;0.0
Paris (Ville de Paris);75;toutes;2025;Remboursement en capital des marchés de partenariat (1675, toutes fonctions) [DGFiP];2223170.5;50731.99999999999;43.821857998896164
Seine-et-Marne;77;221;2025;Remboursement en capital des marchés de partenariat (1675, fonction 221) [DGFiP];0.0;75282.0;0.0
Seine-et-Marne;77;toutes;2025;Remboursement en capital des marchés de partenariat (1675, toutes fonctions) [DGFiP];0.0;75282.0;0.0
Yvelines;78;221;2025;Remboursement en capital des marchés de partenariat (1675, fonction 221) [DGFiP];0.0;68174.0;0.0
Yvelines;78;toutes;2025;Remboursement en capital des marchés de partenariat (1675, toutes fonctions) [DGFiP];0.0;68174.0;0.0
Essonne;91;221;2025;Remboursement en capital des marchés de partenariat (1675, fonction 221) [DGFiP];0.0;66111.0;0.0
Essonne;91;toutes;2025;Remboursement en capital des marchés de partenariat (1675, toutes fonctions) [DGFiP];0.0;66111.0;0.0
Hauts-de-Seine;92;221;2025;Remboursement en capital des marchés de partenariat (1675, fonction 221) [DGFiP];1975503.38;55232.0;35.76737000289687
Hauts-de-Seine;92;toutes;2025;Remboursement en capital des marchés de partenariat (1675, toutes fonctions) [DGFiP];7416321.03;55232.0;134.27580080388182
Seine-Saint-Denis;93;221;2025;Remboursement en capital des marchés de partenariat (1675, fonction 221) [DGFiP];16693561.38;79017.66666666666;211.26365892859405
Seine-Saint-Denis;93;toutes;2025;Remboursement en capital des marchés de partenariat (1675, toutes fonctions) [DGFiP];16693561.38;79017.66666666666;211.26365892859405
Val-de-Marne;94;221;2025;Remboursement en capital des marchés de partenariat (1675, fonction 221) [DGFiP];0.0;56929.666666666664;0.0
Val-de-Marne;94;toutes;2025;Remboursement en capital des marchés de partenariat (1675, toutes fonctions) [DGFiP];0.0;56929.666666666664;0.0
Val-d'Oise;95;221;2025;Remboursement en capital des marchés de partenariat (1675, fonction 221) [DGFiP];0.0;66558.0;0.0
Val-d'Oise;95;toutes;2025;Remboursement en capital des marchés de partenariat (1675, toutes fonctions) [DGFiP];0.0;66558.0;0.0
France (départements + Paris + ML + CTU) [DGFiP];FR_ALL;221;2025;Dépenses d'équipement [DGFiP, avec CTU];2411997454.7200003;2649470.0;910.3697927208084
France (départements + Paris + ML + CTU) [DGFiP];FR_ALL;221;2025;Dépenses de fonctionnement [DGFiP, avec CTU];3314703184.55;2649470.0;1251.08160671757
France (départements + Paris + ML + CTU) [DGFiP];FR_ALL;221;2025;Remboursement en capital des marchés de partenariat (1675, fonction 221) [DGFiP, avec CTU];30833713.790000003;2649470.0;11.63769123258614
