dep;code;annee;F_assurances;F_autres;F_autres_entretiens_hors_bati;F_energie_fluides;F_entretien_batiments_terrains;F_fournitures_entretien;F_loyers_charges_locatives;F_maintenance;F_nettoyage_prestations;F_personnel;I_autres;I_avances_sur_travaux;I_batiments;I_etudes_incorporels;I_materiel_mobilier;I_subventions_equipement_versees;I_terrains_amenagements;R_recettes_fonctionnement;R_subventions_investissement_recues;F_total;F_bati;F_entretien_maintenance;F_nettoyage;I_total;I_bati;I_equipement_DGCL;eleves_rentree_N_1;eleves_annee_civile;libelle
75;75056;2021;0.0;151508244.98999998;263412.29;15227623.22;2659562.45;1960212.84;555145.49;739997.7899999999;1305193.3399999999;448525809.56;312312.82;1707012.7999999998;49268967.480000004;5015034.29;6021679.84;0.0;2679860.65;67964258.16999999;21759683.54;622745201.97;22447735.13;3399560.24;3265406.1799999997;65004867.88;53655840.93;65004867.879999995;118692.0;116671.66666666666;Paris
75;75056;2022;0.0;152815565.73000002;286432.55;20937622.34;3118539.93;1794707.68;589755.4500000001;1010815.83;998535.29;452119120.59;369156.32;141816.86000000002;53642485.85;4436701.68;4225717.34;901278.19;5091487.529999999;69005995.37;1030163.3500000001;633671095.39;28449976.52;4129355.7600000002;2793242.9699999997;68808643.77;58875790.24;67907365.58;112631.0;111266.66666666666;Paris
75;75056;2023;0.0;176200255.18;232987.32;20808956.36;4919884.66;1853016.2;542344.46;1212910.74;929771.49;477258759.88;327798.02999999997;66978.6;55089624.940000005;4535897.19;5945656.82;918216.65;6032371.45;69174963.97000001;11203273.16;683958886.29;30266883.91;6132795.4;2782787.69;72916543.68;61188974.99000001;71998327.03;108538.0;107641.33333333331;Paris
75;75056;2024;0.0;195424568.21;253678.02;21162163.54;3831066.94;1211560.28;565869.02;1851033.43;958108.72;505573438.54;727318.84;1278252.55;45624323.77;4305961.32;5913319.9399999995;671627.89;3895096.5200000005;67513453.74;91848.9;730831486.7;29579801.93;5682100.37;2169669.0;62415900.830000006;50797672.84;61744272.94;105848.0;105096.33333333333;Paris
75;75056;2025;0.0;205114784.47;228478.28;21822911.9;4236627.83;1169350.9;450360.78;2757968.37;850525.86;525200958.38;914594.85;1436092.48;43834183.99;6452876.35;6631920.53;191442.59;3711250.42;64722093.63;88959.21;761831966.77;31287745.64;6994596.2;2019876.7599999998;63172361.21000001;48981526.89;62980918.620000005;103593.0;102752.33333333333;Paris
92;92002;2021;7348.639999999999;2211663.58;63899.439999999995;870488.6300000001;4004.08;16816.91;149.04;129111.70999999999;869940.75;8270321.95;0.0;1042690.27;1525093.88;949327.3099999999;861369.0;0.0;54143.17;1723520.44;725052.98;12443744.73;1897859.76;133115.78999999998;886757.66;4432623.63;2621927.32;4432623.63;5923.0;5917.666666666666;Antony
92;92002;2022;-2751.75;2655322.53;50089.67;869312.5700000001;14205.15;27025.98;89.95;145326.19;729121.79;8256935.65;0.0;93606.56;8518015.87;843283.26;1430997.32;0.0;327236.62;2298158.66;2697327.75;12744677.73;1782329.8800000001;159531.34;756147.77;11213139.629999999;8938859.049999999;11213139.629999999;5907.0;5929.0;Antony
92;92002;2023;0.0;3234351.32;30008.61;1576324.1199999999;22871.52;18656.36;99.38;137173.69;648439.45;10123484.81;0.0;2263.9;10008008.97;2205266.49;711675.95;0.0;562237.23;2480235.42;596372.62;15791409.260000002;2403564.5199999996;160045.21;667095.8099999999;13489452.540000001;10572510.100000001;13489452.540000001;5973.0;5920.666666666666;Antony
92;92002;2024;6879.84;3427911.4000000004;51009.06;1501723.5;14391.640000000001;13333.119999999999;51.52;124208.22;750265.6900000001;11583244.600000001;0.0;0.0;3166925.5;1176844.31;707078.1;0.0;59485.93;4538770.28;2146893.07;17473018.590000004;2410853.53;138599.86000000002;763598.81;5110333.84;3226411.43;5110333.84;5816.0;5816.333333333333;Antony
92;92002;2025;0.0;3254171.98;64605.54;1255538.21;18124.9;10148.970000000001;258.96;140751.55;851825.26;12062623.43;0.0;0.0;1796445.28;763889.4;313760.75;0.0;0.0;2535230.93;508419.3;17658048.8;2276647.8499999996;158876.44999999998;861974.23;2874095.43;1796445.28;2874095.43;5817.0;5818.666666666666;Antony
92;92004;2021;0.0;3947917.63;151548.15;1339413.03;150577.02;0.0;0.0;295735.34;1093125.79;8428740.94;1599.5;0.0;7442337.4399999995;654002.63;238880.66;0.0;149185.1;808226.88;3406200.0;15407057.899999999;2878851.1799999997;446312.36;1093125.79;8486005.33;7591522.539999999;8486005.33;8343.0;8230.333333333332;Asnières-sur-Seine
92;92004;2022;0.0;5556772.05;139414.33;2295162.55;121409.53;0.0;0.0;193344.1;980138.79;8406298.34;8400.0;0.0;8235781.6;416434.68;668265.59;0.0;569501.88;1060760.13;1954552.93;17692539.689999998;3590054.9699999997;314753.63;980138.79;9898383.75;8805283.48;9898383.75;8005.0;7929.999999999999;Asnières-sur-Seine
92;92004;2023;0.0;6265307.9799999995;128253.83;1955071.58;87575.01;0.0;0.0;220519.29;748689.46;7866013.16;0.0;480250.82;6523874.55;478040.76;593849.8200000001;0.0;1004665.98;1339807.28;1176817.0;17271430.31;3011855.34;308094.3;748689.46;9080681.93;8008791.35;9080681.93;7780.0;7798.333333333332;Asnières-sur-Seine
92;92004;2024;0.0;6582021.91;45921.49;2247798.3;341561.27999999997;0.0;0.0;257784.29;633671.79;7729041.79;0.0;293458.14;3363143.7199999997;326749.11;600541.96;0.0;680075.55;1394074.24;0.0;17837800.849999998;3480815.6599999997;599345.57;633671.79;5263968.4799999995;4336677.41;5263968.4799999995;7835.0;7896.0;Asnières-sur-Seine
92;92004;2025;0.0;6555744.180000001;65188.04;1978279.85;191065.04;0.0;0.0;200078.14;839657.03;7392287.51;0.0;0.0;9775791.76;372827.51;552171.33;0.0;230263.98;1252865.56;1271633.99;17222299.79;3209080.06;391143.18000000005;839657.03;10931054.58;10006055.74;10931054.58;8018.0;8005.333333333333;Asnières-sur-Seine
92;92007;2021;0.0;3320081.2800000003;23840.76;0.0;244896.03;11465.52;0.0;79177.25;0.0;2618710.84;0.0;0.0;6915466.0;0.0;173783.27999999997;0.0;0.0;1512666.6900000002;1289968.89;6298171.68;335538.80000000005;324073.28;11465.52;7089249.28;6915466.0;7089249.28;4269.0;4242.0;Bagneux
92;92007;2022;0.0;4316128.94;51241.05;0.0;524959.75;24655.61;0.0;76610.04;0.0;2069545.22;0.0;0.0;977751.5700000001;0.0;649379.0700000001;0.0;0.0;1567325.05;1978635.3099999998;7063140.61;626225.4;601569.79;24655.61;1627130.6400000001;977751.5700000001;1627130.6400000001;4188.0;4205.666666666666;Bagneux
92;92007;2023;0.0;3950629.3699999996;2717.33;0.0;258875.41;13305.62;0.0;33683.25;0.0;1976090.91;0.0;0.0;822374.15;6750.0;532202.06;0.0;0.0;1579802.8699999999;3424351.1799999997;6235301.89;305864.28;292558.66000000003;13305.62;1361326.21;822374.15;1361326.21;4241.0;4283.666666666666;Bagneux
92;92007;2024;0.0;4248697.78;70745.96;0.0;166282.53;37955.22;0.0;88499.74;0.0;13177439.62;0.0;0.0;2278337.0900000003;0.0;479998.33;0.0;0.0;1811987.2;890280.33;17789620.85;292737.49;254782.27000000002;37955.22;2758335.4200000004;2278337.0900000003;2758335.4200000004;4369.0;4387.0;Bagneux
92;92007;2025;0.0;4044985.79;48683.84;0.0;188302.6;26972.7;0.0;119208.4;0.0;12403479.77;0.0;0.0;3516241.51;0.0;63369.060000000005;0.0;0.0;1727876.2899999998;431753.64;16831633.1;334483.7;307511.0;26972.7;3579610.57;3516241.51;3579610.5700000003;4423.0;4413.333333333333;Bagneux
92;92009;2021;0.0;1529932.5899999999;11589.88;376286.67000000004;45269.56;55866.97;27345.0;107691.11;264736.79;4838673.65;0.0;0.0;579386.96;33753.9;53752.270000000004;0.0;0.0;2163112.64;35000.01;7257392.220000001;877196.1;152960.66999999998;320603.76;666893.13;579386.96;666893.13;2795.0;2737.0;Bois-Colombes
92;92009;2022;0.0;1712823.7200000002;16061.38;367283.94;63898.71;49053.630000000005;66442.0;118569.26999999999;272149.31;4987253.39;13175.95;0.0;567618.78;34714.98;32518.56;0.0;0.0;3388310.31;7415.95;7653535.35;937396.86;182467.97999999998;321202.94;648028.27;567618.78;648028.27;2621.0;2587.6666666666665;Bois-Colombes
92;92009;2023;0.0;1897387.8;20087.49;860645.22;73346.05;51142.72;37687.0;109599.87999999999;253572.29;4915072.38;12157.09;0.0;683921.48;180627.76;264810.24;0.0;0.0;2934543.3;222829.0;8218540.83;1385993.16;182945.93;304715.01;1141516.5699999998;683921.48;1141516.57;2521.0;2500.0;Bois-Colombes
92;92009;2024;0.0;1875097.43;15138.26;752708.75;100939.47;43052.03;57421.75;173516.5;250086.29;4913022.41;0.0;0.0;184856.78;122634.01;142084.88;0.0;0.0;3822254.67;0.0;8180982.890000001;1377724.79;274455.97;293138.32;449575.67;184856.78;449575.67;2458.0;2454.0;Bois-Colombes
92;92009;2025;0.0;1907555.4599999997;19726.920000000002;662333.62;68165.96;46990.899999999994;152366.6;189956.76;261212.41;5026725.25;0.0;0.0;175580.76;709710.37;130131.90000000001;0.0;0.0;3519111.69;0.0;8335033.88;1381026.25;258122.72000000003;308203.31;1015423.03;175580.76;1015423.03;2446.0;2426.0;Bois-Colombes
92;92012;2021;50480.0;7711557.88;72446.51999999999;1586535.17;653937.4199999999;131712.62;133312.56;0.0;1212589.5499999998;17566585.2;0.0;8110.67;5088043.15;84309.71;698294.76;200.0;0.0;6844185.4399999995;0.0;29119156.919999998;3768567.32;653937.4199999999;1344302.17;5878958.29;5096153.82;5878758.29;7266.0;7106.0;Boulogne-Billancourt
92;92012;2022;53253.94;9647737.84;96293.54999999999;2302564.3;668548.8200000001;138956.8;122315.74;0.0;1268878.92;17907176.16;0.0;102.79;4821093.84;215897.21;1021853.1;0.0;0.0;6684289.37;82376.0;32205726.07;4554518.5200000005;668548.8200000001;1407835.72;6058946.9399999995;4821196.63;5950773.73;6786.0;6698.0;Boulogne-Billancourt
92;92012;2023;72211.0;10217562.56;87288.98999999999;2488488.53;609884.76;152680.16;117949.83;0.0;1255004.4599999997;18402142.29;0.0;0.0;5953697.36;352529.61;544668.92;0.0;0.0;8690144.84;430580.85;33403212.58;4696218.739999999;609884.76;1407684.6199999996;6850895.890000001;5953697.36;6850895.89;6522.0;6434.666666666666;Boulogne-Billancourt
92;92012;2024;73816.0;10372947.65;97836.61;2467680.05;683009.36;155723.39;241384.37;0.0;1326049.97;18783824.57;0.0;0.0;5672860.51;251811.7;675385.18;0.0;0.0;8007590.07;323444.4;34202271.97;4947663.14;683009.36;1481773.3599999999;6600057.39;5672860.51;6599954.6;6260.0;6216.666666666666;Boulogne-Billancourt
92;92012;2025;81995.0;9758114.86;104595.36000000002;2187904.86;709771.19;171316.99;163093.66;0.0;1294964.0;19017520.68;0.0;0.0;4356567.46;331308.35;521104.75;0.0;0.0;8524494.72;815041.6;33489276.599999998;4609045.699999999;709771.19;1466280.99;5208980.56;4356567.46;5208980.56;6130.0;6095.666666666666;Boulogne-Billancourt
92;92014;2021;0.0;946163.3400000001;11999.01;234642.4;46491.18;0.0;0.0;52611.29;122015.84999999999;2464843.32;0.0;0.0;164734.28;26072.7;14036.59;0.0;0.0;1294857.93;0.0;3878766.3899999997;455760.72;99102.47;122015.84999999999;204843.57;164734.28;204843.57;1699.0;1697.333333333333;Bourg-la-Reine
92;92014;2022;0.0;1108819.1400000001;14997.16;298490.24;73605.05;0.0;0.0;47552.340000000004;109501.52;2493717.94;0.0;0.0;188751.88;34324.8;54878.66;0.0;0.0;1272161.1099999999;225000.0;4146683.39;529149.15;121157.39000000001;109501.52;277955.33999999997;188751.88;277955.34;1694.0;1683.3333333333333;Bourg-la-Reine
92;92014;2023;0.0;1149781.44;13065.48;550745.9;34573.72;0.0;0.0;75173.34;122555.95;2667348.9699999997;0.0;0.0;491129.81999999995;39348.0;47640.8;0.0;0.0;1491561.14;1788979.07;4613244.8;783048.91;109747.06;122555.95;578118.62;491129.81999999995;578118.62;1662.0;1663.6666666666665;Bourg-la-Reine
92;92014;2024;0.0;1265321.1;15107.82;393573.35000000003;51529.659999999996;0.0;0.0;67184.22;123816.65000000001;2891095.57;0.0;0.0;401374.41000000003;0.0;40428.13;0.0;0.0;1721040.14;380000.0;4807628.369999999;636103.8800000001;118713.88;123816.65000000001;441802.54000000004;401374.41000000003;441802.54000000004;1667.0;1642.6666666666665;Bourg-la-Reine
92;92014;2025;0.0;1360623.5;10935.44;428886.46;18351.030000000002;0.0;0.0;71710.46;110260.95000000001;2817030.81;0.0;0.0;207785.72;0.0;33756.36;0.0;0.0;1704466.09;36269.0;4817798.65;629208.9;90061.49;110260.95000000001;241542.08000000002;207785.72;241542.08;1594.0;1580.9999999999998;Bourg-la-Reine
92;92019;2021;0.0;1705310.4899999998;62648.04;913247.43;136744.11000000002;148698.39;0.0;26488.469999999998;570740.58;3594222.64;0.0;190915.44;14667982.52;34713.520000000004;134385.26;0.0;0.0;1703074.01;4133848.8699999996;7158100.15;1795918.98;163232.58000000002;719438.97;15027996.739999998;14858897.959999999;14648464.059999999;3005.0;3008.6666666666665;Châtenay-Malabry
92;92019;2022;0.0;1719267.4300000002;50354.79;606331.0;277840.12;150924.85;0.0;36314.299999999996;650007.89;4808278.51;0.0;30309.4;12449854.860000001;22362.34;845562.91;0.0;0.0;1923897.88;5416250.26;8299318.890000001;1721418.1600000001;314154.42;800932.74;13348089.510000002;12480164.260000002;13348089.510000002;3016.0;3009.333333333333;Châtenay-Malabry
92;92019;2023;0.0;2026969.69;76214.62;1053022.8499999999;150834.66999999998;145714.19;0.0;20439.88;628117.76;5306821.69;0.0;53034.25;9921121.94;25215.0;353946.30000000005;0.0;0.0;2099987.25;8403030.32;9408135.35;1998129.3499999999;171274.55;773831.95;10353317.49;9974156.19;10353317.49;2996.0;2996.333333333333;Châtenay-Malabry
92;92019;2024;0.0;2307611.99;66122.32;961610.03;140130.41;171472.91999999998;0.0;6432.0;688566.76;5870849.8;0.0;0.0;5579483.099999999;2880.0;728321.87;0.0;0.0;2147094.08;7935934.4;10212796.23;1968212.12;146562.41;860039.6799999999;6310684.969999999;5579483.099999999;6310684.97;2997.0;3024.6666666666665;Châtenay-Malabry
92;92019;2025;0.0;2279279.38;87048.0;914194.13;102792.13;179826.99;0.0;11132.0;745822.06;6096129.88;0.0;0.0;1064471.42;0.0;315794.78;0.0;0.0;2170363.65;2441639.39;10416224.57;1953767.31;113924.13;925649.05;1380266.2;1064471.42;1380266.2000000002;3080.0;3077.333333333333;Châtenay-Malabry
92;92020;2021;0.0;2011258.22;24852.690000000002;644079.19;104044.54;0.0;0.0;34609.34;0.0;6816345.34;0.0;0.0;602810.97;0.0;149266.6;0.0;17030.04;2252272.77;12533.07;9635189.32;782733.07;138653.88;0.0;769107.61;619841.01;769107.61;3269.0;3209.9999999999995;Châtillon
92;92020;2022;0.0;1807070.19;55956.68;885567.73;47413.98;126.83;0.0;15989.03;0.0;7687981.640000001;0.0;0.0;606971.44;264000.0;132845.74;0.0;71528.59;2235826.7199999997;636248.94;10500106.08;949097.57;63403.01;126.83;1075345.77;678500.0299999999;1075345.77;3092.0;3061.333333333333;Châtillon
92;92020;2023;0.0;1857885.69;36953.8;1432869.28;220299.5;0.0;0.0;1806.0;0.0;8370415.26;0.0;0.0;1393682.16;0.0;297122.11;0.0;8266.44;2294826.5900000003;341846.4;11920229.53;1654974.78;222105.5;0.0;1699070.71;1401948.5999999999;1699070.71;3000.0;2971.0;Châtillon
92;92020;2024;0.0;1978980.1599999997;23745.11;1349834.14;159146.47;0.0;0.0;13594.02;0.0;8807342.33;0.0;0.0;6314056.0600000005;0.0;419212.99;0.0;9827.2;2557345.0100000002;2011433.6;12332642.23;1522574.63;172740.49;0.0;6743096.250000001;6323883.260000001;6743096.25;2913.0;2899.333333333333;Châtillon
92;92020;2025;0.0;1966299.23;22535.27;959391.9199999999;172519.88;0.0;0.0;25137.44;0.0;8577382.05;3771.44;0.0;8041014.83;0.0;141024.91;0.0;27681.059999999998;2662921.6399999997;1317136.8599999999;11723265.790000001;1157049.24;197657.32;0.0;8213492.24;8068695.89;8213492.239999999;2872.0;2860.6666666666665;Châtillon
92;92022;2021;1840.0;1060923.27;4678.56;307503.08999999997;25902.97;21872.61;0.0;126850.93;43895.439999999995;1842779.82;0.0;0.0;4272185.41;327034.37;171843.59;0.0;0.0;488932.83;428124.0;3436246.69;527865.04;152753.9;65768.04999999999;4771063.37;4272185.41;4771063.37;1754.0;1729.6666666666665;Chaville
92;92022;2022;0.0;1071518.7;32077.94;324578.42000000004;14433.86;25308.239999999998;0.0;87586.97;95033.73;1879743.8399999999;0.0;0.0;2518863.32;199575.42;209561.57;0.0;0.0;367957.33;982009.0;3530281.7;546941.22;102020.83;120341.97;2928000.3099999996;2518863.32;2926536.3099999996;1681.0;1675.6666666666665;Chaville
92;92022;2023;8609.34;1115378.99;2158.94;625864.42;68463.12;22819.86;4800.0;139554.57;103645.85;1962342.51;0.0;0.0;744910.19;124459.88;109458.89;0.0;0.0;835851.13;447227.6;4053637.6;973757.16;208017.69;126465.71;978828.96;744910.19;978828.96;1665.0;1637.6666666666665;Chaville
92;92022;2024;10812.4;1214571.31;2912.41;404993.07;54546.770000000004;23220.71;0.0;144998.06;160375.52000000002;2098470.58;0.0;0.0;2096415.0099999998;205366.66;117898.35;0.0;0.0;659337.88;1001803.24;4114900.83;798946.5300000001;199544.83000000002;183596.23;2419680.02;2096415.0099999998;2419680.02;1583.0;1564.3333333333333;Chaville
92;92022;2025;0.0;1582846.45;410.47;353971.46;129525.29999999999;38260.13;0.0;122087.9;178345.02;2713677.35;0.0;19556.25;2291159.88;344776.49;103505.61;0.0;0.0;1506718.6800000002;1227613.95;5119124.08;822189.81;251613.19999999998;216605.15;2758998.23;2310716.13;2758998.23;1527.0;1517.6666666666665;Chaville
92;92023;2021;0.0;2795294.99;93060.47;998706.01;131250.55;119641.53;0.0;204437.94;31306.78;3537879.54;0.0;81589.3;4839153.64;182540.39;874040.11;0.0;79192.25;3614351.89;487481.49;7911577.8100000005;1485342.81;335688.49;150948.31;6056515.6899999995;4999935.1899999995;6056515.69;5150.0;5186.333333333333;Clamart
92;92023;2022;0.0;2689829.94;78353.5;1195409.1199999999;148196.99;138805.99;0.0;349346.43;32050.0;1926251.97;0.0;153000.0;3967572.13;192111.75;1441614.51;0.0;45483.170000000006;3602740.92;40754.8;6558243.9399999995;1863808.5299999998;497543.42;170855.99;5799781.56;4166055.3;5799781.56;5259.0;5230.0;Clamart
92;92023;2023;0.0;3292228.8899999997;67296.73000000001;2261535.63;163738.02000000002;133851.27000000002;34637.5;351742.05;37155.94;1843930.18;0.0;417286.19;2482264.19;41400.0;551211.7;0.0;5529.48;3741807.04;0.0;8186116.21;2982660.41;515480.07;171007.21000000002;3497691.56;2905079.86;3497691.56;5172.0;5177.666666666666;Clamart
92;92023;2024;0.0;3275854.31;47360.68;2125134.56;155901.1;132251.32;0.0;448253.72;41237.74;1874092.69;0.0;29777.4;5605223.78;79405.8;372775.61;0.0;0.0;4380898.83;1081352.1;8100086.120000001;2902778.44;604154.82;173489.06;6087182.590000001;5635001.180000001;6087182.59;5189.0;5201.666666666666;Clamart
92;92023;2025;0.0;3150712.33;64719.479999999996;1266336.6300000001;187255.39;131056.83;0.0;465956.20999999996;86157.98000000001;1818499.22;0.0;12975.72;13331720.24;61319.8;956094.8400000001;0.0;2338.84;3948435.56;2886409.46;7170694.07;2136763.04;653211.6;217214.81;14364449.440000001;13347034.8;14364449.44;5227.0;5255.333333333333;Clamart
92;92024;2021;0.0;3609833.46;34712.25;931856.01;539928.87;89941.58;0.0;81767.43;232573.5;11256072.32;0.0;0.0;1439442.42;14170.8;278343.48;0.0;731.93;1849834.5;1092494.52;16776685.42;1876067.3900000001;621696.3;322515.08;1732688.63;1440174.3499999999;1732688.63;5341.0;5263.333333333333;Clichy
92;92024;2022;0.0;4656130.38;47427.07;1253222.26;779582.6799999999;74774.20999999999;0.0;107956.60999999999;35019.6;11540583.65;0.0;0.0;2668163.65;254633.7;226263.47;0.0;0.0;2126597.38;41210.63;18494696.46;2250555.36;887539.2899999999;109793.81;3149060.8200000003;2668163.65;3149060.8200000003;5108.0;5040.0;Clichy
92;92024;2023;0.0;4402617.84;67329.16;1276586.24;589237.7;140687.17;0.0;75144.1;97310.59;14098634.790000001;0.0;0.0;4352099.5200000005;282049.77;446949.62999999995;0.0;0.0;2380127.21;33300.55;20747547.59;2178965.8;664381.7999999999;237997.76;5081098.920000001;4352099.5200000005;5081098.92;4904.0;4892.666666666666;Clichy
92;92024;2024;0.0;4979367.66;47039.15;1262387.47;616661.97;137093.24;0.0;66234.48;145365.97;17009575.53;0.0;0.0;2763439.7800000003;86621.97;386763.97;0.0;645358.56;2586707.81;520114.85;24263725.470000003;2227743.13;682896.45;282459.20999999996;3882184.2800000007;3408798.3400000003;3882184.2800000003;4870.0;4868.333333333333;Clichy
92;92024;2025;0.0;5364551.0600000005;54097.85;1564245.86;563899.5700000001;146879.76;0.0;59434.58;181320.87;17803167.77;0.0;0.0;2117168.22;144927.31999999998;248219.83000000002;0.0;748168.62;4094742.3099999996;587426.7;25737597.32;2515780.64;623334.15;328200.63;3258483.99;2865336.8400000003;3258483.99;4865.0;4836.666666666666;Clichy
92;92025;2021;0.0;6202851.460000001;53117.94;1294414.37;226037.16;43972.17;0.0;61384.04;1498348.29;16308366.65;0.0;0.0;2648919.89;45549.0;475527.91;0.0;664389.53;4950290.220000001;85800.0;25688492.080000002;3124156.0300000003;287421.2;1542320.46;3834386.33;3313309.42;3834386.33;8759.0;8714.666666666666;Colombes
92;92025;2022;0.0;7226597.28;58268.0;1627974.46;247326.46000000002;48078.02;0.0;0.0;1620194.23;14105946.659999998;0.0;0.0;2662690.76;140967.0;456924.45;0.0;652684.73;2046199.6800000002;0.0;24934385.11;3543573.17;247326.46000000002;1668272.25;3913266.94;3315375.4899999998;3913266.94;8626.0;8625.666666666666;Colombes
92;92025;2023;0.0;7205414.889999999;82999.96;3442526.5700000003;162043.54;64238.17;0.0;0.0;1816856.32;17343382.74;0.0;958977.88;6842278.15;154020.12;385478.18;0.0;579617.85;4107747.96;0.0;30117462.189999998;5485664.600000001;162043.54;1881094.49;8920372.18;8380873.88;8920372.18;8625.0;8615.666666666666;Colombes
92;92025;2024;0.0;8564396.35;73287.18;2869712.18;350972.78;59043.34;0.0;0.0;1902924.51;18008662.26;0.0;0.0;22498604.73;0.0;140795.93;0.0;603207.96;4353833.74;1031115.6;31828998.6;5182652.8100000005;350972.78;1961967.85;23242608.62;23101812.69;23242608.62;8597.0;8556.0;Colombes
92;92025;2025;0.0;8583929.52;62325.59;2254803.5300000003;499525.89;107342.01;0.0;20163.02;1836656.0;17945459.19;0.0;0.0;26055659.060000002;38843.88;1129510.91;0.0;105785.48;4958307.1899999995;4601771.78;31310204.75;4718490.45;519688.91000000003;1943998.01;27329799.330000002;26161444.540000003;27329799.330000002;8474.0;8434.0;Colombes
92;92026;2021;0.0;4623738.899999999;39333.7;1101409.25;240116.04;0.0;40508.1;404397.64;56257.13;15079543.95;0.0;0.0;2245638.58;76410.6;462963.35;0.0;269376.92;1041997.69;0.0;21585304.71;1842688.1600000001;644513.68;56257.13;3054389.45;2515015.5;3054389.45;7352.0;7213.333333333333;Courbevoie
92;92026;2022;0.0;5878947.92;38203.2;1289541.19;201779.81;0.0;50537.369999999995;353485.99;21665.2;16261729.81;0.0;188863.2;7757721.95;134072.83000000002;1358233.3499999999;0.0;211327.83;1310342.6600000001;338116.26;24095890.490000002;1917009.56;555265.8;21665.2;9650219.16;8157912.98;9650219.16;6936.0;6853.0;Courbevoie
92;92026;2023;0.0;7099918.32;20332.28;3711446.09;281804.71;0.0;33858.75;293832.84;36873.78;16694219.3;0.0;235201.78;7000370.720000001;148117.91999999998;974333.25;0.0;0.0;1476006.52;770000.0;28172286.07;4357816.17;575637.55;36873.78;8358023.670000001;7235572.500000001;8358023.67;6687.0;6629.666666666666;Courbevoie
92;92026;2024;0.0;7296951.69;48824.93;2486599.43;337209.57;0.0;99965.61000000002;439995.63;39368.16;16997408.48;0.0;0.0;8242463.07;55944.38;756474.97;0.0;0.0;1404488.0;165000.0;27746323.5;3403138.4;777205.2;39368.16;9054882.42;8242463.07;9054882.42;6515.0;6460.0;Courbevoie
92;92026;2025;0.0;7494835.34;45888.49;1664214.79;341144.24;0.0;32546.65;396812.52;22242.46;17257772.3;0.0;0.0;5435971.51;89749.95000000001;1210703.93;0.0;0.0;1943749.74;1768492.0;27255456.79;2456960.6599999997;737956.76;22242.46;6736425.39;5435971.51;6736425.39;6350.0;6293.0;Courbevoie
92;92032;2021;0.0;1378734.59;40454.3;0.0;70818.01;90504.77;0.0;33444.119999999995;41424.9;4754643.63;0.0;0.0;515093.5;0.0;169188.19;0.0;0.0;1111561.43;87243.16;6410024.32;236191.8;104262.12999999999;131929.67;684281.69;515093.5;684281.69;2214.0;2201.6666666666665;Fontenay-aux-Roses
92;92032;2022;0.0;1437218.3399999999;32039.58;0.0;96190.59;99347.88;0.0;34634.77;37457.56;5225807.81;0.0;0.0;2488340.06;11700.0;124342.55;0.0;0.0;1033291.0700000001;706836.78;6962696.529999999;267630.8;130825.35999999999;136805.44;2624382.61;2488340.06;2624382.61;2177.0;2137.333333333333;Fontenay-aux-Roses
92;92032;2023;0.0;1431548.54;27635.44;0.0;46829.450000000004;100605.67;0.0;45450.380000000005;0.0;5628546.34;0.0;0.0;1356134.33;0.0;151114.47;0.0;0.0;1251015.8800000001;750734.08;7280615.82;192885.5;92279.83000000002;100605.67;1507248.8;1356134.33;1507248.8;2058.0;2041.3333333333333;Fontenay-aux-Roses
92;92032;2024;0.0;1530121.3199999998;43810.54;0.0;45530.409999999996;105031.94;0.0;18281.11;0.0;6326835.41;0.0;0.0;1102711.13;0.0;121620.96;0.0;0.0;1288100.31;7876.05;8069610.73;168843.46;63811.52;105031.94;1224332.0899999999;1102711.13;1224332.09;2008.0;1984.333333333333;Fontenay-aux-Roses
92;92032;2025;0.0;1472126.01;49071.18;0.0;56373.83;90644.45999999999;0.0;18408.28;0.0;6011927.78;0.0;0.0;409173.82;0.0;273410.79000000004;0.0;0.0;1575857.6600000001;419890.56;7698551.54;165426.57;74782.11;90644.45999999999;682584.6100000001;409173.82;682584.61;1937.0;1925.0;Fontenay-aux-Roses
92;92033;2021;0.0;2246982.2600000002;19439.36;240274.18000000002;16224.37;6599.22;0.0;19528.28;0.0;2680833.83;0.0;0.0;691413.35;2964.0;116910.49;0.0;0.0;1579312.76;128757.6;5229881.5;282626.05000000005;35752.65;6599.22;811287.84;691413.35;811287.84;1464.0;1454.0;Garches
92;92033;2022;0.0;2459821.87;29319.47;223017.4;19497.940000000002;7523.75;0.0;15398.619999999999;0.0;2661700.7199999997;0.0;0.0;1053005.95;49423.0;391805.55;0.0;0.0;1866993.8599999999;338283.35000000003;5416279.77;265437.70999999996;34896.56;7523.75;1494234.5;1053005.95;1494234.5;1434.0;1430.6666666666665;Garches
92;92033;2023;0.0;1278791.6400000001;33224.479999999996;213799.81;15041.49;7743.76;0.0;9437.58;0.0;3006536.59;0.0;0.0;558463.89;5640.0;61576.46;0.0;0.0;2095353.43;600948.38;4564575.35;246022.64;24479.07;7743.76;625680.35;558463.89;625680.35;1424.0;1413.0;Garches
92;92033;2024;0.0;1496699.83;19408.410000000003;219233.45;4617.57;9418.95;0.0;9902.779999999999;0.0;3156254.88;0.0;0.0;793721.17;3240.0;8733.62;0.0;0.0;1911194.95;1611583.9900000002;4915535.87;243172.75;14520.349999999999;9418.95;805694.79;793721.17;805694.79;1391.0;1391.3333333333333;Garches
92;92033;2025;0.0;1550525.97;83104.85;283260.99;2074.8;10556.44;0.0;11706.87;0.0;2925759.03;0.0;0.0;362129.63999999996;12107.0;86029.78;0.0;0.0;1996456.99;-137.0;4866988.95;307599.1;13781.670000000002;10556.44;460266.4199999999;362129.63999999996;460266.42;1392.0;1377.0;Garches
92;92035;2021;0.0;1750191.99;18972.57;315032.27999999997;28498.51;0.0;0.0;73570.85;41056.63;2991756.89;0.0;0.0;260167.95;0.0;53580.909999999996;0.0;3374.4;1667448.71;0.0;5219079.72;458158.26999999996;102069.36;41056.63;317123.26;263542.35000000003;317123.26;2712.0;2659.333333333333;La Garenne-Colombes
92;92035;2022;0.0;1921844.35;3399.3199999999997;254419.49;29781.16;0.0;0.0;74879.84;18631.59;3203655.12;0.0;0.0;860985.66;0.0;79722.72;0.0;8806.75;1617583.6400000001;270199.88;5506610.87;377712.07999999996;104661.0;18631.59;949515.13;869792.41;949515.13;2554.0;2529.6666666666665;La Garenne-Colombes
92;92035;2023;0.0;2237037.67;18309.49;560520.16;30454.97;0.0;0.0;64589.13;23164.63;3312502.69;0.0;0.0;904990.3899999999;8991.26;294693.35;0.0;17190.0;1395156.85;70510.93;6246578.74;678728.89;95044.1;23164.63;1225865.0;922180.3899999999;1225865.0;2481.0;2459.0;La Garenne-Colombes
92;92035;2024;0.0;2214475.6799999997;6992.08;516936.81000000006;38103.87;0.0;0.0;47555.34;20608.26;3566736.62;0.0;0.0;560848.5499999999;0.0;200929.64;0.0;11437.08;1647262.28;0.0;6411408.66;623204.28;85659.20999999999;20608.26;773215.2699999999;572285.6299999999;773215.27;2415.0;2400.333333333333;La Garenne-Colombes
92;92035;2025;0.0;2228874.44;53501.66;452262.48;75923.93;0.0;0.0;55325.51;25130.49;3630910.07;0.0;257040.33;3296935.5300000003;166.94;255352.16999999998;0.0;666.0;1634545.1400000001;662118.79;6521928.58;608642.4099999999;131249.44;25130.49;3810160.97;3554641.8600000003;3810160.9699999997;2371.0;2358.333333333333;La Garenne-Colombes
92;92036;2021;0.0;1141839.1;3286.88;2712224.5300000003;3745849.21;0.0;0.0;0.0;0.0;0.0;0.0;0.0;0.0;0.0;305368.99;0.0;0.0;1059423.01;1169614.85;7603199.720000001;6458073.74;3745849.21;0.0;305368.99;0.0;305368.99;6088.0;6097.666666666666;Gennevilliers
92;92036;2022;0.0;1774401.46;-422.4;2950201.8600000003;2699043.71;0.0;0.0;0.0;0.0;0.0;0.0;0.0;0.0;0.0;231348.58000000002;0.0;0.0;1258926.26;1292407.28;7423224.63;5649245.57;2699043.71;0.0;231348.58000000002;0.0;231348.58000000002;6117.0;6062.333333333333;Gennevilliers
92;92036;2023;0.0;2117009.27;39887.76;0.0;49918.65;0.0;0.0;0.0;0.0;0.0;0.0;0.0;2433704.84;0.0;481674.74;0.0;0.0;1462147.0499999998;623917.98;2206815.6799999997;49918.65;49918.65;0.0;2915379.58;2433704.84;2915379.58;5953.0;5894.333333333333;Gennevilliers
92;92036;2024;0.0;1760174.9400000002;-1.2;0.0;25571.28;0.0;0.0;0.0;0.0;0.0;0.0;0.0;3581713.9;0.0;205291.07;0.0;0.0;1649369.7600000002;3413934.8200000003;1785745.0200000003;25571.28;25571.28;0.0;3787004.9699999997;3581713.9;3787004.9699999997;5777.0;5717.333333333333;Gennevilliers
92;92036;2025;0.0;1848780.0;0.0;0.0;53872.25;0.0;0.0;0.0;0.0;0.0;0.0;0.0;4987889.76;0.0;166274.61;0.0;0.0;1546372.6700000002;3174050.71;1902652.25;53872.25;53872.25;0.0;5154164.37;4987889.76;5154164.37;5598.0;5546.0;Gennevilliers
92;92040;2021;0.0;2781826.54;0.0;118673.89;447789.93;25669.13;24658.56;22373.78;2248242.6799999997;13079969.450000001;0.0;48752.71;2937181.38;609428.74;266262.8;0.0;978897.3200000001;1239413.94;353107.48;18749203.96;2887407.9699999997;470163.70999999996;2273911.8099999996;4840522.95;3964831.41;4840522.95;6138.0;6001.666666666666;Issy-les-Moulineaux
92;92040;2022;0.0;4079002.42;1109.16;130195.88;215244.68;25164.35;50424.48;4825.59;2211004.2199999997;13449803.55;0.0;14778.2;11913362.09;403320.20999999996;694007.14;0.0;482819.57;2248801.52;1400000.0;20166774.33;2636859.1999999997;220070.27;2236168.57;13508287.21;12410959.86;13508287.21;5729.0;5652.333333333333;Issy-les-Moulineaux
92;92040;2023;0.0;3331794.3;0.0;222600.78;321324.78;15440.45;0.0;-379.99;1601889.2999999998;13390350.219999999;0.0;0.0;4251102.790000001;39352.76;330229.02;0.0;2382954.88;1345649.08;920862.0;18883019.839999996;2160875.32;320944.79000000004;1617329.7499999998;7003639.45;6634057.670000001;7003639.45;5499.0;5490.0;Issy-les-Moulineaux
92;92040;2024;0.0;3691607.53;0.0;196687.65;450884.01;17502.14;0.0;0.0;631860.17;13296591.5;0.0;716445.6;3383100.4;395002.86;108631.54000000001;0.0;1838032.77;1556549.94;551529.0;18285133.0;1296933.97;450884.01;649362.31;6441213.17;5937578.77;6441213.17;5472.0;5441.0;Issy-les-Moulineaux
92;92040;2025;0.0;3592193.96;0.0;178000.0;374385.33999999997;11450.029999999999;3000.0;0.0;1278.93;13814287.75;0.0;183087.15;12201741.030000001;93966.48;99804.95;0.0;1839755.9;1607882.9000000001;1043267.56;17974596.01;568114.2999999999;374385.33999999997;12728.96;14418355.510000002;14224584.080000002;14418355.510000002;5379.0;5298.333333333333;Issy-les-Moulineaux
92;92044;2021;0.0;6238460.399999999;51259.39;673984.87;328239.13;122822.34;0.0;251808.87;102408.44;6114782.41;0.0;0.0;612394.97;27828.0;429705.69;0.0;0.0;2963106.44;0.0;13883765.85;1479263.65;580048.0;225230.78;1069928.66;612394.97;1069928.66;5072.0;4933.666666666666;Levallois-Perret
92;92044;2022;0.0;6186516.7;44388.82;931290.39;229904.06;120777.97;0.0;254210.38999999998;100043.45999999999;6908345.81;0.0;0.0;534697.36;20748.0;344082.44;0.0;0.0;3024504.04;0.0;14775477.6;1636226.27;484114.44999999995;220821.43;899527.8;534697.36;899527.8;4657.0;4579.0;Levallois-Perret
92;92044;2023;0.0;6403794.78;24024.33;1437965.6;289053.07;127665.4;0.0;178513.86000000002;90372.02;6811502.8;0.0;0.0;712321.98;25752.0;405359.57;0.0;0.0;3049515.08;49184.0;15362891.86;2123569.95;467566.93000000005;218037.41999999998;1143433.55;712321.98;1143433.55;4423.0;4365.666666666666;Levallois-Perret
92;92044;2024;0.0;6490325.880000001;7949.37;1400030.07;218936.49;132978.21;0.0;171083.85;116624.98999999999;6652471.27;0.0;0.0;875059.3999999999;844287.2200000001;177487.37;0.0;0.0;3436517.1300000004;915000.0;15190400.13;2039653.6099999999;390020.33999999997;249603.19999999998;1896833.9900000002;875059.3999999999;1896833.99;4251.0;4231.666666666666;Levallois-Perret
92;92044;2025;33347.65;6376781.790000001;33211.78;1116490.53;156923.97;0.0;0.0;77800.20000000001;111699.05;2409859.2800000003;0.0;984732.18;4117003.1999999997;1586652.8299999998;42015.1;0.0;0.0;3169037.52;47655.0;10316114.250000002;1496261.4;234724.17;111699.05;6730403.31;5101735.38;6730403.31;4193.0;4119.0;Levallois-Perret
92;92046;2021;0.0;2229463.83;3832.43;0.0;0.0;0.0;0.0;28534.58;11900.4;3268736.62;0.0;0.0;1794279.53;198508.65999999997;87041.63;25861.12;0.0;1353277.95;717972.0;5542467.86;40434.98;28534.58;11900.4;2105690.94;1794279.53;2079829.82;2386.0;2358.0;Malakoff
92;92046;2022;0.0;2015192.71;3689.56;0.0;0.0;0.0;0.0;20889.08;16000.7;3235081.23;0.0;0.0;2509825.06;153467.14;189902.35;51232.62;1161.6;1345643.87;0.0;5290853.28;36889.78;20889.08;16000.7;2905588.7700000005;2510986.66;2854356.1500000004;2302.0;2277.6666666666665;Malakoff
92;92046;2023;0.0;2152118.49;2313.28;0.0;0.0;713.92;0.0;30393.940000000002;20154.25;3834885.0300000003;0.0;0.0;1726025.16;214904.16999999998;240825.34;0.0;40011.62;1499429.77;87985.0;6040578.91;51262.11;30393.940000000002;20868.17;2221766.29;1766036.78;2221766.29;2229.0;2211.0;Malakoff
92;92046;2024;0.0;2197941.09;3485.71;0.0;0.0;0.0;0.0;25.92999999999995;18709.62;3276658.44;0.0;0.0;472381.14;52909.38;322786.33999999997;0.0;0.0;1793173.3;909978.0;5496820.79;18735.55;25.92999999999995;18709.62;848076.86;472381.14;848076.86;2175.0;2169.6666666666665;Malakoff
92;92046;2025;0.0;2078343.3900000001;3905.11;0.0;0.0;0.0;0.0;297443.94;35093.65;1402918.91;0.0;0.0;4125492.79;28955.09;445686.19;0.0;0.0;1475942.0699999998;664980.82;3817705.0;332537.59;297443.94;35093.65;4600134.07;4125492.79;4600134.069999999;2159.0;2152.0;Malakoff
92;92048;2021;0.0;3573168.5600000005;67464.29000000001;459021.29000000004;350432.45999999996;0.0;0.0;70371.4;976653.47;3801646.68;0.0;0.0;3838427.23;0.0;499590.75;0.0;825028.2599999999;9738678.64;808383.86;9298758.15;1856478.62;420803.86;976653.47;5163046.24;4663455.49;5163046.24;3730.0;3708.333333333333;Meudon
92;92048;2022;0.0;3649758.0599999996;80667.46;429409.02;203552.34000000003;0.0;0.0;30265.15;781209.38;3817258.68;0.0;0.0;4055357.79;26836.52;592735.22;0.0;509818.04;4113254.84;295016.14;8992120.09;1444435.8900000001;233817.49000000002;781209.38;5184747.57;4565175.83;5184747.569999999;3665.0;3661.9999999999995;Meudon
92;92048;2023;0.0;4284562.6899999995;92501.92;819552.56;404819.42;0.0;0.0;51448.94;574244.35;3864678.05;0.0;0.0;3197780.54;65069.11;567296.09;0.0;353019.55;2759694.05;0.0;10091807.93;1850065.27;456268.36;574244.35;4183165.2899999996;3550800.09;4183165.29;3656.0;3642.333333333333;Meudon
92;92048;2024;2526.71;4584348.4399999995;145420.59;822565.2899999999;439202.9;0.0;0.0;100599.85;430575.05;3776118.8800000004;0.0;0.0;6510432.21;37579.8;429416.76;0.0;365522.52999999997;2642460.73;0.0;10301357.709999999;1795469.7999999998;539802.75;430575.05;7342951.3;6875954.74;7342951.300000001;3615.0;3595.333333333333;Meudon
92;92048;2025;0.0;5379849.84;144693.94999999998;709463.64;274548.34;0.0;0.0;49045.119999999995;512104.51999999996;3943998.66;0.0;0.0;4962673.2299999995;8113.8;423296.8;0.0;197086.25;2376438.31;1977034.08;11013704.07;1545161.62;323593.46;512104.51999999996;5591170.079999999;5159759.4799999995;5591170.08;3556.0;3543.6666666666665;Meudon
92;92049;2021;13576.779999999999;2204715.73;9145.01;455933.18;51008.44;46519.43;201.36;83000.26;-11901.09;11324575.6;0.0;0.0;1024132.8;27115.0;381504.60000000003;0.0;0.0;2223570.57;57537.6;14176774.7;638338.36;134008.7;34618.34;1432752.4000000001;1024132.8;1432752.4;3635.0;3583.333333333333;Montrouge
92;92049;2022;14431.810000000001;2547566.56;41261.7;535142.6;69456.32;45149.479999999996;1008.6;89327.68000000001;0.0;11805153.27;0.0;0.0;1677774.76;296235.02;969529.3900000001;0.0;14255.04;2066652.11;42478.4;15148498.02;754516.49;158784.0;45149.479999999996;2957794.21;1692029.8;2957794.21;3480.0;3427.0;Montrouge
92;92049;2023;15666.689999999999;2577875.83;44137.97;829886.34;53891.17;37950.009999999995;3099.47;58995.94;6369.6;12210024.95;0.0;140157.61;2306549.06;345406.97000000003;142098.77;0.0;88310.71;2685565.11;629054.4299999999;15837897.969999999;1005859.2199999999;112887.11;44319.60999999999;3022523.12;2535017.38;3019796.66;3321.0;3282.6666666666665;Montrouge
92;92049;2024;0.0;2509958.54;40685.869999999995;526984.66;54117.25;40803.31;1725.16;95007.15;25121.52;12471750.72;0.0;3738.01;3234677.14;40156.5;120773.4;0.0;6564.04;2672823.7199999997;1897636.17;15766154.180000002;743759.05;149124.4;65924.83;3405909.09;3244979.19;3402391.37;3206.0;3164.666666666666;Montrouge
92;92049;2025;0.0;2540698.85;8710.82;579492.95;42738.98;46170.119999999995;2300.0;45337.87;22122.0;12393965.93;0.0;0.0;6071454.44;33855.009999999995;151367.63;0.0;31080.41;2760810.8;2495898.8;15681537.52;738161.9199999999;88076.85;68292.12;6287757.49;6102534.850000001;6284684.42;3082.0;3072.333333333333;Montrouge
92;92050;2021;0.0;2829923.8600000003;332087.35000000003;1423665.1099999999;871939.04;0.0;0.0;23733.34;2537.15;5341941.99;0.0;309613.8;4651480.899999999;1244346.34;593295.5;0.0;0.0;2526357.67;4917805.34;10825827.84;2321874.6399999997;895672.38;2537.15;6798736.539999999;4961094.699999999;6798736.54;10163.0;10094.0;Nanterre
92;92050;2022;0.0;3360068.79;315044.36;2240627.39;973080.6100000001;0.0;0.0;34082.27;1373.37;5169907.41;0.0;0.0;12221049.69;1139186.76;1770162.76;0.0;0.0;2709251.1900000004;5352695.88;12094184.2;3249163.64;1007162.8800000001;1373.37;15130399.209999999;12221049.69;15130399.209999999;9956.0;9866.666666666666;Nanterre
92;92050;2023;0.0;3424261.16;351338.84;2899205.04;1149863.53;28873.8;0.0;18183.6;0.0;23825221.13;0.0;0.0;13767523.469999999;994589.77;856426.88;0.0;0.0;2758033.26;8085156.44;31696947.1;4096125.97;1168047.1300000001;28873.8;15618540.12;13767523.469999999;15618540.12;9688.0;9588.666666666666;Nanterre
92;92050;2024;0.0;3385012.8800000004;464429.76;2357135.96;969591.84;18933.73;0.0;20440.02;262594.8;21880057.88;8606.8;245267.32;8435102.47;541328.61;689702.2799999999;0.0;0.0;3254517.5700000003;1823244.04;29358196.869999997;3628696.3499999996;990031.86;281528.52999999997;9920007.479999999;8680369.790000001;9920007.48;9390.0;9315.666666666666;Nanterre
92;92050;2025;0.0;4781439.8;479431.44;2375715.21;1200162.31;24784.64;0.0;18377.1;272182.65;21272830.68;0.0;25104.0;10576844.94;0.0;1306139.47;0.0;0.0;3209073.83;1052495.77;30424923.83;3891221.91;1218539.4100000001;296967.29000000004;11908088.41;10601948.94;11908088.41;9167.0;9105.0;Nanterre
92;92051;2021;19578.03;1839404.18;61160.049999999996;561730.01;16801.49;21405.44;0.0;240767.5;59531.9;6338969.42;0.0;0.0;3566697.9699999997;127973.87;292964.01;0.0;0.0;201357.96;89500.0;9159348.02;919814.3700000001;257568.99;80937.34;3987635.8499999996;3566697.9699999997;3987635.85;3566.0;3489.333333333333;Neuilly-sur-Seine
92;92051;2022;23351.44;2152011.03;43007.83;474048.53;13972.75;20895.36;0.0;260073.87;49388.07;6491453.24;0.0;0.0;3317708.9299999997;203721.12;164564.21;0.0;0.0;477945.16000000003;0.0;9528202.12;841730.02;274046.62;70283.43;3685994.26;3317708.9299999997;3685994.26;3336.0;3294.333333333333;Neuilly-sur-Seine
92;92051;2023;25136.92;2077740.92;73237.06999999999;860864.55;76850.75;25427.84;0.0;219035.23;49177.42;6964005.18;0.0;0.0;1534394.51;278979.82999999996;164739.97999999998;0.0;0.0;312756.26;0.0;10371475.879999999;1256492.71;295885.98;74605.26;1978114.3199999998;1534394.51;1978114.32;3211.0;3197.333333333333;Neuilly-sur-Seine
92;92051;2024;36007.659999999996;1978055.81;97057.71;1008068.3500000001;47289.94;11366.1;0.0;229167.75;52654.62;7034224.92;0.0;0.0;3354168.3000000003;12080.61;69917.56;0.0;0.0;358833.22;0.0;10493892.86;1384554.42;276457.69;64020.72;3436166.47;3354168.3000000003;3436166.47;3170.0;3143.666666666666;Neuilly-sur-Seine
92;92051;2025;38391.96;2033238.77;67940.42;758561.39;10732.83;17348.0;0.0;234884.21000000002;73622.42;7240608.42;0.0;42945.68;737875.0;34380.23;72900.53;0.0;0.0;237283.35;0.0;10475328.42;1133540.81;245617.04;90970.42;888101.4400000001;780820.68;886841.44;3091.0;3049.0;Neuilly-sur-Seine
92;92060;2021;173278.0;1910443.0699999998;36233.35;488960.15;190413.63;49974.98;0.0;21015.72;430953.96;1341287.1300000001;0.0;341953.93;5430024.23;376358.18;115597.63;0.0;12240.0;1917617.07;493500.0;4642559.99;1354596.44;211429.35;480928.94;6276173.97;5784218.16;6264778.930000001;2757.0;2706.0;Le Plessis-Robinson
92;92060;2022;0.0;1811119.88;28520.42;610598.19;171130.98;36563.39;0.0;26644.0;447345.91000000003;1238620.26;0.0;0.0;10605472.709999999;22968.63;87839.81;0.0;0.0;1781122.5999999999;1562600.0;4370543.03;1292282.47;197774.98;483909.30000000005;10716281.15;10605472.709999999;10653798.389999999;2604.0;2565.6666666666665;Le Plessis-Robinson
92;92060;2023;0.0;2102672.9699999997;17598.62;1723023.49;183209.21;27933.82;0.0;29634.85;640187.62;1065935.7;0.0;0.0;10134866.659999998;698.4;122289.13000000002;0.0;0.0;2263395.92;5618500.0;5790196.28;2603988.9899999998;212844.06;668121.44;10257854.19;10134866.659999998;10257854.19;2489.0;2476.0;Le Plessis-Robinson
92;92060;2024;0.0;2331238.6300000004;12898.0;619589.43;187728.99;5317.54;0.0;33283.52;778018.8200000001;788971.51;0.0;0.0;11942001.24;0.0;130246.96;0.0;13780.8;2170490.06;0.0;4757046.44;1623938.3000000003;221012.50999999998;783336.3600000001;12086029.000000002;11955782.040000001;12086029.0;2450.0;2457.0;Le Plessis-Robinson
92;92060;2025;0.0;2374202.62;0.0;1100583.56;311073.55;25373.12;0.0;19602.16;813012.17;770066.4;0.0;0.0;6978146.14;0.0;168407.9;0.0;0.0;2052710.52;14400.0;5413913.580000001;2269644.56;330675.70999999996;838385.29;7146554.04;6978146.14;7146554.04;2471.0;2485.333333333333;Le Plessis-Robinson
92;92062;2021;0.0;1269578.72;89228.62;1377278.68;448367.7;0.0;90091.61;112971.62;1102558.34;4739315.38;0.0;0.0;10887119.4;1151121.6099999999;1275201.29;0.0;95322.14;2303196.8;1029300.0;9229390.669999998;3131267.9499999997;561339.3200000001;1102558.34;13408764.440000001;10982441.540000001;13408764.44;4218.0;4167.0;Puteaux
92;92062;2022;0.0;1688099.59;76968.35;820521.0;578662.97;6073.18;81248.1;549200.59;1208183.42;4554791.3100000005;0.0;558036.97;2676856.18;1052903.56;693871.54;0.0;122908.06999999999;2418717.46;518664.0;9563748.51;3243889.2600000002;1127863.56;1214256.5999999999;5104576.320000001;3357801.22;5104576.32;4065.0;4048.333333333333;Puteaux
92;92062;2023;0.0;1636331.92;75974.99;3821712.64;605879.5;3400.9300000000003;81045.73;399974.70999999996;1113854.51;6602032.29;5626.66;0.0;9599285.48;783098.81;757491.86;0.0;929523.72;2428219.19;1463041.0;14340207.22;6025868.0200000005;1005854.21;1117255.44;12075026.530000001;10528809.200000001;11774197.680000002;4015.0;4007.6666666666665;Puteaux
92;92062;2024;0.0;2181048.72;80299.5;2278831.98;477369.8;4610.97;83513.0;383616.0;1239183.62;10552802.16;12463.07;0.0;9034294.79;382431.24;757863.0;0.0;726461.01;2638471.02;2336238.0;17281275.75;4467125.37;860985.8;1243794.59;10913513.11;9760755.799999999;10656304.99;3993.0;4001.333333333333;Puteaux
92;92062;2025;0.0;2114921.87;128535.9;1766491.38;812227.88;2585.0699999999997;97573.89;368369.88;1353433.22;10868402.95;0.0;0.0;4690457.74;197283.35;311210.09;26112.8;729100.53;2854198.83;608683.0;17512542.04;4400681.319999999;1180597.76;1356018.29;5954164.51;5419558.2700000005;5928051.71;4018.0;3994.0;Puteaux
92;92063;2021;40565.979999999996;1439321.97;7349.849999999999;1043883.6199999999;319275.44;0.0;0.0;608237.21;14848.73;9522719.55;0.0;0.0;1979616.13;0.0;266718.15;0.0;286196.78;4166400.9899999998;0.0;12996202.350000001;2026810.9799999997;927512.6499999999;14848.73;2532531.0599999996;2265812.91;2532531.06;7319.0;7269.333333333333;Rueil-Malmaison
92;92063;2022;43802.15;1668234.35;17372.67;963471.9400000001;356557.76;0.0;0.0;680014.02;38140.200000000004;15530777.29;0.0;0.0;1698779.9000000001;15408.0;268647.79;0.0;207381.84;3848613.39;468.0;19298370.38;2081986.0699999998;1036571.78;38140.200000000004;2190217.5300000003;1906161.7400000002;2190217.53;7170.0;7223.0;Rueil-Malmaison
92;92063;2023;98779.59;1934664.27;19947.53;1867917.29;450399.39;0.0;0.0;800673.0;18577.03;10568170.44;0.0;235062.16;2504844.17;30186.660000000003;492541.46;0.0;436569.95;3215139.8200000003;232910.0;15759128.54;3236346.3;1251072.3900000001;18577.03;3699204.4000000004;3176476.2800000003;3699204.4;7329.0;7303.666666666666;Rueil-Malmaison
92;92063;2024;110168.28;2228084.09;23300.14;1632764.2;439739.83;0.0;0.0;800158.0700000001;32071.57;10454730.17;0.0;0.0;5121260.05;0.0;507006.95;0.0;1779475.02;943292.51;2452457.5300000003;15721016.35;3014901.9499999997;1239897.9000000001;32071.57;7407742.02;6900735.07;7407742.0200000005;7253.0;7260.0;Rueil-Malmaison
92;92063;2025;111343.0;2494150.54;29588.53;1576254.63;473812.82;0.0;0.0;761633.9199999999;35333.92;11195652.71;0.0;0.0;5196850.7700000005;3072.0;415869.92;0.0;1085695.64;3171633.5;1282237.77;16677770.07;2958378.29;1235446.74;35333.92;6701488.33;6282546.41;6694357.92;7274.0;7274.666666666666;Rueil-Malmaison
92;92064;2021;0.0;1346072.9100000001;2471.6400000000003;375733.5;124434.97;22389.46;0.0;7462.969999999999;201025.68;2996975.19;0.0;0.0;765734.8300000001;0.0;193345.83;0.0;0.0;462836.38;36716.8;5076566.32;731046.5800000001;131897.94;223415.13999999998;959080.66;765734.8300000001;959080.66;2468.0;2436.0;Saint-Cloud
92;92064;2022;0.0;1603427.05;3995.25;341131.9;87676.26999999999;49725.51;0.0;10074.83;261101.76;3084042.41;0.0;0.0;860050.3099999999;85161.4;434226.07;0.0;0.0;578594.31;100473.7;5441174.98;749710.27;97751.09999999999;310827.27;1379437.78;860050.3099999999;1379437.78;2372.0;2335.0;Saint-Cloud
92;92064;2023;0.0;1869865.0799999998;9181.38;682728.87;110438.48000000001;53487.05;0.0;9241.61;313667.28;3156163.04;0.0;0.0;286702.84;40416.0;238921.22;0.0;0.0;642952.55;399114.16000000003;6204772.79;1169563.29;119680.09000000001;367154.33;566040.06;286702.84;566040.06;2261.0;2242.333333333333;Saint-Cloud
92;92064;2024;0.0;1761711.73;17238.91;586995.4099999999;101125.97;4222.29;0.0;9817.63;373879.74;2452249.4699999997;0.0;0.0;694624.62;0.0;232213.41;0.0;0.0;699082.83;101992.41;5307241.149999999;1076041.0399999998;110943.6;378102.02999999997;926838.03;694624.62;926838.03;2205.0;2205.333333333333;Saint-Cloud
92;92064;2025;0.0;1691114.1;14016.95;467085.23000000004;161479.53;7276.46;0.0;40882.95;364057.29;2448074.69;0.0;0.0;631769.98;20114.4;92847.88;0.0;0.0;730219.98;46190.0;5193987.2;1040781.46;202362.47999999998;371333.75;744732.26;631769.98;744732.26;2206.0;2190.0;Saint-Cloud
92;92071;2021;0.0;878502.81;14793.41;212182.12;99232.74;47854.28;0.0;66912.82;0.0;3624080.6;0.0;0.0;292742.86;0.0;134418.94;0.0;0.0;1865586.1700000002;0.0;4943558.78;426181.95999999996;166145.56;47854.28;427161.8;292742.86;427161.80000000005;1855.0;1867.333333333333;Sceaux
92;92071;2022;0.0;1155441.7;6669.49;274138.75;26746.120000000003;65071.75;0.0;89329.17;0.0;3591037.9899999998;0.0;0.0;565864.5;4870.0;247099.63999999998;0.0;0.0;2115476.81;30000.0;5208434.97;455285.79000000004;116075.29000000001;65071.75;817834.14;565864.5;817834.14;1892.0;1883.3333333333333;Sceaux
92;92071;2023;0.0;1222581.5999999999;7536.42;533916.5;50504.79;74809.61;0.0;83322.86;0.0;3631168.1;0.0;0.0;284966.92;2640.0;187605.06;0.0;0.0;2297120.94;107457.0;5603839.88;742553.76;133827.65;74809.61;475211.98;284966.92;475211.98;1866.0;1840.6666666666665;Sceaux
92;92071;2024;0.0;1216393.52;9348.36;526564.68;105752.75;53768.72;0.0;83521.42;0.0;3805089.72;0.0;0.0;447277.81;25596.940000000002;304295.05000000005;0.0;0.0;2202678.46;50468.0;5800439.17;769607.5700000001;189274.16999999998;53768.72;777169.8;447277.81;777169.8;1790.0;1782.3333333333333;Sceaux
92;92071;2025;0.0;1283294.25;18342.59;381195.39;31820.53;43896.67;0.0;109025.1;0.0;3901190.74;0.0;0.0;216962.82;44490.0;148892.49;0.0;0.0;2254685.82;70405.48;5768765.2700000005;565937.69;140845.63;43896.67;410345.31;216962.82;410345.31;1767.0;1756.3333333333333;Sceaux
92;92072;2021;0.0;1841963.67;11986.67;280841.6;12163.05;1529.89;0.0;56803.2;786571.95;2529829.6500000004;0.0;0.0;2600038.6;35366.38;104637.28;0.0;0.0;1076353.0499999998;0.0;5521689.680000001;1137909.69;68966.25;788101.84;2740042.26;2600038.6;2740042.26;1980.0;1951.0;Sèvres
92;92072;2022;0.0;1921130.11;54772.71;343740.06;16310.14;2592.14;0.0;90064.65;644113.98;2654984.7;0.0;0.0;3004653.52;97334.0;131289.41;0.0;0.0;1334602.7600000002;0.0;5727708.49;1096820.97;106374.79;646706.12;3233276.93;3004653.52;3233276.93;1893.0;1868.6666666666665;Sèvres
92;92072;2023;0.0;1904667.9800000002;37187.67;595237.4;27783.2;3055.86;0.0;91034.01000000001;732456.99;2607831.75;0.0;0.0;3656197.5300000003;29713.08;238741.37;0.0;0.0;1312924.56;1627332.5;5999254.86;1449567.46;118817.21;735512.85;3924651.9800000004;3656197.5300000003;3924651.98;1820.0;1794.6666666666665;Sèvres
92;92072;2024;0.0;2167825.6100000003;37738.34;445665.27;53357.31;3108.77;391.2;92537.31;719693.81;2749139.35;0.0;0.0;2425572.23;3876.0;227509.69;0.0;6054.44;1446147.6500000001;266805.5;6269456.970000001;1314753.6700000002;145894.62;722802.5800000001;2663012.36;2431626.67;2663012.3600000003;1744.0;1725.333333333333;Sèvres
92;92072;2025;0.0;2107938.31;37174.24;375922.39999999997;57318.13;2330.76;0.0;123851.67000000001;655841.46;2583084.26;0.0;29623.32;2234460.6;25486.6;117996.01000000001;0.0;0.0;1316831.64;391973.75;5943461.23;1215264.42;181169.80000000002;658172.22;2407566.5300000003;2264083.92;2407566.53;1688.0;1669.0;Sèvres
92;92073;2021;0.0;5653699.15;32008.18;1312673.66;213792.74;127499.36000000002;2354.8;29823.51;554506.22;8857945.95;0.0;0.0;4219095.1;11333.04;188893.68;0.0;929274.2999999999;3941790.81;573281.56;16784303.57;2240650.2899999996;243616.25;682005.58;5348596.119999999;5148369.399999999;5348596.12;4477.0;4398.333333333333;Suresnes
92;92073;2022;0.0;4726771.44;44058.39;2502999.0;270181.81;150791.32;3753.6;34280.4;583881.34;9253910.98;0.0;0.0;4770735.26;3986.7599999999998;994488.8200000001;0.0;185836.11;3853220.9199999995;1124227.75;17570628.28;3545887.47;304462.21;734672.6599999999;5955046.95;4956571.37;5955046.949999999;4241.0;4187.333333333333;Suresnes
92;92073;2023;0.0;4059726.84;49817.0;2124661.63;155571.27;132539.75;0.0;32888.4;599049.4;8818885.74;0.0;0.0;2528458.36;26554.32;1450648.96;0.0;0.0;4158186.5;249969.0;15973140.030000001;3044710.45;188459.66999999998;731589.15;4005661.6399999997;2528458.36;4005661.64;4080.0;4042.0;Suresnes
92;92073;2024;0.0;3055964.7399999998;35208.91;32754.05;110659.1;151750.37;0.0;33435.9;668408.5;9631934.209999999;0.0;0.0;2094608.37;48574.32;939241.33;0.0;2070.0;3892389.89;573399.0;13720115.78;997007.92;144095.0;820158.87;3084494.02;2096678.37;3084494.02;3966.0;3943.6666666666665;Suresnes
92;92073;2025;0.0;3089647.85;81746.92;0.0;126159.88999999998;131772.27000000002;0.0;13218.84;726204.34;9954482.18;0.0;0.0;1174806.07;50596.07;1582418.47;0.0;62929.82;4209259.3100000005;559662.19;14123232.29;997355.34;139378.72999999998;857976.61;2870750.43;1237735.8900000001;2870750.4299999997;3899.0;3899.9999999999995;Suresnes
92;92075;2021;0.0;891272.3;0.0;350047.24;159312.52000000002;66867.86;0.0;119169.12000000001;0.0;5390664.33;0.0;0.0;1933914.6;6120.0;57784.06;0.0;0.0;240723.15000000002;28535.64;6977333.37;695396.74;278481.64;66867.86;1997818.6600000001;1933914.6;1997818.6600000001;2035.0;1995.6666666666665;Vanves
92;92075;2022;0.0;793612.1;3931.44;433724.31;101484.76999999999;100327.18;0.0;108864.36;0.0;5663399.54;0.0;0.0;8297608.38;0.0;226900.41;0.0;0.0;115501.05;16280.0;7205343.7;744400.62;210349.13;100327.18;8524508.79;8297608.38;8524508.790000001;1917.0;1906.0;Vanves
92;92075;2023;0.0;987430.3800000001;953.28;719452.71;95609.23999999999;105743.54000000001;0.0;57795.79;0.0;5971952.13;0.0;0.0;2139662.16;0.0;18400.41;0.0;0.0;161597.7;1000000.0;7938937.07;978601.28;153405.03;105743.54000000001;2158062.5700000003;2139662.16;2158062.57;1884.0;1850.3333333333333;Vanves
92;92075;2024;0.0;1053860.2;1642.56;649292.95;132214.83000000002;103821.1;0.0;96590.21;0.0;5916952.33;0.0;0.0;7014960.300000001;0.0;31064.760000000002;0.0;0.0;145766.25;1500915.6099999999;7954374.18;981919.09;228805.04000000004;103821.1;7046025.0600000005;7014960.300000001;7046025.0600000005;1783.0;1791.9999999999998;Vanves
92;92075;2025;0.0;1462898.68;3493.95;580668.12;125480.16;133982.16;0.0;117330.39;0.0;5757790.76;0.0;0.0;12364485.15;0.0;51122.89;0.0;71027.77;256893.91;5712935.94;8181644.22;957460.83;242810.55;133982.16;12486635.81;12435512.92;12486635.81;1810.0;1811.333333333333;Vanves
92;92076;2021;0.0;647472.37;5323.799999999999;74454.37;25860.61;9649.48;0.0;3650.38;403.2;1449691.26;0.0;0.0;27574.54;972.0;43047.7;0.0;0.0;558565.19;21549.6;2216505.4699999997;114018.04;29510.99;10052.68;71594.23999999999;27574.54;71594.24;724.0;716.0;Vaucresson
92;92076;2022;0.0;771197.09;11728.32;67752.19;38673.22;10130.810000000001;0.0;3895.41;0.0;1528218.0;0.0;0.0;178947.61;24571.2;31076.84;0.0;0.0;599714.9700000001;201958.57;2431595.04;120451.63;42568.630000000005;10130.810000000001;234595.65;178947.61;234595.65;700.0;698.3333333333333;Vaucresson
92;92076;2023;0.0;935172.17;5707.07;109518.51999999999;31063.77;4759.08;0.0;3527.0;0.0;1535005.1099999999;0.0;0.0;1031342.02;45285.3;43964.15;0.0;316683.54;638465.7;562785.35;2624752.7199999997;148868.37;34590.770000000004;4759.08;1437275.01;1348025.56;1437275.01;695.0;677.6666666666666;Vaucresson
92;92076;2024;0.0;757138.9299999999;5700.18;102290.81;17773.3;14562.06;0.0;5896.78;94629.93;1478741.07;0.0;0.0;1221958.0399999998;46880.41;299866.13;0.0;451089.35;647829.9;503648.88;2476733.06;235152.88;23670.079999999998;109191.98999999999;2019793.9299999997;1673047.3899999997;2019793.93;643.0;630.3333333333333;Vaucresson
92;92076;2025;0.0;768557.79;2543.16;67403.75;17019.52;12539.47;0.0;12608.890000000001;85617.05;1329681.15;0.0;0.0;209263.04;70701.34;130614.66;0.0;93797.86;676475.1599999999;755627.0;2295970.7800000003;195188.68;29628.410000000003;98156.52;504376.9;303060.9;504376.89999999997;605.0;604.3333333333333;Vaucresson
92;92077;2021;0.0;333521.33999999997;0.0;174127.68;11694.73;0.0;0.0;55724.8;107190.98;1307693.13;0.0;0.0;3034225.9299999997;3450.0;33083.25;0.0;0.0;2375.7;253067.0;1989952.6599999997;348738.19;67419.53;107190.98;3070759.1799999997;3034225.9299999997;3070759.1799999997;1011.0;996.0;Ville-d'Avray
92;92077;2022;0.0;390830.77999999997;541.62;237180.25;19406.120000000003;0.0;0.0;53733.259999999995;117266.89000000001;2008560.92;0.0;0.0;808237.14;0.0;57556.94;0.0;0.0;3870.81;35940.07;2827519.84;427586.52;73139.38;117266.89000000001;865794.0800000001;808237.14;865794.08;966.0;956.0;Ville-d'Avray
92;92077;2023;0.0;562005.51;0.0;181962.06;51022.16;0.0;0.0;36265.91;119862.17;2190336.61;0.0;0.0;903229.7;10872.0;61894.74;0.0;0.0;6310.65;704273.0;3141454.42;389112.3;87288.07;119862.17;975996.44;903229.7;975996.44;936.0;925.3333333333333;Ville-d'Avray
92;92077;2024;0.0;540477.0800000001;0.0;157740.09;14610.08;0.0;0.0;61927.48;124111.36;1974553.72;0.0;0.0;382545.08999999997;11433.26;39929.43;0.0;0.0;7487.15;20000.0;2873419.81;358389.01;76537.56;124111.36;433907.77999999997;382545.08999999997;433907.78;904.0;894.3333333333333;Ville-d'Avray
92;92077;2025;0.0;680959.01;0.0;204198.62;24572.1;0.0;0.0;51297.4;197096.6;604454.47;0.0;0.0;100311.22;16440.0;49734.770000000004;0.0;0.0;3963.7;0.0;1762578.2;477164.72;75869.5;197096.6;166485.99;100311.22;166485.99;875.0;878.3333333333333;Ville-d'Avray
92;92078;2021;0.0;1533723.75;37996.340000000004;417346.19;4393.4400000000005;63121.369999999995;0.0;182177.04;1484.37;3549963.89;0.0;0.0;2917388.9299999997;77606.0;82305.12;0.0;0.0;823116.96;472901.77;5790206.390000001;668522.41;186570.48;64605.74;3077300.05;2917388.9299999997;3077300.05;3064.0;3032.0;Villeneuve-la-Garenne
92;92078;2022;0.0;1599596.8499999999;47621.4;604549.22;10948.89;69462.9;0.0;212786.13;12292.41;3564168.96;0.0;18316.2;1134243.08;142914.08;387459.70999999996;0.0;0.0;692187.86;407219.32999999996;6121426.76;910039.55;223735.02000000002;81755.31;1682933.07;1152559.28;1682933.07;2968.0;2975.6666666666665;Villeneuve-la-Garenne
92;92078;2023;0.0;1983402.85;59017.16;785404.54;47760.33;62948.14;0.0;260182.21;12537.220000000001;847927.1;0.0;0.0;1302136.44;64632.0;85782.6;0.0;0.0;482613.75;453239.76;4059179.5500000007;1168832.44;307942.54;75485.36;1452551.04;1302136.44;1452551.04;2991.0;2950.333333333333;Villeneuve-la-Garenne
92;92078;2024;0.0;2003582.05;42574.92;826219.2;14202.5;63161.18;0.0;117289.06;38595.24;904579.62;0.0;182100.48;829849.77;160707.22;237823.49;0.0;0.0;499300.77;444921.95;4010203.7700000005;1059467.18;131491.56;101756.42;1410480.96;1011950.25;1410480.96;2869.0;2833.0;Villeneuve-la-Garenne
92;92078;2025;0.0;2135176.17;33447.35;544360.66;4607.1;62326.369999999995;0.0;137439.86;5062.68;871490.29;0.0;1851500.0;2501700.7700000005;233811.96000000002;414048.88;0.0;0.0;466054.57;1435027.5899999999;3793910.48;753796.67;142046.96;67389.04999999999;5001061.61;4353200.7700000005;5001061.61;2761.0;2752.6666666666665;Villeneuve-la-Garenne
92;92987;2022;0.0;0.0;0.0;0.0;0.0;0.0;0.0;0.0;0.0;16050.59;0.0;0.0;0.0;0.0;0.0;0.0;0.0;0.0;0.0;16050.59;0.0;0.0;0.0;0.0;0.0;0.0;;;
92;92987;2023;0.0;398.25;0.0;0.0;0.0;0.0;0.0;0.0;0.0;0.0;0.0;0.0;0.0;0.0;0.0;0.0;0.0;0.0;0.0;398.25;0.0;0.0;0.0;0.0;0.0;0.0;;;
93;93001;2021;10517.5;5264695.33;42657.27;1259988.15;0.0;0.0;89359.44;205877.88;0.0;10753543.48;0.0;0.0;11840333.5;511412.52;674309.24;0.0;0.0;2379667.86;501436.13;17626639.05;1565742.9699999997;205877.88;0.0;13026055.26;11840333.5;12918236.15;8566.0;8456.0;Aubervilliers
93;93001;2022;11133.69;5879322.95;24868.0;2087442.3399999999;0.0;0.0;32912.91;220643.69;0.0;9094115.41;0.0;0.0;4121086.6;130405.2;1052946.77;10000.0;0.0;2017162.2000000002;616054.85;17350438.990000002;2352132.63;220643.69;0.0;5314438.57;4121086.6;5304438.57;8236.0;8146.999999999999;Aubervilliers
93;93001;2023;12057.99;7077166.69;51439.29;2767268.52;76175.12;0.0;-6569.18;348753.08;0.0;8059968.36;0.0;1148631.6;4871312.43;242765.9;691206.66;13948.94;0.0;3439830.4099999997;227786.0;18386259.87;3197685.5300000003;424928.2;0.0;6967865.53;6019944.029999999;6953916.59;7969.0;7889.999999999999;Aubervilliers
93;93001;2024;12173.0;7026887.37;76341.70999999999;3017442.33;131089.05;0.0;3000.0;316768.01999999996;0.0;8434764.69;0.0;0.0;4482380.38;431349.96;663153.24;1500.0;4592.35;2444154.39;1609623.08;19018466.17;3480472.4;447857.06999999995;0.0;5582975.93;4486972.7299999995;4432844.33;7732.0;7644.333333333332;Aubervilliers
93;93001;2025;13211.13;6962190.59;99268.06;1901592.59;287474.05;0.0;4000.0;348885.25;27886.68;9069475.08;0.0;0.0;5043704.7;394368.9;576611.45;0.0;0.0;3042144.24;192000.0;18713983.43;2583049.7;636359.3;27886.68;6014685.050000001;5043704.7;6014685.05;7469.0;7407.666666666666;Aubervilliers
93;93005;2021;0.0;3656256.91;197374.83000000002;552414.59;91951.99;57259.28;0.0;277322.64;959.15;12947913.93;0.0;0.0;5701335.3100000005;308885.89;503822.86;0.0;161223.16;3786564.3699999996;894460.46;17781453.32;979907.65;369274.63;58218.43;6675267.220000001;5862558.470000001;6675267.22;10552.0;10493.0;Aulnay-sous-Bois
93;93005;2022;0.0;4176781.6999999997;155368.02000000002;2443688.0;76497.97;37185.68;0.0;282114.39;2672.72;13431468.43;0.0;0.0;5529043.120000001;182949.44;1240361.01;0.0;199402.25;3966827.02;1253585.79;20605776.91;2842158.76;358612.36;39858.4;7151755.820000001;5728445.370000001;7151755.82;10375.0;10390.0;Aulnay-sous-Bois
93;93005;2023;0.0;4377962.21;145324.17;-6510.2;261753.56;49226.01;0.0;326585.38;7246.55;13690756.18;0.0;0.0;2742212.35;23865.6;1067482.1099999999;0.0;233324.66999999998;4097818.8899999997;882834.1000000001;18852343.86;638301.3;588338.94;56472.560000000005;4066884.73;2975537.02;4066884.73;10420.0;10410.333333333332;Aulnay-sous-Bois
93;93005;2024;0.0;4567349.600000001;168036.71000000002;569449.19;245452.03;45141.61;0.0;318144.31;48703.28;11851054.69;0.0;0.0;1346912.79;32291.4;529379.9099999999;0.0;67788.72;4676952.17;304889.44;17813331.42;1226890.42;563596.34;93844.89;1976372.8199999998;1414701.51;1976372.82;10391.0;10334.0;Aulnay-sous-Bois
93;93005;2025;0.0;5305065.2299999995;202108.48;823384.33;207543.65;36162.43;0.0;334040.63;3578.7200000000003;9409557.42;0.0;0.0;1461501.28;190395.91999999998;398198.56;0.0;3414.55;5177098.0200000005;103252.0;16321440.889999999;1404709.76;541584.28;39741.15;2053510.31;1464915.83;2053510.31;10220.0;10150.333333333332;Aulnay-sous-Bois
93;93006;2021;0.0;1893488.5799999998;38344.01;510619.56999999995;1630.56;15985.55;0.0;54835.11;0.0;8220872.97;0.0;0.0;573960.34;498040.88;380011.54;83000.0;0.0;802564.84;156547.6;10735776.35;583070.7899999999;56465.67;15985.55;1535012.76;573960.34;1452012.76;3557.0;3558.333333333333;Bagnolet
93;93006;2022;0.0;1761704.8;61668.07;783153.1;71040.51;5551.29;0.0;44869.590000000004;0.0;7071312.21;0.0;0.0;1143499.8199999998;771048.96;408193.39;0.0;167793.97;565601.61;2232852.0;9799299.57;904614.49;115910.1;5551.29;2490536.14;1311293.7899999998;2490536.14;3561.0;3568.6666666666665;Bagnolet
93;93006;2023;0.0;2219311.92;33139.41;0.0;91030.45;12370.92;0.0;8020.06;0.0;5755842.7;0.0;0.0;1028338.04;7212.0;549405.27;0.0;99373.64;1246569.63;273908.4;8119715.460000001;111421.43;99050.51;12370.92;1684328.95;1127711.68;1684328.95;3584.0;3579.333333333333;Bagnolet
93;93006;2024;0.0;1765925.4;101735.43;0.0;63716.53;7771.86;227772.01;-2929.2;0.0;3275546.27;0.0;0.0;10203760.84;0.0;247722.47000000003;0.0;381721.76;920548.63;3865792.83;5439538.3;296331.2;60787.33;7771.86;10833205.07;10585482.6;10833205.069999998;3570.0;3551.333333333333;Bagnolet
93;93006;2025;0.0;2464202.39;161019.72;0.0;-1380.0;8946.47;141328.05;-6686.02;0.0;3770254.15;0.0;0.0;6394912.6;55557.74;557590.63;0.0;466632.26;896481.12;3948324.45;6537684.76;142208.5;-8066.02;8946.47;7474693.2299999995;6861544.859999999;7474693.2299999995;3514.0;3487.6666666666665;Bagnolet
93;93007;2021;2218.5;2955628.27;20198.350000000002;577705.9099999999;142712.5;13487.95;0.0;19498.91;0.0;8441103.39;0.0;0.0;24696382.3;0.0;794919.0399999999;0.0;193010.07;1684596.89;5032377.2;12172553.780000001;755623.7699999999;162211.41;13487.95;25684311.41;24889392.37;25684311.41;7692.0;7650.0;Le Blanc-Mesnil
93;93007;2022;0.0;3171864.4699999997;28618.3;630210.7;133821.31;8061.72;0.0;43189.46;0.0;8819688.42;0.0;0.0;13615281.17;21600.0;908062.4099999999;0.0;212464.7;2553246.45;2265392.6399999997;12835454.379999999;815283.19;177010.77;8061.72;14757408.28;13827745.87;14757408.28;7566.0;7589.0;Le Blanc-Mesnil
93;93007;2023;0.0;3438612.64;24431.05;39038.17;131721.88;19834.51;0.0;51542.01;0.0;11781187.14;0.0;0.0;3068235.3;95216.4;207025.59999999998;0.0;1725718.25;2558885.14;0.0;15486367.4;242136.57;183263.89;19834.51;5096195.55;4793953.55;5096195.55;7635.0;7657.333333333333;Le Blanc-Mesnil
93;93007;2024;0.0;3429151.3400000003;42712.51;0.0;131519.77;5860.17;0.0;156343.93;0.0;10427752.23;0.0;0.0;3653463.33;78596.04;429861.72000000003;0.0;833194.4400000001;2651577.4499999997;1414605.53;14193339.950000001;293723.86999999994;287863.69999999995;5860.17;4995115.53;4486657.7700000005;4995115.53;7702.0;7689.333333333332;Le Blanc-Mesnil
93;93007;2025;10659.62;3749214.01;33340.4;602.64;211254.57;11084.16;0.0;93106.34;0.0;11839606.13;0.0;0.0;3703440.12;76737.81;947590.4299999999;0.0;765385.95;3127937.57;510000.0;15948867.870000001;326707.33;304360.91000000003;11084.16;5493154.3100000005;4468826.07;5493154.31;7664.0;7643.0;Le Blanc-Mesnil
93;93008;2021;25572.96;4226553.03;20547.690000000002;655006.0800000001;107310.27;137095.03;10945.0;89979.03;0.0;13839386.98;0.0;0.0;10452405.95;761519.42;1159109.75;0.0;0.0;1322425.2000000002;149774.0;19112396.07;1025908.37;197289.3;137095.03;12373035.12;10452405.95;12373035.12;6671.0;6578.0;Bobigny
93;93008;2022;51950.32;4414722.37;6237.4400000000005;773082.34;111033.58;119782.78;19055.0;88594.9;0.0;16781040.59;0.0;519997.99;12312931.91;1552024.66;1703808.36;0.0;1036.85;1111412.49;135973.0;22365499.32;1163498.9200000002;199628.47999999998;119782.78;16089799.77;12833966.75;16089799.77;6392.0;6392.0;Bobigny
93;93008;2023;0.0;5009084.02;20949.13;1172427.5;105705.38;89766.13;28620.0;81799.39;0.0;16667112.76;0.0;446130.52;7211671.73;2612379.89;886629.34;0.0;1622.5;1646612.58;1581666.26;23175464.31;1478318.4;187504.77000000002;89766.13;11158433.98;7659424.75;11158433.98;6392.0;6409.333333333333;Bobigny
93;93008;2024;0.0;5343283.84;18015.63;1240943.5;127487.37;59970.31;43920.0;30187.09;0.0;15470135.639999999;0.0;0.0;22407360.26;2166878.9699999997;859115.5;0.0;520.0;2198440.74;14553311.84;22333943.38;1502508.27;157674.46;59970.31;25433874.73;22407880.26;25433874.73;6444.0;6426.333333333333;Bobigny
93;93008;2025;0.0;5435798.149999999;21902.48;859632.72;59038.95;61072.130000000005;44640.0;18877.89;0.0;15460840.21;0.0;8640.0;21285497.13;1120990.96;723794.92;0.0;0.0;1958394.27;682380.6699999999;21961802.53;1043261.69;77916.84;61072.130000000005;23138923.01;21294137.13;23138923.009999998;6391.0;6413.666666666666;Bobigny
93;93010;2021;0.0;4843241.77;13667.11;110613.52;259293.11;344342.01999999996;0.0;86256.41;1098252.0;15043713.39;0.0;0.0;525991.34;2407.31;331358.18;0.0;7320.0;2993034.3;0.0;21799379.33;1898757.06;345549.52;1442594.02;867076.8300000001;533311.34;867076.83;7129.0;7105.999999999999;Bondy
93;93010;2022;0.0;2228448.83;947.0;282881.49;121684.4;414954.64999999997;0.0;94092.91;1035837.2;18058643.36;0.0;25198.47;829933.57;1199.52;369872.52999999997;0.0;36046.92;3479164.49;57618.0;22237489.84;1949450.65;215777.31;1450791.8499999999;1262251.0099999998;891178.96;1262251.01;7060.0;7025.666666666666;Bondy
93;93010;2023;0.0;5493105.03;13570.07;273951.71;90076.42;219876.77;0.0;139715.33000000002;660490.09;20252218.09;0.0;0.0;285591.72;34782.0;555498.39;0.0;0.0;2457959.8000000003;409073.89;27143003.509999998;1384110.3199999998;229791.75;880366.86;875872.11;285591.72;875872.11;6957.0;6940.666666666666;Bondy
93;93010;2024;0.0;4881490.81;10441.27;144550.97;255881.48;209609.77;0.0;144924.74000000002;34755.81;20974497.89;0.0;0.0;505716.48000000004;52710.0;289691.4;0.0;8412.0;5911462.71;367593.0;26656152.740000002;789722.77;400806.22000000003;244365.58;856529.88;514128.48000000004;856529.88;6908.0;6873.333333333333;Bondy
93;93010;2025;0.0;4508596.46;17411.05;294774.67;273766.29;135070.87;0.0;160434.91;-8973.12;20186067.8;0.0;0.0;719352.63;58179.46;231151.45;0.0;0.0;4285398.67;156582.32;25567148.93;855073.6199999999;434201.19999999995;126097.75;1008683.54;719352.63;1008683.54;6804.0;6777.0;Bondy
93;93013;2021;0.0;1139959.28;989.28;313491.54000000004;0.0;0.0;0.0;0.0;0.0;3003455.19;0.0;0.0;8535606.750000002;0.0;29674.39;0.0;0.0;366467.15;0.0;4457895.29;313491.54000000004;0.0;0.0;8565281.140000002;8535606.750000002;8565281.14;1896.0;1887.0;Le Bourget
93;93013;2022;179988.94;1056284.16;0.0;257722.28000000003;4182.36;0.0;0.0;29649.84;0.0;2667386.88;0.0;0.0;18828970.24;0.0;7941.3;0.0;0.0;278622.74;12354366.01;4195214.46;471543.42000000004;33832.2;0.0;18836911.54;18828970.24;18836911.54;1869.0;1865.6666666666665;Le Bourget
93;93013;2023;0.0;1140824.48;0.0;493978.69000000006;1608.0;0.0;0.0;8318.369999999999;0.0;3135603.63;0.0;0.0;4237006.96;0.0;115111.75;0.0;0.0;273597.42000000004;807983.4;4780333.17;503905.06000000006;9926.369999999999;0.0;4352118.71;4237006.96;4352118.71;1859.0;1858.6666666666665;Le Bourget
93;93013;2024;89683.58;1789153.67;0.0;572517.96;0.0;0.0;0.0;32954.66;0.0;2549676.45;0.0;0.0;680145.8200000001;0.0;63258.09;0.0;0.0;490073.78;2614640.0;5033986.32;695156.2;32954.66;0.0;743403.91;680145.8200000001;743403.91;1858.0;1839.9999999999998;Le Bourget
93;93013;2025;0.0;1850437.8900000001;2346.37;446988.18000000005;14381.16;0.0;0.0;29417.1;0.0;2343285.6;0.0;0.0;513655.24;0.0;33672.69;0.0;0.0;469122.98;0.0;4686856.300000001;490786.44000000006;43798.259999999995;0.0;547327.9299999999;513655.24;547327.9299999999;1804.0;1785.9999999999998;Le Bourget
93;93014;2021;0.0;514202.20999999996;9500.0;489159.26;78515.34;17401.69;121574.83;0.0;1018904.99;5307679.49;0.0;0.0;1699049.1600000001;41525.82;304499.05;0.0;90496.37;885511.47;0.0;7556937.8100000005;1725556.11;78515.34;1036306.6799999999;2135570.4000000004;1789545.5300000003;2135570.4;4266.0;4210.0;Clichy-sous-Bois
93;93014;2022;0.0;526715.97;19337.59;511529.27;76646.08;8660.01;160473.84;0.0;859504.77;4370821.46;0.0;0.0;2120164.52;5299.2;422498.83;0.0;0.0;972532.69;166658.53;6533688.99;1616813.97;76646.08;868164.78;2547962.5500000003;2120164.52;2547962.55;4098.0;4053.333333333333;Clichy-sous-Bois
93;93014;2023;0.0;401117.08999999997;19463.57;894175.97;106908.46;5481.72;353419.34;0.0;937679.56;3396432.44;0.0;0.0;2935598.19;28917.51;357617.97;0.0;0.0;908308.8500000001;41364.17;6114678.15;2297665.05;106908.46;943161.28;3322133.67;2935598.19;3322133.67;3964.0;3886.6666666666665;Clichy-sous-Bois
93;93014;2024;0.0;577721.74;25336.67;948504.9600000001;220166.40000000002;940.13;785363.7599999999;0.0;931510.5;4160499.84;0.0;0.0;6912105.96;13020.0;434092.99;0.0;0.0;1206283.96;0.0;7650044.0;2886485.7499999995;220166.40000000002;932450.63;7359218.95;6912105.96;7359218.949999999;3732.0;3696.6666666666665;Clichy-sous-Bois
93;93014;2025;0.0;509670.22000000003;42586.24;892871.5599999999;181244.5;10210.85;791030.8099999999;0.0;940712.86;5024835.75;0.0;0.0;15212829.75;10363.62;405664.9;0.0;0.0;1061021.8;230120.98;8393162.79;2816070.58;181244.5;950923.71;15628858.27;15212829.75;15628858.27;3626.0;3603.9999999999995;Clichy-sous-Bois
93;93015;2021;0.0;218681.29999999996;3852.46;212514.77;15880.28;13140.08;0.0;7809.41;2814.37;854767.88;0.0;0.0;231069.01;0.0;23843.019999999997;0.0;0.0;270654.43;63398.82;1329460.5499999998;252158.90999999997;23689.690000000002;15954.45;254912.03;231069.01;254912.03;626.0;642.0;Coubron
93;93015;2022;0.0;273810.86;4091.43;220217.72;20704.050000000003;19535.15;0.0;7520.85;3433.96;953551.15;0.0;0.0;10848.050000000001;5400.0;11007.37;0.0;0.0;297083.05;103103.75;1502865.17;271411.73;28224.9;22969.11;27255.420000000002;10848.050000000001;27255.420000000002;674.0;666.6666666666666;Coubron
93;93015;2023;0.0;282147.7;6723.71;221490.81;17493.8;24373.7;0.0;6609.33;2836.0;976153.68;0.0;0.0;27321.57;0.0;5940.72;0.0;0.0;295594.30999999994;4286.3;1537828.73;272803.64;24103.129999999997;27209.7;33262.29;27321.57;33262.29;652.0;641.6666666666666;Coubron
93;93015;2024;0.0;284453.56;62699.42999999999;252372.57;28929.480000000003;12834.75;0.0;8825.47;0.0;1000862.78;0.0;0.0;184282.26;0.0;28274.989999999998;0.0;0.0;321760.66;0.0;1650978.04;302962.27;37754.950000000004;12834.75;212557.25;184282.26;212557.25;621.0;617.0;Coubron
93;93015;2025;0.0;279127.84;34380.46;137319.36;12700.18;13062.74;0.0;6461.54;0.0;1050191.13;0.0;0.0;16530.27;3225.0;11617.67;0.0;0.0;316046.67;85964.0;1533243.25;169543.81999999998;19161.72;13062.74;31372.940000000002;16530.27;31372.94;609.0;616.6666666666666;Coubron
93;93027;2021;0.0;2409236.95;25772.7;1050514.8199999998;94103.67;108694.44;3043.96;78535.68;43368.24;9279382.43;0.0;0.0;2806566.41;528578.24;48422.36;0.0;0.0;1618958.76;2473909.86;13092652.89;1378260.8099999998;172639.34999999998;152062.68;3383567.0100000002;2806566.41;3383567.01;5364.0;5330.666666666666;La Courneuve
93;93027;2022;0.0;3925718.69;62520.670000000006;1292152.96;86257.54;119397.89;6767.19;69966.32;47866.35;9529142.290000001;0.0;0.0;8560503.290000001;1597954.29;666305.8300000001;0.0;0.0;3099026.1;444129.55;15139789.900000002;1622408.25;156223.86;167264.24;10824763.410000002;8560503.290000001;10395355.950000001;5264.0;5242.333333333333;La Courneuve
93;93027;2023;0.0;2947010.25;19408.25;1931310.83;51734.21;87789.68;0.0;143910.76;41681.74;9825339.01;0.0;536947.57;10749658.42;159249.82;180883.39;0.0;0.0;272728.91000000003;2345565.36;15048184.73;2256427.22;195644.97;129471.41999999998;11626739.200000001;11286605.99;11626739.2;5199.0;5157.333333333333;La Courneuve
93;93027;2024;0.0;3750559.22;22457.019999999997;2428499.64;57231.71;116741.7;3644.1;131059.53;45095.21;14117008.48;0.0;36511.44;15792520.290000001;33959.0;353513.54;0.0;0.0;1488555.33;3274813.64;20672296.61;2782271.89;188291.24;161836.91;16216504.27;15829031.73;16216504.27;5074.0;5044.333333333333;La Courneuve
93;93027;2025;0.0;3777428.38;71726.45;1436951.73;58036.85;103226.33;0.0;139072.19;59271.03;15098862.47;0.0;0.0;14849593.56;50859.36;609374.17;0.0;0.0;1287829.64;2145972.59;20744575.43;1796558.13;197109.04;162497.36;15509827.09;14849593.56;14972879.52;4985.0;4946.666666666666;La Courneuve
93;93029;2021;0.0;5413891.260000001;46878.0;1106441.56;90861.83;26590.83;2736.68;118107.95;0.0;12877674.92;0.0;0.0;2231870.9;38850.48;527987.65;0.0;134551.71;1311442.06;511904.0;19683183.03;1344738.8499999999;208969.78;26590.83;2933260.7399999998;2366422.61;2933260.7399999998;8575.0;8557.666666666666;Drancy
93;93029;2022;0.0;6579005.069999999;40999.89;1476639.1099999999;106781.97;29535.04;3500.0;117006.42;0.0;12732238.98;0.0;0.0;2026496.43;107481.1;2001637.67;0.0;0.0;1134863.32;409972.0;21085706.48;1733462.5399999998;223788.39;29535.04;4135615.1999999997;2026496.43;4135615.2;8523.0;8530.0;Drancy
93;93029;2023;0.0;7267235.58;56904.619999999995;2188731.49;80538.36;13371.96;-886.65;87244.23000000001;0.0;12710007.19;0.0;0.0;4043641.81;0.0;1199064.05;0.0;0.0;1452746.07;293436.8;22403146.78;2368999.39;167782.59000000003;13371.96;5242705.86;4043641.81;5242705.86;8544.0;8533.333333333332;Drancy
93;93029;2024;0.0;8881110.39;91885.8;1655697.52;87580.26;23759.28;0.0;101267.79000000001;0.0;13082945.69;0.0;71448.0;4625640.02;0.0;989508.1700000002;0.0;525.96;2152587.2800000003;279313.42000000004;23924246.73;1868304.85;188848.05;23759.28;5687122.149999999;4697613.9799999995;5687122.149999999;8512.0;8493.666666666666;Drancy
93;93029;2025;0.0;8891190.23;97456.42;1683927.33;66071.73;20687.03;0.0;97140.5;18582.0;12912183.91;16401.6;0.0;5487805.07;0.0;1053844.96;0.0;1153996.13;1670795.3199999998;1781861.3900000001;23787239.15;1886408.59;163212.22999999998;39269.03;7712047.76;6641801.2;7712047.76;8457.0;8411.0;Drancy
93;93030;2021;0.0;887810.03;0.0;222681.11;35818.28;13337.78;0.0;0.0;0.0;2425267.57;6780.0;0.0;998384.27;89771.65;139786.0;0.0;113225.48;225491.63;0.0;3584914.77;271837.17;35818.28;13337.78;1347947.4;1111609.75;1347947.4000000001;1643.0;1635.3333333333333;Dugny
93;93030;2022;0.0;951114.59;0.0;231656.95;87843.51;49047.55;0.0;0.0;0.0;2471314.76;4689.67;0.0;414423.83999999997;99202.34000000001;462517.51;0.0;0.0;198046.25;7569.0;3790977.36;368548.01;87843.51;49047.55;980833.36;414423.83999999997;980833.36;1620.0;1618.6666666666665;Dugny
93;93030;2023;0.0;1192700.42;0.0;421931.32;24108.75;24179.48;0.0;0.0;0.0;2600672.24;0.0;0.0;2635025.51;70471.2;54999.75;0.0;0.0;517206.95;534765.86;4263592.21;470219.55;24108.75;24179.48;2760496.46;2635025.51;2760496.46;1616.0;1617.6666666666665;Dugny
93;93030;2024;0.0;995936.39;-1311.36;491888.51999999996;14174.22;10315.52;0.0;0.0;0.0;2810384.44;0.0;0.0;1607873.81;74622.48999999999;93982.12;0.0;0.0;269885.43000000005;537125.75;4321387.73;516378.25999999995;14174.22;10315.52;1776478.42;1607873.81;1776478.42;1621.0;1621.9999999999998;Dugny
93;93030;2025;0.0;1387656.28;0.0;45276.61;26926.62;17578.04;0.0;0.0;0.0;2781729.73;0.0;0.0;319034.20999999996;19164.25;243487.45;0.0;0.0;321426.87;0.0;4259167.28;89781.27;26926.62;17578.04;581685.9099999999;319034.20999999996;581685.91;1624.0;1639.9999999999998;Dugny
93;93031;2021;0.0;9185166.99;123611.3;808897.8500000001;183801.59;0.0;0.0;176840.47;18799.69;796627.5700000001;0.0;542717.6;3046203.63;329885.09;121109.81;0.0;8970.24;4352851.43;699180.4;11293745.46;1188339.6;360642.06;18799.69;4048886.37;3597891.47;4048886.3699999996;6570.0;6435.333333333333;Épinay-sur-Seine
93;93031;2022;0.0;9212738.41;211223.96;1327055.31;97213.23;0.0;0.0;230011.2;0.0;779612.26;0.0;36404.99;2400472.31;872581.76;235517.58000000002;0.0;294658.6;4634830.26;612373.0;11857854.37;1654279.74;327224.43;0.0;3839635.2400000007;2731535.9000000004;3839635.24;6166.0;6076.999999999999;Épinay-sur-Seine
93;93031;2023;0.0;9720249.69;228396.95;1381740.5599999998;100964.48;0.0;0.0;100372.06;16772.17;785586.35;0.0;420541.27;2959646.3400000003;1750605.42;173958.15;0.0;0.0;300904.52;350992.47;12334082.259999998;1599849.2699999998;201336.53999999998;16772.17;5304751.180000001;3380187.6100000003;5304751.18;5899.0;5846.333333333333;Épinay-sur-Seine
93;93031;2024;0.0;9444543.95;217833.36;1344000.03;104746.92;0.0;0.0;256268.58;24608.05;658928.22;0.0;750000.0;7090897.82;1967453.32;98933.18999999999;0.0;17860.32;547024.35;3231052.84;12050929.110000001;1729623.58;361015.5;24608.05;9925144.65;7858758.140000001;9925144.65;5741.0;5699.666666666666;Épinay-sur-Seine
93;93031;2025;0.0;9725983.51;225347.92;1155698.81;132868.73;0.0;0.0;297539.13;17107.21;701813.64;0.0;68255.25;18862008.970000003;479582.58;144813.31;0.0;987.38;285814.97000000003;6455177.51;12256358.950000001;1603213.8800000001;430407.86;17107.21;19555647.49;18931251.6;19555647.49;5617.0;5546.666666666666;Épinay-sur-Seine
93;93032;2021;0.0;1401514.9;63290.46;613785.3;45216.030000000006;24241.24;0.0;22164.39;0.0;5448267.29;0.0;0.0;520580.17;16219.720000000001;336924.41;0.0;0.0;1507215.81;0.0;7618479.609999999;705406.9600000001;67380.42000000001;24241.24;873724.3;520580.17;873724.2999999999;4343.0;4268.0;Gagny
93;93032;2022;0.0;1533403.31;69026.17;795134.45;53804.560000000005;26640.120000000003;0.0;129564.43000000001;7788.0;5418850.29;0.0;0.0;329965.51;55390.57;482878.83999999997;0.0;57741.6;1537131.31;228872.13;8034211.33;1012931.5599999999;183368.99000000002;34428.12;925976.5199999999;387707.11;925976.52;4118.0;4141.0;Gagny
93;93032;2023;0.0;1672183.58;53479.13;1089721.08;33339.05;38893.61;0.0;115785.71999999999;15576.0;4428314.62;0.0;0.0;1289432.1600000001;356823.35;641384.55;0.0;4419.31;1844207.37;140490.0;7447292.79;1293315.46;149124.77;54469.61;2292059.3700000006;1293851.4700000002;2292059.37;4187.0;4244.0;Gagny
93;93032;2024;0.0;1720850.47;53617.54;1009009.45;32837.64;35269.33;0.0;136487.74;15576.0;5110189.21;0.0;64145.0;1464506.19;222263.2;203952.47;0.0;0.0;1996587.75;63044.51;8113837.38;1229180.16;169325.38;50845.33;1954866.8599999999;1528651.19;1954866.8599999999;4358.0;4363.0;Gagny
93;93032;2025;0.0;1853541.16;74215.53;958465.04;41701.090000000004;39794.16;0.0;165822.21;15576.0;5586208.49;0.0;1858174.08;2281868.66;102509.38;210987.96;0.0;56569.009999999995;2025724.6199999999;0.0;8735323.68;1221358.5;207523.3;55370.16;4510109.09;4196611.75;4510109.09;4373.0;4380.0;Gagny
93;93033;2021;0.0;282788.54;28146.010000000002;145920.12;36480.72;17214.45;0.0;30588.02;75528.1;1094537.34;0.0;0.0;89659.68000000002;15927.0;80896.45;0.0;0.0;382016.06;32936.62;1711203.3;305731.41000000003;67068.74;92742.55;186483.13;89659.68000000002;186483.13;786.0;782.0;Gournay-sur-Marne
93;93033;2022;0.0;273559.39;20494.16;137660.41999999998;7832.82;11823.88;0.0;53760.05;75220.92;1115680.32;0.0;0.0;127065.45000000001;78595.51000000001;160229.6;0.0;0.0;412780.62;6144.0;1696031.96;286298.08999999997;61592.87;87044.8;365890.56000000006;127065.45000000001;365890.56;774.0;758.3333333333333;Gournay-sur-Marne
93;93033;2023;0.0;267551.97000000003;28512.550000000003;218652.14;11076.470000000001;18913.85;0.0;62780.55;69003.6;1132043.02;0.0;0.0;39539.95999999999;22225.9;138893.03;0.0;3571.2;452096.98999999993;62033.21;1808534.15;380426.61;73857.02;87917.45000000001;204230.09;43111.15999999999;204230.09;727.0;731.6666666666666;Gournay-sur-Marne
93;93033;2024;0.0;285186.62;25380.34;185443.06;16924.1;14729.8;0.0;72851.26;56011.04;1174369.26;0.0;0.0;437688.35;15110.66;113839.8;0.0;0.0;457819.15;80267.08;1830895.48;345959.26;89775.35999999999;70740.84;566638.8099999999;437688.35;566638.8099999999;741.0;740.3333333333333;Gournay-sur-Marne
93;93033;2025;0.0;272517.65;35296.98;166169.61;27152.08;15679.470000000001;0.0;76765.39;61088.6;1168972.48;0.0;0.0;719894.49;30000.0;204908.63999999998;0.0;0.0;474083.43999999994;153684.08;1823642.2599999998;346855.15;103917.47;76768.07;954803.13;719894.49;954803.13;739.0;742.3333333333333;Gournay-sur-Marne
93;93039;2021;0.0;311500.67000000004;7374.71;0.0;0.0;35150.01;0.0;8068.79;0.0;2278213.58;0.0;0.0;16906.5;78262.8;72763.06999999999;0.0;0.0;294590.2;257902.06;2640307.7600000002;43218.8;8068.79;35150.01;167932.37;16906.5;167932.37;1034.0;1020.6666666666665;L'Île-Saint-Denis
93;93039;2022;0.0;450857.13;3999.48;0.0;0.0;32892.21;0.0;8359.92;2506.4;2292107.47;0.0;0.0;65536.40000000001;31983.48;143130.68;0.0;6670.9;208732.55;1228561.9000000001;2790722.6100000003;43758.53;8359.92;35398.61;247321.46;72207.3;247321.46000000002;994.0;997.0;L'Île-Saint-Denis
93;93039;2023;0.0;483982.51;2800.38;0.0;0.0;38290.87;0.0;7467.84;0.0;2295681.46;0.0;0.0;164506.03999999998;232601.96;65885.83;0.0;13703.62;234839.18;227390.88;2828223.06;45758.71000000001;7467.84;38290.87;476697.45;178209.65999999997;476697.44999999995;1003.0;987.3333333333333;L'Île-Saint-Denis
93;93039;2024;0.0;474327.57;0.0;0.0;0.0;36273.8;0.0;30489.16;0.0;2614519.46;0.0;0.0;254769.03;323599.62;18685.41;0.0;0.0;364905.14;1700000.0;3155609.99;66762.96;30489.16;36273.8;597054.06;254769.03;597054.0599999999;956.0;915.9999999999999;L'Île-Saint-Denis
93;93039;2025;0.0;673304.0;0.0;0.0;0.0;37438.520000000004;0.0;28195.88;0.0;2809663.43;0.0;0.0;434848.94000000006;498169.03;62561.89;0.0;0.0;420689.49;1120.0;3548601.83;65634.40000000001;28195.88;37438.520000000004;995579.8600000001;434848.94000000006;995579.86;836.0;821.6666666666665;L'Île-Saint-Denis
93;93045;2021;0.0;1213336.32;8660.26;226607.02000000002;60356.25;60778.0;0.0;13753.63;0.0;641882.36;0.0;0.0;517744.09;56761.44;144925.69;0.0;0.0;1225024.97;89034.0;2225373.84;361494.9;74109.88;60778.0;719431.22;517744.09;719431.22;1926.0;1888.6666666666665;Les Lilas
93;93045;2022;0.0;1577395.16;23930.11;254811.74;34803.76;69782.54;0.0;11386.4;0.0;244019.63999999998;0.0;0.0;124371.92;19166.16;118091.37999999999;0.0;0.0;1237011.7;72912.64;2216129.3499999996;370784.44;46190.16;69782.54;261629.45999999996;124371.92;261629.46;1814.0;1814.3333333333333;Les Lilas
93;93045;2023;0.0;1565392.96;30040.13;633693.34;61980.45;69696.02;0.0;12382.62;0.0;115289.21;0.0;0.0;454060.91000000003;13889.4;100837.55;0.0;204363.84;1009835.4799999999;0.0;2488474.7299999995;777752.4299999999;74363.06999999999;69696.02;773151.7000000001;658424.75;773151.7;1815.0;1802.0;Les Lilas
93;93045;2024;0.0;1588957.46;26826.33;496103.18;43734.42;82525.37;0.0;12535.94;0.0;121633.8;0.0;0.0;541276.7200000001;27962.3;189123.41999999998;0.0;504019.43;1210554.26;5000.0;2372316.4999999995;634898.9099999999;56270.36;82525.37;1262381.87;1045296.1500000001;1262381.87;1776.0;1765.6666666666665;Les Lilas
93;93045;2025;0.0;1785031.2899999998;28343.07;351129.3;46972.479999999996;74879.56;0.0;10899.82;0.0;120518.16;0.0;0.0;775233.2400000001;4074.0;140424.07;0.0;71219.92;1145773.31;0.0;2417773.6799999997;483881.16;57872.299999999996;74879.56;990951.2300000001;846453.1600000001;990951.23;1745.0;1728.3333333333333;Les Lilas
93;93046;2021;0.0;1916513.6400000001;63429.259999999995;720402.96;61827.94;42752.93;0.0;90422.22;0.0;6684372.27;0.0;0.0;4638482.199999999;6960.0;513834.06;0.0;0.0;1783701.06;172520.0;9579721.219999999;915406.0499999999;152250.16;42752.93;5159276.259999999;4638482.199999999;5159276.26;5549.0;5588.333333333333;Livry-Gargan
93;93046;2022;0.0;2125077.0900000003;48655.54;729662.4;146248.38;40026.86;0.0;103359.73;0.0;7108275.55;0.0;0.0;1486590.43;62462.0;305789.93;0.0;0.0;2210940.9699999997;343453.0;10301305.55;1019297.37;249608.11;40026.86;1854842.3599999999;1486590.43;1854842.3599999999;5667.0;5690.0;Livry-Gargan
93;93046;2023;0.0;2294736.3;55348.649999999994;1543994.32;99975.53;41392.69;0.0;98418.83;0.0;7458556.28;0.0;0.0;2361548.0;0.0;345236.32;0.0;0.0;2595774.7600000002;260168.41999999998;11592422.6;1783781.37;198394.36;41392.69;2706784.32;2361548.0;2706784.32;5736.0;5808.666666666666;Livry-Gargan
93;93046;2024;0.0;2571445.95;59647.41;1530171.31;87352.87;41328.490000000005;0.0;93424.85;0.0;7794969.350000001;0.0;0.0;6436958.45;0.0;414873.74;0.0;0.0;3350462.9;577972.96;12178340.23;1752277.52;180777.72;41328.490000000005;6851832.19;6436958.45;6851832.19;5954.0;5964.0;Livry-Gargan
93;93046;2025;0.0;2736332.7;53348.13;1240922.93;263989.36;41843.42;0.0;177262.63;0.0;8052055.59;0.0;0.0;8923652.13;3505.68;782880.28;0.0;0.0;2933926.43;1127337.51;12565754.76;1724018.3399999999;441251.99;41843.42;9710038.09;8923652.13;9710038.09;5984.0;5997.0;Livry-Gargan
93;93047;2021;0.0;1867846.6099999999;-0.01;389595.95999999996;99082.88;0.0;0.0;37634.99;376452.62;1829957.21;0.0;11307.31;1808618.42;24738.0;15586.29;0.0;0.0;1697227.49;3130648.35;4600570.26;902766.45;136717.87;376452.62;1860250.02;1819925.73;1860250.0199999998;3055.0;3061.6666666666665;Montfermeil
93;93047;2022;0.0;2239171.45;0.0;6404.570000000001;86957.66;0.0;0.0;42840.53;344975.67;2030833.94;0.0;129600.0;5131308.11;44538.06;672946.5700000001;0.0;0.0;617813.23;0.0;4751183.82;481178.43;129798.19;344975.67;5978392.74;5260908.11;5978392.74;3075.0;3084.333333333333;Montfermeil
93;93047;2023;0.0;2698045.7899999996;0.0;0.0;326207.36;0.0;0.0;19082.73;262361.8;2090279.47;0.0;0.0;2451359.81;202871.57;297859.63;0.0;0.0;1551081.3800000001;180862.0;5395977.149999999;607651.8899999999;345290.08999999997;262361.8;2952091.01;2451359.81;2952091.01;3103.0;3112.6666666666665;Montfermeil
93;93047;2024;0.0;2508811.17;321.72;367.08;121448.66;0.0;0.0;8804.869999999999;309779.77;2000759.0799999998;0.0;0.0;1268956.62;327252.68;97711.11;0.0;4332.0;2372840.67;350206.0;4950292.35;440400.38000000006;130253.53;309779.77;1698252.4100000001;1273288.62;1698252.4100000001;3132.0;3148.0;Montfermeil
93;93047;2025;0.0;2768793.16;0.0;0.0;58301.92999999999;0.0;0.0;22727.03;567294.6200000001;2195660.0100000002;0.0;0.0;4447325.7;240033.33;164164.69;0.0;0.0;2405257.86;202782.6;5612776.75;648323.5800000001;81028.95999999999;567294.6200000001;4851523.720000001;4447325.7;4851523.72;3180.0;3156.333333333333;Montfermeil
93;93048;2021;0.0;6298557.26;73934.34;0.0;0.0;158755.77;32166.54;778.0;68077.14;20711835.42;0.0;0.0;4967459.82;169241.05;620246.26;0.0;312534.6;3947246.0199999996;0.0;27344104.47;259777.44999999998;778.0;226832.90999999997;6069481.7299999995;5279994.42;6069481.73;11303.0;11250.666666666666;Montreuil
93;93048;2022;0.0;6756872.65;74500.53;0.0;0.0;152295.15;28862.84;1343.68;72742.98;21563852.84;0.0;289059.81;5942356.5;70656.0;521140.9;0.0;113311.19;3690811.46;30000.0;28650470.67;255244.65;1343.68;225038.13;6936524.4;6344727.5;6936524.4;11146.0;11117.0;Montreuil
93;93048;2023;0.0;6799499.699999999;99550.22;53940.0;0.0;119769.58;24622.7;1741.28;62925.17;23474117.51;0.0;0.0;10349436.01;113171.09999999999;676552.65;0.0;57638.31;3944629.29;480000.0;30636166.16;262998.73;1741.28;182694.75;11196798.07;10407074.32;11196798.07;11059.0;11066.666666666666;Montreuil
93;93048;2024;0.0;8588992.22;87671.04000000001;38880.0;3814.58;93403.85;28949.72;23454.4;65333.33;24480872.680000003;0.0;0.0;16849069.46;73913.23;664197.24;0.0;0.0;4420948.1;893233.09;33411371.820000004;253835.88;27268.980000000003;158737.18;17587179.93;16849069.46;17587179.93;11082.0;11034.666666666666;Montreuil
93;93048;2025;0.0;9838114.08;99270.2;36000.0;0.0;124005.81;28208.719999999998;-3176.59;78260.54;23931747.669999998;0.0;2007554.4;14323534.07;16440.0;545874.42;0.0;0.0;4593938.32;2325036.3899999997;34132430.42999999;263298.48;-3176.59;202266.34999999998;16893402.89;16331088.47;16893402.89;10940.0;10908.0;Montreuil
93;93049;2021;0.0;545410.8;3565.4;227872.69;107927.22;74632.19;0.0;5649.11;0.0;2816527.4399999995;0.0;0.0;402712.04;36765.7;89297.36;0.0;795.29;160944.83;69210.0;3781584.8499999996;416081.21;113576.33;74632.19;529570.39;403507.32999999996;529570.39;2137.0;2110.0;Neuilly-Plaisance
93;93049;2022;0.0;699427.51;2246.24;259561.75;188479.66999999998;51195.49;0.0;3151.23;4475.7;3185985.5300000003;0.0;0.0;1821840.2;31639.34;63875.11;0.0;0.0;220466.35;74851.0;4394523.12;506863.83999999997;191630.9;55671.189999999995;1917354.6500000001;1821840.2;1917354.65;2056.0;2042.6666666666665;Neuilly-Plaisance
93;93049;2023;0.0;687648.4400000001;5500.44;847872.51;98034.31;52200.06;0.0;52999.42;0.0;3113232.34;0.0;0.0;1128692.22;72669.63;95799.92;13839.04;0.0;202039.62;90466.0;4857487.52;1051106.3;151033.72999999998;52200.06;1311000.81;1128692.22;1297161.77;2016.0;2017.0;Neuilly-Plaisance
93;93049;2024;0.0;766418.35;3064.49;909028.3099999999;239215.88999999998;40223.11;0.0;53351.51;0.0;3238477.84;0.0;0.0;638574.34;15918.100000000002;63013.97;0.0;29393.08;247322.72999999998;187812.03;5249779.5;1241818.8199999998;292567.39999999997;40223.11;746899.4899999999;667967.4199999999;746899.49;2019.0;2013.0;Neuilly-Plaisance
93;93049;2025;0.0;566778.03;970.19;729785.15;264094.11;61165.54;0.0;87907.99;0.0;3176998.34;0.0;0.0;751574.5;7536.0;139591.76;0.0;0.0;218185.1;0.0;4887699.35;1142952.79;352002.1;61165.54;898702.26;751574.5;898702.26;2001.0;1991.0;Neuilly-Plaisance
93;93050;2021;0.0;1746775.49;77360.17;863745.37;111205.78;420880.24;0.0;92043.17;0.0;7799025.11;0.0;0.0;882736.83;10602.31;198902.05;0.0;11087.77;1661767.9700000002;71168.44;11111035.33;1487874.56;203248.95;420880.24;1103328.96;893824.6;1103328.96;4480.0;4495.666666666666;Neuilly-sur-Marne
93;93050;2022;0.0;1962371.02;47342.0;972895.22;114120.56999999999;342063.73;0.0;76721.84000000001;0.0;7736988.13;0.0;0.0;1326570.27;14091.900000000001;231157.66;0.0;32336.27;1717101.2100000002;174304.87;11252502.51;1505801.3599999999;190842.41;342063.73;1604156.0999999999;1358906.54;1604156.1000000003;4527.0;4548.0;Neuilly-sur-Marne
93;93050;2023;0.0;1831410.3800000001;39199.869999999995;2340994.17;169955.66999999998;307043.81;0.0;104114.6;0.0;7219514.930000001;0.0;0.0;346947.9;31960.710000000003;204281.47999999998;0.0;0.0;1837424.1700000002;14177.63;12012233.43;2922108.25;274070.27;307043.81;583190.0900000001;346947.9;583190.09;4590.0;4579.0;Neuilly-sur-Marne
93;93050;2024;0.0;2109269.4299999997;72851.99;794311.96;57939.950000000004;222663.72999999998;0.0;76310.43;0.0;11269584.1;0.0;0.0;2105833.63;20581.27;170020.50999999998;0.0;0.0;2103931.9299999997;454263.0;14602931.59;1151226.0699999998;134250.38;222663.72999999998;2296435.4099999997;2105833.63;2296435.4099999997;4557.0;4562.333333333333;Neuilly-sur-Marne
93;93050;2025;0.0;2575179.33;63193.19;1135935.19;54782.55;158401.9;0.0;97894.97;0.0;11212638.8;0.0;0.0;336375.37;2718.75;205091.35;0.0;0.0;1870945.1600000001;227966.43;15298025.93;1447014.6099999999;152677.52000000002;158401.9;544185.47;336375.37;544185.47;4573.0;4555.0;Neuilly-sur-Marne
93;93051;2021;0.0;2494432.29;3839.83;1347252.3;467080.96;166197.90999999997;0.0;13491.96;343030.16;15135112.799999999;0.0;2200000.0;11211229.8;156622.54;281716.48000000004;0.0;0.0;1271980.55;705965.0;19970438.21;2337053.29;480572.92000000004;509228.06999999995;13849568.82;13411229.8;13809294.17;7781.0;7773.666666666666;Noisy-le-Grand
93;93051;2022;0.0;2615104.29;7819.25;1104220.6;393021.2;68731.89;0.0;82931.21;399585.27;14089519.17;0.0;0.0;7534339.14;87166.32;606070.98;0.0;0.0;1333418.29;51995.520000000004;18760932.880000003;2048490.1700000002;475952.41000000003;468317.16000000003;8227576.4399999995;7534339.14;8227576.44;7759.0;7821.333333333332;Noisy-le-Grand
93;93051;2023;0.0;2763687.14;5345.200000000001;2696519.05;502115.11;79002.34;0.0;89304.16;1399.2;12993831.56;0.0;278761.57;3467084.759999999;113917.0;252318.15;0.0;0.0;495894.01999999996;1422007.4;19131203.76;3368339.86;591419.27;80401.54;4112081.4799999986;3745846.3299999987;4112081.479999999;7946.0;7970.333333333333;Noisy-le-Grand
93;93051;2024;0.0;3366337.53;10836.39;2717452.98;471667.71;79040.1;0.0;155005.91;16818.7;15381721.03;0.0;0.0;8938905.909999998;577836.83;200346.94;0.0;0.0;2243087.15;416132.0;22198880.35;3439985.4;626673.62;95858.8;9717089.679999998;8938905.909999998;9717089.68;8019.0;7999.0;Noisy-le-Grand
93;93051;2025;0.0;3435853.7199999997;6412.63;1771602.97;547357.9;40132.13;0.0;189632.64;15116.5;15184297.12;0.0;0.0;8574311.32;698864.13;182784.06;0.0;0.0;1496039.5499999998;1285700.0;21190405.61;2563842.14;736990.54;55248.63;9455959.510000002;8574311.32;9455959.51;7959.0;7947.0;Noisy-le-Grand
93;93053;2021;0.0;2237542.61;-248.48000000000002;618020.33;99710.33;0.0;0.0;179807.41;86117.97;8829707.040000001;0.0;0.0;1224159.07;15131.16;174582.56;0.0;0.0;1259194.02;573474.0;12050657.21;983656.0399999999;279517.74;86117.97;1413872.79;1224159.07;1413872.79;5402.0;5350.666666666666;Noisy-le-Sec
93;93053;2022;0.0;2326253.48;0.0;784024.24;31945.66;0.0;0.0;130735.12999999999;120630.36;9352510.16;0.0;0.0;1818565.8199999998;128364.91;255580.41;0.0;0.0;1201293.37;1495.52;12746099.03;1067335.39;162680.78999999998;120630.36;2202511.1399999997;1818565.8199999998;2202511.14;5248.0;5206.0;Noisy-le-Sec
93;93053;2023;0.0;2552920.4;0.0;1575786.18;69669.55;0.0;0.0;203076.85;133907.14;9878192.44;0.0;0.0;4050754.02;111649.08;304347.35;0.0;0.0;1444521.9200000002;1975.08;14413552.559999999;1982439.72;272746.4;133907.14;4466750.45;4050754.02;4466750.45;5122.0;5096.0;Noisy-le-Sec
93;93053;2024;0.0;2486272.18;0.0;1169930.83;53162.16;0.0;0.0;215317.36000000002;72611.66;9445655.41;0.0;0.0;4344698.41;44006.2;155929.93;139969.7;0.0;1384723.22;531784.53;13442949.600000001;1511022.0100000002;268479.52;72611.66;4684604.24;4344698.41;4544634.54;5044.0;5020.0;Noisy-le-Sec
93;93053;2025;0.0;2874828.8000000003;0.0;765062.76;78830.42;0.0;0.0;147715.40000000002;34441.12;10441952.26;0.0;0.0;2320976.29;29518.030000000002;206354.94;85698.0;0.0;1362255.7399999998;1660095.43;14342830.76;1026049.7;226545.82;34441.12;2642547.26;2320976.29;2556849.2600000002;4972.0;4953.0;Noisy-le-Sec
93;93055;2021;0.0;5514725.31;0.0;447095.85;27133.969999999998;2080.62;11954.0;72681.8;970030.41;3537182.9699999997;0.0;405979.12;7063899.92;9176.45;77851.75;0.0;0.0;1928083.73;954889.06;10582884.93;1530976.65;99815.77;972111.03;7556907.24;7469879.04;7556907.24;5848.0;5771.666666666666;Pantin
93;93055;2022;0.0;5451332.12;0.0;599946.9199999999;22813.75;485.28;12179.98;57375.97;767075.9;3568625.56;0.0;0.0;6529321.76;0.0;668708.0;0.0;104380.45;2719043.46;359904.47;10479835.48;1459877.7999999998;80189.72;767561.18;7302410.21;6633702.21;7302410.21;5619.0;5573.0;Pantin
93;93055;2023;0.0;6631524.79;0.0;835169.1900000001;64767.170000000006;0.0;12018.099999999999;79028.20000000001;621439.0399999999;3690754.54;0.0;0.0;9586339.55;54061.92;293310.89;0.0;0.0;2618907.74;1009417.6799999999;11934701.030000001;1612421.7000000002;143795.37000000002;621439.0399999999;9933712.360000001;9586339.55;9933712.36;5481.0;5460.0;Pantin
93;93055;2024;0.0;7337278.56;7474.02;1013320.1299999999;78366.26;0.0;11499.689999999999;25416.729999999996;721113.8;3984626.36;0.0;358256.51;30822385.44;15840.0;342359.41;0.0;3830.68;1924593.23;787632.19;13179095.549999999;1849716.6099999999;103782.98999999999;721113.8;31542672.040000003;31184472.630000003;31542672.04;5418.0;5362.333333333333;Pantin
93;93055;2025;0.0;7537705.43;0.0;824951.8500000001;26111.86;0.0;15327.21;71108.87;722020.28;3999438.4000000004;0.0;0.0;19672127.810000002;14040.0;194960.49;0.0;0.0;1992235.9900000002;3867011.81;13196663.899999999;1659520.07;97220.73;722020.28;19881128.3;19672127.810000002;19881128.3;5251.0;5230.666666666666;Pantin
93;93057;2021;0.0;1159510.47;2314.8;496873.83999999997;87887.40000000001;50259.7;0.0;142755.3;257055.66999999998;3815767.29;0.0;0.0;1931882.21;147667.57;205058.7;0.0;0.0;1190410.49;1356.8;6012424.47;1034831.9099999999;230642.7;307315.37;2284608.48;1931882.21;2284608.48;2905.0;2898.333333333333;Les Pavillons-sous-Bois
93;93057;2022;0.0;1390440.35;13080.970000000001;539561.52;47984.63;49186.41;0.0;146084.75;265782.92;1948001.0899999999;0.0;0.0;2542615.81;94953.83;212938.24;0.0;0.0;1107041.36;41189.25;4400122.64;1048600.23;194069.38;314969.32999999996;2850507.88;2542615.81;2850507.88;2885.0;2917.6666666666665;Les Pavillons-sous-Bois
93;93057;2023;0.0;1621343.55;15661.44;1212617.92;37551.869999999995;59371.29;0.0;161503.16;199810.63;752391.24;0.0;0.0;680895.14;31107.88;225075.41999999998;0.0;0.0;1148471.1099999999;97649.36;4060251.0999999996;1670854.8699999999;199055.03;259181.92;937078.44;680895.14;937078.4400000001;2983.0;2985.0;Les Pavillons-sous-Bois
93;93057;2024;0.0;1840119.63;22343.28;1091712.95;68168.3;65289.27;0.0;175394.68;239803.32;394368.49;0.0;0.0;419867.0;5728.8;302512.6;0.0;0.0;1668641.37;888667.5;3897199.92;1640368.52;243562.97999999998;305092.59;728108.3999999999;419867.0;728108.4;2989.0;2993.333333333333;Les Pavillons-sous-Bois
93;93057;2025;0.0;1609110.5;22878.02;778245.67;73997.23000000001;56303.09;0.0;199883.87;230850.78;381062.26;0.0;0.0;422051.37;108315.31;323867.54;0.0;26899.52;1527715.55;0.0;3352331.42;1339280.6400000001;273881.1;287153.87;881133.74;448950.89;881133.74;3002.0;2976.333333333333;Les Pavillons-sous-Bois
93;93061;2021;0.0;2572237.55;11446.41;235916.78999999998;256174.11;18187.59;0.0;48671.28999999999;41376.78;3101936.85;0.0;0.0;1108863.86;672.0;152958.91999999998;0.0;2661.0;671182.45;12998.36;6285947.37;600326.5599999999;304845.39999999997;59564.369999999995;1265155.78;1111524.86;1265155.78;1494.0;1478.3333333333333;Le Pré-Saint-Gervais
93;93061;2022;0.0;2314962.3899999997;7160.82;232944.21999999997;233550.32;-326.3;0.0;67737.34;39871.91;3310939.18;0.0;0.0;516734.04000000004;2016.0;59059.72;0.0;457.2;749171.89;150000.0;6206839.88;573777.49;301287.66000000003;39545.61;578266.96;517191.24000000005;578266.96;1447.0;1421.3333333333333;Le Pré-Saint-Gervais
93;93061;2023;0.0;3852383.21;3408.28;446374.53;251324.15;0.0;0.0;65544.92;45889.9;3255499.99;0.0;0.0;681085.0800000001;1056.0;171578.8;0.0;0.0;573461.79;110000.0;7920424.98;809133.5;316869.07;45889.9;853719.8800000001;681085.0800000001;853719.88;1370.0;1360.3333333333333;Le Pré-Saint-Gervais
93;93061;2024;0.0;3819805.5399999996;20728.44;423559.8;208453.81;0.0;0.0;74528.66;32741.85;3184359.8;0.0;0.0;1745449.99;0.0;157764.02000000002;0.0;7525.53;222834.21;394573.6;7764177.8999999985;739284.1199999999;282982.47;32741.85;1910739.54;1752975.52;1910739.54;1341.0;1331.3333333333333;Le Pré-Saint-Gervais
93;93061;2025;0.0;3932937.33;28413.94;360256.35;215364.81;0.0;0.0;120137.0;49118.64;3661060.84;0.0;0.0;183926.66999999998;0.0;120974.12;0.0;288.0;108627.59999999999;0.0;8367288.909999999;744876.8;335501.81;49118.64;305188.79;184214.66999999998;305188.79;1312.0;1293.6666666666665;Le Pré-Saint-Gervais
93;93062;2021;0.0;806417.77;0.0;151226.27000000002;82765.48;0.0;0.0;0.0;0.0;0.0;0.0;0.0;231830.63;0.0;38342.310000000005;0.0;0.0;4060.08;0.0;1040409.52;233991.75;82765.48;0.0;270172.94;231830.63;270172.94;1447.0;1457.0;Le Raincy
93;93062;2022;0.0;935859.26;0.0;194800.01;221126.52;0.0;0.0;0.0;0.0;0.0;0.0;0.0;146032.19;0.0;122319.68;0.0;0.0;0.0;0.0;1351785.79;415926.53;221126.52;0.0;268351.87;146032.19;268351.87;1477.0;1476.3333333333333;Le Raincy
93;93062;2023;0.0;313647.77999999997;0.0;327611.65;701391.63;0.0;0.0;0.0;0.0;0.0;0.0;0.0;355104.26;23214.0;16359.78;0.0;0.0;20000.0;0.0;1342651.06;1029003.28;701391.63;0.0;394678.04000000004;355104.26;394678.04;1475.0;1469.6666666666665;Le Raincy
93;93062;2024;0.0;261735.66;0.0;321607.94;286274.19;0.0;0.0;0.0;0.0;0.0;0.0;0.0;324778.93;0.0;38331.87;0.0;0.0;0.0;0.0;869617.79;607882.13;286274.19;0.0;363110.8;324778.93;363110.8;1459.0;1447.6666666666665;Le Raincy
93;93062;2025;0.0;1325800.76;0.0;191141.28;124709.94;1421.14;0.0;0.0;0.0;644616.0800000001;0.0;0.0;318045.88;25296.0;106042.21;0.0;0.0;0.0;0.0;2287689.2;317272.36;124709.94;1421.14;449384.09;318045.88;449384.09;1425.0;1420.0;Le Raincy
93;93063;2021;0.0;2102792.61;20258.37;566624.98;0.0;32403.690000000002;0.0;1368.0;0.0;3803753.41;0.0;0.0;892475.33;0.0;119920.34;0.0;0.0;1307981.86;97200.0;6527201.0600000005;600396.6699999999;1368.0;32403.690000000002;1012395.6699999999;892475.33;1012395.6699999999;3367.0;3386.333333333333;Romainville
93;93063;2022;0.0;2383931.8200000003;12372.59;625622.93;0.0;33360.86;0.0;43358.130000000005;0.0;3404054.12;0.0;0.0;869415.2500000001;9120.0;193431.31;0.0;0.0;1181383.8;510190.98;6502700.450000001;702341.92;43358.130000000005;33360.86;1071966.56;869415.2500000001;1071966.56;3425.0;3438.333333333333;Romainville
93;93063;2023;0.0;2726235.6300000004;16898.41;955338.7300000001;0.0;31408.89;0.0;49880.979999999996;0.0;2983340.9000000004;0.0;0.0;952501.23;0.0;325445.44;0.0;0.0;1492961.8699999999;207943.86;6763103.540000001;1036628.6000000001;49880.979999999996;31408.89;1277946.67;952501.23;1277946.67;3465.0;3478.333333333333;Romainville
93;93063;2024;0.0;2728666.31;17481.79;1223164.45;28467.649999999998;32445.21;0.0;53110.27;0.0;4496158.95;0.0;0.0;2359435.3099999996;296064.0;89558.18;0.0;0.0;1416416.37;509243.0;8579494.629999999;1337187.58;81577.92;32445.21;2745057.4899999998;2359435.3099999996;2745057.4899999998;3505.0;3524.333333333333;Romainville
93;93063;2025;0.0;2669681.85;18365.51;1095597.36;36381.1;35090.42;0.0;86181.64;0.0;4515037.21;0.0;0.0;5867537.359999999;266003.85;98333.01;0.0;0.0;1494078.75;1026637.3;8456335.09;1253250.52;122562.73999999999;35090.42;6231874.219999999;5867537.359999999;6231874.22;3563.0;3576.666666666666;Romainville
93;93064;2021;0.0;4482282.8;1095.3400000000001;778974.86;33898.57;134831.44;24588.55;38167.06;306.0;4562185.63;0.0;25782.3;12923011.15;204644.71000000002;788413.32;0.0;887800.4;1710949.9300000002;3673650.0300000003;10056330.25;1010766.48;72065.63;135137.44;14829651.880000003;13836593.850000001;14829651.88;5504.0;5476.666666666666;Rosny-sous-Bois
93;93064;2022;0.0;4585031.390000001;2209.35;487023.3;60182.29;92652.97;45679.64;33939.86;1767.6;4864935.76;0.0;139765.35;13579660.929999998;244981.22999999998;685584.65;0.0;0.0;1515270.35;3877562.47;10173422.16;721245.66;94122.15;94420.57;14649992.159999998;13719426.279999997;14649992.159999998;5422.0;5417.666666666666;Rosny-sous-Bois
93;93064;2023;0.0;5745502.2700000005;3377.9;1359133.6;25324.19;116460.24;23627.489999999998;12767.11;2073.24;5034518.05;0.0;21780.21;13143258.040000001;145994.02000000002;319024.22;0.0;0.0;1771856.34;2834159.4699999997;12322784.09;1539385.87;38091.3;118533.48000000001;13630056.490000002;13165038.250000002;13630056.49;5409.0;5459.333333333333;Rosny-sous-Bois
93;93064;2024;0.0;5667649.7299999995;3162.24;1470342.79;131865.54;103529.86;83430.26000000001;25806.8;21280.9;5616545.88;0.0;0.0;10088310.18;229185.15000000002;306885.06;0.0;101484.47;1927455.01;734383.3200000001;13123614.0;1836256.1500000001;157672.34;124810.76000000001;10725864.860000001;10189794.65;10725864.86;5560.0;5551.666666666666;Rosny-sous-Bois
93;93064;2025;0.0;6226321.5200000005;22112.440000000002;1214911.8;192361.15;99048.12;92325.31999999999;52633.39;3456.78;5760627.03;0.0;173008.77;2697726.8099999996;571836.36;225635.32;0.0;1487825.1199999999;1988855.9000000001;5163970.3;13663797.55;1654736.56;244994.53999999998;102504.9;5156032.379999999;4358560.699999999;5156032.38;5535.0;5507.0;Rosny-sous-Bois
93;93066;2021;0.0;6908004.21;112441.11;644909.46;1044931.96;96838.95;0.0;477090.38;520411.47;31298314.82;0.0;1130931.46;9414882.78;424460.7;1546233.15;0.0;65525.97;1985910.5;3213970.77;41102942.36;2784182.2199999997;1522022.3399999999;617250.4199999999;12582034.059999999;10611340.209999999;12582034.059999999;17222.0;16982.333333333332;Saint-Denis
93;93066;2022;0.0;7149564.54;99243.95000000001;654260.5;1073931.53;98139.06999999999;0.0;333526.5;618680.85;25703786.48;0.0;4935823.0;5496936.9799999995;857853.41;1526250.98;0.0;0.0;1834703.46;5060509.72;35731133.42;2778538.4499999997;1407458.03;716819.9199999999;12816864.370000001;10432759.98;12816864.37;16503.0;16347.0;Saint-Denis
93;93066;2023;0.0;7967860.08;164485.68;1241055.27;873159.18;93919.29999999999;0.0;485409.51;419893.7;27807929.740000002;0.0;1519214.8399999999;10579431.219999999;506385.06;1535804.1400000001;0.0;10394.52;2624943.27;3173822.19;39053712.46;3113436.96;1358568.69;513813.0;14151229.78;12109040.579999998;14110829.78;16035.0;15926.666666666666;Saint-Denis
93;93066;2024;0.0;7667733.420000001;111157.62;792650.4600000001;724577.6;98992.31;0.0;354087.05;379679.55000000005;27806859.85;0.0;5545582.97;9395151.52;738063.2100000001;1393337.59;0.0;59393.36;2135589.05;2946722.67;37935737.86;2349986.97;1078664.65;478671.86000000004;17131528.65;15000127.849999998;17131528.65;15710.0;15577.666666666664;Saint-Denis
93;93066;2025;0.0;9222359.700000001;178469.84;0.0;889539.7400000001;99174.43;0.0;358164.07999999996;106935.69;29215688.3;0.0;0.0;22088248.76;1489289.3599999999;1239175.85;0.0;90630.71;1352249.56;3517833.1100000003;40070331.78;1453813.94;1247703.82;206110.12;24907344.680000003;22178879.470000003;24773008.97;15313.0;15231.666666666666;Saint-Denis
93;93070;2021;0.0;3896726.02;146266.81;1178173.74;440966.69;204120.45;0.0;112005.14;2780321.7399999998;10609446.99;0.0;68720.0;1858984.91;1763336.13;1626986.76;0.0;6035449.98;2065566.07;66886.19;19368027.58;4715587.76;552971.83;2984442.19;11353477.780000001;7963154.890000001;11353477.78;5188.0;5161.333333333333;Saint-Ouen-sur-Seine
93;93070;2022;0.0;3767858.55;84631.63;1376459.51;489827.88;201625.87;0.0;139671.03999999998;2666001.4;10277208.4;0.0;559708.0;14511547.260000002;629580.53;468545.74000000005;0.0;0.0;2509695.4899999998;1202709.58;19003284.28;4873585.7;629498.9199999999;2867627.27;16169381.530000001;15071255.260000002;16169381.530000001;5108.0;5093.0;Saint-Ouen-sur-Seine
93;93070;2023;0.0;4208160.56;88615.26000000001;2213114.42;627114.35;246044.76;0.0;52915.38;3014316.02;10281113.8;0.0;153319.9;20476406.380000003;880493.03;1553094.8;0.0;0.0;2368953.33;2660610.36;20731394.55;6153504.93;680029.73;3260360.7800000003;23063314.110000003;20629726.28;23063314.11;5063.0;5076.333333333333;Saint-Ouen-sur-Seine
93;93070;2024;0.0;4963102.510000001;97690.78000000001;1944640.05;590854.89;148833.86;0.0;99281.39000000001;2992178.51;11189988.09;0.0;224365.15;4093767.6999999997;404864.27;340975.63;25503.43;0.0;2333789.52;1649840.1;22026570.08;5775788.7;690136.28;3141012.3699999996;5089476.179999999;4318132.85;5063972.75;5103.0;5077.0;Saint-Ouen-sur-Seine
93;93070;2025;0.0;4894687.55;144268.51;1583376.41;474802.11;199958.97;0.0;35558.78;3435624.4699999997;11768905.969999999;0.0;498248.23;5494653.26;2271850.3;369344.86;38434.15;32968.48;2532799.36;4092725.0;22537182.77;5729320.74;510360.89;3635583.44;8705499.280000001;6025869.970000001;8616769.41;5025.0;5053.0;Saint-Ouen-sur-Seine
93;93071;2021;0.0;3780790.41;15519.66;680684.08;231993.96;0.0;0.0;45556.41;142123.66999999998;4691796.42;0.0;5900.7;1663977.4100000001;97654.8;560149.73;0.0;0.0;3245679.32;1147610.36;9588464.61;1100358.1199999999;277550.37;142123.66999999998;2327682.64;1669878.11;2327682.64;6722.0;6670.666666666666;Sevran
93;93071;2022;0.0;4495301.09;42212.93;1322597.8399999999;165681.13999999998;0.0;0.0;46097.18;11587.01;4465643.72;0.0;137700.0;5487591.220000001;101261.89;591901.8300000001;0.0;0.0;1024529.9900000001;305467.38;10549120.91;1545963.17;211778.31999999998;11587.01;6318454.94;5625291.220000001;6318454.94;6568.0;6544.333333333332;Sevran
93;93071;2023;0.0;4765967.72;69354.8;1218955.58;182349.5;0.0;0.0;29058.55;0.0;4477169.29;0.0;388420.96;7093525.22;71993.51999999999;650627.3099999999;0.0;0.0;2229048.0500000003;116227.55;10742855.44;1430363.6300000001;211408.05;0.0;8204567.009999999;7481946.18;8204567.01;6497.0;6483.333333333333;Sevran
93;93071;2024;0.0;4774100.75;60216.4;1316825.63;139381.3;0.0;0.0;30597.059999999998;2988.54;4254101.92;0.0;4594419.97;1968252.3;119331.92000000001;412419.55;0.0;321631.22;2340763.4;1330070.0;10578211.6;1489792.5299999998;169978.36;2988.54;7416054.959999999;6884303.489999999;7416054.96;6456.0;6436.666666666666;Sevran
93;93071;2025;0.0;4496206.529999999;56438.85;1280542.06;96536.59999999999;0.0;0.0;33918.869999999995;-2772.0;4133117.27;0.0;7451.83;1670411.99;107995.62000000001;340374.73000000004;0.0;588286.04;2083666.71;757848.0;10093988.18;1408225.53;130455.46999999999;-2772.0;2714520.2100000004;2266149.8600000003;2321332.08;6398.0;6302.333333333333;Sevran
93;93072;2021;0.0;2979819.25;43234.49;1123092.23;153298.61;0.0;37579.19;54730.14;5760.0;0.0;0.0;0.0;1057568.01;0.0;281389.48000000004;0.0;0.0;928960.01;0.0;4397513.91;1374460.17;208028.75;5760.0;1338957.49;1057568.01;1338957.4900000002;5063.0;5059.0;Stains
93;93072;2022;0.0;563768.39;65021.95;890423.97;280808.4;0.0;35716.37;56949.42;10776.0;0.0;0.0;0.0;2779601.9800000004;0.0;63617.98;0.0;0.0;988149.06;521053.74;1903464.5;1274674.1600000001;337757.82;10776.0;2843219.9600000004;2779601.9800000004;2843219.9600000004;5051.0;4999.333333333333;Stains
93;93072;2023;0.0;491751.82;57174.43;1715736.97;103936.34;0.0;0.0;59872.76;0.0;0.0;0.0;0.0;1674333.92;0.0;117010.33;0.0;0.0;1201592.08;120422.4;2428472.32;1879546.07;163809.1;0.0;1791344.25;1674333.92;1791344.2499999998;4896.0;4881.666666666666;Stains
93;93072;2024;0.0;483299.99;78799.59;1959949.96;216529.72999999998;0.0;0.0;18940.920000000002;0.0;0.0;0.0;0.0;891502.24;0.0;71589.11;0.0;0.0;1665939.7900000003;393576.92;2757520.19;2195420.61;235470.65;0.0;963091.35;891502.24;963091.35;4853.0;4845.666666666666;Stains
93;93072;2025;0.0;863188.86;57740.15;1581314.0;219162.05;0.0;0.0;13343.12;0.0;0.0;0.0;0.0;1073727.66;0.0;149721.41;0.0;0.0;1194840.32;251220.58000000002;2734748.1799999997;1813819.17;232505.16999999998;0.0;1223449.0699999998;1073727.66;1223449.07;4831.0;4814.0;Stains
93;93073;2021;0.0;3180589.5199999996;47021.95;739837.2899999999;21858.34;39147.700000000004;0.0;118885.12000000001;31065.48;1743237.89;0.0;0.0;3296799.95;3829.2;589404.55;0.0;25169.69;487072.29;759375.4;5921643.289999999;950793.9299999999;140743.46000000002;70213.18000000001;3915203.39;3321969.64;3915203.39;4718.0;4711.333333333333;Tremblay-en-France
93;93073;2022;0.0;3791341.24;43516.39;1280218.86;52003.200000000004;32378.16;0.0;147270.69999999998;41915.52;1741232.83;0.0;0.0;1977449.0;25200.0;1015742.9299999999;0.0;285631.78;672327.9;680787.66;7129876.899999999;1553786.44;199273.9;74293.68;3304023.71;2263080.7800000003;3304023.71;4698.0;4757.333333333333;Tremblay-en-France
93;93073;2023;0.0;4230467.09;60197.729999999996;1303021.29;199032.7;43752.2;544.48;52957.89;3600.0;1340880.06;0.0;0.0;4472340.79;65500.0;485506.96;0.0;1378701.38;726697.33;215495.19;7234453.4399999995;1602908.56;251990.59000000003;47352.2;6402049.13;5851042.17;6402049.13;4876.0;4910.666666666666;Tremblay-en-France
93;93073;2024;0.0;4648773.4799999995;57425.45;1374450.34;149987.56;49225.16;0.0;31441.47;127000.8;2911934.36;0.0;0.0;5135252.6;53285.82;584099.8;0.0;295693.87;713297.5;0.0;9350238.62;1732105.33;181429.03;176225.96000000002;6068332.09;5430946.47;6068332.09;4980.0;4979.0;Tremblay-en-France
93;93073;2025;0.0;5024955.36;35455.95;1056727.08;187506.63;61551.95;0.0;22793.059999999998;-85016.16;5222748.34;0.0;0.0;14016270.620000001;23676.0;642262.3;0.0;74922.74;1320397.0;813575.0;11526722.21;1243562.56;210299.69;-23464.210000000006;14757131.660000002;14091193.360000001;14757131.66;4977.0;4964.333333333333;Tremblay-en-France
93;93074;2021;0.0;507870.76999999996;819.5999999999999;0.0;13215.400000000001;0.0;7325.84;564.0;0.0;226465.59;0.0;0.0;410967.64;0.0;42729.85;0.0;0.0;392221.77999999997;0.0;756261.2;21105.24;13779.400000000001;0.0;453697.49;410967.64;453697.49;898.0;920.3333333333333;Vaujours
93;93074;2022;0.0;406330.84;0.0;0.0;12494.04;0.0;18902.62;0.0;0.0;26149.85;0.0;0.0;85388.02;101530.8;38102.09;0.0;0.0;425704.11;0.0;463877.35;31396.66;12494.04;0.0;225020.91;85388.02;225020.91;965.0;971.3333333333333;Vaujours
93;93074;2023;0.0;533204.6;0.0;0.0;43422.88;0.0;40527.78;0.0;0.0;166857.91999999998;0.0;0.0;193653.90000000002;106107.58;37365.46;0.0;0.0;382942.72;0.0;784013.1799999999;83950.66;43422.88;0.0;337126.94000000006;193653.90000000002;337126.94;984.0;988.3333333333333;Vaujours
93;93074;2024;0.0;346926.73000000004;8751.6;0.0;11360.869999999999;0.0;73467.58;0.0;0.0;566530.49;0.0;44160.0;3311613.6599999997;147961.22;26252.12;0.0;0.0;432134.95;0.0;1007037.27;84828.45;11360.869999999999;0.0;3529987.0;3355773.6599999997;3485827.0;997.0;999.0;Vaujours
93;93074;2025;0.0;917670.9100000001;0.0;0.0;14378.94;0.0;79796.29999999999;0.0;0.0;547681.71;0.0;0.0;827439.28;297081.32;7617.7699999999995;0.0;0.0;291188.41000000003;0.0;1559527.86;94175.23999999999;14378.94;0.0;1132138.37;827439.28;1132138.3699999999;1003.0;1033.0;Vaujours
93;93077;2021;0.0;1833383.97;863.0799999999999;364918.84;3434.16;0.0;0.0;78240.73;23209.210000000003;4510904.6899999995;0.0;0.0;604299.04;42901.18;323098.63;0.0;35650.66;947633.61;168802.53;6814954.68;469802.94000000006;81674.89;23209.210000000003;1005949.5100000001;639949.7000000001;1005949.51;3176.0;3161.666666666666;Villemomble
93;93077;2022;0.0;1717853.7599999998;1296.27;606493.95;42921.380000000005;41.69;0.0;67225.01000000001;11888.28;4773727.4;0.0;0.0;733593.98;0.0;328263.81;0.0;60762.9;1131630.88;31691.55;7221447.74;728570.3099999999;110146.39000000001;11929.970000000001;1122620.69;794356.88;1122620.69;3133.0;3140.333333333333;Villemomble
93;93077;2023;0.0;1751979.35;955.87;1082227.5699999998;65509.619999999995;0.0;0.0;4150.8099999999995;0.0;5054042.12;0.0;0.0;1058126.38;7630.64;241751.71;0.0;23156.2;1368263.77;239287.34999999998;7958865.34;1151887.9999999998;69660.43;0.0;1330664.9299999997;1081282.5799999998;1330664.93;3155.0;3179.9999999999995;Villemomble
93;93077;2024;0.0;2030168.79;7884.94;800321.22;97350.19;0.0;0.0;102299.45;0.0;5127106.82;0.0;0.0;122799.18000000001;95959.11;161593.89;0.0;88673.71;1422213.01;22776.23999999999;8165131.41;999970.86;199649.64;0.0;469025.8900000001;211472.89;469025.89;3230.0;3219.9999999999995;Villemomble
93;93077;2025;0.0;2028301.2999999998;-195.01;624437.14;52021.95;0.0;0.0;104182.22000000002;0.0;5033961.46;0.0;0.0;791916.52;20459.75;42296.38;0.0;71418.4;1619683.96;60453.57;7842709.06;780641.31;156204.17;0.0;926091.05;863334.92;926091.05;3200.0;3157.333333333333;Villemomble
93;93078;2021;0.0;1864611.5999999999;97120.27;434642.13;459193.16000000003;117878.09;0.0;0.0;407733.25;6919295.12;0.0;0.0;1444712.25;2520.0;191615.15;0.0;18971.55;800354.37;1010008.36;10300473.620000001;1419446.63;459193.16000000003;525611.34;1657818.95;1463683.8;1657818.9500000002;5057.0;5043.0;Villepinte
93;93078;2022;0.0;2185560.98;112674.87;663747.46;463573.31999999995;122496.01000000001;0.0;0.0;371286.31000000006;7038519.49;0.0;0.0;3211483.99;54357.49;529206.06;0.0;158185.21999999997;973078.54;709817.99;10957858.440000001;1621103.1;463573.31999999995;493782.32000000007;3953232.7600000007;3369669.21;3953232.7600000002;5015.0;5043.333333333333;Villepinte
93;93078;2023;0.0;2271454.9299999997;78409.89;818498.3;474157.9;117072.04000000001;0.0;0.0;414333.82;7089777.81;0.0;0.0;8457957.58;331.2;239140.30000000002;0.0;28198.2;1097969.53;1578072.73;11263704.69;1824062.06;474157.9;531405.86;8725627.28;8486155.78;8725627.28;5100.0;5090.0;Villepinte
93;93078;2024;0.0;2306576.5;52463.13;738685.37;601447.6;141769.76;0.0;19233.6;419654.71;7536092.9;0.0;0.0;4458813.630000001;0.0;306306.94;0.0;62767.869999999995;1234954.1700000002;0.0;11815923.57;1920791.04;620681.2;561424.47;4827888.440000001;4521581.500000001;4827888.44;5070.0;5063.333333333333;Villepinte
93;93078;2025;0.0;2458609.19;57267.39;765964.2;466489.62;139110.55;0.0;29551.2;519202.50999999995;7374184.68;0.0;0.0;2042992.42;15109.73;320063.25;0.0;91174.54000000001;1217283.81;1104635.02;11810379.34;1920318.0799999998;496040.82;658313.0599999999;2469339.94;2134166.96;2469339.94;5050.0;5058.333333333333;Villepinte
93;93079;2021;0.0;1257564.15;57648.75;269431.83;80284.63;0.0;0.0;45704.36;0.0;5115252.54;0.0;0.0;42198.939999999995;71731.84;49824.14;0.0;0.0;320334.29000000004;167542.47;6825886.26;395420.82;125988.99;0.0;163754.91999999998;42198.939999999995;163754.91999999998;1679.0;1652.3333333333333;Villetaneuse
93;93079;2022;0.0;1320185.69;29777.61;239026.87;54151.479999999996;0.0;0.0;55267.49;0.0;5041648.3;0.0;494513.9;395769.51999999996;17088.47;138165.76;0.0;0.0;257521.95;0.0;6740057.4399999995;348445.83999999997;109418.97;0.0;1045537.6499999999;890283.4199999999;1045537.65;1599.0;1586.3333333333333;Villetaneuse
93;93079;2023;0.0;1551826.7899999998;30542.68;369027.26;117931.66;0.0;0.0;36496.990000000005;0.0;5151317.45;0.0;0.0;1860638.3399999999;0.0;256138.87;0.0;0.0;482169.74;0.0;7257142.83;523455.91000000003;154428.65000000002;0.0;2116777.21;1860638.3399999999;2116777.21;1561.0;1562.9999999999998;Villetaneuse
93;93079;2024;0.0;1778107.9100000001;12263.1;-11855.96;121072.43;3226.4;0.0;-2609.2799999999997;0.0;3185732.66;0.0;0.0;9622082.26;42300.0;131631.82;0.0;0.0;822647.55;4947871.2700000005;5085937.26;109833.59;118463.15;3226.4;9796014.08;9622082.26;9796014.08;1567.0;1561.6666666666665;Villetaneuse
93;93079;2025;0.0;1401635.92;38556.33;91522.47;217667.35;0.0;0.0;15173.939999999999;0.0;3773819.49;0.0;0.0;2892931.77;0.0;308068.31;0.0;0.0;94719.87;1744806.32;5538375.5;324363.76;232841.29;0.0;3201000.08;2892931.77;3201000.08;1551.0;1529.6666666666665;Villetaneuse
93;93910;2022;0.0;50.0;0.0;0.0;0.0;0.0;0.0;0.0;0.0;0.0;0.0;0.0;0.0;0.0;0.0;0.0;0.0;0.0;0.0;50.0;0.0;0.0;0.0;0.0;0.0;0.0;;;
93;93910;2023;0.0;-1681.54;0.0;0.0;0.0;0.0;0.0;0.0;0.0;-103838.42;0.0;0.0;0.0;0.0;0.0;0.0;0.0;-90572.98999999999;0.0;-105519.95999999999;0.0;0.0;0.0;0.0;0.0;0.0;;;
94;94001;2021;0.0;343293.17;9128.4;79148.41;7021.950000000001;18816.309999999998;0.0;8518.15;25002.2;804609.48;0.0;0.0;851423.5499999999;2787.71;74268.63;0.0;0.0;70313.85;0.0;1295538.0699999998;138507.02000000002;15540.1;43818.509999999995;928479.8899999999;851423.5499999999;928479.89;663.0;655.3333333333333;Ablon-sur-Seine
94;94001;2022;0.0;349703.12;10381.75;98995.07;10840.71;19723.32;0.0;826.62;17579.96;915097.12;0.0;0.0;42576.22;0.0;343181.99;0.0;0.0;106749.73999999999;0.0;1423147.67;147965.68;11667.33;37303.28;385758.20999999996;42576.22;385758.21;640.0;638.6666666666666;Ablon-sur-Seine
94;94001;2023;0.0;363322.66;8300.970000000001;147548.14;3732.29;27042.09;0.0;10640.01;-658.2600000000002;953060.18;0.0;0.0;224257.63999999998;0.0;37216.100000000006;0.0;0.0;210090.0;0.0;1512988.08;188304.27000000002;14372.3;26383.83;261473.74;224257.63999999998;261473.74;636.0;627.3333333333333;Ablon-sur-Seine
94;94001;2024;0.0;391313.13;7169.57;140073.63;12857.64;17143.480000000003;0.0;5569.95;9254.69;1036013.73;0.0;0.0;110844.09;0.0;27800.43;0.0;0.0;257335.87;0.0;1619395.8199999998;184899.39;18427.59;26398.170000000006;138644.52;110844.09;138644.52;610.0;607.0;Ablon-sur-Seine
94;94001;2025;0.0;388998.33;8264.58;166555.74;11759.439999999999;27927.32;0.0;3991.53;9801.81;1142065.87;0.0;72894.8;429010.9;0.0;40412.21;0.0;39541.24;249314.85;0.0;1759364.62;220035.84;15750.97;37729.13;581859.15;541446.9400000001;581859.15;601.0;606.3333333333333;Ablon-sur-Seine
94;94002;2021;0.0;2179235.08;41396.38;561527.89;194387.05;144065.58000000002;0.0;110636.26999999999;0.0;6153370.47;0.0;0.0;1513686.3800000004;11232.0;226102.15999999997;0.0;57713.18;1406796.29;192147.75;9384618.719999999;1010616.79;305023.31999999995;144065.58000000002;1808733.7200000002;1571399.5600000003;1626430.6100000003;4178.0;4128.0;Alfortville
94;94002;2022;0.0;3018877.19;35838.62;632441.24;102603.25;103748.98999999999;0.0;106567.81;0.0;6161968.64;2278.61;0.0;1856094.62;8820.0;312171.66;0.0;8267.86;1999274.11;105704.0;10162045.739999998;945361.29;209171.06;103748.98999999999;2187632.75;1864362.4800000002;2187632.75;4028.0;4015.333333333333;Alfortville
94;94002;2023;0.0;2976137.03;80114.23;1072004.19;43560.939999999995;112231.89;0.0;96990.82;2520.0;6461086.49;3417.91;312851.62;4653527.06;7474.02;243219.15;0.0;0.0;1759647.8;771770.75;10844645.59;1327307.8399999999;140551.76;114751.89;5220489.76;4966378.68;5220489.76;3990.0;3981.0;Alfortville
94;94002;2024;0.0;3065332.92;44374.56;1026383.5700000001;64198.11;126056.01;0.0;86929.04000000001;3720.0;7014797.14;0.0;328304.79;6785782.55;221.9;354630.33999999997;0.0;0.0;1828124.63;537387.02;11431791.35;1307286.73;151127.15000000002;129776.01;7468939.58;7114087.34;7468939.58;3963.0;3970.333333333333;Alfortville
94;94002;2025;0.0;3027845.8499999996;44669.67;875815.27;69231.67;108683.91;0.0;11340.39;0.0;7265658.96;0.0;66896.13;5818521.33;6000.0;530493.74;0.0;0.0;2007270.5;1385959.29;11403245.719999999;1065071.24;80572.06;108683.91;6421911.2;5885417.46;6421911.2;3985.0;3992.333333333333;Alfortville
94;94003;2021;0.0;1633284.61;29985.43;1196.9;0.0;0.0;0.0;0.0;22006.4;4575353.97;0.0;0.0;1358942.97;0.0;128841.35;0.0;0.0;750610.57;29671.16;6261827.31;23203.300000000003;0.0;22006.4;1487784.32;1358942.97;1487784.32;2020.0;2004.6666666666665;Arcueil
94;94003;2022;0.0;1603693.76;1717.3500000000008;2637.94;0.0;0.0;0.0;0.0;3371.4300000000003;5013885.28;0.0;0.0;875132.57;14113.6;81590.91;0.0;409241.77;745761.1699999999;0.0;6625305.76;6009.370000000001;0.0;3371.4300000000003;1380078.85;1284374.3399999999;1366356.35;1974.0;1990.0;Arcueil
94;94003;2023;0.0;1832446.09;10205.66;-174.08;0.0;0.0;0.0;7258.389999999999;10424.0;5361184.6;0.0;0.0;1161111.96;4800.0;131624.47999999998;0.0;46124.89;646044.0499999999;113476.0;7221344.66;17508.309999999998;7258.389999999999;10424.0;1343661.3299999998;1207236.8499999999;1343661.3299999998;2022.0;2007.6666666666665;Arcueil
94;94003;2024;0.0;1771634.1300000001;15927.9;0.0;0.0;0.0;0.0;-874.6899999999998;10962.0;5539198.08;0.0;0.0;1769428.24;26850.0;154992.88;0.0;5343.6;940600.1;1000.0;7336847.42;10087.31;-874.6899999999998;10962.0;1956614.7200000002;1774771.84;1956614.72;1979.0;1965.3333333333333;Arcueil
94;94003;2025;0.0;1611789.5899999999;25291.16;0.0;0.0;0.0;2363.01;3514.12;10567.5;5796006.61;0.0;21184.57;1565191.9;1836.58;83806.38;0.0;0.0;1008559.32;610915.0;7449531.99;16444.629999999997;3514.12;10567.5;1672019.4300000002;1586376.47;1672019.43;1938.0;1925.6666666666665;Arcueil
94;94004;2021;0.0;919323.3500000001;10388.35;180270.76;0.0;0.0;0.0;0.0;0.0;1331958.65;0.0;30843.16;518831.43;0.0;39201.75;0.0;0.0;534039.5;126408.0;2441941.1100000003;180270.76;0.0;0.0;588876.34;549674.59;588876.34;1760.0;1760.3333333333333;Boissy-Saint-Léger
94;94004;2022;0.0;907361.37;14742.65;192338.88;0.0;0.0;0.0;0.0;0.0;1405090.14;0.0;0.0;1675391.17;0.0;84195.92;0.0;0.0;568836.83;99384.4;2519533.04;192338.88;0.0;0.0;1759587.0899999999;1675391.17;1759587.09;1761.0;1764.0;Boissy-Saint-Léger
94;94004;2023;0.0;1062232.01;11063.9;376738.5;0.0;0.0;0.0;0.0;0.0;2548599.05;0.0;0.0;184618.89;9888.0;81959.98999999999;0.0;0.0;728727.58;1195659.83;3998633.46;376738.5;0.0;0.0;276466.88;184618.89;276466.88;1770.0;1781.6666666666665;Boissy-Saint-Léger
94;94004;2024;0.0;1461096.95;11656.6;313611.1;0.0;0.0;0.0;0.0;0.0;2504373.5;0.0;0.0;305708.32;9230.76;154677.38;0.0;0.0;896515.07;20625.0;4290738.15;313611.1;0.0;0.0;469616.46;305708.32;469616.45999999996;1805.0;1798.6666666666665;Boissy-Saint-Léger
94;94004;2025;0.0;935143.85;18983.74;368511.98;2196.0;0.0;0.0;0.0;1788.0;2617339.06;0.0;0.0;764375.62;34820.02;198764.19;0.0;0.0;754031.21;19835.96;3943962.63;372495.98;2196.0;1788.0;997959.8300000001;764375.62;997959.83;1786.0;1785.333333333333;Boissy-Saint-Léger
94;94011;2021;0.0;1241438.77;7988.82;422399.64;0.0;64255.77;0.0;3500.0;23135.67;4041312.24;0.0;0.0;294495.79000000004;6654.38;144167.33;0.0;0.0;525184.36;337493.5;5804030.91;513291.08;3500.0;87391.44;445317.5;294495.79000000004;445317.5;1910.0;1902.6666666666665;Bonneuil-sur-Marne
94;94011;2022;0.0;1237788.1600000001;15799.86;0.0;0.0;64878.8;0.0;4000.0;23900.12;5356218.72;0.0;9856.52;1186920.38;0.0;239015.56999999998;0.0;0.0;544190.44;182529.67;6702585.66;92778.92;4000.0;88778.92;1435792.47;1196776.9;1435792.47;1888.0;1903.9999999999998;Bonneuil-sur-Marne
94;94011;2023;0.0;1402335.66;14121.68;0.0;14400.0;57663.49;0.0;1162.98;19257.21;5361559.15;0.0;214261.27;2139614.31;10591.8;137614.34;0.0;0.0;393192.02;520000.0;6870500.17;92483.68;15562.98;76920.7;2502081.7199999997;2353875.58;2492225.1999999997;1936.0;1925.333333333333;Bonneuil-sur-Marne
94;94015;2021;0.0;1035025.4800000001;13084.29;296710.2;37137.76;20475.91;0.0;85176.0;10277.0;2374674.3;0.0;0.0;287583.44;3516.0;57547.79;0.0;5908.04;1134136.75;55054.97;3872560.94;449776.87;122313.76000000001;30752.91;354555.26999999996;293491.48;354555.27;1654.0;1669.6666666666665;Bry-sur-Marne
94;94015;2022;0.0;1246379.8399999999;11552.73;283747.20999999996;44001.17;23917.489999999998;0.0;73476.94;10374.49;2570134.58;0.0;0.0;300171.32;30064.079999999998;107682.69;0.0;0.0;1389887.64;13232.0;4263584.45;435517.29999999993;117478.11;34291.979999999996;437918.09;300171.32;437918.08999999997;1701.0;1706.6666666666665;Bry-sur-Marne
94;94015;2023;0.0;1225818.3099999998;20873.82;604237.22;63062.35;14053.66;0.0;81916.77;4678.66;2670952.8;0.0;0.0;448459.39999999997;103559.04999999999;53268.57;0.0;0.0;1301492.73;0.0;4685593.59;767948.6599999999;144979.12;18732.32;605287.0199999999;448459.39999999997;605287.02;1718.0;1692.6666666666665;Bry-sur-Marne
94;94015;2024;0.0;1316952.95;21812.510000000002;412971.86;46666.55;19677.56;0.0;75673.51000000001;9832.8;1565427.95;0.0;0.0;1747007.56;257740.19999999998;54576.020000000004;0.0;7285.86;1732377.24;152146.1;3469015.69;564822.28;122340.06000000001;29510.36;2066609.6400000001;1754293.4200000002;2066609.64;1642.0;1635.6666666666665;Bry-sur-Marne
94;94015;2025;0.0;1328452.48;10404.9;407143.45999999996;40390.41;20302.16;0.0;103661.11;9832.8;1477473.42;0.0;28332.0;1931276.9200000002;183857.04;38067.39;0.0;0.0;1588220.72;700206.6;3397660.7399999998;581329.94;144051.52000000002;30134.96;2181533.35;1959608.9200000002;2181533.35;1623.0;1607.6666666666665;Bry-sur-Marne
94;94016;2021;0.0;1110671.78;13628.39;731066.85;24558.91;26986.79;0.0;20990.54;9748.53;3908977.46;0.0;0.0;724390.01;8400.0;176088.16;0.0;5830.67;1234384.58;0.0;5846629.25;813351.62;45549.45;36735.32;914708.8400000001;730220.68;914708.84;2647.0;2607.333333333333;Cachan
94;94016;2022;0.0;1055947.6099999999;15475.2;824175.65;34775.08;23004.56;0.0;30105.4;2504.1;4273831.39;0.0;0.0;1251894.8699999999;146621.95;65993.94;0.0;0.0;1177532.25;20000.0;6259818.99;914564.79;64880.48;25508.66;1464510.7599999998;1251894.8699999999;1464510.76;2528.0;2504.0;Cachan
94;94016;2023;0.0;1240725.38;14785.73;1122884.02;109916.83;28831.72;0.0;51017.03;15000.0;4637340.38;0.0;0.0;1629612.76;61997.26;108165.23;0.0;0.0;1266799.21;0.0;7220501.09;1327649.6;160933.86;43831.72;1799775.25;1629612.76;1799775.25;2456.0;2444.333333333333;Cachan
94;94016;2024;0.0;1508960.63;5621.219999999999;1206884.8399999999;90981.7;33701.37;0.0;49105.92;458.2;4946556.62;0.0;0.0;1719251.5999999999;255522.91999999998;352599.25;0.0;0.0;1171942.32;28854.2;7842270.5;1381132.0299999998;140087.62;34159.57;2327373.7699999996;1719251.5999999999;2327373.77;2421.0;2417.333333333333;Cachan
94;94016;2025;0.0;1429391.9200000002;9491.89;1135603.28;186491.09;27205.8;0.0;44822.37;7000.0;5031745.76;0.0;0.0;550264.9199999999;175261.01;259819.62;0.0;6807.31;1397483.6300000001;82139.07;7871752.109999999;1401122.54;231313.46;34205.8;992152.86;557072.23;992152.86;2410.0;2391.333333333333;Cachan
94;94017;2021;0.0;4915989.42;68946.19;0.0;196058.9;50127.46;0.0;303487.06;0.0;11317218.73;0.0;0.0;1885246.08;0.0;237664.72;0.0;29961.64;2323395.81;0.0;16851827.76;549673.4199999999;499545.95999999996;50127.46;2152872.4400000004;1915207.72;2152872.44;8441.0;8367.666666666666;Champigny-sur-Marne
94;94017;2022;0.0;4846765.45;60544.18;0.0;329514.10000000003;97059.69;0.0;310548.76;0.0;11502772.49;0.0;0.0;11488270.18;0.0;424653.78;0.0;23029.68;2468745.12;42300.0;17147204.67;737122.55;640062.8600000001;97059.69;11935953.639999999;11511299.86;11935953.639999999;8221.0;8202.0;Champigny-sur-Marne
94;94017;2023;0.0;5009770.47;57168.04;0.0;357342.95;69094.58;0.0;174141.05000000002;0.0;11903317.06;0.0;0.0;2921718.17;4361.03;537690.98;0.0;89666.82;2583465.35;2954035.89;17570834.15;600578.58;531484.0;69094.58;3553436.9999999995;3011384.9899999998;3553437.0;8164.0;8187.333333333332;Champigny-sur-Marne
94;94017;2024;0.0;5170213.14;51056.56;0.0;322731.01;86280.58;0.0;200231.78;0.0;11999091.07;0.0;911611.94;2642448.5700000003;20279.51;379281.2;0.0;3916.06;3145377.28;0.0;17829604.14;609243.37;522962.79000000004;86280.58;3957537.2800000003;3557976.5700000003;3957537.28;8234.0;8256.333333333332;Champigny-sur-Marne
94;94017;2025;0.0;4481004.97;54980.57;0.0;265929.94;69103.07;0.0;135384.38;0.0;10872123.61;0.0;841014.86;11602207.120000001;44344.11;237140.5;0.0;1644.0;2850460.52;41059.799999999996;15878526.54;470417.39;401314.32;69103.07;12726350.59;12444865.98;12726350.59;8301.0;8282.333333333332;Champigny-sur-Marne
94;94018;2021;0.0;1930044.9600000002;49755.909999999996;586808.81;208825.3;75720.38;9922.66;197840.46;303206.18000000005;2183249.22;0.0;0.0;135307.96;33309.08;288995.85;0.0;0.0;1661191.58;190504.95;5545373.880000001;1382323.79;406665.76;378926.56000000006;457612.88999999996;135307.96;457612.89;2331.0;2292.6666666666665;Charenton-le-Pont
94;94018;2022;0.0;2209635.73;26221.22;495412.17;123172.11;55018.02;10476.26;199463.88;280877.52999999997;2263642.82;0.0;0.0;183096.15000000002;3060.0;117639.32;0.0;0.0;1570124.2399999998;0.0;5663919.74;1164419.97;322635.99;335895.55;303795.47000000003;183096.15000000002;303795.47;2216.0;2189.0;Charenton-le-Pont
94;94018;2023;0.0;2287454.23;27850.64;1184961.6600000001;118887.48000000001;89124.02;6444.33;195878.79;286071.8;2336439.72;0.0;0.0;645634.2200000001;60070.590000000004;75214.18;0.0;0.0;1434594.8199999998;74294.77;6533112.67;1881368.0800000003;314766.27;375195.82;780918.99;645634.2200000001;780918.99;2135.0;2095.0;Charenton-le-Pont
94;94018;2024;0.0;2331689.6700000004;28342.940000000002;987808.7899999999;186719.69;78741.26999999999;10583.81;92571.21999999999;288599.72000000003;2353851.09;0.0;0.0;894192.95;69124.01999999999;152120.32;0.0;0.0;1788292.23;266476.22;6358908.2;1645024.5;279290.91;367340.99;1115437.29;894192.95;1108574.64;2015.0;1994.3333333333333;Charenton-le-Pont
94;94018;2025;0.0;2406367.35;23132.05;746631.54;131530.97;54555.67;14879.18;153023.18;294009.67;2183100.17;0.0;0.0;2772771.51;134580.66;51674.41;0.0;92712.23;1723738.78;0.0;6007229.78;1394630.2100000002;284554.15;348565.33999999997;3051738.81;2865483.7399999998;3051738.8099999996;1953.0;1925.0;Charenton-le-Pont
94;94019;2021;0.0;940196.68;1762.91;282568.83999999997;83716.23999999999;19125.98;0.0;14038.82;202375.24;1720300.8699999999;0.0;141000.0;9364472.6;90446.12;462902.65;0.0;0.0;221164.98;0.0;3264085.58;601825.1199999999;97755.06;221501.22;10058821.37;9505472.6;10031221.370000001;1772.0;1751.3333333333333;Chennevières-sur-Marne
94;94019;2022;299.88;1018510.11;498.0;412445.99;53470.810000000005;7680.36;0.0;168327.49000000002;214090.55;1648351.19;0.0;2600000.0;813452.77;54153.8;314059.09;0.0;0.0;272330.11;950000.0;3523674.38;856315.08;221798.30000000002;221770.90999999997;3781665.6599999997;3413452.77;3781665.66;1710.0;1719.0;Chennevières-sur-Marne
94;94019;2023;4464.1;864730.3099999999;5101.8;561348.11;31704.670000000002;4.72;0.0;106402.06;236188.43;1382075.8299999998;0.0;4832000.0;475660.17000000004;0.0;99548.89;0.0;0.0;419440.45;827152.8;3192020.0299999993;940112.09;138106.73;236193.15;5407209.06;5307660.17;5407209.0600000005;1737.0;1712.0;Chennevières-sur-Marne
94;94019;2024;0.0;812642.59;14304.0;551270.83;83645.01000000001;17.34;0.0;169095.47;254608.87;2682156.73;0.0;0.0;6518864.8;1606.56;112318.66;0.0;0.0;288025.33;408678.0;4567740.84;1058637.52;252740.48;254626.21;6632790.02;6518864.8;6632790.02;1662.0;1677.6666666666665;Chennevières-sur-Marne
94;94019;2025;0.0;1106153.54;0.0;402886.56000000006;232532.18;0.0;0.0;30344.7;302491.68;2559487.65;0.0;0.0;1868666.06;0.0;91054.24;0.0;38801.29;387343.34;2383791.45;4633896.31;968255.1200000001;262876.88;302491.68;1998521.59;1907467.35;1998521.5899999999;1709.0;1719.0;Chennevières-sur-Marne
94;94021;2021;0.0;985445.72;49122.39;0.0;0.0;21624.11;0.0;0.0;0.0;5685053.42;0.0;281056.86;1995157.56;37086.0;568492.38;0.0;0.0;591700.4;0.0;6741245.64;21624.11;0.0;21624.11;2881792.8;2276214.42;2881792.8;2144.0;2117.333333333333;Chevilly-Larue
94;94021;2022;0.0;1354650.16;63787.21;0.0;0.0;17425.22;0.0;0.0;0.0;4464290.600000001;0.0;0.0;3035121.81;22774.4;194499.05;0.0;0.0;686060.07;269970.0;5900153.19;17425.22;0.0;17425.22;3252395.26;3035121.81;3252395.26;2064.0;2074.6666666666665;Chevilly-Larue
94;94021;2023;0.0;1595658.8;60842.21;544225.05;0.0;17379.6;0.0;0.0;724.61;4398144.2;0.0;0.0;7236387.210000001;20000.0;191939.71999999997;0.0;0.0;710030.4799999999;1066870.2;6616974.470000001;562329.26;0.0;18104.21;7448326.930000001;7236387.210000001;7448326.930000001;2096.0;2084.333333333333;Chevilly-Larue
94;94021;2024;0.0;1621179.51;64347.26;608419.4299999999;0.0;17592.61;0.0;0.0;0.0;8523913.01;0.0;0.0;7274279.71;20000.0;236912.49;0.0;0.0;819311.05;2134206.39;10835451.82;626012.0399999999;0.0;17592.61;7531192.2;7274279.71;7531192.199999999;2061.0;2056.6666666666665;Chevilly-Larue
94;94021;2025;0.0;1657261.54;87402.49;486134.08999999997;0.0;23417.81;0.0;3576.0;0.0;8961478.33;0.0;0.0;935920.41;20700.0;144831.19;0.0;0.0;731974.54;789357.0;11219270.26;513127.89999999997;3576.0;23417.81;1101451.6;935920.41;1101451.6;2048.0;2042.3333333333333;Chevilly-Larue
94;94022;2021;0.0;2980106.68;9580.82;632826.0599999999;76647.82;2095.39;0.0;0.0;0.0;8585936.85;0.0;0.0;1034353.42;47973.24;163510.16;0.0;0.0;1665143.01;269699.09;12287193.62;711569.2699999999;76647.82;2095.39;1245836.82;1034353.42;1245836.82;5081.0;5037.666666666666;Choisy-le-Roi
94;94022;2022;0.0;3105985.02;2291.11;923107.32;72660.23;604.44;0.0;0.0;0.0;8888239.26;0.0;0.0;1458640.17;54130.39;262730.05000000005;0.0;0.0;1702657.95;372354.79000000004;12992887.379999999;996371.99;72660.23;604.44;1775500.6099999999;1458640.17;1775500.61;4951.0;4890.666666666666;Choisy-le-Roi
94;94022;2023;0.0;3232343.02;9491.050000000001;1030213.6;108974.39;0.0;0.0;0.0;0.0;9023931.18;0.0;0.0;1754832.8399999999;39259.380000000005;103087.15;0.0;0.0;2015650.73;591841.26;13404953.239999998;1139187.99;108974.39;0.0;1897179.3699999996;1754832.8399999999;1897179.3699999999;4770.0;4752.0;Choisy-le-Roi
94;94022;2024;0.0;3986296.78;7292.2300000000005;984503.96;66915.94;0.0;0.0;0.0;0.0;9217762.129999999;0.0;15780.7;2044600.72;56462.17;104869.32;0.0;0.0;1879753.04;770190.65;14262771.04;1051419.9;66915.94;0.0;2221712.9099999997;2060381.42;2221712.91;4716.0;4690.666666666666;Choisy-le-Roi
94;94022;2025;0.0;4000350.5;10153.25;836002.0900000001;79006.26000000001;0.0;0.0;0.0;0.0;9573001.78;0.0;7707.24;1496907.82;45401.14;75430.65;0.0;0.0;1933954.43;583273.24;14498513.879999999;915008.3500000001;79006.26000000001;0.0;1625446.8499999999;1504615.06;1625446.85;4640.0;4595.666666666666;Choisy-le-Roi
94;94028;2021;0.0;1790394.96;82109.51;1615540.5999999999;42063.77;0.0;5976.72;60343.49;144924.35;22666319.310000002;0.0;0.0;1768279.75;75536.64;650074.01;0.0;106483.64;3180424.27;10148.94;26407672.71;1868848.93;102407.26;144924.35;2600374.04;1874763.39;2600374.04;8657.0;8594.333333333332;Créteil
94;94028;2022;0.0;2338485.8200000003;106337.17;2130029.05;47693.28;0.0;4462.85;63000.0;147862.81;22908697.259999998;0.0;0.0;1287653.52;93143.76999999999;319636.99;0.0;162197.36;3246126.8;170932.06;27746568.24;2393047.9899999998;110693.28;147862.81;1862631.6400000001;1449850.88;1862631.6400000001;8469.0;8413.333333333332;Créteil
94;94028;2023;0.0;2345461.64;113248.95999999999;2716182.4000000004;63917.93;204785.53;7224.049999999999;83263.42;146741.68;23243427.38;0.0;0.0;1688880.69;39493.8;789317.1000000001;0.0;579297.46;3525345.15;587399.48;28924252.99;3222115.0100000002;147181.35;351527.20999999996;3096989.05;2268178.15;3096989.05;8302.0;8250.666666666666;Créteil
94;94028;2024;0.0;2621738.41;77413.69;2303872.79;67290.26;203357.65;7113.0;66242.77;51781.92;22539127.86;0.0;0.0;2111034.8400000003;1313856.97;575849.78;0.0;581883.55;3347583.56;524591.0;27937938.35;2699658.39;133533.03;255139.57;4582625.140000001;2692918.3900000006;4582625.140000001;8148.0;8134.666666666666;Créteil
94;94028;2025;0.0;2398299.54;78598.19;2236964.46;17718.71;172105.19;3713.4700000000003;75478.46;122898.25;22254172.06;0.0;0.0;2472097.79;756808.9299999999;512596.79;0.0;637414.24;3570565.82;592070.25;27359948.33;2628878.54;93197.17000000001;295003.44;4378917.75;3109512.0300000003;4378917.75;8108.0;8076.0;Créteil
94;94033;2021;0.0;610515.8400000001;107415.20999999999;1053971.63;226645.63999999998;182493.07;0.0;81267.75;0.0;1458823.4;0.0;0.0;2155993.46;186357.22999999998;256251.13;344039.48;0.0;81615.47;217981.12;3721132.5399999996;1544378.0899999999;307913.39;182493.07;2942641.3;2155993.46;2598601.82;5039.0;4990.0;Fontenay-sous-Bois
94;94033;2022;0.0;656904.9;111677.24;1245158.02;310239.24;168263.69;0.0;93769.73;0.0;2894642.17;0.0;0.0;1584202.55;188632.63;302913.86;0.0;0.0;79868.41;696978.49;5480654.99;1817430.68;404008.97;168263.69;2075749.04;1584202.55;2075749.0399999998;4892.0;4855.333333333333;Fontenay-sous-Bois
94;94033;2023;0.0;661142.87;104668.69;1844288.75;262562.45;213317.72;0.0;94858.60999999999;0.0;2869348.09;0.0;0.0;1131655.63;168325.47;256444.21;78521.84;0.0;38502.53;597518.94;6050187.18;2415027.5300000003;357421.06;213317.72;1634947.15;1131655.63;1556425.31;4782.0;4736.0;Fontenay-sous-Bois
94;94033;2024;0.0;3309113.92;98049.42;1666996.4;209016.02;138821.77;0.0;91012.85;0.0;11850599.39;0.0;0.0;1192979.6400000001;140372.6;311396.72;0.0;0.0;4445942.55;0.0;17363609.77;2105847.04;300028.87;138821.77;1644748.9600000002;1192979.6400000001;1644748.96;4644.0;4601.0;Fontenay-sous-Bois
94;94033;2025;0.0;3544097.54;116535.68;1299010.1300000001;239942.06;146945.31;0.0;86029.66;2220.0;11955056.870000001;0.0;0.0;1080063.82;184043.3;239827.18;0.0;61385.25;2358929.41;212242.38999999996;17389837.25;1774147.1600000001;325971.72;149165.31;1565319.55;1141449.07;1565319.55;4515.0;4499.0;Fontenay-sous-Bois
94;94034;2021;18086.18;777423.0199999999;50926.85;411805.31999999995;35432.549999999996;9895.61;5613.02;42958.119999999995;14568.12;6219576.26;0.0;0.0;378976.0;3258.0;36923.91;0.0;0.0;1095318.67;15643.06;7586285.05;538358.9199999999;78390.66999999998;24463.730000000003;419157.91000000003;378976.0;419157.91000000003;2977.0;2950.0;Fresnes
94;94034;2022;18779.05;862485.2999999999;83511.09999999999;473128.12;89460.17;10492.15;-654.21;107119.0;16030.47;6325787.149999999;0.0;0.0;193739.63999999998;23319.7;122883.24000000002;0.0;0.0;1120552.3900000001;82431.78;7986138.299999999;714354.75;196579.16999999998;26522.62;339942.58;193739.63999999998;339942.58;2896.0;2888.333333333333;Fresnes
94;94034;2023;20603.699999999997;1009030.35;82726.5;684757.85;215959.23;15421.38;6412.79;160471.71;0.63;6218242.14;0.0;0.0;181763.46;36490.2;158172.09;0.0;9534.0;1113917.51;0.0;8413626.28;1103627.29;376430.94;15422.009999999998;385959.75;191297.46;385959.75;2873.0;2863.6666666666665;Fresnes
94;94034;2024;27052.8;1323943.83;76156.84;703670.73;47603.11;17468.03;-272.54;139312.17;0.0;6431792.03;0.0;0.0;73671.11;924567.11;263363.94;0.0;11994.0;1420835.12;14211.44;8766727.0;934834.3;186915.28000000003;17468.03;1273596.16;85665.11;1273596.16;2845.0;2798.6666666666665;Fresnes
94;94034;2025;173636.48;1248096.45;96719.53;526973.59;106513.62;20472.32;0.0;135579.41;0.0;6471844.99;0.0;0.0;247392.22;699153.95;104412.4;0.0;189107.2;1281673.0299999998;273430.9;8779836.39;963175.4199999999;242093.03;20472.32;1240065.7699999998;436499.42000000004;1240065.77;2706.0;2693.333333333333;Fresnes
94;94037;2021;0.0;1295367.98;10381.48;568808.3500000001;31505.2;0.0;0.0;9705.6;0.0;1183431.03;0.0;19692.86;464518.17000000004;0.0;67618.8;0.0;0.0;839016.24;45452.8;3099199.64;610019.1500000001;41210.8;0.0;551829.8300000001;484211.03;551829.83;1587.0;1590.0;Gentilly
94;94037;2022;0.0;1721329.24;8512.27;540944.02;36886.32;0.0;0.0;8635.8;0.0;1165498.11;0.0;0.0;743571.74;0.0;110095.21;0.0;0.0;326684.04000000004;0.0;3481805.7600000007;586466.14;45522.119999999995;0.0;853666.95;743571.74;833974.0900000001;1596.0;1606.3333333333333;Gentilly
94;94037;2023;0.0;1788334.7299999997;6172.38;632225.2;23581.190000000002;0.0;0.0;10881.4;0.0;1198917.29;0.0;0.0;372858.93000000005;14928.0;86616.8;0.0;0.0;604285.08;45844.01;3660112.1899999995;666687.7899999999;34462.590000000004;0.0;474403.73000000004;372858.93000000005;474403.73000000004;1627.0;1625.333333333333;Gentilly
94;94037;2024;0.0;2002086.9799999997;1548.6;594550.6799999999;39985.490000000005;0.0;0.0;22125.17;0.0;1235315.67;0.0;0.0;673350.1599999999;0.0;88676.04000000001;0.0;0.0;675794.7000000001;0.0;3895612.59;656661.34;62110.66;0.0;762026.2;673350.1599999999;762026.2;1622.0;1613.6666666666665;Gentilly
94;94037;2025;0.0;1881311.62;15860.81;649806.91;47260.22;0.0;0.0;12510.46;0.0;1248179.44;0.0;0.0;901572.8899999999;0.0;179315.22;0.0;0.0;976402.3899999999;451774.8;3854929.4600000004;709577.5900000001;59770.68;0.0;1080888.1099999999;901572.8899999999;1080888.1099999999;1597.0;1572.9999999999998;Gentilly
94;94038;2021;0.0;2492873.86;49670.95;265047.03;84778.33;58645.57000000001;0.0;56320.4;367890.22;5140803.63;0.0;0.0;942815.61;142276.68;95024.12000000001;0.0;0.0;1500109.8;86887.5;8516029.989999998;832681.55;141098.73;426535.79;1180116.4100000001;942815.61;1180116.41;3177.0;3127.333333333333;L'Haÿ-les-Roses
94;94038;2022;11866.07;2828591.4;57971.770000000004;310676.98;103347.18;56895.32;0.0;57179.41;410793.45;5045903.03;0.0;0.0;1660702.9100000001;92775.58;332817.72;0.0;0.0;1305269.98;204483.22;8883224.61;950758.4099999999;160526.59;467688.77;2086296.2100000002;1660702.9100000001;2086296.21;3028.0;2994.0;L'Haÿ-les-Roses
94;94038;2023;0.0;3068116.23;73812.5;644061.91;87860.47;65757.0;0.0;45281.63;474996.14999999997;4735309.71;0.0;0.0;1276859.46;113710.42;589712.69;0.0;0.0;1315274.2;5370.47;9195195.600000001;1317957.1600000001;133142.1;540753.1499999999;1980282.5699999998;1276859.46;1980282.5699999998;2926.0;2904.333333333333;L'Haÿ-les-Roses
94;94038;2024;295.24;2902012.5;13771.95;626215.85;119033.06000000001;50807.23;0.0;57565.16;554004.79;4466159.93;0.0;7683.83;1224347.75;89872.4;192981.78;0.0;0.0;1403353.9700000002;83173.8;8789865.71;1407921.3299999998;176598.22000000003;604812.02;1514885.76;1232031.58;1514885.76;2861.0;2831.333333333333;L'Haÿ-les-Roses
94;94038;2025;0.0;3129449.19;60941.43;920018.73;171326.31000000003;14673.17;0.0;106727.76000000001;681605.87;4595966.72;0.0;0.0;813087.46;106515.18;637354.48;0.0;148645.34;1267514.96;95200.0;9680709.18;1894351.84;278054.07000000007;696279.04;1705602.46;961732.7999999999;1697918.63;2772.0;2750.333333333333;L'Haÿ-les-Roses
94;94041;2021;0.0;4921454.23;225507.34;995675.8899999999;108127.26000000001;95388.37;0.0;148078.5;35446.100000000006;12841656.62;0.0;0.0;2408997.34;12187.78;296155.38;0.0;51618.98;1530750.23;196436.14;19371334.31;1382716.1199999999;256205.76;130834.47;2768959.4799999995;2460616.32;2768959.48;5978.0;5894.333333333333;Ivry-sur-Seine
94;94041;2022;0.0;5035041.55;231227.42;1062416.22;110881.99;112851.65000000001;0.0;136083.5;96096.53;13351481.84;0.0;0.0;1242753.57;69233.28;1574542.24;0.0;0.0;1528790.0000000002;736958.84;20136080.7;1518329.8900000001;246965.49;208948.18;2886529.09;1242753.57;2886529.09;5727.0;5735.666666666666;Ivry-sur-Seine
94;94041;2023;0.0;5365432.56;260619.72;1871306.63;80221.91;115849.75;0.0;159169.74;55128.22;13623781.17;0.0;0.0;2855051.13;14385.12;565842.31;0.0;90468.17;1720580.93;159239.95;21531509.7;2281676.25;239391.65;170977.97;3525746.73;2945519.3;3525746.73;5753.0;5712.666666666666;Ivry-sur-Seine
94;94041;2024;0.0;5587585.64;281375.66000000003;1896685.3299999998;108556.8;117075.37000000001;0.0;148223.28;57016.08;14241741.19;0.0;486169.0;1619065.6099999999;24542.4;608821.1799999999;0.0;822115.1699999999;2266639.8600000003;1236324.3900000001;22438259.349999998;2327556.86;256780.08000000002;174091.45;3560713.3599999994;2927349.78;3560713.36;5632.0;5624.666666666666;Ivry-sur-Seine
94;94041;2025;0.0;5896242.28;279007.20999999996;1662774.71;69592.56;133084.52;0.0;151198.27;43826.09;14452248.24;0.0;197261.65;11113541.05;0.0;436342.37;0.0;175923.19;1856713.9;2652420.88;22687973.88;2060476.15;220790.83;176910.61;11923068.26;11486725.89;11834933.92;5610.0;5549.0;Ivry-sur-Seine
94;94042;2021;0.0;1368404.91;1015.2;238611.65000000002;276254.18;9210.05;14118.15;26106.699999999997;407186.73;1379092.25;0.0;0.0;831276.58;52061.869999999995;221295.26;0.0;0.0;1169889.04;0.0;3719999.82;971487.4600000001;302360.88;416396.77999999997;1104633.71;831276.58;1104633.71;1985.0;1962.3333333333333;Joinville-le-Pont
94;94042;2022;0.0;1548915.08;2236.44;275447.14;222361.16999999998;8794.849999999999;19509.58;13108.16;185211.90999999997;1467242.11;0.0;0.0;886584.6900000001;116327.03;64608.02;0.0;452.43;1175826.25;48114.3;3742826.4400000004;724432.8099999999;235469.33;194006.75999999998;1067972.17;887037.1200000001;1067972.17;1917.0;1894.6666666666665;Joinville-le-Pont
94;94042;2023;0.0;1685062.17;2337.31;491796.99;104314.04999999999;10782.689999999999;33168.4;49710.84;167252.13000000003;1547637.31;0.0;0.0;1305741.22;606967.2;151812.09;0.0;0.0;1407935.02;317769.0;4092061.8899999997;857025.1;154024.88999999998;178034.82000000004;2064520.51;1305741.22;2064520.51;1850.0;1830.3333333333333;Joinville-le-Pont
94;94042;2024;0.0;1945728.36;2400.32;511941.70999999996;69342.13;9687.64;35611.2;53165.2;172252.72;1649287.43;0.0;0.0;671634.4;284287.1;151699.4;0.0;0.0;1432876.14;50165.0;4449416.71;852000.5999999999;122507.33;181940.36;1107620.9;671634.4;1107620.9;1791.0;1773.6666666666665;Joinville-le-Pont
94;94042;2025;6647.84;1795171.44;1795.31;400712.91000000003;122870.38;11327.92;30951.74;68886.92;177065.7;1572652.1099999999;0.0;0.0;1490254.8000000003;158032.92;102008.93;0.0;1546.12;1303489.0799999998;165788.0;4188082.27;818463.41;191757.3;188393.62000000002;1751842.7700000003;1491800.9200000004;1751842.77;1739.0;1715.6666666666665;Joinville-le-Pont
94;94043;2021;0.0;809770.4;39192.39;352962.32;157952.11;64090.46;0.0;1795.7;0.0;3723522.98;0.0;0.0;1064092.8900000001;0.0;77352.18000000001;0.0;0.0;827876.7899999999;111178.04999999999;5149286.36;576800.59;159747.81;64090.46;1141445.07;1064092.8900000001;1141445.07;1752.0;1732.6666666666665;Le Kremlin-Bicêtre
94;94043;2022;0.0;1418481.0699999998;41520.72;395277.05;-3697.05;23997.33;0.0;57216.97;594.0;4199371.38;0.0;0.0;1175592.8;0.0;265750.2;0.0;0.0;1025663.58;233351.09000000003;6132761.47;473388.3;53519.92;24591.33;1441343.0;1175592.8;1441343.0;1694.0;1687.6666666666665;Le Kremlin-Bicêtre
94;94043;2023;0.0;1395786.31;46767.75;696084.82;17062.69;45693.57;0.0;21181.59;20779.3;4813380.58;0.0;0.0;336611.54;48759.32;70123.09;0.0;0.0;936373.36;59065.31;7056736.609999999;800801.97;38244.28;66472.87;455493.94999999995;336611.54;455493.95;1675.0;1652.6666666666665;Le Kremlin-Bicêtre
94;94043;2024;0.0;1422354.2799999998;37771.55;679199.53;47483.21;41393.880000000005;0.0;111782.51000000001;3078.0;4549344.04;0.0;0.0;1448439.94;14504.46;184932.0;0.0;0.0;1083213.04;0.0;6892407.0;882937.13;159265.72;44471.880000000005;1647876.4;1448439.94;1647876.4000000001;1608.0;1604.6666666666665;Le Kremlin-Bicêtre
94;94043;2025;0.0;1556665.56;58788.16;609948.64;82728.59999999999;49913.11;0.0;92816.66;15378.0;4093434.95;0.0;0.0;189886.69;27360.0;117860.42;0.0;241803.3;1008870.25;230989.5;6559673.680000001;850785.01;175545.26;65291.11;576910.4099999999;431689.99;576910.41;1598.0;1572.6666666666665;Le Kremlin-Bicêtre
94;94044;2021;0.0;399754.39;28567.690000000002;627441.9299999999;4885.83;59547.22;0.0;85366.72;0.0;4023656.14;0.0;0.0;239154.65;7062.8;265799.13;0.0;0.0;1272415.9400000002;2038925.0;5229219.92;777241.7;90252.55;59547.22;512016.57999999996;239154.65;512016.58;3630.0;3581.0;Limeil-Brévannes
94;94044;2022;0.0;425709.59;60482.740000000005;565175.9;9405.64;60566.78;0.0;89672.16;26275.79;4821019.26;0.0;0.0;172587.78;1980.0;130244.76999999999;0.0;0.0;1194359.85;60000.0;6058307.859999999;751096.27;99077.8;86842.57;304812.55;172587.78;304812.55;3483.0;3464.333333333333;Limeil-Brévannes
94;94044;2023;0.0;468309.02;28180.93;820445.75;8497.02;77837.31;0.0;65511.66;20207.7;4777151.9;0.0;0.0;54042.16;54604.8;54092.21;0.0;0.0;1268480.28;13360.0;6266141.290000001;992499.44;74008.68000000001;98045.01;162739.17;54042.16;162739.17;3427.0;3412.6666666666665;Limeil-Brévannes
94;94044;2024;-2688.28;-826333.74;-11757.26;389863.3500000001;16089.6;57466.35;-122414.61;24530.250000000007;10103.84;4559191.13;0.0;0.0;834603.44;53928.600000000006;91404.93000000001;0.0;0.0;1352252.6199999999;73674.8;4094050.63;372950.5000000001;40619.850000000006;67570.19;979936.97;834603.44;979936.97;3384.0;3390.0;Limeil-Brévannes
94;94044;2025;0.0;389445.16;32117.18;556094.98;21446.2;66607.17;0.0;116141.83;0.0;4214606.48;0.0;0.0;715972.24;68201.9;238577.99;0.0;0.0;1658767.87;181754.38;5396459.0;760290.1799999999;137588.03;66607.17;1022752.13;715972.24;1022752.13;3402.0;3391.333333333333;Limeil-Brévannes
94;94046;2021;0.0;0.0;0.0;0.0;0.0;0.0;0.0;0.0;0.0;0.0;0.0;0.0;3563211.23;0.0;153502.61;0.0;0.0;7227910.0;154166.0;0.0;0.0;0.0;0.0;3716713.84;3563211.23;3716713.84;4609.0;4561.333333333333;Maisons-Alfort
94;94046;2022;0.0;0.0;0.0;0.0;0.0;0.0;0.0;0.0;0.0;0.0;0.0;0.0;1863105.02;0.0;74351.5;0.0;0.0;7233999.0;228634.85;0.0;0.0;0.0;0.0;1937456.52;1863105.02;1937456.52;4466.0;4434.666666666666;Maisons-Alfort
94;94046;2023;0.0;0.0;0.0;0.0;0.0;0.0;0.0;0.0;0.0;0.0;0.0;0.0;1316985.26;0.0;477683.38;0.0;0.0;7512383.02;471810.72000000003;0.0;0.0;0.0;0.0;1794668.6400000001;1316985.26;1794668.64;4372.0;4337.666666666666;Maisons-Alfort
94;94046;2024;0.0;3381967.24;112759.92;1249739.06;3280.91;112748.63;2020.94;0.0;0.0;8933322.11;0.0;0.0;1993636.6400000001;0.0;293180.17;0.0;0.0;1727662.5399999998;0.0;13795838.81;1367789.54;3280.91;112748.63;2286816.81;1993636.6400000001;2286816.81;4269.0;4258.0;Maisons-Alfort
94;94046;2025;0.0;3320796.25;123276.67000000001;1192152.89;4898.9400000000005;121200.3;2182.66;0.0;0.0;9732612.24;0.0;0.0;3121862.25;0.0;372613.26;0.0;0.0;1778004.1600000001;117050.1;14497119.95;1320434.7899999998;4898.9400000000005;121200.3;3494475.51;3121862.25;3494475.51;4236.0;4200.333333333333;Maisons-Alfort
94;94047;2021;0.0;388506.35000000003;4552.04;56696.4;1835.6;0.0;0.0;3332.44;41907.28;477842.55;0.0;0.0;0.0;0.0;14454.439999999999;0.0;0.0;247301.89;0.0;974672.6599999999;103771.72;5168.04;41907.28;14454.439999999999;0.0;14454.439999999999;529.0;531.0;Mandres-les-Roses
94;94047;2022;0.0;375077.52;2326.8;60972.630000000005;0.0;0.0;0.0;2547.14;41080.04;536545.3099999999;0.0;0.0;26876.87;14340.0;13672.96;0.0;0.0;310537.47;0.0;1018549.44;104599.81;2547.14;41080.04;54889.829999999994;26876.87;54889.83;535.0;537.3333333333333;Mandres-les-Roses
94;94047;2023;0.0;415485.31;7681.59;93682.66;0.0;0.0;0.0;2463.42;43983.23;476923.97000000003;0.0;0.0;88784.52;46802.22;1969.62;0.0;0.0;301788.36;5324.8;1040220.1799999999;140129.31;2463.42;43983.23;137556.36;88784.52;137556.36;542.0;538.0;Mandres-les-Roses
94;94047;2024;0.0;477468.82;1564.6200000000001;100674.37;3535.26;0.0;0.0;2779.82;43483.81;490025.56;0.0;0.0;113050.52;12184.07;4635.54;0.0;0.0;311012.65;0.0;1119532.26;150473.26;6315.08;43483.81;129870.12999999999;113050.52;129870.13;530.0;526.3333333333333;Mandres-les-Roses
94;94047;2025;0.0;472970.89;3965.4;73467.66;23353.86;0.0;0.0;4203.79;43493.14;382404.82;0.0;0.0;1081879.8299999998;0.0;5809.139999999999;0.0;0.0;323303.88;25328.16;1003859.56;144518.45;27557.65;43493.14;1087688.9699999997;1081879.8299999998;1087688.9699999997;519.0;523.3333333333333;Mandres-les-Roses
94;94048;2021;0.0;298998.57;6048.289999999999;82708.92;1686.59;16107.25;5400.0;1375.2;50683.11;756702.06;0.0;0.0;118667.32;0.0;32363.949999999997;0.0;0.0;341902.85;0.0;1219709.99;157961.07;3061.79;66790.36;151031.27000000002;118667.32;151031.27000000002;551.0;561.0;Marolles-en-Brie
94;94048;2022;0.0;316018.6;6388.91;73411.09;1081.3;14201.57;2700.0;108.0;46105.62;775906.5700000001;0.0;0.0;5604.84;0.0;30941.08;0.0;0.0;378820.4;3718.48;1235921.6600000001;137607.58000000002;1189.3;60307.19;36545.92;5604.84;36545.92;581.0;581.6666666666666;Marolles-en-Brie
94;94048;2023;0.0;403375.62;5837.0;183904.83000000002;13556.69;14092.0;7200.0;1452.0;16541.4;773707.83;0.0;0.0;39820.29;0.0;27077.62;0.0;0.0;383541.85;0.0;1419667.3699999999;236746.92;15008.69;30633.4;66897.91;39820.29;66897.91;583.0;577.6666666666666;Marolles-en-Brie
94;94048;2024;0.0;395348.18;5744.49;159236.1;7211.84;13531.92;8400.0;6324.0;16541.4;837784.28;0.0;0.0;56676.0;0.0;50638.05;0.0;0.0;414971.00000000006;0.0;1450122.21;211245.26;13535.84;30073.32;107314.05;56676.0;107314.05;567.0;568.3333333333333;Marolles-en-Brie
94;94048;2025;0.0;392187.28;1713.56;99063.39;-259.6999999999998;15654.61;7800.0;5134.64;16541.41;737154.75;0.0;0.0;6147.82;49367.43000000001;15250.75;0.0;0.0;417608.21;6480.0;1274989.94;143934.35;4874.9400000000005;32196.02;70766.0;6147.82;70766.0;571.0;566.0;Marolles-en-Brie
94;94052;2021;0.0;2554797.88;2739.54;390377.07;0.0;28692.61;2740.39;99742.19;0.0;3362007.87;0.0;0.0;625937.45;124.8;110687.47;0.0;0.0;1759994.81;0.0;6441097.55;521552.26;99742.19;28692.61;736749.72;625937.45;736749.72;2605.0;2567.333333333333;Nogent-sur-Marne
94;94052;2022;0.0;2567588.82;822.66;639959.28;2000.2600000000002;30453.04;1288.0;104819.16;0.0;3511313.37;0.0;0.0;926244.2300000001;0.0;76812.07;0.0;0.0;1409960.46;0.0;6858244.59;778519.74;106819.42;30453.04;1003056.3;926244.2300000001;1003056.3;2492.0;2482.0;Nogent-sur-Marne
94;94052;2023;0.0;2850025.81;1119.78;728095.6;70355.98;36231.759999999995;1217.0;87532.26999999999;15276.48;3478811.15;0.0;0.0;953103.01;0.0;159166.97;0.0;596.4;1683540.88;182100.0;7268665.83;938709.09;157888.25;51508.23999999999;1112866.38;953699.41;1112866.3800000001;2462.0;2443.0;Nogent-sur-Marne
94;94052;2024;9560.29;2936118.05;1225.8;382470.14;167538.3;34913.92999999999;1289.0;61263.14;7638.24;3662419.68;0.0;0.0;2943762.6799999997;6936.0;145204.90000000002;0.0;0.0;2049354.7000000002;0.0;7264436.57;664673.04;228801.44;42552.16999999999;3095903.5799999996;2943762.6799999997;3095903.58;2405.0;2408.6666666666665;Nogent-sur-Marne
94;94052;2025;0.0;3350207.2600000002;1058.4;555539.95;189436.7;38146.33;1328.0;52290.72;0.0;3734675.22;0.0;0.0;3112027.91;20394.0;28507.320000000003;0.0;963.71;1853091.18;406716.83999999997;7922682.58;836741.7;241727.42;38146.33;3161892.94;3112991.62;3161892.9400000004;2416.0;2370.6666666666665;Nogent-sur-Marne
94;94053;2021;0.0;186700.19;38.17;37622.55;16895.489999999998;0.0;0.0;0.0;0.0;174089.17;0.0;0.0;268221.23;0.0;55326.200000000004;0.0;0.0;199099.85;0.0;415345.57;54518.04;16895.489999999998;0.0;323547.43;268221.23;323547.43;406.0;400.66666666666663;Noiseau
94;94053;2022;0.0;254860.14;363.29;60671.3;25734.829999999998;1403.28;0.0;2684.16;0.0;197291.13;0.0;0.0;971393.44;0.0;27221.129999999997;0.0;0.0;230898.08;0.0;543008.1300000001;90493.57;28418.989999999998;1403.28;998614.57;971393.44;998614.57;390.0;397.3333333333333;Noiseau
94;94053;2023;0.0;255194.04;1452.73;193021.18;74823.0;1105.69;0.0;2864.86;0.0;186192.3;0.0;0.0;855955.62;6315.0;6764.8;0.0;0.0;252160.55;0.0;714653.8;271814.73;77687.86;1105.69;869035.42;855955.62;869035.42;412.0;409.66666666666663;Noiseau
94;94053;2024;0.0;369452.88999999996;2452.8;298675.6;38227.6;9787.59;0.0;2956.42;0.0;338446.74;0.0;0.0;21869.14;4908.0;5664.0;0.0;0.0;297573.36;0.0;1059999.64;349647.20999999996;41184.02;9787.59;32441.14;21869.14;32441.14;405.0;404.66666666666663;Noiseau
94;94053;2025;0.0;348626.43;0.0;174506.57;30582.35;18543.8;0.0;2999.21;0.0;393471.0;0.0;0.0;75633.77;0.0;11328.0;0.0;20000.0;408370.64;0.0;968729.36;226631.93;33581.56;18543.8;106961.77;95633.77;106961.77;404.0;407.3333333333333;Noiseau
94;94054;2021;0.0;2728588.96;79997.29;275853.41000000003;13604.2;0.0;0.0;0.0;89506.03;2527766.71;0.0;3290615.27;2260809.4699999997;235307.75;485754.81;0.0;0.0;858550.9199999999;0.0;5715316.6;378963.64;13604.2;89506.03;6272487.3;5551424.74;6272487.3;3143.0;3105.666666666666;Orly
94;94054;2022;0.0;2440649.79;67491.68000000001;384573.73;13999.83;0.0;0.0;2514.87;7994.84;0.0;0.0;2902738.24;6371018.390000001;22720.760000000002;308115.69;0.0;0.0;954532.4;752585.0;2917224.74;409083.26999999996;16514.7;7994.84;9604593.08;9273756.63;9424593.08;3031.0;3027.333333333333;Orly
94;94054;2023;0.0;2281442.4899999998;118475.29000000001;541787.24;5694.99;0.0;0.0;13522.0;2954.83;0.0;0.0;4783465.08;10816427.899999999;10260.0;615904.21;0.0;0.0;858104.5299999999;625163.59;2963876.84;563959.0599999999;19216.989999999998;2954.83;16226057.189999998;15599892.979999999;16156455.75;3020.0;3014.333333333333;Orly
94;94054;2024;0.0;2420017.04;108315.47;563284.43;11927.240000000002;0.0;0.0;-13189.36;3408.86;0.0;0.0;6750947.0;2588540.3600000003;3652.74;375578.28;0.0;0.0;932779.41;1895376.1;3093763.6799999997;565431.17;-1262.119999999999;3408.86;9718718.379999999;9339487.36;9718718.379999999;3003.0;2966.6666666666665;Orly
94;94054;2025;0.0;2489917.32;95965.84999999999;513226.82;18712.47;0.0;0.0;8025.849999999999;4712.07;0.0;0.0;6085698.7;5549713.9799999995;0.0;348965.51;0.0;0.0;1007977.32;8894962.7;3130560.3799999994;544677.21;26738.32;4712.07;11984378.19;11635412.68;11984378.19;2894.0;2860.6666666666665;Orly
94;94055;2021;0.0;337976.1;20070.39;190669.44;75294.31;22606.84;0.0;0.0;0.0;1498685.69;0.0;0.0;779305.4199999999;234475.62;74548.46;0.0;0.0;424825.42;0.0;2145302.77;288570.58999999997;75294.31;22606.84;1088329.5;779305.4199999999;1088329.5;979.0;978.6666666666666;Ormesson-sur-Marne
94;94055;2022;0.0;340023.44;25473.43;190257.55;109646.22;2589.87;0.0;0.0;0.0;1564259.75;0.0;0.0;1905846.3900000001;104529.94;33031.4;0.0;0.0;370196.12;0.0;2232250.26;302493.64;109646.22;2589.87;2043407.73;1905846.3900000001;2043407.7300000002;978.0;975.0;Ormesson-sur-Marne
94;94055;2023;0.0;383242.34;28641.53;411412.86;59066.490000000005;0.0;0.0;0.0;0.0;1705435.8;0.0;0.0;2031136.46;225543.83;51771.71000000001;0.0;0.0;436465.3;0.0;2587799.02;470479.35;59066.490000000005;0.0;2308452.0;2031136.46;2308452.0;969.0;975.0;Ormesson-sur-Marne
94;94055;2024;0.0;381354.41000000003;27726.97;381790.81;54846.939999999995;0.0;0.0;0.0;0.0;1726627.28;0.0;0.0;1081919.99;544376.56;24165.78;0.0;0.0;502366.03;0.0;2572346.41;436637.75;54846.939999999995;0.0;1650462.33;1081919.99;1650462.33;987.0;983.3333333333333;Ormesson-sur-Marne
94;94055;2025;0.0;350814.59;13804.84;196472.26;64839.46000000001;0.0;0.0;0.0;0.0;1348725.67;0.0;0.0;41150.31999999999;126350.28;17243.86;0.0;0.0;602340.94;0.0;1974656.8199999998;261311.72000000003;64839.46000000001;0.0;184744.45999999996;41150.31999999999;184744.46;976.0;976.0;Ormesson-sur-Marne
94;94058;2021;0.0;1449033.17;28090.420000000002;383915.58;480204.31;32054.23;51165.15;99330.15;0.0;7512765.92;15000.0;5978.57;8464270.719999999;14520.0;410262.67;0.0;0.0;1570386.65;850282.04;10036558.93;1046669.42;579534.46;32054.23;8910031.959999999;8470249.29;8040425.39;3011.0;2967.6666666666665;Le Perreux-sur-Marne
94;94058;2022;0.0;1615995.07;35016.200000000004;509337.67;332347.95;34572.28;80154.25;120956.2;0.0;5481712.04;15000.0;0.0;6116263.24;24376.6;783351.3;0.0;0.0;1790408.96;135329.0;8210091.66;1077368.35;453304.15;34572.28;6938991.14;6116263.24;6938991.14;2881.0;2872.333333333333;Le Perreux-sur-Marne
94;94058;2023;0.0;1453560.59;42508.55;913236.52;373025.94;27966.0;80000.0;141623.57;0.0;5688422.46;0.0;0.0;1347833.92;5400.0;441539.32;0.0;0.0;1789215.46;1205131.69;8720343.629999999;1535852.03;514649.51;27966.0;1794773.24;1347833.92;1794773.24;2855.0;2826.333333333333;Le Perreux-sur-Marne
94;94058;2024;0.0;2039728.72;31180.190000000002;910571.51;302077.08999999997;92526.45;82500.0;232063.51;125679.09000000001;6011443.11;0.0;0.0;1290605.83;20237.4;240634.97000000003;0.0;0.0;1810994.47;0.0;9827769.67;1745417.65;534140.6;218205.54;1551478.2;1290605.83;1551478.2000000002;2769.0;2759.0;Le Perreux-sur-Marne
94;94058;2025;0.0;2406774.31;28291.25;728969.98;318076.99;93490.9;75020.39;177196.7;145843.64;6161571.12;0.0;0.0;455877.86;13503.0;222112.09;0.0;0.0;1783238.61;326129.24;10135235.280000001;1538598.5999999999;495273.69;239334.54;691492.95;455877.86;691492.95;2739.0;2732.0;Le Perreux-sur-Marne
94;94059;2021;0.0;555989.24;14527.48;168294.13999999998;34523.14;29357.05;0.0;47827.28;13868.32;135915.0;0.0;0.0;135962.69;49620.0;161548.74;0.0;0.0;1161827.46;0.0;1000301.6499999999;293869.93;82350.42;43225.369999999995;347131.43;135962.69;347131.43;1994.0;1998.0;Le Plessis-Trévise
94;94059;2022;0.0;672353.28;15070.85;254986.34;61397.35;39113.909999999996;0.0;50430.0;14946.47;638263.62;0.0;0.0;2280485.48;377098.61;295223.03;0.0;0.0;1014553.7599999999;15952.0;1746561.8199999998;420874.07;111827.35;54060.38;2952807.12;2280485.48;2952807.1199999996;2006.0;2010.6666666666665;Le Plessis-Trévise
94;94059;2023;0.0;1124535.74;15604.009999999998;319137.88;49792.22;59470.19;0.0;49441.45;22894.15;1604213.66;0.0;0.0;5286523.160000001;171786.9;139120.75;0.0;0.0;1013991.11;1248918.0;3245089.3;500735.89;99233.67;82364.34;5597430.810000001;5286523.160000001;5597430.810000001;2020.0;2031.9999999999998;Le Plessis-Trévise
94;94059;2024;0.0;775886.26;15802.27;311979.23;55432.34;46698.490000000005;0.0;66099.1;71019.13;2227870.95;0.0;0.0;634122.97;70761.98;70795.36;0.0;0.0;1237592.31;1614255.5;3570787.77;551228.29;121531.44;117717.62000000001;775680.3099999999;634122.97;775680.31;2056.0;2056.0;Le Plessis-Trévise
94;94059;2025;0.0;1374980.28;15475.640000000001;297236.76;7529.77;55134.53;0.0;51546.28;8425.22;2183461.37;0.0;0.0;601421.5700000001;5302.8;128877.17;0.0;46556.46;1382289.8599999999;0.0;3993789.8500000006;419872.56;59076.05;63559.75;782158.0000000001;647978.03;782158.0;2056.0;2062.0;Le Plessis-Trévise
94;94060;2021;0.0;725874.61;15921.199999999999;164883.13999999998;33282.92;27494.690000000002;0.0;51033.59;0.0;1693672.1199999999;0.0;0.0;382796.58999999997;1650.0;41721.54;0.0;0.0;547809.18;60913.07;2712162.2699999996;276694.33999999997;84316.51;27494.690000000002;426168.12999999995;382796.58999999997;426168.13;1398.0;1388.6666666666665;La Queue-en-Brie
94;94060;2022;0.0;769872.64;7085.94;356134.1;20217.01;33204.75;0.0;36700.08;0.0;1754747.06;0.0;0.0;261652.93999999997;15462.0;48821.62;0.0;0.0;597058.8300000001;40000.0;2977961.58;446255.93999999994;56917.09;33204.75;325936.55999999994;261652.93999999997;325936.56;1370.0;1359.6666666666665;La Queue-en-Brie
94;94060;2023;0.0;802481.83;7492.570000000001;432750.9;23064.05;26051.08;0.0;40666.93;0.0;1785814.94;0.0;0.0;265512.3;1362.0;44287.29;0.0;0.0;646018.24;0.0;3118322.3;522532.96;63730.979999999996;26051.08;311161.58999999997;265512.3;311161.59;1339.0;1335.0;La Queue-en-Brie
94;94060;2024;0.0;809035.58;17364.809999999998;264299.09;15910.210000000001;23826.199999999997;0.0;40594.6;0.0;1957280.34;0.0;0.0;173005.71000000002;2400.0;46061.55;0.0;0.0;637661.25;0.0;3128310.83;344630.10000000003;56504.81;23826.199999999997;221467.26;173005.71000000002;221467.26;1327.0;1327.6666666666665;La Queue-en-Brie
94;94060;2025;0.0;754908.3999999999;14587.0;230751.17;26290.49;30987.2;0.0;50619.68;0.0;1997003.15;0.0;0.0;86295.58;0.0;49780.72;0.0;0.0;688379.72;0.0;3105147.09;338648.54000000004;76910.17;30987.2;136076.3;86295.58;136076.3;1329.0;1335.6666666666665;La Queue-en-Brie
94;94065;2021;0.0;510340.85;67641.17;128103.38;14138.7;0.0;0.0;4432.23;187816.77;1996404.53;0.0;0.0;202694.38;0.0;74538.01;0.0;0.0;275496.64;0.0;2908877.63;334491.07999999996;18570.93;187816.77;277232.39;202694.38;277232.38999999996;573.0;576.3333333333333;Rungis
94;94065;2022;0.0;643280.3300000001;83903.47;171599.47;28159.52;0.0;0.0;4434.65;264934.66000000003;2072668.07;0.0;0.0;306933.72000000003;8868.0;25675.87;0.0;0.0;430240.43000000005;0.0;3268980.17;469128.30000000005;32594.17;264934.66000000003;341477.59;306933.72000000003;341477.59;583.0;591.0;Rungis
94;94065;2023;0.0;696946.53;39086.03999999999;0.0;0.0;0.0;0.0;0.0;3163.24;2018171.87;0.0;0.0;714142.28;0.0;0.0;0.0;0.0;361523.88;0.0;2757367.68;3163.24;0.0;3163.24;714142.28;714142.28;714142.28;607.0;604.6666666666666;Rungis
94;94065;2024;0.0;690963.49;15017.54;0.0;0.0;0.0;0.0;0.0;0.0;2101954.08;0.0;0.0;1483991.07;0.0;0.0;0.0;0.0;371217.86000000004;0.0;2807935.1100000003;0.0;0.0;0.0;1483991.07;1483991.07;1483991.07;600.0;609.3333333333333;Rungis
94;94065;2025;0.0;592027.7000000001;16984.73;0.0;0.0;0.0;0.0;0.0;0.0;2054251.3699999999;0.0;0.0;888404.42;0.0;0.0;0.0;0.0;389688.42;0.0;2663263.8;0.0;0.0;0.0;888404.42;888404.42;888404.42;628.0;627.0;Rungis
94;94067;2021;0.0;2173758.91;19234.77;271150.18;27381.350000000002;5359.860000000001;0.0;1254.73;302619.5;1642031.32;0.0;0.0;243464.91;16600.0;71156.02;0.0;0.0;888281.2000000001;7949.96;4442790.62;607765.62;28636.08;307979.36;331220.93;243464.91;331220.93;1828.0;1815.6666666666665;Saint-Mandé
94;94067;2022;0.0;2185211.0300000003;19700.95;244974.84999999998;31284.309999999998;1055.9;0.0;745.7;272427.96;1758547.03;0.0;45518.73;2100533.5300000003;0.0;72094.54;0.0;0.0;1012860.1599999999;31157.8;4513947.73;550488.72;32030.01;273483.86000000004;2218146.8000000003;2146052.2600000002;2218146.8000000003;1791.0;1768.0;Saint-Mandé
94;94067;2023;0.0;2169063.11;31161.84;489313.36;4686.87;28557.269999999997;0.0;0.0;273842.88;1007435.23;0.0;0.0;704755.84;0.0;38729.8;0.0;0.0;1097300.65;106117.18;4004060.56;796400.38;4686.87;302400.15;743485.64;704755.84;743485.64;1722.0;1705.0;Saint-Mandé
94;94067;2024;0.0;2315758.29;325.56;487364.94;4772.72;47625.68;0.0;4864.22;273531.66000000003;902428.33;0.0;0.0;98659.05;0.0;89582.11;0.0;0.0;1109004.52;157372.0;4036671.4000000004;818159.22;9636.94;321157.34;188241.16;98659.05;188241.16;1671.0;1655.6666666666665;Saint-Mandé
94;94067;2025;0.0;2424452.96;1127.52;325164.45999999996;12113.37;43520.68;0.0;3959.52;127571.58;1080713.53;0.0;0.0;164492.55;0.0;140613.43;0.0;0.0;1114512.27;67054.64;4018623.62;512329.61;16072.890000000001;171092.26;305105.98;164492.55;305105.98;1625.0;1603.3333333333333;Saint-Mandé
94;94068;2021;0.0;0.0;0.0;0.0;0.0;0.0;0.0;0.0;0.0;0.0;0.0;0.0;3268499.74;5683.67;347390.22000000003;0.0;0.0;8634758.0;0.0;0.0;0.0;0.0;0.0;3621573.6300000004;3268499.74;3621573.63;6388.0;6387.333333333332;Saint-Maur-des-Fossés
94;94068;2022;0.0;0.0;0.0;0.0;0.0;0.0;0.0;0.0;0.0;0.0;0.0;0.0;4964416.640000001;0.0;373483.79;0.0;0.0;8878530.9;97690.2;0.0;0.0;0.0;0.0;5337900.430000001;4964416.640000001;4937900.43;6386.0;6381.666666666666;Saint-Maur-des-Fossés
94;94068;2023;0.0;0.0;0.0;0.0;0.0;0.0;0.0;0.0;0.0;0.0;0.0;0.0;2984580.71;23648.64;399045.99;0.0;0.0;8477331.79;312909.0;0.0;0.0;0.0;0.0;3407275.34;2984580.71;3407275.34;6373.0;6368.666666666666;Saint-Maur-des-Fossés
94;94068;2024;33100.87;4500292.17;44489.82;1393327.0;313508.48;72681.93000000001;0.0;74412.09999999999;19733.82;13486408.12;0.0;0.0;3427761.11;4598.780000000001;373688.74;0.0;5544.65;5528098.399999999;89222.49;19937954.31;1906764.2000000002;387920.57999999996;92415.75;3811593.28;3433305.76;3811593.2800000003;6360.0;6362.0;Saint-Maur-des-Fossés
94;94068;2025;33393.14;4451702.49;59043.29;1251171.9600000002;327398.6;98179.91;0.0;70287.1;18373.65;13746113.41;0.0;0.0;6083984.449999999;4320.0;528351.98;0.0;0.0;5299317.89;275369.0;20055663.55;1798804.36;397685.69999999995;116553.56;6616656.43;6083984.449999999;6616656.43;6366.0;6364.333333333333;Saint-Maur-des-Fossés
94;94069;2021;0.0;478954.82999999996;88922.45;161846.8;17258.17;39580.3;0.0;55613.57;5723.51;2486864.02;0.0;0.0;290315.3;9000.0;20888.79;0.0;0.0;689373.3200000001;0.0;3334763.65;280022.35;72871.73999999999;45303.810000000005;320204.08999999997;290315.3;320204.09;1099.0;1073.0;Saint-Maurice
94;94069;2022;0.0;523460.82999999996;19700.23;156312.04;74431.47;43535.31;0.0;73616.81;6976.58;2542776.6;0.0;0.0;611152.4400000001;55517.13;15531.05;0.0;0.0;533424.13;56210.41;3440809.87;354872.20999999996;148048.28;50511.89;682200.6200000001;611152.4400000001;682200.62;1021.0;1009.6666666666666;Saint-Maurice
94;94069;2023;0.0;599972.86;3193.25;341501.07;80989.16;42596.91;0.0;61076.34;6617.17;2660057.13;0.0;0.0;514225.87;5083.92;41633.49;0.0;0.0;903005.87;175077.46999999997;3796003.8899999997;532780.65;142065.5;49214.08;560943.28;514225.87;560943.28;987.0;979.0;Saint-Maurice
94;94069;2024;0.0;659594.58;8551.71;306432.97;120427.61;43346.19;0.0;84570.13;300.7;2571182.8;0.0;0.0;203690.37;1440.0;14044.32;0.0;0.0;1061532.4000000001;184293.82;3794406.6899999995;555077.6;204997.74;43646.89;219174.69;203690.37;219174.69;963.0;963.3333333333333;Saint-Maurice
94;94069;2025;0.0;649688.08;6612.110000000001;195491.52;103603.19;45267.630000000005;0.0;71719.5;6981.889999999999;2312901.52;0.0;0.0;228160.63;0.0;17947.68;0.0;0.0;1102805.3399999999;72698.8;3392265.44;423063.73;175322.69;52249.520000000004;246108.31;228160.63;246108.31;964.0;960.0;Saint-Maurice
94;94070;2021;0.0;242649.43999999997;133.32;48351.55;2081.4;0.0;0.0;1563.54;0.0;0.0;0.0;0.0;0.0;0.0;2857.96;0.0;0.0;177254.56000000003;0.0;294779.25;51996.490000000005;3644.94;0.0;2857.96;0.0;2857.96;393.0;397.66666666666663;Santeny
94;94070;2022;0.0;256946.55;75.0;53228.869999999995;2908.88;0.0;0.0;744.49;0.0;0.0;0.0;0.0;0.0;14413.02;1025.62;0.0;0.0;176645.18000000002;0.0;313903.79;56882.24;3653.37;0.0;15438.64;0.0;15438.64;407.0;409.3333333333333;Santeny
94;94070;2023;0.0;319376.71;0.0;102236.70999999999;1299.14;0.0;0.0;958.97;0.0;0.0;0.0;0.0;0.0;200052.1;500.0;0.0;0.0;199243.33;0.0;423871.53;104494.81999999999;2258.11;0.0;200552.1;0.0;200552.1;414.0;413.3333333333333;Santeny
94;94070;2024;0.0;351943.2;4872.12;121579.56;4616.16;1205.32;0.0;5038.35;20239.45;411391.93;0.0;0.0;727857.56;122027.37;0.0;0.0;0.0;205196.83000000002;423350.39;920886.0900000001;152678.84;9654.51;21444.77;849884.93;727857.56;849884.93;412.0;413.99999999999994;Santeny
94;94070;2025;0.0;373107.61;4629.12;75508.51;7041.889999999999;2600.91;0.0;4790.84;36870.8;371821.57;0.0;0.0;950864.2100000001;87337.8;12569.34;0.0;15813.54;206731.73;401041.57;876371.25;126812.95;11832.73;39471.71000000001;1066584.8900000001;966677.7500000001;1066584.89;418.0;416.99999999999994;Santeny
94;94071;2021;0.0;1374317.42;29379.21;430150.11;97446.76000000001;101096.72;0.0;0.0;0.0;4105743.59;0.0;0.0;135563.66;3133.95;210638.78;0.0;0.0;1275074.79;0.0;6138133.81;628693.59;97446.76000000001;101096.72;349336.39;135563.66;349336.39;2565.0;2561.333333333333;Sucy-en-Brie
94;94071;2022;0.0;1590573.8599999999;27104.68;601262.65;102340.06000000001;98378.27;0.0;11075.490000000002;0.0;4401302.55;0.0;760000.0;773830.35;0.0;171139.74;0.0;0.0;1386865.42;89733.94;6832037.56;813056.47;113415.55000000002;98378.27;1704970.09;1533830.35;1704970.0899999999;2554.0;2572.333333333333;Sucy-en-Brie
94;94071;2023;0.0;1853947.0999999999;17030.28;700005.03;117716.86;100985.63;0.0;9505.3;0.0;4464899.97;0.0;9150000.0;502207.95999999996;5760.0;144425.21000000002;0.0;3939.45;1646366.0;27397.7;7264090.17;928212.8200000001;127222.16;100985.63;9806332.620000001;9656147.41;9806332.620000001;2609.0;2605.333333333333;Sucy-en-Brie
94;94071;2024;0.0;1902797.05;26465.170000000002;679533.99;90239.17;96181.82;0.0;0.0;0.0;4722439.899999999;0.0;6800070.0;312368.81000000087;10560.0;314747.02;0.0;3504.12;1628906.0799999998;142373.0;7517657.1;865954.98;90239.17;96181.82;7441249.95;7115942.930000001;7441249.950000001;2598.0;2606.333333333333;Sucy-en-Brie
94;94071;2025;0.0;1920938.02;29848.879999999997;583089.1699999999;83659.93000000001;86382.81;0.0;1296.97;0.0;4871077.83;0.0;342000.0;286924.79999999993;20488.8;151587.42;0.0;0.0;1676495.88;541069.49;7576293.609999999;754428.8799999999;84956.90000000001;86382.81;801001.02;628924.7999999999;801001.0199999999;2623.0;2615.0;Sucy-en-Brie
94;94073;2021;0.0;0.0;0.0;0.0;0.0;0.0;0.0;0.0;0.0;0.0;0.0;0.0;447237.71;38975.86;68729.37999999999;0.0;0.0;2108146.0;56271.2;0.0;0.0;0.0;0.0;554942.95;447237.71;554942.95;3068.0;3082.0;Thiais
94;94073;2022;0.0;0.0;0.0;0.0;0.0;0.0;0.0;0.0;0.0;0.0;0.0;0.0;269265.98000000004;0.0;53343.46000000001;0.0;0.0;2196010.0;14067.8;0.0;0.0;0.0;0.0;322609.44000000006;269265.98000000004;322609.44;3110.0;3116.666666666666;Thiais
94;94073;2023;0.0;0.0;0.0;0.0;0.0;0.0;0.0;0.0;0.0;0.0;0.0;0.0;377852.49;0.0;103648.87;0.0;0.0;2452218.7800000003;0.0;0.0;0.0;0.0;0.0;481501.36;377852.49;481501.36;3130.0;3130.6666666666665;Thiais
94;94073;2024;35371.61;1598854.69;59532.08;634406.97;258792.92;0.0;0.0;28513.199999999997;305855.81;5441581.96;0.0;20616.68;548306.36;6120.0;81600.04;0.0;0.0;903837.2300000001;66014.71;8362909.24;1262940.51;287306.12;305855.81;656643.0800000001;568923.04;656643.08;3132.0;3142.6666666666665;Thiais
94;94073;2025;38020.57;1618293.72;22722.76;585621.34;301025.76;0.0;0.0;53072.54;320035.07999999996;5420158.47;0.0;32885.64;986658.34;51858.0;178604.68;0.0;250810.91;937299.9400000001;0.0;8358950.24;1297775.2899999998;354098.3;320035.07999999996;1500817.5699999998;1270354.89;1500817.57;3164.0;3162.333333333333;Thiais
94;94074;2021;0.0;1235916.25;29165.940000000002;413586.73;31918.44;10283.37;0.0;101254.25;0.0;3614481.04;0.0;0.0;1061946.77;87886.09;109244.83;0.0;37868.04;610580.45;0.0;5436606.02;557042.79;133172.69;10283.37;1296945.7300000002;1099814.81;1296945.73;2337.0;2314.6666666666665;Valenton
94;94074;2022;0.0;1422113.04;40535.33;354020.92;41263.36;8979.12;0.0;75696.55;0.0;3939080.81;0.0;0.0;627726.66;131702.03;50878.32;0.0;0.0;906513.0;0.0;5881689.13;479959.94999999995;116959.91;8979.12;810307.01;627726.66;810307.01;2270.0;2241.333333333333;Valenton
94;94074;2023;0.0;1602055.0899999999;43286.61;891627.4;36249.26;19799.67;0.0;55137.6;14939.52;4188479.3800000004;0.0;0.0;4571303.53;187798.32;71305.43;0.0;0.0;489747.74;0.0;6851574.529999999;1017753.4500000001;91386.86;34739.19;4830407.28;4571303.53;4830407.28;2184.0;2163.0;Valenton
94;94074;2024;0.0;1398794.19;20589.4;702840.93;26795.309999999998;7439.48;0.0;49160.21;0.0;4793282.43;0.0;0.0;1196308.6;87071.9;41263.28;0.0;0.0;642050.73;87931.2;6998901.949999999;786235.93;75955.51999999999;7439.48;1324643.78;1196308.6;1324643.78;2121.0;2114.6666666666665;Valenton
94;94074;2025;0.0;1502560.72;39250.58;448071.20999999996;33489.26;4383.76;0.0;86237.21;0.0;4725536.47;0.0;0.0;634920.1399999999;21159.29;29960.86;0.0;0.0;584785.89;346150.0;6839529.21;572181.44;119726.47;4383.76;686040.2899999999;634920.1399999999;686040.2899999999;2102.0;2069.6666666666665;Valenton
94;94075;2021;0.0;508518.56;11137.26;198710.6;24301.05;24391.22;9000.0;10262.83;0.0;2114663.33;0.0;0.0;166369.44;0.0;28954.22;0.0;0.0;774991.47;0.0;2900984.85;266665.7;34563.88;24391.22;195323.66;166369.44;195323.66;1393.0;1392.3333333333333;Villecresnes
94;94075;2022;0.0;513882.36;16021.89;233450.45;19656.26;24511.760000000002;11070.0;20173.6;0.0;2312378.04;0.0;0.0;1036555.8;55200.0;29803.53;0.0;0.0;836793.9800000001;0.0;3151144.36;308862.07;39829.86;24511.760000000002;1121559.33;1036555.8;1121559.33;1391.0;1388.3333333333333;Villecresnes
94;94075;2023;129113.07;674270.34;18894.67;385721.49;17501.09;28137.68;1260.0;19539.910000000003;0.0;2340671.32;0.0;0.0;4279662.22;0.0;26064.629999999997;0.0;21107.08;951632.6699999999;0.0;3615109.5699999994;581273.24;37041.0;28137.68;4326833.93;4300769.3;4326833.93;1383.0;1371.3333333333333;Villecresnes
94;94075;2024;0.0;637317.51;20435.989999999998;352725.7;18069.46;30768.91;14400.0;36371.520000000004;0.0;2379974.33;0.0;0.0;8589583.629999999;0.0;69689.98;0.0;44313.43;990727.5100000001;1198776.3599999999;3490063.42;452335.59;54440.98;30768.91;8703587.04;8633897.059999999;8703587.04;1348.0;1345.3333333333333;Villecresnes
94;94075;2025;4763.57;589413.41;17407.73;291444.7;17000.510000000002;31452.68;-1950.0;33693.99;0.0;2245314.84;0.0;0.0;3416649.15;0.0;28503.1;0.0;474.0;930080.21;1383932.6;3228541.4299999997;376405.45;50694.5;31452.68;3445626.25;3417123.15;3445626.25;1340.0;1318.6666666666665;Villecresnes
94;94076;2021;0.0;4021859.13;4810.12;904189.73;-1000.16;0.0;0.0;99849.9;118667.23;5041068.54;0.0;0.0;507370.81;0.0;190749.76;0.0;94789.95;409915.64;414480.2;10189444.49;1121706.7;98849.73999999999;118667.23;792910.52;602160.76;792910.52;5543.0;5532.666666666666;Villejuif
94;94076;2022;0.0;3742200.64;4737.33;906523.67;0.0;0.0;0.0;127502.4;373492.0;5531321.37;0.0;0.0;1053780.72;0.0;199585.16999999998;0.0;11658.24;334305.06000000006;0.0;10685777.41;1407518.07;127502.4;373492.0;1265024.13;1065438.96;1265024.13;5512.0;5488.666666666666;Villejuif
94;94076;2023;0.0;4210129.5;1997.86;410472.31;0.0;0.0;0.0;96822.43;158983.76;7078667.08;0.0;0.0;1080289.55;0.0;352276.17;0.0;7613.76;347300.12;17785.55;11957072.94;666278.5;96822.43;158983.76;1440179.48;1087903.31;1440179.48;5442.0;5377.666666666666;Villejuif
94;94076;2024;0.0;4740934.29;1678.63;0.6;0.0;0.0;0.0;45159.14;205700.44;11305654.74;0.0;0.0;1445289.3800000001;0.0;249645.1;0.0;3887.5;348492.46;0.0;16299127.84;250860.18000000002;45159.14;205700.44;1698821.9800000002;1449176.8800000001;1698821.98;5249.0;5201.333333333333;Villejuif
94;94076;2025;0.0;3894774.7;822.0;0.0;0.0;0.0;0.0;27630.97;174059.21;11511715.35;0.0;0.0;871509.06;60971.88;228255.46000000002;0.0;523425.42;349720.65;0.0;15609002.23;201690.18;27630.97;174059.21;1684161.82;1394934.48;1684161.8199999998;5106.0;5081.666666666666;Villejuif
94;94077;2021;0.0;939075.41;7382.67;381062.73;23292.68;53929.44;0.0;10563.64;0.0;2940384.75;0.0;0.0;624507.08;0.0;64978.65;0.0;0.0;785426.1900000001;367852.53;4355691.32;468848.49;33856.32;53929.44;689485.73;624507.08;689485.73;2360.0;2364.6666666666665;Villeneuve-le-Roi
94;94077;2022;0.0;1028324.22;6462.54;355693.48;31161.6;54595.64;0.0;6893.65;0.0;3140136.45;0.0;0.0;601094.75;3210.0;49396.229999999996;0.0;0.0;816265.2799999999;0.0;4623267.58;448344.37;38055.25;54595.64;653700.98;601094.75;653700.98;2374.0;2357.6666666666665;Villeneuve-le-Roi
94;94077;2023;0.0;1106490.97;22528.66;561027.75;10156.43;50625.34;0.0;7851.91;0.0;3217009.7;0.0;0.0;146020.57;14255.0;35264.020000000004;0.0;0.0;756669.5299999999;36379.2;4975690.76;629661.4299999999;18008.34;50625.34;195539.59000000003;146020.57;195539.59;2325.0;2324.333333333333;Villeneuve-le-Roi
94;94077;2024;0.0;1222459.97;19487.54;575695.58;25541.629999999997;47783.149999999994;0.0;16418.54;0.0;3286757.22;0.0;0.0;456127.68;0.0;38835.22;0.0;314753.76;916512.41;0.0;5194143.63;665438.8999999999;41960.17;47783.149999999994;809716.66;770881.44;809716.66;2323.0;2336.6666666666665;Villeneuve-le-Roi
94;94077;2025;0.0;1412128.16;20157.129999999997;483125.95;24929.850000000002;45290.91;0.0;10303.14;0.0;3293762.84;0.0;0.0;182357.65;0.0;34070.729999999996;0.0;648325.13;891124.46;0.0;5289697.9799999995;563649.85;35232.990000000005;45290.91;864753.51;830682.78;864753.51;2364.0;2354.0;Villeneuve-le-Roi
94;94078;2021;0.0;1998952.53;19832.76;0.0;22421.54;41079.95;0.0;0.0;24406.68;8102796.68;0.0;0.0;126794.92;59431.96;242435.13;0.0;0.0;1212242.08;99657.56;10209490.14;87908.17;22421.54;65486.63;428662.01;126794.92;428662.01;4607.0;4601.333333333333;Villeneuve-Saint-Georges
94;94078;2022;0.0;2136879.4;43765.14;0.0;66980.51;26312.57;0.0;0.0;24405.6;8359257.71;0.0;0.0;181230.52;65535.6;31061.21;0.0;0.0;663893.64;104440.02;10657600.93;117698.68;66980.51;50718.17;277827.33;181230.52;277827.33;4590.0;4553.0;Villeneuve-Saint-Georges
94;94078;2023;0.0;2407722.7;26921.510000000002;1387053.98;39251.15;36008.22;0.0;21106.39;19376.12;8488630.299999999;0.0;0.0;129749.26999999999;41192.4;180567.4;0.0;0.0;428644.46;109671.06;12426070.37;1502795.8599999999;60357.54;55384.34;351509.06999999995;129749.26999999999;351509.07;4479.0;4447.666666666666;Villeneuve-Saint-Georges
94;94078;2024;0.0;2629505.0700000003;42359.03999999999;1266436.48;50770.04;41973.73;0.0;18333.17;5544.0;8648593.66;0.0;0.0;153793.54;119461.05;193849.16999999998;0.0;0.0;97171.44;-151453.39;12703515.190000001;1383057.42;69103.20999999999;47517.73;467103.76;153793.54;467103.76;4385.0;4325.666666666666;Villeneuve-Saint-Georges
94;94078;2025;0.0;2642522.97;62325.68;1090082.64;56856.38;42852.25;0.0;35867.979999999996;3825.8;8254149.66;0.0;0.0;654465.17;19078.8;304260.04;0.0;32485.92;310684.58999999997;34875.0;12188483.36;1229485.0499999998;92724.35999999999;46678.05;1010289.93;686951.0900000001;1010289.9299999999;4207.0;4185.0;Villeneuve-Saint-Georges
94;94079;2021;0.0;1243127.76;16542.02;405307.81;17560.2;17735.41;0.0;10469.82;455021.64;4809334.37;0.0;72024.63;1121023.04;2039.04;92097.54000000001;0.0;0.0;1379258.8599999999;162900.0;6975099.03;906094.88;28030.02;472757.05;1287184.25;1193047.67;1287184.25;3221.0;3235.9999999999995;Villiers-sur-Marne
94;94079;2022;0.0;1757154.22;26658.75;480082.58;56382.22;20134.19;0.0;29853.86;447742.41000000003;4847439.26;0.0;0.0;3236785.9000000004;2039.04;142844.11;0.0;3048.94;1944510.78;73704.70999999999;7665447.49;1034195.26;86236.08;467876.60000000003;3384717.99;3239834.8400000003;3374442.44;3266.0;3306.333333333333;Villiers-sur-Marne
94;94079;2023;0.0;1971164.13;20196.84;819563.5700000001;50206.41;28154.61;0.0;21201.23;489088.70999999996;5154251.71;0.0;0.0;893949.6399999999;840.0;188431.2;0.0;0.0;1852875.1099999999;406212.74;8553827.21;1408214.53;71407.64;517243.31999999995;1083220.8399999999;893949.6399999999;1083220.8399999999;3387.0;3418.0;Villiers-sur-Marne
94;94079;2024;0.0;2394842.7;22213.87;678368.97;129431.03;27267.02;0.0;19273.87;497229.17;5434919.850000001;0.0;0.0;1178262.49;38829.6;104769.5;0.0;0.0;2032665.89;81887.1;9203546.48;1351570.06;148704.9;524496.19;1321861.59;1178262.49;1321861.5899999999;3480.0;3458.0;Villiers-sur-Marne
94;94079;2025;0.0;2811854.34;37852.16;785333.39;117003.82;29335.02;0.0;1011.18;296073.74;5560162.61;0.0;0.0;3398812.5800000005;20413.68;295448.01;0.0;42032.73;1964523.17;0.0;9638626.26;1228757.15;118015.0;325408.76;3756707.0000000005;3440845.3100000005;3756707.0000000005;3414.0;3422.0;Villiers-sur-Marne
94;94080;2021;10116.63;5320927.600000001;18837.77;660954.68;362033.84;50634.130000000005;15964.65;66595.28;857218.95;3963228.22;0.0;0.0;1044627.45;152379.15999999997;155999.72;0.0;0.0;984671.28;190411.6;11326511.750000002;2023518.1599999997;428629.12;907853.08;1353006.3299999998;1044627.45;1353006.33;3821.0;3741.666666666666;Vincennes
94;94080;2022;10526.67;6007795.04;6608.01;597793.82;314696.20999999996;82542.79000000001;11881.74;20580.38;503257.0;4214337.93;0.0;0.0;2165218.67;149599.49;119900.91;0.0;0.0;830427.47;8442.5;11770019.59;1541278.6099999999;335276.58999999997;585799.79;2434719.0700000003;2165218.67;2434719.0700000003;3583.0;3552.0;Vincennes
94;94080;2023;11642.5;5327191.61;10094.01;904059.35;288688.5;74811.39;15384.71;35088.75;397329.44;2892690.4699999997;16248.0;177782.38;1356339.43;37642.11;239268.15;0.0;0.0;919851.27;961368.3;9956980.73;1727004.64;323777.25;472140.83;1827280.07;1534121.81;1827280.0699999998;3490.0;3470.6666666666665;Vincennes
94;94080;2024;14545.87;5376223.27;2102.69;853450.81;139848.68;67545.62;18935.93;238007.68;526443.1799999999;3105708.48;0.0;0.0;1872093.8699999999;19140.92;172375.79;0.0;644.86;895677.86;332387.0;10342812.209999999;1858777.77;377856.36;593988.7999999999;2064255.44;1872738.73;2064255.44;3432.0;3418.0;Vincennes
94;94080;2025;0.0;5304375.38;19060.489999999998;874869.71;145167.78;57270.39;33881.96;237295.76;520071.35;3246805.47;0.0;0.0;1231602.37;73332.98999999999;164994.32;0.0;0.0;913792.26;236038.76;10438798.29;1868556.95;382463.54000000004;577341.74;1469929.6800000002;1231602.37;1469929.68;3390.0;3350.6666666666665;Vincennes
94;94081;2021;66518.58;5338905.17;64735.91;2203084.7;115803.12;0.0;0.0;250843.71;508043.16;20265685.31;0.0;0.0;1945112.5;290899.33;302285.77;0.0;89323.56;5802306.21;362294.37;28813619.659999996;3144293.2700000005;366646.82999999996;508043.16;2627621.16;2034436.06;2627621.16;9995.0;9854.0;Vitry-sur-Seine
94;94081;2022;0.0;6919757.96;5676.03;1727943.8;130621.73000000001;0.0;0.0;267591.92;408578.55;19955462.36;0.0;0.0;2452281.83;387367.76;589752.32;20274.0;51492.46000000001;5623555.15;331144.36;29415632.35;2534736.0;398213.65;408578.55;3501168.3699999996;2503774.29;3480894.37;9572.0;9523.0;Vitry-sur-Seine
94;94081;2023;52333.81;6824633.03;71467.21;2180432.0;94981.3;0.0;0.0;271961.4;361350.81;20947540.25;0.0;253818.09;1712019.1199999999;67791.34;441125.6;38000.0;36852.479999999996;6011320.89;3048162.07;30804699.810000002;2961059.32;366942.7;361350.81;2549606.63;2002689.69;2511606.63;9425.0;9377.666666666666;Vitry-sur-Seine
94;94081;2024;63573.61;7472472.03;18311.84;2586143.2;88655.21;0.0;0.0;298165.47000000003;449237.67000000004;21883944.6;0.0;606791.1;11424446.77;116098.12;347957.24;15500.0;137825.78;6374667.99;719104.99;32860503.630000003;3485775.16;386820.68000000005;449237.67000000004;12648619.009999998;12169063.649999999;12633119.01;9283.0;9241.333333333332;Vitry-sur-Seine
94;94081;2025;68785.07;8875272.809999999;36833.56;2391090.27;56675.479999999996;0.0;0.0;324642.45999999996;477480.39;21470341.3;0.0;0.0;11706370.38;11888.43;537973.9400000001;0.0;75347.88;6992016.1899999995;3476286.02;33701121.34;3318673.67;381317.93999999994;477480.39;12331580.63;11781718.260000002;12331580.629999999;9158.0;9108.666666666666;Vitry-sur-Seine
94;94991;2021;1435.57;5234530.959999999;13878.09;84474.05;4582.34;0.0;0.0;14538.42;0.0;2352446.0;0.0;0.0;13666.78;0.0;6095.469999999999;0.0;0.0;7375013.96;0.0;7705885.429999999;105030.38;19120.760000000002;0.0;19762.25;13666.78;19762.25;;;
94;94991;2022;0.0;5230546.659999999;7479.0;110774.94;0.0;0.0;0.0;17829.02;1186.91;2363065.0;0.0;0.0;0.0;0.0;15475.34;0.0;0.0;8006582.34;20274.0;7730881.529999999;129790.87;17829.02;1186.91;15475.34;0.0;15475.34;;;
94;94991;2023;1502.81;5219330.77;17726.12;118859.14;561.51;0.0;0.0;21207.22;1051.44;2431212.9;0.0;0.0;0.0;0.0;48832.1;0.0;0.0;7864970.26;38000.0;7811451.91;143182.12;21768.73;1051.44;48832.1;0.0;48832.1;;;
