code;personnel_total;personnel_ecoles;energie_total;energie_ecoles;entretien_total;entretien_ecoles;equipement_total;equipement_ecoles;annee;part_personnel_ecoles;part_energie_ecoles;part_entretien_ecoles;part_equipement_ecoles;libelle
75056;2313361322.62;373891953.82;112089025.45;15227623.22;63306875.629999995;3399560.24;1294022503.94;65004867.879999995;2021;0.16162280840614568;0.13585293617163838;0.05369970016951855;0.050234727512137665;Paris
92002;46153761.940000005;7668555.25;2724615.0100000002;870488.6300000001;1952223.77;133115.78999999998;34153304.21;4432623.630000001;2021;0.16615233358375292;0.3194905066606089;0.068186747874707;0.1297860846126314;Antony
92004;57479428.18;8201522.25;4409985.0;1339413.03;3682668.24;446312.36000000004;38704439.03;8486005.33;2021;0.14268621852528665;0.30372280858098155;0.12119266002630745;0.21925147457692012;Asnières-sur-Seine
92007;38839094.37;2550187.79;1824954.91;0.0;1780142.07;324073.28;16608375.8;7089249.28;2021;0.06566033094658896;0.0;0.18204911027129425;0.42684783661988185;Bagneux
92009;27693789.1;4520863.63;1310962.73;376286.67000000004;1009096.6699999999;152960.66999999998;8742621.69;666893.13;2021;0.1632446760418205;0.2870307914855825;0.1515817805641951;0.07628068028641875;Bois-Colombes
92012;86210567.01;17079423.55;4558079.83;1586535.17;2676718.77;653937.4199999999;29068079.759999998;5878958.29;2021;0.19811287806538694;0.3480709485511578;0.24430561302486026;0.20224790693226033;Boulogne-Billancourt
92014;15757404.57;2280311.35;864612.1799999999;234642.4;563879.36;99102.47;8105783.32;204843.57;2021;0.1447136385862307;0.27138456458015664;0.17575119259552258;0.025271286180889425;Bourg-la-Reine
92019;23778453.74;3455147.57;1525217.77;913247.43;1045552.4600000001;163232.58000000002;18173935.09;15027996.739999998;2021;0.14530581373286555;0.598765270089923;0.15612088942911578;0.8268983390542086;Châtenay-Malabry
92020;35130261.21;6627706.25;1619818.42;644079.19;1877926.6099999999;138653.88;4726876.05;769107.6100000001;2021;0.188660887272691;0.3976243151994777;0.07383349235356967;0.1627094939373331;Châtillon
92022;13715454.450000001;1712928.58;832846.22;307503.08999999997;703211.8300000001;152753.9;7281486.920000001;4771063.37;2021;0.12489039909282772;0.3692195301072507;0.2172231658844533;0.6552320181878456;Chaville
92023;40682427.73;3418540.75;1909225.41;998706.01;1533403.21;335688.49;25238426.35;6056515.69;2021;0.08402991022777884;0.5230948659959433;0.21891729964488596;0.23997200166166463;Clamart
92024;60122040.87;10909316.19;3487174.02;931856.01;2935472.8000000003;621696.2999999999;15964241.969999999;1732688.63;2021;0.18145285875422745;0.26722383358430735;0.21178745038959307;0.10853560308444761;Clichy
92025;67502289.66;15822055.62;3181364.4400000004;1294414.37;2003204.9100000001;287421.2;40857964.64;3834386.33;2021;0.23439287318539234;0.40687396694482447;0.14348067866906336;0.09384672887611564;Colombes
92026;71298952.49;14686976.05;4434539.95;1101409.25;3460893.98;644513.68;33504375.63;3054389.45;2021;0.20599147024018225;0.2483705778769678;0.18622751338947402;0.09116389703036529;Courbevoie
92032;19720124.62;4639458.53;828446.28;0.0;893646.4199999999;104262.13;8284531.2;684281.69;2021;0.23526517298448998;0.0;0.11667045004219903;0.08259751499276144;Fontenay-aux-Roses
92033;16851761.080000002;2601934.16;1044404.1799999999;240274.18000000002;429025.86;35752.65;5417125.4399999995;811287.84;2021;0.15440132029215783;0.23005861581289347;0.08333448710993785;0.14976353215110338;Garches
92035;23635897.93;2910107.33;1394396.1199999999;315032.27999999997;1371107.6;102069.36;8500685.96;317123.26;2021;0.12312235137495367;0.22592739285591243;0.07444299776326817;0.03730560821705734;La Garenne-Colombes
92036;77885592.52999999;0.0;3531649.4099999997;2712224.5300000003;6329017.04;3745849.21;43282790.02;305368.99;2021;0.0;0.7679767199768565;0.5918532350799296;0.007055205772522886;Gennevilliers
92040;42392626.73;12715235.39;2452729.1399999997;118673.89;3490463.52;470163.71;66171033.0;4840522.95;2021;0.2999397860147649;0.04838442535892896;0.13469950546854592;0.07315169086146804;Issy-les-Moulineaux
92044;71413228.71000001;5929021.26;4418374.61;673984.87;4592516.9;580048.0;48720717.370000005;1069928.66;2021;0.08302413106228536;0.15254135954760067;0.12630285584795561;0.021960445530278937;Levallois-Perret
92046;29082406.0;3183072.08;1631783.6300000001;0.0;1199465.99;28534.58;12107213.73;2105690.94;2021;0.10945009432850913;0.0;0.02378940314931314;0.17392035747930915;Malakoff
92048;28751783.62;3700032.68;1463227.13;459021.29000000004;1859621.93;420803.86;39006876.85;5163046.24;2021;0.12868880515037767;0.3137047424756265;0.2262846298010693;0.13236246162066165;Meudon
92049;43219363.74;10686406.02;2310262.94;455933.18;1277461.73;134008.7;13699299.73;1432752.4000000001;2021;0.24725967934853266;0.1973512071314272;0.10490232063546828;0.10458581301512994;Montrouge
92050;117612469.78;5211452.03;5464740.609999999;1423665.1099999999;5662812.1899999995;895672.38;45903987.95;6798736.54;2021;0.04431036980813583;0.2605183322690224;0.1581674175212228;0.14810775367502682;Nanterre
92051;52134730.86;6170000.01;2608954.43;561730.01;2566606.74;257568.99000000002;33252078.71;3987635.85;2021;0.11834721131616867;0.21530847896028601;0.10035389761346922;0.1199214005469314;Neuilly-sur-Seine
92060;25972264.42;1135122.84;1860818.42;488960.15;2120745.55;211429.35;48072017.25;6276173.970000001;2021;0.04370519341878778;0.2627661811301288;0.09969576501056433;0.13055774084454508;Le Plessis-Robinson
92062;66952797.08;4620635.05;6024626.03;1377278.68;7658571.22;561339.32;55366845.45;13408764.440000001;2021;0.06901332358794411;0.22860816142641138;0.07329556700263995;0.2421803938985294;Puteaux
92063;80607430.14;9263924.67;4592289.47;1043883.6199999999;7530636.43;927512.65;28109444.23;2532531.06;2021;0.11492643611029776;0.22731224301502925;0.12316524089584817;0.09009538001811998;Rueil-Malmaison
92064;20707089.86;2867909.27;1487191.52;375733.5;726551.24;131897.94;8415284.8;959080.66;2021;0.13849890493496897;0.2526463437607552;0.18153976311429873;0.1139688890862018;Saint-Cloud
92071;19268856.8;3266292.51;843717.34;212182.12;1353998.21;166145.56;8465029.83;427161.80000000005;2021;0.1695114839402408;0.2514848396976172;0.1227073704920186;0.05046193676555538;Sceaux
92072;15232836.0;2442783.92;984868.21;280841.6;506841.3;68966.25;12090934.38;2740042.26;2021;0.16036304204942534;0.28515652870956204;0.13607069905313557;0.22661956254864726;Sèvres
92073;42621988.39;8602839.67;3007761.7399999998;1312673.66;1858721.35;243616.25;27582537.69;5348596.12;2021;0.20184041136894504;0.4364287378693766;0.13106657972159194;0.19391240139369495;Suresnes
92075;22823680.97;5126280.0;943482.7100000001;350047.24;1298074.16;278481.64;10097976.09;1997818.6600000001;2021;0.22460356008034404;0.3710160623929186;0.2145344608046123;0.197843473008263;Vanves
92076;5130024.47;1405026.05;245567.39;74454.37;163310.21;29510.989999999998;5154258.2;71594.24;2021;0.27388291385674424;0.3031932293616021;0.18070511329328398;0.013890309181639368;Vaucresson
92077;5355664.07;1205570.13;623688.39;174127.68;455041.85;67419.53;5563912.29;3070759.18;2021;0.22510189478706416;0.2791901898318165;0.14816116363802584;0.5519064679576392;Ville-d'Avray
92078;25396207.45;3317160.4;1522821.86;417346.19;893706.0599999999;186570.48;13164993.01;3077300.05;2021;0.1306163688625878;0.274061071069731;0.20876045083547942;0.23374870367667594;Villeneuve-la-Garenne
92982;0.0;0.0;0.0;0.0;0.0;0.0;311003.53;0.0;2021;;;;0.0;
92984;0.0;0.0;0.0;0.0;0.0;0.0;23444.56;0.0;2021;;;;0.0;
92986;0.0;0.0;18557.68;0.0;2335.77;0.0;0.0;0.0;2021;;0.0;0.0;;
92987;130693.37;0.0;0.0;0.0;5179.52;0.0;0.0;0.0;2021;0.0;;0.0;;
92992;453420.83;0.0;0.0;0.0;17316.36;0.0;295.8;0.0;2021;0.0;;0.0;0.0;
92994;213157.82;0.0;0.0;0.0;1680.0;0.0;11149.0;0.0;2021;0.0;;0.0;0.0;
93001;69731784.50999999;9629998.379999999;2998155.65;1259988.15;1609467.61;205877.88;24357580.3;13026055.26;2021;0.1381005584134878;0.420254415410354;0.12791675875974912;0.5347844531174551;Aubervilliers
93005;91010258.78999999;12126027.92;5078228.69;552414.59;1838823.12;369274.63;19412470.810000002;6675267.22;2021;0.13323803361530911;0.10878095960660644;0.20082118066907925;0.3438648941360597;Aulnay-sous-Bois
93006;42346308.96;7809911.4;1871053.57;510619.56999999995;1116141.78;56465.67;12808215.780000001;1535012.76;2021;0.18442956639685368;0.2729048372463221;0.05059005138218193;0.11984594781709712;Bagnolet
93007;48160309.53;8389410.75;3307579.9299999997;577705.9099999999;1405306.5;162211.41;44503002.89;25684311.41;2021;0.17419760860909897;0.17466120916993227;0.11542778034542643;0.5771365917370795;Le Blanc-Mesnil
93008;60466229.99;12852497.38;3235964.38;655006.0800000001;1009739.62;197289.3;33659326.67;12373035.120000001;2021;0.21255661849805366;0.20241449011252716;0.19538631157208627;0.36759603783244665;Bobigny
93010;50352723.68;14438670.42;2320840.6999999997;110613.52;1911698.96;345549.52;12421275.17;867076.8299999998;2021;0.28675053432581266;0.047660970440582165;0.1807551958913029;0.06980578226736119;Bondy
93013;13091829.290000001;2880216.66;898533.15;313491.54000000004;430429.56;0.0;11891141.58;8565281.14;2021;0.22000108588339223;0.348892570073792;0.0;0.7203077250720953;Le Bourget
93014;26269931.06;4750702.22;1534094.74;489159.26;595707.7;78515.34;16325725.059999999;2135570.4;2021;0.18084182288676323;0.31885857323257627;0.13180178802456305;0.13081014118217668;Clichy-sous-Bois
93015;3259844.3200000003;794150.6699999999;405454.06;212514.77;104140.05;23689.690000000002;761375.91;254912.02999999997;2021;0.24361613379132163;0.5241401948225651;0.22747914947227318;0.3348044332004147;Coubron
93027;42068466.21;8911838.45;2400612.03;1050514.8199999998;773066.22;172639.34999999998;10600478.58;3383567.0100000002;2021;0.2118412971253415;0.43760291412019625;0.22331767387275048;0.3191900237772095;La Courneuve
93029;57000508.84;12224598.49;3068025.59;1106441.56;1520848.8599999999;208969.78;28402855.439999998;2933260.74;2021;0.21446472564507021;0.360636353101605;0.1374033840548758;0.10327344538285621;Drancy
93030;12768619.790000001;2349096.2100000004;593477.86;222681.11;682076.1;35818.28;4716081.08;1347947.4;2021;0.183974168597278;0.37521384538253877;0.05251361248400289;0.28581938629435094;Dugny
93031;36224627.14;775310.3;1649840.3800000001;808897.8500000001;1596801.11;360642.06;12611550.36;4048886.3699999996;2021;0.021402851077075298;0.49028855142944194;0.22585283648756982;0.3210458868595439;Épinay-sur-Seine
93032;23537052.68;5199071.21;1957375.83;613785.3;627574.95;67380.42000000001;11171762.67;873724.2999999999;2021;0.22088879524061125;0.31357559983766636;0.10736633130433268;0.07820827615200314;Gagny
93033;5977541.66;1034265.29;453578.39;145920.12;249611.77000000002;67068.74;2188733.5;186483.13000000006;2021;0.17302519142961523;0.3217087127982442;0.2686922175184287;0.0852013870121694;Gournay-sur-Marne
93039;6137148.17;2213121.94;286224.23;0.0;356907.82999999996;8068.79;1506050.29;167932.37;2021;0.3606108046760748;0.0;0.022607489446224815;0.11150515431991317;L'Île-Saint-Denis
93045;20832937.98;499746.05;861391.36;226607.02000000002;928079.59;74109.88;3813461.48;719431.2200000001;2021;0.02398826562435722;0.2630709228381395;0.07985293588882825;0.1886556934619935;Les Lilas
93046;36898157.14;6211900.69;2114077.0100000002;720402.96;1116227.35;152250.16;13428378.66;5159276.26;2021;0.16835260000738347;0.34076476712643494;0.13639708792299346;0.38420693894850294;Livry-Gargan
93047;19226694.32;1674191.36;1054846.41;389595.95999999996;675945.52;136717.87;9994999.350000001;1860250.02;2021;0.08707640180550809;0.3693390396048274;0.202261670437582;0.18611807313424186;Montfermeil
93048;106363136.49;19517947.48;2701321.9699999997;0.0;3289220.22;778.0;31904349.46;6069481.73;2021;0.1835029327274025;0.0;0.00023653022539184073;0.19023994636247318;Montreuil
93049;16263270.52;2734921.48;863100.88;227872.69;623957.32;113576.33;5708536.33;529570.39;2021;0.1681655283687675;0.26401628741242855;0.1820257994569244;0.09276815621141891;Neuilly-Plaisance
93050;30842781.99;7610093.449999999;2714868.91;863745.37;1108538.6199999999;203248.94999999998;20018806.13;1103328.96;2021;0.24673823043807727;0.31815361943203363;0.18334855126653143;0.05511462336140822;Neuilly-sur-Marne
93051;62101662.57;14707547.740000002;3350530.41;1347252.3;3065865.28;480572.92;41788330.699999996;13849568.82;2021;0.23683017702500136;0.40210120044843883;0.1567495229275045;0.33142192061766185;Noisy-le-Grand
93053;34259542.4;8344210.890000001;1659933.27;618020.33;1679841.82;279517.74;13229470.33;1413872.79;2021;0.24355873737531303;0.3723163702839693;0.1663952740502674;0.10687297032548695;Noisy-le-Sec
93055;61509195.5;3460232.7699999996;2633712.5100000002;447095.85;3094203.97;99815.77;55761233.05;7556907.240000001;2021;0.056255536133617605;0.16975879041558714;0.032258949625741704;0.13552259924424326;Pantin
93057;18065404.43;3646118.59;1260693.25;496873.83999999997;659880.79;230642.7;6791451.92;2284608.4800000004;2021;0.20182878297178536;0.39412746915238894;0.3495217674089285;0.33639470718655995;Les Pavillons-sous-Bois
93061;11895444.16;2923247.89;577765.95;235916.78999999998;651568.1799999999;304845.39999999997;5830816.12;1265155.78;2021;0.24574516518095277;0.40832588005575615;0.4678641611995233;0.21697747861752156;Le Pré-Saint-Gervais
93062;7249641.46;0.0;615467.79;151226.27000000002;252688.72;82765.48;6491877.290000001;270172.94;2021;0.0;0.2457094789639601;0.32753927440845004;0.041617074373258824;Le Raincy
93063;21724439.33;3666337.4699999997;1785595.18;566624.98;764395.1;1368.0;12857607.24;1012395.6699999999;2021;0.16876557384553684;0.3173311545341425;0.0017896504046140537;0.07873904149525102;Romainville
93064;40405045.9;4429392.47;2253687.07;778974.86;1176793.24;72065.63;27571377.1;14829651.88;2021;0.10962473550859152;0.34564464178249915;0.061238990461909865;0.5378640256601473;Rosny-sous-Bois
93066;139422522.7;30307400.36;5869457.96;644909.46;3974065.01;1522022.34;34710605.17;12582034.059999999;2021;0.21737808047852802;0.10987547136294677;0.3829887875940913;0.3624838575524034;Saint-Denis
93070;58015302.78;9783408.29;3294363.1999999997;1178173.74;2125314.83;552971.83;18883471.6;11353477.78;2021;0.16863496045344606;0.3576332263546412;0.26018349008556063;0.6012389046090444;Saint-Ouen-sur-Seine
93071;44920796.85;4288548.63;2088470.65;680684.08;1932754.58;277550.37;13260865.53;2327682.64;2021;0.0954691129883641;0.3259246568775099;0.1436035246647818;0.17553021970806457;Sevran
93072;33638791.28;0.0;2492505.12;1123092.23;1147617.23;208028.75;6634577.43;1338957.49;2021;0.0;0.4505877323935045;0.1812701522440544;0.20181503707312978;Stains
93073;56202344.32;1283496.92;2995715.25;739837.2899999999;1178040.95;140743.46000000002;23623248.59;3915203.39;2021;0.022837070864733636;0.24696515798689475;0.11947246825333196;0.16573518138641405;Tremblay-en-France
93074;7083297.07;218838.14;438057.47;0.0;218482.48;13779.400000000001;3447266.96;453697.49;2021;0.030894954402921858;0.0;0.06306867260020117;0.1316107789922948;Vaujours
93077;21821241.25;4204968.53;1184442.6300000001;364918.84;651802.0800000001;81674.89;6371134.430000001;1005949.5100000002;2021;0.19270070303631331;0.3080933012348601;0.1253062739535903;0.15789174142414072;Villemomble
93078;36417458.32;6360168.73;1798149.01;434642.13;3002610.11;459193.16000000003;11899864.63;1657818.95;2021;0.17464614565116637;0.24171641370255517;0.15293133080138735;0.1393141015924313;Villepinte
93079;11399026.09;4985113.18;571194.92;269431.83;425324.75;125988.99;1722033.37;163754.92;2021;0.43732799106173464;0.4716985753304669;0.2962183366944905;0.09509392956769473;Villetaneuse
93939;350000.12;0.0;65116.479999999996;0.0;5314.5;0.0;12782.32;0.0;2021;0.0;0.0;0.0;0.0;
93940;0.0;0.0;0.0;0.0;0.0;0.0;1417571.38;0.0;2021;;;;0.0;
93977;0.0;0.0;0.0;0.0;0.0;0.0;0.0;0.0;2021;;;;;
94001;3574936.98;775536.67;225574.72;79148.41;176238.92;15540.1;3336131.65;928479.89;2021;0.21693715842789488;0.35087446855746957;0.08817632336830025;0.27831032687214247;Ablon-sur-Seine
94002;27041358.11;5996849.62;1389327.09;561527.89;2007968.7000000002;305023.32;9403384.030000001;1808733.7200000002;2021;0.221765844585385;0.40417256241652927;0.15190641168858857;0.1923492345127587;Alfortville
94003;23385602.65;4287001.149999999;1063221.61;1196.9;714557.38;0.0;4589886.1;1487784.32;2021;0.18331796764707278;0.0011257295645072526;0.0;0.3241440610040411;Arcueil
94004;12654709.01;1245751.78;775973.21;180270.76;109557.78;0.0;6194489.5;588876.34;2021;0.09844175626761409;0.23231570069281132;0.0;0.09506454728836007;Boissy-Saint-Léger
94007;332514.41000000003;0.0;0.0;0.0;1111.13;0.0;0.0;0.0;2021;0.0;;0.0;;
94011;23226820.04;3885906.9;1174007.88;422399.64;701067.41;3500.0;6355896.000000001;445317.5;2021;0.1673025792298686;0.35979284909058706;0.004992387251320098;0.07006368574942068;Bonneuil-sur-Marne
94015;16485484.16;2237424.75;797331.87;296710.2;920239.13;122313.76000000001;6610819.43;354555.27;2021;0.1357209001740353;0.37212886021977276;0.13291519129381077;0.05363257516776555;Bry-sur-Marne
94016;25066487.61;3799529.98;1451678.51;731066.85;467511.46;45549.450000000004;6846033.9;914708.8400000001;2021;0.15157807663823708;0.5036010693579807;0.09742959028212914;0.13361149730795227;Cachan
94017;69453998.39;11195274.08;2092488.0499999998;0.0;2294802.38;499545.95999999996;19611160.76;2152872.44;2021;0.1611897707765648;0.0;0.2176858296617245;0.10977792015203489;Champigny-sur-Marne
94018;26592647.05;2125302.64;1634956.47;586808.81;1339391.83;406665.76;13198485.290000001;457612.88999999996;2021;0.07992068770002346;0.35891402662237243;0.30361971074588384;0.03467162177668343;Charenton-le-Pont
94019;11248241.08;1706365.2399999998;655414.26;282568.83999999997;484312.3;97755.06;17282820.46;10058821.37;2021;0.15170062837949058;0.43113013744925227;0.20184302566752899;0.5820127214351678;Chennevières-sur-Marne
94021;22761363.74;5357969.18;1195193.78;0.0;587345.45;0.0;6056850.61;2881792.8;2021;0.235397546526797;0.0;0.0;0.4757906353579356;Chevilly-Larue
94022;36213291.449999996;8241197.869999999;2124165.18;632826.0599999999;671333.33;76647.82;9724880.02;1245836.82;2021;0.22757384208996004;0.2979175376558992;0.11417252291048921;0.12810819438778023;Choisy-le-Roi
94028;80606767.53;22030140.95;4155318.49;1615540.5999999999;1471575.09;102407.26;13806432.43;2600374.04;2021;0.27330386300134024;0.38878863410539677;0.06959023749172051;0.18834511038127755;Créteil
94033;56601346.93;1358820.88;3034692.2600000002;1053971.63;2353645.78;307913.39;24688649.880000003;2942641.3000000003;2021;0.024006864742644383;0.34730758169199;0.13082401464845744;0.11919004539749259;Fontenay-sous-Bois
94034;24630234.32;6024135.68;1039789.49;411805.31999999995;546046.42;78390.67;2632948.29;419157.91000000003;2021;0.24458296261957768;0.39604681905372974;0.14356045041005852;0.1591971675220405;Fresnes
94037;20742109.37;1134163.8299999998;1337229.96;568808.3500000001;404968.67;41210.8;1370327.24;551829.8300000001;2021;0.054679290797703464;0.42536315145077974;0.101762933907949;0.40269930706478557;Gentilly
94038;18610362.080000002;4992334.75;1105842.71;265047.03;664159.28;141098.73;4689684.07;1180116.41;2021;0.268255648575753;0.2396787785488951;0.21244712563528437;0.2516409191717684;L'Haÿ-les-Roses
94041;80382409.49;12488602.36;3206296.91;995675.8899999999;1411982.59;256205.76;26622437.900000002;2768959.4800000004;2021;0.1553648670055561;0.31053764450030297;0.18145107582381734;0.1040084867659697;Ivry-sur-Seine
94042;16654219.76;1282160.4;925550.88;238611.65000000002;1030606.39;302360.88;9314400.379999999;1104633.71;2021;0.07698711908915029;0.2578050058144832;0.293381530459946;0.11859418372994614;Joinville-le-Pont
94043;22521108.54;3534344.33;889392.02;352962.32;1006048.17;159747.81;3309571.33;1141445.07;2021;0.15693474074433816;0.39685797945432433;0.15878743658964162;0.34489211930658104;Le Kremlin-Bicêtre
94044;17377893.22;3905335.54;1579783.72;627441.9299999999;443426.81;90252.55;7327748.180000001;512016.57999999996;2021;0.22473009187934234;0.39716951254567934;0.2035342653278001;0.06987365933199957;Limeil-Brévannes
94046;37379552.88;0.0;2483741.9899999998;0.0;1018783.28;0.0;10399921.43;3716713.84;2021;0.0;0.0;0.0;0.35737903069908095;Maisons-Alfort
94047;1893835.97;465149.60000000003;201005.68;56696.4;134772.63999999998;5168.04;454435.87;14454.439999999999;2021;0.24561240116270472;0.28206367103655977;0.03834635872681577;0.031807436327594474;Mandres-les-Roses
94048;3201930.11;734502.6;223347.88;82708.92;80133.29000000001;3061.79;1412335.51;151031.27000000002;2021;0.2293937015383512;0.37031432758618527;0.038208714505544444;0.10693724609388319;Marolles-en-Brie
94052;22146758.71;3263103.9699999997;1795896.48;390377.07;332940.44;99742.19;8609097.53;736749.7200000001;2021;0.14734002445814337;0.2173716995090942;0.2995796785755434;0.08557804316104665;Nogent-sur-Marne
94053;2470494.53;168561.09;214161.47;37622.55;175667.09;16895.489999999998;817981.9400000001;323547.43000000005;2021;0.06822969569578444;0.17567375681535993;0.09617902818336661;0.39554348840513526;Noiseau
94054;30532818.509999998;2454314.3899999997;2075866.26;275853.41000000003;495654.0;13604.2;15644220.040000001;6272487.300000001;2021;0.08038283099204128;0.13288592589775028;0.02744696905502629;0.4009459905295477;Orly
94055;5505587.29;1470419.83;511177.26;190669.44;269784.95;75294.31;2986203.21;1088329.5;2021;0.26707774348992297;0.37300062995760025;0.2790901049150443;0.3644525919587368;Ormesson-sur-Marne
94058;19918483.3;7281575.250000001;1408040.73;383915.58;2071028.66;579534.46;16928736.48;8910031.96;2021;0.36556876044874365;0.2726594279698145;0.2798292805856197;0.5263258702459288;Le Perreux-sur-Marne
94059;9026860.02;135403.87;820661.73;168294.13999999998;568693.24;82350.42;3944534.35;347131.43;2021;0.015000107423843712;0.2050712660866981;0.144806398613073;0.08800314541563062;Le Plessis-Trévise
94060;8485234.72;1645114.89;543958.39;164883.13999999998;577040.35;84316.51000000001;2813901.79;426168.13;2021;0.19387971509172344;0.30311719247496116;0.14611891525436654;0.1514509609093358;La Queue-en-Brie
94065;12460233.99;1948851.11;513198.31;128103.38;935943.1200000001;18570.93;11369448.219999999;277232.38999999996;2021;0.156405659120371;0.24961769651969432;0.019841942959097768;0.024383979295698837;Rungis
94067;17177609.58;1594656.9000000001;1217379.6099999999;271150.18;831926.01;28636.08;6683222.79;331220.93;2021;0.09283345814639248;0.2227326445856934;0.034421426492002576;0.04956006112733524;Saint-Mandé
94068;63867807.3;0.0;4334104.489999999;0.0;2624205.24;0.0;15308393.81;3621573.6300000004;2021;0.0;0.0;0.0;0.23657437056748937;Saint-Maur-des-Fossés
94069;12895489.52;2415724.06;622398.4299999999;161846.8;286187.98;72871.74;2776559.26;320204.09;2021;0.18733093119523547;0.26003728833313416;0.2546289330530234;0.11532406119075594;Saint-Maurice
94070;2389096.74;0.0;232900.0;48351.55;257819.53;3644.94;1546988.0400000003;2857.96;2021;0.0;0.20760648346930013;0.014137563589538776;0.0018474350971711452;Santeny
94071;18346905.93;3989398.5199999996;1683037.31;430150.11;617573.15;97446.76000000001;5277391.37;349336.39;2021;0.2174425777960044;0.2555796638875462;0.1577898261930591;0.06619489924242629;Sucy-en-Brie
94073;16563169.9;0.0;1575598.38;0.0;977315.91;0.0;5977954.8;554942.95;2021;0.0;0.0;0.0;0.09283157343377704;Thiais
94074;14323857.26;3383243.58;1132951.81;413586.73;458589.56;133172.69;5657556.88;1296945.73;2021;0.23619640426380514;0.36505235822872284;0.29039625324222385;0.22924130636402898;Valenton
94075;7019344.390000001;1990967.65;726476.15;198710.6;193275.02;34563.88;3700496.06;195323.66;2021;0.28364011499940095;0.27352666704887696;0.17883262927614754;0.05278310173366324;Villecresnes
94076;47884012.09;4922991.12;2051114.6600000001;904189.73;1024094.72;98849.73999999999;10799166.27;792910.5199999999;2021;0.10281074841320799;0.44082846641055157;0.09652402074683092;0.07342330881622772;Villejuif
94077;15327272.36;2741986.71;1291888.67;381062.73;822575.09;33856.32000000001;8363531.3100000005;689485.73;2021;0.17889593435788598;0.2949656103106779;0.0411589414894633;0.08243954669908445;Villeneuve-le-Roi
94078;30534985.52;7637560.8100000005;1664598.6400000001;0.0;550128.39;22421.54;4756984.220000001;428662.01;2021;0.25012491998718983;0.0;0.04075692221592127;0.09011213621389728;Villeneuve-Saint-Georges
94079;29118189.94;4543445.07;1478235.53;405307.81;830686.4;28030.02;5713315.1;1287184.25;2021;0.1560345982824508;0.2741835125556751;0.03374320321122387;0.2252955118824096;Villiers-sur-Marne
94080;31018764.33;3853205.0600000005;2049390.77;660954.68;2584630.86;428629.12000000005;22212491.16;1353006.33;2021;0.12422174587636131;0.322512763146679;0.16583765466609032;0.06091195806242923;Vincennes
94081;94240237.63;19077344.7;5004100.88;2203084.7;3365411.64;366646.82999999996;22614741.97;2627621.16;2021;0.20243311328331165;0.4402558527157431;0.10894561177663245;0.11619063191106577;Vitry-sur-Seine
94965;0.0;0.0;39310.97;0.0;18405.38;0.0;55979.77;0.0;2021;;0.0;0.0;0.0;
94974;407384.74;0.0;7027.97;0.0;0.0;0.0;0.0;0.0;2021;0.0;0.0;;;
94983;0.0;0.0;3091.45;0.0;5208.1;0.0;22780.95;0.0;2021;;0.0;0.0;0.0;
94986;0.0;0.0;24968.079999999998;0.0;11994.71;0.0;14563.39;0.0;2021;;0.0;0.0;0.0;
94991;0.0;0.0;84474.05;84474.05;19120.760000000002;19120.760000000002;19762.25;19762.25;2021;;1.0;1.0;1.0;
94994;0.0;0.0;0.0;0.0;4200.35;0.0;1541.0;0.0;2021;;;0.0;0.0;
75056;2371423749.3;377535521.8;172042465.24;20937622.34;64044820.6;4129355.76;1567489097.0900002;68808643.77000001;2022;0.1592020497861006;0.12170031573769838;0.06447602977593475;0.043897366748988136;Paris
92002;48351320.73;7598305.31;2936029.54;869312.5700000001;1906081.92;159531.34;42156858.54;11213139.629999999;2022;0.1571478337154411;0.2960844086057799;0.08369595153601793;0.2659861293829699;Antony
92004;60173386.08;8174578.92;5734473.67;2295162.55;3346010.66;314753.63;60679708.57;9898383.75;2022;0.13585040584440383;0.4002394434221894;0.0940683285211052;0.16312510365110344;Asnières-sur-Seine
92007;40994565.97;2010166.6099999999;2184000.15;0.0;2617211.37;601569.79;12055448.11;1627130.64;2022;0.04903495286353436;0.0;0.2298514353466224;0.1349705647731414;Bagneux
92009;28439744.74;4665413.06;1348008.69;367283.94;1233437.87;182467.97999999998;12286949.100000001;648028.2700000001;2022;0.16404553214706524;0.2724640743970278;0.14793447196493162;0.052741186174523995;Bois-Colombes
92012;88611721.31;17403353.0;6050881.649999999;2302564.3;2981711.0;668548.8200000001;83290621.2;6058946.94;2022;0.19640012340033391;0.38053368635957374;0.224216505221331;0.07274464822937352;Boulogne-Billancourt
92014;16419446.709999999;2289672.4;1135135.4;298490.24;652274.47;121157.39;7652987.34;277955.34;2022;0.1394488158121377;0.26295562626273483;0.18574602498239737;0.036319848400533226;Bourg-la-Reine
92019;24581482.65;4661368.83;1356738.28;606331.0;1220691.64;314154.42;22798677.540000003;13348089.51;2022;0.18962927893204198;0.4469034366746105;0.25735772221721775;0.5854764815450781;Châtenay-Malabry
92020;35767140.57;7475679.71;2224921.85;885567.73;1156799.25;63403.01;6155239.22;1075345.77;2022;0.20900971089286044;0.39802194850124734;0.054808999919389645;0.17470413928120246;Châtillon
92022;14623331.83;1751559.0899999999;900400.78;324578.42000000004;656096.27;102020.83;5976363.29;2928000.31;2022;0.11977838637338778;0.36048216217671425;0.15549673830640737;0.48993010764578204;Chaville
92023;42323502.61;1877101.6600000001;2642850.4299999997;1195409.1199999999;1719885.94;497543.42;29948700.509999998;5799781.56;2022;0.044351283429847496;0.4523181132123319;0.28928861410425855;0.19365720252414384;Clamart
92024;63317803.57;11195225.690000001;4032016.08;1253222.26;3959389.23;887539.29;26216159.650000002;3149060.8200000003;2022;0.1768100764522461;0.3108177733259437;0.22416065671825855;0.1201190739620782;Clichy
92025;69359979.35000001;13736968.56;3682975.1799999997;1627974.46;2253444.76;247326.46000000002;42358687.96;3913266.94;2022;0.19805323889560816;0.44202699731470907;0.10975483596944265;0.09238404512659508;Colombes
92026;74254116.74;15837132.399999999;5787272.36;1289541.19;3281512.85;555265.7999999999;46028725.8;9650219.16;2022;0.21328288713545068;0.22282365677360308;0.16921030798340464;0.20965644806096284;Courbevoie
92032;19971207.19;5094995.12;941093.51;0.0;959551.12;130825.36;8139125.32;2624382.6100000003;2022;0.25511703281267695;0.0;0.13634016705644614;0.3224403737280212;Fontenay-aux-Roses
92033;16235336.58;2604939.8600000003;1012296.83;223017.4;409873.38;34896.56;9508716.2;1494234.5;2022;0.16044877463205634;0.22030830621093617;0.08513985465462529;0.15714366362096285;Garches
92035;24109430.11;3116792.5;1328958.81;254419.49;1657921.6;104661.0;14015211.01;949515.13;2022;0.12927690475384696;0.1914427204858215;0.06312783427153612;0.06774890005740984;La Garenne-Colombes
92036;83098451.92000002;0.0;3907735.2700000005;2950201.8600000003;5252927.86;2699043.71;47428655.12;231348.58000000002;2022;0.0;0.7549646166281884;0.5138170144221246;0.004877822898723594;Gennevilliers
92040;44150911.22;13076815.51;3497477.47;130195.88;2784107.49;220070.27;35511955.65;13508287.21;2022;0.29618449877148423;0.03722565223558109;0.07904517723918769;0.3803870263619233;Issy-les-Moulineaux
92044;74851216.71000001;6712076.43;5374118.649999999;931290.39;4299305.76;484114.45;36730617.379999995;899527.8;2022;0.08967224214944894;0.17329174338195905;0.11260293568885411;0.02448986333918246;Levallois-Perret
92046;29650598.16;3149564.85;1882914.93;0.0;1159756.98;20889.08;7419563.7700000005;2905588.7700000005;2022;0.10622264120960992;0.0;0.01801160101661988;0.39161180630973946;Malakoff
92048;30002127.36;3712625.68;1451470.28;429409.02;1666464.22;233817.49000000002;23376824.490000002;5184747.57;2022;0.1237454142985146;0.2958441698165532;0.14030753687588926;0.22179007128268857;Meudon
92049;45881960.24;11176575.190000001;2179781.21;535142.6;1465371.77;158784.0;25879105.25;2957794.21;2022;0.2435941082625375;0.2455028961369935;0.10835748528170432;0.11429275399697213;Montrouge
92050;120802459.22;5056004.21;8076950.25;2240627.39;5781352.76;1007162.8800000001;45133437.82;15130399.209999999;2022;0.0418534874426044;0.2774100769037175;0.17420886111090722;0.335237020285108;Nanterre
92051;54291798.46;6318666.2;3199801.9499999997;474048.53;2889844.4899999998;274046.62;44288859.2;3685994.26;2022;0.11638343873716649;0.1481493346799167;0.09483092289163284;0.08322621820884471;Neuilly-sur-Seine
92060;27665641.4;1036277.5999999999;2293706.76;610598.19;2130512.4899999998;197774.98;43607231.42;10716281.149999999;2022;0.03745720495025284;0.2662058640835152;0.09282976792123854;0.24574550598699757;Le Plessis-Robinson
92062;68465577.55;4443424.12;5694138.53;820521.0;8333435.35;1127863.56;37993348.019999996;5104576.319999999;2022;0.06490011884811743;0.14409923391870832;0.13534197034359907;0.134354474823143;Puteaux
92063;79898175.88;15103126.829999998;4834163.82;963471.9400000001;7529807.94;1036571.78;28869753.41;2190217.5300000003;2022;0.18902968263860692;0.19930477656009596;0.1376624461420194;0.07586547411386428;Rueil-Malmaison
92064;21363589.099999998;2954130.03;1655930.21;341131.9;610402.11;97751.1;13065253.71;1379437.78;2022;0.13827873285580092;0.20600620602241446;0.16014213974456937;0.10558063475982817;Saint-Cloud
92071;20300322.11;3288990.67;1189375.06;274138.75;1356287.25;116075.29;10616774.540000001;817834.1399999999;2022;0.1620166740300063;0.23048974139410658;0.08558311670333847;0.0770322603083177;Sceaux
92072;15548493.39;2573706.22;1241703.98;343740.06;865002.52;106374.79;7616284.970000001;3233276.93;2022;0.1655276916833162;0.27682931321521576;0.1229762775720006;0.42452152758669687;Sèvres
92073;43957988.7;8977472.21;4503398.74;2502999.0;1718730.24;304462.21;28224538.169999998;5955046.95;2022;0.20422845711318907;0.5558022161724013;0.1771436860271918;0.2109882866508565;Suresnes
92075;24287239.5;5387510.27;1229545.06;433724.31;1279005.21;210349.13;17501475.73;8524508.790000001;2022;0.22182472693119362;0.35275186254662355;0.16446307517386893;0.4870737143261462;Vanves
92076;5302536.63;1482153.35;241466.72;67752.19;225480.28;42568.63;4047125.16;234595.65;2022;0.27951779561775514;0.28058603686669537;0.18879092220392843;0.05796599826430868;Vaucresson
92077;6224066.84;1889087.5699999998;790998.97;237180.25;431584.35;73139.38;5931676.3100000005;865794.08;2022;0.3035133809713393;0.2998489998033752;0.16946717368227093;0.1459611136468099;Ville-d'Avray
92078;25715535.3;3320882.7399999998;1899206.76;604549.22;886585.05;223735.02000000002;11881172.24;1682933.07;2022;0.12913916437119627;0.318316695545039;0.25235595840466746;0.14164705603156882;Villeneuve-la-Garenne
92975;194680.17;0.0;0.0;0.0;522.7;0.0;34012.67;0.0;2022;0.0;;0.0;0.0;
92982;505407.94;0.0;0.0;0.0;4595.22;0.0;124014.83;0.0;2022;0.0;;0.0;0.0;
92984;0.0;0.0;0.0;0.0;55.77;0.0;2288.38;0.0;2022;;;0.0;0.0;
92986;0.0;0.0;28612.47;0.0;0.0;0.0;0.0;0.0;2022;;0.0;;;
92987;135954.08000000002;15489.48;0.0;0.0;5416.34;0.0;0.0;0.0;2022;0.1139317039988796;;0.0;;
93001;73947465.57;8125202.1899999995;5014592.45;2087442.3399999999;1595770.26;220643.69;24191148.99;5314438.57;2022;0.10987803472870261;0.416273577726142;0.1382678293553359;0.21968524819539795;Aubervilliers
93005;90947030.23;12590963.629999999;9125544.88;2443688.0;1712549.33;358612.36;17714599.73;7151755.82;2022;0.13844282323631843;0.2677854344189034;0.20940264535328743;0.4037209944906839;Aulnay-sous-Bois
93006;41851962.339999996;6695739.87;3390932.5999999996;783153.1;1070023.08;115910.09999999999;6722409.56;2490536.1399999997;2022;0.15998628249745292;0.2309550770782056;0.10832485968433501;0.37048265473429437;Bagnolet
93007;49611897.49;8721637.05;3566746.05;630210.7;1493611.32;177010.77;35617320.62;14757408.28;2022;0.17579728837740932;0.17669065617946084;0.11851193655923817;0.414332353560401;Le Blanc-Mesnil
93008;69207219.28;15729813.899999999;4621973.53;773082.34;954241.7799999999;199628.47999999998;40732609.510000005;16089799.770000001;2022;0.22728573787020676;0.16726239018508612;0.20920115235365191;0.3950102869311601;Bobigny
93010;56050019.88;17609266.57;3377003.11;282881.49;1000276.95;215777.31;14077289.129999999;1262251.0100000002;2022;0.31417056778392705;0.08376702087194703;0.21571756701981387;0.08966577288734001;Bondy
93013;13664628.459999999;2558998.6;1020179.39;257722.28000000003;560101.56;33832.2;24868026.06;18836911.54;2022;0.1872717291575742;0.25262447225090484;0.06040368821682981;0.757475140751079;Le Bourget
93014;27457002.67;3798328.92;2388039.33;511529.27;641175.43;76646.08;19536851.97;2547962.55;2022;0.13833734751208368;0.21420470909915876;0.11953995180383004;0.13041827587743143;Clichy-sous-Bois
93015;3317113.92;893093.8899999999;500711.16000000003;220217.72;142132.62;28224.9;587707.04;27255.42;2022;0.26923823285514414;0.4398098895978272;0.19858143753348106;0.04637586100721202;Coubron
93027;45002313.9;9073011.7;3120934.94;1292152.96;885565.23;156223.86;19686160.62;10824763.41;2022;0.2016121153272521;0.4140275221501413;0.17641146547725228;0.5498666611001165;La Courneuve
93029;60338834.81;12076041.56;4187322.78;1476639.1099999999;1620363.16;223788.38999999998;42368134.53;4135615.2;2022;0.20013713552848766;0.3526451595881032;0.1381100209659173;0.09761145365207563;Drancy
93030;13467818.34;2419768.89;724543.54;231656.95;705624.05;87843.51;4702499.3;980833.36;2022;0.17967044319369696;0.3197281284158575;0.12449052721488162;0.20857703476957457;Dugny
93031;37679676.36;758637.07;2746329.0;1327055.31;1694748.52;327224.43;23874512.03;3839635.2399999998;2022;0.0201338531348256;0.4832106095081835;0.1930814077359395;0.16082570547097375;Épinay-sur-Seine
93032;24532294.91;5183523.010000001;2684622.39;795134.45;1347056.25;183368.99000000002;10923902.22;925976.52;2022;0.2112938487416871;0.29618111394802155;0.1361257111571993;0.08476609377779655;Gagny
93033;6082304.39;1049073.9;486086.79;137660.41999999998;321709.26;61592.869999999995;6313870.45;365890.56;2022;0.1724796775585248;0.28320131884267;0.19145507344115614;0.05795027992695035;Gournay-sur-Marne
93039;6473921.73;2224979.21;222153.22999999998;0.0;234143.52;8359.92;956123.24;247321.46000000002;2022;0.3436833657857646;0.0;0.0357042552362756;0.2586711102221509;L'Île-Saint-Denis
93045;21446673.38;119075.44;1035844.5700000001;254811.74;735414.98;46190.159999999996;3111783.23;261629.45999999996;2022;0.005552163633500536;0.24599418424329816;0.06280829362491365;0.08407701972222531;Les Lilas
93046;38057556.15;6614580.390000001;2440963.0;729662.4;1117981.58;249608.11000000002;11136153.05;1854842.3599999999;2022;0.1738046542959643;0.2989239902448337;0.2232667464878983;0.16656042276645971;Livry-Gargan
93047;20789438.21;1832863.0599999998;1354078.26;6404.570000000001;829845.91;129798.19;18045629.41;5978392.739999999;2022;0.08816318370346188;0.004729837402455602;0.156412399501975;0.33129311281805823;Montfermeil
93048;108609764.53;20325703.42;3209075.08;0.0;3201615.45;1343.68;34404966.36;6936524.4;2022;0.1871443466244296;0.0;0.0004196881296284349;0.2016140439557169;Montreuil
93049;16985969.98;3090501.2600000002;1622670.71;259561.75;751486.63;191630.9;4822994.89;1917354.6500000001;2022;0.18194434958020572;0.15995959525269302;0.2550024076941994;0.39754440834582766;Neuilly-Plaisance
93050;31964159.43;7548989.67;5002642.06;972895.22;882709.32;190842.41;14442824.780000001;1604156.1000000003;2022;0.23617044228965042;0.19447628039972142;0.21620074205175493;0.11106941505109087;Neuilly-sur-Marne
93051;64011110.26;13777105.39;3585425.48;1104220.6;3433956.8699999996;475952.41;33383214.65;8227576.4399999995;2022;0.21522990827748847;0.3079747734709578;0.1386017437079808;0.24645848299094228;Noisy-le-Grand
93053;35357950.28;8859584.299999999;2044730.68;784024.24;1613732.53;162680.78999999998;10000718.530000001;2202511.14;2022;0.2505683793840099;0.3834364337899014;0.1008102563316363;0.22023528943374832;Noisy-le-Sec
93055;64211183.63;3502796.02;3769067.9899999998;599946.9199999999;3013821.41;80189.72;44551585.07;7302410.21;2022;0.0545511828622244;0.15917646526721319;0.02660732309284378;0.16390909994619413;Pantin
93057;19138295.46;1858056.3399999999;1389261.6900000002;539561.52;670667.15;194069.37999999998;8560223.87;2850507.8800000004;2022;0.09708577986390851;0.38838004667068876;0.28936765428275407;0.33299454819047863;Les Pavillons-sous-Bois
93061;12544938.09;3195115.05;597314.78;232944.21999999997;706791.54;301287.66;4971646.77;578266.96;2022;0.2546935685993489;0.38998569564945296;0.42627513623040814;0.11631296163061883;Le Pré-Saint-Gervais
93062;6768082.88;0.0;824784.49;194800.01;727520.86;221126.52;4397733.0;268351.87;2022;0.0;0.23618292094702217;0.3039452641948988;0.06102050078983876;Le Raincy
93063;24486154.63;3271954.19;2119981.96;625622.93;827477.32;43358.130000000005;8688272.51;1071966.56;2022;0.13362466420069324;0.2951076668595803;0.052397967837958394;0.12338086296973207;Romainville
93064;41094030.269999996;4723635.83;2376419.9;487023.3;1357463.54;94122.15;22653302.569999997;14649992.159999996;2022;0.11494700809252119;0.2049399182358303;0.06933677938782797;0.6467044756379643;Rosny-sous-Bois
93066;139763378.55;24884297.830000002;7234702.319999999;654260.5;3887920.62;1407458.03;37282529.019999996;12816864.370000001;2022;0.17804590936600537;0.0904336448220305;0.3620079131142343;0.34377668862336214;Saint-Denis
93070;54347427.59;8285992.7299999995;4200376.36;1376459.51;1909619.15;629498.92;34053977.57;16169381.53;2022;0.15246338414597993;0.3276990898025147;0.32964631717272;0.4748162383311278;Saint-Ouen-sur-Seine
93071;46552393.92;4014272.33;3914668.85;1322597.8399999999;1811019.6600000001;211778.32;15557147.86;6318454.9399999995;2022;0.08623127603058399;0.3378568892232097;0.11693871948358639;0.4061448150303818;Sevran
93072;34960699.98;0.0;1824007.1099999999;890423.97;1204655.3499999999;337757.82;13110995.84;2843219.96;2022;0.0;0.4881691332880824;0.2803771385732858;0.21685766624421413;Stains
93073;59265052.06;1248949.6099999999;4436901.07;1280218.86;1312848.52;199273.9;19402358.59;3304023.71;2022;0.02107396461468661;0.2885389689340087;0.15178742784430302;0.1702897972261423;Tremblay-en-France
93074;7527464.430000001;25276.62;460892.26;0.0;159475.03;12494.04;2091938.83;225020.91;2022;0.003357919553795885;0.0;0.07834480419912761;0.10756572169942465;Vaujours
93077;23219720.42;4459908.56;2021973.11;606493.95;916264.7899999999;110146.39;7635932.0200000005;1122620.6900000002;2022;0.1920741714081327;0.29995154089858295;0.12021240060965346;0.14701816190343717;Villemomble
93078;37231716.64;6482981.6899999995;2516040.09;663747.46;3141917.5500000003;463573.31999999995;12537551.93;3953232.7600000002;2022;0.17412524253676204;0.26380639268748696;0.1475447119864746;0.31531137674019594;Villepinte
93079;11648123.540000001;4915083.13;514171.45;239026.87;439672.72;109418.97;4536574.8;1045537.6500000001;2022;0.42196351310333025;0.4648777562425918;0.248864587277555;0.2304685133815054;Villetaneuse
93910;0.0;0.0;0.0;0.0;1200.0;0.0;0.0;0.0;2022;;;0.0;;
93939;373175.65;0.0;54930.86;0.0;2989.21;0.0;8830.8;0.0;2022;0.0;0.0;0.0;0.0;
93940;0.0;0.0;0.0;0.0;0.0;0.0;642726.82;0.0;2022;;;;0.0;
93977;0.0;0.0;0.0;0.0;0.0;0.0;0.0;0.0;2022;;;;;
94001;3792658.65;882799.75;262005.23;98995.07;145203.52;11667.33;3270243.8600000003;385758.21;2022;0.23276541114502883;0.37783623632245816;0.08035156447997956;0.11796007469608091;Ablon-sur-Seine
94002;28873150.72;6003019.36;1829170.3399999999;632441.24;2007136.7200000002;209171.06;9592084.61;2187632.75;2022;0.20791008983449108;0.3457530587337208;0.104213658150801;0.228066456765752;Alfortville
94003;24497814.279999997;4717756.45;1155424.68;2637.94;718284.97;0.0;5351655.06;1380078.8499999999;2022;0.19257866828762654;0.0022830912699562554;0.0;0.2578788869101739;Arcueil
94004;12981151.3;1322969.6400000001;889170.72;192338.88;230273.13999999998;0.0;4975862.3;1759587.09;2022;0.10191466145225501;0.2163126559093174;0.0;0.35362455468271303;Boissy-Saint-Léger
94007;445913.27999999997;0.0;0.0;0.0;10032.92;0.0;11766.71;0.0;2022;0.0;;0.0;0.0;
94011;24283038.21;5097103.32;1663688.2300000002;0.0;716003.76;4000.0;8703375.84;1435792.4700000002;2022;0.2099038545308948;0.0;0.0055865628415135695;0.16496960448395392;Bonneuil-sur-Marne
94015;16843047.42;2426940.31;911560.52;283747.20999999996;903334.86;117478.11;5811539.75;437918.08999999997;2022;0.14409152034555037;0.31127632644731035;0.13004934847748487;0.07535319533863637;Bry-sur-Marne
94016;26280578.67;4150799.61;1647295.28;824175.65;513801.22000000003;64880.48;7259987.19;1464510.7600000002;2022;0.15794171285650765;0.5003205314835845;0.12627544948219468;0.20172360111285542;Cachan
94017;69997532.79;11374922.33;2390887.51;0.0;2586394.34;640062.8600000001;42528715.13;11935953.64;2022;0.16250461804312402;0.0;0.24747303614962293;0.28065634250916527;Champigny-sur-Marne
94018;28145971.650000002;2203169.2;1913877.8399999999;495412.17;1317766.34;322635.99;18915434.4;303795.47;2022;0.0782765373104467;0.2588525556051164;0.24483550702926588;0.016060718647836075;Charenton-le-Pont
94019;10448007.89;1634800.01;1039389.0499999999;412445.99;718998.9600000001;221798.30000000002;11320075.34;3781665.66;2022;0.15647002062131865;0.39681579289295;0.3084820873732557;0.3340671812171879;Chennevières-sur-Marne
94021;23154884.64;4163650.4400000004;1373159.48;0.0;535148.76;0.0;7992045.11;3252395.2600000002;2022;0.17981736919592792;0.0;0.0;0.40695406685461016;Chevilly-Larue
94022;38383655.74;8556982.53;3013829.86;923107.32;650516.68;72660.23;8879550.71;1775500.61;2022;0.22293297407528279;0.30629045529464627;0.11169618279426746;0.1999538791980163;Choisy-le-Roi
94028;82605370.39999999;22258413.45;5338073.08;2130029.05;1492071.58;110693.28;13571223.16;1862631.6400000001;2022;0.2694547986676663;0.3990258316208739;0.07418764721730038;0.13724861923204865;Créteil
94033;59739981.09;2813964.4299999997;4703904.59;1245158.02;2674403.81;404008.97;25556645.76;2075749.04;2022;0.047103537340607474;0.2647073290234401;0.15106505924398902;0.08122149751157329;Fontenay-sous-Bois
94034;24620524.95;6130954.69;1307444.18;473128.12;748882.66;196579.17;3045005.85;339942.58;2022;0.2490180328181833;0.361872519865437;0.26249662397043616;0.11163938486357916;Fresnes
94037;21019171.09;1116769.95;1604438.31;540944.02;274337.97;45522.119999999995;1881441.21;853666.9500000001;2022;0.053131017641856966;0.3371547641492056;0.16593444939466453;0.45373033473631635;Gentilly
94038;18473668.16;4909136.6;1378893.84;310676.98;716339.4500000001;160526.59;4603931.29;2086296.21;2022;0.26573696991209783;0.22530884611102472;0.22409290735000004;0.45315537495782215;L'Haÿ-les-Roses
94041;82970001.17;12985766.75;3813664.09;1062416.22;1182187.36;246965.49;16423535.030000001;2886529.09;2022;0.15651158933206508;0.27858148880647743;0.2089055409964796;0.17575565094404647;Ivry-sur-Seine
94042;18047522.86;1363463.46;1028163.82;275447.14;903943.8099999999;235469.33;18293090.79;1067972.1700000002;2022;0.07554850992996609;0.2679019963958662;0.2604911139332875;0.05838117692958764;Joinville-le-Pont
94043;24331513.77;3997006.35;1097326.53;395277.05;631726.59;53519.92;3765124.86;1441343.0;2022;0.16427281869031038;0.3602182570032276;0.08472006853471215;0.38281413063151376;Le Kremlin-Bicêtre
94044;17417743.37;4670133.800000001;1660177.86;565175.9;401821.15;99077.8;6596941.99;304812.55;2022;0.2681250780192199;0.3404309343096528;0.24657188901081986;0.04620512814301706;Limeil-Brévannes
94046;38782468.57;0.0;2989379.22;0.0;1111113.7;0.0;11446712.33;1937456.52;2022;0.0;0.0;0.0;0.16925877615725843;Maisons-Alfort
94047;2186564.6999999997;521976.22000000003;251358.93;60972.630000000005;147171.52;2547.14;552677.49;54889.83;2022;0.2387197689599581;0.24257196670911993;0.017307288801528993;0.09931620337929813;Mandres-les-Roses
94048;3212294.86;753265.99;224270.15;73411.09;85496.92;1189.3;2303390.6999999997;36545.92;2022;0.2344946596838872;0.32733330762029633;0.01391044262179269;0.0158661402948271;Marolles-en-Brie
94052;22988633.4;3408456.6799999997;2751865.52;639959.28;521710.04;106819.42000000001;8668856.64;1003056.3;2022;0.148267042267941;0.23255470710647227;0.2047486377682132;0.1157080272122253;Nogent-sur-Marne
94053;2581551.06;190924.76;221289.75;60671.3;224864.65;28418.989999999998;1216783.72;998614.57;2022;0.07395738281465562;0.27417130707590387;0.12638264840649696;0.8207001405311373;Noiseau
94054;32290025.53;0.0;2579220.91;384573.73;425105.84;16514.7;14509820.110000001;9604593.08;2022;0.0;0.149104610818311;0.03884844301362691;0.6619374332132916;Orly
94055;5790785.79;1532404.77;519105.55;190257.55;388216.5;109646.22;4168030.61;2043407.7300000002;2022;0.2646281222569623;0.3665103368669435;0.28243575427628653;0.49025737121445956;Ormesson-sur-Marne
94058;21438100.28;5298297.44;1851531.73;509337.67;1936279.06;453304.15;16377470.18;6938991.14;2022;0.247143980613939;0.27508989543484624;0.23411096022491718;0.42369127000297185;Le Perreux-sur-Marne
94059;9837046.530000001;615420.77;963144.76;254986.34;544612.3099999999;111827.34999999999;6482298.44;2952807.12;2022;0.06256153898664134;0.26474352619641517;0.2053338640105289;0.4555185398097777;Le Plessis-Trévise
94060;8780256.03;1698114.26;1037594.71;356134.1;442073.98;56917.090000000004;3814185.6999999997;325936.55999999994;2022;0.19340145141530687;0.3432304507412147;0.12875014720386846;0.08545377326541809;La Queue-en-Brie
94065;13265460.76;2021937.29;843241.7;171599.47;950960.12;32594.170000000002;13495828.67;341477.59;2022;0.15242118812011773;0.20349974390498005;0.034275012499998425;0.025302454436093552;Rungis
94067;17777486.599999998;1705248.47;1129460.15;244974.84999999998;1032445.9299999999;32030.01;10584862.25;2218146.8;2022;0.09592179751664108;0.21689552305143303;0.031023426088763798;0.2095584002522092;Saint-Mandé
94068;66867165.76;0.0;4205702.16;0.0;2710959.66;0.0;22974798.56;5337900.43;2022;0.0;0.0;0.0;0.23233720269885144;Saint-Maur-des-Fossés
94069;13650849.91;2468158.57;611320.47;156312.04;487161.58;148048.28;3142883.24;682200.62;2022;0.18080621985243114;0.2556957400755777;0.30389974513178974;0.21706203123218792;Saint-Maurice
94070;2672991.56;0.0;243574.12;53228.869999999995;274084.33999999997;3653.37;3351372.9499999997;15438.64;2022;0.0;0.21853253539415435;0.013329364238759502;0.004606661278924508;Santeny
94071;19129202.240000002;4274801.11;2544243.56;601262.65;575952.36;113415.55;7332426.739999999;1704970.0899999999;2022;0.22346991036882885;0.2363227559864591;0.19691828331079328;0.23252466754274043;Sucy-en-Brie
94073;17990391.84;0.0;1766201.4;0.0;1175725.54;0.0;7580053.58;322609.44;2022;0.0;0.0;0.0;0.04256031129531937;Thiais
94074;15583395.58;3829852.51;840597.2;354020.92;456316.04;116959.91;7295095.83;810307.01;2022;0.24576495477759025;0.42115405571182013;0.25631338753728666;0.11107558130596895;Valenton
94075;7769517.29;2183086.94;982076.0399999999;233450.45;310468.82;39829.86;4384763.05;1121559.33;2022;0.28098102604261016;0.2377111756030623;0.1282894043917196;0.2557856187918752;Villecresnes
94076;50608140.07;5395165.28;2072402.23;906523.67;1068651.75;127502.4;15324791.76;1265024.13;2022;0.10660666984673875;0.4374265076910287;0.11931145950961106;0.08254755756628956;Villejuif
94077;16317175.76;2930933.3200000003;1365452.93;355693.48;892260.76;38055.25;13897183.43;653700.98;2022;0.17962258684403606;0.26049486744299566;0.04265036826230036;0.0470383789127262;Villeneuve-le-Roi
94078;30617454.61;7827500.880000001;2139384.46;0.0;695202.4600000001;66980.51;4355981.49;277827.33;2022;0.25565485373312036;0.0;0.09634676781782388;0.06378064981171443;Villeneuve-Saint-Georges
94079;30464928.04;4561389.14;1782465.35;480082.58;1060987.54;86236.08;8153831.959999999;3384717.99;2022;0.14972591217057737;0.2693362762984425;0.08127906949783784;0.4151076459024795;Villiers-sur-Marne
94080;31777400.169999998;4095044.38;2736446.52;597793.82;2672800.1;335276.58999999997;36581834.03;2434719.0700000003;2022;0.12886656422780607;0.21845624083309326;0.1254402040766161;0.0665554129408421;Vincennes
94081;98104583.3;18690277.07;5509378.74;1727943.8;3476056.75;398213.65;26517163.330000002;3501168.37;2022;0.19051380110189;0.3136367785816809;0.11455901863512442;0.13203404626764803;Vitry-sur-Seine
94894;0.0;0.0;0.0;0.0;4171.68;0.0;0.0;0.0;2022;;;0.0;;
94965;0.0;0.0;41290.41;0.0;3199.84;0.0;30980.93;0.0;2022;;0.0;0.0;0.0;
94974;432810.87;0.0;0.0;0.0;0.0;0.0;0.0;0.0;2022;0.0;;;;
94986;0.0;0.0;36447.1;0.0;7126.01;0.0;12531.77;0.0;2022;;0.0;0.0;0.0;
94991;0.0;0.0;110774.94;110774.94;17829.02;17829.02;15475.34;15475.34;2022;;1.0;1.0;1.0;
75056;2465354318.21;399832849.65999997;165571075.44;20808956.36;63127497.04;6132795.399999999;1705539102.66;72916543.68;2023;0.16218068401231;0.125679900941036;0.09714935151181466;0.04275278330838478;Paris
92002;49986149.67;9381496.42;4992926.46;1576324.1199999999;2062999.35;160045.21;62664714.18;13489452.540000001;2023;0.1876819175298564;0.31571146353315205;0.07757889502001054;0.21526392829707153;Antony
92004;58583653.300000004;7643456.87;6991974.19;1955071.58;3607288.2399999998;308094.3;39841256.410000004;9080681.93;2023;0.13047081292214324;0.27961653273780174;0.08540883885674742;0.2279215754782468;Asnières-sur-Seine
92007;43009092.9;1926570.9900000002;3155559.95;0.0;2244179.39;292558.66000000003;15028674.32;1361326.21;2023;0.044794504140774384;0.0;0.1303633128900627;0.09058192233152337;Bagneux
92009;28471544.38;4600396.4799999995;2723213.5;860645.22;1239054.36;182945.93;9328478.44;1141516.57;2023;0.16157874748907455;0.31604030311982517;0.1476496398430816;0.12236899911835998;Bois-Colombes
92012;91791985.42;17874801.9;7091995.64;2488488.53;3137869.0300000003;609884.76;29630906.09;6850895.890000001;2023;0.19473161865072117;0.35088692327509663;0.19436272010371317;0.2312077757322473;Boulogne-Billancourt
92014;16626025.53;2456810.0300000003;1756233.76;550745.9;657145.59;109747.06;16983169.61;578118.62;2023;0.14776893164075397;0.3135948713342124;0.16700570112629076;0.034040678699904944;Bourg-la-Reine
92019;26071753.75;5153504.34;2304031.7199999997;1053022.8499999999;1361775.82;171274.55;14081973.5;10353317.49;2023;0.19766619420452297;0.4570348753705526;0.12577294109980597;0.735217793869588;Châtenay-Malabry
92020;36770516.93;8139336.27;3834177.02;1432869.28;1329382.5999999999;222105.5;8500558.94;1699070.71;2023;0.2213549590693774;0.3737097354988581;0.16707417413166084;0.1998775282887457;Châtillon
92022;15343373.0;1823169.59;1867200.2;625864.42;845119.8099999999;208017.68999999997;5728649.99;978828.96;2023;0.11882456289109312;0.33518870659932454;0.24613988163406084;0.17086555501010806;Chaville
92023;44651881.67;1785949.37;4673679.04;2261535.63;1484666.46;515480.07;23268518.48;3497691.56;2023;0.03999718048164397;0.483887663368514;0.34720261007310693;0.1503186188242441;Clamart
92024;65461630.78;13668487.41;4774744.32;1276586.24;4079346.07;664381.8;41531532.400000006;5081098.92;2023;0.20880151085658608;0.2673622197219557;0.16286477994253626;0.12234316015750961;Clichy
92025;71418915.48;16814541.08;7007645.130000001;3442526.5700000003;2516325.22;162043.54;53614529.62;8920372.18;2023;0.23543540204987717;0.49125298244090737;0.06439689858531085;0.16637975271301095;Colombes
92026;77831556.44;16251618.38;11485219.05;3711446.09;3127005.98;575637.55;41532699.33;8358023.67;2023;0.20880500305205;0.3231497870299652;0.1840858487900941;0.201239596867782;Courbevoie
92032;20236061.36;5486102.8;2124305.36;0.0;961426.0599999999;92279.83;7852751.84;1507248.8;2023;0.27110526610895785;0.0;0.09598224329388368;0.1919389318178174;Fontenay-aux-Roses
92033;17272594.5;2946671.66;1508315.44;213799.81;470664.16;24479.07;16460192.3;625680.35;2023;0.17059809167638365;0.1417474119339387;0.052009632515889886;0.03801172784597419;Garches
92035;24747356.27;3208910.3600000003;2424254.44;560520.16;1627284.97;95044.1;21399208.29;1225865.0;2023;0.12966679450483382;0.23121341999068384;0.05840654940726209;0.05728553053866275;La Garenne-Colombes
92036;86269268.13;0.0;5459134.1899999995;0.0;5028225.05;49918.65;52656105.730000004;2915379.58;2023;0.0;0.0;0.00992768810139077;0.055366410781475764;Gennevilliers
92040;45095253.52;13021486.96;5524590.76;222600.78;3067153.88;320944.79;25183658.04;7003639.45;2023;0.2887551558885215;0.040292718442008185;0.10463928532989027;0.27810254725012146;Issy-les-Moulineaux
92044;76066338.24;6620984.91;7280198.68;1437965.6;3820867.6;467566.93;24224647.48;1143433.55;2023;0.08704224579747565;0.1975173567653239;0.12237192673203331;0.04720124620777351;Levallois-Perret
92046;30227205.85;3739738.08;2475077.2399999998;0.0;1134595.54;30393.940000000002;9608484.75;2221766.29;2023;0.12372093201595079;0.0;0.026788347854778276;0.2312296212990295;Malakoff
92048;31515900.240000002;3750505.05;3317557.86;819552.56;1810218.39;456268.36;18850260.970000003;4183165.2900000005;2023;0.11900358299903031;0.24703489572296414;0.2520515549507814;0.22191551070075186;Meudon
92049;46696819.47;11570295.6;3640132.1100000003;829886.34;1265332.8499999999;112887.11;23626321.16;3022523.12;2023;0.24777481060424777;0.22798247836120428;0.08921534756645258;0.1279303324259053;Montrouge
92050;121183164.64999999;21869539.369999997;9193212.66;2899205.04;5591331.16;1168047.1300000001;54975738.95999999;15618540.12;2023;0.1804668118146888;0.31536364350783985;0.20890322833248176;0.2840987754864733;Nanterre
92051;56846461.2;6770619.75;4261269.87;860864.55;2869151.8099999996;295885.98;65866666.980000004;1978114.3199999998;2023;0.11910362768544684;0.20202065963027122;0.1031266379731925;0.030032099857134745;Neuilly-sur-Seine
92060;29468742.999999996;871677.99;5580966.09;1723023.49;2380062.08;212844.06;47103841.58;10257854.19;2023;0.02957974793834946;0.30873211953165625;0.08942794466940963;0.2177710744160498;Le Plessis-Robinson
92062;69040760.55;6426897.24;13311961.19;3821712.64;7872593.86;1005854.21;39573543.089999996;12075026.53;2023;0.09308844787921446;0.2870886254439268;0.12776655672670506;0.3051287700608058;Puteaux
92063;82502837.67999999;10267013.01;8018474.63;1867917.29;8142407.54;1251072.3900000001;33473203.02;3699204.3999999994;2023;0.12444436214209015;0.23295169919369066;0.1536489525799393;0.1105124119072128;Rueil-Malmaison
92064;21311798.330000002;3037815.43;2924631.81;682728.87;717909.62;119680.09000000001;17094021.88;566040.06;2023;0.14254148725327206;0.23344096431748787;0.1667063466846983;0.033113334238928684;Saint-Cloud
92071;20823965.4;3291322.08;1490146.31;533916.5;1368108.0;133827.65;4009046.27;475211.98;2023;0.15805453076674822;0.358298038532874;0.09781950693951062;0.11853492027668715;Sceaux
92072;16016195.95;2515618.9;1852593.39;595237.4;954972.93;118817.21;8174445.59;3924651.98;2023;0.15706719047727435;0.32129953783328574;0.12441945343937655;0.4801123130357762;Sèvres
92073;46032278.49;8551055.79;5449570.33;2124661.63;1631855.24;188459.66999999998;26441514.05;4005661.6399999997;2023;0.18576216669043702;0.3898769079653294;0.11548798286789212;0.15149138708265458;Suresnes
92075;24817694.13;5682402.9;2239521.06;719452.71;1265630.01;153405.03;7883654.100000001;2158062.57;2023;0.22896578828937322;0.32125293342854294;0.12120843278676681;0.27373887065897523;Vanves
92076;5653623.0;1486608.72;429052.29000000004;109518.51999999999;189765.37;34590.770000000004;8347989.069999999;1437275.01;2023;0.26294797513028373;0.25525681263698646;0.1822817830250061;0.17217020745332626;Vaucresson
92077;6592479.9399999995;2071569.8499999999;699407.68;181962.06;449781.39;87288.07;3452468.0500000003;975996.4400000001;2023;0.3142322568826808;0.26016594498933726;0.1940677670101024;0.2826952851888086;Ville-d'Avray
92078;28143105.990000002;668100.3799999999;3216645.99;785404.54;1080409.2;307942.54;12589893.89;1452551.0399999998;2023;0.023739397500666552;0.2441687840196552;0.28502398905896026;0.1153743671464732;Villeneuve-la-Garenne
92975;210853.34;0.0;0.0;0.0;686.83;0.0;81700.54;0.0;2023;0.0;;0.0;0.0;
92982;605503.7899999999;0.0;0.0;0.0;8113.0;0.0;696143.63;0.0;2023;0.0;;0.0;0.0;
92984;0.0;0.0;0.0;0.0;0.0;0.0;21742.6;0.0;2023;;;;0.0;
92986;0.0;0.0;45699.04;0.0;0.0;0.0;0.0;0.0;2023;;0.0;;;
92987;166875.26;0.0;0.0;0.0;5628.07;0.0;0.0;0.0;2023;0.0;;0.0;;
93001;81200142.64;7449665.9399999995;6787429.68;2767268.52;2154614.19;424928.2;59945527.269999996;6967865.53;2023;0.09174449327051083;0.40770492667557184;0.1972177673256668;0.11623662093447128;Aubervilliers
93005;89354465.83;12873839.9;9141597.93;-6510.2;2168744.13;588338.94;18203572.54;4066884.73;2023;0.144076065817381;-0.0007121512070264504;0.2712809371384904;0.22341135076994068;Aulnay-sous-Bois
93006;43532162.06;5445936.260000001;3684560.09;0.0;1481111.71;99050.51;6314652.61;1684328.95;2023;0.1251014422967073;0.0;0.06687578616200394;0.2667334300120747;Bagnolet
93007;50544158.870000005;11365477.76;5266181.71;39038.17;1766203.8;183263.89;23516222.4;5096195.550000001;2023;0.22486233847974604;0.007412993350736467;0.10376146286176036;0.21670978711274652;Le Blanc-Mesnil
93008;69117205.03;15639389.91;5025480.350000001;1172427.5;1030626.3899999999;187504.77000000002;28102988.840000004;11158433.98;2023;0.22627347131892553;0.23329660417436512;0.1819328243671308;0.39705506213338404;Bobigny
93010;51553258.0;19717902.25;3958452.1799999997;273951.71;1538473.23;229791.75;14947033.41;875872.1100000001;2023;0.38247635581052897;0.06920677515927451;0.14936350241206342;0.0585983911305113;Bondy
93013;13960782.89;3029922.49;1414225.49;493978.69000000006;346122.58999999997;9926.369999999999;7244864.99;4352118.71;2023;0.21703098700648873;0.3492927354887374;0.02867876956543056;0.6007177105449414;Le Bourget
93014;27473272.88;2901625.7300000004;2643045.56;894175.97;626320.48;106908.46;10976563.54;3322133.67;2023;0.10561631090237984;0.33831273419289826;0.17069290149988392;0.3026569889468339;Clichy-sous-Bois
93015;3459499.5300000003;911735.0299999999;506863.31;221490.81;124619.97;24103.129999999997;1166984.6400000001;33262.29;2023;0.26354535449235916;0.4369833160739135;0.19341306212800402;0.028502765897587132;Coubron
93027;47697309.39;9553639.0;4031387.9200000004;1931310.83;823960.46;195644.97;17577843.639999997;11626739.2;2023;0.20029723106358222;0.4790684668222154;0.23744460990276162;0.6614428617138388;La Courneuve
93029;61503479.46;12013667.35;5784867.4;2188731.49;1623030.1199999999;167782.59;36643658.65;5242705.86;2023;0.19533313327115623;0.3783546516554554;0.10337614067199197;0.14307266395191137;Drancy
93030;13635200.17;2546550.0;1159411.94;421931.32;526286.38;24108.75;6361337.2299999995;2760496.46;2023;0.18676293477545625;0.3639183843492245;0.0458091847256241;0.43394908337535193;Dugny
93031;37599179.93;764025.56;3542912.32;1381740.5599999998;1554251.12;201336.53999999998;19497166.78;5304751.180000001;2023;0.020320271916100807;0.3900013421726451;0.1295392600392657;0.2720780531785552;Épinay-sur-Seine
93032;25483702.150000002;4289133.37;3373666.52;1089721.08;1191655.75;149124.77;19444202.27;2292059.37;2023;0.1683088801130098;0.3230079421127848;0.12514081352773232;0.11787880717206714;Gagny
93033;6152277.15;1070581.7;718969.4400000001;218652.14;262190.16;73857.02;5950160.92;204230.09;2023;0.17401389337604856;0.304118823186699;0.28169257000338993;0.03432345658308683;Gournay-sur-Marne
93039;6715918.08;2228312.14;513235.61;0.0;195676.36;7467.84;2073721.73;476697.45;2023;0.33179561058612556;0.0;0.03816424222118605;0.22987532179643025;L'Île-Saint-Denis
93045;22753601.57;0.0;1980159.1500000001;633693.34;761381.66;74363.06999999999;7631808.24;773151.7;2023;0.0;0.32002141848042864;0.09766858581805082;0.10130648932552319;Les Lilas
93046;39728387.71;6955199.13;4491872.35;1543994.32;1189113.32;198394.36000000002;12003216.17;2706784.32;2023;0.17506874884452742;0.3437306761399843;0.1668422652939419;0.2255049214863886;Livry-Gargan
93047;21818050.71;1876179.95;2075717.4000000001;0.0;1135546.93;345290.09;10313042.66;2952091.01;2023;0.08599209777893123;0.0;0.30407381753918356;0.2862483078296507;Montfermeil
93048;111979652.46;22171420.6;7639426.19;53940.0;3676617.09;1741.28;31268979.21;11196798.07;2023;0.19799508315066264;0.00706073972814966;0.00047360928738978363;0.35808006378472373;Montreuil
93049;17180691.25;3020394.9699999997;2335300.96;847872.51;917105.39;151033.73;5699171.9399999995;1311000.8099999998;2023;0.17580171403173314;0.3630677692180626;0.1646852495327718;0.23003355992800595;Neuilly-Plaisance
93050;33430080.03;7044493.03;4238878.05;2340994.17;1130546.31;274070.26999999996;15353924.74;583190.09;2023;0.21072318773028076;0.552267402455704;0.24242286014802875;0.037983128084552537;Neuilly-sur-Marne
93051;68098405.23;12717042.58;7531723.67;2696519.05;3518876.36;591419.27;30660855.979999997;4112081.4799999986;2023;0.18674508657065653;0.35802150585272335;0.1680704888420689;0.13411502544750542;Noisy-le-Grand
93053;37462710.0;9369343.58;3812681.26;1575786.18;1738694.14;272746.4;10169410.02;4466750.45;2023;0.2500978594447652;0.4133013154107721;0.15686853353057256;0.4392339812452562;Noisy-le-Sec
93055;65017965.760000005;3621358.38;4493545.5;835169.1900000001;3519388.27;143795.37;41238630.55;9933712.360000001;2023;0.05569781117679803;0.18585973815108806;0.040858057982900535;0.2408836624183196;Pantin
93057;19145905.05;690439.18;2714380.42;1212617.92;616153.49;199055.03;5239510.31;937078.44;2023;0.036061976605279364;0.44673838311875236;0.32306078474050354;0.17884847715854577;Les Pavillons-sous-Bois
93061;12456548.3;3087136.7800000003;1017077.05;446374.53;777430.38;316869.07;9460913.14;853719.88;2023;0.24783244167246557;0.438879758421449;0.4075851396494179;0.09023652023508588;Le Pré-Saint-Gervais
93062;6694676.850000001;0.0;1418415.77;327611.65;1447338.76;701391.63;6591955.71;394678.04;2023;0.0;0.23097011252208513;0.48460778456592984;0.059872677754990555;Le Raincy
93063;26141961.939999998;2881695.87;2848049.63;955338.7300000001;926942.93;49880.979999999996;11967635.04;1277946.67;2023;0.11023257843515935;0.33543612440489673;0.05381235282737416;0.10678355963635736;Romainville
93064;40669419.54;4885239.2;4101558.43;1359133.6;1069317.2;38091.3;28244162.84;13630056.490000002;2023;0.12012070138338642;0.33137004462959707;0.03562207734056836;0.4825795888238124;Rosny-sous-Bois
93066;141413880.36;26906346.47;10086861.459999999;1241055.27;4325334.3;1358568.6900000002;41613574.300000004;14151229.780000001;2023;0.19026665841785828;0.12303681129372825;0.31409565036395;0.34006282848911634;Saint-Denis
93070;59902902.67;9005537.96;5916933.16;2213114.42;2464952.41;680029.73;41312630.68;23063314.11;2023;0.15033558573297764;0.3740306608432264;0.2758794560256845;0.5582630234478207;Saint-Ouen-sur-Seine
93071;48575549.23;3996155.33;3842692.3299999996;1218955.58;1661114.05;211408.05000000002;21872978.65;8204567.01;2023;0.08226680692952404;0.317213941507516;0.12726883503273;0.3751005814656158;Sevran
93072;37381618.58;0.0;3385349.54;1715736.97;912082.05;163809.1;5361472.62;1791344.2499999998;2023;0.0;0.5068123541535389;0.1795990832184451;0.33411422140210423;Stains
93073;61933039.07000001;898495.02;4957911.53;1303021.29;1281854.16;251990.59000000003;25326400.330000002;6402049.13;2023;0.014507523504287804;0.2628165674428644;0.1965828858409291;0.2527816447099492;Tremblay-en-France
93074;7919111.159999999;162083.44999999998;818046.06;0.0;302121.55;43422.88;3840241.6999999997;337126.94;2023;0.02046737906883984;0.0;0.14372652331487112;0.08778794834710535;Vaujours
93077;23743180.72;4743005.01;3128352.7;1082227.5699999998;769089.84;69660.43;10038948.65;1330664.93;2023;0.19976283152344215;0.34594167403183146;0.0905751530926478;0.13255022775716657;Villemomble
93078;36524541.15;6512722.260000001;3461389.7;818498.3;3271479.81;474157.9;17435564.61;8725627.28;2023;0.17831085771217145;0.2364652266689301;0.1449368260047431;0.5004499409784241;Villepinte
93079;11824482.700000001;5017809.65;1274248.1400000001;369027.26;782297.8;154428.65;5520006.2700000005;2116777.21;2023;0.42435764652943336;0.28960392282777825;0.1974039170249488;0.38347369667027564;Villetaneuse
93910;0.0;0.0;0.0;0.0;2700.0;0.0;0.0;0.0;2023;;;0.0;;
93939;357889.17;0.0;44062.3;0.0;2469.45;0.0;9314.4;0.0;2023;0.0;0.0;0.0;0.0;
93968;0.0;0.0;0.0;0.0;8285.18;0.0;28141.81;0.0;2023;;;0.0;0.0;
93977;0.0;0.0;0.0;0.0;0.0;0.0;13714.0;0.0;2023;;;;0.0;
94001;3871432.41;919294.2000000001;410377.45999999996;147548.14;164441.43;14372.3;2409013.74;261473.74;2023;0.23745583098014103;0.359542505087877;0.08740072377137562;0.10853974622826351;Ablon-sur-Seine
94002;29308819.21;6296927.99;3128336.1;1072004.19;1718561.5;140551.76;16813632.33;5220489.76;2023;0.21484754963623798;0.34267551686661796;0.08178453898798502;0.31049149032985907;Alfortville
94003;24792329.95;5214426.95;2247137.78;-174.08;830304.71;7258.389999999999;18940237.63;1343661.3299999996;2023;0.2103241994808963;-7.746743504085452e-05;0.00874183888466681;0.07094215797333688;Arcueil
94004;13641642.540000001;2401307.68;1618577.05;376738.5;228489.2;0.0;3758357.92;276466.88;2023;0.17602775274010368;0.23275907686940203;0.0;0.07356055114623038;Boissy-Saint-Léger
94007;566019.09;0.0;0.0;0.0;10181.01;0.0;80225.89;0.0;2023;0.0;;0.0;0.0;
94011;24313221.2;5111961.890000001;2529271.32;0.0;666860.75;15562.98;9374584.290000001;2502081.72;2023;0.2102544063556663;0.0;0.023337675819127157;0.2669005518110286;Bonneuil-sur-Marne
94015;17340960.080000002;2523217.6;1488449.8800000001;604237.22;939402.9500000001;144979.12;5472255.13;605287.02;2023;0.14550622274427147;0.4059506659371022;0.15433113127864884;0.11061016082413541;Bry-sur-Marne
94016;27381172.78;4505281.35;2165112.63;1122884.02;656057.72;160933.86000000002;5416544.78;1799775.25;2023;0.16453938573773536;0.5186261464836589;0.24530442229991598;0.33227367687339604;Cachan
94017;71771822.65;11643882.979999999;3756870.15;0.0;2220505.42;531484.0;26895574.92;3553437.0;2023;0.16223473990318119;0.0;0.23935271457252288;0.13211976358823266;Champigny-sur-Marne
94018;30249455.94;2298601.3000000003;3100729.39;1184961.6600000001;1279462.92;314766.27;5903897.05;780918.99;2023;0.07598818651678534;0.382155780450096;0.2460143745314636;0.1322717830928302;Charenton-le-Pont
94019;11097733.799999999;1369932.85;1334339.49;561348.11;538062.83;138106.73;11461759.58;5407209.0600000005;2023;0.12344257617712909;0.4206936197324116;0.2566739835940721;0.47176081667558417;Chennevières-sur-Marne
94021;24185112.69;4090724.65;2190771.24;544225.05;533956.95;0.0;10713695.950000001;7448326.930000001;2023;0.16914226129247775;0.24841710538431205;0.0;0.6952154480359319;Chevilly-Larue
94022;40128189.97;8716610.39;3510849.95;1030213.6;722891.78;108974.39;11536747.8;1897179.37;2023;0.21721912691593054;0.29343709206370383;0.15074786159554893;0.16444663633888226;Choisy-le-Roi
94028;85291969.03;22573027.86;7281940.34;2716182.4000000004;1568434.53;147181.35;16923384.31;3096989.05;2023;0.2646559590160279;0.37300256156726497;0.09383965169397285;0.18300057442824805;Créteil
94033;61941232.67;2783652.98;5239378.2;1844288.75;2628436.9;357421.06;27664664.76;1634947.15;2023;0.04494022575931406;0.35200527230502276;0.13598236274951095;0.05909875157294333;Fontenay-sous-Bois
94034;24653872.130000003;6029935.97;1804271.6400000001;684757.85;1208417.35;376430.94;3659058.54;385959.75;2023;0.24458372860068853;0.3795203753244162;0.3115073943617244;0.10548061633362116;Fresnes
94037;21493845.97;1121752.46;1859064.4;632225.2;242437.31;34462.59;3360492.13;474403.73000000004;2023;0.0521894714219914;0.34007708393533864;0.14215052130383726;0.14117090939296442;Gentilly
94038;19459463.63;4582383.050000001;1918503.29;644061.91;939548.52;133142.1;9313755.32;1980282.57;2023;0.23548352293408;0.33571061011836995;0.14170859425120483;0.2126191318068682;L'Haÿ-les-Roses
94039;419176.42;0.0;0.0;0.0;0.0;0.0;0.0;0.0;2023;0.0;;;;
94041;85273652.2;13245173.75;6487443.52;1871306.63;1302750.1199999999;239391.65;18666147.14;3525746.7299999995;2023;0.15532551272619233;0.28845054669547243;0.1837586858176609;0.18888454610135466;Ivry-sur-Seine
94042;18336442.55;1447271.51;1723492.98;491796.99;769994.45;154024.88999999998;8180586.17;2064520.51;2023;0.07892869655897349;0.2853489951551761;0.200033766477148;0.2523682859757713;Joinville-le-Pont
94043;25436201.09;4606914.24;1554616.5899999999;696084.82;640050.87;38244.28;2777236.85;455493.95;2023;0.18111644202290744;0.4477533717815272;0.059751938154540746;0.1640097602766577;Le Kremlin-Bicêtre
94044;18174187.47;4622934.98;2122886.71;820445.75;457340.7;74008.68;6406950.82;162739.17;2023;0.25436817946502677;0.3864764643987997;0.16182395312728562;0.025400408801639594;Limeil-Brévannes
94046;40429158.910000004;0.0;3566643.43;0.0;1641816.9400000002;0.0;14973704.11;1794668.6400000001;2023;0.0;0.0;0.0;0.11985468838010852;Maisons-Alfort
94047;2237320.18;463793.37;410778.62;93682.66;176646.47;2463.42;830643.96;137556.36000000002;2023;0.2072986129325486;0.22806118779989087;0.0139454810503714;0.1656020709522766;Mandres-les-Roses
94048;3232588.04;750569.77;411197.32;183904.83000000002;129411.67;15008.69;1570104.74;66897.91;2023;0.23218850057986357;0.44724228747405265;0.11597632578267478;0.04260729128172685;Marolles-en-Brie
94052;22769808.31;3373638.9499999997;2831465.28;728095.6;1072459.3;157888.25;10320269.05;1112866.38;2023;0.14816281736189987;0.257144456314859;0.14722073835342747;0.10783307824712185;Nogent-sur-Marne
94053;2682919.98;180213.72;358228.07;193021.18;284851.48000000004;77687.86;2068306.8499999999;869035.42;2023;0.06717073984442876;0.5388220414999862;0.27273110885714896;0.42016754912357424;Noiseau
94054;32731504.13;0.0;3725111.6;541787.24;506588.43000000005;19216.989999999998;20602125.560000002;16226057.19;2023;0.0;0.14544188152644877;0.037934127315146136;0.7875914134560782;Orly
94055;6034834.37;1671032.93;1043427.06;411412.86;257695.94;59066.490000000005;4822036.71;2308452.0;2023;0.27689789438247664;0.39429000432478717;0.22921001394123636;0.4787296611020616;Ormesson-sur-Marne
94058;22727831.77;5506824.29;3255917.77;913236.52;1904106.42;514649.51;11216103.92;1794773.24;2023;0.24229430883366662;0.28048513031089234;0.2702840054496534;0.1600175295094805;Le Perreux-sur-Marne
94059;10232633.5;1533760.5699999998;1329888.82;319137.88;588410.32;99233.67;8179721.840000001;5597430.8100000005;2023;0.14988913362332384;0.23997335356199173;0.16864705907945327;0.6843057648522679;Le Plessis-Trévise
94060;9122047.4;1714056.1300000001;1025778.29;432750.9;529722.9199999999;63730.98;3335491.4;311161.59;2023;0.1879025677941555;0.4218756667193649;0.1203100292507638;0.0932880804309674;La Queue-en-Brie
94065;13698062.07;1968109.85;1199810.47;0.0;1125609.91;0.0;14025684.919999998;714142.28;2023;0.1436779772162326;0.0;0.0;0.05091674909805404;Rungis
94067;18302196.58;977689.62;2020373.17;489313.36;1374452.02;4686.87;12459487.389999999;743485.64;2023;0.0534192502919778;0.242189595103364;0.003409991714370648;0.05967224948569895;Saint-Mandé
94068;68943756.05;0.0;7551803.46;0.0;2302152.92;0.0;28943255.62;3407275.34;2023;0.0;0.0;0.0;0.11772260124205058;Saint-Maur-des-Fossés
94069;14152614.799999999;2576439.35;1082332.8;341501.07;510341.29;142065.5;4387669.76;560943.28;2023;0.18204687871530287;0.3155231644093203;0.2783735174553484;0.1278453736682316;Saint-Maurice
94070;2375268.16;0.0;331353.02999999997;102236.70999999999;267320.67;2258.11;2565322.49;200552.1;2023;0.0;0.308543157127611;0.008447195647085577;0.07817812410789725;Santeny
94071;19371832.35;4334140.359999999;2935601.6599999997;700005.03;584879.3099999999;127222.16;16823262.49;9806332.620000001;2023;0.22373414562407148;0.23845368380122803;0.21751865354922542;0.5829031453220821;Sucy-en-Brie
94073;18924375.68;0.0;2359231.66;0.0;950757.53;0.0;7402562.78;481501.36;2023;0.0;0.0;0.0;0.06504522478362554;Thiais
94074;16704113.81;4067203.5999999996;1898280.05;891627.4;414624.25;91386.86;11590444.610000001;4830407.28;2023;0.24348514660892384;0.46970277120069825;0.22040886417039043;0.4167577209102421;Valenton
94075;8058335.64;2205345.2199999997;1244768.36;385721.49;293452.79000000004;37041.0;6343868.510000001;4326833.93;2023;0.2736725446198962;0.3098741118387681;0.12622473277558546;0.6820497497984868;Villecresnes
94076;53201677.06;6902556.95;3075706.83;410472.31;1256921.97;96822.43;11421569.36;1440179.48;2023;0.12974322110589495;0.13345625337119663;0.07703137689605345;0.12609295926037262;Villejuif
94077;16682089.44;2987739.75;1995630.31;561027.75;834956.38;18008.34;15573560.98;195539.59000000003;2023;0.1790986531241137;0.28112809631559466;0.02156800095353484;0.01255586890185985;Villeneuve-le-Roi
94078;30119886.729999997;7953447.4;2845300.53;1387053.98;449360.99;60357.54;3564771.61;351509.07;2023;0.26405967164804145;0.4874894463257279;0.13431860206645888;0.09860633680259814;Villeneuve-Saint-Georges
94079;31889259.060000002;4849938.9399999995;2992191.69;819563.5700000001;954148.0;71407.64000000001;8566629.65;1083220.8399999999;2023;0.15208691211278333;0.27390075734085073;0.07483916541249368;0.12644655882841857;Villiers-sur-Marne
94080;32158281.69;2811327.8400000003;2542462.28;904059.35;2211825.35;323777.25;29394297.22;1827280.07;2023;0.08742158138611666;0.35558417409441373;0.14638463656273765;0.062164441501146396;Vincennes
94081;102936135.44;19617627.129999995;7751039.25;2180432.0;3280132.88;366942.69999999995;16197172.05;2549606.63;2023;0.19058056770972162;0.28130834197491644;0.11186824236218136;0.15741060366152002;Vitry-sur-Seine
94894;0.0;0.0;0.0;0.0;3988.07;0.0;361.97;0.0;2023;;;0.0;0.0;
94965;0.0;0.0;56129.84;0.0;9499.86;0.0;43657.55;0.0;2023;;0.0;0.0;0.0;
94968;0.0;0.0;11286.08;0.0;0.0;0.0;30803.09;0.0;2023;;0.0;;0.0;
94986;0.0;0.0;48902.97;0.0;25282.54;0.0;8891.7;0.0;2023;;0.0;0.0;0.0;
94991;-1095.1;-1095.1;118859.14;118859.14;21768.73;21768.73;48832.1;48832.1;2023;1.0;1.0;1.0;1.0;
75056;2612547443.94;422304313.17999995;164115965.85;21162163.54;68034204.06;5682100.37;1724319581.22;62415900.83;2024;0.16164464846736717;0.1289464034190431;0.08351828978536888;0.03619740882710336;Paris
92002;53014456.08;10784319.5;4932375.76;1501723.5;2025492.92;138599.86;34155477.2;5110333.84;2024;0.2034222417320706;0.3044625091580614;0.06842771881918007;0.149619746492665;Antony
92004;60056653.81;7495145.77;7397828.41;2247798.3;4685250.81;599345.5700000001;40699592.85;5263968.48;2024;0.12480125505680416;0.3038456930092543;0.12792176861071822;0.12933712873739472;Asnières-sur-Seine
92007;44114914.61;12789585.39;2873537.36;0.0;2482233.41;254782.27000000002;12706105.44;2758335.42;2024;0.28991522488634375;0.0;0.10264234981834364;0.21708740203874777;Bagneux
92009;29445695.169999998;4581858.43;2303094.02;752708.75;1391163.58;274455.97;10862377.49;449575.67000000004;2024;0.1556036766511157;0.32682502036977196;0.19728518913642057;0.041388330539413064;Bois-Colombes
92012;94785919.35;18227107.53;7722537.35;2467680.05;3448243.16;683009.36;54113817.43000001;6600057.390000001;2024;0.19229762875112105;0.31954265005918037;0.19807459286020884;0.12196621313101104;Boulogne-Billancourt
92014;17563667.61;2656206.87;1493933.97;393573.35000000003;605048.61;118713.88;19851466.09;441802.54000000004;2024;0.15123304135451013;0.26344762078072304;0.19620552470982458;0.022255411161926933;Bourg-la-Reine
92019;27396686.67;5692422.68;1927162.41;961610.03;1397903.44;146562.41;11639730.6;6310684.97;2024;0.20777777796879843;0.4989771619715227;0.10484444476365264;0.5421676142573265;Châtenay-Malabry
92020;38193332.89;8558520.32;3592443.96;1349834.14;1529392.78;172740.49;14844612.56;6743096.25;2024;0.22408414433611373;0.37574257386606524;0.11294710702112769;0.45424535148662715;Châtillon
92022;15994284.08;1952778.07;967831.88;404993.07;886611.37;199544.83000000002;4395267.39;2419680.02;2024;0.12209224621950068;0.4184539467743096;0.22506459622777003;0.5505194121989471;Chaville
92023;46521362.87;1804789.2;4426851.22;2125134.56;1853522.1199999999;604154.82;29074258.479999997;6087182.59;2024;0.03879484797217421;0.4800555641894828;0.3259496142403739;0.20936673567057043;Clamart
92024;67102942.62;16463430.93;5066948.04;1262387.47;3696430.42;682896.45;37683234.339999996;3882184.28;2024;0.24534588629341395;0.249141585829248;0.18474484094306312;0.1030215253014824;Clichy
92025;73449218.06;17440886.53;6207607.72;2869712.18;2792001.17;350972.78;72387635.83999999;23242608.619999997;2024;0.23745503343211494;0.46228955008774303;0.125706530416676;0.3210853393716802;Colombes
92026;78822408.69;16527004.729999999;9852679.67;2486599.43;3978669.44;777205.2;47878742.120000005;9054882.42;2024;0.20967393669735365;0.252377983785603;0.19534299386279247;0.1891211426838546;Courbevoie
92032;22023100.93;6159814.49;1562640.98;0.0;946580.54;63811.520000000004;6558007.57;1224332.09;2024;0.2796978731368871;0.0;0.06741266833987523;0.18669269239651093;Fontenay-aux-Roses
92033;18263214.61;3095497.05;1458878.76;219233.45;345853.27;14520.35;10090335.97;805694.79;2024;0.16949354843068343;0.15027530457705754;0.041984133907422644;0.07984816287539333;Garches
92035;26111537.53;3411217.96;2546154.51;516936.81000000006;1410134.31;85659.20999999999;25787249.91;773215.2699999999;2024;0.13064025647975697;0.20302648875774632;0.06074542644097496;0.029984402086247898;La Garenne-Colombes
92036;86066812.57;0.0;5330866.92;0.0;5338517.45;25571.28;39294447.21;3787004.9699999997;2024;0.0;0.0;0.004789959055018168;0.0963750666795549;Gennevilliers
92040;46720906.31;12910681.18;4747857.66;196687.65;3065410.1999999997;450884.01;29657823.01;6441213.17;2024;0.2763362742652241;0.041426610502051146;0.1470876589371302;0.2171842878632109;Issy-les-Moulineaux
92044;78593323.63;6458970.960000001;7140772.73;1400030.07;4098295.19;390020.34;29988094.59;1896833.99;2024;0.08218218369803788;0.19606142401342047;0.09516648311514135;0.06325290139082491;Levallois-Perret
92046;30646200.97;3189698.0;3139774.13;0.0;1242925.45;25.92999999999995;7582990.97;848076.86;2024;0.10408135100081216;0.0;2.086207181613342e-05;0.1118393603995021;Malakoff
92048;32196098.35;3655007.88;3111086.41;822565.2899999999;2175606.6799999997;539802.75;22443460.28;7342951.3;2024;0.11352331702639366;0.2643980852977979;0.24811596460073385;0.3271755428258766;Meudon
92049;47817001.59;11844309.790000001;3270388.91;526984.66;1417965.1099999999;149124.4;30954595.21;3405909.09;2024;0.24770080507258338;0.1611382237716798;0.10516789090811975;0.11002919168846724;Montrouge
92050;124881542.29;20024537.150000002;9413261.83;2357135.96;5668761.29;990031.86;59702612.15;9920007.48;2024;0.160348253094913;0.25040586383009383;0.1746469483106423;0.16615700926244983;Nanterre
92051;57894301.87;6831874.87;4055268.6999999997;1008068.3500000001;2603224.09;276457.69;62661360.33;3436166.4699999997;2024;0.11800599798820928;0.24858238123653809;0.10619819133588304;0.054837087032642784;Neuilly-sur-Seine
92060;32341914.3;595125.51;2594949.5700000003;619589.43;2487120.99;221012.51;53977284.41;12086029.0;2024;0.018401060137618386;0.2387674262201558;0.08886278990392019;0.2239095414322271;Le Plessis-Robinson
92062;71060524.95;10242618.4;12130631.95;2278831.98;7211631.41;860985.7999999999;38484120.96;10913513.110000001;2024;0.14413935736060166;0.18785764743278688;0.11938849215256828;0.2835848354531313;Puteaux
92063;82461892.75999999;10126381.879999999;8138434.25;1632764.2;8465819.42;1239897.9000000001;34807142.75;7407742.0200000005;2024;0.1228007451814401;0.20062387307484852;0.14645928982028772;0.2128224678826877;Rueil-Malmaison
92064;22542498.99;2377312.07;2447465.02;586995.4099999999;793623.36;110943.6;13822510.379999999;926838.03;2024;0.10545911839918863;0.23983812034216526;0.13979376816730799;0.06705280043349117;Saint-Cloud
92071;21466074.39;3474598.6300000004;1504868.4;526564.68;1418849.68;189274.17;5695263.470000001;777169.7999999999;2024;0.1618646505584946;0.3499074603466988;0.13339973407189973;0.13645897228350698;Sceaux
92072;16530214.13;2642788.4400000004;1620941.8800000001;445665.27;955927.22;145894.62;12406399.24;2663012.36;2024;0.15987623748948981;0.2749421651071166;0.15262105414259466;0.21464828823290388;Sèvres
92073;48892547.49;9344929.88;5522900.08;32754.05;1507505.72;144095.0;24830875.03;3084494.02;2024;0.1911319896332119;0.005930588916249232;0.09558504361761228;0.12422010969300908;Suresnes
92075;25174669.26;5623818.350000001;2125108.23;649292.95;1268207.18;228805.04;10558279.67;7046025.0600000005;2024;0.22339194576572563;0.3055340621404492;0.18041613673879375;0.6673459389431006;Vanves
92076;6049665.22;1421584.09;478758.69;102290.81;350314.31;23670.079999999998;12796841.53;2019793.93;2024;0.23498557991280056;0.2136583881119735;0.0675681218960196;0.15783534751641173;Vaucresson
92077;6986002.7;1855970.6600000001;677959.65;157740.09;545349.0;76537.56;2923694.97;433907.77999999997;2024;0.26566990304770427;0.23266884688491415;0.14034601695428064;0.14841075572257797;Ville-d'Avray
92078;30654351.57;701102.88;3456873.54;826219.2;839565.32;131491.56;18620437.21;1410480.96;2024;0.02287123504795114;0.23900764388390092;0.15661861783428596;0.07574907850404872;Villeneuve-la-Garenne
93001;83383701.62;7854087.65;8956174.08;3017442.33;2395903.16;447857.07;35846532.6;5582975.93;2024;0.09419212025142522;0.3369119786023632;0.18692619863650917;0.15574660992455375;Aubervilliers
93005;91290112.60000001;11306879.09;7911585.430000001;569449.19;2260109.56;563596.34;22416005.509999998;1976372.82;2024;0.12385655760490319;0.07197662150505274;0.24936682273048744;0.08816793068320405;Aulnay-sous-Bois
93006;43788324.99;3043059.81;3740773.61;0.0;1415315.31;60787.33;17879966.81;10833205.069999998;2024;0.06949477539264057;0.0;0.04294967317212162;0.605885077143496;Bagnolet
93007;51409019.06;10075182.89;6563165.94;0.0;1889115.51;287863.7;32199514.11;4995115.53;2024;0.19598084293810683;0.0;0.15238014746911904;0.1551301523661408;Le Blanc-Mesnil
93008;68681363.22;14401830.98;5100040.45;1240943.5;821498.66;157674.46;48607790.55;25433874.73;2024;0.20969052308801858;0.24332032503781414;0.1919351396142265;0.5232468796095074;Bobigny
93010;49770704.69;20391858.560000002;3170255.81;144550.97;1512236.34;400806.22000000003;11632694.48;856529.88;2024;0.4097160907608601;0.04559599561147086;0.26504205023931643;0.07363125383139951;Bondy
93013;13461145.08;2448510.2800000003;1721375.52;572517.96;485262.62;32954.66;5144956.17;743403.91;2024;0.18189465052552575;0.33259329724870257;0.06791097983191041;0.144491786797865;Le Bourget
93014;29090377.150000002;3726062.8000000003;3002022.68;948504.9600000001;889143.66;220166.40000000002;14464602.229999999;7359218.949999999;2024;0.12808575085799465;0.3159552945149635;0.247616228855526;0.5087743743645275;Clichy-sous-Bois
93015;3604181.93;932922.1799999999;477966.59;252372.57;139270.83;37754.950000000004;960432.76;212557.25;2024;0.2588443641633817;0.5280129935441722;0.27109014859752045;0.22131403556038634;Coubron
93027;47643422.89;13534829.73;4225166.85;2428499.64;931830.0499999999;188291.24;25292097.3;16216504.270000001;2024;0.28408600618913254;0.574770115883116;0.20206607417307482;0.6411688235123151;La Courneuve
93029;63959795.67;12088985.67;4756158.66;1655697.52;1776626.51;188848.05;46190907.870000005;5687122.149999999;2024;0.18900913524447474;0.3481165449598353;0.10629586406430465;0.12312211238640022;Drancy
93030;14325668.95;2720929.9499999997;1157569.93;491888.51999999996;547140.69;14174.22;6828721.16;1776478.42;2024;0.1899338843789211;0.4249320125307678;0.02590598772684956;0.26014803919743;Dugny
93031;38584247.88;640215.12;3441871.24;1344000.03;1857496.43;361015.5;24006189.05;9925144.65;2024;0.01659265516827278;0.39048527277272577;0.19435595900445418;0.4134410767709921;Épinay-sur-Seine
93032;27676431.41;4938434.74;3329750.35;1009009.45;1466595.49;169325.38;18932962.05;1954866.86;2024;0.1784346640230378;0.3030285588828003;0.11545472569263117;0.10325203498730934;Gagny
93033;6202217.54;1115785.7000000002;608425.5;185443.06;373749.86;89775.35999999999;4396730.5;566638.81;2024;0.1799010906670004;0.30479172881478506;0.24020172208225038;0.1288773123574438;Gournay-sur-Marne
93039;7933869.12;2538446.55;533945.5700000001;0.0;237732.83000000002;30489.16;4539397.12;597054.06;2024;0.3199506459718357;0.0;0.128249682637438;0.13152717072702377;L'Île-Saint-Denis
93045;23096238.55;0.0;1799778.08;496103.18;733464.67;56270.36;10020750.18;1262381.8699999999;2024;0.0;0.27564686197311616;0.07671856914389619;0.12597678290788403;Les Lilas
93046;40894282.47;7258665.45;4574872.86;1530171.31;1262767.3900000001;180777.72;17070124.59;6851832.19;2024;0.1774982958883054;0.33447296937559046;0.14315995283977043;0.40139321502163683;Livry-Gargan
93047;22949955.23;1784612.72;1819279.1800000002;367.08;870304.02;130253.53;12555962.88;1698252.4100000001;2024;0.07776105452559526;0.00020177222057804231;0.14966440118247415;0.1352546536040731;Montfermeil
93048;114112822.28;23111378.18;6832344.97;38880.0;3503075.5300000003;27268.980000000003;37570759.300000004;17587179.93;2024;0.2025309489173034;0.005690579174605114;0.007784296903241479;0.4681081846008898;Montreuil
93049;18025929.11;3134544.85;1933559.25;909028.3099999999;1031036.1;292567.39999999997;6934301.9399999995;746899.49;2024;0.17389088966632468;0.4701321203371451;0.283760578315347;0.10771084046565184;Neuilly-Plaisance
93050;35610932.13;10974863.149999999;3433058.33;794311.96;1080402.72;134250.38;14524389.95;2296435.41;2024;0.30818803366156083;0.23137153046857784;0.12425957239352378;0.1581089063227747;Neuilly-sur-Marne
93051;68764209.58;14901353.370000001;7174153.25;2717452.98;3928960.65;626673.62;37140730.8;9717089.679999996;2024;0.21670216906461826;0.37878379305599585;0.15950111895368563;0.2616289305755932;Noisy-le-Grand
93053;38067212.449999996;8929355.47;2967360.96;1169930.83;1876271.4000000001;268479.52;13626363.04;4684604.24;2024;0.23456814658358316;0.39426643599166317;0.14309204947642437;0.3437897718010602;Noisy-le-Sec
93055;66918365.68;3870217.9700000007;3918876.66;1013320.1299999999;3461050.17;103782.98999999999;70904145.34;31542672.039999995;2024;0.05783491468556141;0.2585741318023517;0.02998598254933704;0.44486358151200295;Pantin
93057;20133599.64;298006.07;2250628.95;1091712.95;788324.14;243562.98;6595073.13;728108.4;2024;0.014801430212605538;0.4850701622761939;0.30896298570788405;0.11040186903886538;Les Pavillons-sous-Bois
93061;13077225.82;3011346.63;1142433.37;423559.8;764301.49;282982.47;10854899.260000002;1910739.54;2024;0.2302741171139308;0.37075230041643475;0.3702497950121751;0.1760255433268756;Le Pré-Saint-Gervais
93062;6732458.75;0.0;1525385.87;321607.94;776205.31;286274.19;10714485.569999998;363110.8;2024;0.0;0.21083710445016773;0.36881246019819164;0.03388970918181003;Le Raincy
93063;27740874.25;4322365.65;3424978.97;1223164.45;855136.93;81577.92;13341359.120000001;2745057.49;2024;0.1558121640668913;0.3571304994027452;0.0953974938259303;0.20575546054261373;Romainville
93064;42370851.58;5441742.1;3857421.85;1470342.79;1376840.93;157672.34;20369769.849999998;10725864.86;2024;0.12843126576593578;0.38117241182734524;0.11451747007550103;0.526557979740748;Rosny-sous-Bois
93066;147742209.88;27065874.83;7458079.0600000005;792650.4600000001;4177221.29;1078664.65;55183092.08;17131528.650000002;2024;0.18319662912842305;0.10628078002702214;0.2582254027533217;0.3104488712804294;Saint-Denis
93070;63318805.75;10355999.6;5677588.39;1944640.05;2151013.95;690136.28;12269930.32;5089476.18;2024;0.16355329948717487;0.34251162930816126;0.32084230787996515;0.41479259028098536;Saint-Ouen-sur-Seine
93071;50588130.49;3811815.0999999996;3733760.19;1316825.63;1830631.0;169978.36000000002;24641498.21;7416054.96;2024;0.07534998947536714;0.3526808265637435;0.09285233343038549;0.3009579570527258;Sevran
93072;39306119.830000006;0.0;3846578.94;1959949.96;1331704.83;235470.65000000002;5280684.01;963091.35;2024;0.0;0.5095306740279715;0.17681895018733243;0.18238003792239788;Stains
93073;63841521.970000006;2384823.0700000003;5180923.12;1374450.34;1418703.3900000001;181429.03;19706910.11;6068332.09;2024;0.03735536053041876;0.2652906264318394;0.1278836938565432;0.3079291505430224;Tremblay-en-France
93074;7983349.73;550158.14;828716.9;0.0;250546.90000000002;11360.869999999999;7553907.9399999995;3529987.0;2024;0.06891319541377526;0.0;0.045344284842478585;0.4673060656865776;Vaujours
93077;24443479.73;4837660.93;2742395.63;800321.22;992982.13;199649.63999999998;9175843.34;469025.8900000001;2024;0.19791212149155;0.2918328818953084;0.20106065755684846;0.051115289638325505;Villemomble
93078;38142215.35;6909279.13;3239155.12;738685.37;3571893.72;620681.2;10787254.3;4827888.44;2024;0.18114519743017496;0.2280487789667819;0.17376810416408467;0.44755489262916515;Villepinte
93079;12274626.1;3100156.49;1092081.03;-11855.96;880837.9500000001;118463.15000000001;13581694.77;9796014.08;2024;0.2525662667639221;-0.010856300653807712;0.1344891531978158;0.7212659572970215;Villetaneuse
94001;3966627.8600000003;999055.52;484654.58;140073.63;164453.41999999998;18427.59;1962566.84;138644.52;2024;0.25186520018038694;0.2890174482618115;0.11205355291486187;0.07064448311987172;Ablon-sur-Seine
94002;30430962.13;6831912.03;3190329.31;1026383.5700000001;1946692.7599999998;151127.15000000002;19687825.24;7468939.58;2024;0.2245052917096184;0.3217171239291282;0.07763276933335903;0.3793684416105677;Alfortville
94003;25641668.18;5365247.71;1819162.78;0.0;973466.74;-874.6899999999998;7145684.36;1956614.72;2024;0.2092394173552557;0.0;-0.0008985309554592485;0.2738176809141903;Arcueil
94004;14053048.51;2346902.15;1280833.87;313611.1;264817.08999999997;0.0;5783188.25;469616.46;2024;0.16700306330900155;0.2448491622102404;0.0;0.0812037304855155;Boissy-Saint-Léger
94011;25013797.29;0.0;2205450.02;0.0;792662.75;0.0;10522732.08;0.0;2024;0.0;0.0;0.0;0.0;Bonneuil-sur-Marne
94015;17493969.3;1453932.08;1185933.69;412971.86;1038490.87;122340.06;5927064.88;2066609.6400000001;2024;0.08311047396201844;0.3482250849961097;0.1178056192251358;0.3486733622527851;Bry-sur-Marne
94016;28223429.380000003;4797900.19;2543996.44;1206884.8399999999;696747.31;140087.62;7147999.4;2327373.77;2024;0.16999706610423257;0.4744050821077406;0.20105943430194223;0.3255979246444816;Cachan
94017;72978495.15;11639545.86;6884411.16;0.0;2091293.7;522962.79;32551807.39;3957537.2800000003;2024;0.1594928182072825;0.0;0.2500666405679891;0.12157657584370464;Champigny-sur-Marne
94018;30949604.380000003;2331843.51;2806740.67;987808.7899999999;1370561.42;279290.91;9683292.33;1115437.29;2024;0.07534324126956739;0.35194159565871114;0.2037784705774076;0.11519194629126724;Charenton-le-Pont
94019;11775560.82;2656796.54;1520223.15;551270.83;762258.39;252740.48;10339634.35;6632790.02;2024;0.22561953359262596;0.36262494095028086;0.331567987070631;0.6414917390187981;Chennevières-sur-Marne
94021;26057876.65;8107979.76;1939917.14;608419.4299999999;616331.1;0.0;10976551.049999999;7531192.199999999;2024;0.3111527416029886;0.3136316585150642;0.0;0.6861164463859529;Chevilly-Larue
94022;41548501.6;8936051.46;3523343.59;984503.96;734733.98;66915.94;17172898.45;2221712.91;2024;0.2150751799915692;0.27942320550122673;0.09107505821358637;0.12937320490589638;Choisy-le-Roi
94028;87124770.75;21907876.389999997;6992305.89;2303872.79;1619225.82;133533.03;19078079.31;4582625.140000001;2024;0.25145404919185965;0.32948684257290123;0.08246720645796025;0.2402036948026505;Créteil
94033;66499030.73;11311142.37;5579272.7;1666996.4;2916975.37;300028.87;28688646.32;1644748.96;2024;0.17009484568167027;0.29878381818476085;0.10285615472989064;0.057331006198552484;Fontenay-sous-Bois
94034;25885047.16;6240254.71;1889088.8;703670.73;1065674.5;186915.28;5253276.71;1273596.1600000001;2024;0.2410756554325706;0.3724921401259697;0.17539622089108822;0.24243843039442714;Fresnes
94037;22375497.09;1197991.26;2104725.7;594550.6799999999;322470.66;62110.66;3251508.49;762026.2;2024;0.053540319358330736;0.2824836889671656;0.192608716712398;0.23436082124454177;Gentilly
94038;20220192.37;4327428.890000001;1852035.43;626215.85;794272.58;176598.22;7672265.0;1514885.7600000002;2024;0.2140152185901286;0.3381230401191623;0.22233956508985872;0.19744961364082186;L'Haÿ-les-Roses
94041;87224844.10000001;13806682.2;5467823.53;1896685.3299999998;1211921.22;256780.08000000002;28631948.09;3560713.36;2024;0.15828841361036033;0.3468812260661967;0.2118785245793452;0.12436154706649581;Ivry-sur-Seine
94042;19022574.54;1549509.8499999999;1886263.22;511941.70999999996;905380.14;122507.33;11448927.47;1107620.9000000001;2024;0.08145636894426384;0.2714052336767718;0.1353103791298095;0.09674451191190925;Joinville-le-Pont
94043;26540112.91;4307699.32;1708584.45;679199.53;833794.1;159265.72;4154398.31;1647876.4;2024;0.1623090050373113;0.3975217789205562;0.19101324895438815;0.3966582587984925;Le Kremlin-Bicêtre
94044;19014926.23;4394109.58;1739423.11;389863.3500000001;710474.1900000001;40619.85000000001;6509885.31;979936.97;2024;0.2310873850810622;0.2241337071806526;0.05717287210672637;0.15053060435560883;Limeil-Brévannes
94046;41711681.11;8851996.42;3947864.66;1249739.06;1535122.5299999998;3280.91;14371123.97;2286816.81;2024;0.21221864438059806;0.3165607657887644;0.0021372300489915946;0.15912581470828407;Maisons-Alfort
94047;2261458.75;475912.87;391044.86;100674.37;203650.04;6315.08;1528821.8699999999;129870.13;2024;0.2104450810787506;0.25744966958522353;0.03100947095320973;0.08494784941819286;Mandres-les-Roses
94048;3243454.4299999997;812361.9400000001;369477.05;159236.1;145394.61000000002;13535.84;2161458.36;107314.05;2024;0.25046195577349306;0.4309769713707523;0.09309726130837999;0.049648909266982136;Marolles-en-Brie
94052;23700858.080000002;3547614.73;1956164.07;382470.14;1063468.9;228801.44;16635030.85;3095903.58;2024;0.14968296582450147;0.19552048106067094;0.2151463385530127;0.1861074745166463;Nogent-sur-Marne
94053;2904661.67;327936.32;429558.78;298675.6;200607.49;41184.02;1405483.99;32441.14;2024;0.11290000600999428;0.6953078691582092;0.2052965220790111;0.02308182820353578;Noiseau
94054;33109513.89;0.0;3462220.5300000003;563284.43;696282.87;-1262.119999999999;12206152.71;9718718.379999999;2024;0.0;0.16269455545051603;-0.0018126541013424602;0.7962147132599653;Orly
94055;6121509.24;1692385.7;929274.65;381790.81;280808.46;54846.939999999995;4097063.07;1650462.33;2024;0.2764654325670837;0.41084819218946733;0.19531797581881968;0.40284035217451514;Ormesson-sur-Marne
94058;23985389.400000002;5816086.71;2433056.79;910571.51;2061280.8699999999;534140.6;10319993.11;1551478.2;2024;0.24248456479093058;0.3742500026068031;0.25913043087621535;0.1503371352541533;Le Perreux-sur-Marne
94059;11720410.59;2152509.2;1234793.21;311979.23;611463.8099999999;121531.44;3408059.67;775680.3099999999;2024;0.18365476051125273;0.2526570663601236;0.19875491895423872;0.22760173973127645;Le Plessis-Trévise
94060;9421048.12;1883222.9600000002;948844.75;264299.09;567301.6;56504.81;1802320.2;221467.25999999998;2024;0.19989527025152276;0.2785482978116283;0.09960276861549483;0.12287897566703186;La Queue-en-Brie
94065;14163489.14;2050723.9700000002;1220985.28;0.0;1011262.41;0.0;19154725.27;1483991.07;2024;0.14478946181477428;0.0;0.0;0.0774738895537289;Rungis
94067;18729193.35;874284.1200000001;1857179.97;487364.94;1225276.59;9636.94;9966316.55;188241.16;2024;0.04668028695426971;0.26242203118311686;0.00786511394949609;0.018887736412506382;Saint-Mandé
94068;70359314.65;13289602.33;6819773.04;1393327.0;2293972.34;387920.58;19882654.16;3811593.28;2024;0.188881918422723;0.20430694567513055;0.1691042970465808;0.19170444998576588;Saint-Maur-des-Fossés
94069;14249956.86;2487309.04;1231378.04;306432.97;629076.12;204997.74;2679681.5;219174.69;2024;0.17454853122972894;0.24885369078045275;0.32587112033437227;0.08179132109543616;Saint-Maurice
94070;2595657.76;398584.72;397524.48;121579.56;265176.89;9654.51;3337138.6100000003;849884.93;2024;0.15355827187325344;0.3058416930700721;0.03640781065046807;0.2546747466387079;Santeny
94071;20152197.52;4575699.58;2747511.29;679533.99;498427.62;90239.17;13330369.180000002;7441249.950000001;2024;0.2270571026042623;0.2473270965157708;0.18104769153844244;0.5582178444963367;Sucy-en-Brie
94073;20280463.48;5311236.85;2479381.26;634406.97;1046064.4299999999;287306.12;7996712.03;656643.0800000001;2024;0.2618893229554535;0.25587310037182426;0.2746543250686767;0.082114133600982;Thiais
94074;17922584.6;4645243.4399999995;1590061.61;702840.93;441880.55;75955.51999999999;13481756.85;1324643.78;2024;0.2591837920519566;0.44202119312848515;0.17189152136250394;0.09825453720447422;Valenton
94075;8536355.61;2243187.0;1175184.36;352725.7;311006.44;54440.98;11003111.11;8703587.04;2024;0.2627804068251557;0.30014499171857595;0.175047757853503;0.7910114651200681;Villecresnes
94076;55825600.05;10964308.5;3605845.02;0.6;1368583.43;45159.14;15509392.89;1698821.98;2024;0.19640287771523918;1.6639650253188086e-07;0.032996994563933894;0.10953504060725358;Villejuif
94077;17058292.94;3050553.59;1989585.3599999999;575695.58;956890.16;41960.17;12685985.9;809716.66;2024;0.17883111755261014;0.28935455174438957;0.04385056065369091;0.06382764937489013;Villeneuve-le-Roi
94078;29719900.8;8093885.57;2701258.32;1266436.48;433006.83999999997;69103.20999999999;3826684.4299999997;467103.76;2024;0.27233891608413446;0.4688320515751341;0.15958918801375055;0.1220648758852582;Villeneuve-Saint-Georges
94079;33556211.769999996;5121126.449999999;2356666.35;678368.97;1174494.08;148704.9;5583136.24;1321861.59;2024;0.15261336664284617;0.28785108676924076;0.12661187700494836;0.23675968723987292;Villiers-sur-Marne
94080;33582774.02;3014498.14;2678441.3;853450.81;2949230.08;377856.36;29113730.64;2064255.44;2024;0.08976322617675167;0.3186371155492562;0.12812033980068452;0.07090315787849852;Vincennes
94081;106904075.52;21143842.35;9273488.26;2586143.2;3195875.76;386820.68000000005;31021070.52;12648619.01;2024;0.19778331412673164;0.2788749095801411;0.1210374586025835;0.40774282763211356;Vitry-sur-Seine
75056;2688050833.8700004;444022080.58;147856106.37;21822911.9;69403512.25;6994596.2;1548318395.58;63172361.21000001;2025;0.16518366207410562;0.14759560789048254;0.10078158832660519;0.040800626919074774;Paris
92002;52986436.589999996;11280224.59;3808816.5300000003;1255538.21;2190283.6;158876.45;39009965.83;2874095.43;2025;0.2128889073497139;0.32963998137237654;0.07253693083397968;0.07367592790326728;Antony
92004;60481043.949999996;7169910.38;6342943.12;1978279.85;3919748.13;391143.18000000005;46727314.57;10931054.58;2025;0.118548059222116;0.3118867397316342;0.09978783509235326;0.233932865190117;Asnières-sur-Seine
92007;45350306.88;12036596.11;3002559.8;0.0;2558498.7600000002;307511.0;15205827.840000002;3579610.5700000003;2025;0.26541377419671386;0.0;0.12019196757398466;0.23541043655535693;Bagneux
92009;30438604.23;4715695.76;2114808.06;662333.62;1200886.75;258122.72000000003;28002027.69;1015423.03;2025;0.15492483572398022;0.3131885264329851;0.21494343242608016;0.036262482175982734;Bois-Colombes
92012;95360878.13;18460334.67;6508212.989999999;2187904.86;3982869.75;709771.19;49463304.11000001;5208980.56;2025;0.19358394167505558;0.33617597693280166;0.17820597572893263;0.10531000008442418;Boulogne-Billancourt
92014;18100388.18;2596425.44;1432754.34;428886.46;613064.94;90061.49;21759719.9;241542.08;2025;0.14344584293882254;0.2993440313012767;0.14690367059646245;0.011100422299094024;Bourg-la-Reine
92019;28326127.84;5916237.4399999995;1832275.81;914194.13;1719176.83;113924.13;5622003.08;1380266.2000000002;2025;0.20886149612180807;0.4989391471581999;0.06626667368475411;0.24551146279343558;Châtenay-Malabry
92020;39274777.0;8334423.39;2614809.96;959391.9199999999;1791252.8599999999;197657.32;16073314.790000001;8213492.24;2025;0.21220803850776795;0.3669069395773603;0.11034585033405056;0.511001765803157;Châtillon
92022;16825182.13;2545804.75;822229.63;353971.46;818523.51;251613.19999999998;6636676.2299999995;2758998.23;2025;0.1513091941786903;0.43050195113985373;0.3073988675047342;0.41571987759903123;Chaville
92023;46477844.83;1751247.5899999999;2787890.08;1266336.6300000001;1754228.08;653211.6;40615560.46;14364449.44;2025;0.037679190943673536;0.45422760355028063;0.3723641226858026;0.3536686254556734;Clamart
92024;67878287.25;17255280.389999997;5552156.08;1564245.86;4318638.79;623334.15;47742161.79;3258483.99;2025;0.25420913062298867;0.28173665103449325;0.1443357919730073;0.06825170599381022;Clichy
92025;73474842.94;17383314.13;5072703.54;2254803.5300000003;3123182.4299999997;519688.91;63944199.84;27329799.330000002;2025;0.23658865312846356;0.4444973991127422;0.16639723155717165;0.42740075563356994;Colombes
92026;81321957.19;16783187.71;6794493.18;1664214.79;3837361.92;737956.76;42531904.36;6736425.390000001;2025;0.20637953499800663;0.24493582463202945;0.1923083554235093;0.15838522848592243;Courbevoie
92032;22457505.22;5854452.82;1271858.05;0.0;1033363.0900000001;74782.11;6197452.3;682584.61;2025;0.26069025756192166;0.0;0.07236769991465439;0.11013955040847995;Fontenay-aux-Roses
92033;17718452.8;2866282.07;1261256.97;283260.99;511080.21;13781.67;10964801.439999998;460266.42;2025;0.16176819174640347;0.22458626333696297;0.02696576727163824;0.04197672183291265;Garches
92035;26821907.73;3485176.18;2053479.45;452262.48;1592186.02;131249.44;23033735.88;3810160.97;2025;0.129937669426171;0.22024202871862195;0.0824334834945982;0.16541654336274347;La Garenne-Colombes
92036;88032953.38;0.0;4242304.24;0.0;4624966.8100000005;53872.25;53388640.77;5154164.37;2025;0.0;0.0;0.0116481376436083;0.09654046807829979;Gennevilliers
92040;49773548.28;13419211.92;4508886.19;178000.0;3079488.28;374385.33999999997;37877539.65;14418355.510000002;2025;0.26960529003298134;0.03947759879031233;0.12157388045003373;0.3806571293497412;Issy-les-Moulineaux
92044;79780419.29;2340156.91;7342123.84;1116490.53;4444931.79;234724.17;33166757.97;6730403.3100000005;2025;0.029332471937676626;0.15206642578232513;0.05280714780102396;0.2029261743365989;Levallois-Perret
92046;33459862.13;1366592.17;2684745.74;0.0;1193014.9200000002;297443.94;12194090.46;4600134.07;2025;0.04084273164935483;0.0;0.2493212239122709;0.37724290180474845;Malakoff
92048;32436888.48;3813792.66;2729252.86;709463.64;1610470.6300000001;323593.46;20937111.68;5591170.080000001;2025;0.11757578604839104;0.2599479331497339;0.20093099120969377;0.2670459118456592;Meudon
92049;48041713.06;11788150.06;3218305.27;579492.95;1366355.37;88076.85;28580855.86;6287757.49;2025;0.24537322483229534;0.18006152349867044;0.06446115844664921;0.21999892238356505;Montrouge
92050;123680705.46;19465359.22;9220240.459999999;2375715.21;5747380.34;1218539.4100000001;69616321.01;11908088.41;2025;0.15738396015452352;0.2576630425536646;0.21201649062953787;0.17105311279361443;Nanterre
92051;59872879.27;7032923.32;3544795.88;758561.39;2928397.89;245617.04;51970328.43000001;888101.4400000001;2025;0.11746425770313551;0.21399296762892875;0.08387420331053441;0.017088624737020927;Neuilly-sur-Seine
92060;33455988.32;566593.45;2594416.3;1100583.56;3158486.66;330675.70999999996;49704633.980000004;7146554.04;2025;0.01693548684261377;0.42421239798716964;0.10469435067995504;0.14378043791401035;Le Plessis-Robinson
92062;72979033.32;10524967.879999999;9628427.8;1766491.38;9864232.67;1180597.76;37905358.18;5954164.510000001;2025;0.1442190640406252;0.1834662331891817;0.11968470326035001;0.15707975853243872;Puteaux
92063;85015080.77;10838070.9;7443648.9799999995;1576254.63;8502359.44;1235446.74;37757722.24;6701488.33;2025;0.1274840981369099;0.21175832367098;0.14530634098903727;0.17748656254747638;Rueil-Malmaison
92064;22636576.45;2373560.9;2035928.28;467085.23000000004;1097836.66;202362.48;11103389.98;744732.26;2025;0.10485511823056617;0.22942125937756513;0.1843284045551913;0.06707251220946488;Saint-Cloud
92071;22257306.580000002;3570371.63;1010571.78;381195.39;1570594.6500000001;140845.63;8458677.59;410345.31;2025;0.16041346319991245;0.37720763388029693;0.08967662662036954;0.04851175678868735;Sceaux
92072;16784597.02;2438301.2600000002;1366926.2;375922.39999999997;1044876.82;181169.8;10291750.49;2407566.53;2025;0.1452701698524306;0.27501294510266905;0.17338866795800867;0.23393168463803282;Sèvres
92073;49956079.44;9624025.85;4844761.55;0.0;1428093.31;139378.72999999998;23819161.02;2870750.4299999997;2025;0.19264974269165747;0.0;0.09759777531623615;0.12052273493552292;Suresnes
92075;25348771.91;5466080.58;1759316.3299999998;580668.12;1290491.22;242810.55000000002;16813388.39;12486635.81;2025;0.215634926986094;0.33005327700220916;0.18815358542307636;0.7426602847898645;Vanves
92076;6212072.57;1286601.31;404466.77999999997;67403.75;353959.6;29628.41;5260228.73;504376.89999999997;2025;0.20711305212585435;0.16664842042157332;0.0837056262918141;0.09588497494860836;Vaucresson
92077;6760203.930000001;543289.9299999999;723626.13;204198.62;485173.04000000004;75869.5;3081073.4999999995;166485.99;2025;0.08036590842903757;0.28218801330460525;0.1563761663261421;0.05403505953363333;Ville-d'Avray
92078;30614168.42;696972.6200000001;2520216.46;544360.66;753044.25;142046.96;27913052.990000002;5001061.610000001;2025;0.022766341729036587;0.21599758141409808;0.18863029629400926;0.17916569756062362;Villeneuve-la-Garenne
93001;83902920.89;8432371.82;6725136.21;1901592.59;2706560.76;636359.2999999999;24403374.830000002;6014685.05;2025;0.1005015287972533;0.2827589703197997;0.23511731545239722;0.24646939580692412;Aubervilliers
93005;92261354.25999999;8789358.37;8433395.42;823384.33;2164934.95;541584.28;26731331.1;2053510.31;2025;0.09526587204899327;0.09763378674825614;0.2501619182599459;0.07682035370097974;Aulnay-sous-Bois
93006;46194823.47;3539379.7800000003;3264914.91;0.0;1545315.4;-8066.02;14650503.1;7474693.2299999995;2025;0.07661853675658176;0.0;-0.005219659365330858;0.5102004469730462;Bagnolet
93007;50836973.23;11461130.56;5073124.37;602.64;1973731.19;304360.91;38425155.31;5493154.3100000005;2025;0.22544872032697139;0.00011879070096600056;0.1542058571815952;0.14295724417203404;Le Blanc-Mesnil
93008;68362725.3;14505998.12;4558621.290000001;859632.72;791973.16;77916.84;36957212.42;23138923.01;2025;0.21219163010752587;0.18857296215540637;0.09838318258159152;0.6261003331917424;Bobigny
93010;50419651.379999995;19624932.12;4030091.7199999997;294774.67;1618056.6300000001;434201.19999999995;12406071.93;1008683.54;2025;0.38923180908356375;0.07314341471116692;0.26834734455493064;0.08130563370028761;Bondy
93013;12208996.58;2246021.9699999997;1567551.87;446988.18000000005;552733.69;43798.26;3482890.71;547327.9299999999;2025;0.18396450152826563;0.28515048755611516;0.07923935304178764;0.1571476039797987;Le Bourget
93014;29552894.25;4620719.2700000005;2907607.73;892871.5599999999;909816.69;181244.5;24090260.7;15628858.27;2025;0.156354204461717;0.3070811618732352;0.19920990897627963;0.648762521278983;Clichy-sous-Bois
93015;3683151.81;979858.92;321755.26;137319.36;185750.63;19161.72;2438914.15;31372.940000000002;2025;0.2660381571402022;0.42678202059540526;0.10315830422755498;0.012863486810308597;Coubron
93027;47731275.18;14488642.53;3218671.4499999997;1436951.73;1090792.82;197109.04;20281921.75;15509827.09;2025;0.3035461021177771;0.4464425003676595;0.1807025462452164;0.7647119085251377;La Courneuve
93029;64937271.64;11965297.11;4878764.77;1683927.33;1869622.88;163212.22999999998;64571119.77;7712047.760000001;2025;0.18425931376257002;0.34515444162314063;0.08729687240455679;0.1194349391410593;Drancy
93030;14190921.75;2694428.5700000003;889944.04;45276.61;693149.75;26926.62;4727620.2;581685.91;2025;0.1898698771980756;0.05087579439264518;0.0388467571401418;0.12303989859422294;Dugny
93031;39519717.79;682542.35;3443154.59;1155698.81;2136256.97;430407.86;39750344.63;19555647.490000002;2025;0.01727093178212698;0.3356511535545083;0.2014775684968274;0.4919617093141162;Épinay-sur-Seine
93032;29187427.82;5395482.9;2935973.66;958465.04;1493570.23;207523.30000000002;20760834.25;4510109.09;2025;0.1848564023275416;0.32645559906010874;0.13894445392099172;0.2172412262286618;Gagny
93033;6460252.67;1099089.47;521325.83999999997;166169.61;449321.27;103917.47;4465431.99;954803.13;2025;0.17013103451880932;0.3187442425643049;0.2312765429511049;0.21382099920863423;Gournay-sur-Marne
93039;7636699.72;2720702.78;422227.77;0.0;282749.61;28195.88;5348006.5600000005;995579.86;2025;0.35626682726239234;0.0;0.09972031437992082;0.18615905736660127;L'Île-Saint-Denis
93045;24287978.84;0.0;1442774.54;351129.3;836994.52;57872.3;7440403.38;990951.23;2025;0.0;0.24337087345608413;0.06914298554786237;0.1331851486256381;Les Lilas
93046;42778596.62;7526139.97;3640905.59;1240922.93;1557548.35;441251.99;26999442.700000003;9710038.090000002;2025;0.17593237190210567;0.3408280987588036;0.2832990641991948;0.35963846357465745;Livry-Gargan
93047;23653795.21;1978161.8900000006;1855333.09;0.0;693061.42;81028.95999999999;17737072.57;4851523.72;2025;0.08362978847317079;0.0;0.11691454416839418;0.27352448950373776;Montfermeil
93048;116009724.37;22600888.37;5599140.92;36000.0;3756464.97;-3176.59;37887791.08;16893402.89;2025;0.19481891274835722;0.006429557768658553;-0.0008456328024802532;0.4458798575596453;Montreuil
93049;18375060.78;3076113.5599999996;1701095.0;729785.15;1116209.78;352002.1;12572886.280000001;898702.2600000001;2025;0.16740698693895692;0.42900905005305406;0.31535478931209504;0.07147939144487354;Neuilly-Plaisance
93050;36131547.769999996;10920138.37;3293868.2;1135935.19;1114805.8699999999;152677.52000000002;13321795.629999999;544185.47;2025;0.3022327866913851;0.344863583187694;0.13695435600819006;0.04084925824672781;Neuilly-sur-Marne
93051;69774600.59;14714676.959999999;5208110.779999999;1771602.97;4088985.53;736990.54;37899654.089999996;9455959.510000002;2025;0.21088873079280493;0.34016230545695114;0.18023799169570554;0.24949988956482327;Noisy-le-Grand
93053;39698199.97;9973028.87;2611618.1;765062.76;1929969.22;226545.82;13404855.64;2642547.26;2025;0.25122118578516495;0.2929458790318539;0.11738312593399806;0.19713358584143617;Noisy-le-Sec
93055;69825227.07000001;3888513.95;4208903.13;824951.8500000001;3785450.95;97220.73;54544327.74;19881128.3;2025;0.05568924174212499;0.19600162429967832;0.025682734047841774;0.36449488193838725;Pantin
93057;20858887.389999997;269078.41000000003;1810558.16;778245.67;829855.89;273881.1;5535480.06;881133.7400000001;2025;0.012899940680872532;0.42983743201046914;0.33003453165826174;0.15917928173333537;Les Pavillons-sous-Bois
93061;13074433.129999999;3468653.9499999997;882878.59;360256.35;815683.87;335501.81;6639347.55;305188.79;2025;0.26530052320516934;0.4080474417212903;0.41131352762927625;0.04596668387995444;Le Pré-Saint-Gervais
93062;6452056.75;626556.39;1176031.53;191141.28;388352.47;124709.94;6640639.7700000005;449384.09;2025;0.09710955967645511;0.16253074439254192;0.32112565165350954;0.06767180656751691;Le Raincy
93063;29123201.48;4353707.41;2754324.29;1095597.36;808674.75;122562.74;23106122.11;6231874.220000001;2025;0.1494927476634001;0.39777355338212556;0.15155999368101947;0.269706625384055;Romainville
93064;42362931.96;5585896.75;2654516.93;1214911.8;1562053.8;244994.54;13354070.73;5156032.38;2025;0.13185812434498928;0.45767717141664643;0.15684129445477485;0.38610192234619084;Rosny-sous-Bois
93066;152096178.21;28365278.45;11006806.81;0.0;5266254.9799999995;1247703.82;50144449.93;24907344.68;2025;0.18649566862117933;0.0;0.2369243085909221;0.49671189363468604;Saint-Denis
93070;66630143.79;10944481.99;5722289.609999999;1583376.41;2258761.35;510360.89;23162433.56;8705499.28;2025;0.1642572170411941;0.27670329848964076;0.22594723873772676;0.37584562336462884;Saint-Ouen-sur-Seine
93071;50142090.48;3702349.62;4104497.96;1280542.06;1801052.9999999998;130455.47;35399506.87;2714520.21;2025;0.07383716124633342;0.31198506430735323;0.07243288787170617;0.076682430067987;Sevran
93072;40097846.43;0.0;3051213.4;1581314.0;1548956.49;232505.17;11186149.47;1223449.07;2025;0.0;0.5182574250624359;0.15010439060170117;0.10937177920616503;Stains
93073;67401869.51;4592338.93;3707743.22;1056727.08;1363090.15;210299.69;28860916.96;14757131.660000002;2025;0.0681337025721321;0.2850054648606437;0.15428157117854605;0.5113188773749897;Tremblay-en-France
93074;7827551.22;531327.87;1001276.21;0.0;410690.55;14378.94;3715834.92;1132138.3699999999;2025;0.06787919428012379;0.0;0.03501161641045795;0.30467940432617496;Vaujours
93077;25219220.59;4758555.92;2089279.3599999999;624437.14;1076308.3;156204.17;8679241.33;926091.05;2025;0.1886876679244749;0.2988768050625839;0.14512957857892578;0.10670184348935485;Villemomble
93078;40433688.27;6776622.37;2926560.19;765964.2;3617977.12;496040.82;11373955.9;2469339.94;2025;0.16759842250225668;0.2617284970311853;0.13710446571314966;0.2171047577211021;Villepinte
93079;12563090.26;3553675.27;850403.54;91522.47;850783.43;232841.28999999998;7372951.37;3201000.0800000005;2025;0.2828663327616656;0.10762240006667893;0.2736786845977947;0.434154508739151;Villetaneuse
94001;4096969.91;1095879.35;531783.58;166555.74;149544.66;15750.97;3480360.5;581859.15;2025;0.2674853303962879;0.31320211127993086;0.1053261948637952;0.16718358629802862;Ablon-sur-Seine
94002;32125272.17;7074510.870000001;2496750.57;875815.27;1827586.3;80572.06;17143035.54;6421911.199999999;2025;0.22021637147735956;0.3507820446797775;0.044086596622003565;0.3746075883127989;Alfortville
94003;27307550.57;5628235.36;1283637.3699999999;0.0;1300700.78;3514.12;15574404.42;1672019.43;2025;0.20610546323342396;0.0;0.0027017128412885243;0.10735687766351196;Arcueil
94004;14267351.19;2454221.37;1357778.24;368511.98;292409.92;2196.0;9253430.44;997959.8300000001;2025;0.17201660892178544;0.271408076181866;0.007510005132520812;0.10784755302056392;Boissy-Saint-Léger
94011;25352826.45;0.0;1148677.08;0.0;802921.64;0.0;14615404.58;0.0;2025;0.0;0.0;0.0;0.0;Bonneuil-sur-Marne
94015;17908236.439999998;1365282.94;1121951.0999999999;407143.45999999996;1117353.8900000001;144051.52;9045938.68;2181533.35;2025;0.07623771020526017;0.3628887747424999;0.12892201950449197;0.2411616336537006;Bry-sur-Marne
94016;28700381.28;4880360.49;2367491.72;1135603.28;832565.81;231313.46;6705165.4799999995;992152.86;2025;0.17004514478004176;0.4796651538025231;0.27783204309098397;0.14796843761117737;Cachan
94017;70689996.09;10553679.43;5470170.87;0.0;1785033.6400000001;401314.32;42523692.92;12726350.59;2025;0.1492952329006134;0.0;0.22482171260369074;0.29927670237724024;Champigny-sur-Marne
94018;29006306.97;2122496.78;2222972.38;746631.54;1364153.58;284554.15;10913621.84;3051738.81;2025;0.07317363021067139;0.3358708127538679;0.20859392532620852;0.2796265854489237;Charenton-le-Pont
94019;12211826.37;2536398.38;1263578.35;402886.56000000006;798291.57;262876.88;7871829.44;1998521.59;2025;0.20770016729283058;0.31884572887783336;0.3292993310702254;0.25388273529463057;Chennevières-sur-Marne
94021;26743090.8;8533093.82;1680670.5799999998;486134.08999999997;657333.73;3576.0;7780178.5200000005;1101451.6;2025;0.31907657509804366;0.28925007421739957;0.005440158988950712;0.141571507282072;Chevilly-Larue
94022;42108839.800000004;9282829.600000001;3100787.9899999998;836002.0900000001;830033.74;79006.26000000001;17477929.12;1625446.85;2025;0.22044847694901346;0.26960956140700226;0.09518439575721345;0.09299996806486649;Choisy-le-Roi
94028;89828168.07;21617215.26;6113205.68;2236964.46;1564470.44;93197.17000000001;15048687.31;4378917.75;2025;0.24065074157088956;0.3659233104684284;0.05957106482625521;0.2909833701634671;Créteil
94033;66285529.18;11362511.33;4517186.35;1299010.1300000001;2323762.47;325971.72000000003;21535532.73;1565319.5499999998;2025;0.17141767548004058;0.28757063121825827;0.14027755599306155;0.07268543432962941;Fontenay-sous-Bois
94034;25959879.27;6267661.109999999;1438224.96;526973.59;1026272.03;242093.03;4820699.86;1240065.77;2025;0.24143645064031916;0.3664055378374187;0.23589557439268807;0.25723770531526097;Fresnes
94037;22859755.759999998;1213137.78;1662047.48;649806.91;348612.17;59770.68;3717294.6999999997;1080888.1099999999;2025;0.05306871135179618;0.39096771772127714;0.17145322264566956;0.2907727789244151;Gentilly
94038;20388123.88;4442289.23;2257312.99;920018.73;1025726.4299999999;278054.07;12992499.78;1705602.4600000002;2025;0.2178861211628071;0.40757251390291244;0.2710801456095852;0.13127592756441828;L'Haÿ-les-Roses
94041;90716082.22;14008074.98;5374449.2299999995;1662774.71;1365724.27;220790.83;28004202.26;11923068.26;2025;0.15441666612132052;0.3093851367538177;0.16166574384740193;0.4257599680684494;Ivry-sur-Seine
94042;19234568.689999998;1477785.6;1408365.84;400712.91000000003;1069803.95;191757.3;12347412.69;1751842.77;2025;0.07682967181729929;0.28452330965369055;0.1792452719958643;0.1418793405535715;Joinville-le-Pont
94043;26719829.400000002;3877444.56;1553749.35;609948.64;777560.92;175545.26;5815631.51;576910.41;2025;0.14511486963311224;0.3925656606067124;0.22576399544359818;0.09919995945547795;Le Kremlin-Bicêtre
94044;18995556.82;4064872.66;1495655.4000000001;556094.98;627098.0599999999;137588.03;8050484.25;1022752.13;2025;0.2139907083808244;0.371806888137468;0.21940433048062694;0.12704231177149375;Limeil-Brévannes
94046;42414909.35;9645742.89;3677510.56;1192152.89;1578229.65;4898.9400000000005;16307178.540000001;3494475.5100000002;2025;0.22741396923438198;0.32417388626071;0.0031040729718897378;0.2142906267585392;Maisons-Alfort
94047;2277999.07;371305.27;331301.02;73467.66;238036.69;27557.65;3663766.4200000004;1087688.97;2025;0.16299623423463472;0.22175500697220915;0.1157705982216439;0.2968772692665271;Mandres-les-Roses
94048;3402213.27;715621.87;296989.69;99063.39;136350.23;4874.9400000000005;1824818.71;70766.00000000001;2025;0.21034009722735578;0.3335583467560776;0.03575307500398056;0.038779742673725665;Marolles-en-Brie
94052;24239527.21;3616720.0700000003;1940592.33;555539.95;1124513.48;241727.42;18476519.830000002;3161892.9400000004;2025;0.14920753357383656;0.28627339261925244;0.21496178062712065;0.17113033022951055;Nogent-sur-Marne
94053;3009910.8099999996;381345.73;474654.79000000004;174506.57;180073.47;33581.56;2580157.88;106961.76999999999;2025;0.12669668773341494;0.3676494447680597;0.18648810399444182;0.041455513567255034;Noiseau
94054;33791230.53;0.0;3619292.41;513226.82;598933.69;26738.32;15956271.68;11984378.19;2025;0.0;0.1418030824428469;0.04464320582801078;0.751076343543431;Orly
94055;6041516.630000001;1321789.5;727761.35;196472.26;314419.49;64839.46000000001;5243065.49;184744.46;2025;0.2187843849401106;0.2699679778267972;0.20621959535650924;0.03523596269250491;Ormesson-sur-Marne
94058;24768008.43;5965862.09;2587128.09;728969.98;1705111.58;495273.69;11242329.25;691492.95;2025;0.2408696729436635;0.281768027960301;0.2904640938512657;0.061507978873684026;Le Perreux-sur-Marne
94059;12224394.08;2112341.84;1147504.74;297236.76;503490.49;59076.05;2988186.1;782158.0;2025;0.17279726309346857;0.25902878623403336;0.1173330006689898;0.26175009648830105;Le Plessis-Trévise
94060;9446894.42;1922297.28;715539.05;230751.17;509295.44;76910.17;3385853.5500000003;136076.3;2025;0.20348457329324107;0.3224857818731207;0.1510128777120015;0.040189659118599494;La Queue-en-Brie
94065;14898871.92;2005165.9099999997;992602.5;0.0;1025802.01;0.0;11516873.57;888404.42;2025;0.13458508273423694;0.0;0.0;0.07713937420605027;Rungis
94067;19386767.8;1046897.2000000001;1303746.64;325164.45999999996;1183336.48;16072.890000000001;8251120.9;305105.98;2025;0.054000605505782145;0.24940770700663129;0.013582687825190686;0.03697751901805244;Saint-Mandé
94068;72137074.17;13552458.81;5065256.74;1251171.9600000002;2128276.4;397685.69999999995;19877642.0;6616656.43;2025;0.18787092443009185;0.24701057107719285;0.1868581073398173;0.3328692824833046;Saint-Maur-des-Fossés
94069;13839259.46;2238529.41;827357.5700000001;195491.52;562250.07;175322.69;3535569.71;246108.31;2025;0.16175210938635007;0.23628419813696752;0.31182333156490316;0.06960923703580434;Saint-Maurice
94070;2796614.0;360397.42000000004;309086.89999999997;75508.51;306393.77;11832.73;2840020.06;1066584.89;2025;0.12886920397309032;0.24429540689042467;0.03861935573951128;0.3755554071684972;Santeny
94071;20084353.11;4719540.17;2155819.47;583089.1699999999;423293.77;84956.90000000001;7592248.12;801001.0199999999;2025;0.2349859188469526;0.2704721699168993;0.20070434771577197;0.10550248191835963;Sucy-en-Brie
94073;20880093.02;5291525.51;2177060.31;585621.34;1193306.73;354098.30000000005;6276708.4799999995;1500817.57;2025;0.2534244222442645;0.26899637888304523;0.29673703424097847;0.23910901307304305;Thiais
94074;18542826.8;4575190.67;1115074.36;448071.20999999996;523217.76;119726.47;17319620.8;686040.29;2025;0.24673641831136553;0.4018307891143689;0.22882722864759025;0.03961058373749153;Valenton
94075;8617971.64;2109669.65;911776.08;291444.7;389053.46;50694.5;6749120.05;3445626.25;2025;0.24479886197444017;0.31964503828615465;0.13030214408066182;0.5105297023128222;Villecresnes
94076;55683549.1;11024652.4;3216121.1799999997;0.0;1396739.79;27630.97;20444920.7;1684161.82;2025;0.1979876027693788;0.0;0.01978247501633787;0.08237556137843079;Villejuif
94077;17472761.169999998;3061663.9299999997;1646846.19;483125.95;900651.6;35232.99;20853725.68;864753.51;2025;0.17522496302740914;0.2933643426651763;0.039119444189073774;0.04146757866050533;Villeneuve-le-Roi
94078;30596512.13;7715091.64;2377615.61;1090082.64;460561.52;92724.36;5483268.09;1010289.93;2025;0.25215591918515845;0.4584772388838749;0.20132893429742024;0.1842495959375935;Villeneuve-Saint-Georges
94079;34825662.11;5230909.17;2703680.12;785333.39;1153274.24;118015.0;9482236.93;3756707.0000000005;2025;0.15020271986438335;0.29046830806301155;0.102330387610149;0.3961836249961749;Villiers-sur-Marne
94080;33578695.56;3153872.46;3060568.4299999997;874869.71;2884230.93;382463.54;24257651.71;1469929.68;2025;0.09392480581517859;0.28585203370211854;0.13260503381398797;0.06059653661339504;Vincennes
94081;105891754.75;20609806.29;8095776.5200000005;2391090.27;3674325.45;381317.94;27782959.57;12331580.63;2025;0.19463088829397265;0.295350330396719;0.10377903242076719;0.44385410412919524;Vitry-sur-Seine
