batiment_groupe_id;code_departement_insee;libelle_commune_insee;annee_construction;annee_construction_dpe;classe_bilan_dpe;classe_conso_energie_dpe_tertiaire;mat_mur_txt;mat_toit_txt;nb_niveau;hauteur_mean;surface_emprise_sol;usage_niveau_1_txt;usage_principal_bdnb_open;l_denomination_proprietaire
bdnb-bg-111T-SLS8-3DLP;75;Paris 20e Arrondissement;2024.0;;;;INDETERMINE;INDETERMINE;2.0;12.0;1646;Tertiaire & Autres;Tertiaire;"[""VILLE DE PARIS""]"
bdnb-bg-1181-HPVM-1PVD;93;Drancy;2002.0;;;;INDETERMINE;INDETERMINE;1.0;13.0;4375;Tertiaire & Autres;Tertiaire;"[""DEPARTEMENT DE LA SEINE SAINT DENIS""]"
bdnb-bg-12MU-PJXE-DC9S;75;Paris 13e Arrondissement;;;;;INDETERMINE;INDETERMINE;7.0;16.0;1511;Résidentiel collectif;Tertiaire;"[""MINISTERE DE L'EDUCATION NATIONALE  DE L'ENSEIGNEMENT SUPERI"", ""VILLE DE PARIS""]"
bdnb-bg-13YT-KW6N-HSMM;93;Tremblay-en-France;1958.0;;;;BRIQUES;TUILES;2.0;7.0;2724;Résidentiel collectif;Tertiaire;"[""COMMUNE DE TREMBLAY EN FRANCE""]"
bdnb-bg-14G9-EKG4-SR3X;93;Romainville;1973.0;;;C;BETON - BRIQUES;BETON;2.0;11.0;3770;Résidentiel collectif;Tertiaire;"[""COMMUNE DE ROMAINVILLE""]"
bdnb-bg-16TX-JSR4-M1X8;75;Paris 12e Arrondissement;1990.0;;;;INDETERMINE;INDETERMINE;2.0;7.0;1130;Résidentiel collectif;Tertiaire;"[""REGIE IMMOBILIERE DE LA VILLE DE PARIS""]"
bdnb-bg-16VQ-JMAJ-KK7K;93;Saint-Ouen-sur-Seine;2024.0;;;;BRIQUES;INDETERMINE;3.0;;1594;Tertiaire & Autres;Tertiaire;"[""COMMUNE DE ST OUEN-SUR-SEINE""]"
bdnb-bg-16WG-3WX4-NY42;93;Montfermeil;1930.0;;;C;BRIQUES - PIERRE;TUILES;2.0;9.0;1079;Résidentiel collectif;Tertiaire;"[""COMMUNE DE MONTFERMEIL""]"
bdnb-bg-16Z9-Z29B-QHR8;93;Épinay-sur-Seine;1982.0;;C;;BETON;ZINC ALUMINIUM;8.0;9.0;2164;Résidentiel collectif;Tertiaire;"[""SEINE-SAINT-DENIS HABITAT""]"
bdnb-bg-176A-JM3P-54X9;75;Paris 10e Arrondissement;;;;;INDETERMINE;INDETERMINE;3.0;15.0;3965;Résidentiel collectif;Tertiaire;"[""DIRECTION DES SERVICES DEPARTEMENTAUX DE L EDUCATION NATIONA"", ""LYCEE GENERAL COLBERT""]"
bdnb-bg-18PY-EMUH-LQQU;75;Paris 20e Arrondissement;2024.0;;;;INDETERMINE;INDETERMINE;4.0;12.0;1166;Tertiaire & Autres;Tertiaire;"[""VILLE DE PARIS"", ""ENEDIS""]"
bdnb-bg-1AXH-41AJ-8VCT;75;Paris 17e Arrondissement;2023.0;;;;INDETERMINE;INDETERMINE;1.0;6.0;779;Tertiaire & Autres;Tertiaire;"[""REGIE IMMOBILIERE DE LA VILLE DE PARIS""]"
bdnb-bg-1B5Y-EDQX-TCVS;75;Paris 5e Arrondissement;1890.0;;;;BRIQUES - PIERRE;ARDOISES;4.0;15.0;1494;Résidentiel collectif;Tertiaire;"[""VILLE DE PARIS""]"
bdnb-bg-1BWZ-3LDG-GDQ7;93;Montreuil;1991.0;;;;INDETERMINE;INDETERMINE;1.0;5.0;671;Résidentiel individuel;Tertiaire;"[""COMMUNE DE MONTREUIL""]"
bdnb-bg-1CMM-QP6H-Y8Y4;75;Paris 11e Arrondissement;1866.0;;;;PIERRE;ARDOISES;4.0;10.0;1309;Résidentiel collectif;Tertiaire;"[""VILLE DE PARIS"", ""ENEDIS""]"
bdnb-bg-1DZB-PA5X-RHZ9;93;Vaujours;2003.0;;;;BETON;INDETERMINE;2.0;9.0;532;Tertiaire & Autres;Tertiaire;"[""COMMUNE DE VAUJOURS""]"
bdnb-bg-1EWX-SWHC-BK5P;75;Paris 15e Arrondissement;1900.0;;;;BETON - BRIQUES;ARDOISES;2.0;13.0;1075;Résidentiel collectif;Tertiaire;"[""VILLE DE PARIS"", ""ENEDIS""]"
bdnb-bg-1F5J-2WWK-PWCP;75;Paris 10e Arrondissement;1880.0;;;;PIERRE;ZINC ALUMINIUM;4.0;17.0;734;Tertiaire & Autres;Tertiaire;"[""VILLE DE PARIS"", ""ENEDIS"", ""GRDF"", ""GRDF AGENCE COMPTABLE""]"
bdnb-bg-1HD8-2PCH-MFJM;75;Paris 19e Arrondissement;2023.0;;;;INDETERMINE;INDETERMINE;3.0;11.0;2647;Tertiaire & Autres;Tertiaire;"[""VILLE DE PARIS""]"
bdnb-bg-1KBK-4VYH-PJZ8;75;Paris 18e Arrondissement;1880.0;;;;PIERRE;ZINC ALUMINIUM;4.0;17.0;572;Tertiaire & Autres;Tertiaire;"[""VILLE DE PARIS"", ""ENEDIS""]"
bdnb-bg-1L1L-RECL-BKF9;75;Paris 13e Arrondissement;1967.0;;;;BETON;BETON;4.0;7.0;1152;Tertiaire & Autres;Tertiaire;"[""VILLE DE PARIS""]"
bdnb-bg-1M5B-B9PA-AGZS;75;Paris 20e Arrondissement;2024.0;;;;INDETERMINE;INDETERMINE;4.0;10.0;3682;Tertiaire & Autres;Tertiaire;"[""VILLE DE PARIS""]"
bdnb-bg-1NRX-Q7QU-2TWA;93;Le Raincy;1930.0;;;B;AGGLOMERE;TUILES;2.0;5.0;152;Résidentiel individuel;Tertiaire;"[""COMMUNE LE RAINCY""]"
bdnb-bg-1P3B-YKPY-7BBR;93;Drancy;1992.0;;;D;BETON - AUTRES;TUILES;2.0;6.0;3705;Résidentiel collectif;Tertiaire;"[""DEPARTEMENT DE LA SEINE SAINT DENIS""]"
bdnb-bg-1S3V-DBAA-YT8T;93;Vaujours;;;;;;;;7.0;1431;;Tertiaire;
bdnb-bg-1SN6-HGJW-1RZZ;93;Tremblay-en-France;1959.0;;;;BRIQUES;TUILES;2.0;6.0;1583;Résidentiel collectif;Tertiaire;"[""COMMUNE DE TREMBLAY EN FRANCE""]"
bdnb-bg-1SYH-ZQTK-E7TB;75;Paris 12e Arrondissement;1991.0;;;;BETON - PIERRE;TUILES - AUTRES;1.0;9.0;4862;Tertiaire & Autres;Tertiaire;"[""VILLE DE PARIS""]"
bdnb-bg-1T1S-2QHP-5FSU;93;Villepinte;2000.0;;D;;INDETERMINE;INDETERMINE;1.0;5.0;5992;Résidentiel collectif;Tertiaire;"[""COMMUNE DE VILLEPINTE""]"
bdnb-bg-1T99-2FWN-3DBD;93;Neuilly-Plaisance;2003.0;;;;INDETERMINE;INDETERMINE;1.0;8.0;1120;Tertiaire & Autres;Tertiaire;"[""COMMUNE DE NEUILLY PLAISANCE""]"
bdnb-bg-1TJT-R3NL-FC4P;93;Les Lilas;1977.0;1977.0;C;C;BETON;BETON - AUTRES;19.0;19.0;2660;Résidentiel collectif;Tertiaire;"[""DE PARTICIPATION DES LILAS"", ""COGISY"", ""LES JARDINS D'ISABELLE ET BENJAMIN"", ""SCI ILONA"", ""DRS NGUYEN - TRAN SELARL DE CHIRURGIENS DENTISTES"", ""SCI NGUYEN LONG-PERROTEAU CATHERINE"", ""SEQENS SOCIETE ANONYME D'HABITATIONS A LOYER MODERE"", ""IN'LI"", ""L'ENTRAIDE LUTHERIENNE DE L'INSPECTION"", ""SOGEPIERRE""]"
bdnb-bg-1UQX-FUJ7-RTTU;75;Paris 13e Arrondissement;;;;B;;;;10.0;2685;;Tertiaire;
bdnb-bg-1W3R-4PX9-K3JW;75;Paris 17e Arrondissement;2024.0;;;;INDETERMINE;INDETERMINE;1.0;5.0;851;Tertiaire & Autres;Tertiaire;"[""VILLE DE PARIS""]"
bdnb-bg-1W69-8Q3P-BH4M;75;Paris 20e Arrondissement;2024.0;;;;INDETERMINE;INDETERMINE;3.0;11.0;672;Tertiaire & Autres;Tertiaire;"[""VILLE DE PARIS""]"
bdnb-bg-1X25-7EWX-DJ55;75;Paris 12e Arrondissement;1910.0;;;;PIERRE;ARDOISES;4.0;11.0;1834;Résidentiel collectif;Tertiaire;"[""VILLE DE PARIS""]"
bdnb-bg-1X9U-JMGS-AKPN;75;Paris 4e Arrondissement;2023.0;;;;INDETERMINE;INDETERMINE;1.0;16.0;2491;Tertiaire & Autres;Tertiaire;"[""VILLE DE PARIS""]"
bdnb-bg-1YBC-XNG9-6AVN;93;Saint-Denis;1900.0;;;C;BETON;BETON;2.0;12.0;903;Résidentiel collectif;Tertiaire;"[""DEPARTEMENT DE LA SEINE SAINT DENIS""]"
bdnb-bg-1YU7-4DY1-SB7J;75;Paris 10e Arrondissement;2023.0;;;;BRIQUES - PIERRE;INDETERMINE;3.0;17.0;429;Tertiaire & Autres;Tertiaire;"[""VILLE DE PARIS""]"
bdnb-bg-1Z8T-EGAT-8XNQ;75;Paris 19e Arrondissement;2023.0;;;;INDETERMINE;INDETERMINE;1.0;8.0;1594;Tertiaire & Autres;Tertiaire;"[""VILLE DE PARIS""]"
bdnb-bg-229F-P2QZ-GHE3;75;Paris 3e Arrondissement;;;;;INDETERMINE;INDETERMINE;4.0;16.0;635;Résidentiel collectif;Tertiaire;"[""VILLE DE PARIS""]"
bdnb-bg-229U-MCKV-51M8;93;Tremblay-en-France;1975.0;1970.0;E;;BETON;BETON;8.0;15.0;1943;Résidentiel collectif;Résidentiel collectif;"[""STRATA""]"
bdnb-bg-22PE-83MJ-VFM8;93;Le Blanc-Mesnil;;;;;;;;5.0;1770;;Tertiaire;
bdnb-bg-24DA-MPYS-PNVK;75;Paris 20e Arrondissement;1977.0;1977.0;E;;BETON - AUTRES;BETON - AUTRES;6.0;11.0;207;Résidentiel collectif;Résidentiel collectif;"[""VILLE DE PARIS"", ""PARIS HABITAT-OPH""]"
bdnb-bg-256S-VUC2-U338;93;Les Lilas;2007.0;;;;INDETERMINE;INDETERMINE;1.0;4.0;1137;Tertiaire & Autres;Tertiaire;"[""COMMUNE DES LILAS""]"
bdnb-bg-257Q-8F72-7UJZ;93;Montreuil;1925.0;;;;MEULIERE;TUILES;2.0;7.0;3189;Tertiaire & Autres;Tertiaire;"[""COMMUNE DE MONTREUIL""]"
bdnb-bg-25Z7-8L2K-9TQA;93;Aubervilliers;;;;;INDETERMINE;INDETERMINE;3.0;7.0;7861;Résidentiel collectif;Tertiaire;"[""LYCEE PROFESSIONEL JEAN-PIERRE TIMBAUD"", ""REGION ILE DE FRANCE""]"
bdnb-bg-26WX-LKAP-T2X2;75;Paris 18e Arrondissement;1894.0;;;;BRIQUES - MEULIERE;TUILES;3.0;11.0;569;Tertiaire & Autres;Tertiaire;"[""VILLE DE PARIS""]"
bdnb-bg-27MP-6YFM-Q6AL;75;Paris 17e Arrondissement;2023.0;;;;INDETERMINE;INDETERMINE;4.0;8.0;1854;Tertiaire & Autres;Tertiaire;"[""VILLE DE PARIS""]"
bdnb-bg-288V-Y1GW-K66W;75;Paris 18e Arrondissement;1860.0;;;;BRIQUES;ZINC ALUMINIUM;2.0;6.0;962;Tertiaire & Autres;Tertiaire;"[""VILLE DE PARIS""]"
bdnb-bg-28CN-13YS-3QJ1;93;Saint-Denis;;;;;;;;3.0;2025;;Tertiaire;
bdnb-bg-29GC-ZQ1V-CGB3;93;Villemomble;;;;;BETON - PIERRE;INDETERMINE;3.0;7.0;1963;Tertiaire & Autres;Tertiaire;"[""COMMUNE DE VILLEMOMBLE""]"
bdnb-bg-29U4-Q1Y7-G2PS;75;Paris 11e Arrondissement;2023.0;;;;INDETERMINE;INDETERMINE;1.0;3.0;52;Tertiaire & Autres;Tertiaire;"[""VILLE DE PARIS""]"
bdnb-bg-2AQQ-KZFW-W769;75;Paris 11e Arrondissement;2023.0;;;;BRIQUES;INDETERMINE;4.0;13.0;1300;Tertiaire & Autres;Tertiaire;"[""VILLE DE PARIS""]"
bdnb-bg-2AVC-ELQ9-DGN4;75;Paris 19e Arrondissement;2023.0;;;;INDETERMINE;INDETERMINE;5.0;20.0;1526;Tertiaire & Autres;Tertiaire;"[""VILLE DE PARIS""]"
bdnb-bg-2B81-9PZC-ZT24;93;Montreuil;1964.0;;;;BRIQUES;TUILES;2.0;15.0;3726;Tertiaire & Autres;Tertiaire;"[""COMMUNE DE MONTREUIL""]"
bdnb-bg-2BKW-X9U8-RFKN;75;Paris 15e Arrondissement;1988.0;;;;PIERRE;TUILES;4.0;8.0;2698;Résidentiel collectif;Tertiaire;"[""VILLE DE PARIS""]"
bdnb-bg-2BL4-NT6X-XFK6;75;Paris 19e Arrondissement;;;;;;;;11.0;2394;;Tertiaire;
bdnb-bg-2CL6-X66X-4J5F;93;Sevran;2004.0;1992.0;B;C;INDETERMINE;INDETERMINE;4.0;8.0;4959;Tertiaire & Autres;Tertiaire;"[""COMMUNE DE SEVRAN""]"
bdnb-bg-2CLQ-VXLG-QXL2;75;Paris 20e Arrondissement;1900.0;;;;BRIQUES;ZINC ALUMINIUM;2.0;21.0;535;Tertiaire & Autres;Tertiaire;"[""VILLE DE PARIS""]"
bdnb-bg-2E2X-RUMT-H1XK;75;Paris 19e Arrondissement;2023.0;;;;INDETERMINE;INDETERMINE;3.0;10.0;2125;Tertiaire & Autres;Tertiaire;"[""VILLE DE PARIS""]"
bdnb-bg-2F3V-FGFX-AKTW;93;Romainville;2018.0;;;;INDETERMINE;INDETERMINE;1.0;5.0;1947;Tertiaire & Autres;Tertiaire;"[""COMMUNE DE ROMAINVILLE""]"
bdnb-bg-2GEN-G6RT-MSSE;93;Drancy;1963.0;;;;INDETERMINE;INDETERMINE;2.0;13.0;890;Tertiaire & Autres;Tertiaire;"[""DEPARTEMENT DE LA SEINE SAINT DENIS""]"
bdnb-bg-2JTK-C3LL-5398;93;Noisy-le-Grand;;;;;;;;7.0;1512;;Tertiaire;
bdnb-bg-2JYD-FLNZ-4FSB;93;La Courneuve;;;;;;;;6.0;386;;Tertiaire;
bdnb-bg-2KF2-MH8X-PM1Z;93;Vaujours;1961.0;;;;AGGLOMERE - BRIQUES;TUILES;2.0;;233;Résidentiel collectif;Tertiaire;"[""COMMUNE DE VAUJOURS""]"
bdnb-bg-2KN5-1TPK-8GKP;75;Paris 7e Arrondissement;1887.0;;;;PIERRE;ZINC ALUMINIUM;3.0;11.0;2514;Résidentiel collectif;Tertiaire;"[""VILLE DE PARIS""]"
bdnb-bg-2LFB-95NQ-ZNK3;93;Montreuil;1967.0;;;;AGGLOMERE;AUTRES;1.0;7.0;780;Résidentiel individuel;Tertiaire;"[""COMMUNE DE MONTREUIL""]"
bdnb-bg-2LM9-HTHS-PM2T;75;Paris 17e Arrondissement;;;;;INDETERMINE;INDETERMINE;1.0;6.0;436;Tertiaire & Autres;Tertiaire;"[""VILLE DE PARIS""]"
bdnb-bg-2LN2-W9DY-TB2S;93;Montfermeil;2019.0;;;;INDETERMINE;INDETERMINE;1.0;;1541;Résidentiel collectif;Tertiaire;"[""COMMUNE DE MONTFERMEIL""]"
bdnb-bg-2MKP-3HEW-8W36;75;Paris 16e Arrondissement;2023.0;;;D;INDETERMINE;INDETERMINE;4.0;11.0;6184;Tertiaire & Autres;Tertiaire;"[""UNIVERSITE DE PARIS IV PARIS-SORBONNE"", ""VILLE DE PARIS"", ""REGIE AUTONOME DES TRANSPORTS PARISIENS""]"
bdnb-bg-2N59-QJRC-152G;93;Saint-Ouen-sur-Seine;1991.0;;;;BETON;BETON;2.0;11.0;3023;Résidentiel individuel;Tertiaire;"[""PARIS ILE DE FRANCE AGENCE REGION DEVELO""]"
bdnb-bg-2NBM-R1QX-WYTX;75;Paris 10e Arrondissement;;;;;;;;10.0;15910;;Tertiaire;
bdnb-bg-2PBZ-KF15-4EZV;93;Drancy;2009.0;;;;INDETERMINE;INDETERMINE;1.0;6.0;3641;Résidentiel individuel;Tertiaire;"[""COMMUNE DE DRANCY""]"
bdnb-bg-2PLT-L6CG-VLAF;93;Neuilly-sur-Marne;;;;;INDETERMINE;INDETERMINE;1.0;4.0;3510;Tertiaire & Autres;Tertiaire;"[""COMMUNE DE NEUILLY S-MARNE""]"
bdnb-bg-2PWL-UVAT-1MA2;75;Paris 19e Arrondissement;1986.0;;;;INDETERMINE;INDETERMINE;3.0;7.0;1008;Résidentiel collectif;Tertiaire;"[""VILLE DE PARIS""]"
bdnb-bg-2Q4F-GQZS-BDRV;93;L'Île-Saint-Denis;;;;;;;;7.0;1433;;Tertiaire;
bdnb-bg-2QTW-GWFF-AV59;75;Paris 16e Arrondissement;2023.0;;;;BETON;BETON;5.0;13.0;1052;Tertiaire & Autres;Tertiaire;"[""VILLE DE PARIS""]"
bdnb-bg-2QX8-GQXF-ZSKH;75;Paris 19e Arrondissement;1995.0;2008.0;D;;INDETERMINE;INDETERMINE;8.0;20.0;5941;Résidentiel collectif;Tertiaire;"[""REGION ILE DE FRANCE""]"
bdnb-bg-2RHD-7GRL-N4QT;75;Paris 15e Arrondissement;2023.0;;;;INDETERMINE;INDETERMINE;2.0;7.0;1204;Tertiaire & Autres;Tertiaire;"[""VILLE DE PARIS""]"
bdnb-bg-2RJ9-1CFC-H1GF;93;Le Pré-Saint-Gervais;1970.0;;;;INDETERMINE;INDETERMINE;1.0;8.0;526;Tertiaire & Autres;Tertiaire;"[""COMMUNE DE PRE SAINT GERVAIS""]"
bdnb-bg-2S5V-9AKQ-GMHC;75;Paris 11e Arrondissement;2023.0;;;;INDETERMINE;INDETERMINE;4.0;13.0;1546;Tertiaire & Autres;Tertiaire;"[""VILLE DE PARIS"", ""ENEDIS""]"
bdnb-bg-2TEZ-F8VN-6K3G;93;Les Pavillons-sous-Bois;2012.0;;;;INDETERMINE;INDETERMINE;1.0;16.0;2992;Tertiaire & Autres;Tertiaire;"[""COMMUNE DE PAVILLONS SOUS BOIS""]"
bdnb-bg-2TT7-VTCU-NQW3;75;Paris 10e Arrondissement;2023.0;;;;INDETERMINE;INDETERMINE;1.0;11.0;699;Tertiaire & Autres;Tertiaire;"[""VILLE DE PARIS""]"
bdnb-bg-2UMJ-UWJ9-W59X;93;Montreuil;2015.0;;;;INDETERMINE;INDETERMINE;1.0;8.0;183;Tertiaire & Autres;Tertiaire;"[""COMMUNE DE MONTREUIL""]"
bdnb-bg-2UP9-A4M3-3DVE;93;Villepinte;1981.0;;;;BETON - AUTRES;AUTRES;1.0;2.0;1174;Résidentiel individuel;Tertiaire;"[""COMMUNE DE VILLEPINTE""]"
bdnb-bg-2V3Z-GJ6W-ZTD6;75;Paris 18e Arrondissement;1967.0;;;;BETON - BRIQUES;ZINC ALUMINIUM;3.0;9.0;503;Tertiaire & Autres;Tertiaire;"[""VILLE DE PARIS""]"
bdnb-bg-2VXY-TPQS-6LEV;75;Paris 10e Arrondissement;1890.0;;;;BRIQUES;TUILES;3.0;16.0;747;Tertiaire & Autres;Tertiaire;"[""VILLE DE PARIS""]"
bdnb-bg-2W5G-GJQY-T4L1;93;La Courneuve;1994.0;1979.0;D;;AUTRES;AUTRES;2.0;4.0;3805;Résidentiel collectif;Tertiaire;"[""COMMUNE DE LA COURNEUVE""]"
bdnb-bg-2XKS-PX9L-GYS3;75;Paris 15e Arrondissement;1880.0;;;;INDETERMINE;INDETERMINE;1.0;13.0;1128;Résidentiel individuel;Tertiaire;"[""MINISTERE DE L'EDUCATION NATIONALE  DE L'ENSEIGNEMENT SUPERI"", ""ETAT PAR DIRECTION DE L IMMOBILIER DE L ETAT""]"
bdnb-bg-2XLJ-67DJ-3L1C;93;Bobigny;;;;D;;;;4.0;2333;;Tertiaire;
bdnb-bg-2Y78-6LQC-7293;93;Aubervilliers;2012.0;;;;INDETERMINE;INDETERMINE;1.0;16.0;611;Tertiaire & Autres;Tertiaire;
bdnb-bg-2Z1Y-BEE9-5XMU;93;Gagny;2004.0;;;;BETON - AUTRES;INDETERMINE;2.0;9.0;5343;Tertiaire & Autres;Tertiaire;"[""COMMUNE DE GAGNY""]"
bdnb-bg-2Z8Z-GCVL-Y25P;75;Paris 18e Arrondissement;2004.0;;;;INDETERMINE;INDETERMINE;3.0;10.0;749;Tertiaire & Autres;Tertiaire;"[""VILLE DE PARIS""]"
bdnb-bg-31AP-B814-PG5S;93;Villepinte;1986.0;;E;;INDETERMINE;INDETERMINE;1.0;3.0;1692;Résidentiel individuel;Tertiaire;"[""COMMUNE DE VILLEPINTE""]"
bdnb-bg-31WF-UC4C-7ZW6;93;Noisy-le-Grand;;;;;;;;5.0;4557;;Tertiaire;
bdnb-bg-321U-VNL4-2ZTM;75;Paris 9e Arrondissement;1865.0;;;;INDETERMINE;ARDOISES - ZINC ALUMINIUM;5.0;18.0;770;Tertiaire & Autres;Tertiaire;"[""VILLE DE PARIS"", ""ENEDIS"", ""ERDF AGENCE COMPTABLE TULLE""]"
bdnb-bg-35SC-H3LX-PA16;93;Noisy-le-Sec;1914.0;;;;BRIQUES;ZINC ALUMINIUM;3.0;10.0;843;Résidentiel individuel;Tertiaire;"[""COMMUNE DE NOISY LE SEC""]"
bdnb-bg-384V-PPFT-SLGT;93;Drancy;;;;;;;;5.0;1628;;Tertiaire;
bdnb-bg-38LC-PFYJ-DVTK;75;Paris 18e Arrondissement;1900.0;;;;PIERRE;TUILES;4.0;7.0;1054;Tertiaire & Autres;Tertiaire;"[""VILLE DE PARIS"", ""ENEDIS""]"
bdnb-bg-391D-PDKS-5MTE;75;Paris 15e Arrondissement;2021.0;;;;INDETERMINE;INDETERMINE;1.0;1.0;3083;Tertiaire & Autres;Tertiaire;"[""VILLE DE PARIS""]"
bdnb-bg-39RU-YTEE-7U8V;75;Paris 13e Arrondissement;2024.0;;;;BETON;BETON;6.0;9.0;3364;Tertiaire & Autres;Tertiaire;"[""VILLE DE PARIS""]"
bdnb-bg-39X5-PMKS-UPNT;93;Drancy;;;;;;;;21.0;1839;;Tertiaire;
bdnb-bg-3AGL-MUCT-RUE7;93;Dugny;2003.0;;;;INDETERMINE;INDETERMINE;1.0;9.0;4013;Tertiaire & Autres;Tertiaire;"[""COMMUNE DE DUGNY""]"
bdnb-bg-3C96-29YR-GPCG;75;Paris 12e Arrondissement;1875.0;;;;PIERRE;TUILES;2.0;8.0;144;Résidentiel individuel;Résidentiel individuel;"[""VILLE DE PARIS""]"
bdnb-bg-3CGD-FNA6-MJXD;93;Drancy;1994.0;;;;PIERRE;TUILES;3.0;8.0;177;Résidentiel collectif;Tertiaire;"[""COMMUNE DE DRANCY""]"
bdnb-bg-3CJW-HMEW-AHFF;75;Paris 16e Arrondissement;1970.0;;;;INDETERMINE;INDETERMINE;5.0;5.0;1915;Tertiaire & Autres;Tertiaire;"[""VILLE DE PARIS""]"
bdnb-bg-3DN4-7FWH-DNDG;75;Paris 13e Arrondissement;1890.0;;;;PIERRE;ZINC ALUMINIUM;4.0;11.0;828;Résidentiel collectif;Tertiaire;"[""VILLE DE PARIS""]"
bdnb-bg-3H2L-KF5B-CJW5;93;Le Raincy;1933.0;;;B;MEULIERE;TUILES;3.0;5.0;2392;Tertiaire & Autres;Tertiaire;"[""COMMUNE LE RAINCY""]"
bdnb-bg-3J92-CF8K-MYEX;75;Paris 20e Arrondissement;1920.0;1961.0;F;;BETON - BRIQUES;BETON;6.0;26.0;4485;Résidentiel collectif;Tertiaire;"[""REGION ILE DE FRANCE""]"
bdnb-bg-3LC8-9J62-REXD;75;Paris 11e Arrondissement;1895.0;;;;PIERRE - AUTRES;ARDOISES;4.0;12.0;8486;Résidentiel collectif;Tertiaire;"[""VILLE DE PARIS""]"
bdnb-bg-3LG7-1AGX-1FWA;75;Paris 20e Arrondissement;2024.0;;;;BRIQUES;INDETERMINE;2.0;15.0;657;Tertiaire & Autres;Tertiaire;"[""VILLE DE PARIS""]"
bdnb-bg-3LR5-W5YB-5DEF;75;Paris 18e Arrondissement;1989.0;;;;INDETERMINE;INDETERMINE;3.0;19.0;103;Tertiaire & Autres;Tertiaire;"[""VILLE DE PARIS""]"
bdnb-bg-3NJT-9L9C-Z3T5;75;Paris 10e Arrondissement;1981.0;;D;;INDETERMINE;INDETERMINE;9.0;14.0;2378;Résidentiel collectif;Tertiaire;"[""VILLE DE PARIS"", ""ELOGIE - SIEMP""]"
bdnb-bg-3NXR-F6ZU-DHUZ;75;Paris 20e Arrondissement;2009.0;;;;INDETERMINE;INDETERMINE;5.0;9.0;1063;Tertiaire & Autres;Tertiaire;"[""VILLE DE PARIS""]"
bdnb-bg-3PTP-3AXP-K6HC;93;Romainville;;;;;;;;7.0;990;;Tertiaire;
bdnb-bg-3PUZ-JZ5E-ZWEV;93;Le Blanc-Mesnil;1962.0;;;;AGGLOMERE;INDETERMINE;1.0;6.0;734;Résidentiel individuel;Tertiaire;"[""COMMUNE DE DUGNY""]"
bdnb-bg-3R3C-C4LU-WDHH;93;Stains;2004.0;;;;INDETERMINE;INDETERMINE;1.0;12.0;2160;Tertiaire & Autres;Tertiaire;"[""DEPARTEMENT DE LA SEINE SAINT DENIS""]"
bdnb-bg-3RNN-TMPZ-4SYH;75;Paris 1er Arrondissement;1880.0;;;;MEULIERE;ARDOISES - ZINC ALUMINIUM;4.0;15.0;479;Tertiaire & Autres;Tertiaire;"[""VILLE DE PARIS""]"
bdnb-bg-3RRT-ZNM8-LBA3;75;Paris 16e Arrondissement;1955.0;;;;BETON - BRIQUES;ARDOISES - ZINC ALUMINIUM;4.0;4.0;3011;Tertiaire & Autres;Tertiaire;"[""VILLE DE PARIS""]"
bdnb-bg-3RU7-MPQE-5A7U;93;Montfermeil;1994.0;;;;INDETERMINE;INDETERMINE;3.0;8.0;4188;Tertiaire & Autres;Tertiaire;"[""DEPARTEMENT DE LA SEINE SAINT DENIS""]"
bdnb-bg-3SLH-R3F9-8Y2V;75;Paris 14e Arrondissement;1880.0;;;;BETON;ARDOISES;2.0;11.0;1531;Résidentiel individuel;Résidentiel individuel;"[""ASSISTANCE PUBLIQUE HOPITAUX DE PARIS"", ""SERVICE LOGEMENT DE L'AP-HP""]"
bdnb-bg-3TDM-9V36-6K8Y;93;La Courneuve;1967.0;2018.0;C;;BETON;ZINC ALUMINIUM;2.0;9.0;4674;Résidentiel collectif;Tertiaire;"[""COMMUNE DE LA COURNEUVE""]"
bdnb-bg-3THL-D4DW-6W9M;93;Sevran;;;;;;;;9.0;2829;;Tertiaire;
bdnb-bg-3TLC-EF28-JNHC;75;Paris 11e Arrondissement;;;;;INDETERMINE;INDETERMINE;4.0;13.0;1243;Résidentiel collectif;Tertiaire;"[""REGION ILE DE FRANCE""]"
bdnb-bg-3U83-4UGH-AGDY;75;Paris 15e Arrondissement;1900.0;;E;F;PIERRE;AUTRES;6.0;15.0;325;Résidentiel collectif;Résidentiel collectif;"[""SYND COPR  20 RUE DE LOURMEL    75015 PA"", ""PIERRE SELECTION"", ""SOFINCAL CONSEIL"", ""NATH"", ""JEAN CHARPENTIER-SOPAGI SA"", ""SCI YRTA"", ""S C P  IMMO L""]"
bdnb-bg-3UGF-G7FD-1A1Z;75;Paris 20e Arrondissement;2024.0;;;;INDETERMINE;INDETERMINE;1.0;;256;Résidentiel individuel;Tertiaire;"[""VILLE DE PARIS""]"
bdnb-bg-3VFD-QRRJ-B79D;75;Paris 2e Arrondissement;2023.0;1900.0;;;INDETERMINE;INDETERMINE;5.0;16.0;1267;Tertiaire & Autres;Tertiaire;"[""VILLE DE PARIS""]"
bdnb-bg-3VVU-VPYH-NCFR;75;Paris 16e Arrondissement;1909.0;;;;BRIQUES - PIERRE;TUILES;3.0;13.0;609;Résidentiel individuel;Tertiaire;"[""REGION ILE DE FRANCE""]"
bdnb-bg-3W5M-PXPR-UR8B;93;Neuilly-sur-Marne;1981.0;;;;INDETERMINE;INDETERMINE;1.0;7.0;1850;Tertiaire & Autres;Tertiaire;"[""COMMUNE DE NEUILLY S-MARNE""]"
bdnb-bg-3WQH-1HLT-5T9Z;75;Paris 15e Arrondissement;1960.0;;;;BETON - MEULIERE;TUILES - ZINC ALUMINIUM;3.0;5.0;3563;Résidentiel collectif;Tertiaire;"[""VILLE DE PARIS""]"
bdnb-bg-3WZ4-N1ZE-DML1;75;Paris 16e Arrondissement;1888.0;;;;BRIQUES - PIERRE;ARDOISES;3.0;12.0;4833;Résidentiel collectif;Tertiaire;"[""MINISTERE DE L'EDUCATION NATIONALE  DE L'ENSEIGNEMENT SUPERI"", ""LYCEE GENERAL MOLIERE""]"
bdnb-bg-433D-Z3PC-3NP1;93;L'Île-Saint-Denis;1979.0;;;C;BETON;AUTRES;2.0;8.0;2275;Résidentiel collectif;Tertiaire;"[""DEPARTEMENT DE LA SEINE SAINT DENIS""]"
bdnb-bg-438W-NC48-ZGZV;75;Paris 11e Arrondissement;1979.0;1979.0;D;;BETON;BETON;6.0;10.0;5425;Résidentiel collectif;Tertiaire;"[""VILLE DE PARIS"", ""ENEDIS"", ""ICF LA SABLIERE SA D'HLM"", ""ELOGIE - SIEMP"", ""SAGECO""]"
bdnb-bg-44Q6-97AF-FX6T;93;Saint-Ouen-sur-Seine;2019.0;;;;INDETERMINE;INDETERMINE;1.0;5.0;2782;Tertiaire & Autres;Tertiaire;"[""COMMUNE DE ST OUEN-SUR-SEINE""]"
bdnb-bg-44QK-M61Y-KF5M;75;Paris 19e Arrondissement;2023.0;;;;INDETERMINE;INDETERMINE;1.0;12.0;394;Tertiaire & Autres;Tertiaire;"[""VILLE DE PARIS""]"
bdnb-bg-45H3-K62E-4GJX;75;Paris 17e Arrondissement;1900.0;;;;PIERRE;ZINC ALUMINIUM;6.0;6.0;3459;Tertiaire & Autres;Tertiaire;"[""VILLE DE PARIS""]"
bdnb-bg-45HS-BLE7-CATR;75;Paris 17e Arrondissement;2002.0;;;;INDETERMINE;INDETERMINE;4.0;12.0;3190;Tertiaire & Autres;Tertiaire;"[""VILLE DE PARIS""]"
bdnb-bg-45TJ-67P1-PQ57;75;Paris 13e Arrondissement;2003.0;2003.0;D;;INDETERMINE;INDETERMINE;9.0;17.0;1319;Résidentiel collectif;Tertiaire;"[""VILLE DE PARIS"", ""PARIS HABITAT-OPH"", ""SOC ETUDE MAITRISE OUVRAGE AMENAGEMENT PARISIENNE""]"
bdnb-bg-46TJ-R8L5-JUFL;93;Noisy-le-Grand;1934.0;;;;BRIQUES;TUILES;3.0;14.0;4766;Résidentiel collectif;Tertiaire;"[""COMMUNE DE NOISY LE GRAND""]"
bdnb-bg-47DJ-ULYE-PMPD;93;L'Île-Saint-Denis;1970.0;;;;AGGLOMERE;INDETERMINE;4.0;10.0;3958;Résidentiel collectif;Tertiaire;"[""COMMUNE DE L ILE ST DENIS""]"
bdnb-bg-48Q7-ZCJ6-SQ58;75;Paris 14e Arrondissement;1913.0;;;;BETON - PIERRE;BETON - ZINC ALUMINIUM;5.0;12.0;840;Tertiaire & Autres;Tertiaire;"[""VILLE DE PARIS""]"
bdnb-bg-4996-NZNR-Q63S;93;Le Blanc-Mesnil;;;;;;;;6.0;2802;;Tertiaire;
bdnb-bg-49RX-W4TM-9CLB;93;Tremblay-en-France;1993.0;;;C;INDETERMINE;INDETERMINE;1.0;7.0;10438;Résidentiel collectif;Tertiaire;"[""COMMUNE DE TREMBLAY EN FRANCE""]"
bdnb-bg-49Z2-2FKC-YDJX;75;Paris 14e Arrondissement;1977.0;;;;BETON - PIERRE;BETON;5.0;17.0;569;Résidentiel individuel;Tertiaire;"[""VILLE DE PARIS""]"
bdnb-bg-4B3M-NH5H-ZXL4;93;Saint-Denis;1993.0;;;D;AUTRES;AUTRES;1.0;8.0;3219;Tertiaire & Autres;Tertiaire;"[""DEPARTEMENT DE LA SEINE SAINT DENIS""]"
bdnb-bg-4C6T-ZS2Z-PMGC;93;Aulnay-sous-Bois;1900.0;;;;MEULIERE;TUILES;2.0;5.0;1052;Tertiaire & Autres;Tertiaire;"[""COMMUNE DE SEVRAN""]"
bdnb-bg-4D3J-MC5L-TT9D;75;Paris 13e Arrondissement;1950.0;;;;BETON;BETON;2.0;11.0;663;Résidentiel collectif;Tertiaire;"[""VILLE DE PARIS""]"
bdnb-bg-4D97-KTA9-NMJQ;93;Aulnay-sous-Bois;;;;;;;;;595;;Tertiaire;
bdnb-bg-4DM5-62MA-CL2P;75;Paris 5e Arrondissement;1800.0;;D;;BRIQUES - PIERRE;INDETERMINE;6.0;20.0;146;Résidentiel collectif;Tertiaire;"[""S C I LYNCH""]"
bdnb-bg-4FTN-9337-A7X3;93;Aulnay-sous-Bois;1971.0;;;;BETON;AUTRES;2.0;7.0;2280;Résidentiel collectif;Tertiaire;"[""COMMUNE DE SEVRAN"", ""ENEDIS""]"
bdnb-bg-4GX9-SUDE-2KG4;93;Aubervilliers;2008.0;;;;INDETERMINE;INDETERMINE;1.0;5.0;2479;Tertiaire & Autres;Tertiaire;"[""COMMUNE DE SAINT-DENIS""]"
bdnb-bg-4HJ2-D2XA-3PNJ;75;Paris 19e Arrondissement;2023.0;;;;INDETERMINE;INDETERMINE;3.0;11.0;975;Tertiaire & Autres;Tertiaire;"[""VILLE DE PARIS""]"
bdnb-bg-4HSK-C7TT-7VL2;75;Paris 17e Arrondissement;1958.0;;;;BETON - BRIQUES;ZINC ALUMINIUM;6.0;18.0;2135;Tertiaire & Autres;Tertiaire;"[""VILLE DE PARIS""]"
bdnb-bg-4HWF-WPNV-EHVH;93;Drancy;1960.0;;D;;BRIQUES;BETON;5.0;12.0;1709;Résidentiel collectif;Résidentiel collectif;"[""SCI H  B"", ""FONCIA CHADEFAUX LECOQ"", ""SDL SOCIETY""]"
bdnb-bg-4KQ6-GLN1-6K9S;75;Paris 18e Arrondissement;1985.0;;;;INDETERMINE;INDETERMINE;4.0;8.0;1106;Tertiaire & Autres;Tertiaire;"[""VILLE DE PARIS""]"
bdnb-bg-4L7N-EZWF-ZE1J;93;Pantin;1890.0;;;C;PIERRE;TUILES;4.0;10.0;2353;Résidentiel collectif;Tertiaire;"[""COMMUNE DE PANTIN""]"
bdnb-bg-4M3N-6MX3-SYCF;75;Paris 18e Arrondissement;;;;;;;;18.0;33;;;
bdnb-bg-4M62-5M83-UR1F;93;Gournay-sur-Marne;;;;;BETON;INDETERMINE;3.0;13.0;1784;Tertiaire & Autres;Tertiaire;"[""DEPARTEMENT DE LA SEINE SAINT DENIS""]"
bdnb-bg-4MG6-WMWS-ZKD5;93;Gagny;1930.0;;;;AGGLOMERE - BRIQUES;TUILES;3.0;9.0;3387;Résidentiel collectif;Tertiaire;"[""COMMUNE DE GAGNY""]"
bdnb-bg-4NC8-USEC-NUSF;75;Paris 16e Arrondissement;2023.0;;;;BRIQUES - PIERRE;ARDOISES - ZINC ALUMINIUM;3.0;9.0;1199;Tertiaire & Autres;Tertiaire;"[""VILLE DE PARIS""]"
bdnb-bg-4NG6-S412-VSZM;93;Saint-Denis;1900.0;;;;MEULIERE;ARDOISES;2.0;9.0;1751;Tertiaire & Autres;Tertiaire;"[""COMMUNE DE SAINT-DENIS""]"
bdnb-bg-4NNC-RUU9-Z6FP;75;Paris 18e Arrondissement;1866.0;;;C;PIERRE;ZINC ALUMINIUM;4.0;15.0;946;Tertiaire & Autres;Tertiaire;"[""ASSISTANCE PUBLIQUE HOPITAUX DE PARIS"", ""SERVICE LOGEMENT DE L'AP-HP""]"
bdnb-bg-4NQ9-9N3D-EKAX;75;Paris 16e Arrondissement;1901.0;;;;BETON - PIERRE;TUILES;5.0;11.0;2325;Tertiaire & Autres;Tertiaire;"[""VILLE DE PARIS""]"
bdnb-bg-4P22-M5T8-BPYV;93;Bagnolet;1993.0;1947.0;;C;AUTRES;AUTRES;2.0;5.0;784;Résidentiel collectif;Tertiaire;"[""COMMUNE DE BAGNOLET""]"
bdnb-bg-4QLH-3RG7-CPCY;75;Paris 20e Arrondissement;2024.0;;;;INDETERMINE;INDETERMINE;3.0;11.0;2371;Tertiaire & Autres;Tertiaire;"[""VILLE DE PARIS""]"
bdnb-bg-4QLX-FP22-YXVD;93;Rosny-sous-Bois;2018.0;;;C;INDETERMINE;INDETERMINE;1.0;8.0;2569;Tertiaire & Autres;Tertiaire;"[""COMMUNE DE ROSNY-SOUS-BOIS""]"
bdnb-bg-4R99-5W6U-PKXM;75;Paris 18e Arrondissement;2002.0;;;;INDETERMINE;INDETERMINE;7.0;20.0;3420;Tertiaire & Autres;Tertiaire;"[""VILLE DE PARIS""]"
bdnb-bg-4RD4-J5RC-D68T;93;Villetaneuse;1974.0;1947.0;;;BETON - AUTRES;AUTRES;2.0;4.0;1437;Résidentiel collectif;Tertiaire;"[""COMMUNE DE VILLETANEUSE""]"
bdnb-bg-4RWY-GUPX-HGET;75;Paris 7e Arrondissement;1860.0;;;;MEULIERE;ARDOISES - ZINC ALUMINIUM;5.0;20.0;477;Résidentiel collectif;Tertiaire;"[""VILLE DE PARIS""]"
bdnb-bg-4VVG-YXEB-H7SL;75;Paris 10e Arrondissement;1900.0;;;;BOIS - PIERRE;ZINC ALUMINIUM;4.0;15.0;1114;Tertiaire & Autres;Tertiaire;"[""VILLE DE PARIS""]"
bdnb-bg-4W14-MBQZ-3UCW;93;Gagny;;;;;;;;6.0;4986;;Tertiaire;
bdnb-bg-4W9V-EV4K-2U49;93;Noisy-le-Sec;;;;;INDETERMINE;INDETERMINE;1.0;6.0;5088;Tertiaire & Autres;Tertiaire;"[""COMMUNE DE NOISY LE SEC""]"
bdnb-bg-4XJ5-555X-K9D9;75;Paris 20e Arrondissement;1985.0;1985.0;C;;BETON - AUTRES;BETON - AUTRES;9.0;19.0;2269;Résidentiel collectif;Tertiaire;"[""VILLE DE PARIS"", ""SEQENS SOCIETE ANONYME D'HABITATIONS A LOYER MODERE"", ""IN'LI""]"
bdnb-bg-4Y81-R8XF-ZU5D;75;Paris 20e Arrondissement;2024.0;;;;INDETERMINE;INDETERMINE;1.0;15.0;1569;Tertiaire & Autres;Tertiaire;"[""VILLE DE PARIS""]"
bdnb-bg-4YYN-9DWX-G1Y8;75;Paris 12e Arrondissement;1780.0;;;;BRIQUES;BETON;5.0;8.0;1689;Résidentiel collectif;Tertiaire;"[""VILLE DE PARIS""]"
bdnb-bg-4ZYM-SH6F-9YAH;93;La Courneuve;1925.0;1925.0;F;;BRIQUES;TUILES;2.0;6.0;3092;Résidentiel collectif;Tertiaire;"[""COMMUNE DE LA COURNEUVE""]"
bdnb-bg-52BJ-YVQY-ZPV6;93;Saint-Denis;1990.0;;;B;BETON;BETON;1.0;11.0;4327;Résidentiel collectif;Tertiaire;"[""DEPARTEMENT DE LA SEINE SAINT DENIS""]"
bdnb-bg-53XK-SMQ6-VWKZ;93;Livry-Gargan;;;;;;;;7.0;2491;;Tertiaire;
bdnb-bg-54ND-BPD2-G5AZ;93;Le Blanc-Mesnil;1992.0;;;C;INDETERMINE;INDETERMINE;1.0;10.0;3885;Résidentiel collectif;Tertiaire;"[""REGION ILE DE FRANCE""]"
bdnb-bg-54U8-DEH3-5TDA;93;Villepinte;;;;;;;;6.0;8793;;Tertiaire;
bdnb-bg-55CS-47QP-XNAW;75;Paris 10e Arrondissement;1884.0;;;;PIERRE;TUILES;4.0;16.0;620;Tertiaire & Autres;Tertiaire;"[""VILLE DE PARIS""]"
bdnb-bg-561P-MHD7-GEQE;93;Neuilly-Plaisance;1930.0;;E;;MEULIERE;TUILES;4.0;7.0;1169;Résidentiel collectif;Tertiaire;"[""COMMUNE DE NEUILLY PLAISANCE""]"
bdnb-bg-56UA-EGSE-C4Z1;93;Montreuil;1977.0;2023.0;C;;INDETERMINE;INDETERMINE;14.0;15.0;5232;Résidentiel collectif;Tertiaire;"[""COMMUNE DE MONTREUIL"", ""OFFICE PUBLIC DE L'HABITAT EST ENSEMBLE HABITAT""]"
bdnb-bg-56VH-KS6R-USGL;93;Noisy-le-Sec;1933.0;;;C;BRIQUES - MEULIERE;TUILES;4.0;9.0;1555;Résidentiel collectif;Tertiaire;"[""DEPARTEMENT DE LA SEINE SAINT DENIS""]"
bdnb-bg-5741-X9L3-EPQ8;93;Pantin;2018.0;;;D;PIERRE;ARDOISES;1.0;4.0;584;Tertiaire & Autres;Tertiaire;"[""COMMUNE DE PANTIN""]"
bdnb-bg-57PP-9NZH-AH8P;75;Paris 8e Arrondissement;1920.0;;;;BRIQUES - PIERRE;ARDOISES - TUILES;4.0;18.0;1185;Tertiaire & Autres;Tertiaire;"[""VILLE DE PARIS""]"
bdnb-bg-5866-PY9B-8T59;75;Paris 4e Arrondissement;;;;;;;;18.0;2042;;Tertiaire;
bdnb-bg-59PS-K37A-BP2K;75;Paris 10e Arrondissement;1890.0;;;;MEULIERE - PIERRE;TUILES;4.0;10.0;931;Tertiaire & Autres;Tertiaire;"[""VILLE DE PARIS""]"
bdnb-bg-5AYC-RPYM-66T9;75;Paris 19e Arrondissement;2023.0;;;;INDETERMINE;INDETERMINE;4.0;15.0;2390;Tertiaire & Autres;Tertiaire;"[""VILLE DE PARIS""]"
bdnb-bg-5CQF-SF2T-5XEC;75;Paris 15e Arrondissement;;;;;PIERRE;TUILES;8.0;15.0;1420;Résidentiel collectif;Tertiaire;"[""REGION ILE DE FRANCE""]"
bdnb-bg-5ED4-VUC4-KYW8;75;Paris 13e Arrondissement;;;E;;INDETERMINE;INDETERMINE;1.0;9.0;4121;Résidentiel collectif;Tertiaire;"[""VILLE DE PARIS""]"
bdnb-bg-5EGC-963J-S31P;93;Aubervilliers;1940.0;;;D;BETON;BETON;1.0;7.0;113;Résidentiel individuel;Tertiaire;"[""COMMUNE DE SAINT-DENIS""]"
bdnb-bg-5ENP-2CN9-6KN7;75;Paris 10e Arrondissement;1943.0;;;;BETON - BRIQUES;ZINC ALUMINIUM;5.0;10.0;1653;Tertiaire & Autres;Tertiaire;"[""VILLE DE PARIS""]"
bdnb-bg-5F5M-F1JL-R6E1;75;Paris 18e Arrondissement;2014.0;;;;INDETERMINE;INDETERMINE;4.0;11.0;1251;Tertiaire & Autres;Tertiaire;"[""VILLE DE PARIS""]"
bdnb-bg-5F5Q-RJFF-VTUW;93;Sevran;;;;C;INDETERMINE;INDETERMINE;1.0;12.0;7245;Résidentiel individuel;Tertiaire;"[""COMMUNE DE SEVRAN"", ""GRTGAZ"", ""LOGEMENT GEST IMMOBILIERE REG PARISIENNE""]"
bdnb-bg-5FE9-XY87-YGYG;75;Paris 4e Arrondissement;2023.0;;;;AGGLOMERE - BETON;INDETERMINE;4.0;15.0;835;Tertiaire & Autres;Tertiaire;"[""VILLE DE PARIS""]"
bdnb-bg-5GXQ-G88R-MRE8;75;Paris 11e Arrondissement;1994.0;;;;INDETERMINE;INDETERMINE;4.0;17.0;998;Tertiaire & Autres;Tertiaire;"[""VILLE DE PARIS""]"
bdnb-bg-5H67-QKS3-XQ8X;93;La Courneuve;;;;;;;;5.0;324;;Tertiaire;
bdnb-bg-5HGU-RE28-GNTJ;75;Paris 15e Arrondissement;1912.0;;E;;PIERRE;ZINC ALUMINIUM;8.0;24.0;287;Résidentiel collectif;Résidentiel collectif;"[""VILLE DE PARIS"", ""ABBE GROULT VAUGIRARD"", ""ENEDIS"", ""CABINET G  CARDINAL"", ""LENGO 86""]"
bdnb-bg-5HNN-ZRFP-FJZX;93;Villemomble;;;;;;;;12.0;124;;Tertiaire;
bdnb-bg-5KMB-3PG3-4T8U;93;Montreuil;;;;;;;;6.0;3018;;Tertiaire;
bdnb-bg-5KWR-VWEE-D1LK;75;Paris 14e Arrondissement;1926.0;;;;BRIQUES - MEULIERE;TUILES - ZINC ALUMINIUM;4.0;17.0;1238;Résidentiel collectif;Tertiaire;"[""VILLE DE PARIS"", ""ENEDIS""]"
bdnb-bg-5LES-RV2Y-K85A;75;Paris 13e Arrondissement;1913.0;;C;;BRIQUES;TUILES;4.0;11.0;2259;Tertiaire & Autres;Tertiaire;"[""VILLE DE PARIS""]"
bdnb-bg-5PKD-3E9V-DSZ8;75;Paris 8e Arrondissement;1860.0;;;;INDETERMINE;ARDOISES - ZINC ALUMINIUM;5.0;13.0;6881;Résidentiel collectif;Tertiaire;"[""REGION ILE DE FRANCE"", ""ENEDIS""]"
bdnb-bg-5RZZ-5XXE-YQUM;93;Noisy-le-Sec;2014.0;;;;INDETERMINE;INDETERMINE;1.0;11.0;629;Tertiaire & Autres;Tertiaire;"[""COMMUNE DE NOISY LE SEC""]"
bdnb-bg-5TPC-UHRU-X7PF;93;Bondy;1999.0;;;C;INDETERMINE;INDETERMINE;4.0;8.0;3454;Tertiaire & Autres;Tertiaire;"[""DEPARTEMENT DE LA SEINE SAINT DENIS""]"
bdnb-bg-5UAM-DSSH-2Y6M;75;Paris 14e Arrondissement;1970.0;;;;BRIQUES;BETON;3.0;9.0;983;Résidentiel collectif;Tertiaire;"[""VILLE DE PARIS""]"
bdnb-bg-5UYV-FPCN-BEUB;75;Paris 17e Arrondissement;1900.0;;;;MEULIERE - PIERRE;TUILES;4.0;11.0;1332;Tertiaire & Autres;Tertiaire;"[""VILLE DE PARIS""]"
bdnb-bg-5XKJ-2DCP-FBWY;93;Livry-Gargan;;;;;INDETERMINE;INDETERMINE;1.0;7.0;1367;Tertiaire & Autres;Tertiaire;"[""COMMUNE DE LIVRY GARGAN""]"
bdnb-bg-5Y7A-A4TP-7PNM;93;Stains;;;;;INDETERMINE;INDETERMINE;2.0;4.0;933;Résidentiel collectif;Tertiaire;"[""COMMUNE DE STAINS""]"
bdnb-bg-5YBN-19WM-VHDU;93;Pantin;1965.0;;;C;BETON;BETON;4.0;10.0;6197;Résidentiel collectif;Tertiaire;"[""COMMUNE DE PANTIN""]"
bdnb-bg-6149-51ZT-DYEH;93;Villemomble;;;;;INDETERMINE;INDETERMINE;1.0;7.0;148;Tertiaire & Autres;Tertiaire;"[""REGION ILE DE FRANCE""]"
bdnb-bg-61FH-LSWQ-SHFR;75;Paris 14e Arrondissement;1907.0;;;;BRIQUES - PIERRE;TUILES;4.0;9.0;1746;Résidentiel collectif;Tertiaire;"[""VILLE DE PARIS""]"
bdnb-bg-623T-18PS-4ZFF;93;Villemomble;;;;;INDETERMINE;INDETERMINE;1.0;14.0;1158;Résidentiel individuel;Tertiaire;"[""COMMUNE DE VILLEMOMBLE""]"
bdnb-bg-62W8-VKM7-9VXD;75;Paris 13e Arrondissement;;;;;INDETERMINE;INDETERMINE;2.0;8.0;871;Résidentiel collectif;Tertiaire;"[""VILLE DE PARIS""]"
bdnb-bg-6381-MUSY-SQKY;93;Neuilly-Plaisance;1935.0;;E;;INDETERMINE;INDETERMINE;4.0;5.0;1682;Résidentiel collectif;Tertiaire;"[""COMMUNE DE NEUILLY PLAISANCE"", ""DEPARTEMENT DE LA SEINE SAINT DENIS""]"
bdnb-bg-6399-WH9D-X49R;75;Paris 15e Arrondissement;1989.0;;;;INDETERMINE;INDETERMINE;1.0;13.0;4549;Tertiaire & Autres;Tertiaire;"[""SOCIETE NATIONALE SNCF""]"
bdnb-bg-65CP-7E26-LS6E;75;Paris 17e Arrondissement;1875.0;;;;PIERRE;ZINC ALUMINIUM;2.0;9.0;1066;Tertiaire & Autres;Tertiaire;"[""VILLE DE PARIS""]"
bdnb-bg-679B-WMTQ-ZJHL;75;Paris 14e Arrondissement;1882.0;;;;PIERRE;ARDOISES - TUILES;3.0;13.0;1522;Résidentiel collectif;Tertiaire;"[""VILLE DE PARIS""]"
bdnb-bg-695T-CM5M-AUDE;93;Bobigny;2010.0;;F;;AUTRES;AUTRES;4.0;7.0;5890;Tertiaire & Autres;Tertiaire;"[""COMMUNE DE BOBIGNY""]"
bdnb-bg-6ANG-ZGN6-8P51;93;Montreuil;;;;;INDETERMINE;INDETERMINE;1.0;9.0;1432;Tertiaire & Autres;Tertiaire;"[""COMMUNE DE MONTREUIL""]"
bdnb-bg-6ATF-GJW5-69T6;93;Montfermeil;2022.0;;;;INDETERMINE;INDETERMINE;1.0;11.0;1425;Tertiaire & Autres;Tertiaire;"[""COMMUNE DE MONTFERMEIL""]"
bdnb-bg-6B1Y-AWLC-L63E;75;Paris 18e Arrondissement;1992.0;;;;INDETERMINE;INDETERMINE;5.0;16.0;403;Tertiaire & Autres;Tertiaire;"[""VILLE DE PARIS""]"
bdnb-bg-6D5A-M4NT-BJ5Q;75;Paris 3e Arrondissement;1900.0;;F;E;INDETERMINE;INDETERMINE;5.0;11.0;605;Résidentiel collectif;Résidentiel collectif;
bdnb-bg-6DF4-BSR8-1NAZ;75;Paris 20e Arrondissement;2024.0;;;;INDETERMINE;INDETERMINE;1.0;14.0;796;Tertiaire & Autres;Tertiaire;"[""VILLE DE PARIS""]"
bdnb-bg-6DZX-5XZT-CRCQ;93;Épinay-sur-Seine;1972.0;;;;BETON - BRIQUES;BETON;1.0;9.0;3173;Tertiaire & Autres;Tertiaire;"[""COMMUNE D EPINAY SUR SEINE""]"
bdnb-bg-6EPG-VZ3R-J4KM;75;Paris 19e Arrondissement;;;;;;;;14.0;1673;;Tertiaire;
bdnb-bg-6FVS-AZ4Q-ZSVV;93;Aulnay-sous-Bois;1952.0;;;;BRIQUES;TUILES;2.0;2.0;1574;Résidentiel individuel;Tertiaire;"[""COMMUNE DE SEVRAN""]"
bdnb-bg-6FW8-ARNN-61BE;93;Le Pré-Saint-Gervais;1934.0;;;;AGGLOMERE;AUTRES;2.0;8.0;2055;Résidentiel individuel;Tertiaire;"[""COMMUNE DE PRE SAINT GERVAIS""]"
bdnb-bg-6FZ7-LKDT-PXLS;93;Saint-Denis;;;;;INDETERMINE;INDETERMINE;4.0;6.0;991;Résidentiel collectif;Tertiaire;"[""DEPARTEMENT DE LA SEINE SAINT DENIS""]"
bdnb-bg-6HAF-WXXF-17QE;93;Le Blanc-Mesnil;1954.0;;F;;BETON;BETON;3.0;7.0;3204;Tertiaire & Autres;Tertiaire;"[""COMMUNE DE DUGNY""]"
bdnb-bg-6KJ1-MNAB-VQ81;75;Paris 5e Arrondissement;1850.0;;;;BRIQUES - PIERRE;TUILES;4.0;17.0;572;Résidentiel collectif;Tertiaire;"[""VILLE DE PARIS""]"
bdnb-bg-6LJZ-PAWB-8HSZ;75;Paris 14e Arrondissement;1993.0;;;;BETON - BRIQUES;BETON;5.0;16.0;1834;Tertiaire & Autres;Tertiaire;"[""VILLE DE PARIS""]"
bdnb-bg-6NUS-2ND6-ZHCA;93;Bondy;;;;;;;;6.0;6624;;Tertiaire;
bdnb-bg-6QQJ-HYLL-QYU5;93;Les Pavillons-sous-Bois;;;;;INDETERMINE;INDETERMINE;3.0;7.0;1390;Tertiaire & Autres;Tertiaire;"[""COMMUNE DE PAVILLONS SOUS BOIS""]"
bdnb-bg-6S92-UGX5-NQPS;75;Paris 14e Arrondissement;1973.0;;;;AUTRES;AUTRES;2.0;11.0;2982;Tertiaire & Autres;Tertiaire;"[""VILLE DE PARIS""]"
bdnb-bg-6SDH-BWD2-EGMK;93;Aubervilliers;2010.0;;;;INDETERMINE;INDETERMINE;3.0;12.0;3819;Tertiaire & Autres;Tertiaire;"[""COMMUNE DE SAINT-DENIS""]"
bdnb-bg-6TGK-6LQN-17KB;75;Paris 19e Arrondissement;2023.0;;;;INDETERMINE;INDETERMINE;4.0;13.0;1742;Tertiaire & Autres;Tertiaire;"[""VILLE DE PARIS""]"
bdnb-bg-6V5K-V5SS-24K8;93;Drancy;1966.0;;;;AUTRES;ZINC ALUMINIUM;3.0;5.0;6325;Résidentiel collectif;Tertiaire;"[""COMMUNE DE DRANCY""]"
bdnb-bg-6VAM-QSKV-4D13;75;Paris 11e Arrondissement;1961.0;1960.0;F;C;BETON;BETON;12.0;13.0;1607;Tertiaire & Autres;Tertiaire;"[""VILLE DE PARIS"", ""REGIE IMMOBILIERE DE LA VILLE DE PARIS""]"
bdnb-bg-6VUY-ZRSE-Y8XM;93;Montfermeil;;;;;;;;3.0;396;;Tertiaire;
bdnb-bg-6W3T-R71J-EEB7;93;Romainville;1900.0;;;;INDETERMINE;INDETERMINE;2.0;6.0;1196;Résidentiel collectif;Tertiaire;
bdnb-bg-6W64-9BA2-DQA9;93;Bondy;;;;;;;;5.0;2759;;Tertiaire;
bdnb-bg-6W8M-1XGQ-EXPC;93;Villepinte;1962.0;1962.0;C;;BETON - BRIQUES;BETON - AUTRES;5.0;15.0;911;Résidentiel collectif;Résidentiel collectif;"[""CDC HABITAT SOCIAL SOCIETE ANONYME D'HABITATIONS A LOYER MOD""]"
bdnb-bg-6WEX-UHYD-LCUD;93;Stains;1958.0;;;;BRIQUES;TUILES;1.0;6.0;58;Résidentiel individuel;Tertiaire;"[""COMMUNE DE STAINS""]"
bdnb-bg-6X5Q-A7XG-5Q68;93;Gournay-sur-Marne;2012.0;;C;;INDETERMINE;INDETERMINE;4.0;9.0;635;Résidentiel collectif;Résidentiel collectif;"[""FRC"", ""SEQENS SOCIETE ANONYME D'HABITATIONS A LOYER MODERE""]"
bdnb-bg-6XEX-HLLT-JH69;93;Aubervilliers;1958.0;;;;BETON;BETON;4.0;7.0;139;Résidentiel individuel;Tertiaire;"[""COMMUNE DE SAINT-DENIS""]"
bdnb-bg-6YXS-WZUW-AW6D;75;Paris 5e Arrondissement;2023.0;;;;INDETERMINE;INDETERMINE;3.0;15.0;1498;Tertiaire & Autres;Tertiaire;"[""VILLE DE PARIS""]"
bdnb-bg-72KC-JTNF-LCD8;75;Paris 7e Arrondissement;1880.0;;;;INDETERMINE;INDETERMINE;1.0;6.0;628;Résidentiel individuel;Tertiaire;"[""VILLE DE PARIS""]"
bdnb-bg-738A-MK75-7V3R;93;Épinay-sur-Seine;2009.0;;;;INDETERMINE;INDETERMINE;1.0;3.0;1494;Tertiaire & Autres;Tertiaire;"[""COMMUNE D EPINAY SUR SEINE""]"
bdnb-bg-74WZ-UF57-26HW;93;Saint-Denis;;;;;;;;7.0;918;;Tertiaire;
bdnb-bg-75B1-A41M-F15N;93;Stains;1978.0;;;;BETON;BETON;3.0;8.0;1858;Tertiaire & Autres;Tertiaire;"[""COMMUNE DE STAINS""]"
bdnb-bg-75G1-CJEB-JF2X;75;Paris 11e Arrondissement;1925.0;;E;;BETON;BETON;8.0;23.0;307;Résidentiel collectif;Résidentiel collectif;"[""SCI LA MONTGOLFIERE"", ""PETA""]"
bdnb-bg-75H8-RGH9-JUV8;75;Paris 13e Arrondissement;1940.0;;;;PIERRE;ARDOISES;4.0;13.0;1955;Résidentiel collectif;Tertiaire;"[""VILLE DE PARIS""]"
bdnb-bg-75VR-HAXQ-J671;93;Bobigny;1970.0;;;;BETON;BETON;3.0;7.0;4068;Résidentiel collectif;Tertiaire;"[""COMMUNE DE BOBIGNY""]"
bdnb-bg-76RQ-W7VK-RXVM;93;Stains;1990.0;1929.0;F;;INDETERMINE;INDETERMINE;3.0;5.0;4890;Tertiaire & Autres;Tertiaire;"[""COMMUNE DE STAINS""]"
bdnb-bg-78MF-U9C8-8HJU;93;Saint-Denis;1991.0;;;;INDETERMINE;INDETERMINE;1.0;19.0;618;Résidentiel individuel;Tertiaire;"[""COMMUNE DE SAINT-DENIS""]"
bdnb-bg-78QC-7W45-149K;75;Paris 11e Arrondissement;2023.0;;;;INDETERMINE;INDETERMINE;2.0;12.0;998;Tertiaire & Autres;Tertiaire;"[""VILLE DE PARIS""]"
bdnb-bg-79DM-8X5L-VH2V;93;Épinay-sur-Seine;1976.0;;;C;BETON - AUTRES;ZINC ALUMINIUM;2.0;7.0;5555;Résidentiel collectif;Tertiaire;"[""DEPARTEMENT DE LA SEINE SAINT DENIS""]"
bdnb-bg-79WW-WQFN-UVMZ;93;Le Raincy;1956.0;;;;BETON - PIERRE;ZINC ALUMINIUM;2.0;4.0;185;Résidentiel individuel;Tertiaire;"[""REGION ILE DE FRANCE""]"
bdnb-bg-79Y6-CTYS-E91F;93;Saint-Ouen-sur-Seine;;;D;;INDETERMINE;INDETERMINE;5.0;12.0;523;Résidentiel collectif;Résidentiel collectif;"[""SEMISO ECO MIXTE CONSTR RENOV ST OUEN""]"
bdnb-bg-7AE7-S9AW-6R6V;75;Paris 12e Arrondissement;2011.0;;;;INDETERMINE;INDETERMINE;3.0;13.0;2764;Tertiaire & Autres;Tertiaire;"[""VILLE DE PARIS""]"
bdnb-bg-7B24-7JU3-1MRB;75;Paris 20e Arrondissement;2024.0;;;;INDETERMINE;INDETERMINE;5.0;14.0;2491;Tertiaire & Autres;Tertiaire;"[""VILLE DE PARIS""]"
bdnb-bg-7B97-XM6H-3XYK;93;Pantin;1960.0;;;C;AGGLOMERE - BETON;AUTRES;3.0;8.0;4838;Tertiaire & Autres;Tertiaire;"[""COMMUNE DE PANTIN""]"
bdnb-bg-7D12-Z42X-GW8V;93;Saint-Denis;;;;;;;;6.0;1777;;Tertiaire;
bdnb-bg-7D2Y-T7Y3-EVU4;93;Noisy-le-Sec;1933.0;;;;BRIQUES - MEULIERE;TUILES;2.0;7.0;1225;Tertiaire & Autres;Tertiaire;"[""COMMUNE DE NOISY LE SEC""]"
bdnb-bg-7DY5-1CRM-HB32;93;Le Blanc-Mesnil;1994.0;;;;AUTRES;AUTRES;1.0;7.0;3648;Résidentiel collectif;Tertiaire;"[""DEPARTEMENT DE LA SEINE SAINT DENIS""]"
bdnb-bg-7ET9-ZAYT-51L9;75;Paris 15e Arrondissement;1770.0;;;;INDETERMINE;INDETERMINE;1.0;5.0;270;Tertiaire & Autres;Tertiaire;"[""SARL RUE BLOMET"", ""15EME ART""]"
bdnb-bg-7G61-UFDR-EANM;75;Paris 4e Arrondissement;1890.0;;;;BETON - AUTRES;TUILES - AUTRES;5.0;14.0;3986;Résidentiel collectif;Tertiaire;"[""VILLE DE PARIS""]"
bdnb-bg-7GB7-CPLW-MGQG;75;Paris 18e Arrondissement;2023.0;;;;INDETERMINE;INDETERMINE;1.0;9.0;370;Tertiaire & Autres;Tertiaire;"[""VILLE DE PARIS""]"
bdnb-bg-7HH9-X6F8-8FRC;93;Noisy-le-Grand;2009.0;;;;INDETERMINE;INDETERMINE;2.0;7.0;4492;Tertiaire & Autres;Tertiaire;"[""COMMUNE DE NOISY LE GRAND"", ""DEPARTEMENT DE LA SEINE SAINT DENIS""]"
bdnb-bg-7JXV-FSUB-9WX1;93;Drancy;1994.0;;;;AUTRES;AUTRES;1.0;6.0;3349;Tertiaire & Autres;Tertiaire;"[""DEPARTEMENT DE LA SEINE SAINT DENIS""]"
bdnb-bg-7JYY-WP6S-YXM8;75;Paris 18e Arrondissement;1880.0;;;;PIERRE;TUILES;3.0;15.0;944;Tertiaire & Autres;Tertiaire;"[""VILLE DE PARIS""]"
bdnb-bg-7KCR-XKYE-FJUN;75;Paris 19e Arrondissement;2023.0;;;;INDETERMINE;INDETERMINE;3.0;5.0;5311;Tertiaire & Autres;Tertiaire;"[""VILLE DE PARIS""]"
bdnb-bg-7KHJ-64QZ-VWC5;75;Paris 20e Arrondissement;1974.0;;;;INDETERMINE;INDETERMINE;5.0;15.0;1406;Résidentiel collectif;Résidentiel collectif;"[""REGION ILE DE FRANCE""]"
bdnb-bg-7LA5-DF32-F4D2;93;Bobigny;2019.0;2020.0;C;C;INDETERMINE;INDETERMINE;10.0;;4566;Résidentiel collectif;Tertiaire;"[""COMMUNE DE BOBIGNY"", ""CDC HABITAT"", ""DAN"", ""BREINL INVEST"", ""CDC HABITAT SOCIAL SOCIETE ANONYME D'HABITATIONS A LOYER MOD"", ""FREROS ET CO"", ""SCI AU FIL DE L' OURCQ 161 RUE DE PARIS"", ""SCI BOBPAR124"", ""SCI BOBPAR134"", ""TOYS""]"
bdnb-bg-7LYY-ZQF2-CMFX;75;Paris 9e Arrondissement;2023.0;;;;INDETERMINE;INDETERMINE;5.0;11.0;522;Tertiaire & Autres;Tertiaire;"[""VILLE DE PARIS""]"
bdnb-bg-7M6L-EV5S-JTG2;75;Paris 11e Arrondissement;2023.0;;;;INDETERMINE;INDETERMINE;3.0;11.0;2045;Tertiaire & Autres;Tertiaire;"[""VILLE DE PARIS""]"
bdnb-bg-7N3S-VSEY-CHMZ;93;Aubervilliers;;;;;;;;11.0;1563;;Tertiaire;
bdnb-bg-7NPU-H1CG-QXY2;93;Bagnolet;1960.0;;;;AGGLOMERE - BETON;ZINC ALUMINIUM;2.0;;837;Résidentiel collectif;Tertiaire;"[""COMMUNE DE BAGNOLET""]"
bdnb-bg-7NT9-WBBH-B664;93;Montreuil;2018.0;;;;INDETERMINE;INDETERMINE;3.0;18.0;5027;Résidentiel collectif;Tertiaire;"[""DEPARTEMENT DE LA SEINE SAINT DENIS""]"
bdnb-bg-7P3F-SAB3-WKV3;93;Montreuil;1967.0;;;;AGGLOMERE - BETON;BETON;2.0;5.0;794;Résidentiel collectif;Tertiaire;"[""COMMUNE DE MONTREUIL""]"
bdnb-bg-7PKP-D4XN-8ANM;93;Noisy-le-Sec;2014.0;;;;AGGLOMERE;BETON;1.0;15.0;2583;Tertiaire & Autres;Tertiaire;"[""COMMUNE DE NOISY LE SEC""]"
bdnb-bg-7PLS-LJX8-PZHS;93;Montreuil;;;;;;;;11.0;1658;;Tertiaire;
bdnb-bg-7SWS-DFP6-PYT4;93;Pantin;;;;B;;;;12.0;2958;;Tertiaire;
bdnb-bg-7UA8-JASK-U84Z;93;Bondy;;;;;;;;5.0;4167;;Tertiaire;
bdnb-bg-7UEB-QD2W-8N16;75;Paris 18e Arrondissement;;;;;INDETERMINE;INDETERMINE;1.0;11.0;561;Tertiaire & Autres;Tertiaire;"[""ASS CONSISTORIALE ISRAELITE DE PARIS""]"
bdnb-bg-7UNX-2WSD-Z7B7;93;Pantin;2022.0;;;;INDETERMINE;INDETERMINE;4.0;16.0;4393;Tertiaire & Autres;Tertiaire;"[""DEPARTEMENT DE LA SEINE SAINT DENIS""]"
bdnb-bg-7V7G-497B-K1PB;93;Gagny;2017.0;;;;AUTRES;TUILES;1.0;12.0;764;Résidentiel individuel;Tertiaire;"[""COMMUNE DE GAGNY""]"
bdnb-bg-7VB2-9RY5-752D;93;Noisy-le-Grand;;;;;INDETERMINE;INDETERMINE;1.0;11.0;129;Tertiaire & Autres;Tertiaire;"[""REGION ILE DE FRANCE""]"
bdnb-bg-7W3X-Y2CV-1DGH;75;Paris 17e Arrondissement;2023.0;;;;INDETERMINE;INDETERMINE;1.0;4.0;2573;Tertiaire & Autres;Tertiaire;"[""VILLE DE PARIS""]"
bdnb-bg-7W6V-9D5U-AJEL;75;Paris 14e Arrondissement;1910.0;;;;BETON;ZINC ALUMINIUM;4.0;16.0;985;Résidentiel collectif;Tertiaire;"[""ASSISTANCE PUBLIQUE HOPITAUX DE PARIS"", ""SERVICE LOGEMENT DE L'AP-HP""]"
bdnb-bg-7XLM-88MP-8TMS;93;Montreuil;;;;;;;;10.0;657;;Tertiaire;
bdnb-bg-7XS6-JCAE-ERZS;75;Paris 15e Arrondissement;1997.0;;;;INDETERMINE;INDETERMINE;1.0;5.0;9964;Tertiaire & Autres;Tertiaire;"[""VILLE DE PARIS"", ""RTE RESEAU DE TRANSPORT D ELECTRICITE""]"
bdnb-bg-7XSV-XF1W-N92T;75;Paris 18e Arrondissement;1850.0;;;;MEULIERE;ZINC ALUMINIUM;5.0;13.0;728;Tertiaire & Autres;Tertiaire;"[""VILLE DE PARIS""]"
bdnb-bg-7YVA-F5CW-468A;93;Pantin;2012.0;;;D;INDETERMINE;INDETERMINE;1.0;12.0;1936;Tertiaire & Autres;Tertiaire;"[""OFFICE PUBLIC DE L HABITAT DE LA VILLE DE PANTIN""]"
bdnb-bg-7ZQ9-Z463-8K9H;93;Les Lilas;1920.0;;E;;PIERRE;TUILES;2.0;6.0;154;Résidentiel collectif;Tertiaire;"[""COMMUNE DES LILAS""]"
bdnb-bg-818J-9JTD-JDQQ;93;Clichy-sous-Bois;;;;;;;;7.0;6931;;Tertiaire;
bdnb-bg-81T4-RGFT-ZFA7;75;Paris 16e Arrondissement;1959.0;;;;BETON;BETON;3.0;5.0;1104;Résidentiel collectif;Tertiaire;"[""VILLE DE PARIS""]"
bdnb-bg-824Y-3CDL-2198;75;Paris 14e Arrondissement;1975.0;;;;BETON;AUTRES;4.0;7.0;795;Résidentiel collectif;Tertiaire;"[""VILLE DE PARIS""]"
bdnb-bg-82SE-12XB-YHAZ;93;Épinay-sur-Seine;1960.0;;;;BETON;ZINC ALUMINIUM;2.0;13.0;577;Résidentiel collectif;Tertiaire;"[""COMMUNE D EPINAY SUR SEINE""]"
bdnb-bg-85CV-2SUC-L5E2;75;Paris 13e Arrondissement;1912.0;;;;BRIQUES;TUILES;4.0;11.0;2115;Résidentiel collectif;Tertiaire;"[""VILLE DE PARIS""]"
bdnb-bg-85PC-V6TG-D1KC;93;Villetaneuse;;;;;;;;4.0;107;;;
bdnb-bg-85YM-RXJF-ABYT;93;Les Lilas;;;;;;;;10.0;130;;Tertiaire;
bdnb-bg-86CR-914N-C1NK;93;Rosny-sous-Bois;1970.0;;;C;INDETERMINE;INDETERMINE;2.0;6.0;13955;Tertiaire & Autres;Tertiaire;"[""COMMUNE DE ROSNY-SOUS-BOIS""]"
bdnb-bg-898K-3A7T-NN5L;93;Drancy;;;;;;;;6.0;822;;Tertiaire;
bdnb-bg-89SK-4KHN-DJVP;75;Paris 14e Arrondissement;1930.0;;;;BRIQUES - MEULIERE;TUILES;4.0;15.0;1107;Résidentiel collectif;Tertiaire;"[""VILLE DE PARIS""]"
bdnb-bg-89YY-2PA1-JQGH;93;Pantin;2013.0;;;;INDETERMINE;INDETERMINE;3.0;;21;Tertiaire & Autres;Tertiaire;"[""COMMUNE DE PANTIN"", ""EGRISE MILLION""]"
bdnb-bg-8D4V-A487-T2N5;75;Paris 8e Arrondissement;1890.0;;;E;PIERRE;ZINC ALUMINIUM;4.0;17.0;1505;Tertiaire & Autres;Tertiaire;"[""DIRECTION DES SERVICES DEPARTEMENTAUX DE L EDUCATION NATIONA"", ""ETAT PAR DIRECTION DE L IMMOBILIER DE L ETAT""]"
bdnb-bg-8EBG-DQ1V-6YBE;93;Bobigny;2010.0;;;;INDETERMINE;INDETERMINE;2.0;5.0;2076;Tertiaire & Autres;Tertiaire;"[""COMMUNE DE BOBIGNY""]"
bdnb-bg-8ECH-KFBN-P4L6;75;Paris 14e Arrondissement;1963.0;;;D;BETON;BETON;11.0;17.0;7664;Résidentiel collectif;Tertiaire;"[""LYCEE GENERAL ET TECHNOLOGIQUE F VILLON""]"
bdnb-bg-8EU6-2AK8-25YH;93;Drancy;;;;D;;;;;41;;Tertiaire;
bdnb-bg-8EVG-QNUG-MYVM;75;Paris 18e Arrondissement;;;;;INDETERMINE;INDETERMINE;3.0;10.0;1956;Résidentiel collectif;Tertiaire;"[""VILLE DE PARIS""]"
bdnb-bg-8EZZ-RET1-7MLE;75;Paris 13e Arrondissement;2017.0;;;;INDETERMINE;INDETERMINE;2.0;6.0;2275;Tertiaire & Autres;Tertiaire;"[""VILLE DE PARIS""]"
bdnb-bg-8HTP-9PPE-EDY6;75;Paris 18e Arrondissement;1925.0;;;;BETON - AUTRES;BETON - AUTRES;3.0;14.0;1100;Tertiaire & Autres;Tertiaire;"[""VILLE DE PARIS""]"
bdnb-bg-8HXP-UBQ9-8ZGA;93;Aulnay-sous-Bois;;;;;INDETERMINE;INDETERMINE;2.0;3.0;801;Tertiaire & Autres;Tertiaire;"[""COMMUNE DE SEVRAN""]"
bdnb-bg-8K27-HCCB-UR1Z;75;Paris 19e Arrondissement;;;;;;;;13.0;679;;Tertiaire;
bdnb-bg-8KVR-YCB1-RJFX;93;Saint-Denis;1875.0;;;;INDETERMINE;INDETERMINE;1.0;14.0;2487;Tertiaire & Autres;Tertiaire;"[""COMMUNE DE SAINT-DENIS""]"
bdnb-bg-8KX3-H8YA-DBN4;93;La Courneuve;;;;;;;;6.0;747;;Tertiaire;
bdnb-bg-8LBN-5Z8F-VB9Q;93;Montreuil;1963.0;;;;AUTRES;AUTRES;2.0;6.0;266;Résidentiel individuel;Tertiaire;"[""COMMUNE DE MONTREUIL""]"
bdnb-bg-8LNP-66GX-8A5B;93;Stains;1976.0;;;C;BETON;BETON;4.0;12.0;2446;Résidentiel collectif;Tertiaire;"[""DEPARTEMENT DE LA SEINE SAINT DENIS""]"
bdnb-bg-8LZH-NFUZ-1G67;93;Aubervilliers;;;;;;;;6.0;7126;;Tertiaire;
bdnb-bg-8M22-8HWR-B151;93;Bondy;2004.0;;;;INDETERMINE;INDETERMINE;1.0;4.0;1487;Tertiaire & Autres;Tertiaire;"[""COMMUNE DE BONDY""]"
bdnb-bg-8NBH-WLSX-U7GC;93;Les Lilas;;;;;;;;5.0;708;;Tertiaire;
bdnb-bg-8PJP-PURP-WQRG;93;Le Blanc-Mesnil;2012.0;;;;INDETERMINE;INDETERMINE;1.0;6.0;1986;Tertiaire & Autres;Tertiaire;"[""COMMUNE DE DUGNY""]"
bdnb-bg-8QAB-SNG7-BUW3;75;Paris 12e Arrondissement;1890.0;;;;BETON - BRIQUES;TUILES - ZINC ALUMINIUM;4.0;13.0;1222;Tertiaire & Autres;Tertiaire;"[""VILLE DE PARIS""]"
bdnb-bg-8R1V-UJHZ-59SE;93;Noisy-le-Sec;;;;;;;;3.0;121;;Tertiaire;
bdnb-bg-8RAR-GDTE-1CP6;75;Paris 20e Arrondissement;1900.0;;;;BRIQUES - AUTRES;TUILES - AUTRES;3.0;14.0;1302;Tertiaire & Autres;Tertiaire;"[""VILLE DE PARIS""]"
bdnb-bg-8S8X-GJTQ-ZSE2;93;Épinay-sur-Seine;1975.0;1950.0;C;B;BETON;BETON;5.0;11.0;5474;Tertiaire & Autres;Tertiaire;"[""REGION ILE DE FRANCE""]"
bdnb-bg-8SLG-HAL4-NURK;93;Livry-Gargan;2018.0;;;;INDETERMINE;INDETERMINE;3.0;12.0;6018;Résidentiel collectif;Tertiaire;"[""DEPARTEMENT DE LA SEINE SAINT DENIS""]"
bdnb-bg-8UJX-3E5R-PBEX;75;Paris 14e Arrondissement;1900.0;;;;INDETERMINE;INDETERMINE;4.0;14.0;549;Résidentiel collectif;Tertiaire;"[""VILLE DE PARIS""]"
bdnb-bg-8UQT-BZBF-FJ2Q;75;Paris 3e Arrondissement;;;;;INDETERMINE;INDETERMINE;7.0;22.0;1291;Résidentiel collectif;Tertiaire;"[""VILLE DE PARIS""]"
bdnb-bg-8VDE-MD3N-9RYS;93;Pantin;1900.0;;;;BRIQUES;INDETERMINE;2.0;12.0;2328;Résidentiel collectif;Tertiaire;"[""COMMUNE DE PANTIN""]"
bdnb-bg-8YJ5-N3RW-S9DX;93;Sevran;2003.0;;;;BETON;BETON;5.0;5.0;4773;Tertiaire & Autres;Tertiaire;"[""COMMUNE DE SEVRAN""]"
bdnb-bg-8YTR-FPG1-U7JN;75;Paris 15e Arrondissement;1997.0;;;;INDETERMINE;INDETERMINE;1.0;26.0;1113;Tertiaire & Autres;Tertiaire;"[""DIRECTION GENERALE DE L'ADMINISTRATION ET DE LA MODERNISATIO"", ""FONDATION DU JAPON""]"
bdnb-bg-8Z3L-7XJ9-B1CW;75;Paris 4e Arrondissement;2023.0;;;;BETON - BRIQUES;BETON - ZINC ALUMINIUM;4.0;14.0;1318;Tertiaire & Autres;Tertiaire;"[""VILLE DE PARIS""]"
bdnb-bg-91AB-RTH8-ZMBR;93;Les Pavillons-sous-Bois;1999.0;;;D;AUTRES;AUTRES;1.0;9.0;3472;Tertiaire & Autres;Tertiaire;"[""DEPARTEMENT DE LA SEINE SAINT DENIS""]"
bdnb-bg-94DK-HGFQ-KW4M;75;Paris 11e Arrondissement;1911.0;;;;BRIQUES;TUILES;3.0;12.0;1857;Tertiaire & Autres;Tertiaire;"[""VILLE DE PARIS""]"
bdnb-bg-9554-AS71-VSYW;93;Noisy-le-Sec;2014.0;;;;BRIQUES;BETON;2.0;7.0;4589;Tertiaire & Autres;Tertiaire;"[""COMMUNE DE NOISY LE SEC""]"
bdnb-bg-96J2-7R1J-UEZX;75;Paris 19e Arrondissement;1910.0;;;;PIERRE;TUILES;4.0;5.0;3218;Résidentiel collectif;Tertiaire;"[""VILLE DE PARIS""]"
bdnb-bg-96N1-8X1H-1C87;75;Paris 5e Arrondissement;1924.0;;;;MEULIERE - PIERRE;TUILES;2.0;8.0;893;Résidentiel collectif;Tertiaire;"[""MINISTERE DE L'EDUCATION NATIONALE  DE L'ENSEIGNEMENT SUPERI"", ""INSTITUT CURIE""]"
bdnb-bg-99CX-WQGD-APAX;93;Saint-Ouen-sur-Seine;1960.0;;;;INDETERMINE;INDETERMINE;2.0;8.0;3757;Tertiaire & Autres;Tertiaire;"[""COMMUNE DE ST OUEN-SUR-SEINE""]"
bdnb-bg-9BLB-SM7A-B9XB;93;Les Lilas;2004.0;;;C;BETON;BETON;2.0;6.0;6076;Tertiaire & Autres;Tertiaire;"[""COMMUNE DES LILAS"", ""DEPARTEMENT DE LA SEINE SAINT DENIS""]"
bdnb-bg-9BW4-XABP-CKJE;93;Bondy;1962.0;;;C;BETON - BRIQUES;BETON;4.0;12.0;712;Tertiaire & Autres;Tertiaire;"[""COMMUNE DE BONDY""]"
bdnb-bg-9BYF-2C8G-VSFS;75;Paris 10e Arrondissement;2023.0;;;;BRIQUES;BETON;5.0;13.0;1069;Tertiaire & Autres;Tertiaire;"[""VILLE DE PARIS""]"
bdnb-bg-9C6Z-F9XG-JU87;93;Stains;1934.0;;;;BRIQUES - MEULIERE;TUILES;2.0;5.0;1744;Tertiaire & Autres;Tertiaire;"[""COMMUNE DE STAINS""]"
bdnb-bg-9DGG-UF51-PPNR;93;Clichy-sous-Bois;1972.0;;E;;AGGLOMERE;BETON;5.0;14.0;924;Résidentiel collectif;Tertiaire;"[""COMMUNE DE CLICHY-SOUS-BOIS""]"
bdnb-bg-9DWD-E71B-164L;75;Paris 3e Arrondissement;;;;;INDETERMINE;INDETERMINE;6.0;19.0;781;Résidentiel collectif;Tertiaire;"[""VILLE DE PARIS""]"
bdnb-bg-9E3F-CVKU-4RRM;93;Épinay-sur-Seine;1958.0;1957.0;D;;BETON;AUTRES;2.0;3.0;1043;Résidentiel collectif;Tertiaire;"[""COMMUNE D EPINAY SUR SEINE""]"
bdnb-bg-9EMA-UCEP-YWEP;75;Paris 15e Arrondissement;2013.0;;;;BETON;BETON;5.0;10.0;3032;Tertiaire & Autres;Tertiaire;"[""VILLE DE PARIS""]"
bdnb-bg-9G8J-BUZ7-EQT1;75;Paris 20e Arrondissement;2024.0;;;;BRIQUES - PIERRE;INDETERMINE;4.0;15.0;683;Tertiaire & Autres;Tertiaire;"[""VILLE DE PARIS""]"
bdnb-bg-9GAG-JUNJ-HFA2;93;Aulnay-sous-Bois;2014.0;;D;;AGGLOMERE;BETON;4.0;8.0;6987;Tertiaire & Autres;Tertiaire;"[""COMMUNE DE SEVRAN""]"
bdnb-bg-9H6G-JXCN-SBY6;93;Neuilly-sur-Marne;1980.0;;;;INDETERMINE;INDETERMINE;1.0;6.0;10980;Tertiaire & Autres;Tertiaire;"[""REGION ILE DE FRANCE""]"
bdnb-bg-9HNB-6E8N-Z1CZ;93;Le Bourget;1986.0;;;;BETON;TUILES;1.0;3.0;5604;Résidentiel individuel;Tertiaire;"[""COMMUNE DU BOURGET""]"
bdnb-bg-9KAE-2KH2-KS6J;75;Paris 19e Arrondissement;2023.0;;;;INDETERMINE;INDETERMINE;4.0;7.0;2269;Tertiaire & Autres;Tertiaire;"[""VILLE DE PARIS""]"
bdnb-bg-9KAZ-YU1C-XG2E;75;Paris 10e Arrondissement;1960.0;;;;BRIQUES;BETON - ZINC ALUMINIUM;4.0;16.0;964;Résidentiel collectif;Tertiaire;"[""REGION ILE DE FRANCE""]"
bdnb-bg-9KBC-APVA-YF5T;93;Le Pré-Saint-Gervais;;;;;INDETERMINE;INDETERMINE;2.0;4.0;2963;Tertiaire & Autres;Tertiaire;"[""COMMUNE DE PRE SAINT GERVAIS"", ""DEPARTEMENT DE LA SEINE SAINT DENIS""]"
bdnb-bg-9KLX-ZHGU-VVTL;93;Dugny;1970.0;;;;BRIQUES - AUTRES;ZINC ALUMINIUM - AUTRES;3.0;4.0;2053;Résidentiel collectif;Tertiaire;"[""COMMUNE DE DUGNY""]"
bdnb-bg-9KWJ-C7CJ-71PX;75;Paris 20e Arrondissement;2024.0;1920.0;;;INDETERMINE;INDETERMINE;2.0;10.0;1158;Tertiaire & Autres;Tertiaire;"[""VILLE DE PARIS""]"
bdnb-bg-9L15-UJZG-XXL7;93;Montreuil;;;;;;;;8.0;1434;;Tertiaire;
bdnb-bg-9N5V-MDMU-3APK;93;Aubervilliers;1998.0;;;;INDETERMINE;INDETERMINE;3.0;11.0;5075;Tertiaire & Autres;Tertiaire;"[""DEPARTEMENT DE LA SEINE SAINT DENIS""]"
bdnb-bg-9NEN-E2VG-Z55P;75;Paris 12e Arrondissement;1900.0;;;;BRIQUES - PIERRE;TUILES - ZINC ALUMINIUM;4.0;12.0;1786;Résidentiel collectif;Tertiaire;"[""VILLE DE PARIS""]"
bdnb-bg-9NJ3-JJE3-EUGK;93;Aubervilliers;1977.0;1977.0;D;;BETON;AUTRES;19.0;24.0;6473;Résidentiel collectif;Tertiaire;"[""OFFICE PUBLIC HABITAT"", ""ENEDIS""]"
bdnb-bg-9NT7-XNBV-98R4;93;Clichy-sous-Bois;;;;;;;;7.0;472;;Tertiaire;
bdnb-bg-9PAG-YFE7-NV2V;93;Tremblay-en-France;1968.0;1970.0;C;;BETON;BETON - AUTRES;3.0;5.0;1781;Résidentiel collectif;Résidentiel collectif;"[""COMMUNE DE TREMBLAY EN FRANCE""]"
bdnb-bg-9QT6-LXPU-R1VQ;75;Paris 13e Arrondissement;;;;;INDETERMINE;INDETERMINE;3.0;14.0;1921;Résidentiel collectif;Tertiaire;"[""VILLE DE PARIS""]"
bdnb-bg-9UFV-1XWW-7XRL;93;Montreuil;1950.0;;;;AGGLOMERE - BETON;BETON;2.0;7.0;831;Résidentiel collectif;Tertiaire;"[""COMMUNE DE MONTREUIL""]"
bdnb-bg-9UU9-PJTQ-22RJ;75;Paris 2e Arrondissement;1880.0;;;;BRIQUES - PIERRE;TUILES;2.0;15.0;511;Tertiaire & Autres;Tertiaire;"[""VILLE DE PARIS""]"
bdnb-bg-9VRL-3CM4-MTSU;93;Sevran;1920.0;;;;MEULIERE;TUILES;2.0;4.0;2736;Tertiaire & Autres;Tertiaire;"[""COMMUNE DE SEVRAN""]"
bdnb-bg-9WB8-R1CN-G7HV;93;Bagnolet;1960.0;;;;AGGLOMERE - BETON;ZINC ALUMINIUM;3.0;8.0;2923;Résidentiel collectif;Tertiaire;"[""COMMUNE DE BAGNOLET""]"
bdnb-bg-9WC5-8Z4Z-TZE2;93;Vaujours;1920.0;1947.0;;;BRIQUES - PIERRE;TUILES;2.0;8.0;1516;Résidentiel individuel;Tertiaire;"[""COMMUNE DE VAUJOURS""]"
bdnb-bg-9YUZ-5HAW-5XP3;75;Paris 6e Arrondissement;1880.0;;;;AGGLOMERE - PIERRE;ARDOISES;4.0;10.0;822;Résidentiel collectif;Tertiaire;"[""VILLE DE PARIS""]"
bdnb-bg-9Z6L-H85H-CGVC;93;Livry-Gargan;;;;;;;;6.0;2164;;Tertiaire;
bdnb-bg-9ZZC-US74-1DVJ;75;Paris 12e Arrondissement;;;;;INDETERMINE;INDETERMINE;4.0;10.0;2629;Tertiaire & Autres;Tertiaire;"[""VILLE DE PARIS"", ""ENEDIS""]"
bdnb-bg-A1FK-41KS-Y1CE;93;Stains;2022.0;;;C;INDETERMINE;INDETERMINE;1.0;;2656;Tertiaire & Autres;Tertiaire;"[""COMMUNE DE STAINS""]"
bdnb-bg-A1XV-8ELL-Y1EA;75;Paris 17e Arrondissement;2023.0;;;;INDETERMINE;INDETERMINE;4.0;18.0;893;Tertiaire & Autres;Tertiaire;"[""VILLE DE PARIS"", ""ENEDIS""]"
bdnb-bg-A4XM-8WZK-R6FG;93;Bobigny;1995.0;;D;;INDETERMINE;INDETERMINE;1.0;3.0;1458;Résidentiel collectif;Tertiaire;"[""COMMUNE DE BOBIGNY""]"
bdnb-bg-A4ZH-9JCY-C96U;93;Bobigny;2004.0;;;C;INDETERMINE;INDETERMINE;1.0;7.0;3355;Tertiaire & Autres;Tertiaire;"[""COMMUNE DE BOBIGNY""]"
bdnb-bg-A5N2-2PBQ-RGSB;93;Bondy;;;;;;;;5.0;2404;;Tertiaire;
bdnb-bg-A6BX-346R-6XAL;75;Paris 17e Arrondissement;2023.0;;;;BRIQUES - PIERRE;INDETERMINE;3.0;11.0;1825;Tertiaire & Autres;Tertiaire;"[""VILLE DE PARIS""]"
bdnb-bg-A6YQ-S1CL-64Y4;75;Paris 19e Arrondissement;;;;;;;;14.0;1072;;Tertiaire;
bdnb-bg-A87Z-WNJB-Y2MJ;93;Saint-Ouen-sur-Seine;;;;;INDETERMINE;INDETERMINE;1.0;11.0;3368;Tertiaire & Autres;Tertiaire;"[""DEPARTEMENT DE LA SEINE SAINT DENIS""]"
bdnb-bg-A8B2-AMK1-YWXX;93;Stains;;;;F;;;;7.0;2846;;Tertiaire;
bdnb-bg-A9TK-KVUX-LPNV;93;Aubervilliers;2021.0;;;;INDETERMINE;INDETERMINE;1.0;10.0;1787;Tertiaire & Autres;Tertiaire;"[""COMMUNE DE SAINT-DENIS""]"
bdnb-bg-AAW1-7UJS-MS58;93;Noisy-le-Sec;1969.0;2021.0;B;;INDETERMINE;INDETERMINE;15.0;43.0;565;Résidentiel collectif;Résidentiel collectif;"[""ICF LA SABLIERE SA D'HLM""]"
bdnb-bg-ABL5-RK81-RQUH;75;Paris 20e Arrondissement;2024.0;;;;INDETERMINE;INDETERMINE;4.0;14.0;2147;Tertiaire & Autres;Tertiaire;"[""VILLE DE PARIS""]"
bdnb-bg-ABQF-LP9S-924R;75;Paris 15e Arrondissement;1934.0;;;;BETON;BETON;4.0;15.0;3767;Résidentiel collectif;Tertiaire;"[""MINISTERE DE L'EDUCATION NATIONALE  DE L'ENSEIGNEMENT SUPERI"", ""ETAT PAR DIRECTION DE L IMMOBILIER DE L ETAT""]"
bdnb-bg-ABWK-2VWT-FLW7;75;Paris 13e Arrondissement;2011.0;1972.0;D;D;INDETERMINE;INDETERMINE;1.0;38.0;20804;Tertiaire & Autres;Tertiaire;"[""VILLE DE PARIS"", ""SOCIETE NATIONALE SNCF""]"
bdnb-bg-AE2B-57BL-FGV1;93;Montreuil;;;;;INDETERMINE;INDETERMINE;1.0;4.0;2869;Secondaire;Tertiaire;"[""COMMUNE DE MONTREUIL""]"
bdnb-bg-AE4M-GAL7-EBP8;75;Paris 13e Arrondissement;1886.0;;;;BRIQUES - PIERRE;ZINC ALUMINIUM;4.0;7.0;2914;Résidentiel collectif;Tertiaire;"[""VILLE DE PARIS""]"
bdnb-bg-AE8C-MYYR-ULZC;93;Aubervilliers;1878.0;;;;MEULIERE;TUILES;2.0;11.0;2248;Résidentiel collectif;Tertiaire;"[""COMMUNE DE SAINT-DENIS""]"
bdnb-bg-AEQ3-VT7L-N1B8;93;Montreuil;1900.0;;;;PIERRE;TUILES;1.0;3.0;1136;Résidentiel individuel;Tertiaire;"[""COMMUNE DE MONTREUIL""]"
bdnb-bg-AFNC-T3KG-2AW9;93;Montreuil;;;;D;;;;15.0;830;;Tertiaire;
bdnb-bg-AFZA-3B5R-52H1;93;Épinay-sur-Seine;1964.0;;;;BETON - BRIQUES;BETON;3.0;7.0;7388;Tertiaire & Autres;Tertiaire;"[""COMMUNE D EPINAY SUR SEINE"", ""REGION ILE DE FRANCE""]"
bdnb-bg-AG4A-B133-4XCB;93;Sevran;;;;;;;;5.0;1631;;Tertiaire;
bdnb-bg-AGJT-8W9T-7FNK;93;Les Lilas;1994.0;;;;INDETERMINE;INDETERMINE;3.0;11.0;4325;Tertiaire & Autres;Tertiaire;"[""REGION ILE DE FRANCE""]"
bdnb-bg-AHT9-GRB8-98EG;93;Clichy-sous-Bois;1650.0;;;;PIERRE;ARDOISES;2.0;6.0;577;Résidentiel individuel;Résidentiel individuel;"[""COMMUNE DE CLICHY-SOUS-BOIS""]"
bdnb-bg-AHTB-JWDQ-U9FC;75;Paris 1er Arrondissement;;;;;INDETERMINE;INDETERMINE;5.0;12.0;806;Résidentiel collectif;Tertiaire;"[""VILLE DE PARIS""]"
bdnb-bg-AHZ6-XPHM-TWAL;75;Paris 19e Arrondissement;2018.0;;;;INDETERMINE;INDETERMINE;2.0;5.0;1381;Tertiaire & Autres;Tertiaire;"[""VILLE DE PARIS""]"
bdnb-bg-AJMP-QA5B-5AF1;93;Bobigny;;;;C;;;;8.0;3530;;Tertiaire;
bdnb-bg-AJYC-QMY8-ZKZK;93;La Courneuve;1950.0;;E;;INDETERMINE;INDETERMINE;1.0;4.0;1998;Tertiaire & Autres;Tertiaire;"[""COMMUNE DE LA COURNEUVE""]"
bdnb-bg-AK48-GT7B-FEGA;75;Paris 6e Arrondissement;;;;;;;;5.0;169;;Tertiaire;
bdnb-bg-AKRU-Y6GY-TD3S;93;Saint-Denis;1977.0;;;C;AUTRES;AUTRES;3.0;8.0;1954;Résidentiel collectif;Tertiaire;"[""DEPARTEMENT DE LA SEINE SAINT DENIS""]"
bdnb-bg-AKZ7-5F8Z-MDZC;93;Saint-Denis;2011.0;;;;INDETERMINE;INDETERMINE;1.0;15.0;3466;Tertiaire & Autres;Tertiaire;"[""ENEDIS"", ""COMMUNE DE SAINT-DENIS""]"
bdnb-bg-ALF6-KPAB-L658;93;Épinay-sur-Seine;;;;C;;;;8.0;1436;;Tertiaire;
bdnb-bg-AMG4-YC46-H16R;93;Gagny;1960.0;;;;BETON;BETON;5.0;16.0;1032;Résidentiel collectif;Résidentiel collectif;"[""IMMOBILIERE 3F""]"
bdnb-bg-AMJK-QDQH-X2YA;93;Montreuil;1936.0;;;;BETON - BRIQUES;BETON;3.0;9.0;2416;Résidentiel collectif;Tertiaire;"[""DEPARTEMENT DE LA SEINE SAINT DENIS"", ""ETAT PAR DIRECTION DE L IMMOBILIER DE L ETAT""]"
bdnb-bg-AP52-Q61N-GXBW;75;Paris 13e Arrondissement;1900.0;;;;INDETERMINE;INDETERMINE;2.0;11.0;1469;Tertiaire & Autres;Tertiaire;"[""REGION ILE DE FRANCE""]"
bdnb-bg-APDR-U9UB-W9K8;93;Noisy-le-Sec;;;;;INDETERMINE;INDETERMINE;2.0;11.0;157;Résidentiel collectif;Résidentiel collectif;"[""DIRECTION REGIONALE ET INTERDEPARTEMENTALE DE L'ENVIRONNEMEN"", ""ETAT PAR DIRECTION DE L IMMOBILIER DE L ETAT""]"
bdnb-bg-APNU-THMQ-SES9;75;Paris 5e Arrondissement;1937.0;;;;BRIQUES - PIERRE;TUILES - ZINC ALUMINIUM;5.0;10.0;883;Résidentiel collectif;Tertiaire;"[""VILLE DE PARIS""]"
bdnb-bg-APSR-4EUF-MS8G;93;Aulnay-sous-Bois;1973.0;;;;BETON;AUTRES;3.0;8.0;2855;Résidentiel collectif;Tertiaire;"[""COMMUNE DE SEVRAN""]"
bdnb-bg-APYM-SK1M-VKH6;93;Bobigny;;;;;;;;4.0;1977;;Tertiaire;
bdnb-bg-AQJS-3V9G-8H2A;75;Paris 20e Arrondissement;2024.0;;;;BETON;BETON - ZINC ALUMINIUM;5.0;14.0;1895;Tertiaire & Autres;Tertiaire;"[""VILLE DE PARIS""]"
bdnb-bg-AQKD-4ZSB-KEU7;93;Saint-Ouen-sur-Seine;1900.0;;F;;AUTRES;AUTRES;2.0;10.0;3502;Résidentiel collectif;Tertiaire;"[""COMMUNE DE ST OUEN-SUR-SEINE""]"
bdnb-bg-AQX9-Y5GU-T8TN;75;Paris 20e Arrondissement;;;;;;;;17.0;483;;Tertiaire;
bdnb-bg-ARHM-ZZAH-RRN4;93;Saint-Denis;2009.0;;;;INDETERMINE;INDETERMINE;1.0;9.0;2592;Tertiaire & Autres;Tertiaire;"[""COMMUNE DE SAINT-DENIS""]"
bdnb-bg-ASFH-VBA5-GYTB;93;Le Blanc-Mesnil;2011.0;;;;INDETERMINE;INDETERMINE;4.0;8.0;4426;Tertiaire & Autres;Tertiaire;"[""REGION ILE DE FRANCE""]"
bdnb-bg-ATFX-H6PZ-4MPQ;93;Saint-Denis;;;;;INDETERMINE;INDETERMINE;1.0;5.0;1812;Tertiaire & Autres;Tertiaire;"[""COMMUNE DE SAINT-DENIS""]"
bdnb-bg-ATSG-QFNP-U4CR;93;Le Raincy;;;;;;;;8.0;2425;;Tertiaire;
bdnb-bg-AU8D-BA56-3T4W;93;Neuilly-sur-Marne;1993.0;;D;F;INDETERMINE;INDETERMINE;7.0;6.0;6506;Résidentiel collectif;Tertiaire;"[""COMMUNE DE NEUILLY S-MARNE"", ""ENEDIS""]"
bdnb-bg-AU8E-L5A2-7DCG;93;Le Pré-Saint-Gervais;1900.0;;;;INDETERMINE;INDETERMINE;3.0;8.0;3157;Tertiaire & Autres;Tertiaire;"[""COMMUNE DE PRE SAINT GERVAIS""]"
bdnb-bg-AUN5-KFHX-Q4S1;93;Sevran;2011.0;;;;INDETERMINE;INDETERMINE;1.0;4.0;1321;Tertiaire & Autres;Tertiaire;"[""COMMUNE DE SEVRAN""]"
bdnb-bg-AUYR-83XJ-CFU8;93;Saint-Denis;2013.0;;;;INDETERMINE;INDETERMINE;5.0;9.0;6780;Résidentiel collectif;Tertiaire;"[""DEPARTEMENT DE LA SEINE SAINT DENIS""]"
bdnb-bg-AWEM-BMR7-H6XB;93;Saint-Denis;;2016.0;;;INDETERMINE;INDETERMINE;1.0;8.0;5124;Tertiaire & Autres;Tertiaire;"[""REGION ILE DE FRANCE""]"
bdnb-bg-AWL2-E93K-3ASV;93;Neuilly-Plaisance;1935.0;;F;;INDETERMINE;INDETERMINE;3.0;8.0;4224;Résidentiel collectif;Tertiaire;"[""COMMUNE DE NEUILLY PLAISANCE"", ""SAHLM DE LA VALLEE DE LA SEINE   SAHLM""]"
bdnb-bg-AWMD-QSR7-HYUB;93;Épinay-sur-Seine;;;;;;;;4.0;112;;Tertiaire;
bdnb-bg-AZWC-ASJR-F9XT;93;Montfermeil;;;;;;;;6.0;4418;;Tertiaire;
bdnb-bg-AZXS-VMVC-AJ3L;75;Paris 15e Arrondissement;1912.0;;;;BRIQUES;TUILES;4.0;15.0;1560;Résidentiel collectif;Tertiaire;"[""VILLE DE PARIS""]"
bdnb-bg-AZZP-9RX5-1QNL;75;Paris 15e Arrondissement;;;;;INDETERMINE;INDETERMINE;1.0;6.0;336;Résidentiel individuel;Tertiaire;"[""VILLE DE PARIS""]"
bdnb-bg-B1SL-61KJ-TZR8;93;Noisy-le-Sec;1990.0;;;C;INDETERMINE;INDETERMINE;3.0;8.0;2960;Résidentiel collectif;Tertiaire;"[""COMMUNE DE NOISY LE SEC""]"
bdnb-bg-B4RJ-EQYE-R21H;75;Paris 2e Arrondissement;1870.0;;;;BRIQUES - MEULIERE;ARDOISES;4.0;13.0;1811;Résidentiel collectif;Tertiaire;"[""VILLE DE PARIS""]"
bdnb-bg-B4WV-YRP2-SJNT;93;Le Raincy;;;;;;;;19.0;6021;;Tertiaire;
bdnb-bg-B555-1THT-WGAP;93;Rosny-sous-Bois;;;;;BRIQUES;TUILES;2.0;7.0;6774;Tertiaire & Autres;Tertiaire;"[""COMMUNE DE ROSNY-SOUS-BOIS""]"
bdnb-bg-B5EB-GWA7-8616;75;Paris 5e Arrondissement;2023.0;;;;INDETERMINE;INDETERMINE;4.0;23.0;2569;Tertiaire & Autres;Tertiaire;"[""VILLE DE PARIS""]"
bdnb-bg-B5NJ-JPNJ-Y4Y3;75;Paris 8e Arrondissement;1900.0;;;;INDETERMINE;INDETERMINE;4.0;17.0;1795;Tertiaire & Autres;Tertiaire;"[""VILLE DE PARIS"", ""ENEDIS""]"
bdnb-bg-B5RX-2SUG-ZBEW;93;Tremblay-en-France;;;;;;;;7.0;2347;;Tertiaire;
bdnb-bg-B7J2-KL6G-4CYT;75;Paris 8e Arrondissement;2022.0;;;;INDETERMINE;INDETERMINE;4.0;19.0;314;Tertiaire & Autres;Tertiaire;"[""VILLE DE PARIS""]"
bdnb-bg-BADB-VELT-GLJX;75;Paris 20e Arrondissement;;;E;;BETON - PIERRE;BETON;8.0;11.0;4421;Tertiaire & Autres;Tertiaire;"[""REGION ILE DE FRANCE"", ""REGIE AUTONOME DES TRANSPORTS PARISIENS""]"
bdnb-bg-BBZ1-5Y1P-X2XJ;93;Neuilly-sur-Marne;1930.0;;;;BRIQUES;TUILES;1.0;5.0;1390;Tertiaire & Autres;Tertiaire;"[""COMMUNE DE NEUILLY S-MARNE""]"
bdnb-bg-BDPJ-NEQL-4VH1;93;Aubervilliers;;;;;;;;8.0;3103;;Tertiaire;
bdnb-bg-BES9-PH5Q-A9ED;75;Paris 15e Arrondissement;2023.0;;;;INDETERMINE;INDETERMINE;1.0;4.0;155;Tertiaire & Autres;Tertiaire;"[""VILLE DE PARIS""]"
bdnb-bg-BGRJ-L4YN-Q4D8;93;Montfermeil;;;;;;;;5.0;1641;;Tertiaire;
bdnb-bg-BH6X-2FFW-6H31;75;Paris 19e Arrondissement;2023.0;;;;INDETERMINE;INDETERMINE;2.0;11.0;2181;Tertiaire & Autres;Tertiaire;"[""VILLE DE PARIS""]"
bdnb-bg-BHZX-PS2D-82M4;93;Le Raincy;;;;;;;;6.0;2813;;Tertiaire;
bdnb-bg-BKPV-WUFJ-CBV2;75;Paris 13e Arrondissement;2023.0;;C;;INDETERMINE;INDETERMINE;1.0;10.0;1098;Tertiaire & Autres;Tertiaire;"[""VILLE DE PARIS""]"
bdnb-bg-BKWK-D45X-ML6Z;93;Coubron;;;;;INDETERMINE;INDETERMINE;1.0;2.0;1022;Tertiaire & Autres;Tertiaire;"[""COMMUNE DE COUBRON""]"
bdnb-bg-BLMH-H95P-Q9ME;93;Dugny;;;;;;;;5.0;1312;;Tertiaire;
bdnb-bg-BMKP-4D86-55BQ;75;Paris 9e Arrondissement;1800.0;;;;BRIQUES - PIERRE;ARDOISES;4.0;20.0;538;Résidentiel collectif;Tertiaire;"[""LYCEE GENERAL COLBERT"", ""ETAT PAR DIRECTION DE L IMMOBILIER DE L ETAT""]"
bdnb-bg-BMYL-V3YN-XXNL;93;Noisy-le-Grand;1990.0;;D;E;INDETERMINE;INDETERMINE;2.0;10.0;3405;Tertiaire & Autres;Tertiaire;"[""COMMUNE DE NOISY LE GRAND""]"
bdnb-bg-BQ2L-DHP3-6GY8;75;Paris 13e Arrondissement;2012.0;2012.0;C;;BETON;ZINC ALUMINIUM;7.0;22.0;904;Résidentiel collectif;Tertiaire;"[""VILLE DE PARIS"", ""REGIE IMMOBILIERE DE LA VILLE DE PARIS""]"
bdnb-bg-BS5V-DY1T-ZM5T;93;Noisy-le-Sec;2018.0;;;;INDETERMINE;INDETERMINE;3.0;7.0;5210;Tertiaire & Autres;Tertiaire;"[""COMMUNE DE NOISY LE SEC""]"
bdnb-bg-BS5X-F2P3-BJ7M;93;Aulnay-sous-Bois;2001.0;;;;INDETERMINE;INDETERMINE;3.0;5.0;2659;Tertiaire & Autres;Tertiaire;"[""COMMUNE DE SEVRAN""]"
bdnb-bg-BTFB-1JDY-QD6H;75;Paris 14e Arrondissement;1984.0;;;;AUTRES;AUTRES;3.0;11.0;1339;Résidentiel collectif;Tertiaire;"[""VILLE DE PARIS""]"
bdnb-bg-BTG1-FA97-FPVS;93;Drancy;;;;;AUTRES;AUTRES;1.0;31.0;1569;Résidentiel collectif;Tertiaire;"[""COMMUNE DE DRANCY""]"
bdnb-bg-BU7J-T8F9-K7DM;75;Paris 11e Arrondissement;2023.0;;F;;INDETERMINE;INDETERMINE;5.0;11.0;1380;Tertiaire & Autres;Tertiaire;"[""VILLE DE PARIS""]"
bdnb-bg-BULP-WWXH-CF1Z;93;Drancy;1933.0;;;;AUTRES;TUILES;2.0;6.0;2719;Résidentiel collectif;Tertiaire;"[""COMMUNE DE DRANCY""]"
bdnb-bg-BXVQ-PTZ9-Q11M;93;Villemomble;2012.0;;;;INDETERMINE;INDETERMINE;1.0;5.0;861;Tertiaire & Autres;Tertiaire;"[""COMMUNE DE VILLEMOMBLE""]"
bdnb-bg-BYPX-YK38-P9G9;93;Villemomble;;;;;;;;7.0;1036;;Tertiaire;
bdnb-bg-BZ9U-5V6K-LDGH;75;Paris 12e Arrondissement;1900.0;;;;INDETERMINE;INDETERMINE;3.0;17.0;1886;Résidentiel collectif;Tertiaire;"[""VILLE DE PARIS""]"
bdnb-bg-C15N-CL4K-S49Z;93;Tremblay-en-France;1993.0;;;;AUTRES;TUILES;2.0;4.0;2721;Tertiaire & Autres;Tertiaire;"[""COMMUNE DE TREMBLAY EN FRANCE""]"
bdnb-bg-C2JH-LUF5-5MAR;75;Paris 13e Arrondissement;1991.0;;;;INDETERMINE;INDETERMINE;3.0;11.0;582;Tertiaire & Autres;Tertiaire;"[""VILLE DE PARIS""]"
bdnb-bg-C2S3-25J5-C5QB;75;Paris 15e Arrondissement;1970.0;;D;;INDETERMINE;INDETERMINE;5.0;36.0;3450;Résidentiel collectif;Résidentiel collectif;"[""GEC 7""]"
bdnb-bg-C2UT-33HR-2FBP;75;Paris 17e Arrondissement;1989.0;;;;INDETERMINE;INDETERMINE;1.0;14.0;297;Résidentiel collectif;Tertiaire;"[""VILLE DE PARIS""]"
bdnb-bg-C2YK-H9KE-1HHM;93;Villepinte;2017.0;;;;INDETERMINE;INDETERMINE;1.0;2.0;2056;Tertiaire & Autres;Tertiaire;"[""COMMUNE DE VILLEPINTE""]"
bdnb-bg-C3D9-ADN3-F3ZU;93;Bobigny;2020.0;;;;INDETERMINE;INDETERMINE;1.0;9.0;5803;Tertiaire & Autres;Tertiaire;"[""COMMUNE DE BOBIGNY"", ""DEPARTEMENT DE LA SEINE SAINT DENIS""]"
bdnb-bg-C4MW-TB3B-LSU1;75;Paris 19e Arrondissement;;1948.0;D;;INDETERMINE;INDETERMINE;13.0;20.0;1974;Résidentiel collectif;Résidentiel collectif;"[""IMMOBILIERE 3F""]"
bdnb-bg-C51W-CUWM-UHHE;75;Paris 10e Arrondissement;1860.0;;E;;MEULIERE;TUILES - ZINC ALUMINIUM;7.0;18.0;317;Résidentiel collectif;Résidentiel collectif;"[""SYNDICAT DES COPROPRIETAIRES DE L'IMMEUBLE SIS A PARIS 10E 3""]"
bdnb-bg-C6HJ-Q8G4-U3Z3;93;Aubervilliers;1991.0;;;;INDETERMINE;INDETERMINE;1.0;12.0;4607;Tertiaire & Autres;Tertiaire;"[""DEPARTEMENT DE LA SEINE SAINT DENIS""]"
bdnb-bg-C9KH-84VF-TB7A;75;Paris 20e Arrondissement;2024.0;;;;INDETERMINE;INDETERMINE;4.0;8.0;993;Tertiaire & Autres;Tertiaire;"[""VILLE DE PARIS""]"
bdnb-bg-C9N1-1SJT-BE4M;93;Gagny;;;;;;;;9.0;1588;;Tertiaire;
bdnb-bg-CAV1-NRJU-WKSM;93;Aulnay-sous-Bois;;;G;;INDETERMINE;TUILES;3.0;6.0;5859;Tertiaire & Autres;Tertiaire;"[""COMMUNE DE SEVRAN"", ""ASSOCIATION DIOCESAINE ST DENIS FRANCE""]"
bdnb-bg-CBFA-7YYU-UWMG;93;Aubervilliers;;2023.0;C;;INDETERMINE;INDETERMINE;3.0;11.0;3494;Tertiaire & Autres;Tertiaire;"[""COMMUNE DE SAINT-DENIS""]"
bdnb-bg-CC1K-6NZV-NVY5;93;Drancy;;;;;AUTRES;AUTRES;2.0;5.0;3418;Résidentiel collectif;Tertiaire;"[""COMMUNE DE DRANCY""]"
bdnb-bg-CCNB-2K6S-RE6S;75;Paris 12e Arrondissement;1886.0;;;;PIERRE;TUILES - ZINC ALUMINIUM;3.0;7.0;2490;Résidentiel collectif;Tertiaire;"[""VILLE DE PARIS"", ""ENEDIS""]"
bdnb-bg-CDCF-PSSE-DJXQ;93;Le Blanc-Mesnil;2008.0;;;;INDETERMINE;INDETERMINE;1.0;7.0;910;Tertiaire & Autres;Tertiaire;"[""COMMUNE DE DUGNY""]"
bdnb-bg-CDLZ-1F8M-JUZR;93;Bondy;;;;D;;;;5.0;1766;;Tertiaire;
bdnb-bg-CDXW-GM14-EWDD;93;L'Île-Saint-Denis;;;;C;INDETERMINE;INDETERMINE;1.0;4.0;59;Tertiaire & Autres;Tertiaire;"[""COMMUNE DE L ILE ST DENIS"", ""DEPARTEMENT DE LA SEINE SAINT DENIS""]"
bdnb-bg-CGVB-X2KR-9R2Z;93;Noisy-le-Grand;2002.0;;;;INDETERMINE;INDETERMINE;1.0;12.0;3157;Résidentiel individuel;Tertiaire;"[""DEPARTEMENT DE LA SEINE SAINT DENIS""]"
bdnb-bg-CHCN-HQEF-XZU6;93;Coubron;;;;;;;;4.0;1484;;Tertiaire;
bdnb-bg-CKNR-W37M-5136;93;Montreuil;1958.0;;;;BRIQUES;TUILES;2.0;7.0;3820;Résidentiel collectif;Tertiaire;"[""COMMUNE DE MONTREUIL""]"
bdnb-bg-CKNT-72X4-BV51;75;Paris 20e Arrondissement;2024.0;;;;INDETERMINE;INDETERMINE;1.0;8.0;1104;Tertiaire & Autres;Tertiaire;"[""VILLE DE PARIS""]"
bdnb-bg-CLAT-LCU2-4WSF;75;Paris 14e Arrondissement;2014.0;;;;INDETERMINE;INDETERMINE;1.0;9.0;461;Résidentiel individuel;Tertiaire;"[""VILLE DE PARIS""]"
bdnb-bg-CM1A-LXXL-13WA;93;Drancy;;;;;INDETERMINE;INDETERMINE;3.0;10.0;1770;Résidentiel collectif;Tertiaire;"[""COMMUNE DE DRANCY""]"
bdnb-bg-CN8M-L9H2-DHEK;93;Aulnay-sous-Bois;;;;;BRIQUES - AUTRES;AUTRES;2.0;4.0;1749;Tertiaire & Autres;Tertiaire;"[""COMMUNE DE SEVRAN""]"
bdnb-bg-CNQ4-VL2J-SS4F;93;Bondy;2001.0;;;D;AUTRES;TUILES;1.0;8.0;1936;Résidentiel individuel;Tertiaire;"[""COMMUNE DE BONDY""]"
bdnb-bg-CP8G-1B48-PT22;75;Paris 17e Arrondissement;2023.0;;;;INDETERMINE;INDETERMINE;1.0;13.0;447;Tertiaire & Autres;Tertiaire;
bdnb-bg-CPJ6-6DFL-9CSH;75;Paris 10e Arrondissement;1900.0;;;;INDETERMINE;INDETERMINE;4.0;13.0;1965;Tertiaire & Autres;Tertiaire;"[""VILLE DE PARIS""]"
bdnb-bg-CQQC-4AZV-DSNU;93;Le Blanc-Mesnil;1972.0;;;;AUTRES;AUTRES;1.0;2.0;1035;Résidentiel collectif;Tertiaire;"[""COMMUNE DE DUGNY""]"
bdnb-bg-CRMD-R2LV-1Q31;93;Vaujours;;;;;;;;6.0;1958;;Tertiaire;
bdnb-bg-CRRW-C472-BK2S;75;Paris 10e Arrondissement;1883.0;;;;PIERRE;TUILES;3.0;13.0;1589;Tertiaire & Autres;Tertiaire;"[""VILLE DE PARIS""]"
bdnb-bg-CS2E-7SCJ-G4E7;93;Sevran;;;;C;;;;4.0;3685;;Tertiaire;
bdnb-bg-CT1J-S2F3-DT1F;93;Livry-Gargan;;;;;;;;13.0;1905;;Tertiaire;
bdnb-bg-CT58-FGAP-QXAD;75;Paris 19e Arrondissement;2023.0;;;;INDETERMINE;INDETERMINE;1.0;14.0;1023;Tertiaire & Autres;Tertiaire;"[""VILLE DE PARIS""]"
bdnb-bg-CT6Z-347T-MAXD;93;Romainville;2012.0;;;;INDETERMINE;INDETERMINE;1.0;11.0;4800;Tertiaire & Autres;Tertiaire;"[""COMMUNE DE ROMAINVILLE""]"
bdnb-bg-CUY8-QY9K-24ZL;75;Paris 19e Arrondissement;2023.0;1948.0;C;;INDETERMINE;INDETERMINE;5.0;10.0;4991;Tertiaire & Autres;Tertiaire;"[""VILLE DE PARIS""]"
bdnb-bg-CWXE-SCTL-2ZGD;93;Bobigny;1975.0;;D;D;BETON - BRIQUES;BETON;3.0;6.0;2050;Résidentiel collectif;Tertiaire;"[""COMMUNE DE BOBIGNY""]"
bdnb-bg-D24Z-JNSA-3N4D;75;Paris 6e Arrondissement;1800.0;;F;;INDETERMINE;INDETERMINE;7.0;17.0;6829;Résidentiel collectif;Tertiaire;"[""LYCEE GENERAL SAINT-LOUIS""]"
bdnb-bg-D2U6-Q6U3-RMJJ;93;Stains;1992.0;;;;AUTRES;AUTRES;2.0;7.0;4862;Résidentiel collectif;Tertiaire;"[""REGION ILE DE FRANCE""]"
bdnb-bg-D4FP-Y5E3-66JU;75;Paris 10e Arrondissement;1961.0;;;;BETON - BRIQUES;BETON;3.0;10.0;4421;Tertiaire & Autres;Tertiaire;"[""VILLE DE PARIS""]"
bdnb-bg-D4LN-L6Y5-FAJV;75;Paris 11e Arrondissement;2023.0;;;;INDETERMINE;INDETERMINE;2.0;7.0;1738;Tertiaire & Autres;Tertiaire;"[""VILLE DE PARIS""]"
bdnb-bg-D66K-4Q9U-ZSU3;75;Paris 11e Arrondissement;2007.0;;;;INDETERMINE;INDETERMINE;1.0;13.0;1183;Tertiaire & Autres;Tertiaire;"[""VILLE DE PARIS""]"
bdnb-bg-D8LB-P7MX-497C;75;Paris 15e Arrondissement;2023.0;;;;BETON;BETON - ZINC ALUMINIUM;3.0;10.0;936;Tertiaire & Autres;Tertiaire;"[""VILLE DE PARIS""]"
bdnb-bg-DA2D-FBY9-KT8E;93;Gagny;1981.0;1983.0;F;;BETON;AUTRES;1.0;5.0;1174;Résidentiel individuel;Tertiaire;"[""COMMUNE DE GAGNY""]"
bdnb-bg-DA81-5AP9-BPYL;75;Paris 14e Arrondissement;1907.0;;;;BETON - PIERRE;TUILES;2.0;6.0;1385;Résidentiel collectif;Tertiaire;"[""VILLE DE PARIS""]"
bdnb-bg-DB9C-6X3N-KQQ9;93;Saint-Denis;2014.0;2006.0;;;INDETERMINE;INDETERMINE;2.0;5.0;1555;Résidentiel collectif;Tertiaire;"[""COMMUNE DE SAINT-DENIS""]"
bdnb-bg-DBQ5-715J-9ZFL;93;Les Pavillons-sous-Bois;1954.0;;;;BRIQUES;TUILES;3.0;9.0;2390;Tertiaire & Autres;Tertiaire;"[""COMMUNE DE PAVILLONS SOUS BOIS""]"
bdnb-bg-DCFX-P88Z-EY6F;93;Villemomble;2006.0;1900.0;D;;INDETERMINE;INDETERMINE;1.0;5.0;3076;Résidentiel individuel;Tertiaire;"[""COMMUNE DE VILLEMOMBLE""]"
bdnb-bg-DDD3-4NS7-8XDR;75;Paris 9e Arrondissement;2023.0;;;;INDETERMINE;INDETERMINE;6.0;11.0;1101;Tertiaire & Autres;Tertiaire;"[""VILLE DE PARIS""]"
bdnb-bg-DDF4-M699-UXUQ;75;Paris 19e Arrondissement;2023.0;;;;INDETERMINE;INDETERMINE;2.0;11.0;1206;Tertiaire & Autres;Tertiaire;"[""VILLE DE PARIS""]"
bdnb-bg-DDQ8-W9QB-WKEL;75;Paris 3e Arrondissement;;;;;;;;19.0;506;;Tertiaire;
bdnb-bg-DDRL-44RD-VA89;93;Neuilly-Plaisance;;;;;;;;4.0;1416;;Tertiaire;
bdnb-bg-DEP6-LAAH-ABJS;93;Saint-Denis;2014.0;2013.0;C;;INDETERMINE;INDETERMINE;6.0;13.0;2695;Tertiaire & Autres;Tertiaire;"[""ESPACIL HABITAT SA D'HABITATIONS A LOYER MODERE"", ""COMMUNE DE SAINT-DENIS""]"
bdnb-bg-DF5S-Y1CV-HDPU;93;Saint-Denis;1962.0;;;;BETON;BETON;2.0;9.0;2259;Résidentiel collectif;Tertiaire;"[""COMMUNE DE SAINT-DENIS""]"
bdnb-bg-DG2M-4YRY-2EPK;75;Paris 16e Arrondissement;1874.0;;;;BETON - PIERRE;ZINC ALUMINIUM;5.0;10.0;760;Résidentiel collectif;Tertiaire;"[""VILLE DE PARIS""]"
bdnb-bg-DJ19-Z3Z2-VVND;75;Paris 19e Arrondissement;2023.0;;;;INDETERMINE;INDETERMINE;2.0;13.0;933;Tertiaire & Autres;Tertiaire;"[""VILLE DE PARIS""]"
bdnb-bg-DKY6-3S48-EQV9;75;Paris 19e Arrondissement;;;;;;;;15.0;1727;;Tertiaire;
bdnb-bg-DM2U-1VDW-TSJN;93;Clichy-sous-Bois;2014.0;2015.0;;B;INDETERMINE;INDETERMINE;1.0;11.0;5988;Tertiaire & Autres;Tertiaire;"[""DEPARTEMENT DE LA SEINE SAINT DENIS""]"
bdnb-bg-DSZU-QVHK-SQVV;75;Paris 14e Arrondissement;;;;;;;;7.0;2537;;Tertiaire;
bdnb-bg-DTA2-68AE-43AY;75;Paris 20e Arrondissement;1976.0;;;;BETON - AUTRES;BETON - AUTRES;4.0;11.0;3073;Tertiaire & Autres;Tertiaire;"[""VILLE DE PARIS""]"
bdnb-bg-DTA5-8E84-255J;93;Les Pavillons-sous-Bois;1930.0;;;;BRIQUES;TUILES;2.0;7.0;3961;Résidentiel individuel;Tertiaire;"[""COMMUNE DE PAVILLONS SOUS BOIS""]"
bdnb-bg-DTDY-WC1X-DAV9;93;Livry-Gargan;;;;;;;;3.0;72;;Tertiaire;
bdnb-bg-DTRR-NYBZ-5URC;75;Paris 18e Arrondissement;1882.0;;;;PIERRE;ZINC ALUMINIUM;2.0;22.0;555;Tertiaire & Autres;Tertiaire;"[""VILLE DE PARIS"", ""ENEDIS""]"
bdnb-bg-DUA9-CJBN-2WL1;93;Aulnay-sous-Bois;;;;;;;;5.0;1253;;Tertiaire;
bdnb-bg-DXA2-3MK5-D1XC;93;Saint-Denis;1996.0;;;;INDETERMINE;INDETERMINE;4.0;12.0;1228;Tertiaire & Autres;Tertiaire;"[""COMMUNE DE SAINT-DENIS""]"
bdnb-bg-DXT3-MP5N-T663;93;Aulnay-sous-Bois;;;;;INDETERMINE;INDETERMINE;2.0;6.0;2428;Tertiaire & Autres;Tertiaire;"[""COMMUNE DE SEVRAN""]"
bdnb-bg-DYEP-748L-66Q6;75;Paris 14e Arrondissement;1900.0;;;;INDETERMINE;INDETERMINE;2.0;3.0;1207;Résidentiel collectif;Tertiaire;"[""VILLE DE PARIS""]"
bdnb-bg-DYMM-G84C-RWFK;93;Aulnay-sous-Bois;;;;;;;;23.0;1292;;Tertiaire;
bdnb-bg-DZB9-77DA-3E6Z;75;Paris 1er Arrondissement;;;;;;;;18.0;2963;;Tertiaire;
bdnb-bg-E2EZ-1X5D-F377;93;Le Raincy;1956.0;;;;BETON - PIERRE;ZINC ALUMINIUM;2.0;8.0;814;Résidentiel collectif;Tertiaire;"[""REGION ILE DE FRANCE""]"
bdnb-bg-E3HM-1UKP-8L6Z;93;Tremblay-en-France;1958.0;;;;AGGLOMERE;INDETERMINE;2.0;8.0;2186;Résidentiel collectif;Tertiaire;"[""COMMUNE DE TREMBLAY EN FRANCE""]"
bdnb-bg-E4TH-KEHH-625F;93;Tremblay-en-France;;;;;;;;7.0;250;;Tertiaire;
bdnb-bg-E63U-ABEZ-8LX3;93;Pantin;2017.0;1970.0;F;C;INDETERMINE;INDETERMINE;1.0;4.0;2110;Tertiaire & Autres;Tertiaire;"[""COMMUNE DE PANTIN""]"
bdnb-bg-E686-8X2W-BG9R;93;Aulnay-sous-Bois;1925.0;;;;AGGLOMERE;TUILES;1.0;4.0;378;Résidentiel individuel;Tertiaire;"[""COMMUNE DE SEVRAN""]"
bdnb-bg-E7QJ-JFYC-TZHA;93;Tremblay-en-France;1972.0;;;;INDETERMINE;INDETERMINE;3.0;9.0;4953;Tertiaire & Autres;Tertiaire;"[""DEPARTEMENT DE LA SEINE SAINT DENIS""]"
bdnb-bg-EANJ-6L4R-892M;93;Gagny;;;;;;;;13.0;2176;;Tertiaire;
bdnb-bg-EAUS-ARS9-FK52;93;Montfermeil;1994.0;;;D;AUTRES;INDETERMINE;2.0;10.0;904;Tertiaire & Autres;Tertiaire;"[""COMMUNE DE MONTFERMEIL""]"
bdnb-bg-ECLZ-A6P4-XMUW;93;Saint-Denis;1940.0;;;;MEULIERE;TUILES;4.0;9.0;2728;Tertiaire & Autres;Tertiaire;"[""COMMUNE DE SAINT-DENIS""]"
bdnb-bg-EDPF-32LC-X5J7;93;Rosny-sous-Bois;1928.0;;;C;BETON - PIERRE;BETON;2.0;6.0;2735;Tertiaire & Autres;Tertiaire;"[""COMMUNE DE ROSNY-SOUS-BOIS""]"
bdnb-bg-EEJT-CPQR-K8WX;93;Aulnay-sous-Bois;;;;;;;;2.0;1228;;Tertiaire;
bdnb-bg-EFFL-HBQ9-QWVG;93;Rosny-sous-Bois;2014.0;;;;INDETERMINE;INDETERMINE;1.0;8.0;1285;Tertiaire & Autres;Tertiaire;"[""COMMUNE DE ROSNY-SOUS-BOIS""]"
bdnb-bg-EGA3-52G1-GFBS;75;Paris 13e Arrondissement;1964.0;1975.0;C;;BETON;BETON;19.0;36.0;5399;Résidentiel collectif;Résidentiel collectif;"[""AEW PARIS COMMERCES"", ""REGIE IMMOBILIERE DE LA VILLE DE PARIS""]"
bdnb-bg-EHZD-VT33-TRVT;93;La Courneuve;;2019.0;A;;;;;9.0;3180;;Tertiaire;
bdnb-bg-EJH4-U1UN-17RX;93;Le Blanc-Mesnil;2014.0;2025.0;B;B;INDETERMINE;INDETERMINE;4.0;11.0;6120;Tertiaire & Autres;Tertiaire;"[""DEPARTEMENT DE LA SEINE SAINT DENIS""]"
bdnb-bg-EL47-D9A6-3SHE;93;Bobigny;1950.0;;F;;INDETERMINE;INDETERMINE;2.0;8.0;11407;Tertiaire & Autres;Tertiaire;"[""COMMUNE DE BOBIGNY""]"
bdnb-bg-EM6H-BVX2-CLV7;93;Épinay-sur-Seine;;;;;;;;3.0;1485;;Tertiaire;
bdnb-bg-EP44-FPWC-W7QY;75;Paris 19e Arrondissement;2023.0;;;;INDETERMINE;INDETERMINE;5.0;13.0;416;Tertiaire & Autres;Tertiaire;"[""VILLE DE PARIS""]"
bdnb-bg-EPJF-QSHX-6J1U;93;Tremblay-en-France;1969.0;1970.0;C;;BETON;AUTRES;5.0;10.0;3480;Résidentiel collectif;Tertiaire;"[""COMMUNE DE TREMBLAY EN FRANCE"", ""CDC HABITAT SOCIAL SOCIETE ANONYME D'HABITATIONS A LOYER MOD""]"
bdnb-bg-EQ8V-AC8D-K5KC;75;Paris 8e Arrondissement;1969.0;;;E;AUTRES;AUTRES;5.0;25.0;985;Tertiaire & Autres;Tertiaire;"[""VILLE DE PARIS"", ""ENEDIS"", ""13 15 VILLE L'EVEQUE""]"
bdnb-bg-EQMB-7GCC-3YT9;93;Montreuil;1925.0;;;D;MEULIERE;TUILES;2.0;11.0;846;Résidentiel collectif;Tertiaire;"[""COMMUNE DE MONTREUIL""]"
bdnb-bg-ERUD-S69B-R9TF;75;Paris 12e Arrondissement;1890.0;;;;BRIQUES;ARDOISES - ZINC ALUMINIUM;4.0;10.0;1011;Résidentiel collectif;Tertiaire;"[""VILLE DE PARIS"", ""ENEDIS""]"
bdnb-bg-ES8E-UX9F-D33V;75;Paris 13e Arrondissement;1926.0;;;;BETON;BETON - TUILES;2.0;5.0;196;Tertiaire & Autres;Tertiaire;"[""VILLE DE PARIS""]"
bdnb-bg-ESJB-XRQZ-T4NG;75;Paris 18e Arrondissement;2023.0;;;;INDETERMINE;INDETERMINE;2.0;5.0;1140;Tertiaire & Autres;Tertiaire;"[""VILLE DE PARIS""]"
bdnb-bg-ESY7-R53Z-T32E;75;Paris 18e Arrondissement;;;;;;;;17.0;2509;;Tertiaire;
bdnb-bg-ETGL-HHZ2-CRF7;75;Paris 5e Arrondissement;1933.0;;;;INDETERMINE;INDETERMINE;3.0;9.0;1620;Tertiaire & Autres;Tertiaire;"[""VILLE DE PARIS""]"
bdnb-bg-ETK4-H8QM-GQBS;75;Paris 18e Arrondissement;1880.0;;;;MEULIERE;ZINC ALUMINIUM;2.0;11.0;1332;Tertiaire & Autres;Tertiaire;"[""VILLE DE PARIS""]"
bdnb-bg-ETUG-MPY8-1GPJ;93;Aubervilliers;1967.0;;;;BETON;BETON;1.0;5.0;122;Résidentiel individuel;Tertiaire;"[""COMMUNE DE SAINT-DENIS""]"
bdnb-bg-EV4Z-H9XB-S63M;75;Paris 18e Arrondissement;1900.0;;;;MEULIERE;ZINC ALUMINIUM;4.0;9.0;3774;Tertiaire & Autres;Tertiaire;"[""VILLE DE PARIS""]"
bdnb-bg-EVAY-CKG7-JSJ9;93;Épinay-sur-Seine;;;;D;INDETERMINE;INDETERMINE;2.0;4.0;2863;Tertiaire & Autres;Tertiaire;"[""COMMUNE D EPINAY SUR SEINE"", ""DEPARTEMENT DE LA SEINE SAINT DENIS""]"
bdnb-bg-EVQA-3BHS-HUBE;75;Paris 20e Arrondissement;1900.0;;;;BRIQUES;TUILES;3.0;8.0;2010;Tertiaire & Autres;Tertiaire;"[""VILLE DE PARIS""]"
bdnb-bg-EWRP-6M3Z-3B1V;93;Noisy-le-Sec;1933.0;;;;BRIQUES;TUILES;2.0;7.0;989;Tertiaire & Autres;Tertiaire;"[""COMMUNE DE NOISY LE SEC"", ""ENEDIS""]"
bdnb-bg-EX51-HYTP-A71P;93;Saint-Denis;2018.0;;;;INDETERMINE;INDETERMINE;2.0;10.0;3194;Tertiaire & Autres;Tertiaire;"[""COMMUNE DE SAINT-DENIS""]"
bdnb-bg-EX7B-6SPM-A3NH;93;Drancy;;;;;INDETERMINE;INDETERMINE;1.0;9.0;888;Tertiaire & Autres;Tertiaire;"[""COMMUNE DE DRANCY""]"
bdnb-bg-EY71-XE2T-Y63S;93;Tremblay-en-France;1993.0;;;;INDETERMINE;INDETERMINE;2.0;3.0;4212;Tertiaire & Autres;Tertiaire;"[""COMMUNE DE TREMBLAY EN FRANCE""]"
bdnb-bg-EYTR-2RFR-6UB6;75;Paris 19e Arrondissement;2023.0;;;;INDETERMINE;INDETERMINE;1.0;7.0;929;Tertiaire & Autres;Tertiaire;"[""VILLE DE PARIS""]"
bdnb-bg-EYU9-YP33-XY26;75;Paris 11e Arrondissement;2004.0;;;;INDETERMINE;INDETERMINE;6.0;13.0;775;Tertiaire & Autres;Tertiaire;"[""AGRASC"", ""ETAT PAR DIRECTION DE L IMMOBILIER DE L ETAT""]"
bdnb-bg-EZLM-G9NL-W8LE;75;Paris 10e Arrondissement;2023.0;;;;INDETERMINE;INDETERMINE;4.0;18.0;1167;Tertiaire & Autres;Tertiaire;"[""VILLE DE PARIS""]"
bdnb-bg-F151-N1FH-A7EJ;75;Paris 4e Arrondissement;1890.0;;;;BETON - AUTRES;TUILES - AUTRES;4.0;17.0;1914;Résidentiel collectif;Tertiaire;"[""VILLE DE PARIS""]"
bdnb-bg-F1EQ-HW1X-3DUD;77;Champs-sur-Marne;1988.0;1988.0;;;INDETERMINE;INDETERMINE;1.0;6.0;2131;Résidentiel collectif;Tertiaire;"[""COMMUNE CHAMPS SUR MARNE""]"
bdnb-bg-F1NC-75S8-BT4N;93;Dugny;2020.0;;;C;BRIQUES;BETON;2.0;5.0;3733;Tertiaire & Autres;Tertiaire;"[""COMMUNE DE DUGNY""]"
bdnb-bg-F24W-9VSQ-2K5E;75;Paris 16e Arrondissement;2023.0;;;;BRIQUES - PIERRE;INDETERMINE;3.0;6.0;780;Tertiaire & Autres;Tertiaire;"[""VILLE DE PARIS""]"
bdnb-bg-F3CJ-RUAJ-QCGW;93;Livry-Gargan;2012.0;;;;INDETERMINE;INDETERMINE;1.0;8.0;5588;Tertiaire & Autres;Tertiaire;"[""COMMUNE DE LIVRY GARGAN""]"
bdnb-bg-F3MJ-QL4Q-98UK;93;Stains;1934.0;;;;MEULIERE;TUILES;2.0;5.0;52;Résidentiel individuel;Tertiaire;"[""COMMUNE DE STAINS""]"
bdnb-bg-F47P-4YSS-AHBG;93;Villetaneuse;1960.0;;;C;AGGLOMERE;AUTRES;2.0;6.0;453;Résidentiel collectif;Tertiaire;"[""COMMUNE DE VILLETANEUSE""]"
bdnb-bg-F55A-1W2J-5P7K;93;Saint-Ouen-sur-Seine;1900.0;;E;;BRIQUES;TUILES;4.0;;64;Résidentiel collectif;Résidentiel collectif;"[""VIMA GESTION""]"
bdnb-bg-F69X-WSRP-X6SM;75;Paris 12e Arrondissement;1991.0;;;;INDETERMINE;INDETERMINE;4.0;24.0;730;Résidentiel collectif;Tertiaire;"[""VILLE DE PARIS""]"
bdnb-bg-F7WC-LUPN-YZA5;93;Drancy;;2020.0;C;C;INDETERMINE;INDETERMINE;2.0;14.0;4030;Résidentiel individuel;Tertiaire;"[""DEPARTEMENT DE LA SEINE SAINT DENIS""]"
bdnb-bg-F91F-46SS-B557;75;Paris 3e Arrondissement;2023.0;;;;INDETERMINE;INDETERMINE;1.0;21.0;640;Tertiaire & Autres;Tertiaire;"[""VILLE DE PARIS""]"
bdnb-bg-FBK9-8K11-Q6LA;93;Le Raincy;;2013.0;B;;;;;7.0;6025;;Tertiaire;
bdnb-bg-FCBL-PRQ7-CUHW;93;Épinay-sur-Seine;1976.0;;;;BETON;BETON;2.0;4.0;487;Tertiaire & Autres;Tertiaire;"[""COMMUNE D EPINAY SUR SEINE""]"
bdnb-bg-FD9H-47LV-6SDA;93;Aulnay-sous-Bois;1987.0;;;;BETON;BETON;1.0;7.0;2015;Tertiaire & Autres;Tertiaire;"[""COMMUNE DE SEVRAN""]"
bdnb-bg-FDY4-UABF-Z34F;93;Épinay-sur-Seine;;;;;;;;5.0;5980;;Tertiaire;
bdnb-bg-FEHA-XJZL-WVY9;93;Livry-Gargan;1973.0;;;;AUTRES;AUTRES;3.0;4.0;285;Résidentiel collectif;Tertiaire;"[""DEPARTEMENT DE LA SEINE SAINT DENIS""]"
bdnb-bg-FFE3-UJM9-NXPM;75;Paris 13e Arrondissement;;;;;INDETERMINE;INDETERMINE;2.0;9.0;2099;Résidentiel collectif;Tertiaire;"[""VILLE DE PARIS""]"
bdnb-bg-FFG4-3BXD-D5F6;93;Montreuil;1959.0;;;;AGGLOMERE - BETON;BETON;2.0;6.0;295;Résidentiel collectif;Résidentiel collectif;"[""COMMUNE DE MONTREUIL""]"
bdnb-bg-FFML-E5V4-VAXR;93;Drancy;1990.0;;;;INDETERMINE;INDETERMINE;2.0;4.0;933;Résidentiel collectif;Tertiaire;"[""COMMUNE DE DRANCY""]"
bdnb-bg-FH8X-9B6H-X1TK;75;Paris 20e Arrondissement;1958.0;;;;BETON - AUTRES;ZINC ALUMINIUM - AUTRES;3.0;9.0;2656;Tertiaire & Autres;Tertiaire;"[""VILLE DE PARIS""]"
bdnb-bg-FHEG-W76M-PGSM;75;Paris 4e Arrondissement;1700.0;;;;BRIQUES - PIERRE;ARDOISES - ZINC ALUMINIUM;2.0;8.0;694;Tertiaire & Autres;Tertiaire;"[""VILLE DE PARIS""]"
bdnb-bg-FJQ3-1B87-38NC;93;La Courneuve;1991.0;;;;INDETERMINE;INDETERMINE;1.0;6.0;1241;Tertiaire & Autres;Tertiaire;"[""ASSOCIATION DIOCESAINE ST DENIS FRANCE""]"
bdnb-bg-FJQ5-BJCR-FY46;93;Épinay-sur-Seine;;;;;;;;8.0;2305;;Tertiaire;
bdnb-bg-FJRN-EPH8-EF7Q;93;Neuilly-Plaisance;1965.0;;E;;AGGLOMERE - BETON;BETON;3.0;10.0;572;Résidentiel collectif;Tertiaire;"[""COMMUNE DE NEUILLY PLAISANCE""]"
bdnb-bg-FKDZ-L6LG-TFF1;93;Saint-Denis;2015.0;;;;INDETERMINE;INDETERMINE;1.0;8.0;4826;Tertiaire & Autres;Tertiaire;"[""COMMUNE DE SAINT-DENIS""]"
bdnb-bg-FL57-723Y-X6UT;75;Paris 12e Arrondissement;;;;;;;;11.0;1436;;Tertiaire;
bdnb-bg-FLRP-JDXK-N21S;75;Paris 4e Arrondissement;2004.0;;;;INDETERMINE;INDETERMINE;1.0;14.0;975;Tertiaire & Autres;Tertiaire;"[""VILLE DE PARIS"", ""ENEDIS""]"
bdnb-bg-FM5Y-T22N-8P7Q;93;Les Pavillons-sous-Bois;2014.0;;C;;INDETERMINE;INDETERMINE;4.0;10.0;5656;Tertiaire & Autres;Tertiaire;"[""DEPARTEMENT DE LA SEINE SAINT DENIS""]"
bdnb-bg-FM8U-3AMM-5LM1;75;Paris 5e Arrondissement;1850.0;;;;INDETERMINE;INDETERMINE;6.0;16.0;2086;Résidentiel collectif;Tertiaire;"[""VILLE DE PARIS""]"
bdnb-bg-FMCF-FYV7-2J6F;75;Paris 12e Arrondissement;;;;;INDETERMINE;INDETERMINE;8.0;7.0;4502;Résidentiel collectif;Tertiaire;"[""REGION ILE DE FRANCE"", ""REGIE AUTONOME DES TRANSPORTS PARISIENS""]"
bdnb-bg-FN23-YD3B-2R2E;93;Saint-Denis;1991.0;;;;MEULIERE;ARDOISES;4.0;11.0;19844;Tertiaire & Autres;Tertiaire;"[""MAISON D'EDUCATION DE LA LEGION D'HONNEUR""]"
bdnb-bg-FNGG-4JXU-KEUG;75;Paris 20e Arrondissement;1985.0;;;;INDETERMINE;INDETERMINE;4.0;9.0;2600;Tertiaire & Autres;Tertiaire;"[""VILLE DE PARIS""]"
bdnb-bg-FP86-5GQK-YRK3;93;Les Pavillons-sous-Bois;1956.0;;;;INDETERMINE;INDETERMINE;5.0;10.0;3641;Résidentiel collectif;Tertiaire;"[""REGION ILE DE FRANCE""]"
bdnb-bg-FPFC-LKF1-CYP9;75;Paris 19e Arrondissement;1880.0;;;;BETON;BETON;8.0;19.0;660;Résidentiel collectif;Tertiaire;"[""VILLE DE PARIS"", ""L HABITAT SOCIAL FRANCAIS""]"
bdnb-bg-FPXK-LACC-Z3PB;75;Paris 13e Arrondissement;1955.0;;;;PIERRE;ARDOISES;6.0;8.0;5308;Résidentiel collectif;Tertiaire;"[""VILLE DE PARIS""]"
bdnb-bg-FR4Z-CQHA-6Y3X;93;Stains;;;;;;;;5.0;1471;;Tertiaire;
bdnb-bg-FRQC-CVVJ-NSJN;93;Drancy;;;;;INDETERMINE;INDETERMINE;1.0;12.0;2100;Dépendance;Tertiaire;"[""ICF LA SABLIERE SA D'HLM""]"
bdnb-bg-FTY9-6TH5-WE3H;93;Bondy;;;;;;;;11.0;1739;;Tertiaire;
bdnb-bg-FV5A-W796-84KL;75;Paris 18e Arrondissement;1901.0;;D;;INDETERMINE;INDETERMINE;2.0;11.0;4876;Tertiaire & Autres;Tertiaire;"[""VILLE DE PARIS""]"
bdnb-bg-FVAV-FAVB-CJFP;75;Paris 9e Arrondissement;1850.0;;;;PIERRE;ZINC ALUMINIUM;4.0;13.0;2928;Résidentiel collectif;Tertiaire;"[""VILLE DE PARIS"", ""ENEDIS"", ""ERDF AGENCE COMPTABLE TULLE""]"
bdnb-bg-FXDX-F27Y-WYX1;93;Sevran;1997.0;;;;AUTRES;AUTRES;3.0;10.0;2598;Résidentiel collectif;Tertiaire;"[""DEPARTEMENT DE LA SEINE SAINT DENIS""]"
bdnb-bg-FXPQ-4Z3M-F5UH;75;Paris 20e Arrondissement;1900.0;1880.0;F;E;BRIQUES - PIERRE;INDETERMINE;8.0;25.0;180;Résidentiel collectif;Résidentiel collectif;"[""LAAK FLATTERS"", ""TIMALOU"", ""INDIVISION PATRIMOINE"", ""FONCIERE HARMONIA""]"
bdnb-bg-G2CH-SXFA-NMUG;93;Pantin;1850.0;;;C;INDETERMINE;INDETERMINE;3.0;5.0;3444;Tertiaire & Autres;Tertiaire;"[""COMMUNE DE PANTIN""]"
bdnb-bg-G5GY-S834-VK62;93;Livry-Gargan;;;;;;;;9.0;4970;;Tertiaire;
bdnb-bg-G692-WRXY-R7TY;75;Paris 13e Arrondissement;1948.0;;;;MEULIERE;TUILES;5.0;11.0;2296;Résidentiel collectif;Tertiaire;"[""VILLE DE PARIS""]"
bdnb-bg-G6VX-BRMZ-UJ5H;93;Neuilly-Plaisance;1900.0;;;;MEULIERE;TUILES;3.0;7.0;72;Résidentiel individuel;Résidentiel individuel;
bdnb-bg-GAFF-3G49-KZQN;75;Paris 13e Arrondissement;1897.0;;;;BRIQUES - PIERRE;TUILES;4.0;9.0;841;Résidentiel collectif;Tertiaire;"[""VILLE DE PARIS""]"
bdnb-bg-GB7Y-8CKD-XB3A;75;Paris 16e Arrondissement;2023.0;;;;INDETERMINE;INDETERMINE;4.0;15.0;667;Tertiaire & Autres;Tertiaire;"[""VILLE DE PARIS""]"
bdnb-bg-GBCQ-NYBN-TE2X;75;Paris 10e Arrondissement;2023.0;;;;INDETERMINE;INDETERMINE;1.0;8.0;2708;Tertiaire & Autres;Tertiaire;"[""VILLE DE PARIS""]"
bdnb-bg-GBWV-4YDW-7D28;93;Montreuil;;;;;;;;12.0;4093;;Tertiaire;
bdnb-bg-GDL2-NQTS-5V19;75;Paris 18e Arrondissement;1880.0;;D;;BETON;INDETERMINE;7.0;11.0;1171;Tertiaire & Autres;Tertiaire;"[""VILLE DE PARIS"", ""ENEDIS"", ""REGIE IMMOBILIERE DE LA VILLE DE PARIS""]"
bdnb-bg-GERM-Q3DY-8H4R;93;Saint-Denis;;;;;;;;9.0;2292;;Tertiaire;
bdnb-bg-GGKP-8559-L8C8;75;Paris 8e Arrondissement;1900.0;;C;A;INDETERMINE;INDETERMINE;7.0;13.0;7830;Tertiaire & Autres;Tertiaire;"[""VILLE DE PARIS"", ""ORANGE"", ""EURASIM"", ""ENEDIS"", ""OIKO GESTION"", ""ELOGIE - SIEMP"", ""SOCIETE D'ECONOMIE MIXTE PARIS SEINE"", ""MUTUELLE EPARGNE RETRAITE PREVOYANCE CARAC"", ""SAINT-HONORE STOCKAGE""]"
bdnb-bg-GHME-JWEE-MG3Z;75;Paris 14e Arrondissement;1900.0;;;;PIERRE;TUILES;3.0;7.0;2381;Résidentiel collectif;Tertiaire;"[""VILLE DE PARIS""]"
bdnb-bg-GJDH-AZ19-EHH2;75;Paris 14e Arrondissement;1892.0;;;;PIERRE;TUILES;2.0;12.0;624;Résidentiel collectif;Tertiaire;"[""VILLE DE PARIS""]"
bdnb-bg-GKF4-KXA8-74C7;93;Villepinte;1979.0;;;;BETON;BETON;3.0;8.0;8586;Tertiaire & Autres;Tertiaire;"[""REGION ILE DE FRANCE""]"
bdnb-bg-GL45-A1T8-7WFN;93;Montreuil;;1974.0;D;;;;;6.0;878;;Tertiaire;
bdnb-bg-GMP3-2SST-E8YP;93;Bagnolet;;;;;INDETERMINE;INDETERMINE;1.0;8.0;1631;Tertiaire & Autres;Tertiaire;"[""COMMUNE DE BAGNOLET""]"
bdnb-bg-GP8R-2M92-42VV;93;Montreuil;1955.0;;;;BRIQUES;ZINC ALUMINIUM;1.0;7.0;1000;Résidentiel individuel;Tertiaire;"[""COMMUNE DE MONTREUIL""]"
bdnb-bg-GQQ4-CMH9-P423;93;Neuilly-Plaisance;1900.0;1948.0;E;;INDETERMINE;INDETERMINE;2.0;4.0;1009;Tertiaire & Autres;Tertiaire;"[""COMMUNE DE NEUILLY PLAISANCE""]"
bdnb-bg-GQYK-RYKN-9E3B;93;Neuilly-Plaisance;1930.0;;F;;MEULIERE;TUILES;2.0;;51;Résidentiel individuel;Tertiaire;"[""COMMUNE DE NEUILLY PLAISANCE""]"
bdnb-bg-GR1L-CMSZ-991J;75;Paris 20e Arrondissement;2024.0;;;;INDETERMINE;INDETERMINE;3.0;5.0;1322;Tertiaire & Autres;Tertiaire;"[""VILLE DE PARIS""]"
bdnb-bg-GSG6-4GQV-MNTU;93;Livry-Gargan;2008.0;;;;AUTRES;AUTRES;2.0;10.0;3248;Tertiaire & Autres;Tertiaire;"[""DEPARTEMENT DE LA SEINE SAINT DENIS""]"
bdnb-bg-GTAY-B4GK-CBZ3;93;Saint-Denis;2015.0;;;;INDETERMINE;INDETERMINE;1.0;9.0;2804;Tertiaire & Autres;Tertiaire;"[""ENEDIS"", ""COMMUNE DE SAINT-DENIS""]"
bdnb-bg-GTKB-B5EP-8B25;93;Saint-Denis;2003.0;;;;INDETERMINE;INDETERMINE;1.0;7.0;6665;Tertiaire & Autres;Tertiaire;"[""SOCIETE NATIONALE SNCF""]"
bdnb-bg-GTXT-EXZU-2SD5;93;Saint-Denis;1966.0;;;D;MEULIERE - PIERRE;ZINC ALUMINIUM;2.0;9.0;6442;Résidentiel collectif;Tertiaire;"[""COMMUNE DE SAINT-DENIS""]"
bdnb-bg-GU55-WWNA-E1CS;75;Paris 19e Arrondissement;2023.0;;;;INDETERMINE;INDETERMINE;1.0;5.0;1745;Tertiaire & Autres;Tertiaire;"[""VILLE DE PARIS""]"
bdnb-bg-GU88-9ZYW-FLF9;75;Paris 15e Arrondissement;2023.0;;;;INDETERMINE;INDETERMINE;1.0;6.0;1069;Tertiaire & Autres;Tertiaire;"[""VILLE DE PARIS""]"
bdnb-bg-GUA2-397W-UQKN;93;Le Blanc-Mesnil;1971.0;;;C;BETON;BETON;4.0;8.0;4269;Résidentiel collectif;Tertiaire;"[""COMMUNE DE DUGNY""]"
bdnb-bg-GWNC-WS2Y-VEN2;75;Paris 19e Arrondissement;1975.0;1974.0;E;;BRIQUES - AUTRES;INDETERMINE;15.0;22.0;6370;Résidentiel collectif;Résidentiel collectif;"[""SCI LILAS SAINTE-HONORINE"", ""CABINET GARRAUD MAILLET"", ""SCI MAKALEX"", ""SOCIETE CIVILE IMMOBILIERE INVESTIMM"", ""HUA RESSOURCES"", ""GROUPE 7"", ""CURACAO"", ""TEMY"", ""SCI AV   RAF"", ""MARAIS POITEVIN"", ""NOVAPIERRE RESIDENTIEL"", ""ACE"", ""SCI SALOMON"", ""LEVINA"", ""ESTELLE YOHAN"", ""SCI PVI"", ""3N"", ""L ETOILE"", ""GROUPE A G S A"", ""MIRIAM IMMO"", ""SCI I N M EZER"", ""BORKANA IMMO"", ""LA CIGALE"", ""LA HULOTTE"", ""ST-CHRISTOPHER'S PARIS"", ""SCI AB IMMO"", ""HE"", ""BELLISIMMO"", ""IMMO 168"", ""IMMO DE FRANCE PARIS ILE DE FRANCE"", ""GARMA"", ""3 CF"", ""CURIAL 5"", ""IMMOBILIERE 3F"", ""SOCIETE ANONYME D'HABITATIONS A LOYER MODERE TOIT ET JOIE"", ""L'ETOILE"", ""SCI PRIMA"", ""DINAJEN"", ""SCI DES CISTES"", ""SOCIETE A RESPONSABILITE LIMITEE LES ETUDIANTS"", ""SCI SMILA"", ""LE CABINET"", ""IMMOCAP 3"", ""ORION"", ""SCI ABH"", ""GALAC"", ""YOSMAN"", ""SCI PEAPEM"", ""SCI LI'A V W"", ""SCI ELTAY""]"
bdnb-bg-GWQS-UQ2V-6X9R;75;Paris 1er Arrondissement;1880.0;;;;INDETERMINE;INDETERMINE;1.0;27.0;3032;Tertiaire & Autres;Tertiaire;"[""ETAT PAR LA COUR DES COMPTES"", ""ETAT PAR DIRECTION DE L IMMOBILIER DE L ETAT""]"
bdnb-bg-GXX3-3FQS-V9UW;75;Paris 15e Arrondissement;1991.0;;;;INDETERMINE;INDETERMINE;4.0;10.0;2911;Résidentiel collectif;Tertiaire;"[""VILLE DE PARIS""]"
bdnb-bg-GYSL-RCSW-T7TB;93;Aulnay-sous-Bois;;;;;;;;7.0;2332;;Tertiaire;
bdnb-bg-GYTC-VEGU-ANHT;75;Paris 17e Arrondissement;2023.0;;;;BRIQUES - PIERRE;INDETERMINE;3.0;16.0;498;Tertiaire & Autres;Tertiaire;"[""VILLE DE PARIS""]"
bdnb-bg-GYWX-4FJ6-BNLK;93;Rosny-sous-Bois;1920.0;2025.0;A;B;INDETERMINE;INDETERMINE;3.0;10.0;2041;Résidentiel collectif;Tertiaire;"[""COMMUNE DE ROSNY-SOUS-BOIS"", ""ENEDIS""]"
bdnb-bg-GYZF-FJ9U-XWZU;93;Montfermeil;2017.0;;;;INDETERMINE;INDETERMINE;1.0;10.0;1563;Secondaire;Tertiaire;"[""ENEDIS""]"
bdnb-bg-GZAM-UML9-SMZN;93;Aulnay-sous-Bois;1961.0;;;;AGGLOMERE;TUILES;1.0;6.0;2306;Tertiaire & Autres;Tertiaire;"[""COMMUNE DE SEVRAN""]"
bdnb-bg-H1RA-7V3F-6FBB;93;Montreuil;2017.0;2017.0;;;INDETERMINE;INDETERMINE;1.0;15.0;711;Résidentiel collectif;Résidentiel collectif;"[""SOFILOGIS""]"
bdnb-bg-H2A9-UBZV-V3RQ;93;Pantin;;;;;;;;5.0;3040;;Tertiaire;
bdnb-bg-H3GE-W7BW-7PWE;93;Montreuil;1961.0;1974.0;D;;BETON;BETON;3.0;13.0;2391;Résidentiel collectif;Tertiaire;"[""COMMUNE DE MONTREUIL""]"
bdnb-bg-H5AA-SBTW-HUJE;75;Paris 12e Arrondissement;2012.0;;;;INDETERMINE;INDETERMINE;4.0;15.0;6390;Tertiaire & Autres;Tertiaire;"[""VILLE DE PARIS"", ""ENEDIS""]"
bdnb-bg-H9EE-E6BF-AZE5;75;Paris 17e Arrondissement;2002.0;;;;BETON;BETON;7.0;19.0;3561;Résidentiel collectif;Tertiaire;"[""REGION ILE DE FRANCE""]"
bdnb-bg-HACP-7DYH-S9SX;75;Paris 6e Arrondissement;1900.0;;;;PIERRE;ARDOISES;2.0;20.0;999;Résidentiel collectif;Tertiaire;"[""VILLE DE PARIS""]"
bdnb-bg-HAXG-ZFF7-TKNH;75;Paris 8e Arrondissement;1900.0;1900.0;D;;MEULIERE;ZINC ALUMINIUM;6.0;18.0;385;Résidentiel collectif;Résidentiel collectif;"[""PARISIENNE GESTION TRANSACTION DE BIEN"", ""CABINET BAP""]"
bdnb-bg-HB8U-8MRM-HPJR;75;Paris 18e Arrondissement;1900.0;;E;;MEULIERE;ZINC ALUMINIUM;3.0;10.0;1258;Tertiaire & Autres;Tertiaire;"[""VILLE DE PARIS""]"
bdnb-bg-HCEL-ACU2-WL3J;75;Paris 17e Arrondissement;2023.0;;;;INDETERMINE;INDETERMINE;4.0;14.0;792;Tertiaire & Autres;Tertiaire;"[""VILLE DE PARIS"", ""ENEDIS""]"
bdnb-bg-HCNZ-H51R-BSXQ;93;Montfermeil;2012.0;;;;INDETERMINE;INDETERMINE;1.0;3.0;169;Tertiaire & Autres;Tertiaire;"[""COMMUNE DE MONTFERMEIL""]"
bdnb-bg-HDSN-LBR9-KNB9;93;Drancy;2000.0;;;;BRIQUES - MEULIERE;INDETERMINE;1.0;4.0;650;Tertiaire & Autres;Tertiaire;"[""COMMUNE DE DRANCY""]"
bdnb-bg-HE57-B8MP-VZ99;75;Paris 19e Arrondissement;2012.0;;;C;INDETERMINE;INDETERMINE;4.0;32.0;1473;Tertiaire & Autres;Tertiaire;"[""VILLE DE PARIS""]"
bdnb-bg-HEVD-FR7M-TLQT;93;Coubron;1962.0;;;;BRIQUES;TUILES;2.0;3.0;625;Résidentiel collectif;Résidentiel collectif;"[""COMMUNE DE COUBRON""]"
bdnb-bg-HGV3-DB4X-GUKQ;93;Noisy-le-Grand;1981.0;;D;C;INDETERMINE;INDETERMINE;5.0;5.0;18319;Tertiaire & Autres;Tertiaire;"[""COMMUNE DE NOISY LE GRAND"", ""REGION ILE DE FRANCE""]"
bdnb-bg-HHE6-RGMM-EW1B;93;Saint-Ouen-sur-Seine;1900.0;;;;PIERRE;TUILES;4.0;9.0;3343;Résidentiel collectif;Tertiaire;"[""COMMUNE DE ST OUEN-SUR-SEINE""]"
bdnb-bg-HHT6-WWR8-FVCA;75;Paris 8e Arrondissement;1880.0;;;;BETON - PIERRE;TUILES;5.0;21.0;1138;Tertiaire & Autres;Tertiaire;"[""VILLE DE PARIS""]"
bdnb-bg-HJ3L-JQK5-LC18;75;Paris 11e Arrondissement;2023.0;;;;BRIQUES - PIERRE;INDETERMINE;4.0;12.0;1994;Tertiaire & Autres;Tertiaire;"[""VILLE DE PARIS""]"
bdnb-bg-HL3V-AN7W-15U9;93;Saint-Ouen-sur-Seine;1900.0;;;;AUTRES;AUTRES;1.0;3.0;2278;Résidentiel individuel;Tertiaire;"[""COMMUNE DE ST OUEN-SUR-SEINE"", ""ENEDIS"", ""SEMISO ECO MIXTE CONSTR RENOV ST OUEN""]"
bdnb-bg-HLJF-WFH9-BQB8;75;Paris 11e Arrondissement;1850.0;;;;INDETERMINE;INDETERMINE;7.0;15.0;3547;Résidentiel collectif;Tertiaire;"[""REGION ILE DE FRANCE""]"
bdnb-bg-HLUL-YKR2-QQCC;75;Paris 7e Arrondissement;;;;;;;;6.0;3516;;Tertiaire;
bdnb-bg-HLZ6-DFYP-T42C;75;Paris 19e Arrondissement;2023.0;;;;AUTRES;ARDOISES;3.0;3.0;2370;Tertiaire & Autres;Tertiaire;"[""VILLE DE PARIS""]"
bdnb-bg-HM8D-AKU8-FF6B;75;Paris 17e Arrondissement;1995.0;;;;INDETERMINE;INDETERMINE;6.0;9.0;2164;Tertiaire & Autres;Tertiaire;"[""ASS PROF HOTELIER RESTAURAT LIMONADIER""]"
bdnb-bg-HMSZ-2CT6-Y6MW;93;Bobigny;1936.0;2026.0;C;;BRIQUES;TUILES;3.0;13.0;3381;Résidentiel collectif;Tertiaire;"[""COMMUNE DE BOBIGNY""]"
bdnb-bg-HNGB-5Z4N-VQBP;75;Paris 18e Arrondissement;1875.0;;;;BETON - PIERRE;ZINC ALUMINIUM;3.0;7.0;1312;Tertiaire & Autres;Tertiaire;"[""VILLE DE PARIS""]"
bdnb-bg-HNLZ-4T7Y-UEJD;75;Paris 7e Arrondissement;1895.0;;;;PIERRE;TUILES;4.0;10.0;2405;Résidentiel collectif;Tertiaire;"[""VILLE DE PARIS""]"
bdnb-bg-HPW4-4WQQ-6P5F;75;Paris 9e Arrondissement;2023.0;;;;INDETERMINE;INDETERMINE;4.0;12.0;867;Tertiaire & Autres;Tertiaire;"[""VILLE DE PARIS""]"
bdnb-bg-HQR5-NN3X-ABEZ;75;Paris 16e Arrondissement;1916.0;;;;BRIQUES;TUILES;4.0;12.0;1840;Tertiaire & Autres;Tertiaire;"[""VILLE DE PARIS""]"
bdnb-bg-HRF6-CKLK-8BLV;75;Paris 6e Arrondissement;1930.0;;;B;BRIQUES;TUILES;4.0;13.0;2616;Résidentiel collectif;Tertiaire;"[""VILLE DE PARIS""]"
bdnb-bg-HRGN-6M5J-DH2P;93;Villepinte;1980.0;;;C;AUTRES;AUTRES;3.0;4.0;3318;Résidentiel collectif;Tertiaire;"[""DEPARTEMENT DE LA SEINE SAINT DENIS""]"
bdnb-bg-HRWE-8FJY-KD1E;93;La Courneuve;1998.0;1990.0;D;;INDETERMINE;INDETERMINE;1.0;4.0;4528;Résidentiel individuel;Tertiaire;"[""COMMUNE DE LA COURNEUVE""]"
bdnb-bg-HSVJ-XL2P-GBUA;93;Les Pavillons-sous-Bois;2019.0;;;;INDETERMINE;INDETERMINE;1.0;10.0;909;Tertiaire & Autres;Tertiaire;"[""COMMUNE DE PAVILLONS SOUS BOIS""]"
bdnb-bg-HVZ8-PYK2-4N88;75;Paris 10e Arrondissement;1954.0;;;;BRIQUES;BETON;4.0;12.0;774;Tertiaire & Autres;Tertiaire;"[""VILLE DE PARIS""]"
bdnb-bg-HWC1-1L84-LM6X;75;Paris 5e Arrondissement;1563.0;;;;PIERRE;ARDOISES - TUILES;5.0;11.0;8529;Résidentiel collectif;Tertiaire;"[""REGION ILE DE FRANCE""]"
bdnb-bg-HWDL-E3L9-CX92;93;Neuilly-sur-Marne;;;G;C;INDETERMINE;INDETERMINE;4.0;5.0;6620;Tertiaire & Autres;Tertiaire;"[""COMMUNE DE NEUILLY S-MARNE"", ""DEPARTEMENT DE LA SEINE SAINT DENIS""]"
bdnb-bg-HWZK-EV1T-CD8M;93;Saint-Denis;;;;;INDETERMINE;INDETERMINE;2.0;8.0;1542;Résidentiel collectif;Tertiaire;"[""COMMUNE DE SAINT-DENIS""]"
bdnb-bg-HXNN-MQZS-8CRK;75;Paris 20e Arrondissement;1990.0;;;;INDETERMINE;INDETERMINE;4.0;12.0;638;Tertiaire & Autres;Tertiaire;"[""VILLE DE PARIS""]"
bdnb-bg-HXSZ-CRDT-L5RM;75;Paris 19e Arrondissement;2009.0;;;;INDETERMINE;INDETERMINE;5.0;10.0;6876;Résidentiel collectif;Tertiaire;"[""REGION ILE DE FRANCE""]"
bdnb-bg-HYR9-ZP98-SPH5;75;Paris 6e Arrondissement;1680.0;;;;PIERRE;ARDOISES;5.0;14.0;1927;Résidentiel collectif;Tertiaire;"[""REGION ILE DE FRANCE""]"
bdnb-bg-HZJT-C8FU-VHK8;75;Paris 12e Arrondissement;1899.0;;;;BRIQUES;TUILES;3.0;11.0;1985;Résidentiel collectif;Tertiaire;"[""VILLE DE PARIS""]"
bdnb-bg-J2ZR-Z843-AAWD;93;Le Blanc-Mesnil;1950.0;;;;BRIQUES;TUILES;3.0;7.0;3211;Résidentiel collectif;Tertiaire;"[""COMMUNE DE DUGNY""]"
bdnb-bg-J46F-XW2N-YN52;75;Paris 4e Arrondissement;2003.0;;;;BETON;BETON;4.0;13.0;1833;Résidentiel collectif;Tertiaire;"[""VILLE DE PARIS""]"
bdnb-bg-J4F6-LMX3-MJ2L;75;Paris 15e Arrondissement;1900.0;;;;INDETERMINE;ARDOISES - TUILES;4.0;11.0;2049;Tertiaire & Autres;Tertiaire;"[""VILLE DE PARIS"", ""ENEDIS""]"
bdnb-bg-J51N-W88Y-GXNF;75;Paris 18e Arrondissement;2023.0;;;;INDETERMINE;INDETERMINE;1.0;15.0;148;Tertiaire & Autres;Tertiaire;"[""VILLE DE PARIS""]"
bdnb-bg-J5UQ-PTJB-DFSF;75;Paris 19e Arrondissement;2023.0;;;;INDETERMINE;INDETERMINE;1.0;10.0;830;Tertiaire & Autres;Tertiaire;"[""VILLE DE PARIS"", ""TOTALENERGIES MARKETING FRANCE""]"
bdnb-bg-J6M9-U7NV-NMUL;93;Le Blanc-Mesnil;2015.0;;;;INDETERMINE;ARDOISES;4.0;7.0;3135;Tertiaire & Autres;Tertiaire;"[""COMMUNE DE DUGNY""]"
bdnb-bg-J7EL-389E-UH88;75;Paris 19e Arrondissement;2023.0;;;;INDETERMINE;INDETERMINE;8.0;14.0;1321;Tertiaire & Autres;Tertiaire;"[""VILLE DE PARIS""]"
bdnb-bg-J88X-QWR7-G5ZC;93;Bondy;2012.0;;;;BETON - BRIQUES;BETON;2.0;11.0;3732;Tertiaire & Autres;Tertiaire;"[""COMMUNE DE BONDY""]"
bdnb-bg-J8GR-QP92-3VYG;75;Paris 15e Arrondissement;2023.0;;;;INDETERMINE;INDETERMINE;1.0;8.0;910;Tertiaire & Autres;Tertiaire;"[""VILLE DE PARIS""]"
bdnb-bg-J8HS-TT5E-5UU8;75;Paris 15e Arrondissement;2023.0;;;;INDETERMINE;INDETERMINE;2.0;5.0;1807;Tertiaire & Autres;Tertiaire;"[""VILLE DE PARIS""]"
bdnb-bg-J8T3-1BDF-NGRK;75;Paris 11e Arrondissement;2023.0;;D;;INDETERMINE;INDETERMINE;5.0;17.0;286;Tertiaire & Autres;Tertiaire;"[""VILLE DE PARIS""]"
bdnb-bg-J9M1-L253-YEE8;93;Gournay-sur-Marne;;;;;INDETERMINE;INDETERMINE;1.0;7.0;1389;Tertiaire & Autres;Tertiaire;"[""COMMUNE DE GOURNAY-SUR-MARNE""]"
bdnb-bg-JA84-WFHU-BN4Z;93;Noisy-le-Sec;2020.0;;;;INDETERMINE;INDETERMINE;2.0;13.0;3506;Tertiaire & Autres;Tertiaire;"[""DEPARTEMENT DE LA SEINE SAINT DENIS""]"
bdnb-bg-JC7J-VHVP-UPRB;75;Paris 3e Arrondissement;1900.0;;;;INDETERMINE;INDETERMINE;5.0;15.0;4843;Résidentiel collectif;Tertiaire;"[""VILLE DE PARIS""]"
bdnb-bg-JD5B-NPYC-E3WZ;93;Saint-Ouen-sur-Seine;2016.0;;;;BRIQUES;TUILES;3.0;11.0;5322;Tertiaire & Autres;Tertiaire;"[""COMMUNE DE ST OUEN-SUR-SEINE"", ""DEPARTEMENT DE LA SEINE SAINT DENIS""]"
bdnb-bg-JDL8-VPML-F3K6;93;Montreuil;1961.0;;;;AGGLOMERE - BETON;ZINC ALUMINIUM;2.0;7.0;850;Résidentiel collectif;Tertiaire;"[""COMMUNE DE MONTREUIL""]"
bdnb-bg-JDLU-ATK6-H6MU;93;Aubervilliers;;;;;;;;5.0;279;;Tertiaire;
bdnb-bg-JEG1-237A-K2Q9;93;Noisy-le-Grand;;;;;;;;;475;;Tertiaire;
bdnb-bg-JEXD-F7W6-LFU9;75;Paris 17e Arrondissement;2023.0;;;;INDETERMINE;INDETERMINE;4.0;14.0;1608;Tertiaire & Autres;Tertiaire;"[""VILLE DE PARIS""]"
bdnb-bg-JFRV-RKZE-HKJR;75;Paris 5e Arrondissement;1890.0;;;;MEULIERE;TUILES;3.0;13.0;492;Résidentiel collectif;Tertiaire;"[""VILLE DE PARIS""]"
bdnb-bg-JG2E-EPES-Q8UP;75;Paris 12e Arrondissement;1900.0;;;A;INDETERMINE;INDETERMINE;8.0;8.0;5270;Résidentiel collectif;Tertiaire;"[""REGION ILE DE FRANCE""]"
bdnb-bg-JGUM-8GA4-72MX;75;Paris 12e Arrondissement;1927.0;;;;BRIQUES - PIERRE;TUILES;4.0;9.0;3352;Résidentiel collectif;Tertiaire;"[""VILLE DE PARIS""]"
bdnb-bg-JGUW-YRVK-U28N;75;Paris 20e Arrondissement;;;;;AGGLOMERE - BETON;BETON - AUTRES;2.0;7.0;2455;Tertiaire & Autres;Tertiaire;"[""VILLE DE PARIS""]"
bdnb-bg-JHG9-P9JX-676R;75;Paris 17e Arrondissement;1988.0;1988.0;D;;INDETERMINE;INDETERMINE;8.0;23.0;1681;Résidentiel collectif;Résidentiel collectif;"[""VILLE DE PARIS"", ""REGIE IMMOBILIERE DE LA VILLE DE PARIS""]"
bdnb-bg-JKKP-LR6A-SRXU;75;Paris 13e Arrondissement;1964.0;;;;INDETERMINE;INDETERMINE;1.0;9.0;1176;Tertiaire & Autres;Tertiaire;"[""VILLE DE PARIS""]"
bdnb-bg-JKXW-PA1B-3ZQ3;75;Paris 13e Arrondissement;1914.0;;;D;BRIQUES - PIERRE;TUILES;3.0;9.0;15039;Tertiaire & Autres;Tertiaire;"[""VILLE DE PARIS""]"
bdnb-bg-JLMX-XHXJ-WNL9;75;Paris 15e Arrondissement;1930.0;;;;PIERRE;TUILES;2.0;8.0;771;Tertiaire & Autres;Tertiaire;"[""VILLE DE PARIS""]"
bdnb-bg-JNM5-ZX76-B24F;75;Paris 17e Arrondissement;1900.0;;;;BETON - MEULIERE;TUILES;5.0;11.0;1612;Résidentiel collectif;Tertiaire;"[""VILLE DE PARIS""]"
bdnb-bg-JRSF-NSD5-6KHW;93;Bagnolet;2014.0;2014.0;C;;INDETERMINE;INDETERMINE;6.0;17.0;396;Résidentiel collectif;Résidentiel collectif;"[""OFFICE PUBLIC DE L'HABITAT EST ENSEMBLE HABITAT""]"
bdnb-bg-JUCT-1WHP-RALC;93;Saint-Denis;1989.0;;;;AGGLOMERE - BETON;AUTRES;1.0;5.0;383;Résidentiel individuel;Tertiaire;"[""REGION ILE DE FRANCE""]"
bdnb-bg-JUJJ-UPEQ-4ETB;75;Paris 19e Arrondissement;2023.0;;;;INDETERMINE;INDETERMINE;5.0;11.0;1119;Tertiaire & Autres;Tertiaire;"[""VILLE DE PARIS""]"
bdnb-bg-JUMJ-EW7K-2CMM;75;Paris 17e Arrondissement;2023.0;;;;INDETERMINE;INDETERMINE;1.0;6.0;505;Tertiaire & Autres;Tertiaire;"[""VILLE DE PARIS""]"
bdnb-bg-JUR2-XJ6X-6THZ;93;Neuilly-sur-Marne;;;E;;INDETERMINE;INDETERMINE;4.0;6.0;5695;Tertiaire & Autres;Tertiaire;"[""COMMUNE DE NEUILLY S-MARNE"", ""DEPARTEMENT DE LA SEINE SAINT DENIS""]"
bdnb-bg-JUXM-MZ5W-5V4E;93;Saint-Denis;1930.0;;F;;PIERRE;TUILES;3.0;12.0;4833;Tertiaire & Autres;Tertiaire;"[""ENEDIS"", ""COMMUNE DE SAINT-DENIS""]"
bdnb-bg-JWNV-4ZGW-3NPK;75;Paris 14e Arrondissement;;;;;;;;19.0;3268;;Tertiaire;
bdnb-bg-JXL3-UAGY-K4Q5;93;Neuilly-sur-Marne;;;;C;;;;6.0;749;;Tertiaire;
bdnb-bg-JY11-4RJG-34ZT;75;Paris 20e Arrondissement;1900.0;;;;PIERRE;ARDOISES;4.0;20.0;1616;Tertiaire & Autres;Tertiaire;"[""VILLE DE PARIS""]"
bdnb-bg-JY5L-BKGE-XW3K;93;Vaujours;;1978.0;;;INDETERMINE;INDETERMINE;2.0;5.0;4213;Résidentiel collectif;Tertiaire;"[""COMMUNE DE VAUJOURS""]"
bdnb-bg-JZ27-EGQC-VTEV;93;Tremblay-en-France;;;;;INDETERMINE;INDETERMINE;1.0;8.0;752;Tertiaire & Autres;Tertiaire;"[""COMMUNE DE TREMBLAY EN FRANCE""]"
bdnb-bg-JZRT-41JP-A7GL;75;Paris 11e Arrondissement;2002.0;;C;;BETON;BETON - AUTRES;12.0;19.0;2115;Résidentiel collectif;Résidentiel collectif;"[""VILLE DE PARIS"", ""79"", ""WALTER WAINSTOK IMMOBILIER"", ""SARL BMPC"", ""WAIDOU KEN"", ""MSLD"", ""LEPINAY MALET"", ""SCI JOYE INVESTMENT PARTNERS"", ""ABF""]"
bdnb-bg-K1NJ-ZTZ4-UH7V;75;Paris 16e Arrondissement;2023.0;;;;INDETERMINE;INDETERMINE;3.0;11.0;1134;Tertiaire & Autres;Tertiaire;"[""VILLE DE PARIS"", ""ENEDIS""]"
bdnb-bg-K1Q1-ARNG-SA8Z;93;Pantin;1976.0;1976.0;C;D;INDETERMINE;INDETERMINE;23.0;29.0;5876;Résidentiel collectif;Tertiaire;"[""PANTIN HABITAT  SOCIETE ANONYME COOPERATIVE D'INTERET COLLEC"", ""GROUP ETUDE GESTION RATION ENTRE PEINTUR"", ""FEDERATION FRANCAISE DE GENEALOGIE"", ""AESTIAM PLACEMENT PIERRE"", ""AIDES"", ""SAINT ELOI GESTION"", ""PLAN INTERNATIONAL FRANCE"", ""SCI SCANDICCI"", ""LA VOIX DE L'ENFANT"", ""SCI TRISOLAIRE"", ""RESADIA"", ""FINANCIERE WASSNER"", ""SYNDICAT DE L'ADMINISTRATION ET DE L'INTENDANCE UNSA"", ""ASS FEDERATION POUR GESTION DU LOOF"", ""ELLAUJE"", ""ASSET MANAGEMENT ET GESTION"", ""UNION FEDERALE AUTONOME PENITENTIAIRE"", ""LE GRAND BLEU"", ""SCANDICCI 1416"", ""SCI NOUNE PATRIMOINE"", ""SAR-CAG"", ""FONDATION GABRIEL PERI"", ""ALPHA DELTA IMMO"", ""KSK"", ""SCI WESTIZ"", ""BALATA"", ""MARKETIES"", ""100  HANDINAMIQUE POUR LA REUSSITE DES JEUNES HANDICAPES  10"", ""ARCH"", ""HSB PATRIMOINE"", ""FONCIA GENIEZ"", ""SCI RMLF"", ""L'ADAPT"", ""FEDERATION DES SERVICES CFDT"", ""FEDERATION FRANCAISE DE BOXE"", ""F N P C"", ""YC INVESTI"", ""S C I  OLAFRIS"", ""FSC4"", ""MOVGANG IMMOBILIER"", ""OLYMPE DE GOUGES"", ""ASSOR"", ""SCI MONTAGNE AU SOLEIL"", ""FEEL"", ""ESSOR 13 17"", ""SCI DEFJ2"", ""T Y  ASSOCIES"", ""LF2004"", ""OCAPIAT"", ""SCI SD FM SCANDICCI"", ""SCI A D A M A"", ""JOHK IMMO"", ""MBB"", ""BELLESSOR"", ""SCI XULIBRI"", ""2FW SAS"", ""SAINT CLOUD"", ""HESSOU IMMOBILIER"", ""SAIYANSIMMO"", ""FONDS NATIONAL D ASSURANCE FORMATION SALARIES ENTREPRISES AG"", ""FEDERATION SPORTIVE GYMNIQUE DU TRAVAIL"", ""SYNDICAT NATIONAL DE L'ENSEIGNEMENT CHRETIEN CFTC""]"
bdnb-bg-K3ZA-FTZJ-UVYT;93;Villetaneuse;;;;;INDETERMINE;INDETERMINE;1.0;6.0;2466;Tertiaire & Autres;Tertiaire;"[""COMMUNE DE VILLETANEUSE""]"
bdnb-bg-K5GB-SMB6-CFYN;93;Montfermeil;1932.0;1945.0;E;C;MEULIERE;TUILES;2.0;9.0;3223;Résidentiel collectif;Tertiaire;"[""COMMUNE DE MONTFERMEIL""]"
bdnb-bg-K6KX-Z8MD-CMKZ;75;Paris 18e Arrondissement;2023.0;;;;INDETERMINE;INDETERMINE;1.0;8.0;2071;Tertiaire & Autres;Tertiaire;"[""VILLE DE PARIS""]"
bdnb-bg-K8B5-BWVH-78U1;75;Paris 18e Arrondissement;2003.0;;;;INDETERMINE;INDETERMINE;1.0;11.0;442;Tertiaire & Autres;Tertiaire;"[""VILLE DE PARIS""]"
bdnb-bg-K8DM-5ZUW-L65J;93;Bondy;;;;C;INDETERMINE;INDETERMINE;2.0;9.0;1344;Tertiaire & Autres;Tertiaire;"[""COMMUNE DE BONDY""]"
bdnb-bg-K9LW-4DKQ-QZHV;75;Paris 13e Arrondissement;1895.0;;;;BRIQUES - MEULIERE;TUILES;2.0;11.0;735;Tertiaire & Autres;Tertiaire;"[""VILLE DE PARIS""]"
bdnb-bg-K9WQ-H1WE-HA9Q;75;Paris 18e Arrondissement;2007.0;;;;INDETERMINE;INDETERMINE;1.0;10.0;859;Tertiaire & Autres;Tertiaire;"[""VILLE DE PARIS""]"
bdnb-bg-KAR1-GKQG-DUDN;93;Gagny;1983.0;;;;BETON - BRIQUES;BETON;1.0;8.0;1530;Résidentiel collectif;Tertiaire;"[""REGION ILE DE FRANCE""]"
bdnb-bg-KBFT-FF71-L39V;93;Pantin;;;;;;;;10.0;465;;;
bdnb-bg-KC6F-F1PU-MMBL;93;Livry-Gargan;2003.0;;;;INDETERMINE;INDETERMINE;1.0;7.0;2090;Tertiaire & Autres;Tertiaire;"[""COMMUNE DE LIVRY GARGAN""]"
bdnb-bg-KC9P-9Q9U-PNNT;93;Montreuil;;;;;INDETERMINE;INDETERMINE;2.0;6.0;5890;Tertiaire & Autres;Tertiaire;"[""COMMUNE DE MONTREUIL""]"
bdnb-bg-KCCL-V8ND-E3Q9;75;Paris 17e Arrondissement;2023.0;;;;INDETERMINE;INDETERMINE;1.0;6.0;3486;Tertiaire & Autres;Tertiaire;"[""VILLE DE PARIS""]"
bdnb-bg-KDE7-GN3C-4B4N;93;Saint-Denis;1943.0;;;;INDETERMINE;INDETERMINE;3.0;9.0;941;Résidentiel collectif;Tertiaire;"[""COMMUNE DE SAINT-DENIS""]"
bdnb-bg-KDGV-S71Z-RWW2;75;Paris 17e Arrondissement;1966.0;;;;BETON - AUTRES;BETON;6.0;8.0;10550;Résidentiel collectif;Tertiaire;"[""VILLE DE PARIS""]"
bdnb-bg-KFBF-43NB-C757;75;Paris 19e Arrondissement;2023.0;1947.0;;;INDETERMINE;INDETERMINE;3.0;13.0;3855;Tertiaire & Autres;Tertiaire;"[""VILLE DE PARIS""]"
bdnb-bg-KFYK-VXV5-5RZU;75;Paris 14e Arrondissement;1913.0;;;;MEULIERE - PIERRE;TUILES;4.0;11.0;854;Résidentiel collectif;Tertiaire;"[""VILLE DE PARIS""]"
bdnb-bg-KGDH-BYVS-9N4D;75;Paris 18e Arrondissement;1995.0;;;;INDETERMINE;INDETERMINE;2.0;7.0;1837;Tertiaire & Autres;Tertiaire;"[""VILLE DE PARIS""]"
bdnb-bg-KGM8-EMAV-FBX7;75;Paris 6e Arrondissement;;;;;;;;11.0;1384;;Tertiaire;
bdnb-bg-KGPA-HCGC-WTQP;93;Le Bourget;1993.0;;;;INDETERMINE;INDETERMINE;1.0;4.0;1293;Résidentiel individuel;Tertiaire;"[""COMMUNE DU BOURGET""]"
bdnb-bg-KGT1-BNU6-318C;93;Noisy-le-Grand;1956.0;;;C;BETON;TUILES;4.0;10.0;3792;Résidentiel collectif;Tertiaire;"[""COMMUNE DE NOISY LE GRAND""]"
bdnb-bg-KJ7Y-MEMZ-T33E;93;Sevran;;;;D;;;;7.0;2306;;Tertiaire;
bdnb-bg-KJQM-XC58-GLDE;93;Neuilly-Plaisance;;;;;;;;8.0;504;;Tertiaire;
bdnb-bg-KJV7-C46B-L4FK;93;Épinay-sur-Seine;;;;;;;;15.0;210;;Tertiaire;
bdnb-bg-KKH5-8E4S-MSFM;75;Paris 9e Arrondissement;1910.0;;;;BRIQUES - PIERRE;ZINC ALUMINIUM;5.0;11.0;2185;Résidentiel collectif;Résidentiel collectif;"[""VILLE DE PARIS""]"
bdnb-bg-KMKM-KDC5-DA4J;93;Saint-Denis;2017.0;2017.0;C;;INDETERMINE;INDETERMINE;9.0;29.0;5014;Résidentiel collectif;Tertiaire;"[""OPH COMMUNAUTAIRE DE PLAINE COMMUNE""]"
bdnb-bg-KN69-CW4B-5JGZ;93;Livry-Gargan;1931.0;;;G;BRIQUES - MEULIERE;TUILES;3.0;7.0;4317;Résidentiel collectif;Tertiaire;"[""COMMUNE DE LIVRY GARGAN"", ""ENEDIS""]"
bdnb-bg-KNAN-C9WR-H7G1;93;Saint-Denis;;;;;INDETERMINE;INDETERMINE;1.0;3.0;371;Tertiaire & Autres;Tertiaire;
bdnb-bg-KNJ1-QJ45-7WJZ;93;Tremblay-en-France;1972.0;;;;BETON;BETON;2.0;6.0;1803;Tertiaire & Autres;Tertiaire;"[""COMMUNE DE TREMBLAY EN FRANCE""]"
bdnb-bg-KPN4-WSLJ-JTYK;93;Montreuil;2014.0;2014.0;;;BOIS;AUTRES;3.0;12.0;479;Résidentiel collectif;Résidentiel collectif;"[""OFFICE PUBLIC DE L'HABITAT EST ENSEMBLE HABITAT""]"
bdnb-bg-KQPM-R16B-SML7;93;Saint-Denis;1935.0;;;;INDETERMINE;INDETERMINE;2.0;12.0;3553;Tertiaire & Autres;Tertiaire;"[""COMMUNE DE SAINT-DENIS""]"
bdnb-bg-KQY8-P92R-75MA;93;Aubervilliers;2009.0;;;;BRIQUES;INDETERMINE;2.0;7.0;4786;Tertiaire & Autres;Tertiaire;"[""COMMUNE DE SAINT-DENIS""]"
bdnb-bg-KR3Q-L7NX-332Q;75;Paris 14e Arrondissement;1986.0;1986.0;C;;INDETERMINE;INDETERMINE;6.0;8.0;2076;Résidentiel collectif;Tertiaire;"[""VILLE DE PARIS"", ""PARIS HABITAT-OPH""]"
bdnb-bg-KTCM-HY1N-JTM9;75;Paris 4e Arrondissement;1789.0;;E;C;INDETERMINE;INDETERMINE;7.0;19.0;3619;Résidentiel collectif;Tertiaire;"[""VILLE DE PARIS"", ""PARIS HABITAT-OPH"", ""ENEDIS"", ""REGIE IMMOBILIERE DE LA VILLE DE PARIS""]"
bdnb-bg-KUX4-RM15-GMFN;75;Paris 13e Arrondissement;1962.0;;;;BRIQUES;BETON;5.0;11.0;2741;Tertiaire & Autres;Tertiaire;"[""VILLE DE PARIS""]"
bdnb-bg-KW95-J1SF-6TRC;75;Paris 18e Arrondissement;1928.0;;G;C;BETON - BRIQUES;TUILES - ZINC ALUMINIUM;7.0;5.0;957;Résidentiel individuel;Tertiaire;"[""VILLE DE PARIS""]"
bdnb-bg-KWF6-AVS3-3ZF5;75;Paris 15e Arrondissement;1990.0;;;;INDETERMINE;INDETERMINE;4.0;11.0;2016;Résidentiel collectif;Tertiaire;"[""VILLE DE PARIS""]"
bdnb-bg-KXB8-KAN2-G59P;75;Paris 15e Arrondissement;1993.0;;;;INDETERMINE;INDETERMINE;1.0;7.0;1040;Tertiaire & Autres;Tertiaire;"[""VILLE DE PARIS""]"
bdnb-bg-KYV2-C5S7-AVF7;75;Paris 19e Arrondissement;;;;;;;;7.0;234;;Tertiaire;
bdnb-bg-KZM2-DUYR-3UMK;75;Paris 20e Arrondissement;2024.0;;;;INDETERMINE;INDETERMINE;3.0;6.0;2296;Tertiaire & Autres;Tertiaire;"[""VILLE DE PARIS""]"
bdnb-bg-KZTS-UJRD-WGSW;75;Paris 20e Arrondissement;2024.0;;;;INDETERMINE;INDETERMINE;1.0;8.0;1075;Tertiaire & Autres;Tertiaire;"[""VILLE DE PARIS""]"
bdnb-bg-L4W1-VBCU-T1MS;93;Aulnay-sous-Bois;1930.0;;;;BRIQUES;TUILES;2.0;9.0;2353;Résidentiel collectif;Tertiaire;"[""COMMUNE DE SEVRAN""]"
bdnb-bg-L5WB-T7ZT-EQUC;75;Paris 19e Arrondissement;1960.0;;;;MEULIERE - PIERRE;TUILES - ZINC ALUMINIUM;1.0;12.0;2249;Tertiaire & Autres;Tertiaire;"[""VILLE DE PARIS""]"
bdnb-bg-L7AA-T7S2-GHQT;93;Noisy-le-Sec;;;;;;;;13.0;311;;Tertiaire;
bdnb-bg-L7AF-8AKF-2C5J;93;Saint-Denis;1907.0;;;;BRIQUES - MEULIERE;TUILES;3.0;5.0;2545;Résidentiel collectif;Tertiaire;"[""COMMUNE DE SAINT-DENIS""]"
bdnb-bg-L7BL-FZBX-VFWB;75;Paris 18e Arrondissement;1957.0;;;;BETON;BETON;3.0;;627;Tertiaire & Autres;Tertiaire;"[""VILLE DE PARIS""]"
bdnb-bg-L7JS-Y38T-W877;93;Bagnolet;1976.0;;;;BETON - AUTRES;BETON - AUTRES;2.0;5.0;4268;Résidentiel collectif;Tertiaire;"[""COMMUNE DE BAGNOLET""]"
bdnb-bg-L95M-7DHG-MCHH;75;Paris 15e Arrondissement;2023.0;;;;INDETERMINE;INDETERMINE;3.0;11.0;2162;Tertiaire & Autres;Tertiaire;"[""VILLE DE PARIS""]"
bdnb-bg-L969-ATW6-RXT4;75;Paris 20e Arrondissement;1930.0;;C;;BRIQUES - AUTRES;INDETERMINE;3.0;9.0;1730;Tertiaire & Autres;Tertiaire;"[""VILLE DE PARIS"", ""REGION ILE DE FRANCE""]"
bdnb-bg-LAEK-TAYP-3J3R;93;Noisy-le-Grand;2018.0;;;C;INDETERMINE;INDETERMINE;1.0;13.0;2148;Tertiaire & Autres;Tertiaire;"[""COMMUNE DE NOISY LE GRAND""]"
bdnb-bg-LAMB-M15B-V5AY;93;Drancy;1930.0;;D;;AGGLOMERE - AUTRES;BETON - TUILES;2.0;3.0;255;Résidentiel individuel;Tertiaire;"[""COMMUNE DE DRANCY""]"
bdnb-bg-LAYE-6QB6-U9G3;75;Paris 19e Arrondissement;1993.0;;;;INDETERMINE;INDETERMINE;5.0;17.0;2433;Résidentiel collectif;Tertiaire;"[""REGION ILE DE FRANCE""]"
bdnb-bg-LBYY-ZYG5-3UZS;75;Paris 12e Arrondissement;1880.0;;;;BRIQUES;TUILES;3.0;6.0;729;Tertiaire & Autres;Tertiaire;"[""VILLE DE PARIS""]"
bdnb-bg-LCBG-G63G-L52Z;75;Paris 13e Arrondissement;2023.0;;;;INDETERMINE;INDETERMINE;1.0;28.0;408;Résidentiel individuel;Tertiaire;"[""VILLE DE PARIS""]"
bdnb-bg-LEY9-S8TF-NS7B;93;Bondy;1958.0;;;C;AUTRES;TUILES;2.0;6.0;138;Résidentiel individuel;Résidentiel individuel;"[""PAPDO MBIANDA REAL ESTATE""]"
bdnb-bg-LF5Z-19WE-TRCU;75;Paris 7e Arrondissement;;;;;INDETERMINE;INDETERMINE;5.0;20.0;698;Résidentiel collectif;Tertiaire;"[""VILLE DE PARIS""]"
bdnb-bg-LFND-S48D-JRJ8;75;Paris 19e Arrondissement;2023.0;;;;INDETERMINE;INDETERMINE;5.0;15.0;1725;Tertiaire & Autres;Tertiaire;"[""VILLE DE PARIS""]"
bdnb-bg-LGQ3-4NYW-YNA4;93;Stains;1934.0;;;F;MEULIERE;TUILES;2.0;7.0;149;Résidentiel collectif;Tertiaire;"[""COMMUNE DE STAINS""]"
bdnb-bg-LGWE-U66L-PCPH;93;Stains;2022.0;;;E;INDETERMINE;INDETERMINE;1.0;6.0;553;Tertiaire & Autres;Tertiaire;"[""DEPARTEMENT DE LA SEINE SAINT DENIS""]"
bdnb-bg-LJ2S-Y989-JF89;93;Montfermeil;1995.0;;;;INDETERMINE;INDETERMINE;2.0;10.0;1958;Tertiaire & Autres;Tertiaire;"[""COMMUNE DE MONTFERMEIL""]"
bdnb-bg-LJGP-8R49-NMMW;93;Montfermeil;1926.0;;;D;BRIQUES - MEULIERE;TUILES;2.0;7.0;1431;Tertiaire & Autres;Tertiaire;"[""COMMUNE DE MONTFERMEIL""]"
bdnb-bg-LJRN-ABEM-2VT5;75;Paris 15e Arrondissement;1976.0;1975.0;C;B;BETON;BETON;15.0;17.0;6159;Résidentiel collectif;Tertiaire;"[""VILLE DE PARIS"", ""TIMM S INTERNATIONAL"", ""FEDERATION FRANC SPORT ADAPTE"", ""CARON IMMOBILIER"", ""FONDATION DES PETITS FRERES DES PAUVRES"", ""CITES CARITAS"", ""CYMAR C O MME FRANCOISE CHRISTIANE"", ""ARKEA CREDIT BAIL"", ""SCI FONCIERE ODE"", ""PRELEFORT"", ""SOC CIVILE FAMILIALE BARATOUX LEFLAIVE"", ""STIREN ER MOR"", ""NOUVELLE GENERATION"", ""FONCIA SEGG"", ""ASS CONFERENCE DES GRANDES ECOLES"", ""FLORILUX"", ""SCI PARTICULIERE FARLIPA"", ""SCI L'ALBATROS"", ""SCI CEPRE"", ""H Y J G"", ""VANNE"", ""NINA"", ""RABOSSE"", ""NOVOTIM"", ""SCI BVP"", ""VILLA-MIOLLIS"", ""CABINET LOISELET PERE FILS ET DAIGREMONT"", ""REMI"", ""JC LINCOLN IMMOBILIER"", ""SCI LV2B"", ""COMPAGNIE FILLES CHARITE ST VINCENT PAUL"", ""FONDATION OEUVRE DE LA CROIX SAINT SIMON"", ""LYONDOR"", ""SCI PHINIFRAIRIE"", ""NAHIKO"", ""WINDSOR"", ""LES ENTREPRENEURS"", ""BRINDT ET CO"", ""SCI MIOLLIS PINET"", ""32 MIOLLIS"", ""SCI VALENTINE"", ""CAMBALDI"", ""MFL 15"", ""JOSEPH DREYFUSS SARL"", ""OLIKI"", ""JJ ET SON'S"", ""AGENCE VIENOT ASSOCIES"", ""COPROPRIETAIRES DU 19 RUE CEPRE"", ""ASSOCIATION FRANCAISE DE L'ENSEIGNE ET DE LA LUMIERE""]"
bdnb-bg-LJXM-8JDG-H3JR;75;Paris 18e Arrondissement;;;;;;;;7.0;300;;Tertiaire;
bdnb-bg-LLER-4U72-9GSL;75;Paris 20e Arrondissement;2024.0;;;;BRIQUES - PIERRE;INDETERMINE;4.0;8.0;595;Tertiaire & Autres;Tertiaire;"[""VILLE DE PARIS""]"
bdnb-bg-LMQL-LFPQ-SN7F;93;Noisy-le-Grand;;;D;C;INDETERMINE;INDETERMINE;2.0;3.0;3338;Résidentiel collectif;Tertiaire;"[""COMMUNE DE NOISY LE GRAND""]"
bdnb-bg-LMV9-DJSW-UELV;75;Paris 20e Arrondissement;2024.0;;;;INDETERMINE;INDETERMINE;3.0;13.0;953;Tertiaire & Autres;Tertiaire;"[""VILLE DE PARIS""]"
bdnb-bg-LNKZ-J7KT-P6C3;93;Neuilly-sur-Marne;2009.0;;;;INDETERMINE;INDETERMINE;1.0;8.0;2724;Tertiaire & Autres;Tertiaire;"[""COMMUNE DE NEUILLY S-MARNE""]"
bdnb-bg-LQDT-T34Z-8BYB;93;Aulnay-sous-Bois;;;;;;;;13.0;159;;Tertiaire;
bdnb-bg-LSU1-EFEZ-AWMR;75;Paris 15e Arrondissement;1900.0;;E;;MEULIERE - PIERRE;TUILES;2.0;11.0;2833;Résidentiel collectif;Tertiaire;"[""VILLE DE PARIS""]"
bdnb-bg-LUGE-2X92-99WF;75;Paris 9e Arrondissement;2023.0;;;;INDETERMINE;INDETERMINE;2.0;12.0;774;Tertiaire & Autres;Tertiaire;"[""VILLE DE PARIS""]"
bdnb-bg-LVA1-FSEB-21RW;75;Paris 17e Arrondissement;1956.0;;;;INDETERMINE;INDETERMINE;4.0;7.0;961;Tertiaire & Autres;Tertiaire;"[""VILLE DE PARIS""]"
bdnb-bg-LW3Y-7KXJ-AN44;75;Paris 18e Arrondissement;1940.0;;D;;BRIQUES;BETON;3.0;9.0;2937;Tertiaire & Autres;Tertiaire;"[""VILLE DE PARIS"", ""ENEDIS""]"
bdnb-bg-LYKR-RY7T-W37F;75;Paris 12e Arrondissement;;;;;;;;26.0;2371;;Tertiaire;
bdnb-bg-LZ43-3KV9-PUWN;93;Aulnay-sous-Bois;;;;;INDETERMINE;INDETERMINE;5.0;8.0;4234;Résidentiel collectif;Tertiaire;"[""COMMUNE DE SEVRAN""]"
bdnb-bg-LZ9V-EYR4-AT99;93;Le Blanc-Mesnil;;;;G;;;;6.0;4016;;Tertiaire;
bdnb-bg-M11P-9ZPP-ZTUH;75;Paris 11e Arrondissement;1950.0;;;;INDETERMINE;INDETERMINE;3.0;10.0;3991;Tertiaire & Autres;Tertiaire;"[""VILLE DE PARIS""]"
bdnb-bg-M1Q1-7LQ5-4BL8;75;Paris 19e Arrondissement;2023.0;;;;INDETERMINE;INDETERMINE;1.0;5.0;1141;Tertiaire & Autres;Tertiaire;"[""VILLE DE PARIS""]"
bdnb-bg-M2VC-MZ7M-V76X;75;Paris 15e Arrondissement;1934.0;1933.0;E;;INDETERMINE;INDETERMINE;9.0;24.0;2916;Résidentiel collectif;Résidentiel collectif;"[""VILLE DE PARIS"", ""PARIS HABITAT-OPH"", ""ENEDIS""]"
bdnb-bg-M3YY-BM8Z-B44R;93;Clichy-sous-Bois;2017.0;;;;INDETERMINE;INDETERMINE;1.0;4.0;4623;Tertiaire & Autres;Tertiaire;"[""COMMUNE DE CLICHY-SOUS-BOIS""]"
bdnb-bg-M418-S6GN-KN5E;75;Paris 18e Arrondissement;1900.0;;;;INDETERMINE;INDETERMINE;2.0;12.0;1179;Résidentiel collectif;Tertiaire;"[""VILLE DE PARIS""]"
bdnb-bg-M4UC-NEYQ-9ES8;93;Neuilly-Plaisance;;;;;;;;8.0;52;;Tertiaire;
bdnb-bg-M5U1-WW1B-N13P;75;Paris 15e Arrondissement;2023.0;;;;INDETERMINE;INDETERMINE;1.0;9.0;2424;Tertiaire & Autres;Tertiaire;"[""VILLE DE PARIS""]"
bdnb-bg-M6EW-W6QK-DJPN;93;Bobigny;;;;;INDETERMINE;INDETERMINE;1.0;6.0;7922;Tertiaire & Autres;Tertiaire;"[""COMMUNE DE BOBIGNY""]"
bdnb-bg-M6GL-Y8XJ-USYT;75;Paris 20e Arrondissement;2024.0;;;;INDETERMINE;INDETERMINE;1.0;12.0;1242;Tertiaire & Autres;Tertiaire;"[""VILLE DE PARIS""]"
bdnb-bg-M7BB-YMSK-4GTR;75;Paris 10e Arrondissement;2023.0;;;;INDETERMINE;INDETERMINE;1.0;9.0;1774;Tertiaire & Autres;Tertiaire;"[""VILLE DE PARIS""]"
bdnb-bg-M7HD-UYJR-6A22;93;Sevran;2013.0;2023.0;B;;INDETERMINE;INDETERMINE;2.0;6.0;2841;Tertiaire & Autres;Tertiaire;"[""COMMUNE DE SEVRAN""]"
bdnb-bg-M9XL-LX45-M984;75;Paris 17e Arrondissement;2023.0;;;;AUTRES;AUTRES;4.0;15.0;486;Tertiaire & Autres;Tertiaire;"[""VILLE DE PARIS""]"
bdnb-bg-MAL3-3TSH-7ZU3;75;Paris 13e Arrondissement;2021.0;;;;BETON;BETON;7.0;13.0;6204;Résidentiel collectif;Tertiaire;"[""MOBILIER NATIONAL-MANUFACTURES NATIONALES GOBELINS  BEAUVAIS"", ""ETAT PAR DIRECTION DE L IMMOBILIER DE L ETAT""]"
bdnb-bg-MAND-UQA5-QF1J;75;Paris 18e Arrondissement;2020.0;;;;INDETERMINE;INDETERMINE;2.0;21.0;1758;Tertiaire & Autres;Tertiaire;"[""VILLE DE PARIS""]"
bdnb-bg-MBST-9LM4-GQHV;93;Clichy-sous-Bois;;;;;;;;9.0;5972;;Tertiaire;
bdnb-bg-MCSE-C8H6-8TVY;75;Paris 1er Arrondissement;2023.0;;C;C;INDETERMINE;INDETERMINE;6.0;21.0;1165;Tertiaire & Autres;Tertiaire;"[""VILLE DE PARIS"", ""ELOGIE - SIEMP""]"
bdnb-bg-MCU6-57FN-7VLL;75;Paris 18e Arrondissement;1900.0;1947.0;F;;BETON;ZINC ALUMINIUM;2.0;12.0;1523;Tertiaire & Autres;Tertiaire;"[""VILLE DE PARIS""]"
bdnb-bg-MDL6-MLFK-B7ES;93;Saint-Denis;1991.0;;;C;INDETERMINE;INDETERMINE;1.0;4.0;4646;Résidentiel individuel;Tertiaire;"[""DEPARTEMENT DE LA SEINE SAINT DENIS""]"
bdnb-bg-MGKB-HATA-AVEF;93;Pantin;1962.0;;;;BETON;BETON;2.0;8.0;1247;Résidentiel collectif;Tertiaire;"[""COMMUNE DE PANTIN""]"
bdnb-bg-MH8R-APKP-3C2W;75;Paris 18e Arrondissement;1950.0;;;;INDETERMINE;INDETERMINE;3.0;16.0;1547;Tertiaire & Autres;Tertiaire;"[""VILLE DE PARIS""]"
bdnb-bg-MLEX-NGRJ-XGJ7;93;Aulnay-sous-Bois;1972.0;;;;BETON;AUTRES;2.0;6.0;2616;Résidentiel collectif;Tertiaire;"[""COMMUNE DE SEVRAN""]"
bdnb-bg-MMBY-ZFXL-TVGH;93;Neuilly-Plaisance;2008.0;;;;INDETERMINE;INDETERMINE;1.0;7.0;1496;Tertiaire & Autres;Tertiaire;"[""COMMUNE DE NEUILLY PLAISANCE"", ""ENEDIS""]"
bdnb-bg-MPT8-JSGL-T5PS;75;Paris 15e Arrondissement;1880.0;;;;PIERRE;TUILES;3.0;7.0;3271;Tertiaire & Autres;Tertiaire;"[""VILLE DE PARIS""]"
bdnb-bg-MPU3-NSYQ-ZL5D;93;Noisy-le-Grand;2016.0;;;;INDETERMINE;INDETERMINE;4.0;9.0;3895;Tertiaire & Autres;Tertiaire;"[""DEPARTEMENT DE LA SEINE SAINT DENIS""]"
bdnb-bg-MQLL-Z69Q-QRXA;93;Drancy;1972.0;;;;BETON;BETON;5.0;11.0;223;Résidentiel collectif;Tertiaire;"[""COMMUNE DE DRANCY""]"
bdnb-bg-MQSP-P2RG-Q7UT;93;Montreuil;;;;;;;;9.0;4252;;Tertiaire;
bdnb-bg-MRTS-S324-B6LT;93;Pantin;1961.0;;;D;BETON;BETON;6.0;7.0;1537;Résidentiel collectif;Tertiaire;"[""COMMUNE DE PANTIN"", ""OFFICE PUBLIC DE L HABITAT DE LA VILLE DE PANTIN"", ""PANTIN HABITAT  SOCIETE ANONYME COOPERATIVE D'INTERET COLLEC"", ""GRDF"", ""REGIE AUTONOME DES TRANSPORTS PARISIENS"", ""GRDF AGENCE COMPTABLE""]"
bdnb-bg-MSBU-MAN2-ST8V;75;Paris 11e Arrondissement;2023.0;;;;INDETERMINE;INDETERMINE;3.0;18.0;633;Tertiaire & Autres;Tertiaire;"[""VILLE DE PARIS""]"
bdnb-bg-MUZD-5QL4-TWFN;93;Livry-Gargan;;;;;;;;4.0;396;;Tertiaire;
bdnb-bg-MVTY-N1T3-FY2Q;93;Bobigny;2010.0;;;;INDETERMINE;INDETERMINE;1.0;9.0;6811;Tertiaire & Autres;Tertiaire;"[""COMMUNE DE BOBIGNY""]"
bdnb-bg-MWCL-AEDG-1RAV;93;Villetaneuse;1948.0;;;C;AGGLOMERE - BRIQUES;TUILES;2.0;5.0;93;Résidentiel individuel;Résidentiel individuel;
bdnb-bg-MWTC-MPWL-AB94;93;Les Lilas;1996.0;;;;INDETERMINE;INDETERMINE;2.0;10.0;3377;Résidentiel collectif;Tertiaire;"[""COMMUNE DES LILAS""]"
bdnb-bg-MXVB-3KG9-1ELR;75;Paris 13e Arrondissement;2017.0;;;;INDETERMINE;INDETERMINE;4.0;15.0;3861;Tertiaire & Autres;Tertiaire;"[""VILLE DE PARIS""]"
bdnb-bg-MYY2-4XVE-BF5Y;75;Paris 16e Arrondissement;2023.0;;;;BETON;BETON;5.0;22.0;86;Tertiaire & Autres;Tertiaire;"[""VILLE DE PARIS""]"
bdnb-bg-MYZY-836E-59KV;93;Épinay-sur-Seine;1970.0;;;;AGGLOMERE - PIERRE;AUTRES;2.0;6.0;742;Résidentiel collectif;Tertiaire;"[""COMMUNE D EPINAY SUR SEINE""]"
bdnb-bg-N14P-H7DH-3YNG;75;Paris 11e Arrondissement;1900.0;;;;BRIQUES - PIERRE;ARDOISES - ZINC ALUMINIUM;5.0;12.0;1267;Tertiaire & Autres;Tertiaire;"[""VILLE DE PARIS""]"
bdnb-bg-N16C-S29Z-AKNY;75;Paris 18e Arrondissement;1900.0;;;;MEULIERE;ZINC ALUMINIUM;3.0;9.0;1782;Tertiaire & Autres;Tertiaire;"[""VILLE DE PARIS""]"
bdnb-bg-N1KL-Q34Y-QPS3;93;Drancy;2011.0;;;;AUTRES;AUTRES;3.0;8.0;2642;Tertiaire & Autres;Tertiaire;"[""COMMUNE DE DRANCY"", ""DEPARTEMENT DE LA SEINE SAINT DENIS""]"
bdnb-bg-N246-D7Z7-RRCP;93;Bagnolet;1993.0;;;C;INDETERMINE;INDETERMINE;2.0;7.0;4685;Résidentiel collectif;Tertiaire;"[""DEPARTEMENT DE LA SEINE SAINT DENIS""]"
bdnb-bg-N2UY-XY7X-UNNY;75;Paris 10e Arrondissement;1990.0;;;;INDETERMINE;INDETERMINE;4.0;6.0;3300;Tertiaire & Autres;Tertiaire;"[""VILLE DE PARIS""]"
bdnb-bg-N4XR-JZDE-DS17;93;Noisy-le-Grand;2018.0;;;C;INDETERMINE;INDETERMINE;1.0;20.0;3660;Tertiaire & Autres;Tertiaire;"[""COMMUNE DE NOISY LE GRAND""]"
bdnb-bg-N5GU-SGQ5-L7ZP;75;Paris 19e Arrondissement;2023.0;;;;INDETERMINE;INDETERMINE;1.0;7.0;1409;Tertiaire & Autres;Tertiaire;"[""VILLE DE PARIS""]"
bdnb-bg-N5ZM-YWHV-RL78;93;Saint-Denis;1996.0;;;;INDETERMINE;INDETERMINE;1.0;8.0;7214;Tertiaire & Autres;Tertiaire;"[""COMMUNE DE SAINT-DENIS""]"
bdnb-bg-N7B2-JYYE-KXL4;93;Stains;;;;;;;;7.0;3677;;Tertiaire;
bdnb-bg-N7RP-GQZS-E1LT;93;Neuilly-sur-Marne;1982.0;1984.0;D;;BETON;BETON;12.0;31.0;736;Résidentiel collectif;Résidentiel collectif;"[""FONCIA I C V"", ""SCI PACHECO""]"
bdnb-bg-N9FS-VJSM-79JA;93;Villetaneuse;1992.0;;;;INDETERMINE;INDETERMINE;1.0;5.0;2293;Résidentiel collectif;Tertiaire;"[""COMMUNE DE VILLETANEUSE""]"
bdnb-bg-N9RC-T5F9-UUFJ;75;Paris 13e Arrondissement;1989.0;;;;INDETERMINE;INDETERMINE;2.0;13.0;1960;Résidentiel collectif;Tertiaire;"[""VILLE DE PARIS""]"
bdnb-bg-N9SN-1H35-76B8;75;Paris 12e Arrondissement;2006.0;;;;INDETERMINE;INDETERMINE;5.0;8.0;2027;Tertiaire & Autres;Tertiaire;"[""VILLE DE PARIS""]"
bdnb-bg-NAU9-5RLR-GHSK;93;Romainville;1900.0;;;;INDETERMINE;INDETERMINE;1.0;5.0;1179;Résidentiel individuel;Tertiaire;"[""COMMUNE DE ROMAINVILLE""]"
bdnb-bg-NB1A-4E29-EZDM;75;Paris 6e Arrondissement;1850.0;;F;C;INDETERMINE;INDETERMINE;7.0;16.0;4490;Tertiaire & Autres;Tertiaire;"[""ASSO IMMOB NOTRE DAME DES CHAMPS""]"
bdnb-bg-NBFB-Y4CE-RDXE;93;Saint-Denis;2014.0;;;;INDETERMINE;INDETERMINE;1.0;19.0;2964;Tertiaire & Autres;Tertiaire;"[""COMMUNE DE SAINT-DENIS""]"
bdnb-bg-NCB4-54QV-79AX;75;Paris 3e Arrondissement;2023.0;;;;INDETERMINE;INDETERMINE;4.0;19.0;518;Tertiaire & Autres;Tertiaire;"[""VILLE DE PARIS"", ""ENEDIS""]"
bdnb-bg-NCVH-PV7J-NJZV;75;Paris 16e Arrondissement;1930.0;;;;BRIQUES;TUILES;2.0;14.0;2086;Résidentiel collectif;Tertiaire;"[""VILLE DE PARIS""]"
bdnb-bg-NHB3-GA3Y-E6QE;75;Paris 13e Arrondissement;2007.0;1948.0;D;F;PIERRE;TUILES;4.0;10.0;102884;Tertiaire & Autres;Tertiaire;"[""ASSISTANCE PUBLIQUE HOPITAUX DE PARIS"", ""CDC HABITAT SOCIAL SOCIETE ANONYME D'HABITATIONS A LOYER MOD"", ""GHU SORBONNE UNIVERSITE HOP SAINT ANTOINE BUREAU DES ACHATS""]"
bdnb-bg-NKT9-3ZVU-VEK2;75;Paris 17e Arrondissement;2023.0;;;;INDETERMINE;INDETERMINE;1.0;16.0;1389;Tertiaire & Autres;Tertiaire;"[""VILLE DE PARIS""]"
bdnb-bg-NL9B-1H9B-7FYK;75;Paris 9e Arrondissement;1891.0;;;;MEULIERE - PIERRE;ARDOISES - AUTRES;5.0;14.0;2077;Résidentiel collectif;Tertiaire;"[""DIRECTION DES SERVICES DEPARTEMENTAUX DE L EDUCATION NATIONA"", ""M LE PRINCIPAL DU COLLEGE LAMARTINE""]"
bdnb-bg-NM5S-HZ46-49AX;93;Villemomble;1944.0;;;;BETON - BRIQUES;AUTRES;4.0;18.0;3118;Résidentiel collectif;Tertiaire;"[""REGION ILE DE FRANCE""]"
bdnb-bg-NMZK-CVKD-9Y83;75;Paris 19e Arrondissement;;;;D;INDETERMINE;INDETERMINE;1.0;5.0;749;Résidentiel individuel;Résidentiel individuel;"[""VILLE DE PARIS""]"
bdnb-bg-NPYX-UD3T-EM9D;94;Bry-sur-Marne;2016.0;;;;INDETERMINE;INDETERMINE;1.0;11.0;2730;Tertiaire & Autres;Tertiaire;"[""REGION ILE DE FRANCE""]"
bdnb-bg-NQ7X-4S8A-EHGN;75;Paris 12e Arrondissement;2000.0;2014.0;;C;INDETERMINE;INDETERMINE;3.0;6.0;71926;Tertiaire & Autres;Tertiaire;"[""VILLE DE PARIS"", ""LAFARGE BETONS"", ""SOCIETE NATIONALE SNCF"", ""REGIE AUTONOME DES TRANSPORTS PARISIENS""]"
bdnb-bg-NS9F-KKDD-FSZA;75;Paris 6e Arrondissement;;;;;INDETERMINE;INDETERMINE;1.0;8.0;486;Résidentiel individuel;Tertiaire;"[""VILLE DE PARIS""]"
bdnb-bg-NTNH-7PJ1-W9L4;75;Paris 13e Arrondissement;;;;;;;;7.0;1496;;Tertiaire;
bdnb-bg-NUBA-N1GS-E96A;93;Épinay-sur-Seine;1900.0;;;;BRIQUES;TUILES;3.0;5.0;3803;Résidentiel collectif;Tertiaire;"[""COMMUNE D EPINAY SUR SEINE""]"
bdnb-bg-NUJG-4GZQ-CVAZ;93;Bondy;;;;;;;;4.0;2414;;Tertiaire;
bdnb-bg-NVR5-8Q2E-4J4H;93;Noisy-le-Grand;1995.0;1982.0;;E;INDETERMINE;INDETERMINE;4.0;8.0;4364;Tertiaire & Autres;Tertiaire;"[""COMMUNE DE NOISY LE GRAND"", ""DEPARTEMENT DE LA SEINE SAINT DENIS""]"
bdnb-bg-NWNH-8SMS-JDSS;75;Paris 19e Arrondissement;2023.0;;;;INDETERMINE;INDETERMINE;3.0;9.0;1495;Tertiaire & Autres;Tertiaire;"[""VILLE DE PARIS""]"
bdnb-bg-NWWP-9F4E-56YH;75;Paris 13e Arrondissement;2017.0;;;;BRIQUES - PIERRE;INDETERMINE;4.0;6.0;1524;Tertiaire & Autres;Tertiaire;"[""VILLE DE PARIS""]"
bdnb-bg-NYC6-JVXD-H3JS;93;Noisy-le-Sec;2000.0;;;;INDETERMINE;INDETERMINE;3.0;6.0;1144;Résidentiel collectif;Tertiaire;"[""COMMUNE DE NOISY LE SEC""]"
bdnb-bg-NYKS-7JJM-8BDP;93;Stains;1969.0;;D;;BETON;BETON;16.0;11.0;30227;Résidentiel collectif;Tertiaire;"[""COMMUNE DE STAINS"", ""DEPARTEMENT DE LA SEINE SAINT DENIS"", ""SEINE-SAINT-DENIS HABITAT""]"
bdnb-bg-NZBX-JCDQ-G9VW;93;Drancy;;;;;;;;7.0;662;;Tertiaire;
bdnb-bg-P1F9-ZFUB-353J;75;Paris 18e Arrondissement;2000.0;;;;BETON - AUTRES;BETON - ZINC ALUMINIUM;2.0;16.0;865;Tertiaire & Autres;Tertiaire;"[""VILLE DE PARIS""]"
bdnb-bg-P1PZ-E6PX-8D4T;93;Aulnay-sous-Bois;1994.0;;;;BETON;TUILES;4.0;20.0;4515;Tertiaire & Autres;Tertiaire;"[""DEPARTEMENT DE LA SEINE SAINT DENIS""]"
bdnb-bg-P1TC-B8NY-13ZD;93;Tremblay-en-France;;;;;;;;7.0;533;;Tertiaire;
bdnb-bg-P1YA-BB2B-Z4TG;93;Montreuil;1930.0;;;;BRIQUES - MEULIERE;TUILES;2.0;8.0;1633;Résidentiel collectif;Tertiaire;"[""COMMUNE DE MONTREUIL""]"
bdnb-bg-P267-DXWH-5UMU;93;Bondy;2014.0;2015.0;;B;INDETERMINE;INDETERMINE;1.0;7.0;6519;Tertiaire & Autres;Tertiaire;"[""DEPARTEMENT DE LA SEINE SAINT DENIS""]"
bdnb-bg-P2JC-7DRT-NSDA;93;Le Raincy;1956.0;;;;BETON - PIERRE;ZINC ALUMINIUM;1.0;3.0;340;Résidentiel collectif;Tertiaire;"[""REGION ILE DE FRANCE""]"
bdnb-bg-P2YP-MBPC-ZQME;93;Villetaneuse;;;;;BRIQUES;INDETERMINE;3.0;7.0;1832;Tertiaire & Autres;Tertiaire;"[""COMMUNE DE VILLETANEUSE""]"
bdnb-bg-P5EF-APK8-6AMT;75;Paris 10e Arrondissement;2003.0;1974.0;;C;INDETERMINE;INDETERMINE;1.0;12.0;2114;Tertiaire & Autres;Tertiaire;"[""DIRECTION GENERALE DES PATRIMOINES ET DE L'ARCHITECTURE"", ""REGIE IMMOBILIERE DE LA VILLE DE PARIS"", ""HENEO""]"
bdnb-bg-P61Z-YAKJ-Z6Q4;75;Paris 14e Arrondissement;1930.0;;;;PIERRE;TUILES;2.0;14.0;1420;Résidentiel collectif;Tertiaire;"[""VILLE DE PARIS""]"
bdnb-bg-P6K2-94J2-2KA6;75;Paris 18e Arrondissement;1995.0;;;;BRIQUES - AUTRES;TUILES;7.0;16.0;1737;Tertiaire & Autres;Tertiaire;"[""MINISTERE DE L'EDUCATION NATIONALE  DE L'ENSEIGNEMENT SUPERI"", ""ENEDIS"", ""COLLEGE DEPARTEMENTAL""]"
bdnb-bg-P7L3-BQ7L-2X81;93;Aulnay-sous-Bois;1904.0;;;C;MEULIERE;TUILES;2.0;12.0;2196;Résidentiel collectif;Tertiaire;"[""DEPARTEMENT DE LA SEINE SAINT DENIS""]"
bdnb-bg-P7VC-J56H-1GW8;93;Villetaneuse;;;;;;;;4.0;2311;;Tertiaire;
bdnb-bg-P83Y-RWTW-XQY8;75;Paris 19e Arrondissement;2014.0;;;;INDETERMINE;INDETERMINE;1.0;11.0;829;Tertiaire & Autres;Tertiaire;"[""VILLE DE PARIS""]"
bdnb-bg-P87H-XEEG-KX6U;75;Paris 20e Arrondissement;2024.0;;;;INDETERMINE;INDETERMINE;2.0;15.0;1574;Tertiaire & Autres;Tertiaire;"[""VILLE DE PARIS""]"
bdnb-bg-P89H-HTXC-TXKS;75;Paris 12e Arrondissement;1900.0;;;;INDETERMINE;INDETERMINE;3.0;15.0;876;Tertiaire & Autres;Tertiaire;"[""VILLE DE PARIS""]"
bdnb-bg-P8VR-DPPH-L3JL;75;Paris 13e Arrondissement;1900.0;;;;INDETERMINE;INDETERMINE;2.0;10.0;2230;Résidentiel collectif;Tertiaire;"[""VILLE DE PARIS""]"
bdnb-bg-P9QZ-5S6L-XCVQ;93;Saint-Denis;;;;;BETON - BRIQUES;BETON;5.0;10.0;3006;Tertiaire & Autres;Tertiaire;"[""COMMUNE DE SAINT-DENIS""]"
bdnb-bg-PADX-VFFA-Y1Q3;93;Sevran;;;;;;;;9.0;171;;Tertiaire;
bdnb-bg-PAVU-Y7ZZ-6UWL;75;Paris 15e Arrondissement;1920.0;;;;BRIQUES;BETON;4.0;12.0;2216;Tertiaire & Autres;Tertiaire;"[""VILLE DE PARIS""]"
bdnb-bg-PAY2-CBW3-2KCB;75;Paris 10e Arrondissement;1880.0;;;;BRIQUES - PIERRE;ZINC ALUMINIUM;3.0;15.0;689;Tertiaire & Autres;Tertiaire;"[""VILLE DE PARIS""]"
bdnb-bg-PB1B-N2GD-AQJB;93;Tremblay-en-France;;;;;;;;6.0;5088;;Tertiaire;
bdnb-bg-PBMV-21SD-1VZT;93;Aulnay-sous-Bois;;1948.0;;;INDETERMINE;INDETERMINE;8.0;7.0;3447;Tertiaire & Autres;Tertiaire;"[""COMMUNE DE SEVRAN"", ""LOGEMENT FRANCAIS""]"
bdnb-bg-PFTG-QHRE-ALUR;93;Aubervilliers;2017.0;;;;INDETERMINE;INDETERMINE;1.0;6.0;1905;Tertiaire & Autres;Tertiaire;"[""COMMUNE DE SAINT-DENIS""]"
bdnb-bg-PH35-1LD6-WTGL;75;Paris 18e Arrondissement;2023.0;;;;INDETERMINE;INDETERMINE;4.0;10.0;4185;Tertiaire & Autres;Tertiaire;"[""VILLE DE PARIS""]"
bdnb-bg-PH82-Q4JC-1CQ3;75;Paris 20e Arrondissement;;;;;;;;8.0;925;;Tertiaire;
bdnb-bg-PHC3-D3HS-W3Q9;75;Paris 17e Arrondissement;1959.0;;;;BETON;BETON;4.0;14.0;634;Résidentiel collectif;Tertiaire;"[""VILLE DE PARIS""]"
bdnb-bg-PJAT-569L-3HAV;93;Sevran;1970.0;1969.0;D;B;BETON - BRIQUES;BETON - ZINC ALUMINIUM;5.0;5.0;2830;Résidentiel collectif;Tertiaire;"[""COMMUNE DE SEVRAN""]"
bdnb-bg-PJB8-M7JC-ET68;93;Le Blanc-Mesnil;1974.0;;;G;PIERRE - AUTRES;TUILES;1.0;3.0;151;Résidentiel individuel;Tertiaire;"[""COMMUNE DE DUGNY""]"
bdnb-bg-PJFJ-E5WJ-8QXX;93;Bagnolet;1931.0;;;C;AUTRES;AUTRES;4.0;11.0;2739;Résidentiel collectif;Tertiaire;"[""DEPARTEMENT DE LA SEINE SAINT DENIS""]"
bdnb-bg-PK82-SST3-E4W7;93;Épinay-sur-Seine;;;;;INDETERMINE;INDETERMINE;1.0;5.0;2291;Tertiaire & Autres;Tertiaire;"[""COMMUNE D EPINAY SUR SEINE""]"
bdnb-bg-PKE5-WQUS-M9YP;75;Paris 13e Arrondissement;1900.0;;;;AUTRES;INDETERMINE;17.0;22.0;3766;Résidentiel collectif;Tertiaire;"[""LYCEE TECHNOLOGIQUE PIERRES-GILLES DE GENNES""]"
bdnb-bg-PKLN-LVWJ-TUD6;75;Paris 16e Arrondissement;2023.0;;;;BRIQUES - PIERRE;ARDOISES;2.0;16.0;1083;Tertiaire & Autres;Tertiaire;"[""VILLE DE PARIS""]"
bdnb-bg-PLJS-U1TU-UJNU;75;Paris 17e Arrondissement;2023.0;;;;INDETERMINE;INDETERMINE;3.0;10.0;1919;Tertiaire & Autres;Tertiaire;"[""VILLE DE PARIS"", ""ENEDIS""]"
bdnb-bg-PNTF-BX25-74DJ;93;Saint-Denis;1993.0;;;;PIERRE;TUILES;1.0;11.0;3925;Résidentiel individuel;Tertiaire;"[""COMMUNE DE SAINT-DENIS""]"
bdnb-bg-PPHR-PJC9-6RL3;93;Clichy-sous-Bois;1957.0;;E;;AUTRES;AUTRES;5.0;10.0;857;Résidentiel collectif;Tertiaire;"[""COMMUNE DE CLICHY-SOUS-BOIS""]"
bdnb-bg-PQ1T-EHLX-HX97;75;Paris 20e Arrondissement;2024.0;;;;INDETERMINE;INDETERMINE;2.0;7.0;737;Tertiaire & Autres;Tertiaire;"[""VILLE DE PARIS""]"
bdnb-bg-PQYG-FM7Z-1F2X;75;Paris 19e Arrondissement;2015.0;;C;B;INDETERMINE;INDETERMINE;7.0;22.0;34660;Résidentiel collectif;Résidentiel collectif;"[""VILLE DE PARIS"", ""SOC ECONOMIE MIXTE AMENAGEMENT"", ""PARIS HABITAT-OPH"", ""BIENCHILY"", ""SCI DE LA PLACE"", ""CDEP"", ""LISOJUEL"", ""SCI MARTIN DALEAU"", ""ELEMENT"", ""SCI ELYSEES 0326"", ""SCI DIONYSA"", ""SNC PARIS MACDONALD PROMOTION"", ""SNC MACDONALD COMMERCES"", ""CLV IMMO"", ""3 C"", ""FP PARIS 19"", ""REGIE IMMOBILIERE DE LA VILLE DE PARIS"", ""CDC HABITAT SOCIAL SOCIETE ANONYME D'HABITATIONS A LOYER MOD"", ""IMMOBILIERE 3F"", ""RLF - RESIDENCES LE LOGEMENT DES FONCTIONNAIRES  SOCIETE AN"", ""FONCIA PARIS RIVE DROITE"", ""IN'LI"", ""MY SYNDIC"", ""FONDATION D'AGUESSEAU"", ""FONDATION AMICIE LEBAUDY"", ""FEDERATION INTERCO CFDT"", ""SCI WELDINVEST"", ""UNG"", ""MEDICAL ROSA PARKS"", ""LE TESSERACT 2 0"", ""SCI PARIS 2L"", ""SCI MILLY"", ""COPROPRIETAIRES DU 74-80 RUE CESARIA EVORA"", ""ASSOCIATION SYNDICALE LIBRE DE L'ENSEMBLE IMMOBILIER MACDONA""]"
bdnb-bg-PRRE-SFY8-4FT5;93;Pantin;1903.0;1899.0;F;C;INDETERMINE;INDETERMINE;3.0;7.0;3198;Tertiaire & Autres;Tertiaire;"[""COMMUNE DE PANTIN""]"
bdnb-bg-PSAT-TQA6-MGT3;75;Paris 19e Arrondissement;2023.0;;;;INDETERMINE;INDETERMINE;1.0;5.0;923;Tertiaire & Autres;Tertiaire;"[""VILLE DE PARIS""]"
bdnb-bg-PSPZ-6FZV-PTPV;75;Paris 15e Arrondissement;1969.0;;;;BETON;ZINC ALUMINIUM;7.0;16.0;4299;Résidentiel collectif;Tertiaire;"[""REGION ILE DE FRANCE""]"
bdnb-bg-PTPA-QTLF-314W;75;Paris 15e Arrondissement;;;;;INDETERMINE;INDETERMINE;4.0;14.0;1858;Résidentiel collectif;Tertiaire;"[""VILLE DE PARIS""]"
bdnb-bg-PU6T-PEUV-5KTZ;93;Saint-Denis;1935.0;;;;BRIQUES;TUILES;3.0;5.0;3040;Résidentiel collectif;Tertiaire;"[""COMMUNE DE SAINT-DENIS""]"
bdnb-bg-PUMT-D3ZL-R89L;75;Paris 12e Arrondissement;1966.0;;C;;BETON;AUTRES;5.0;10.0;3670;Résidentiel collectif;Tertiaire;"[""VILLE DE PARIS""]"
bdnb-bg-PUQP-MLYU-8BE6;75;Paris 16e Arrondissement;1937.0;;;;BETON;BETON;7.0;17.0;3527;Tertiaire & Autres;Tertiaire;"[""MINISTERE DE L'EDUCATION NATIONALE  DE L'ENSEIGNEMENT SUPERI"", ""LYCEE GENERAL ET TECHNOLOGIQUE JEAN DE LA FONTAINE"", ""ENEDIS"", ""ETAT PAR DIRECTION DE L IMMOBILIER DE L ETAT""]"
bdnb-bg-PX1Y-8JM1-EUFT;75;Paris 18e Arrondissement;2023.0;;;;INDETERMINE;INDETERMINE;4.0;9.0;629;Tertiaire & Autres;Tertiaire;"[""VILLE DE PARIS""]"
bdnb-bg-Q2CH-YUAP-UU61;93;Bondy;1959.0;;;;BETON - BRIQUES;BETON;2.0;9.0;1680;Résidentiel collectif;Tertiaire;"[""COMMUNE DE BONDY""]"
bdnb-bg-Q2HK-4ESK-NZCE;93;Aulnay-sous-Bois;1933.0;;;;BRIQUES;TUILES;2.0;8.0;818;Résidentiel collectif;Tertiaire;"[""COMMUNE DE SEVRAN""]"
bdnb-bg-Q3CJ-G7QN-NQKP;75;Paris 19e Arrondissement;1967.0;1974.0;;;BRIQUES;BETON;7.0;15.0;4202;Résidentiel collectif;Tertiaire;"[""REGION ILE DE FRANCE"", ""ETAT PAR DIRECTION DE L IMMOBILIER DE L ETAT""]"
bdnb-bg-Q49F-S2UR-WCRR;75;Paris 18e Arrondissement;1890.0;;;;PIERRE;ZINC ALUMINIUM;3.0;8.0;1573;Tertiaire & Autres;Tertiaire;"[""VILLE DE PARIS""]"
bdnb-bg-Q49X-MVZJ-DXZF;93;Pantin;2010.0;;;;AGGLOMERE - BETON;INDETERMINE;1.0;7.0;3618;Tertiaire & Autres;Tertiaire;"[""COMMUNE DE PANTIN""]"
bdnb-bg-Q4KB-ZQCC-MLEV;75;Paris 1er Arrondissement;1988.0;1988.0;;;INDETERMINE;ARDOISES;6.0;20.0;610;Résidentiel collectif;Tertiaire;"[""VILLE DE PARIS"", ""REGIE IMMOBILIERE DE LA VILLE DE PARIS"", ""SOCIETE ANONYME DE GESTION IMMOBILIERE""]"
bdnb-bg-Q4VH-4JFN-U7C9;75;Paris 18e Arrondissement;1950.0;;;;PIERRE;ARDOISES;4.0;9.0;4677;Tertiaire & Autres;Tertiaire;"[""VILLE DE PARIS""]"
bdnb-bg-Q5F1-GS47-E2YK;75;Paris 11e Arrondissement;2023.0;;;;INDETERMINE;INDETERMINE;4.0;6.0;1529;Tertiaire & Autres;Tertiaire;"[""VILLE DE PARIS""]"
bdnb-bg-Q5PX-QUG9-QQ5M;75;Paris 13e Arrondissement;1892.0;;;;PIERRE;ARDOISES - ZINC ALUMINIUM;3.0;12.0;1890;Résidentiel collectif;Tertiaire;"[""VILLE DE PARIS""]"
bdnb-bg-Q6EB-TGTZ-Z1XP;75;Paris 18e Arrondissement;2002.0;;;;PIERRE;TUILES;2.0;10.0;1951;Tertiaire & Autres;Tertiaire;"[""VILLE DE PARIS""]"
bdnb-bg-Q6Q6-27A1-TY6N;93;Romainville;1950.0;;;;BRIQUES;TUILES;2.0;6.0;2167;Résidentiel collectif;Tertiaire;"[""COMMUNE DE ROMAINVILLE""]"
bdnb-bg-Q7C7-L23L-R1CB;93;Villemomble;2010.0;;;;BETON - BRIQUES;BETON;3.0;8.0;2569;Tertiaire & Autres;Tertiaire;"[""LYCEE POLYVALENT BLAISE PASCAL"", ""COMMUNE DE VILLEMOMBLE"", ""ETAT PAR DIRECTION DE L IMMOBILIER DE L ETAT""]"
bdnb-bg-Q7JQ-FQDH-8ZA4;93;Livry-Gargan;;;;E;INDETERMINE;INDETERMINE;1.0;10.0;1137;Tertiaire & Autres;Tertiaire;"[""COMMUNE DE LIVRY GARGAN""]"
bdnb-bg-Q8CN-AS7W-EV18;93;Bobigny;2010.0;;;;INDETERMINE;INDETERMINE;1.0;8.0;911;Tertiaire & Autres;Tertiaire;"[""COMMUNE DE BOBIGNY""]"
bdnb-bg-Q8HE-VBLM-UEDD;75;Paris 8e Arrondissement;2022.0;;;;INDETERMINE;INDETERMINE;7.0;7.0;753;Tertiaire & Autres;Tertiaire;"[""VILLE DE PARIS"", ""ENEDIS""]"
bdnb-bg-Q8U1-NYRL-8T3K;75;Paris 13e Arrondissement;;;;;BRIQUES - PIERRE;INDETERMINE;3.0;20.0;1109;Tertiaire & Autres;Tertiaire;"[""VILLE DE PARIS""]"
bdnb-bg-Q975-1S24-33RB;93;Bagnolet;;;;;INDETERMINE;INDETERMINE;1.0;7.0;1286;Tertiaire & Autres;Tertiaire;"[""COMMUNE DE BAGNOLET""]"
bdnb-bg-QANP-ZRUY-761Y;93;Épinay-sur-Seine;2014.0;;;;INDETERMINE;INDETERMINE;1.0;7.0;865;Tertiaire & Autres;Tertiaire;"[""COMMUNE D EPINAY SUR SEINE""]"
bdnb-bg-QBG4-BRED-AJXY;93;Montreuil;1995.0;;;C;INDETERMINE;INDETERMINE;1.0;8.0;2223;Résidentiel individuel;Tertiaire;"[""DEPARTEMENT DE LA SEINE SAINT DENIS""]"
bdnb-bg-QCCU-3ZS9-M3GN;93;Aulnay-sous-Bois;1972.0;;;C;AUTRES;AUTRES;3.0;9.0;3326;Résidentiel collectif;Tertiaire;"[""DEPARTEMENT DE LA SEINE SAINT DENIS""]"
bdnb-bg-QCSF-1Y5B-L6AJ;93;Aulnay-sous-Bois;1958.0;;;;AGGLOMERE;TUILES;3.0;5.0;3805;Résidentiel collectif;Tertiaire;"[""COMMUNE DE SEVRAN""]"
bdnb-bg-QDSD-WQXK-CW7T;75;Paris 14e Arrondissement;1908.0;;;;PIERRE;TUILES;5.0;14.0;1314;Résidentiel collectif;Tertiaire;"[""VILLE DE PARIS""]"
bdnb-bg-QERX-PFQY-NU1Z;75;Paris 13e Arrondissement;1965.0;;;;BETON;BETON - TUILES;4.0;12.0;1930;Résidentiel collectif;Tertiaire;"[""VILLE DE PARIS""]"
bdnb-bg-QESG-MHPN-5DYX;93;Rosny-sous-Bois;1961.0;;;;BETON;BETON;2.0;5.0;1075;Résidentiel collectif;Tertiaire;"[""COMMUNE DE ROSNY-SOUS-BOIS""]"
bdnb-bg-QEZJ-XZB2-3B1D;75;Paris 20e Arrondissement;1990.0;;;;PIERRE;ARDOISES;2.0;8.0;1501;Tertiaire & Autres;Tertiaire;"[""VILLE DE PARIS""]"
bdnb-bg-QFND-56CP-LDDN;75;Paris 11e Arrondissement;1910.0;;D;;INDETERMINE;INDETERMINE;6.0;16.0;391;Résidentiel collectif;Résidentiel collectif;"[""SCI PARDES PATRIMOINE"", ""DACIM"", ""MDB IN"", ""SCI MAREVI""]"
bdnb-bg-QFY3-GG2X-XWZ9;75;Paris 19e Arrondissement;2023.0;;C;;INDETERMINE;INDETERMINE;4.0;7.0;3128;Tertiaire & Autres;Tertiaire;"[""VILLE DE PARIS""]"
bdnb-bg-QKCY-MUEB-P4CM;75;Paris 19e Arrondissement;2023.0;2004.0;C;;INDETERMINE;INDETERMINE;4.0;9.0;1365;Tertiaire & Autres;Tertiaire;"[""VILLE DE PARIS""]"
bdnb-bg-QKHS-74T2-SRPY;93;Romainville;;;;;INDETERMINE;INDETERMINE;1.0;9.0;1961;Tertiaire & Autres;Tertiaire;"[""COMMUNE DE ROMAINVILLE""]"
bdnb-bg-QL1B-11TL-7YQX;93;Aubervilliers;1900.0;;;;BRIQUES - MEULIERE;TUILES;2.0;7.0;280;Tertiaire & Autres;Tertiaire;"[""SCI VICTOR HUGO 150""]"
bdnb-bg-QL8T-MWNV-4THM;75;Paris 10e Arrondissement;2023.0;;;;BETON;INDETERMINE;4.0;15.0;2071;Tertiaire & Autres;Tertiaire;"[""VILLE DE PARIS""]"
bdnb-bg-QLBE-HKHW-R92N;75;Paris 18e Arrondissement;;;;;;;;11.0;1061;;Tertiaire;
bdnb-bg-QLK5-P4HN-ZS2Z;75;Paris 7e Arrondissement;1800.0;;;;INDETERMINE;INDETERMINE;2.0;8.0;723;Résidentiel collectif;Tertiaire;"[""MINISTERE DE L'EDUCATION NATIONALE  DE L'ENSEIGNEMENT SUPERI"", ""LYCEE VICTOR DURUY""]"
bdnb-bg-QLS8-R7TF-D341;93;Bagnolet;1886.0;;;;BRIQUES - MEULIERE;TUILES;4.0;8.0;1725;Résidentiel collectif;Tertiaire;"[""COMMUNE DE BAGNOLET""]"
bdnb-bg-QLU4-8ZMA-ZTZT;75;Paris 20e Arrondissement;2024.0;;;;INDETERMINE;INDETERMINE;2.0;11.0;1008;Tertiaire & Autres;Tertiaire;"[""VILLE DE PARIS""]"
bdnb-bg-QMX2-YF2J-MJRM;93;Les Lilas;;;;;;;;14.0;618;;Tertiaire;
bdnb-bg-QNBM-P8ZS-G2TH;75;Paris 11e Arrondissement;2023.0;;;;BETON;BETON;3.0;12.0;446;Tertiaire & Autres;Tertiaire;"[""VILLE DE PARIS""]"
bdnb-bg-QP46-BXNX-2YWR;93;Montreuil;;;;C;INDETERMINE;INDETERMINE;1.0;8.0;2560;Tertiaire & Autres;Tertiaire;"[""DEPARTEMENT DE LA SEINE SAINT DENIS""]"
bdnb-bg-QQRS-ZZ14-ATM5;75;Paris 11e Arrondissement;2023.0;;;;INDETERMINE;INDETERMINE;4.0;;648;Tertiaire & Autres;Tertiaire;"[""VILLE DE PARIS""]"
bdnb-bg-QQWM-FU69-18P8;75;Paris 13e Arrondissement;2002.0;;;;INDETERMINE;INDETERMINE;6.0;14.0;2688;Tertiaire & Autres;Tertiaire;"[""VILLE DE PARIS""]"
bdnb-bg-QSSH-P8KU-HJ4W;75;Paris 19e Arrondissement;2023.0;2000.0;;;INDETERMINE;INDETERMINE;3.0;14.0;1190;Tertiaire & Autres;Tertiaire;"[""VILLE DE PARIS""]"
bdnb-bg-QSTB-21LN-PG66;93;Montreuil;;;;;;;;10.0;2915;;Tertiaire;
bdnb-bg-QSW5-NTCR-GJW6;75;Paris 18e Arrondissement;;;;F;;;;4.0;666;;Tertiaire;
bdnb-bg-QT2U-V3GX-QS14;75;Paris 20e Arrondissement;2024.0;;;;INDETERMINE;INDETERMINE;4.0;9.0;2688;Tertiaire & Autres;Tertiaire;"[""VILLE DE PARIS""]"
bdnb-bg-QT8V-VC23-WU9K;93;Drancy;;;;;;;;15.0;1630;;Tertiaire;
bdnb-bg-QVWL-45D4-9M42;93;Sevran;1960.0;;;;AGGLOMERE;ZINC ALUMINIUM;4.0;8.0;3902;Résidentiel collectif;Tertiaire;"[""COMMUNE DE SEVRAN""]"
bdnb-bg-QYGS-RZYM-6F6U;93;Noisy-le-Sec;1870.0;1983.0;C;;MEULIERE;TUILES;5.0;8.0;1910;Résidentiel collectif;Tertiaire;"[""COMMUNE DE NOISY LE SEC"", ""IMMOBILIERE 3F""]"
bdnb-bg-QYTB-HDAM-SMU6;75;Paris 14e Arrondissement;1890.0;;;;PIERRE;TUILES;3.0;17.0;1099;Résidentiel collectif;Tertiaire;"[""VILLE DE PARIS""]"
bdnb-bg-QZY2-98YS-NDZQ;75;Paris 13e Arrondissement;1998.0;1998.0;D;;INDETERMINE;INDETERMINE;9.0;11.0;2115;Résidentiel collectif;Tertiaire;"[""VILLE DE PARIS"", ""REGIE IMMOBILIERE DE LA VILLE DE PARIS"", ""SOC ETUDE MAITRISE OUVRAGE AMENAGEMENT PARISIENNE""]"
bdnb-bg-R2F7-78EE-8JP9;75;Paris 9e Arrondissement;2023.0;;;;INDETERMINE;INDETERMINE;4.0;16.0;590;Tertiaire & Autres;Tertiaire;"[""VILLE DE PARIS""]"
bdnb-bg-R2VD-JJVN-UKX7;75;Paris 2e Arrondissement;2023.0;;;;INDETERMINE;INDETERMINE;5.0;20.0;286;Tertiaire & Autres;Tertiaire;"[""VILLE DE PARIS""]"
bdnb-bg-R4C3-9EHK-Z7G6;75;Paris 16e Arrondissement;1938.0;;;;BRIQUES - MEULIERE;ARDOISES - AUTRES;7.0;25.0;3921;Résidentiel collectif;Tertiaire;"[""MINISTERE DE L'EDUCATION NATIONALE  DE L'ENSEIGNEMENT SUPERI"", ""ENEDIS"", ""ETAT PAR DIRECTION DE L IMMOBILIER DE L ETAT""]"
bdnb-bg-R4JF-ZZ2M-J7XR;93;Livry-Gargan;1998.0;;;;INDETERMINE;INDETERMINE;1.0;4.0;1134;Résidentiel collectif;Tertiaire;"[""DEPARTEMENT DE LA SEINE SAINT DENIS""]"
bdnb-bg-R5NT-SN96-WH7S;93;Le Blanc-Mesnil;1965.0;;;;AGGLOMERE;BETON;5.0;10.0;2630;Résidentiel collectif;Tertiaire;"[""COMMUNE DE DUGNY""]"
bdnb-bg-R672-6798-TW79;93;Saint-Denis;;;;;;;;7.0;1598;;Tertiaire;
bdnb-bg-R6W6-VQ3R-TJCS;93;Saint-Denis;1982.0;;;;BETON;AUTRES;1.0;4.0;2193;Tertiaire & Autres;Tertiaire;"[""COMMUNE DE SAINT-DENIS""]"
bdnb-bg-R8RF-23QR-YV67;93;Bondy;2010.0;;;B;INDETERMINE;INDETERMINE;1.0;13.0;1810;Tertiaire & Autres;Tertiaire;"[""COMMUNE DE BONDY""]"
bdnb-bg-R971-WFS7-PY7W;75;Paris 11e Arrondissement;2023.0;;;;BRIQUES - PIERRE;ARDOISES;2.0;8.0;1206;Tertiaire & Autres;Tertiaire;"[""VILLE DE PARIS""]"
bdnb-bg-R9AX-Z8AW-EXMN;75;Paris 19e Arrondissement;;;;;;;;;26;;;
bdnb-bg-R9CN-7H9S-37SY;93;Neuilly-sur-Marne;;;;;;;;4.0;3402;;Tertiaire;
bdnb-bg-RAXH-XDE9-3WQQ;75;Paris 6e Arrondissement;1930.0;;;;BRIQUES - AUTRES;TUILES;1.0;18.0;755;Résidentiel individuel;Tertiaire;"[""ASS SEINE VOISENON""]"
bdnb-bg-RB2X-GLKV-J884;93;Gagny;2013.0;;;;INDETERMINE;INDETERMINE;1.0;7.0;1141;Tertiaire & Autres;Tertiaire;"[""COMMUNE DE GAGNY""]"
bdnb-bg-RBNZ-N9TZ-SJNG;93;Noisy-le-Sec;2023.0;2023.0;A;;INDETERMINE;INDETERMINE;7.0;;1217;Résidentiel collectif;Résidentiel collectif;"[""IN'LI""]"
bdnb-bg-RCS6-6YNF-G1XU;75;Paris 19e Arrondissement;2020.0;1977.0;D;E;INDETERMINE;INDETERMINE;15.0;21.0;7733;Résidentiel collectif;Tertiaire;"[""VILLE DE PARIS"", ""IMMOBILIERE MARCEAU"", ""GLF LOICK FOUCHET"", ""SCI DU PONT ROUGE"", ""CABINET CHEMIN"", ""ALEXANDRA"", ""SCI TANGO"", ""CHARNIC"", ""MEDRIL"", ""SYNDICALE AFUL PETIT FONTAINEBLEAU"", ""JADAMASY"", ""SOPHYVONNE"", ""FERTE"", ""MANDREA"", ""SCI THOMAS"", ""ANDREA"", ""REINE"", ""MAXIME"", ""LES CHAUMES DE BERTRAND"", ""LA FONTAINE F K H"", ""DAVID"", ""GOLANIA"", ""FLL"", ""SCI 114 PETIT"", ""SCI FRANC LA ROSE"", ""SCI JADE"", ""LUGASSY"", ""JOSEPH ETOILE"", ""MARIE"", ""LEHAR"", ""PE2"", ""JOSAK"", ""SCI PARIS FONTAINEBLEAU"", ""YUL"", ""DAIJAC"", ""S C I GHAMM"", ""LING PERE ET FILS"", ""SYND COPT 16 18 ALLEE DE FONTAINEBLEAU 7"", ""SCI LEA75"", ""SCI ALIETTE"", ""IMMOBILIERE 3F"", ""SOCIETE ORFILA DE GESTION IMMOBILIERE"", ""VILLETTE"", ""100 RUE PETIT"", ""STEPH"", ""SCI FA IMMOBILIERS"", ""PETIT-BOUCHARDON"", ""SCI HS 26"", ""SCI PETIT  1"", ""SCI ALAIN CHEN ZENG"", ""VINCENT CHEN ZENG"", ""PREDIGUER-GOTTDIENER"", ""CABINET OLLIADE"", ""ASS FONCIERE URBAINE LIBRE DES VOLUMES PETIT FONTAINEBLEAU""]"
bdnb-bg-RE17-KSR5-6N25;75;Paris 13e Arrondissement;1990.0;;;;INDETERMINE;INDETERMINE;4.0;12.0;1335;Résidentiel collectif;Tertiaire;"[""VILLE DE PARIS""]"
bdnb-bg-RE74-3XQ3-TLDZ;93;Rosny-sous-Bois;;;;C;INDETERMINE;INDETERMINE;1.0;7.0;3328;Tertiaire & Autres;Tertiaire;"[""COMMUNE DE ROSNY-SOUS-BOIS""]"
bdnb-bg-REEB-QV5A-AETD;75;Paris 17e Arrondissement;1936.0;;;;BETON - BRIQUES;BETON;3.0;10.0;700;Tertiaire & Autres;Tertiaire;"[""VILLE DE PARIS""]"
bdnb-bg-RFFF-LHN9-M1A9;93;Saint-Denis;1905.0;;;;BRIQUES;AUTRES;2.0;6.0;2905;Résidentiel collectif;Tertiaire;"[""COMMUNE DE SAINT-DENIS""]"
bdnb-bg-RFGN-B6Z4-E9AC;93;Bobigny;2011.0;2011.0;C;;INDETERMINE;INDETERMINE;5.0;17.0;2277;Résidentiel collectif;Résidentiel collectif;"[""LOGIREP"", ""FONDATION COS ALEXANDRE GLASBERG""]"
bdnb-bg-RFJL-SM38-BC3K;75;Paris 5e Arrondissement;2023.0;;;;INDETERMINE;INDETERMINE;4.0;14.0;773;Tertiaire & Autres;Tertiaire;"[""MINISTERE DE L'EDUCATION NATIONALE  DE L'ENSEIGNEMENT SUPERI"", ""ETAT PAR DIRECTION DE L IMMOBILIER DE L ETAT""]"
bdnb-bg-RFNF-CEEW-P3NP;93;Saint-Denis;1914.0;1947.0;;;AGGLOMERE;TUILES;2.0;;4312;Résidentiel individuel;Tertiaire;"[""REGION ILE DE FRANCE""]"
bdnb-bg-RFZC-Q9L7-GGGU;75;Paris 12e Arrondissement;2023.0;;;;INDETERMINE;INDETERMINE;1.0;8.0;760;Tertiaire & Autres;Tertiaire;"[""VILLE DE PARIS""]"
bdnb-bg-RGE1-SE9U-E25S;93;Tremblay-en-France;1972.0;;;;BETON;BETON;3.0;10.0;252;Résidentiel collectif;Tertiaire;"[""REGION ILE DE FRANCE""]"
bdnb-bg-RGGF-SSMB-NA3M;93;Villepinte;;;;;;;;;2305;;Tertiaire;
bdnb-bg-RGZA-5Z48-JTL4;93;Saint-Denis;2014.0;;;;INDETERMINE;INDETERMINE;1.0;9.0;1745;Tertiaire & Autres;Tertiaire;"[""DEPARTEMENT DE LA SEINE SAINT DENIS""]"
bdnb-bg-RH4F-ENNL-KXCS;93;Villepinte;1973.0;;E;;BETON;BETON;3.0;5.0;5566;Résidentiel collectif;Tertiaire;"[""COMMUNE DE VILLEPINTE""]"
bdnb-bg-RJHB-XD73-8CJ4;75;Paris 17e Arrondissement;1989.0;;;;INDETERMINE;INDETERMINE;2.0;9.0;1095;Tertiaire & Autres;Tertiaire;"[""VILLE DE PARIS"", ""SOCIETE NATIONALE SNCF""]"
bdnb-bg-RJLN-CT6V-N66P;93;Saint-Denis;;;;;;;;;310;;Tertiaire;
bdnb-bg-RK9H-UZ96-FUHJ;93;Sevran;;;;;AUTRES;TUILES;1.0;8.0;6168;Tertiaire & Autres;Tertiaire;"[""REGION ILE DE FRANCE""]"
bdnb-bg-RL6Y-AV8N-8459;93;Rosny-sous-Bois;1964.0;;;;BETON;BETON;2.0;7.0;5026;Résidentiel collectif;Tertiaire;"[""COMMUNE DE ROSNY-SOUS-BOIS""]"
bdnb-bg-RQNK-RLEH-6DML;75;Paris 13e Arrondissement;2021.0;2023.0;B;;INDETERMINE;INDETERMINE;1.0;9.0;2323;Tertiaire & Autres;Tertiaire;"[""SNCF VOYAGEURS""]"
bdnb-bg-RS6Z-7FYR-E7FT;75;Paris 18e Arrondissement;2023.0;;;;INDETERMINE;INDETERMINE;1.0;8.0;985;Tertiaire & Autres;Tertiaire;"[""VILLE DE PARIS""]"
bdnb-bg-RTVR-2T78-DBNS;75;Paris 20e Arrondissement;2024.0;;;;INDETERMINE;INDETERMINE;4.0;15.0;1868;Tertiaire & Autres;Tertiaire;"[""VILLE DE PARIS""]"
bdnb-bg-RVC9-MM2U-QDQ3;93;Neuilly-sur-Marne;2010.0;2019.0;B;;INDETERMINE;INDETERMINE;4.0;6.0;18889;Tertiaire & Autres;Tertiaire;"[""COMMUNE DE NEUILLY S-MARNE"", ""ORANGE""]"
bdnb-bg-RW3N-HYC1-FHGG;93;Aubervilliers;1850.0;;;;PIERRE;TUILES;2.0;10.0;101;Résidentiel individuel;Résidentiel individuel;
bdnb-bg-RWN5-V7H3-PL4Z;93;La Courneuve;1991.0;;;;INDETERMINE;INDETERMINE;1.0;5.0;2647;Résidentiel collectif;Tertiaire;"[""REGION ILE DE FRANCE""]"
bdnb-bg-RX63-U7WF-2J9U;93;Saint-Denis;1950.0;;;;INDETERMINE;INDETERMINE;1.0;8.0;1081;Tertiaire & Autres;Tertiaire;"[""COMMUNE DE SAINT-DENIS""]"
bdnb-bg-RXQ2-YZDF-LPJF;93;Neuilly-Plaisance;2008.0;;E;;INDETERMINE;INDETERMINE;3.0;7.0;6369;Tertiaire & Autres;Tertiaire;"[""COMMUNE DE NEUILLY PLAISANCE""]"
bdnb-bg-RZBM-ZJYQ-3VXR;75;Paris 17e Arrondissement;1986.0;;;;BETON;BETON;2.0;8.0;862;Tertiaire & Autres;Tertiaire;"[""VILLE DE PARIS""]"
bdnb-bg-S17A-EHCQ-TERS;75;Paris 12e Arrondissement;;;;;;;;15.0;957;;Tertiaire;
bdnb-bg-S1MJ-K349-BWQT;93;Pantin;1984.0;;;C;INDETERMINE;INDETERMINE;1.0;8.0;1469;Résidentiel individuel;Tertiaire;"[""COMMUNE DE PANTIN""]"
bdnb-bg-S1V8-2XWB-WSL3;93;Sevran;;;;;;;;4.0;3094;;Tertiaire;
bdnb-bg-S39P-Z8QE-778Y;75;Paris 10e Arrondissement;;;D;F;PIERRE;ZINC ALUMINIUM;7.0;21.0;133;Résidentiel collectif;Résidentiel collectif;"[""VILLE DE PARIS"", ""SCI CHABOU"", ""REALISATIONS IMMOBILIERES"", ""SABRE""]"
bdnb-bg-S3VV-TVKH-KPUY;75;Paris 7e Arrondissement;1882.0;;;;PIERRE;TUILES;4.0;19.0;748;Résidentiel collectif;Tertiaire;"[""VILLE DE PARIS""]"
bdnb-bg-S4FH-75WP-EJHW;75;Paris 5e Arrondissement;2021.0;1960.0;E;;INDETERMINE;INDETERMINE;4.0;9.0;2239;Tertiaire & Autres;Tertiaire;"[""MINISTERE DE L'EDUCATION NATIONALE  DE L'ENSEIGNEMENT SUPERI"", ""ETAT PAR DIRECTION DE L IMMOBILIER DE L ETAT""]"
bdnb-bg-S588-AWFP-MHSL;93;Noisy-le-Grand;1992.0;;;;AUTRES;TUILES;1.0;11.0;125;Résidentiel individuel;Tertiaire;"[""REGION ILE DE FRANCE""]"
bdnb-bg-S59N-LVXS-DYW1;75;Paris 11e Arrondissement;2023.0;;D;;INDETERMINE;INDETERMINE;4.0;15.0;1724;Tertiaire & Autres;Tertiaire;"[""VILLE DE PARIS""]"
bdnb-bg-S5J4-TRUM-VRR8;93;Saint-Denis;;;;;INDETERMINE;INDETERMINE;1.0;8.0;17815;Tertiaire & Autres;Tertiaire;"[""DEPARTEMENT DE LA SEINE SAINT DENIS"", ""PLAINE COMMUNE ENERGIE"", ""COMMUNE DE SAINT-DENIS""]"
bdnb-bg-S7A7-2PR7-YNKW;93;Montfermeil;1956.0;1974.0;;C;BETON;TUILES;2.0;5.0;911;Résidentiel individuel;Tertiaire;"[""COMMUNE DE MONTFERMEIL""]"
bdnb-bg-S8B1-MTQE-6AXN;75;Paris 17e Arrondissement;2003.0;;;;AGGLOMERE;ZINC ALUMINIUM;4.0;12.0;793;Résidentiel individuel;Résidentiel individuel;"[""ASSOCIATION DIOCESAINE PARIS""]"
bdnb-bg-S8GV-VZ35-JHS4;75;Paris 18e Arrondissement;1864.0;;;;BRIQUES - PIERRE;TUILES;2.0;9.0;1737;Tertiaire & Autres;Tertiaire;"[""VILLE DE PARIS""]"
bdnb-bg-SBS1-AMFD-28TW;75;Paris 17e Arrondissement;1990.0;;;;INDETERMINE;INDETERMINE;1.0;13.0;917;Tertiaire & Autres;Tertiaire;"[""VILLE DE PARIS"", ""FONDS SOCIAL JUIF UNIFIE""]"
bdnb-bg-SCMJ-9T4D-9FML;75;Paris 9e Arrondissement;1880.0;;;;INDETERMINE;BETON;5.0;19.0;3154;Résidentiel collectif;Tertiaire;"[""DIRECTION DES SERVICES DEPARTEMENTAUX DE L EDUCATION NATIONA"", ""ENEDIS"", ""ERDF AGENCE COMPTABLE TULLE""]"
bdnb-bg-SDJQ-CCZJ-5VKQ;75;Paris 19e Arrondissement;2023.0;;;;BETON;INDETERMINE;5.0;6.0;1997;Tertiaire & Autres;Tertiaire;"[""VILLE DE PARIS""]"
bdnb-bg-SDUE-7QES-GGZB;75;Paris 18e Arrondissement;1894.0;;D;;AUTRES;TUILES;3.0;6.0;233;Tertiaire & Autres;Tertiaire;"[""SCI JANIEL""]"
bdnb-bg-SF8T-LP9N-9BAU;75;Paris 14e Arrondissement;1965.0;;;;BRIQUES;ZINC ALUMINIUM;2.0;9.0;865;Résidentiel collectif;Tertiaire;"[""VILLE DE PARIS""]"
bdnb-bg-SHKW-BR1H-19A9;93;Sevran;1985.0;;;;INDETERMINE;INDETERMINE;1.0;8.0;3069;Résidentiel collectif;Tertiaire;"[""DEPARTEMENT DE LA SEINE SAINT DENIS""]"
bdnb-bg-SKCD-T3SB-B8GQ;93;Épinay-sur-Seine;;;;;;;;8.0;2124;;Tertiaire;
bdnb-bg-SN8W-BSZF-1Z5S;75;Paris 20e Arrondissement;2024.0;;;;INDETERMINE;INDETERMINE;2.0;10.0;1094;Tertiaire & Autres;Tertiaire;"[""VILLE DE PARIS""]"
bdnb-bg-SNS7-UWU4-G9PA;93;Le Raincy;2010.0;;;B;INDETERMINE;INDETERMINE;1.0;12.0;305;Résidentiel individuel;Tertiaire;"[""COMMUNE LE RAINCY""]"
bdnb-bg-SR3N-TRRX-2NE1;93;Rosny-sous-Bois;1956.0;;;D;BETON - PIERRE;TUILES;2.0;7.0;4490;Tertiaire & Autres;Tertiaire;"[""COMMUNE DE ROSNY-SOUS-BOIS""]"
bdnb-bg-SRWM-93MC-LW6F;93;Romainville;2012.0;;;;INDETERMINE;INDETERMINE;1.0;7.0;4532;Tertiaire & Autres;Tertiaire;"[""COMMUNE DE ROMAINVILLE""]"
bdnb-bg-SSY4-6X77-U297;75;Paris 12e Arrondissement;;;;;INDETERMINE;INDETERMINE;2.0;7.0;2162;Tertiaire & Autres;Tertiaire;"[""VILLE DE PARIS""]"
bdnb-bg-ST3H-CEDL-7K92;75;Paris 17e Arrondissement;1938.0;;;;BRIQUES;BETON;3.0;8.0;163;Tertiaire & Autres;Tertiaire;"[""VILLE DE PARIS""]"
bdnb-bg-STLE-SGGS-RXAD;93;Montfermeil;1978.0;;;;BETON;BETON;3.0;4.0;693;Résidentiel collectif;Tertiaire;"[""DEPARTEMENT DE LA SEINE SAINT DENIS""]"
bdnb-bg-SV42-R8X5-Z25M;75;Paris 12e Arrondissement;1920.0;;;C;BRIQUES;TUILES;4.0;8.0;3280;Résidentiel collectif;Tertiaire;"[""VILLE DE PARIS"", ""ENEDIS""]"
bdnb-bg-SXFC-624E-K3VC;93;Stains;1899.0;;;;BRIQUES;TUILES;2.0;8.0;3397;Tertiaire & Autres;Tertiaire;"[""DEPARTEMENT DE LA SEINE SAINT DENIS""]"
bdnb-bg-SYFB-L3KT-QE2G;93;Livry-Gargan;;;;;;;;;539;;Tertiaire;
bdnb-bg-SYR1-U8NM-S4V6;93;Aulnay-sous-Bois;2001.0;;C;C;INDETERMINE;INDETERMINE;2.0;6.0;21066;Tertiaire & Autres;Tertiaire;"[""COMMUNE DE SEVRAN"", ""DEPARTEMENT DE LA SEINE SAINT DENIS""]"
bdnb-bg-SYVF-AYPK-5RJQ;93;Le Blanc-Mesnil;1962.0;;;;BETON;BETON;3.0;8.0;6493;Résidentiel collectif;Tertiaire;"[""COMMUNE DE DUGNY""]"
bdnb-bg-SZJA-CQ69-KE2S;75;Paris 13e Arrondissement;;;D;;BETON;ZINC ALUMINIUM;2.0;7.0;2487;Résidentiel collectif;Tertiaire;"[""VILLE DE PARIS""]"
bdnb-bg-T3S9-XPB3-S6GF;75;Paris 15e Arrondissement;1910.0;;;;AGGLOMERE;ZINC ALUMINIUM;4.0;11.0;1814;Résidentiel collectif;Tertiaire;"[""VILLE DE PARIS""]"
bdnb-bg-T4CS-4KSA-QZBJ;93;Villetaneuse;;;;C;;;;7.0;2284;;Tertiaire;
bdnb-bg-T87A-TEU2-C4TT;93;Bagnolet;;;;;;;;11.0;2553;;Tertiaire;
bdnb-bg-T9EG-13LP-ZPZP;93;Pantin;1968.0;;;;BRIQUES;TUILES;2.0;17.0;4860;Résidentiel collectif;Tertiaire;"[""COMMUNE DE PANTIN""]"
bdnb-bg-T9FR-3Q9L-6TCA;93;Villepinte;1995.0;;;;AUTRES;TUILES;2.0;3.0;3508;Tertiaire & Autres;Tertiaire;"[""COMMUNE DE VILLEPINTE""]"
bdnb-bg-T9GC-7XPL-NJG8;75;Paris 15e Arrondissement;1983.0;;;;AGGLOMERE - PIERRE;BETON - AUTRES;2.0;8.0;6321;Tertiaire & Autres;Tertiaire;"[""VILLE DE PARIS"", ""ENEDIS""]"
bdnb-bg-T9WR-Q3Q4-5QHD;93;La Courneuve;;1970.0;D;;;;;6.0;7479;;Tertiaire;
bdnb-bg-TAC7-THZC-XL9L;75;Paris 14e Arrondissement;2000.0;1947.0;;;INDETERMINE;INDETERMINE;1.0;8.0;1482;Résidentiel collectif;Tertiaire;"[""VILLE DE PARIS""]"
bdnb-bg-TAKC-HBFP-RFKL;75;Paris 13e Arrondissement;1984.0;;;;BETON;BETON;2.0;6.0;687;Tertiaire & Autres;Tertiaire;"[""VILLE DE PARIS""]"
bdnb-bg-TBJN-3XE2-TY8F;93;Aubervilliers;2007.0;;;;INDETERMINE;INDETERMINE;1.0;10.0;1443;Tertiaire & Autres;Tertiaire;"[""COMMUNE DE SAINT-DENIS""]"
bdnb-bg-TC8V-1XLN-F1TS;93;Villepinte;;;;;;;;7.0;2470;;Tertiaire;
bdnb-bg-TCJ7-F35H-JYZD;93;Tremblay-en-France;1935.0;1930.0;F;;BRIQUES - MEULIERE;TUILES;4.0;6.0;1913;Résidentiel collectif;Tertiaire;"[""COMMUNE DE TREMBLAY EN FRANCE""]"
bdnb-bg-TD9Z-MN19-FLCA;75;Paris 7e Arrondissement;1895.0;;;;PIERRE;ZINC ALUMINIUM;4.0;14.0;1438;Résidentiel collectif;Tertiaire;"[""VILLE DE PARIS""]"
bdnb-bg-TDT1-1QDY-N5AD;93;Noisy-le-Grand;1992.0;;;;BETON;BETON;4.0;12.0;4045;Résidentiel collectif;Tertiaire;"[""REGION ILE DE FRANCE""]"
bdnb-bg-TEJL-CGWZ-FC8G;93;Clichy-sous-Bois;1960.0;;;D;BRIQUES;TUILES;2.0;5.0;980;Résidentiel collectif;Tertiaire;"[""COMMUNE DE CLICHY-SOUS-BOIS""]"
bdnb-bg-TFBU-U5DG-FU4H;93;Saint-Ouen-sur-Seine;2009.0;;;;INDETERMINE;INDETERMINE;2.0;14.0;2229;Tertiaire & Autres;Tertiaire;"[""COMMUNE DE ST OUEN-SUR-SEINE""]"
bdnb-bg-TFGW-LZX3-FZTK;93;Drancy;2017.0;;;;INDETERMINE;INDETERMINE;1.0;5.0;3555;Tertiaire & Autres;Tertiaire;"[""COMMUNE DE DRANCY""]"
bdnb-bg-TJ8W-43YX-XYKW;93;Villepinte;;;;;;;;2.0;1605;;Tertiaire;
bdnb-bg-TJMX-3LBR-AKN2;75;Paris 8e Arrondissement;1887.0;;;;PIERRE;ZINC ALUMINIUM;5.0;22.0;1260;Résidentiel collectif;Tertiaire;"[""REGION ILE DE FRANCE""]"
bdnb-bg-TL59-8PUK-3RQS;93;Saint-Ouen-sur-Seine;2016.0;;;;INDETERMINE;INDETERMINE;1.0;35.0;2772;Tertiaire & Autres;Tertiaire;"[""COMMUNE DE ST OUEN-SUR-SEINE""]"
bdnb-bg-TLMC-8RE6-9E2Y;93;Livry-Gargan;2004.0;;;;INDETERMINE;INDETERMINE;4.0;8.0;4221;Tertiaire & Autres;Tertiaire;"[""COMMUNE DE LIVRY GARGAN""]"
bdnb-bg-TLSZ-SFFF-H8QM;75;Paris 2e Arrondissement;1878.0;;;;PIERRE;ARDOISES;4.0;15.0;908;Tertiaire & Autres;Tertiaire;"[""VILLE DE PARIS""]"
bdnb-bg-TN2B-SK9W-FNW8;75;Paris 5e Arrondissement;1905.0;;;;PIERRE;TUILES;4.0;9.0;1159;Résidentiel collectif;Tertiaire;"[""MINISTERE DE L'EDUCATION NATIONALE  DE L'ENSEIGNEMENT SUPERI"", ""ETAT PAR DIRECTION DE L IMMOBILIER DE L ETAT""]"
bdnb-bg-TPJ7-AV37-T995;93;Aulnay-sous-Bois;;;;;;;;5.0;565;;Tertiaire;
bdnb-bg-TPRB-3UBE-ZTGJ;93;Montreuil;;;;;;;;6.0;927;;Tertiaire;
bdnb-bg-TQ22-RHZQ-EEGR;75;Paris 15e Arrondissement;1907.0;;F;;BOIS - BRIQUES;ZINC ALUMINIUM;7.0;16.0;276;Résidentiel collectif;Résidentiel collectif;"[""PIERRE ET GESTION"", ""AEW PARIS COMMERCES"", ""T G M H"", ""SCI LE SAINT CERGUES"", ""SOCIETE DE GERANCE DE PASSY"", ""SCI FAMILIALE DUPUIS"", ""S C I  DES EYMES"", ""LA CASA""]"
bdnb-bg-TQP5-C6VG-XW6E;93;Noisy-le-Sec;1963.0;;;;BRIQUES;TUILES;2.0;4.0;879;Résidentiel collectif;Tertiaire;"[""COMMUNE DE NOISY LE SEC""]"
bdnb-bg-TR8L-9B2C-H2YE;75;Paris 17e Arrondissement;2015.0;;;;INDETERMINE;INDETERMINE;3.0;19.0;3026;Tertiaire & Autres;Tertiaire;"[""VILLE DE PARIS""]"
bdnb-bg-TT3C-U1VE-X77J;93;Montreuil;;;;;;;;8.0;2550;;Tertiaire;
bdnb-bg-TW2H-1NEX-Y2G9;93;Le Bourget;1920.0;;;;BRIQUES;BETON;2.0;9.0;2424;Résidentiel collectif;Tertiaire;"[""REGION ILE DE FRANCE""]"
bdnb-bg-TWKD-1KRN-59TY;93;Le Blanc-Mesnil;2000.0;;;G;INDETERMINE;INDETERMINE;1.0;9.0;5819;Tertiaire & Autres;Tertiaire;"[""COMMUNE DE DUGNY""]"
bdnb-bg-TX16-217C-1FXW;93;Tremblay-en-France;1926.0;;;;BETON - PIERRE;TUILES;2.0;3.0;102;Résidentiel individuel;Résidentiel individuel;
bdnb-bg-TX2L-BY8V-23ZK;75;Paris 18e Arrondissement;1955.0;;E;;BRIQUES - PIERRE;TUILES;4.0;21.0;1044;Tertiaire & Autres;Tertiaire;"[""VILLE DE PARIS""]"
bdnb-bg-TXQN-3BAT-VEE7;93;Les Lilas;;;;;INDETERMINE;INDETERMINE;1.0;11.0;1317;Tertiaire & Autres;Tertiaire;"[""COMMUNE DES LILAS""]"
bdnb-bg-TYLE-DL72-FCRN;93;Sevran;2011.0;;;B;INDETERMINE;INDETERMINE;1.0;4.0;1422;Tertiaire & Autres;Tertiaire;"[""COMMUNE DE SEVRAN""]"
bdnb-bg-TZK4-R3CS-4GGJ;75;Paris 12e Arrondissement;2001.0;;;;AUTRES;TUILES;1.0;6.0;1552;Résidentiel collectif;Tertiaire;"[""VILLE DE PARIS""]"
bdnb-bg-U1N4-28Z7-KAMZ;93;Drancy;2007.0;;;;INDETERMINE;INDETERMINE;1.0;11.0;2606;Tertiaire & Autres;Tertiaire;"[""COMMUNE DE DRANCY""]"
bdnb-bg-U245-D3ML-N5DJ;75;Paris 17e Arrondissement;1900.0;;;;BRIQUES - PIERRE;ZINC ALUMINIUM;5.0;14.0;6858;Résidentiel collectif;Tertiaire;"[""VILLE DE PARIS""]"
bdnb-bg-U2AM-EKMJ-XDUX;75;Paris 11e Arrondissement;1986.0;1986.0;D;;BETON;BETON;7.0;9.0;1377;Résidentiel collectif;Tertiaire;"[""VILLE DE PARIS"", ""ASSISTANCE PUBLIQUE HOPITAUX DE PARIS"", ""REGIE IMMOBILIERE DE LA VILLE DE PARIS""]"
bdnb-bg-U2DT-15XV-WCH9;93;Montreuil;;;;;;;;4.0;1675;;Tertiaire;
bdnb-bg-U2FG-NLAM-37GG;93;Montreuil;;;;;;;;6.0;889;;Tertiaire;
bdnb-bg-U426-TV4X-PBTD;93;Drancy;;;;C;;;;13.0;1957;;Tertiaire;
bdnb-bg-U68J-KGZA-CYBC;93;Saint-Denis;;;;;;;;9.0;4695;;Tertiaire;
bdnb-bg-U6CG-T3B6-VUS8;75;Paris 19e Arrondissement;2023.0;;;;INDETERMINE;INDETERMINE;3.0;8.0;2708;Tertiaire & Autres;Tertiaire;"[""VILLE DE PARIS"", ""REGIE AUTONOME DES TRANSPORTS PARISIENS""]"
bdnb-bg-UAUF-Q9HD-23GT;93;Noisy-le-Sec;;;;;INDETERMINE;INDETERMINE;1.0;2.0;145;Tertiaire & Autres;Tertiaire;
bdnb-bg-UAZU-RWNQ-NRQE;93;Le Blanc-Mesnil;1991.0;;;;INDETERMINE;INDETERMINE;2.0;9.0;3199;Résidentiel collectif;Tertiaire;"[""REGION ILE DE FRANCE""]"
bdnb-bg-UB5T-57ZQ-472U;75;Paris 12e Arrondissement;1890.0;;;;BRIQUES;TUILES;4.0;9.0;912;Résidentiel collectif;Tertiaire;"[""VILLE DE PARIS"", ""ENEDIS""]"
bdnb-bg-UBMU-HEVG-NVYL;75;Paris 10e Arrondissement;;;;;INDETERMINE;INDETERMINE;4.0;22.0;870;Résidentiel collectif;Tertiaire;"[""VILLE DE PARIS""]"
bdnb-bg-UCM9-QGHB-4N3Z;93;Aulnay-sous-Bois;1933.0;;;;BRIQUES;TUILES;3.0;9.0;1236;Résidentiel collectif;Tertiaire;"[""COMMUNE DE SEVRAN""]"
bdnb-bg-UDK9-9ZVY-8VRY;93;Rosny-sous-Bois;2020.0;;;;INDETERMINE;INDETERMINE;1.0;8.0;1538;Tertiaire & Autres;Tertiaire;"[""COMMUNE DE ROSNY-SOUS-BOIS""]"
bdnb-bg-UDSA-ZEMT-7JYM;93;Livry-Gargan;1910.0;;;;AGGLOMERE;TUILES;2.0;;1916;Résidentiel individuel;Tertiaire;"[""COMMUNE DE LIVRY GARGAN""]"
bdnb-bg-UF38-LCGF-MGV1;93;La Courneuve;2000.0;1970.0;D;;BETON;INDETERMINE;2.0;9.0;7116;Tertiaire & Autres;Tertiaire;"[""COMMUNE DE LA COURNEUVE""]"
bdnb-bg-UF8C-HK7W-5G9K;75;Paris 20e Arrondissement;2024.0;;;;INDETERMINE;INDETERMINE;4.0;13.0;902;Tertiaire & Autres;Tertiaire;"[""VILLE DE PARIS""]"
bdnb-bg-UFD4-8WYB-6K6E;93;Livry-Gargan;1930.0;;;;BRIQUES - MEULIERE;TUILES;4.0;14.0;960;Résidentiel collectif;Tertiaire;"[""COMMUNE DE LIVRY GARGAN""]"
bdnb-bg-UG1W-HCWC-7LYK;93;Tremblay-en-France;2004.0;;;;INDETERMINE;INDETERMINE;1.0;10.0;1894;Tertiaire & Autres;Tertiaire;"[""COMMUNE DE TREMBLAY EN FRANCE""]"
bdnb-bg-UGJM-V7MB-2UUL;93;Clichy-sous-Bois;;;;;;;;3.0;1196;;Tertiaire;
bdnb-bg-UL5R-M766-C8QG;75;Paris 18e Arrondissement;1992.0;;;;INDETERMINE;INDETERMINE;3.0;18.0;901;Tertiaire & Autres;Tertiaire;"[""VILLE DE PARIS""]"
bdnb-bg-UL6E-8EBK-Y1XV;93;Gagny;;;;;INDETERMINE;INDETERMINE;1.0;7.0;1628;Tertiaire & Autres;Tertiaire;"[""COMMUNE DE GAGNY""]"
bdnb-bg-ULYM-2X9V-G4KT;93;Sevran;1950.0;;;;AGGLOMERE;BETON;3.0;7.0;1053;Résidentiel collectif;Tertiaire;"[""COMMUNE DE SEVRAN""]"
bdnb-bg-UM3F-KKLS-HB3B;75;Paris 14e Arrondissement;2018.0;;;;INDETERMINE;INDETERMINE;1.0;6.0;1062;Tertiaire & Autres;Tertiaire;"[""VILLE DE PARIS""]"
bdnb-bg-UM76-NBS8-8S53;93;Noisy-le-Sec;1914.0;;;;BRIQUES - MEULIERE;TUILES;4.0;8.0;3128;Tertiaire & Autres;Tertiaire;"[""COMMUNE DE NOISY LE SEC""]"
bdnb-bg-UN6Y-TA6Q-34M1;93;Montreuil;;;;;;;;11.0;617;;Tertiaire;
bdnb-bg-UQ2Q-2WVU-B1C9;75;Paris 18e Arrondissement;1950.0;;;;INDETERMINE;INDETERMINE;4.0;9.0;720;Tertiaire & Autres;Tertiaire;"[""VILLE DE PARIS""]"
bdnb-bg-URQW-1368-569K;93;Montreuil;2014.0;;;;INDETERMINE;INDETERMINE;5.0;19.0;5344;Résidentiel collectif;Tertiaire;"[""DEPARTEMENT DE LA SEINE SAINT DENIS""]"
bdnb-bg-URZ6-8Z9M-DLKB;75;Paris 15e Arrondissement;1996.0;;E;;INDETERMINE;INDETERMINE;3.0;11.0;1470;Tertiaire & Autres;Tertiaire;"[""VILLE DE PARIS""]"
bdnb-bg-UT59-H8RL-BRP9;93;Gagny;1957.0;;;;BETON - BRIQUES;ZINC ALUMINIUM;2.0;7.0;3685;Résidentiel collectif;Tertiaire;"[""COMMUNE DE GAGNY""]"
bdnb-bg-UU8M-LWLY-VT3P;93;Pantin;;;;C;BETON - AUTRES;AUTRES;3.0;5.0;7608;Tertiaire & Autres;Tertiaire;"[""COMMUNE DE PANTIN""]"
bdnb-bg-UUXR-GBEA-1N22;75;Paris 20e Arrondissement;1992.0;;;;INDETERMINE;INDETERMINE;2.0;14.0;1056;Tertiaire & Autres;Tertiaire;"[""VILLE DE PARIS""]"
bdnb-bg-UVR7-KM74-AP57;93;Gagny;2008.0;;;;INDETERMINE;INDETERMINE;1.0;7.0;247;Tertiaire & Autres;Tertiaire;"[""REGION ILE DE FRANCE""]"
bdnb-bg-UWGW-WSF9-3ASE;75;Paris 19e Arrondissement;2023.0;;;;INDETERMINE;INDETERMINE;1.0;6.0;933;Tertiaire & Autres;Tertiaire;"[""VILLE DE PARIS""]"
bdnb-bg-UWV1-FVEP-7THM;93;Villemomble;1961.0;;;;BETON;BETON;4.0;10.0;2933;Résidentiel collectif;Tertiaire;"[""COMMUNE DE VILLEMOMBLE""]"
bdnb-bg-UZAG-WVD8-PXXR;75;Paris 18e Arrondissement;1969.0;;;;AGGLOMERE;TUILES;5.0;15.0;730;Résidentiel collectif;Tertiaire;"[""REGION ILE DE FRANCE""]"
bdnb-bg-UZF9-GGXU-T1E8;93;Aubervilliers;1958.0;;;;BETON;TUILES;9.0;13.0;6472;Résidentiel collectif;Tertiaire;"[""OFFICE PUBLIC HABITAT""]"
bdnb-bg-UZKP-27LM-5X87;93;Gagny;2000.0;;;C;AUTRES;BETON;4.0;11.0;5181;Tertiaire & Autres;Tertiaire;"[""DEPARTEMENT DE LA SEINE SAINT DENIS""]"
bdnb-bg-V1DX-BFU8-SCH1;93;Noisy-le-Grand;2004.0;;;A;BETON;TUILES;1.0;11.0;2841;Tertiaire & Autres;Tertiaire;"[""DEPARTEMENT DE LA SEINE SAINT DENIS""]"
bdnb-bg-V3FY-1AJS-5N25;93;Saint-Denis;1974.0;;;;BETON;BETON;4.0;14.0;5497;Résidentiel collectif;Tertiaire;"[""COMMUNE DE SAINT-DENIS""]"
bdnb-bg-V4LS-ZBTD-ZLGT;93;Bondy;1930.0;;;C;MEULIERE;TUILES;2.0;4.0;4575;Tertiaire & Autres;Tertiaire;"[""COMMUNE DE BONDY""]"
bdnb-bg-V58A-3MZM-YNZF;93;Sevran;;;;;INDETERMINE;INDETERMINE;1.0;10.0;792;Tertiaire & Autres;Tertiaire;"[""COMMUNE DE SEVRAN""]"
bdnb-bg-V5GF-EBYV-QBUP;93;Coubron;1935.0;;;;BRIQUES;TUILES;2.0;6.0;502;Résidentiel collectif;Tertiaire;"[""COMMUNE DE COUBRON""]"
bdnb-bg-V6YN-52R8-ZTMP;75;Paris 14e Arrondissement;1898.0;;;;MEULIERE;ZINC ALUMINIUM;2.0;10.0;645;Résidentiel collectif;Tertiaire;"[""VILLE DE PARIS""]"
bdnb-bg-V93S-FAYW-VRAD;93;Livry-Gargan;;;;;;;;10.0;254;;Tertiaire;
bdnb-bg-V9MF-FQTF-664Y;75;Paris 13e Arrondissement;2022.0;;;;INDETERMINE;INDETERMINE;4.0;6.0;3123;Tertiaire & Autres;Tertiaire;"[""VILLE DE PARIS""]"
bdnb-bg-V9QB-KSES-59NY;75;Paris 9e Arrondissement;1994.0;;D;;BRIQUES - MEULIERE;INDETERMINE;6.0;20.0;1545;Tertiaire & Autres;Tertiaire;"[""VILLE DE PARIS"", ""PARIS HABITAT-OPH""]"
bdnb-bg-VANG-7517-SJ5A;75;Paris 17e Arrondissement;2013.0;;;;INDETERMINE;INDETERMINE;10.0;16.0;1819;Résidentiel collectif;Tertiaire;"[""VILLE DE PARIS"", ""REGIE IMMOBILIERE DE LA VILLE DE PARIS""]"
bdnb-bg-VAUR-YJSD-5A19;75;Paris 13e Arrondissement;1900.0;;;;BETON;TUILES;4.0;9.0;2157;Tertiaire & Autres;Tertiaire;"[""ASSISTANCE PUBLIQUE HOPITAUX DE PARIS"", ""SERVICE LOGEMENT DE L'AP-HP""]"
bdnb-bg-VAZF-UTLS-PV34;93;Saint-Ouen-sur-Seine;1991.0;;;;INDETERMINE;INDETERMINE;1.0;13.0;1258;Tertiaire & Autres;Tertiaire;"[""COMMUNE DE ST OUEN-SUR-SEINE""]"
bdnb-bg-VBKK-8696-B93T;75;Paris 18e Arrondissement;1850.0;;E;;BRIQUES;TUILES;2.0;16.0;1690;Tertiaire & Autres;Tertiaire;"[""VILLE DE PARIS""]"
bdnb-bg-VCQR-UJC9-H2SL;93;Rosny-sous-Bois;1978.0;;;B;BETON;BETON;3.0;9.0;3315;Tertiaire & Autres;Tertiaire;"[""COMMUNE DE ROSNY-SOUS-BOIS""]"
bdnb-bg-VD2L-RKE4-GPSS;93;Villemomble;2001.0;;;;AGGLOMERE;AUTRES;2.0;7.0;1208;Tertiaire & Autres;Tertiaire;"[""COMMUNE DE VILLEMOMBLE""]"
bdnb-bg-VDW5-NUB2-WLT8;93;Saint-Denis;2020.0;;;;BRIQUES;TUILES;4.0;8.0;5571;Tertiaire & Autres;Tertiaire;"[""COMMUNE DE SAINT-DENIS""]"
bdnb-bg-VDZS-VAP6-EFZX;93;Bobigny;1970.0;;;;AGGLOMERE - BRIQUES;ZINC ALUMINIUM;2.0;8.0;3158;Tertiaire & Autres;Tertiaire;"[""COMMUNE DE BOBIGNY""]"
bdnb-bg-VF49-V795-DV48;93;Gagny;;1978.0;F;;INDETERMINE;INDETERMINE;1.0;7.0;2547;Tertiaire & Autres;Tertiaire;"[""COMMUNE DE GAGNY""]"
bdnb-bg-VFJT-VPHU-AJQ6;75;Paris 3e Arrondissement;1880.0;;;;BRIQUES - PIERRE;TUILES;4.0;17.0;597;Tertiaire & Autres;Tertiaire;"[""VILLE DE PARIS"", ""ENEDIS""]"
bdnb-bg-VGK6-8SKB-MWLX;75;Paris 14e Arrondissement;1897.0;;;;BRIQUES;ARDOISES;4.0;14.0;646;Résidentiel collectif;Tertiaire;"[""LYCEE GENERAL ET TECHNOLOGIQUE PAUL BERT"", ""VILLE DE PARIS""]"
bdnb-bg-VH1H-TQ1E-BZXF;75;Paris 10e Arrondissement;1998.0;;;;BETON - PIERRE;TUILES;6.0;14.0;681;Tertiaire & Autres;Tertiaire;"[""VILLE DE PARIS""]"
bdnb-bg-VH8R-VFN4-SSZM;93;Livry-Gargan;1976.0;;;;BETON - AUTRES;ZINC ALUMINIUM;2.0;6.0;2711;Résidentiel collectif;Tertiaire;"[""COMMUNE DE LIVRY GARGAN""]"
bdnb-bg-VJG5-LWDZ-G9XS;75;Paris 14e Arrondissement;1995.0;;;;BETON;BETON;5.0;8.0;5573;Tertiaire & Autres;Tertiaire;"[""LYCEE POLYVALENT RASPAIL"", ""REGION ILE DE FRANCE""]"
bdnb-bg-VJXY-XWM3-HSEF;75;Paris 19e Arrondissement;2023.0;;;;INDETERMINE;INDETERMINE;4.0;7.0;2458;Tertiaire & Autres;Tertiaire;"[""VILLE DE PARIS""]"
bdnb-bg-VKUS-2NBS-Y6P7;93;Clichy-sous-Bois;;;;;;;;9.0;1041;;Tertiaire;
bdnb-bg-VM6M-4Z9Q-QN7Y;75;Paris 11e Arrondissement;1960.0;;;;BETON;BETON;4.0;12.0;1467;Résidentiel collectif;Tertiaire;"[""VILLE DE PARIS""]"
bdnb-bg-VNKA-VTQZ-785G;75;Paris 20e Arrondissement;1985.0;1955.0;E;;BETON;ARDOISES;2.0;7.0;1116;Tertiaire & Autres;Tertiaire;"[""VILLE DE PARIS""]"
bdnb-bg-VPU4-FAHV-TUV2;93;Montfermeil;;;;;;;;8.0;1580;;Tertiaire;
bdnb-bg-VPW9-QL9H-HYUG;75;Paris 16e Arrondissement;2023.0;;;;INDETERMINE;INDETERMINE;2.0;7.0;888;Tertiaire & Autres;Tertiaire;"[""VILLE DE PARIS""]"
bdnb-bg-VQJA-J89C-AHKB;75;Paris 17e Arrondissement;2023.0;;;;BRIQUES;BETON;4.0;20.0;944;Tertiaire & Autres;Tertiaire;"[""VILLE DE PARIS""]"
bdnb-bg-VS4F-9WGV-3Q9H;93;Saint-Denis;;;;;;;;5.0;1329;;Tertiaire;
bdnb-bg-VS76-299C-Q2Q2;75;Paris 3e Arrondissement;;;;;;;;13.0;494;;Tertiaire;
bdnb-bg-VU4Z-WTFH-BRBD;93;Le Blanc-Mesnil;1958.0;;;;BRIQUES;BETON;4.0;12.0;2331;Tertiaire & Autres;Tertiaire;"[""COMMUNE DE DUGNY""]"
bdnb-bg-VU97-2NB7-Y6XM;75;Paris 2e Arrondissement;1850.0;;E;;BRIQUES - PIERRE;ZINC ALUMINIUM;2.0;13.0;792;Tertiaire & Autres;Tertiaire;"[""VILLE DE PARIS""]"
bdnb-bg-VUBQ-F4RF-DGXG;75;Paris 19e Arrondissement;2018.0;;;;INDETERMINE;INDETERMINE;4.0;20.0;5382;Tertiaire & Autres;Tertiaire;"[""VILLE DE PARIS""]"
bdnb-bg-VUEZ-VAVW-G8KE;75;Paris 9e Arrondissement;2023.0;;;;INDETERMINE;INDETERMINE;3.0;8.0;1203;Tertiaire & Autres;Tertiaire;"[""VILLE DE PARIS"", ""ENEDIS"", ""ERDF AGENCE COMPTABLE TULLE""]"
bdnb-bg-VUKC-DUYB-M2TT;93;Le Raincy;;;;;INDETERMINE;INDETERMINE;2.0;7.0;1221;Résidentiel collectif;Tertiaire;"[""REGION ILE DE FRANCE""]"
bdnb-bg-VVSX-BWU7-HBET;75;Paris 20e Arrondissement;1984.0;1983.0;C;;BETON - AUTRES;BETON - AUTRES;5.0;8.0;909;Résidentiel collectif;Tertiaire;"[""VILLE DE PARIS"", ""L HABITAT SOCIAL FRANCAIS""]"
bdnb-bg-VVZY-44NC-UZAF;75;Paris 9e Arrondissement;1980.0;;;D;BETON;ZINC ALUMINIUM;7.0;20.0;3335;Tertiaire & Autres;Tertiaire;"[""VILLE DE PARIS"", ""CENTRE D'ACTION SOCIALE DE LA VILLE DE PARIS"", ""DE L'HOTEL DROUOT"", ""BNP PARIBAS"", ""INTERPARKING FRANCE"", ""SCI DROUOT GRANGE BATELIERE""]"
bdnb-bg-VYDD-89ET-ZHPR;75;Paris 20e Arrondissement;1934.0;;;;BRIQUES - MEULIERE;BETON;4.0;14.0;2271;Tertiaire & Autres;Tertiaire;"[""VILLE DE PARIS""]"
bdnb-bg-VYG5-K58K-9C8V;75;Paris 17e Arrondissement;2023.0;;;C;INDETERMINE;ARDOISES;5.0;16.0;2804;Tertiaire & Autres;Tertiaire;"[""VILLE DE PARIS""]"
bdnb-bg-VZ2T-DWJV-M7DR;93;Bagnolet;1960.0;;;;AGGLOMERE - BETON;ZINC ALUMINIUM;2.0;5.0;3414;Résidentiel collectif;Tertiaire;"[""COMMUNE DE BAGNOLET""]"
bdnb-bg-VZ6D-MZHH-H7QL;75;Paris 14e Arrondissement;1978.0;1978.0;F;B;AUTRES;AUTRES;19.0;24.0;6435;Résidentiel collectif;Tertiaire;"[""VILLE DE PARIS"", ""PARIS HABITAT-OPH""]"
bdnb-bg-VZEC-BQVX-AM3C;75;Paris 18e Arrondissement;2010.0;;;C;INDETERMINE;INDETERMINE;3.0;17.0;2237;Tertiaire & Autres;Tertiaire;"[""VILLE DE PARIS""]"
bdnb-bg-W1X7-HMZT-8EME;93;Les Lilas;1900.0;;;C;BRIQUES;TUILES;3.0;7.0;2882;Tertiaire & Autres;Tertiaire;"[""COMMUNE DES LILAS""]"
bdnb-bg-W2KV-PY96-9UJL;93;Noisy-le-Sec;1933.0;1951.0;;;BRIQUES;TUILES;3.0;12.0;2225;Résidentiel collectif;Tertiaire;"[""COMMUNE DE NOISY LE SEC""]"
bdnb-bg-W2UM-AH1Q-2E8Z;75;Paris 5e Arrondissement;1880.0;;;;MEULIERE;ZINC ALUMINIUM;3.0;22.0;638;Résidentiel collectif;Tertiaire;"[""VILLE DE PARIS""]"
bdnb-bg-W38L-BKDS-TUQB;93;Noisy-le-Grand;2009.0;;;;INDETERMINE;INDETERMINE;2.0;5.0;1713;Tertiaire & Autres;Tertiaire;"[""COMMUNE DE NOISY LE GRAND""]"
bdnb-bg-W3HC-Y3PD-TRQF;93;Pantin;2001.0;;;;INDETERMINE;INDETERMINE;1.0;4.0;2789;Tertiaire & Autres;Tertiaire;"[""COMMUNE DE PANTIN""]"
bdnb-bg-W4LV-MR8T-HDW6;93;Épinay-sur-Seine;;;;;INDETERMINE;INDETERMINE;1.0;4.0;3860;Tertiaire & Autres;Tertiaire;"[""COMMUNE D EPINAY SUR SEINE""]"
bdnb-bg-W52D-3HJA-B8HS;75;Paris 15e Arrondissement;2023.0;;;;BETON - BRIQUES;BETON - AUTRES;2.0;8.0;2420;Tertiaire & Autres;Tertiaire;"[""VILLE DE PARIS""]"
bdnb-bg-W75P-LM77-AW39;93;Saint-Denis;;;;;;;;7.0;4178;;Tertiaire;
bdnb-bg-W7UK-U9HH-2HJN;75;Paris 13e Arrondissement;1948.0;1987.0;D;D;INDETERMINE;INDETERMINE;7.0;13.0;711;Résidentiel collectif;Tertiaire;"[""VILLE DE PARIS"", ""REGIE IMMOBILIERE DE LA VILLE DE PARIS""]"
bdnb-bg-W7X1-61TY-RTYW;75;Paris 18e Arrondissement;1885.0;;;;PIERRE;TUILES;4.0;16.0;661;Résidentiel collectif;Tertiaire;"[""VILLE DE PARIS"", ""ENEDIS""]"
bdnb-bg-W8JA-4GDR-FFU1;93;Aulnay-sous-Bois;1930.0;;;;BRIQUES;TUILES;4.0;9.0;1491;Résidentiel collectif;Tertiaire;"[""COMMUNE DE SEVRAN""]"
bdnb-bg-W99L-PVPW-HT6U;93;Bagnolet;2010.0;;;E;INDETERMINE;INDETERMINE;4.0;13.0;1112;Tertiaire & Autres;Tertiaire;"[""KER HOME"", ""RESIDENCE MARIE"", ""ACDC"", ""NANOU"", ""MS 93"", ""SCI STAPAULOU""]"
bdnb-bg-W9H9-ZJDA-NSPG;93;Gagny;1900.0;;;;BRIQUES - MEULIERE;TUILES;2.0;5.0;171;Résidentiel individuel;Résidentiel individuel;"[""LES 3 SAPINS""]"
bdnb-bg-W9PS-D98R-1KKA;93;Noisy-le-Grand;1956.0;2013.0;C;;BRIQUES;TUILES;3.0;5.0;1941;Résidentiel collectif;Tertiaire;"[""COMMUNE DE NOISY LE GRAND""]"
bdnb-bg-WB4F-JGMM-2HEM;75;Paris 15e Arrondissement;1900.0;;;;PIERRE;ARDOISES;5.0;10.0;11641;Résidentiel collectif;Tertiaire;"[""MINISTERE DE L'EDUCATION NATIONALE  DE L'ENSEIGNEMENT SUPERI"", ""ENEDIS"", ""ETAT PAR DIRECTION DE L IMMOBILIER DE L ETAT""]"
bdnb-bg-WBZB-L487-XVBX;93;Saint-Denis;;;;;INDETERMINE;INDETERMINE;1.0;7.0;3476;Tertiaire & Autres;Tertiaire;"[""COMMUNE DE SAINT-DENIS""]"
bdnb-bg-WCLT-KRDW-DV1P;75;Paris 16e Arrondissement;1884.0;1948.0;;;BRIQUES - PIERRE;ARDOISES - ZINC ALUMINIUM;6.0;10.0;16831;Résidentiel collectif;Tertiaire;"[""MINISTERE DE L'EDUCATION NATIONALE  DE L'ENSEIGNEMENT SUPERI"", ""LYCEE GENERAL JANSON DE SAILLY""]"
bdnb-bg-WDT5-3JRN-VL34;75;Paris 18e Arrondissement;1890.0;;;;PIERRE;TUILES;4.0;10.0;1990;Tertiaire & Autres;Tertiaire;"[""VILLE DE PARIS""]"
bdnb-bg-WDVM-Q4C7-JPD3;93;Épinay-sur-Seine;2002.0;;;C;INDETERMINE;INDETERMINE;2.0;12.0;561;Tertiaire & Autres;Tertiaire;"[""DEPARTEMENT DE LA SEINE SAINT DENIS""]"
bdnb-bg-WFFZ-BSW4-FRUY;93;Les Pavillons-sous-Bois;1996.0;;;;INDETERMINE;INDETERMINE;2.0;6.0;2250;Tertiaire & Autres;Tertiaire;"[""COMMUNE DE PAVILLONS SOUS BOIS""]"
bdnb-bg-WFH9-GQDN-XH54;75;Paris 18e Arrondissement;1920.0;;;;MEULIERE;ZINC ALUMINIUM;3.0;9.0;2454;Tertiaire & Autres;Tertiaire;"[""VILLE DE PARIS"", ""ENEDIS""]"
bdnb-bg-WFL3-EMSN-ZE1S;93;Villepinte;;;;;;;;6.0;1314;;Tertiaire;
bdnb-bg-WFYH-PMLM-61QT;75;Paris 16e Arrondissement;1988.0;1988.0;C;E;INDETERMINE;INDETERMINE;9.0;13.0;5097;Résidentiel collectif;Tertiaire;"[""MINISTERE DE L'INTERIEUR"", ""VILLE DE PARIS"", ""REGIE IMMOBILIERE DE LA VILLE DE PARIS"", ""REGIE AUTONOME DES TRANSPORTS PARISIENS"", ""ETAT PAR DIRECTION DE L IMMOBILIER DE L ETAT""]"
bdnb-bg-WFZF-AMRS-RSXU;93;Romainville;;;;C;AUTRES;AUTRES;2.0;10.0;2155;Tertiaire & Autres;Tertiaire;"[""DEPARTEMENT DE LA SEINE SAINT DENIS""]"
bdnb-bg-WGG7-AZUF-2TN8;75;Paris 18e Arrondissement;2000.0;1880.0;D;;PIERRE;TUILES;3.0;;123;Tertiaire & Autres;Tertiaire;"[""VILLE DE PARIS""]"
bdnb-bg-WGYC-F477-4CMA;93;Saint-Ouen-sur-Seine;;;;;;;;9.0;1274;;Tertiaire;
bdnb-bg-WHDU-WNT3-E32K;75;Paris 18e Arrondissement;1890.0;;;F;PIERRE;TUILES;4.0;12.0;2687;Tertiaire & Autres;Tertiaire;"[""VILLE DE PARIS""]"
bdnb-bg-WJDF-U7RK-WYU2;75;Paris 16e Arrondissement;1887.0;1948.0;;D;MEULIERE - PIERRE;ZINC ALUMINIUM;7.0;19.0;192;Résidentiel collectif;Résidentiel collectif;"[""PRESTIGERE"", ""VOLUBILIS"", ""SCI TREFLE INVEST""]"
bdnb-bg-WL7Y-GEE4-Q6AD;75;Paris 16e Arrondissement;2018.0;;;;INDETERMINE;INDETERMINE;1.0;10.0;1016;Tertiaire & Autres;Tertiaire;"[""VILLE DE PARIS""]"
bdnb-bg-WLP4-4PW2-3CX3;75;Paris 19e Arrondissement;2023.0;;;;INDETERMINE;INDETERMINE;1.0;12.0;1093;Tertiaire & Autres;Tertiaire;"[""VILLE DE PARIS""]"
bdnb-bg-WME8-Z1KF-ZGEN;93;Les Lilas;2004.0;;;;INDETERMINE;INDETERMINE;1.0;13.0;1038;Tertiaire & Autres;Tertiaire;"[""COMMUNE DES LILAS""]"
bdnb-bg-WMQ4-JW9R-9ZL1;93;Le Blanc-Mesnil;1951.0;;;C;BRIQUES - MEULIERE;BETON;4.0;3.0;246;Résidentiel collectif;Tertiaire;"[""COMMUNE DE DUGNY""]"
bdnb-bg-WN2N-6CAB-P9HD;93;L'Île-Saint-Denis;2014.0;;;;INDETERMINE;INDETERMINE;1.0;15.0;1285;Tertiaire & Autres;Tertiaire;"[""COMMUNE DE L ILE ST DENIS""]"
bdnb-bg-WN92-KX8P-TXAL;93;Drancy;1930.0;;;;AGGLOMERE - BRIQUES;TUILES;3.0;12.0;1382;Résidentiel collectif;Tertiaire;"[""COMMUNE DE DRANCY""]"
bdnb-bg-WNTP-C4D9-4TVP;75;Paris 11e Arrondissement;2023.0;;;;INDETERMINE;INDETERMINE;5.0;10.0;939;Tertiaire & Autres;Tertiaire;"[""VILLE DE PARIS""]"
bdnb-bg-WPUB-RWFF-4K8X;93;Aubervilliers;1950.0;;;;BRIQUES;TUILES;2.0;7.0;1716;Résidentiel individuel;Tertiaire;"[""COMMUNE DE SAINT-DENIS""]"
bdnb-bg-WRKJ-Y9TB-TL4X;75;Paris 5e Arrondissement;1934.0;;;;BRIQUES;ARDOISES - AUTRES;4.0;11.0;797;Résidentiel collectif;Tertiaire;"[""VILLE DE PARIS""]"
bdnb-bg-WSN4-WP9S-2RF7;93;Aubervilliers;;;;;INDETERMINE;INDETERMINE;4.0;19.0;8179;Résidentiel collectif;Tertiaire;"[""REGION ILE DE FRANCE""]"
bdnb-bg-WUGL-H1W3-9UDW;93;Livry-Gargan;;;;;;;;4.0;1826;;Tertiaire;
bdnb-bg-WUM9-NKHB-XVVW;75;Paris 12e Arrondissement;;;;;INDETERMINE;INDETERMINE;2.0;10.0;6554;Résidentiel collectif;Tertiaire;"[""VILLE DE PARIS""]"
bdnb-bg-WUVQ-HV1Y-GLYH;75;Paris 11e Arrondissement;1950.0;1982.0;;;PIERRE;ARDOISES;3.0;9.0;3248;Tertiaire & Autres;Tertiaire;"[""VILLE DE PARIS""]"
bdnb-bg-WVXF-TSZ9-ESB8;93;Tremblay-en-France;1957.0;;;;INDETERMINE;INDETERMINE;1.0;8.0;635;Tertiaire & Autres;Tertiaire;"[""COMMUNE DE TREMBLAY EN FRANCE""]"
bdnb-bg-WWPT-W9Y9-62WX;75;Paris 14e Arrondissement;1969.0;;;;BETON - BRIQUES;BETON - TUILES;5.0;8.0;2080;Résidentiel collectif;Tertiaire;"[""VILLE DE PARIS""]"
bdnb-bg-WWT2-9D9Y-55LJ;95;Deuil-la-Barre;1994.0;;D;;PIERRE;TUILES;1.0;4.0;1632;Tertiaire & Autres;Tertiaire;"[""COMMUNE DE DEUIL LA BARRE""]"
bdnb-bg-WWWE-XFJU-MHZ6;93;Saint-Ouen-sur-Seine;;;;;;;;4.0;1369;;Tertiaire;
bdnb-bg-WX4V-4TBR-9AHG;75;Paris 7e Arrondissement;1800.0;;;;PIERRE;ARDOISES;4.0;4.0;3272;Résidentiel collectif;Tertiaire;"[""MINISTERE DE L'EDUCATION NATIONALE  DE L'ENSEIGNEMENT SUPERI"", ""LYCEE VICTOR DURUY""]"
bdnb-bg-WXH9-5KGE-7C62;93;L'Île-Saint-Denis;;;;;;;;1.0;26;;;
bdnb-bg-WXSE-NEQH-6H2W;75;Paris 17e Arrondissement;2023.0;;;;INDETERMINE;INDETERMINE;1.0;17.0;5043;Tertiaire & Autres;Tertiaire;"[""PARIS HABITAT-OPH""]"
bdnb-bg-WXUX-UP2K-N9DD;75;Paris 13e Arrondissement;1956.0;;;;AUTRES;ZINC ALUMINIUM;5.0;9.0;3860;Résidentiel collectif;Tertiaire;"[""VILLE DE PARIS""]"
bdnb-bg-WYST-HHE4-VQQ9;93;Romainville;;;;C;;;;14.0;1889;;Tertiaire;
bdnb-bg-WYT9-K3ER-38PN;75;Paris 19e Arrondissement;2023.0;;;;INDETERMINE;INDETERMINE;5.0;10.0;2044;Tertiaire & Autres;Tertiaire;"[""VILLE DE PARIS""]"
bdnb-bg-X2QW-GW6N-2M8A;75;Paris 12e Arrondissement;1972.0;;;;BETON;BETON;3.0;10.0;6635;Résidentiel collectif;Tertiaire;"[""LYCEE PROFESSIONNEL MARCEL DEPREZ"", ""REGION ILE DE FRANCE""]"
bdnb-bg-X4N2-NM7S-9FQE;75;Paris 13e Arrondissement;1945.0;;;;BRIQUES;BETON;4.0;7.0;1985;Résidentiel collectif;Tertiaire;"[""VILLE DE PARIS""]"
bdnb-bg-X4UP-R2WE-C5AA;75;Paris 17e Arrondissement;2023.0;;;;BRIQUES - PIERRE;ARDOISES - ZINC ALUMINIUM;3.0;20.0;3869;Tertiaire & Autres;Tertiaire;"[""VILLE DE PARIS""]"
bdnb-bg-X52W-E552-TRTA;75;Paris 13e Arrondissement;1978.0;;;;INDETERMINE;INDETERMINE;3.0;6.0;1702;Tertiaire & Autres;Tertiaire;"[""VILLE DE PARIS""]"
bdnb-bg-X5QN-HWVC-H8R6;93;Bondy;1959.0;;;;BETON - BRIQUES;BETON;2.0;9.0;3631;Tertiaire & Autres;Tertiaire;"[""COMMUNE DE BONDY""]"
bdnb-bg-X7P5-MBSR-64XY;93;Sevran;;;;;;;;3.0;3676;;Tertiaire;
bdnb-bg-X87M-RA7F-BHE9;93;Saint-Denis;2005.0;;;D;INDETERMINE;INDETERMINE;1.0;10.0;2560;Tertiaire & Autres;Tertiaire;"[""COMMUNE DE SAINT-DENIS""]"
bdnb-bg-X8J4-HH9D-JUZC;93;Pantin;2022.0;;;;INDETERMINE;INDETERMINE;1.0;14.0;3941;Tertiaire & Autres;Tertiaire;"[""COMMUNE DE PANTIN""]"
bdnb-bg-X8K3-FT57-5LDX;93;Le Pré-Saint-Gervais;1996.0;1996.0;C;;INDETERMINE;INDETERMINE;6.0;7.0;1267;Résidentiel collectif;Tertiaire;"[""IN'LI""]"
bdnb-bg-X8TN-V8KG-DBWR;75;Paris 11e Arrondissement;1875.0;;;;PIERRE;TUILES;3.0;9.0;988;Tertiaire & Autres;Tertiaire;"[""VILLE DE PARIS""]"
bdnb-bg-X9WA-DRW6-EBC8;93;Livry-Gargan;1996.0;;;;BETON;ZINC ALUMINIUM;2.0;7.0;1760;Résidentiel individuel;Tertiaire;"[""REGION ILE DE FRANCE""]"
bdnb-bg-XAJM-K6LA-DAG9;93;Aubervilliers;1933.0;1900.0;C;A;BETON - BRIQUES;INDETERMINE;7.0;12.0;1702;Résidentiel collectif;Résidentiel collectif;"[""SEQENS SOCIETE ANONYME D'HABITATIONS A LOYER MODERE""]"
bdnb-bg-XDV4-AK1V-HR45;93;Noisy-le-Grand;;;D;C;INDETERMINE;INDETERMINE;1.0;8.0;3952;Résidentiel collectif;Tertiaire;"[""COMMUNE DE NOISY LE GRAND""]"
bdnb-bg-XEBW-EV5N-8R1F;75;Paris 9e Arrondissement;1900.0;;;;INDETERMINE;INDETERMINE;6.0;11.0;471;Tertiaire & Autres;Tertiaire;"[""VILLE DE PARIS"", ""ENEDIS"", ""ERDF AGENCE COMPTABLE TULLE""]"
bdnb-bg-XJR3-KSSP-4CY8;75;Paris 5e Arrondissement;1900.0;;;;INDETERMINE;INDETERMINE;6.0;16.0;8339;Résidentiel collectif;Tertiaire;"[""LYCEE GENERAL ET TECHNOLOGIQUE HENRI IV"", ""VILLE DE PARIS"", ""ENEDIS""]"
bdnb-bg-XKH5-9MCE-GL35;75;Paris 11e Arrondissement;2023.0;;;;INDETERMINE;INDETERMINE;7.0;13.0;804;Tertiaire & Autres;Tertiaire;"[""VILLE DE PARIS""]"
bdnb-bg-XKKR-UC4B-SYJK;93;Tremblay-en-France;2018.0;;;C;AGGLOMERE - BRIQUES;INDETERMINE;2.0;;2098;Tertiaire & Autres;Tertiaire;"[""DEPARTEMENT DE LA SEINE SAINT DENIS""]"
bdnb-bg-XKXN-J985-85W5;75;Paris 19e Arrondissement;1890.0;;;;PIERRE;TUILES;3.0;12.0;605;Tertiaire & Autres;Tertiaire;"[""VILLE DE PARIS""]"
bdnb-bg-XLBR-GAK8-WRQR;93;Neuilly-Plaisance;;;;;;;;10.0;182;;Tertiaire;
bdnb-bg-XLRA-W6W5-49WY;75;Paris 16e Arrondissement;2023.0;;;D;BETON - AUTRES;BETON - AUTRES;6.0;16.0;3747;Tertiaire & Autres;Tertiaire;"[""MINISTERE DE L'EDUCATION NATIONALE  DE L'ENSEIGNEMENT SUPERI"", ""VILLE DE PARIS""]"
bdnb-bg-XLW3-QWZY-DQ65;75;Paris 20e Arrondissement;2024.0;;;C;INDETERMINE;INDETERMINE;5.0;9.0;2807;Tertiaire & Autres;Tertiaire;"[""VILLE DE PARIS""]"
bdnb-bg-XLXL-TAAN-76BR;75;Paris 10e Arrondissement;1966.0;;;;BETON;BETON;5.0;8.0;2834;Résidentiel collectif;Tertiaire;"[""REGION ILE DE FRANCE""]"
bdnb-bg-XMN1-NGNX-ZHA9;75;Paris 11e Arrondissement;1905.0;;;;PIERRE;TUILES;4.0;13.0;2011;Résidentiel collectif;Tertiaire;"[""VILLE DE PARIS""]"
bdnb-bg-XN46-E6LX-379L;93;La Courneuve;;;;;;;;6.0;3005;;Tertiaire;
bdnb-bg-XQNL-AB2G-MLSH;75;Paris 15e Arrondissement;;;;;;;;3.0;183;;Tertiaire;
bdnb-bg-XRFH-8H12-6V2A;93;Bondy;1966.0;;;;BRIQUES;BETON;3.0;11.0;1771;Résidentiel collectif;Tertiaire;"[""REGION ILE DE FRANCE""]"
bdnb-bg-XS41-H6D6-RV5P;75;Paris 13e Arrondissement;;;;;;;;7.0;206;;Tertiaire;
bdnb-bg-XSDH-WF4L-2B8T;75;Paris 11e Arrondissement;1860.0;;;;BRIQUES - PIERRE;ZINC ALUMINIUM;5.0;10.0;979;Résidentiel collectif;Tertiaire;"[""VILLE DE PARIS""]"
bdnb-bg-XVWF-B25G-7RFH;75;Paris 3e Arrondissement;2023.0;;;;INDETERMINE;INDETERMINE;2.0;11.0;1287;Tertiaire & Autres;Tertiaire;"[""VILLE DE PARIS""]"
bdnb-bg-Y1K7-LHU6-D32X;75;Paris 6e Arrondissement;;;E;G;INDETERMINE;ARDOISES - TUILES;4.0;19.0;438;Tertiaire & Autres;Tertiaire;"[""SCI FAMILIALE INVESTISSEMENT PROVENCALE"", ""DU 30  RUE SAINT ANDRE DES ARTS"", ""PARIS OUEST GESTION""]"
bdnb-bg-Y2W2-DLDG-CZ8S;93;Aubervilliers;1966.0;;;D;BETON;BETON;2.0;5.0;112;Résidentiel collectif;Tertiaire;"[""COMMUNE DE SAINT-DENIS""]"
bdnb-bg-Y31P-HPHU-WV4V;75;Paris 20e Arrondissement;1893.0;;;;PIERRE;TUILES;4.0;9.0;3139;Tertiaire & Autres;Tertiaire;"[""VILLE DE PARIS""]"
bdnb-bg-Y3GK-L5UC-CXXV;75;Paris 19e Arrondissement;2023.0;;;;INDETERMINE;INDETERMINE;1.0;7.0;2064;Tertiaire & Autres;Tertiaire;"[""VILLE DE PARIS""]"
bdnb-bg-Y3RZ-2RYN-3R23;93;Bagnolet;1964.0;;;;BETON;BETON;4.0;5.0;4739;Résidentiel collectif;Tertiaire;"[""COMMUNE DE BAGNOLET""]"
bdnb-bg-Y488-221H-F5F3;93;La Courneuve;1930.0;;;;BETON - BRIQUES;BETON;3.0;8.0;5104;Tertiaire & Autres;Tertiaire;"[""COMMUNE DE LA COURNEUVE"", ""DEPARTEMENT DE LA SEINE SAINT DENIS""]"
bdnb-bg-Y4D2-X83R-EK7X;93;Noisy-le-Sec;1970.0;;;;INDETERMINE;INDETERMINE;4.0;7.0;16136;Tertiaire & Autres;Tertiaire;"[""MINISTERE DE L EDUCATION NATIONALE DE L ENSEIGNEMENT SUPERIE"", ""ETAT PAR DIRECTION DE L IMMOBILIER DE L ETAT""]"
bdnb-bg-Y4X2-37RB-HZ1C;75;Paris 11e Arrondissement;2023.0;;;;INDETERMINE;INDETERMINE;5.0;10.0;2278;Tertiaire & Autres;Tertiaire;"[""VILLE DE PARIS""]"
bdnb-bg-Y54W-G2E9-4D6J;93;Stains;1934.0;;;F;BRIQUES;TUILES;2.0;5.0;413;Résidentiel collectif;Résidentiel collectif;"[""COMMUNE DE STAINS""]"
bdnb-bg-Y67L-DZYX-BPAY;93;Le Blanc-Mesnil;1958.0;;;;AGGLOMERE;BETON;4.0;4.0;1343;Résidentiel collectif;Tertiaire;"[""COMMUNE DE DUGNY""]"
bdnb-bg-Y6A3-K54D-CKEB;75;Paris 15e Arrondissement;1940.0;;;;BETON - BRIQUES;BETON;4.0;9.0;3576;Résidentiel collectif;Tertiaire;"[""VILLE DE PARIS""]"
bdnb-bg-Y6DB-PT51-LG2L;93;Le Blanc-Mesnil;;;;;AGGLOMERE - MEULIERE;INDETERMINE;1.0;7.0;1484;Tertiaire & Autres;Tertiaire;"[""COMMUNE DE DUGNY""]"
bdnb-bg-Y7S8-MY9G-RVBD;75;Paris 12e Arrondissement;1883.0;;;;PIERRE;TUILES;4.0;9.0;1181;Résidentiel collectif;Tertiaire;"[""VILLE DE PARIS""]"
bdnb-bg-Y87Q-9R8F-45K5;75;Paris 14e Arrondissement;1978.0;;;;BRIQUES;INDETERMINE;4.0;18.0;2374;Tertiaire & Autres;Tertiaire;"[""VILLE DE PARIS"", ""ENEDIS""]"
bdnb-bg-Y8BU-QURA-4XUL;75;Paris 20e Arrondissement;2024.0;;;;BRIQUES;INDETERMINE;3.0;9.0;2484;Tertiaire & Autres;Tertiaire;"[""VILLE DE PARIS""]"
bdnb-bg-Y8JS-MCU6-4TC1;93;Gagny;;;;;;;;12.0;7455;;Tertiaire;
bdnb-bg-Y9Q9-4Z86-5G44;75;Paris 14e Arrondissement;1900.0;;;;BRIQUES - PIERRE;TUILES;4.0;8.0;2288;Résidentiel collectif;Tertiaire;"[""VILLE DE PARIS""]"
bdnb-bg-Y9V9-6M8H-QB9T;75;Paris 15e Arrondissement;1984.0;;;;PIERRE;TUILES;2.0;10.0;633;Tertiaire & Autres;Tertiaire;"[""VILLE DE PARIS""]"
bdnb-bg-YBA8-FVHM-SHZE;75;Paris 4e Arrondissement;1900.0;;;;INDETERMINE;INDETERMINE;5.0;13.0;908;Tertiaire & Autres;Tertiaire;"[""VILLE DE PARIS""]"
bdnb-bg-YE99-4852-87WW;75;Paris 14e Arrondissement;1983.0;;;;BETON;BETON;4.0;11.0;968;Résidentiel collectif;Tertiaire;"[""VILLE DE PARIS""]"
bdnb-bg-YEA1-9AHA-D79C;93;Noisy-le-Grand;;;;;;;;8.0;352;;Tertiaire;
bdnb-bg-YF5X-7NDS-79FW;75;Paris 13e Arrondissement;2017.0;2007.0;C;;INDETERMINE;INDETERMINE;3.0;6.0;2066;Tertiaire & Autres;Tertiaire;"[""VILLE DE PARIS""]"
bdnb-bg-YFC5-7FNL-QMB7;93;Vaujours;1999.0;;;;AUTRES;AUTRES;3.0;7.0;3960;Tertiaire & Autres;Tertiaire;"[""DEPARTEMENT DE LA SEINE SAINT DENIS""]"
bdnb-bg-YFDD-6SCC-H2E3;93;Drancy;;;;;;;;5.0;408;;Tertiaire;
bdnb-bg-YFXR-RYPM-9111;75;Paris 18e Arrondissement;1860.0;;;;BRIQUES - MEULIERE;TUILES - ZINC ALUMINIUM;4.0;15.0;422;Tertiaire & Autres;Tertiaire;"[""VILLE DE PARIS""]"
bdnb-bg-YHAS-PVB9-CUL4;93;Le Blanc-Mesnil;;;;;;;;4.0;811;;Tertiaire;
bdnb-bg-YHFV-D54Q-A2DZ;93;Saint-Denis;1958.0;;;;BETON;BETON;3.0;9.0;2647;Résidentiel collectif;Tertiaire;"[""COMMUNE DE SAINT-DENIS""]"
bdnb-bg-YHH3-ARU4-MB2J;93;L'Île-Saint-Denis;2019.0;;;;AGGLOMERE;BETON;2.0;;2083;Tertiaire & Autres;Tertiaire;"[""COMMUNE DE L ILE ST DENIS""]"
bdnb-bg-YHLM-TMMB-DKPW;93;Le Blanc-Mesnil;;;;;INDETERMINE;INDETERMINE;1.0;7.0;993;Tertiaire & Autres;Tertiaire;"[""COMMUNE DE DUGNY""]"
bdnb-bg-YHNY-6AFS-48MB;75;Paris 18e Arrondissement;1890.0;;;;MEULIERE - PIERRE;TUILES;3.0;8.0;1370;Tertiaire & Autres;Tertiaire;"[""VILLE DE PARIS"", ""ENEDIS""]"
bdnb-bg-YHQJ-KF15-M374;75;Paris 15e Arrondissement;2023.0;;;;BETON - PIERRE;BETON;4.0;16.0;1494;Tertiaire & Autres;Tertiaire;"[""VILLE DE PARIS""]"
bdnb-bg-YHWU-UD2X-KTTG;93;Villemomble;2011.0;;;;INDETERMINE;INDETERMINE;1.0;;3243;Tertiaire & Autres;Tertiaire;"[""COMMUNE DE VILLEMOMBLE""]"
bdnb-bg-YJAK-NGQ2-MDEV;75;Paris 20e Arrondissement;2024.0;;;;INDETERMINE;INDETERMINE;5.0;7.0;1096;Tertiaire & Autres;Tertiaire;"[""VILLE DE PARIS""]"
bdnb-bg-YLP7-H2F5-XL2L;93;Bagnolet;;;;;INDETERMINE;INDETERMINE;1.0;4.0;976;Tertiaire & Autres;Tertiaire;"[""COMMUNE DE BAGNOLET""]"
bdnb-bg-YM8U-E5JL-6ZQN;75;Paris 9e Arrondissement;2023.0;;;;BRIQUES;INDETERMINE;5.0;15.0;790;Tertiaire & Autres;Tertiaire;"[""VILLE DE PARIS""]"
bdnb-bg-YNLL-XFLK-G834;93;Montreuil;;;;;;;;5.0;2850;;Tertiaire;
bdnb-bg-YQHF-UBW6-8QDP;93;Saint-Ouen-sur-Seine;;;;;;;;14.0;770;;Tertiaire;
bdnb-bg-YSNU-A4DH-HTV7;75;Paris 16e Arrondissement;2023.0;;;;BRIQUES;INDETERMINE;6.0;12.0;880;Tertiaire & Autres;Tertiaire;"[""VILLE DE PARIS""]"
bdnb-bg-YTB6-UE6A-28LJ;75;Paris 19e Arrondissement;2023.0;;;;INDETERMINE;INDETERMINE;1.0;4.0;691;Tertiaire & Autres;Tertiaire;"[""VILLE DE PARIS""]"
bdnb-bg-YTBD-EWX3-WLVP;93;Noisy-le-Grand;1970.0;1989.0;D;C;INDETERMINE;INDETERMINE;3.0;7.0;18458;Tertiaire & Autres;Tertiaire;"[""COMMUNE DE NOISY LE GRAND"", ""DEPARTEMENT DE LA SEINE SAINT DENIS""]"
bdnb-bg-YTVG-84WF-XAGB;93;Noisy-le-Sec;2007.0;;;;BRIQUES - MEULIERE;INDETERMINE;2.0;5.0;1801;Résidentiel individuel;Tertiaire;"[""COMMUNE DE NOISY LE SEC""]"
bdnb-bg-YVK3-DYZ4-7JJ9;93;Clichy-sous-Bois;1901.0;;;;INDETERMINE;INDETERMINE;2.0;6.0;1587;Résidentiel collectif;Tertiaire;"[""COMMUNE DE CLICHY-SOUS-BOIS""]"
bdnb-bg-YWAD-9CFM-UR7J;93;Clichy-sous-Bois;;;;;;;;9.0;1757;;Tertiaire;
bdnb-bg-YWVN-3KMA-W4CX;75;Paris 9e Arrondissement;1997.0;;;;INDETERMINE;INDETERMINE;4.0;15.0;9435;Résidentiel collectif;Tertiaire;"[""VILLE DE PARIS""]"
bdnb-bg-YXH5-JA9V-SW6U;75;Paris 18e Arrondissement;;;;;INDETERMINE;INDETERMINE;3.0;8.0;131;Résidentiel collectif;Tertiaire;"[""VILLE DE PARIS""]"
bdnb-bg-YXM2-87V5-L5YN;75;Paris 12e Arrondissement;1900.0;;;;BETON;ZINC ALUMINIUM;3.0;18.0;811;Résidentiel collectif;Tertiaire;"[""VILLE DE PARIS"", ""ETAT PAR DIRECTION DE L IMMOBILIER DE L ETAT""]"
bdnb-bg-YXNL-47CA-FZT5;75;Paris 19e Arrondissement;1800.0;;;;INDETERMINE;INDETERMINE;4.0;14.0;862;Tertiaire & Autres;Tertiaire;"[""VILLE DE PARIS"", ""REGIE IMMOBILIERE DE LA VILLE DE PARIS""]"
bdnb-bg-YXNY-P31L-1NMD;75;Paris 20e Arrondissement;1965.0;;;;BETON - MEULIERE;ZINC ALUMINIUM;5.0;10.0;831;Tertiaire & Autres;Tertiaire;"[""VILLE DE PARIS""]"
bdnb-bg-YXW1-2YG5-PFVU;75;Paris 12e Arrondissement;1981.0;1974.0;;;INDETERMINE;INDETERMINE;4.0;6.0;5601;Tertiaire & Autres;Tertiaire;"[""VILLE DE PARIS""]"
bdnb-bg-YYJ5-4PJK-QZNJ;93;Aulnay-sous-Bois;2008.0;;;C;BETON;BETON;5.0;7.0;3743;Tertiaire & Autres;Tertiaire;"[""DEPARTEMENT DE LA SEINE SAINT DENIS""]"
bdnb-bg-YZHF-LWYH-AECE;93;Saint-Denis;1956.0;;;F;BETON;BETON;2.0;9.0;4489;Résidentiel collectif;Tertiaire;"[""GRDF"", ""COMMUNE DE SAINT-DENIS""]"
bdnb-bg-YZKH-SYTV-S5RT;75;Paris 19e Arrondissement;2023.0;;;;INDETERMINE;INDETERMINE;5.0;9.0;1862;Tertiaire & Autres;Tertiaire;"[""VILLE DE PARIS""]"
bdnb-bg-Z3HZ-N2WU-3MFD;75;Paris 5e Arrondissement;1861.0;;;;PIERRE;TUILES;4.0;17.0;806;Résidentiel collectif;Tertiaire;"[""VILLE DE PARIS""]"
bdnb-bg-Z55F-54PB-S45M;75;Paris 9e Arrondissement;2023.0;;;;INDETERMINE;INDETERMINE;1.0;12.0;734;Tertiaire & Autres;Tertiaire;"[""VILLE DE PARIS"", ""ENEDIS"", ""ERDF AGENCE COMPTABLE TULLE""]"
bdnb-bg-Z58E-BSQC-EC3P;93;Villepinte;;;;;;;;9.0;935;;Tertiaire;
bdnb-bg-Z5AU-J5JD-AV6Z;93;Neuilly-Plaisance;;;;;;;;6.0;1121;;Tertiaire;
bdnb-bg-Z5BN-5AQD-X7JX;75;Paris 15e Arrondissement;1996.0;;;D;INDETERMINE;INDETERMINE;5.0;9.0;1848;Résidentiel collectif;Tertiaire;"[""UNIVERSITE PARIS 1 PANTHEON-SORBONNE"", ""ETAT PAR DIRECTION DE L IMMOBILIER DE L ETAT""]"
bdnb-bg-Z5N9-AEX6-DDQ6;75;Paris 13e Arrondissement;;2023.0;C;;INDETERMINE;INDETERMINE;10.0;13.0;4285;Résidentiel collectif;Tertiaire;"[""LYCEE GENERAL ET TECHNOLOGIQUE RODIN""]"
bdnb-bg-Z5WM-XKMY-4XKB;93;Épinay-sur-Seine;2000.0;;;;INDETERMINE;INDETERMINE;1.0;8.0;647;Tertiaire & Autres;Tertiaire;"[""COMMUNE D EPINAY SUR SEINE""]"
bdnb-bg-Z7UW-J4N3-QQ9Z;75;Paris 9e Arrondissement;1927.0;;;;INDETERMINE;INDETERMINE;8.0;24.0;507;Tertiaire & Autres;Tertiaire;"[""VILLE DE PARIS"", ""MARCHAL SYNGEST"", ""L'ALLIER""]"
bdnb-bg-Z833-XFUF-511D;75;Paris 15e Arrondissement;1920.0;;;;BRIQUES - PIERRE;ZINC ALUMINIUM;4.0;6.0;3749;Résidentiel collectif;Tertiaire;"[""REGION ILE DE FRANCE""]"
bdnb-bg-Z8QG-BWKW-N8FC;75;Paris 19e Arrondissement;2023.0;;;;INDETERMINE;INDETERMINE;3.0;7.0;765;Tertiaire & Autres;Tertiaire;"[""VILLE DE PARIS""]"
bdnb-bg-Z9CM-TYWZ-AMZL;75;Paris 13e Arrondissement;1910.0;;;;BRIQUES - PIERRE;TUILES;1.0;7.0;847;Résidentiel individuel;Tertiaire;"[""VILLE DE PARIS""]"
bdnb-bg-ZAUM-N7ZX-T9H6;93;Montreuil;2003.0;;;;BETON;INDETERMINE;3.0;8.0;2427;Tertiaire & Autres;Tertiaire;"[""COMMUNE DE MONTREUIL"", ""REGION ILE DE FRANCE""]"
bdnb-bg-ZB6C-H9YW-8928;75;Paris 5e Arrondissement;1908.0;;;;PIERRE;TUILES - ZINC ALUMINIUM;4.0;17.0;827;Résidentiel collectif;Tertiaire;"[""VILLE DE PARIS""]"
bdnb-bg-ZE65-MATQ-5Q5E;75;Paris 18e Arrondissement;1880.0;;;;PIERRE;ARDOISES - TUILES;2.0;11.0;746;Tertiaire & Autres;Tertiaire;"[""VILLE DE PARIS"", ""ENEDIS""]"
bdnb-bg-ZE9Z-KBMJ-W9LW;93;Montreuil;;;;;;;;9.0;2505;;Tertiaire;
bdnb-bg-ZFPP-LA4J-SKGS;75;Paris 1er Arrondissement;2023.0;;;;INDETERMINE;ARDOISES - ZINC ALUMINIUM;3.0;17.0;930;Tertiaire & Autres;Tertiaire;"[""DIRECTION DES SERVICES DEPARTEMENTAUX DE L EDUCATION NATIONA""]"
bdnb-bg-ZFUG-7BUN-J9D9;93;Gagny;2004.0;;;;AGGLOMERE;TUILES;2.0;9.0;95;Résidentiel individuel;Résidentiel individuel;
bdnb-bg-ZKUQ-GHBD-JGK4;93;Villepinte;;;;;;;;8.0;4049;;Tertiaire;
bdnb-bg-ZLPF-J8D9-7UGJ;93;Aubervilliers;;;;D;;;;5.0;5748;;Tertiaire;
bdnb-bg-ZMX2-ZT86-ZCHJ;93;Montreuil;;;;;;;;4.0;1480;;Tertiaire;
bdnb-bg-ZPC9-RVXW-XE7X;75;Paris 6e Arrondissement;1882.0;;;;INDETERMINE;INDETERMINE;4.0;16.0;6900;Tertiaire & Autres;Tertiaire;"[""LYCEE GENERAL MONTAIGNE""]"
bdnb-bg-ZPDR-ADFZ-RX1H;93;Drancy;1992.0;;;D;BETON - AUTRES;TUILES;2.0;5.0;259;Résidentiel individuel;Tertiaire;"[""DEPARTEMENT DE LA SEINE SAINT DENIS""]"
bdnb-bg-ZR5D-SGKX-Q5U8;93;Saint-Ouen-sur-Seine;1900.0;;;;AUTRES;TUILES;2.0;8.0;3325;Résidentiel collectif;Tertiaire;"[""DEPARTEMENT DE LA SEINE SAINT DENIS""]"
bdnb-bg-ZSDB-KQTE-XSZ9;75;Paris 3e Arrondissement;1996.0;;;;INDETERMINE;INDETERMINE;5.0;11.0;15684;Tertiaire & Autres;Tertiaire;"[""CONSERVATOIRE NATIONAL DES ARTS ET METIERS""]"
bdnb-bg-ZT2Z-G68L-FB6D;93;Aulnay-sous-Bois;;;;;BRIQUES;INDETERMINE;2.0;7.0;1525;Tertiaire & Autres;Tertiaire;"[""COMMUNE DE SEVRAN""]"
bdnb-bg-ZT9T-Q6WL-ZB6V;93;Neuilly-Plaisance;1970.0;;E;;AGGLOMERE - BETON;BETON;3.0;4.0;647;Résidentiel collectif;Tertiaire;"[""COMMUNE DE NEUILLY PLAISANCE""]"
bdnb-bg-ZUZK-2FT6-LASP;75;Paris 17e Arrondissement;1939.0;;E;;BETON - BRIQUES;BETON;4.0;11.0;943;Tertiaire & Autres;Tertiaire;"[""VILLE DE PARIS""]"
bdnb-bg-ZVNX-369W-7G21;93;Neuilly-sur-Marne;1968.0;;D;;BRIQUES;TUILES;1.0;7.0;892;Tertiaire & Autres;Tertiaire;"[""COMMUNE DE NEUILLY S-MARNE""]"
bdnb-bg-ZVTD-D85M-YG5P;93;Le Blanc-Mesnil;;;;;;;;3.0;3578;;Tertiaire;
bdnb-bg-ZWSJ-C4M1-AAJS;75;Paris 3e Arrondissement;1850.0;;D;;BETON - BRIQUES;ZINC ALUMINIUM;5.0;16.0;1666;Tertiaire & Autres;Tertiaire;"[""PREFECTURE DE PARIS   DIRECTION DE L ENSEIGNEMENT SOUS DIREC""]"
bdnb-bg-ZXQS-Z3TP-E8CW;75;Paris 20e Arrondissement;2024.0;;;;INDETERMINE;INDETERMINE;1.0;11.0;92;Tertiaire & Autres;Tertiaire;"[""VILLE DE PARIS""]"
bdnb-bg-ZY4F-K732-2QK4;75;Paris 4e Arrondissement;1880.0;;;;BRIQUES - PIERRE;ZINC ALUMINIUM;3.0;11.0;852;Tertiaire & Autres;Tertiaire;"[""VILLE DE PARIS""]"
bdnb-bg-ZYM6-U2Y8-5P7N;93;Bobigny;1955.0;;;;BETON;TUILES;3.0;6.0;1308;Tertiaire & Autres;Tertiaire;"[""COMMUNE DE BOBIGNY""]"
bdnb-bg-ZYSD-Q94N-EX71;93;Bobigny;;;;;;;;10.0;1287;;Tertiaire;
bdnb-bg-ZZ3H-QAY2-Q67B;93;Tremblay-en-France;1950.0;;;;AUTRES;TUILES;1.0;5.0;155;Résidentiel individuel;Résidentiel individuel;"[""COMMUNE DE TREMBLAY EN FRANCE"", ""ENEDIS""]"
