rnb_id;batiment_construction_id;batiment_groupe_id;code_departement_insee;s_geom_cstr;hauteur
113Y674N4KPH;bdnb-bc-7XAZ-T4GZ-YH2S;bdnb-bg-DDQ8-W9QB-WKEL;75;506;18.6
1162B3W2QJCD;bdnb-bc-QJF5-FRA6-V5JR;bdnb-bg-URQW-1368-569K;93;5344;18.9
1168ES3YQZ55;bdnb-bc-RBT6-4WWB-4SFE;bdnb-bg-96J2-7R1J-UEZX;75;848;2.7
11DC7HMXVD8V;bdnb-bc-8462-GJSK-YBJU;bdnb-bg-9DWD-E71B-164L;75;781;19.2
11M1NNSB7VFD;bdnb-bc-ATCH-M9GD-6CKZ;bdnb-bg-ES8E-UX9F-D33V;75;149;8.4
11NYQD3XXTNC;bdnb-bc-6VUF-SR6W-55TV;bdnb-bg-13YT-KW6N-HSMM;93;1993;7.0
126BTRQQMKEM;bdnb-bc-63SZ-BXXE-76ZE;bdnb-bg-BYPX-YK38-P9G9;93;1036;7.0
12Y8EWEYQSYW;bdnb-bc-DT2K-2Z71-TURD;bdnb-bg-GMP3-2SST-E8YP;93;1631;7.5
13N3XMQRGS3X;bdnb-bc-36B7-HHG2-PAFR;bdnb-bg-89SK-4KHN-DJVP;75;1107;15.3
143T8N48NXWN;bdnb-bc-6S7K-NWGR-FY2Q;bdnb-bg-6W3T-R71J-EEB7;93;53;6.4
1445TAE2F8V4;bdnb-bc-VA65-XYU6-EBYR;bdnb-bg-7XS6-JCAE-ERZS;75;1647;5.6
14KNA998SD6H;bdnb-bc-R8FY-FH28-B3LC;bdnb-bg-F1EQ-HW1X-3DUD;77;1671;6.6
14KYM41Y7M56;bdnb-bc-SXWL-JJNN-JPLN;bdnb-bg-M2VC-MZ7M-V76X;75;2916;24.1
15HGYT671XHK;bdnb-bc-P1PJ-K853-XJ84;bdnb-bg-FDY4-UABF-Z34F;93;875;3.3
15PT4E3G4TJT;bdnb-bc-YT28-XUWF-BHTF;bdnb-bg-Q2CH-YUAP-UU61;93;1326;7.5
164J5HZTXVK4;bdnb-bc-XKU5-ADSN-MBTK;bdnb-bg-TCJ7-F35H-JYZD;93;1028;9.3
16ECVTVDRNCY;bdnb-bc-XUMJ-3QRY-6NBW;bdnb-bg-LZ43-3KV9-PUWN;93;1028;7.3
16KWYMQMRZZB;bdnb-bc-25FU-KTF9-X8DP;bdnb-bg-3U83-4UGH-AGDY;75;178;18.3
16QSVWCM8BRJ;bdnb-bc-ESU8-4WKB-TFDH;bdnb-bg-78QC-7W45-149K;75;998;11.8
16W9T143TQHW;bdnb-bc-PFGF-Y9GK-QHMK;bdnb-bg-78MF-U9C8-8HJU;93;618;19.1
177V578KQ5XT;bdnb-bc-8XDL-EPC3-UXVP;bdnb-bg-Y31P-HPHU-WV4V;75;33;5.0
17X3KA59ZTX6;bdnb-bc-LX8C-TFWA-232P;bdnb-bg-C6HJ-Q8G4-U3Z3;93;2147;17.5
18GDP2GX5WV9;bdnb-bc-753H-9JBY-4JG7;bdnb-bg-ETUG-MPY8-1GPJ;93;122;4.8
18P38NK1BGKS;bdnb-bc-THDA-XZAK-LXS6;bdnb-bg-Q5PX-QUG9-QQ5M;75;607;6.6
191Q7YS56RWJ;bdnb-bc-LCXN-MXQA-RFMM;bdnb-bg-Y9Q9-4Z86-5G44;75;33;3.3
19C52E4DFGDZ;bdnb-bc-W1XA-6JK2-7R1R;bdnb-bg-AQKD-4ZSB-KEU7;93;2943;7.6
19FD1A44TDCA;bdnb-bc-EN86-LXTT-W4SM;bdnb-bg-2KN5-1TPK-8GKP;75;789;9.1
19R6T44DRPAW;bdnb-bc-EW5F-ZT7J-DRRK;bdnb-bg-HPW4-4WQQ-6P5F;75;338;11.8
19VY2X9KKQKM;bdnb-bc-X1NL-W7QQ-UP44;bdnb-bg-QT2U-V3GX-QS14;75;963;7.6
1A6YKJG1PJW6;bdnb-bc-DWEP-UC5B-3QNH;bdnb-bg-DDRL-44RD-VA89;93;1366;3.5
1AGNVE63QR7H;bdnb-bc-GCXK-R7WH-UV33;bdnb-bg-EVQA-3BHS-HUBE;75;22;3.0
1ASWHSYRCQNX;bdnb-bc-2T3M-CK3T-1J12;bdnb-bg-3LG7-1AGX-1FWA;75;34;5.0
1AZE3RC6CTAM;bdnb-bc-FZ6V-PHMB-VDFY;bdnb-bg-WME8-Z1KF-ZGEN;93;951;15.5
1C1KMR21NWVQ;bdnb-bc-K7Z3-NYVS-GMRS;bdnb-bg-GTXT-EXZU-2SD5;93;43;5.0
1C2PZMPNYMS8;bdnb-bc-3RNR-5FK9-B9MR;bdnb-bg-3TDM-9V36-6K8Y;93;48;3.4
1C3SHJC1G618;bdnb-bc-K11P-1DR1-M4FG;bdnb-bg-53XK-SMQ6-VWKZ;93;114;5.0
1C7JDM52XKNA;bdnb-bc-GSAF-G44H-AD52;bdnb-bg-DTA5-8E84-255J;93;46;5.0
1CF773DF4VYE;bdnb-bc-T4ZE-VSSP-KA8Q;bdnb-bg-NL9B-1H9B-7FYK;75;1832;19.8
1CVK7Q7DR66M;bdnb-bc-2G7W-3AC6-YYA4;bdnb-bg-TX2L-BY8V-23ZK;75;432;23.2
1CY9B6CJDZ9E;bdnb-bc-NDK1-GLJB-Z2WZ;bdnb-bg-B1SL-61KJ-TZR8;93;2565;10.3
1CZZRQBP858Z;bdnb-bc-NS29-YAAX-GVRD;bdnb-bg-HWC1-1L84-LM6X;75;7160;15.4
1D88ZYSHACGF;bdnb-bc-QSMK-88YE-8GP5;bdnb-bg-TPJ7-AV37-T995;93;565;5.3
1DYDQR21J9SM;bdnb-bc-E8CW-31Y1-XH5L;bdnb-bg-JUMJ-EW7K-2CMM;75;505;6.2
1E23BWDYNESG;bdnb-bc-PPVH-9P5N-RK88;bdnb-bg-FDY4-UABF-Z34F;93;128;4.9
1EAWR4NAKTCE;bdnb-bc-QRL7-2414-BQJS;bdnb-bg-5YBN-19WM-VHDU;93;46;7.7
1EEDBCTM7RR1;bdnb-bc-3THA-Z65M-GEWS;bdnb-bg-7GB7-CPLW-MGQG;75;231;5.0
1EN5FSKBQBKB;bdnb-bc-N2H7-TMXF-SHL3;bdnb-bg-99CX-WQGD-APAX;93;129;5.9
1F3XRX88TSDN;bdnb-bc-YAX6-J4WA-VHMW;bdnb-bg-94DK-HGFQ-KW4M;75;553;7.7
1FDBV8CE7AQK;bdnb-bc-7FNH-DRHB-D8G3;bdnb-bg-3NJT-9L9C-Z3T5;75;324;9.2
1FTDSFPXDY55;bdnb-bc-8VX8-EJWM-PYR4;bdnb-bg-6ANG-ZGN6-8P51;93;1165;14.8
1FY5N2VMBX7N;bdnb-bc-XXQ8-JHZF-VUR2;bdnb-bg-5ENP-2CN9-6KN7;75;1226;18.0
1G81XBYCZRBM;bdnb-bc-H9FT-MR4V-M5HJ;bdnb-bg-1M5B-B9PA-AGZS;75;127;4.2
1G8RZ3G2W6GV;bdnb-bc-S43U-8FFM-7M83;bdnb-bg-4L7N-EZWF-ZE1J;93;2328;9.9
1GQ3EC425JBG;bdnb-bc-PQZU-39PP-DYZ3;bdnb-bg-288V-Y1GW-K66W;75;564;4.0
1GQN9YG3WT67;bdnb-bc-SRDW-F5UW-FACD;bdnb-bg-1UQX-FUJ7-RTTU;75;877;17.6
1H6FP5J287Z4;bdnb-bc-HKVL-X1AC-6YFW;bdnb-bg-PRRE-SFY8-4FT5;93;24;12.5
1HP89M6K4D43;bdnb-bc-1WQ5-UZB9-BJMM;bdnb-bg-VANG-7517-SJ5A;75;722;16.1
1HYHSZ3W32QV;bdnb-bc-MDJE-9TW1-36S1;bdnb-bg-4YYN-9DWX-G1Y8;75;1446;15.0
1J83AZ8VE513;bdnb-bc-Y34Z-V29L-XJCD;bdnb-bg-NBFB-Y4CE-RDXE;93;1857;19.4
1JCE1DKG9AY2;bdnb-bc-R7QS-EJN2-NQEM;bdnb-bg-YHNY-6AFS-48MB;75;72;5.0
1JKAWHVS15G3;bdnb-bc-C5PB-GBHL-R62Y;bdnb-bg-N7B2-JYYE-KXL4;93;104;8.8
1JQZ4VF9135C;bdnb-bc-BT8D-V6M4-HDSF;bdnb-bg-7G61-UFDR-EANM;75;1468;24.9
1JTGY63KEG3A;bdnb-bc-1PA8-TT91-SQHR;bdnb-bg-FJRN-EPH8-EF7Q;93;572;10.0
1K8F1PGTKY2N;bdnb-bc-UP8Q-G9VD-XFGC;bdnb-bg-C3D9-ADN3-F3ZU;93;3858;11.7
1KBKTSM721CA;bdnb-bc-GQXS-X36J-LRMX;bdnb-bg-2UMJ-UWJ9-W59X;93;183;7.7
1M1HZPDY215P;bdnb-bc-Y56Y-8P9A-HUFZ;bdnb-bg-DSZU-QVHK-SQVV;75;804;7.5
1MH19FMF4RB8;bdnb-bc-CALT-MXKJ-PUEG;bdnb-bg-MQSP-P2RG-Q7UT;93;836;8.2
1MT6DQTXRNY5;bdnb-bc-MHCT-8KWG-YQU4;bdnb-bg-54U8-DEH3-5TDA;93;2183;6.7
1MVA6YGFBHR8;bdnb-bc-FYWZ-P5CE-H5K1;bdnb-bg-JKKP-LR6A-SRXU;75;971;12.6
1NK4T68S55YQ;bdnb-bc-M1JY-NJ8X-4SQ6;bdnb-bg-TR8L-9B2C-H2YE;75;1080;5.0
1NS2V4K7NTMS;bdnb-bc-BPT9-KEF2-BXCK;bdnb-bg-YZHF-LWYH-AECE;93;505;5.5
1P1G99CAD8GM;bdnb-bc-R47V-2YYB-AQ67;bdnb-bg-7XS6-JCAE-ERZS;75;60;4.7
1PG6EQDSWKCS;bdnb-bc-QS4U-511L-5HFQ;bdnb-bg-5YBN-19WM-VHDU;93;26;8.1
1QVVMVGKJ6M9;bdnb-bc-T1JX-CVRA-R3HD;bdnb-bg-5LES-RV2Y-K85A;75;204;8.7
1R73Z5JMPYV7;bdnb-bc-ZZJV-DSEB-TY3L;bdnb-bg-MWCL-AEDG-1RAV;93;29;4.1
1R7C5T7MSBVG;bdnb-bc-9YRV-G3Q1-N5RE;bdnb-bg-9EMA-UCEP-YWEP;75;115;4.9
1RH62QV66NXB;bdnb-bc-WHDS-NADH-TEEQ;bdnb-bg-4QLH-3RG7-CPCY;75;931;9.4
1SG8SHKZ96ZJ;bdnb-bc-A65V-9S2A-4XPZ;bdnb-bg-VUEZ-VAVW-G8KE;75;1203;8.3
1SQKXEA38QZE;bdnb-bc-4973-18EY-24M6;bdnb-bg-DB9C-6X3N-KQQ9;93;106;5.1
1TAVERCHW1VJ;bdnb-bc-UHFM-55X4-R8PJ;bdnb-bg-QANP-ZRUY-761Y;93;764;8.2
1TFVSGYQJ4AS;bdnb-bc-T3HX-EEWJ-S2KJ;bdnb-bg-9GAG-JUNJ-HFA2;93;287;7.7
1TGGB5BA3A6R;bdnb-bc-MC9L-P7YX-4LQN;bdnb-bg-FFML-E5V4-VAXR;93;784;4.0
1TN36WA69H9T;bdnb-bc-6168-EJ4M-NVFT;bdnb-bg-TJMX-3LBR-AKN2;75;1260;22.4
1V18Y8ZP6FVQ;bdnb-bc-EBA3-R817-K868;bdnb-bg-8UJX-3E5R-PBEX;75;431;22.9
1VH12THV1S9H;bdnb-bc-5TDD-FV96-BJR5;bdnb-bg-M7HD-UYJR-6A22;93;398;4.2
1VJFXTE59EFA;bdnb-bc-41P7-E1V6-3VKV;bdnb-bg-SF8T-LP9N-9BAU;75;865;8.6
1VJJ9C67ZCWC;bdnb-bc-W2K2-D3NC-X9N7;bdnb-bg-PQ1T-EHLX-HX97;75;703;8.3
1WB2CRAT4HP6;bdnb-bc-Q2FF-WRCX-ZD11;bdnb-bg-M6EW-W6QK-DJPN;93;80;6.4
1WCN4M58B7NC;bdnb-bc-F91L-KM1E-JMH5;bdnb-bg-ZLPF-J8D9-7UGJ;93;255;4.6
1WHXAEECDCX8;bdnb-bc-8YNA-B192-EXJS;bdnb-bg-XLBR-GAK8-WRQR;93;182;10.1
1WX6KKG1XWYJ;bdnb-bc-EQND-KLVW-E5LV;bdnb-bg-VJG5-LWDZ-G9XS;75;559;5.8
1XFS379KV4KW;bdnb-bc-HECR-V2TH-DP3Q;bdnb-bg-9HNB-6E8N-Z1CZ;93;3768;3.4
1Y8296XSWCFR;bdnb-bc-4ZMZ-6VTL-FLJM;bdnb-bg-AQJS-3V9G-8H2A;75;114;10.8
1Y8ZTH2TV4EM;bdnb-bc-J5YS-B9HX-VLWB;bdnb-bg-Z5N9-AEX6-DDQ6;75;516;8.8
1Y939AX15CV4;bdnb-bc-H9EH-S5Z4-QMEC;bdnb-bg-9GAG-JUNJ-HFA2;93;338;6.7
1ZFD33DNMK78;bdnb-bc-DWZ2-PKEA-R925;bdnb-bg-D4LN-L6Y5-FAJV;75;628;12.2
21DN3JZPB238;bdnb-bc-M32C-MDH8-NNUT;bdnb-bg-6DF4-BSR8-1NAZ;75;113;16.9
22HT83BNST66;bdnb-bc-29YJ-7UVH-72J3;bdnb-bg-9554-AS71-VSYW;93;372;5.9
22YYFCPWW9H6;bdnb-bc-K1D8-98AP-9LLN;bdnb-bg-CUY8-QY9K-24ZL;75;2908;14.2
23MNQQP3YS3T;bdnb-bc-XQM8-MSCQ-RC6W;bdnb-bg-U245-D3ML-N5DJ;75;5849;15.0
23PJFW8XFXX1;bdnb-bc-Y211-L3NP-Z9AX;bdnb-bg-HL3V-AN7W-15U9;93;2047;3.2
23RX6XPEWT3C;bdnb-bc-H1CW-CF83-D9UG;bdnb-bg-FN23-YD3B-2R2E;93;799;2.9
24J5XS487VAQ;bdnb-bc-LUS4-K9XJ-EFGL;bdnb-bg-9GAG-JUNJ-HFA2;93;159;5.7
24XVJSPAHVCM;bdnb-bc-M92S-TMMM-WJGY;bdnb-bg-MQSP-P2RG-Q7UT;93;2598;10.8
2584X6VXMRYV;bdnb-bc-GTDJ-YSGE-UVAD;bdnb-bg-4NQ9-9N3D-EKAX;75;141;5.6
26VWJ6KA5622;bdnb-bc-35GQ-3HTC-ZNX3;bdnb-bg-WX4V-4TBR-9AHG;75;104;2.7
274NCNQNW7BY;bdnb-bc-BHZH-9YUX-YAFR;bdnb-bg-1KBK-4VYH-PJZ8;75;36;5.0
274NZ9JSYJDP;bdnb-bc-C1NA-9JKT-83GG;bdnb-bg-L969-ATW6-RXT4;75;59;4.1
27ARK7X125TT;bdnb-bc-V7J6-U7VW-KCAF;bdnb-bg-VD2L-RKE4-GPSS;93;290;5.8
27CNGBYT4WK6;bdnb-bc-GKXY-NU4K-H2K7;bdnb-bg-QLBE-HKHW-R92N;75;243;4.6
28B52RHNC129;bdnb-bc-GNR6-7MN6-ABPJ;bdnb-bg-X52W-E552-TRTA;75;600;6.1
28MHAG95QKQM;bdnb-bc-AWMR-WU9R-QNSJ;bdnb-bg-EYTR-2RFR-6UB6;75;929;6.7
294AHA9AJ5AW;bdnb-bc-Q8DR-MNZA-9HZ6;bdnb-bg-4ZYM-SH6F-9YAH;93;39;5.0
29SNG2PJDMC2;bdnb-bc-DF55-CMCA-EDWL;bdnb-bg-F24W-9VSQ-2K5E;75;121;3.3
2AHQRM2W8AG3;bdnb-bc-EHZ8-JRZV-25V2;bdnb-bg-C2JH-LUF5-5MAR;75;582;10.8
2AJDC36R45GG;bdnb-bc-YRFD-M25Z-LXBP;bdnb-bg-Q5F1-GS47-E2YK;75;54;4.2
2AW9ZPWJETZW;bdnb-bc-23UF-MV6A-H9P6;bdnb-bg-KCCL-V8ND-E3Q9;75;119;3.2
2B5B8AMG296S;bdnb-bc-JX2S-RHK9-P3SU;bdnb-bg-GYTC-VEGU-ANHT;75;418;16.4
2C93X2DXM1VB;bdnb-bc-7RXL-J4EJ-YU3B;bdnb-bg-PNTF-BX25-74DJ;93;873;7.9
2DMC2YR2STSJ;bdnb-bc-1PSZ-37DU-152A;bdnb-bg-CT1J-S2F3-DT1F;93;218;13.1
2EF6WH9AXWMT;bdnb-bc-HT5X-JKU3-SU1S;bdnb-bg-BS5V-DY1T-ZM5T;93;354;8.8
2F3PN8V48K6V;bdnb-bc-NURH-BZGN-72ZP;bdnb-bg-NZBX-JCDQ-G9VW;93;122;7.2
2F8HTTFN1EKY;bdnb-bc-4RTR-V1ZC-16VY;bdnb-bg-V3FY-1AJS-5N25;93;204;14.6
2FC9D8CNQK2E;bdnb-bc-7H8S-VZLL-WQXN;bdnb-bg-AU8D-BA56-3T4W;93;919;9.1
2FE72MSH1RW4;bdnb-bc-268F-BC8M-C8E8;bdnb-bg-E3HM-1UKP-8L6Z;93;435;4.1
2FZ2S6A2DZJF;bdnb-bc-UQQ1-67UG-CE5V;bdnb-bg-PAY2-CBW3-2KCB;75;689;14.7
2G9WSCN7YEQ6;bdnb-bc-FGD5-GZW5-11XM;bdnb-bg-S39P-Z8QE-778Y;75;133;21.2
2HBKXKZZQEFE;bdnb-bc-BQNV-UA2K-YN5V;bdnb-bg-9YUZ-5HAW-5XP3;75;687;14.5
2HRJPVBW92ZR;bdnb-bc-1UCQ-91EV-AERM;bdnb-bg-5KWR-VWEE-D1LK;75;144;11.1
2JSTTK9D5ZM6;bdnb-bc-PD1A-FQAL-NNZY;bdnb-bg-Q4VH-4JFN-U7C9;75;90;5.8
2K6VCJFAA5KZ;bdnb-bc-9LRY-737N-GDB9;bdnb-bg-44Q6-97AF-FX6T;93;2452;5.0
2KHCME5MVCR7;bdnb-bc-GP8E-9LY9-K7E6;bdnb-bg-URZ6-8Z9M-DLKB;75;115;6.3
2KJHRWPEVMTG;bdnb-bc-7LEV-8AMB-XFAM;bdnb-bg-R8RF-23QR-YV67;93;1810;12.9
2KKAHCARPKM8;bdnb-bc-NSC2-LTUK-X6BB;bdnb-bg-GTXT-EXZU-2SD5;93;60;7.6
2KZN81TKR4MS;bdnb-bc-8KYT-3E2E-JH4P;bdnb-bg-9554-AS71-VSYW;93;59;7.7
2M16QAP2PSWN;bdnb-bc-QNWR-5BEW-K2YH;bdnb-bg-76RQ-W7VK-RXVM;93;1044;13.7
2MNCGAWB6S87;bdnb-bc-WB3H-RDVQ-X1H6;bdnb-bg-G5GY-S834-VK62;93;353;2.7
2MSYAJB3SJCA;bdnb-bc-T9LR-4VSZ-VU4Q;bdnb-bg-WYST-HHE4-VQQ9;93;1889;13.7
2N1C73DYVRK4;bdnb-bc-R95L-7AWM-6ZSJ;bdnb-bg-6KJ1-MNAB-VQ81;75;118;10.0
2NXVRF9YEACZ;bdnb-bc-RC91-HPX3-PHD4;bdnb-bg-YZHF-LWYH-AECE;93;451;16.2
2PSBNP2YY62S;bdnb-bc-F7CL-ARTM-3VFX;bdnb-bg-8LNP-66GX-8A5B;93;2446;12.1
2PX51NSWXH3A;bdnb-bc-W1US-LB1Y-3WQD;bdnb-bg-UZKP-27LM-5X87;93;4015;16.8
2Q8GDEQH1D7X;bdnb-bc-6KN1-5MTR-XNFD;bdnb-bg-7KHJ-64QZ-VWC5;75;1338;14.2
2Q9BW74VNKT1;bdnb-bc-TUXE-EE8B-BBWX;bdnb-bg-V93S-FAYW-VRAD;93;254;10.3
2RB334PJ37CY;bdnb-bc-HES4-4EN7-A3GV;bdnb-bg-31AP-B814-PG5S;93;1635;3.9
2SCPZ7172Y22;bdnb-bc-GW1F-KBMA-VXVE;bdnb-bg-YXNL-47CA-FZT5;75;651;12.2
2SFNAJTSG6QW;bdnb-bc-XSED-G3EK-TTCA;bdnb-bg-K8B5-BWVH-78U1;75;46;5.1
2ST6K44XZYGR;bdnb-bc-HMT1-TVH9-ES3Z;bdnb-bg-KGT1-BNU6-318C;93;1737;12.9
2SXMS7B8T3GQ;bdnb-bc-XWYG-683A-SCD6;bdnb-bg-86CR-914N-C1NK;93;60;5.0
2V2YCZGNCNN3;bdnb-bc-8T7C-CLHD-UAHC;bdnb-bg-T87A-TEU2-C4TT;93;156;14.0
2VYF2GTTC2VW;bdnb-bc-VYJR-V74M-ZC6S;bdnb-bg-7B97-XM6H-3XYK;93;96;6.3
2W7V5AKVQMJA;bdnb-bc-N3KB-DPWT-VE4R;bdnb-bg-2LM9-HTHS-PM2T;75;270;8.0
2WBCQDVQYQ8X;bdnb-bc-GF7R-N9H1-3YJC;bdnb-bg-X4N2-NM7S-9FQE;75;388;6.9
2WDRRAHQHQD3;bdnb-bc-14QG-JZZR-2KUZ;bdnb-bg-RE17-KSR5-6N25;75;335;16.4
2WDVH23TJD3Y;bdnb-bc-76FB-WNWR-FYQ7;bdnb-bg-MQLL-Z69Q-QRXA;93;26;4.8
2WFATDD95RJF;bdnb-bc-FBBU-A122-1FR2;bdnb-bg-3WZ4-N1ZE-DML1;75;136;5.0
2WZ757XNYPZ3;bdnb-bc-V6MV-4F24-L3LF;bdnb-bg-Y31P-HPHU-WV4V;75;68;9.9
2XSFBE9C8EZS;bdnb-bc-96ND-FRP6-Y2WD;bdnb-bg-W4LV-MR8T-HDW6;93;2092;6.3
2Y3XANSANNZN;bdnb-bc-5FB4-8CF8-TQ8R;bdnb-bg-Z3HZ-N2WU-3MFD;75;760;17.7
2ZEQC954QRFX;bdnb-bc-9NS3-Y7SZ-YLHJ;bdnb-bg-WN92-KX8P-TXAL;93;1382;12.0
2ZTTBZRT4BKV;bdnb-bc-4AED-5MPK-A7V7;bdnb-bg-R4JF-ZZ2M-J7XR;93;1134;3.5
2ZYQCTQQ4A2Q;bdnb-bc-FLE3-UMAR-H88Q;bdnb-bg-4HJ2-D2XA-3PNJ;75;139;3.7
316YAEMHN8N5;bdnb-bc-RHAY-CX6R-YL3Z;bdnb-bg-KJ7Y-MEMZ-T33E;93;600;5.2
31YMK93JM4FV;bdnb-bc-BZB9-QHML-GKX1;bdnb-bg-2KN5-1TPK-8GKP;75;336;14.9
322QPVBMPVZ2;bdnb-bc-HRD7-HPEW-F3VB;bdnb-bg-PQYG-FM7Z-1F2X;75;5644;30.2
32BAQ92R9ESF;bdnb-bc-VE6T-LJ1Z-P9FZ;bdnb-bg-BH6X-2FFW-6H31;75;1268;13.1
32BPW4TD27YB;bdnb-bc-JP9F-7HGJ-7T92;bdnb-bg-LBYY-ZYG5-3UZS;75;729;5.8
332B3JXBZNRA;bdnb-bc-WWU6-P694-LKP2;bdnb-bg-ZLPF-J8D9-7UGJ;93;257;3.6
33CYEWX18CXJ;bdnb-bc-FCUD-TCUR-1J36;bdnb-bg-9VRL-3CM4-MTSU;93;444;2.0
33H7EZ545FD6;bdnb-bc-CH4L-NDX3-CTWS;bdnb-bg-16WG-3WX4-NY42;93;1079;8.6
33P2TEVYXZFA;bdnb-bc-95FL-TWGJ-DRUM;bdnb-bg-V3FY-1AJS-5N25;93;30;3.0
33TKRWHTECC7;bdnb-bc-LU1U-3J4D-VNMU;bdnb-bg-4996-NZNR-Q63S;93;812;13.0
34DDM5N1B2HY;bdnb-bc-7FE7-NRN1-YGNT;bdnb-bg-R6W6-VQ3R-TJCS;93;137;2.4
34PFEMP5A3R8;bdnb-bc-3FCT-3MX4-MZKY;bdnb-bg-XMN1-NGNX-ZHA9;75;1592;19.8
35QZ5RZ4EBFA;bdnb-bc-NGPY-MYC7-L8S6;bdnb-bg-UUXR-GBEA-1N22;75;102;14.2
35SZWD9B8A25;bdnb-bc-5TXN-24W7-7F7P;bdnb-bg-LJGP-8R49-NMMW;93;863;5.0
362792T3Z3Z9;bdnb-bc-4CPN-8AEC-PMNV;bdnb-bg-B4RJ-EQYE-R21H;75;623;18.7
36MDS6458JVH;bdnb-bc-7KBQ-BTBT-GDBR;bdnb-bg-FXPQ-4Z3M-F5UH;75;180;24.6
36S626VSWADC;bdnb-bc-9X1X-2T9W-C5X9;bdnb-bg-Q7JQ-FQDH-8ZA4;93;442;7.7
389K74P1SN4A;bdnb-bc-SSCB-C37H-2S3J;bdnb-bg-L4W1-VBCU-T1MS;93;642;10.0
389MRGFRFP1D;bdnb-bc-4W6Q-3HXB-CQPW;bdnb-bg-CRRW-C472-BK2S;75;263;6.6
38SX7X2SEDMJ;bdnb-bc-FHL9-F9VS-ZTRP;bdnb-bg-YHFV-D54Q-A2DZ;93;2215;9.2
39BD6WSAEDBJ;bdnb-bc-9F4X-L7DE-UGT9;bdnb-bg-ZLPF-J8D9-7UGJ;93;55;4.8
3A2RHFR5XKK6;bdnb-bc-Y35E-8MQD-Y2N8;bdnb-bg-MPT8-JSGL-T5PS;75;2530;13.8
3A65SM28QNR5;bdnb-bc-WSGM-LG8M-5JRD;bdnb-bg-QL8T-MWNV-4THM;75;1243;13.0
3AFVDKWGZDRC;bdnb-bc-C1EG-T11B-S42K;bdnb-bg-QKHS-74T2-SRPY;93;719;7.6
3AJ17JJ6F6SM;bdnb-bc-C7HW-CBL5-SVZP;bdnb-bg-AE4M-GAL7-EBP8;75;99;5.9
3B2FRJY8DMJQ;bdnb-bc-UQAM-J63R-D74H;bdnb-bg-4B3M-NH5H-ZXL4;93;102;7.6
3CDWJDSM4T39;bdnb-bc-43MX-KC8Y-E3X2;bdnb-bg-79WW-WQFN-UVMZ;93;185;3.5
3CNX91C8AZ9S;bdnb-bc-MWVE-Q5W2-VSDX;bdnb-bg-KGPA-HCGC-WTQP;93;43;5.0
3CVAF35W5E5W;bdnb-bc-LE9C-WUWH-UQCE;bdnb-bg-JEXD-F7W6-LFU9;75;1608;14.2
3DKPT5D872VQ;bdnb-bc-QP73-5QZW-9APW;bdnb-bg-HLUL-YKR2-QQCC;75;33;5.2
3EDHBWCDT2VD;bdnb-bc-JH8X-8VH5-QVGG;bdnb-bg-VJXY-XWM3-HSEF;75;351;4.2
3EYTYX5YC18J;bdnb-bc-B6ZA-DFN5-UJWX;bdnb-bg-LVA1-FSEB-21RW;75;537;8.7
3EZR9X6H49EZ;bdnb-bc-VGAG-YN56-DLNC;bdnb-bg-3RRT-ZNM8-LBA3;75;243;5.0
3FPPTXRP38ZD;bdnb-bc-MQ7F-Z1E6-EQYE;bdnb-bg-5LES-RV2Y-K85A;75;464;19.3
3FQHPFSXGWAV;bdnb-bc-15X5-QGKT-KY5Q;bdnb-bg-1Z8T-EGAT-8XNQ;75;779;10.1
3G13XH1NW15J;bdnb-bc-9FST-Q2F7-B5L4;bdnb-bg-47DJ-ULYE-PMPD;93;735;6.4
3GWA5WVAHRAB;bdnb-bc-HWQ1-S3KE-PQ7A;bdnb-bg-NBFB-Y4CE-RDXE;93;1107;5.0
3HCDB17Z5AE8;bdnb-bc-T9XW-HH5W-PL8H;bdnb-bg-VUBQ-F4RF-DGXG;75;4234;33.6
3HD3W3MXEE7R;bdnb-bc-9RHU-PLBZ-H97J;bdnb-bg-NYKS-7JJM-8BDP;93;1782;8.4
3HDS4HHZS6MH;bdnb-bc-8DX1-3XRL-1AKL;bdnb-bg-VFJT-VPHU-AJQ6;75;329;18.9
3KNTNPN5FBWE;bdnb-bc-HRQC-YH2P-37T7;bdnb-bg-EL47-D9A6-3SHE;93;1655;8.6
3KQNR5W58G84;bdnb-bc-GL9D-YERV-M65T;bdnb-bg-QLK5-P4HN-ZS2Z;75;723;7.8
3MA8X11ECGEQ;bdnb-bc-YH3Y-HXS8-WUE9;bdnb-bg-GYSL-RCSW-T7TB;93;1728;4.0
3MGD1V5MR3JX;bdnb-bc-WW8W-XC8C-JXN3;bdnb-bg-391D-PDKS-5MTE;75;3083;1.1
3MH2TW9WMB9A;bdnb-bc-KTH3-2VZM-P1HB;bdnb-bg-GJDH-AZ19-EHH2;75;624;11.9
3MHFZEN35DMK;bdnb-bc-TM9N-7PB8-E125;bdnb-bg-KC9P-9Q9U-PNNT;93;1005;16.1
3NVMZTTCN3AC;bdnb-bc-645R-Y4NH-8MNS;bdnb-bg-2Z8Z-GCVL-Y25P;75;100;4.6
3NZ75HFFT79T;bdnb-bc-7615-3A1T-TFLF;bdnb-bg-4B3M-NH5H-ZXL4;93;65;9.1
3P5HP2KQD2WB;bdnb-bc-G3DU-3579-QX7G;bdnb-bg-XVWF-B25G-7RFH;75;64;3.5
3P9RSE3YG7XF;bdnb-bc-F368-7EU4-RHCR;bdnb-bg-NCVH-PV7J-NJZV;75;193;12.0
3PQ12969F1F3;bdnb-bc-URPE-9L51-CLM7;bdnb-bg-2XLJ-67DJ-3L1C;93;1795;2.6
3PXHVX88GPJQ;bdnb-bc-U389-U3K9-VKZ7;bdnb-bg-XLW3-QWZY-DQ65;75;86;3.3
3Q7J8V6F3A74;bdnb-bc-RNTL-YTXB-KTMK;bdnb-bg-2TT7-VTCU-NQW3;75;157;13.6
3QFS79TV97R5;bdnb-bc-X93P-X1XJ-MLHZ;bdnb-bg-FR4Z-CQHA-6Y3X;93;240;3.6
3R75MJFR5BQW;bdnb-bc-EBUL-D93R-1YUY;bdnb-bg-H9EE-E6BF-AZE5;75;2385;13.2
3RA66NQFZNB8;bdnb-bc-9BKS-R8RW-S6QW;bdnb-bg-44Q6-97AF-FX6T;93;330;5.3
3RGYQ682Z56A;bdnb-bc-ZALA-L6TB-MHQJ;bdnb-bg-96N1-8X1H-1C87;75;665;7.9
3RSQX3M624TN;bdnb-bc-KP6G-2TS4-3MCP;bdnb-bg-PQ1T-EHLX-HX97;75;33;4.7
3S67QBM3HEYV;bdnb-bc-FT7S-G68G-C5MN;bdnb-bg-F1NC-75S8-BT4N;93;179;6.6
3SS9YV975ZEG;bdnb-bc-SVHG-VPZH-LJUM;bdnb-bg-6TGK-6LQN-17KB;75;1066;15.7
3TGAPE1YK2N6;bdnb-bc-D2NB-7BNP-134S;bdnb-bg-QLBE-HKHW-R92N;75;656;15.8
3TV6E8SRXQJ7;bdnb-bc-RGK2-7ZVQ-QFGJ;bdnb-bg-CKNR-W37M-5136;93;1753;8.5
3V34159481X6;bdnb-bc-824Q-GGC3-K5ZD;bdnb-bg-T4CS-4KSA-QZBJ;93;686;7.4
3V4DX35F4FVG;bdnb-bc-2HP3-LTAJ-QJBQ;bdnb-bg-CGVB-X2KR-9R2Z;93;3087;11.2
3VAWB7EQX7CQ;bdnb-bc-HQTF-VEL1-T8GY;bdnb-bg-TEJL-CGWZ-FC8G;93;220;5.4
3VMKPNVSTJAE;bdnb-bc-NE5E-Y7ZR-XMVE;bdnb-bg-2V3Z-GJ6W-ZTD6;75;503;8.5
3W88JJ1HKVWE;bdnb-bc-XU1W-32K9-WB44;bdnb-bg-ZZ3H-QAY2-Q67B;93;155;4.7
3WT7TTSKWGFX;bdnb-bc-Q7SG-FP33-YNKD;bdnb-bg-SV42-R8X5-Z25M;75;192;4.6
3WZGAJE97YSC;bdnb-bc-82ZW-BKP5-77D2;bdnb-bg-2QTW-GWFF-AV59;75;611;7.1
3X58XNV7NRZT;bdnb-bc-3CZ9-VB69-G2P6;bdnb-bg-WLP4-4PW2-3CX3;75;346;12.1
3X75TT7QFVVS;bdnb-bc-YXK8-56M1-FU63;bdnb-bg-433D-Z3PC-3NP1;93;40;4.4
3XA6GFGNFS94;bdnb-bc-1LZX-Q8BM-FXTF;bdnb-bg-AP52-Q61N-GXBW;75;93;5.0
3XVMZWQNHPVH;bdnb-bc-X4UT-EJ3B-G9U7;bdnb-bg-MBST-9LM4-GQHV;93;2433;3.9
3YVEPS4W3VE1;bdnb-bc-M939-AENK-YVHK;bdnb-bg-D24Z-JNSA-3N4D;75;6742;21.3
3YZWY1QXW3KS;bdnb-bc-2NEG-CEMC-73DC;bdnb-bg-F1NC-75S8-BT4N;93;235;3.6
3ZTMA99Q7R2C;bdnb-bc-PM1A-6N6Y-A89A;bdnb-bg-N16C-S29Z-AKNY;75;56;5.3
41FMW3JSW9R9;bdnb-bc-1AKV-LA1S-NXEG;bdnb-bg-ZLPF-J8D9-7UGJ;93;30;3.0
43N3NCN5NQTP;bdnb-bc-9WDQ-S2AS-SDGY;bdnb-bg-HNGB-5Z4N-VQBP;75;1216;12.8
446SXVM6RYGS;bdnb-bc-ASR9-6Z6H-DZQA;bdnb-bg-7PLS-LJX8-PZHS;93;152;14.0
4487FNMVBHVP;bdnb-bc-2D2Z-QSL6-PU1L;bdnb-bg-U6CG-T3B6-VUS8;75;1115;8.4
44MBRYGBVP24;bdnb-bc-RCGQ-22BE-ZWKT;bdnb-bg-ZFPP-LA4J-SKGS;75;828;17.2
455JNJBGYYXW;bdnb-bc-R8UM-VGLQ-SET2;bdnb-bg-W38L-BKDS-TUQB;93;585;10.6
45GKRWXYGRRG;bdnb-bc-3WR4-RS26-J3X5;bdnb-bg-LMQL-LFPQ-SN7F;93;49;1.1
45K92AQH6MRT;bdnb-bc-TTCT-CXFM-BNNT;bdnb-bg-9UU9-PJTQ-22RJ;75;466;15.2
45KEAD4G8T3H;bdnb-bc-B65V-83B3-7M84;bdnb-bg-QYGS-RZYM-6F6U;93;1462;7.0
45NYBPRBSVD7;bdnb-bc-BK4S-GAAJ-88AT;bdnb-bg-6KJ1-MNAB-VQ81;75;80;14.4
461X5F5VXDWA;bdnb-bc-EVEE-RZPY-U6U7;bdnb-bg-MPT8-JSGL-T5PS;75;79;1.6
463ZA7YVXN7J;bdnb-bc-WT8S-FRWQ-A9PL;bdnb-bg-M7HD-UYJR-6A22;93;192;3.9
46HZPK1MCZM7;bdnb-bc-42DB-11P6-LQ24;bdnb-bg-8EVG-QNUG-MYVM;75;50;5.0
4861XT5A9MYE;bdnb-bc-FKYC-KDAR-D9RV;bdnb-bg-TYLE-DL72-FCRN;93;237;2.8
48956FA1BVTC;bdnb-bc-UFCT-7RYN-ZFK7;bdnb-bg-Q49X-MVZJ-DXZF;93;557;10.8
489NK2P321AB;bdnb-bc-QT84-MWRZ-UZEW;bdnb-bg-PRRE-SFY8-4FT5;93;162;3.1
48NMPRMSRMG1;bdnb-bc-PQUC-2CRS-4DU6;bdnb-bg-5GXQ-G88R-MRE8;75;927;23.1
49165SQY728T;bdnb-bc-Z2RG-77SR-M5KD;bdnb-bg-Q8HE-VBLM-UEDD;75;185;13.8
492RWYHNRGWP;bdnb-bc-J99V-5EAF-61WL;bdnb-bg-YXW1-2YG5-PFVU;75;192;6.6
4986QR25ZHXB;bdnb-bc-E1JJ-LWSQ-WU7T;bdnb-bg-B7J2-KL6G-4CYT;75;283;18.5
49C4REEN3EX3;bdnb-bc-V7LF-WBBN-7PJD;bdnb-bg-4GX9-SUDE-2KG4;93;1115;5.0
4A976JYV92QK;bdnb-bc-7Q87-7CNY-LEDG;bdnb-bg-CN8M-L9H2-DHEK;93;103;5.6
4B252A2TPZHM;bdnb-bc-7YMD-N1AW-6QZ5;bdnb-bg-CHCN-HQEF-XZU6;93;86;3.1
4BAYZ1T1YN2Q;bdnb-bc-1V21-QMHK-JM6K;bdnb-bg-9554-AS71-VSYW;93;420;7.4
4BCAXV8MMWQ2;bdnb-bc-LQZK-2GYD-GGEN;bdnb-bg-G5GY-S834-VK62;93;25;3.0
4BD997BJCE9P;bdnb-bc-5LPX-7483-Y8XT;bdnb-bg-ABL5-RK81-RQUH;75;1729;8.2
4BSXCNTW7F5N;bdnb-bc-XFJF-V55Q-JY2E;bdnb-bg-2KN5-1TPK-8GKP;75;89;7.0
4CK1ZPMX2EJK;bdnb-bc-B3DW-4BDY-6U5L;bdnb-bg-PB1B-N2GD-AQJB;93;478;10.3
4DC78F68E9P8;bdnb-bc-NQZZ-Z7D4-GBSG;bdnb-bg-PLJS-U1TU-UJNU;75;188;6.7
4DE8E7VC3Q9E;bdnb-bc-JQQ6-655Z-RVHF;bdnb-bg-GTXT-EXZU-2SD5;93;929;7.8
4DMXTSXHPNJ1;bdnb-bc-Z9Q2-6GDR-XRAT;bdnb-bg-AFZA-3B5R-52H1;93;980;5.4
4DSP4M4N8W9R;bdnb-bc-6CTG-31CP-T8ZA;bdnb-bg-ABQF-LP9S-924R;75;3267;23.8
4EADWKK1AK9H;bdnb-bc-ZXZ6-SQLJ-G4BH;bdnb-bg-4P22-M5T8-BPYV;93;620;5.8
4EGKMHNYX7PZ;bdnb-bc-5GK9-N9MY-GT8V;bdnb-bg-NHB3-GA3Y-E6QE;75;79;14.9
4ET2MQDNC67A;bdnb-bc-97M4-MBKY-CTFS;bdnb-bg-VGK6-8SKB-MWLX;75;30;10.8
4F9KZKBDX45J;bdnb-bc-S496-JDUJ-5X8V;bdnb-bg-DKY6-3S48-EQV9;75;115;5.0
4FQMEGHQ391T;bdnb-bc-ZHZC-1RK6-PRNW;bdnb-bg-PLJS-U1TU-UJNU;75;127;5.6
4FT2X6V4DG7K;bdnb-bc-7C46-3AVC-2J57;bdnb-bg-WYT9-K3ER-38PN;75;39;10.0
4FY1VS6QTM8X;bdnb-bc-JWTG-E19M-V8BC;bdnb-bg-HHE6-RGMM-EW1B;93;866;11.0
4HG45E2TPPSC;bdnb-bc-N2ND-EJSQ-9ENL;bdnb-bg-YM8U-E5JL-6ZQN;75;38;5.0
4HKGDJKEVGEY;bdnb-bc-CD83-AJWB-8CF1;bdnb-bg-KC6F-F1PU-MMBL;93;843;7.7
4JH9WAG7E2P2;bdnb-bc-C9EZ-U1FE-41WR;bdnb-bg-KWF6-AVS3-3ZF5;75;217;12.5
4K9NCJ5D1193;bdnb-bc-D2KP-H9MM-LE38;bdnb-bg-S7A7-2PR7-YNKW;93;41;5.0
4KBVZTYDGSK3;bdnb-bc-GM6U-VV9N-KMF5;bdnb-bg-MWTC-MPWL-AB94;93;2679;9.8
4KSX9EBNHYJ4;bdnb-bc-Q3GV-PCAM-67GQ;bdnb-bg-5741-X9L3-EPQ8;93;554;4.0
4MQ2D45QZBVZ;bdnb-bc-LN2T-HNW9-UTPY;bdnb-bg-NHB3-GA3Y-E6QE;75;429;9.6
4N8WZ7B3RGFR;bdnb-bc-71T6-TSJL-CW59;bdnb-bg-433D-Z3PC-3NP1;93;1087;9.1
4N9JG1QCEYFN;bdnb-bc-Q9EC-87Z1-FTHA;bdnb-bg-WFFZ-BSW4-FRUY;93;1169;7.3
4NC31RNT2FWM;bdnb-bc-2PU5-NZC4-J4GP;bdnb-bg-S5J4-TRUM-VRR8;93;1900;4.4
4P2KNH4JRWJM;bdnb-bc-EHWD-3Q33-119V;bdnb-bg-2BKW-X9U8-RFKN;75;1400;4.8
4P7R8TYT4Y68;bdnb-bc-WSK4-ZSME-ZVW4;bdnb-bg-DSZU-QVHK-SQVV;75;54;5.0
4PBAXGYK8FDN;bdnb-bc-SJCK-D6HC-Q6VW;bdnb-bg-Q2HK-4ESK-NZCE;93;453;12.5
4PFWQPFXBEQY;bdnb-bc-SMB4-NSS5-PM51;bdnb-bg-Z5N9-AEX6-DDQ6;75;1148;6.5
4PRDBZT3G3YV;bdnb-bc-XVGH-ZM9L-4SGW;bdnb-bg-CPJ6-6DFL-9CSH;75;1425;12.7
4PZXQGETGK6G;bdnb-bc-W1TN-Q45C-U8VU;bdnb-bg-AMG4-YC46-H16R;93;522;16.0
4SDFFXV5QC8E;bdnb-bc-5L97-SKY1-GSZL;bdnb-bg-SR3N-TRRX-2NE1;93;177;5.1
4SPDWJCHWGXQ;bdnb-bc-5Y62-V4JY-2TY8;bdnb-bg-EVAY-CKG7-JSJ9;93;2550;5.3
4TFRD516ZSTZ;bdnb-bc-D9ZS-H5UD-TAXG;bdnb-bg-X4UP-R2WE-C5AA;75;49;34.5
4TKKRZJ6YEP4;bdnb-bc-9RN2-CWD9-59FQ;bdnb-bg-1M5B-B9PA-AGZS;75;335;3.3
4V7T12TQFARV;bdnb-bc-WKM3-WXEW-WPKK;bdnb-bg-NWNH-8SMS-JDSS;75;77;3.1
4WEJQMNP8C8V;bdnb-bc-ZVCX-TDNM-W6US;bdnb-bg-K5GB-SMB6-CFYN;93;3223;8.7
4WERBJF9VHMR;bdnb-bc-D8U4-3N4E-DR18;bdnb-bg-UG1W-HCWC-7LYK;93;1894;9.7
4WM536HMVM1R;bdnb-bc-WE5E-3D9K-TZD1;bdnb-bg-Q5PX-QUG9-QQ5M;75;168;6.7
4WMKD3W4M86F;bdnb-bc-3S5H-A9JB-F63A;bdnb-bg-NCVH-PV7J-NJZV;75;776;12.0
4XPFBZA5YASS;bdnb-bc-JNC4-YUV6-5QVR;bdnb-bg-GYZF-FJ9U-XWZU;93;1563;9.9
4XRXM86F9S46;bdnb-bc-3QL3-STKC-2SDY;bdnb-bg-TFGW-LZX3-FZTK;93;1457;10.2
4Y1BFB4FE3FV;bdnb-bc-F5GC-QWK8-XRHG;bdnb-bg-FNGG-4JXU-KEUG;75;74;8.4
4YX4KFRDN5TN;bdnb-bc-UQGL-E7HR-A6MW;bdnb-bg-9UFV-1XWW-7XRL;93;819;9.3
4ZE9ZKE53DAP;bdnb-bc-JKMQ-RN8V-1HE7;bdnb-bg-4NG6-S412-VSZM;93;1751;9.3
4ZJ16ZAGNPDR;bdnb-bc-FDP9-TK93-L38E;bdnb-bg-TPRB-3UBE-ZTGJ;93;927;6.4
4ZP2EMMCWVAS;bdnb-bc-CX52-ZXR7-7JBJ;bdnb-bg-2JYD-FLNZ-4FSB;93;386;5.9
5111PNKDDX67;bdnb-bc-QFD2-NV2U-T1L7;bdnb-bg-6W64-9BA2-DQA9;93;124;4.8
51DJ7XEXQ3MD;bdnb-bc-ZYKH-UM2J-3VNT;bdnb-bg-VU97-2NB7-Y6XM;75;364;17.8
521RDRGGD2TG;bdnb-bc-MWAA-YH3K-VB5H;bdnb-bg-X4N2-NM7S-9FQE;75;146;5.8
522S45W7FFHP;bdnb-bc-XQXY-N8SN-HPVY;bdnb-bg-Q4KB-ZQCC-MLEV;75;610;20.2
52J522FTYA9H;bdnb-bc-TQAK-XHPB-J5FA;bdnb-bg-WN2N-6CAB-P9HD;93;148;18.8
52XFXS577VK2;bdnb-bc-7XGX-GPQ4-61P7;bdnb-bg-9554-AS71-VSYW;93;39;10.1
53ATE9TCE7SF;bdnb-bc-5NQM-RC87-QAAP;bdnb-bg-R2F7-78EE-8JP9;75;590;15.8
53DG61Z9BZ2W;bdnb-bc-3GJB-RJYE-4XWL;bdnb-bg-UM76-NBS8-8S53;93;557;16.1
53FS3NQQSCQN;bdnb-bc-S4DN-ZHNG-RUPT;bdnb-bg-W2KV-PY96-9UJL;93;2225;11.8
5426WQ154MB7;bdnb-bc-T597-BWWS-UPST;bdnb-bg-UBMU-HEVG-NVYL;75;870;22.1
54MT4ZGMZJ26;bdnb-bc-SYVM-VN2M-414T;bdnb-bg-PLJS-U1TU-UJNU;75;487;17.8
55CXXT3AHG9Z;bdnb-bc-VA4P-XUCE-LF4S;bdnb-bg-M7HD-UYJR-6A22;93;45;4.7
55JVAZHB8PQE;bdnb-bc-62MR-QAX3-JKBQ;bdnb-bg-X9WA-DRW6-EBC8;93;244;7.2
55V2SVBXFFZ1;bdnb-bc-L2XA-HND5-JHUD;bdnb-bg-PNTF-BX25-74DJ;93;145;6.3
563MVFNGYFZ5;bdnb-bc-RZAB-9YTZ-ZYMD;bdnb-bg-VZ2T-DWJV-M7DR;93;230;3.4
56ANFNH2ZNG4;bdnb-bc-HQKS-XPWM-G4WE;bdnb-bg-AAW1-7UJS-MS58;93;565;42.7
57AS6A2RNKQF;bdnb-bc-NSGV-5MFP-5Z44;bdnb-bg-1S3V-DBAA-YT8T;93;429;8.3
57XXVX6R33EW;bdnb-bc-SU19-GM4J-YAQV;bdnb-bg-AFZA-3B5R-52H1;93;614;6.4
581WVZATP4D1;bdnb-bc-ML6J-6ESK-3QDH;bdnb-bg-25Z7-8L2K-9TQA;93;6203;6.4
589QJXGKJ13X;bdnb-bc-5M97-57DP-R2SB;bdnb-bg-257Q-8F72-7UJZ;93;1639;9.9
58JDVHKG5RNK;bdnb-bc-QWM9-GAEE-CNVZ;bdnb-bg-ALF6-KPAB-L658;93;1404;8.4
59AX97J78J7T;bdnb-bc-3C4A-CGDL-4SB9;bdnb-bg-QKCY-MUEB-P4CM;75;588;8.5
5A4M9N5ZB7BT;bdnb-bc-2H4B-M9NN-275L;bdnb-bg-4MG6-WMWS-ZKD5;93;2560;18.0
5A9RD68CH1KT;bdnb-bc-FB4E-G4BH-7KMB;bdnb-bg-MQSP-P2RG-Q7UT;93;221;15.2
5B57PXKQP7BZ;bdnb-bc-3ERV-TPQA-W18A;bdnb-bg-SN8W-BSZF-1Z5S;75;521;13.0
5B6V8VV8BMQV;bdnb-bc-1U61-L767-K546;bdnb-bg-N5ZM-YWHV-RL78;93;845;6.9
5BA4VA5EMKNG;bdnb-bc-XC4P-5QCR-RVJY;bdnb-bg-TQ22-RHZQ-EEGR;75;196;20.6
5C2EP991MXKB;bdnb-bc-TQ39-HVUM-YMZZ;bdnb-bg-UF38-LCGF-MGV1;93;464;15.6
5C6QJ1BF9ZF5;bdnb-bc-PE5R-JGXU-J78J;bdnb-bg-1T99-2FWN-3DBD;93;1101;8.1
5D3PFZZRPN4E;bdnb-bc-TU41-5NS1-RHLP;bdnb-bg-AFZA-3B5R-52H1;93;707;4.4
5DBVV7N69CKZ;bdnb-bc-LW4J-8EN8-PC5A;bdnb-bg-YTBD-EWX3-WLVP;93;60;5.4
5DTKVAEKTH4F;bdnb-bc-M65B-MW3D-1VVL;bdnb-bg-KCCL-V8ND-E3Q9;75;125;3.7
5DZJ9E35GD2E;bdnb-bc-M78S-TZ5J-LNYL;bdnb-bg-EQMB-7GCC-3YT9;93;846;11.1
5E8H8D4STCBG;bdnb-bc-QU3X-SPYK-B6KY;bdnb-bg-6NUS-2ND6-ZHCA;93;2617;9.0
5EAK1PJ5NCWJ;bdnb-bc-3QNZ-J9K8-TSXT;bdnb-bg-433D-Z3PC-3NP1;93;30;9.9
5ED3HHRMRFZ3;bdnb-bc-G125-Q26U-1LZQ;bdnb-bg-V6YN-52R8-ZTMP;75;85;5.5
5EM7JCJZNSJF;bdnb-bc-2XNY-P7QU-RVX9;bdnb-bg-XEBW-EV5N-8R1F;75;67;9.2
5ES852D8K23E;bdnb-bc-QA8X-3QSN-VHWG;bdnb-bg-J8HS-TT5E-5UU8;75;112;5.0
5F19SATMCRGZ;bdnb-bc-QFLF-6DR8-4C5U;bdnb-bg-R4C3-9EHK-Z7G6;75;3439;27.2
5F4N87WHRREC;bdnb-bc-3PQK-XEJ4-RVKJ;bdnb-bg-2AQQ-KZFW-W769;75;1254;13.0
5FK9TPJK6WS7;bdnb-bc-XWZ3-QLUY-V8NM;bdnb-bg-YWVN-3KMA-W4CX;75;1044;19.4
5FKDYGXJ493M;bdnb-bc-24NH-E6BN-K3V3;bdnb-bg-BGRJ-L4YN-Q4D8;93;1382;6.1
5FPNTFKQYE7J;bdnb-bc-MG4P-Q9BB-J9A8;bdnb-bg-YZHF-LWYH-AECE;93;638;14.8
5GBAB9JF4D8J;bdnb-bc-C6LA-CCX7-24LS;bdnb-bg-85YM-RXJF-ABYT;93;111;5.0
5GERQ214KYB3;bdnb-bc-XVJ9-ZRF4-Q68F;bdnb-bg-VH1H-TQ1E-BZXF;75;175;7.1
5GFFHNPWVTJG;bdnb-bc-3L1Q-FXXW-DPK7;bdnb-bg-QFND-56CP-LDDN;75;391;16.2
5GSA99TM1QNV;bdnb-bc-BR34-H5V1-ZFN5;bdnb-bg-5LES-RV2Y-K85A;75;148;6.2
5GXQTGJ85RP8;bdnb-bc-LMWQ-W4XM-2NG1;bdnb-bg-NYC6-JVXD-H3JS;93;1144;6.1
5HHXTMJNR7BK;bdnb-bc-BQBP-4X3L-V11Y;bdnb-bg-BHZX-PS2D-82M4;93;1114;4.0
5HK652H7N52C;bdnb-bc-5MA5-PV5U-G2VM;bdnb-bg-WX4V-4TBR-9AHG;75;1596;8.3
5KKAHYHAJ4VK;bdnb-bc-Q6ZD-3HSX-NZF3;bdnb-bg-DXA2-3MK5-D1XC;93;891;9.7
5M172HBY41YW;bdnb-bc-39R2-4KF9-8G42;bdnb-bg-2PBZ-KF15-4EZV;93;151;6.3
5M36B11WQ242;bdnb-bc-BEHU-M5WL-238F;bdnb-bg-6YXS-WZUW-AW6D;75;36;8.3
5MK5PZPZTC9N;bdnb-bc-HE64-PKMA-8CHJ;bdnb-bg-ZT9T-Q6WL-ZB6V;93;589;4.0
5MTKVVR6K8T3;bdnb-bc-XL5G-U4QT-4HXL;bdnb-bg-UZF9-GGXU-T1E8;93;1067;9.5
5MWJ2G8H1655;bdnb-bc-V4V7-9VJD-PP6D;bdnb-bg-HAXG-ZFF7-TKNH;75;385;17.5
5MWQRC54ST6B;bdnb-bc-6AKC-6B2W-G69A;bdnb-bg-AQJS-3V9G-8H2A;75;328;21.6
5N9BQKZ194Q1;bdnb-bc-2BLL-3YGQ-ZVRB;bdnb-bg-YFC5-7FNL-QMB7;93;1700;5.7
5NJ6XK43NY58;bdnb-bc-NM3X-MBUA-EY5Q;bdnb-bg-YXNY-P31L-1NMD;75;217;6.5
5PY657YZ4CBG;bdnb-bc-PLLJ-D98M-5V2T;bdnb-bg-QMX2-YF2J-MJRM;93;618;13.7
5QATX1HSJ4CE;bdnb-bc-19R6-GZJ4-NE6Q;bdnb-bg-VJG5-LWDZ-G9XS;75;532;6.0
5QBDGEJNQB68;bdnb-bc-Y2KX-JDR9-U3FB;bdnb-bg-7JXV-FSUB-9WX1;93;122;3.9
5QH1Q7M16PTS;bdnb-bc-W44B-TDJB-GZWR;bdnb-bg-MQSP-P2RG-Q7UT;93;180;7.0
5R4WVZZ3FTXW;bdnb-bc-4YYE-CCL2-2PPB;bdnb-bg-CRRW-C472-BK2S;75;36;5.0
5S2EWQM8JTDH;bdnb-bc-7G7D-9VS9-Q4JS;bdnb-bg-H3GE-W7BW-7PWE;93;859;10.4
5SCAP27VKZZY;bdnb-bc-P24R-869B-6Q48;bdnb-bg-UT59-H8RL-BRP9;93;145;3.8
5SEP315GETM1;bdnb-bc-PVTU-78F1-NKEN;bdnb-bg-J2ZR-Z843-AAWD;93;749;5.2
5SYJGM6WVHNX;bdnb-bc-89FG-QRMJ-PNZY;bdnb-bg-8D4V-A487-T2N5;75;64;5.0
5T39ME1KBE5Q;bdnb-bc-9RUE-PQ8M-R1FF;bdnb-bg-UF38-LCGF-MGV1;93;532;15.2
5TYC9X83Z154;bdnb-bc-QFJW-HCDF-65WF;bdnb-bg-ZE65-MATQ-5Q5E;75;94;6.0
5XV33332S9PH;bdnb-bc-4S61-KRFA-LU9N;bdnb-bg-S17A-EHCQ-TERS;75;241;8.1
5Y1MRPESX28Z;bdnb-bc-DFC5-JZKQ-QB1H;bdnb-bg-W3HC-Y3PD-TRQF;93;801;5.4
5YXP7WR8RE4T;bdnb-bc-W3EF-PKE2-CL7G;bdnb-bg-AP52-Q61N-GXBW;75;395;12.5
5ZVA7R44E5RJ;bdnb-bc-2HQV-HYS9-41LQ;bdnb-bg-KCCL-V8ND-E3Q9;75;507;3.5
61149K23CEPW;bdnb-bc-2NGD-ML21-EFK6;bdnb-bg-8S8X-GJTQ-ZSE2;93;607;9.8
611HG84TASBB;bdnb-bc-TFU7-4RFB-EE3U;bdnb-bg-L4W1-VBCU-T1MS;93;532;10.9
61GSH1B7K5M6;bdnb-bc-ZAHL-XGMQ-EGG7;bdnb-bg-F3CJ-RUAJ-QCGW;93;1094;7.0
622AWSVTZPGH;bdnb-bc-CNKF-4NWE-5A37;bdnb-bg-C6HJ-Q8G4-U3Z3;93;1123;14.5
6297GVHV9C38;bdnb-bc-7JSE-X29Q-EHVD;bdnb-bg-6XEX-HLLT-JH69;93;139;7.2
62A9F7XEHHHG;bdnb-bc-WRAW-RADE-S55Z;bdnb-bg-DXT3-MP5N-T663;93;1105;4.2
62D91X3VAYXD;bdnb-bc-N4EW-W7UM-2G8L;bdnb-bg-APNU-THMQ-SES9;75;21;5.7
62VJG9SQJWN6;bdnb-bc-S2TQ-S4LE-PDJC;bdnb-bg-Q4VH-4JFN-U7C9;75;774;10.6
633969TNMFSR;bdnb-bc-QD2E-CZ4L-D11Y;bdnb-bg-HNLZ-4T7Y-UEJD;75;401;5.1
63B41SC7P7XM;bdnb-bc-AJ33-YC65-62EU;bdnb-bg-47DJ-ULYE-PMPD;93;1748;11.7
64CXQ41Z9WRW;bdnb-bc-P1K4-45R9-9J5V;bdnb-bg-V6YN-52R8-ZTMP;75;409;19.7
64ZFMKQXDVES;bdnb-bc-U487-SZHJ-N49M;bdnb-bg-5AYC-RPYM-66T9;75;1666;13.6
653J675F7RRV;bdnb-bc-P63V-1EKQ-QC45;bdnb-bg-1W3R-4PX9-K3JW;75;662;5.4
66JDXR5PCYCQ;bdnb-bc-E7ZH-EWXF-9Q37;bdnb-bg-CPJ6-6DFL-9CSH;75;469;12.7
66ZVT7T647C2;bdnb-bc-G96M-HQQ4-SAYQ;bdnb-bg-ZLPF-J8D9-7UGJ;93;89;4.1
671KQ3XKYYEN;bdnb-bc-T63Y-ZPQB-P5VQ;bdnb-bg-VJG5-LWDZ-G9XS;75;3465;20.8
67M2S8GCNXWJ;bdnb-bc-LZCG-ME26-BXN7;bdnb-bg-818J-9JTD-JDQQ;93;1226;12.0
682DXDMRGHWN;bdnb-bc-4HR4-Z11B-UG1N;bdnb-bg-1YU7-4DY1-SB7J;75;429;16.6
69EP6AH19KD4;bdnb-bc-YJ5A-WP2G-4L3U;bdnb-bg-VZ6D-MZHH-H7QL;75;5262;10.0
6AVZM2S3SN3M;bdnb-bc-KCQA-DD6R-EVZ4;bdnb-bg-QKHS-74T2-SRPY;93;57;5.0
6B5WATFX86NY;bdnb-bc-P3VR-TSP9-T3UJ;bdnb-bg-79Y6-CTYS-E91F;93;258;12.7
6BGQZS5K2BD5;bdnb-bc-DB5J-8M2J-YX7K;bdnb-bg-JGUM-8GA4-72MX;75;2423;15.8
6BHSQQKGR4SC;bdnb-bc-8CZU-9K6D-NEQC;bdnb-bg-13YT-KW6N-HSMM;93;731;6.7
6CD5Y3GJJD4R;bdnb-bc-LS2E-73M6-2AMU;bdnb-bg-L95M-7DHG-MCHH;75;135;5.0
6CQABWQWAE8A;bdnb-bc-1BDB-G49N-9KBP;bdnb-bg-2S5V-9AKQ-GMHC;75;452;16.7
6D7MFCDJYBMZ;bdnb-bc-J6QY-XDGL-8WSY;bdnb-bg-YF5X-7NDS-79FW;75;777;4.5
6DKRR7W79CMC;bdnb-bc-1X7W-XU2B-4LNZ;bdnb-bg-GWQS-UQ2V-6X9R;75;3032;27.0
6DWQZQ47XGVA;bdnb-bc-XS4C-Y179-P226;bdnb-bg-LSU1-EFEZ-AWMR;75;212;5.1
6E13K8JT7EA5;bdnb-bc-A6DC-7PR1-A9AW;bdnb-bg-VGK6-8SKB-MWLX;75;32;5.0
6EKCZSHEJ574;bdnb-bc-BL24-M3C7-Q28Z;bdnb-bg-QL8T-MWNV-4THM;75;57;5.0
6FNVPQ37CDS5;bdnb-bc-QZ49-Y65Z-3DKC;bdnb-bg-W52D-3HJA-B8HS;75;668;12.1
6GDH9K32VY9D;bdnb-bc-23BP-57Z2-DJJP;bdnb-bg-9KAZ-YU1C-XG2E;75;563;20.8
6HDRSC2V37C4;bdnb-bc-YFB4-R7AK-Z3LD;bdnb-bg-AWL2-E93K-3ASV;93;665;9.9
6HHMHB7K2AQ6;bdnb-bc-287H-ZJ8W-HCJS;bdnb-bg-RW3N-HYC1-FHGG;93;101;10.2
6HRGQ6QC5HYX;bdnb-bc-P3UA-65M3-JPDH;bdnb-bg-HGV3-DB4X-GUKQ;93;1054;6.5
6JMCNGXASRFY;bdnb-bc-V6T4-UMVH-XUR3;bdnb-bg-1BWZ-3LDG-GDQ7;93;671;4.5
6JMZCKC5Z2P4;bdnb-bc-91MZ-B44R-PWCC;bdnb-bg-2Y78-6LQC-7293;93;611;15.5
6JMZCKC5Z2P4;bdnb-bc-9ZFZ-9W2D-JRNH;bdnb-bg-A9TK-KVUX-LPNV;93;936;15.5
6JS954DA5GP6;bdnb-bc-FVBM-VZRH-3QYQ;bdnb-bg-VDW5-NUB2-WLT8;93;113;6.5
6K5VTCW4KBX1;bdnb-bc-1Q8C-TP3F-CLZ5;bdnb-bg-F1NC-75S8-BT4N;93;1287;11.9
6KEVFX7Z1PPX;bdnb-bc-TNBA-VEPK-QQ1A;bdnb-bg-ESJB-XRQZ-T4NG;75;117;6.9
6KQ4NMT956BV;bdnb-bc-2SL8-HX3B-WE24;bdnb-bg-PKLN-LVWJ-TUD6;75;95;14.4
6KSK55HH3B44;bdnb-bc-D3UR-3Q9U-WYQE;bdnb-bg-JGUW-YRVK-U28N;75;2077;8.2
6KXZW41ZZ3CX;bdnb-bc-QR7S-A1G9-L1DG;bdnb-bg-DUA9-CJBN-2WL1;93;1253;5.3
6M337M96RPFH;bdnb-bc-FSZ1-PX38-616T;bdnb-bg-3WZ4-N1ZE-DML1;75;149;1.9
6MPQM9XTV93M;bdnb-bc-FM6N-DT1R-UDDJ;bdnb-bg-86CR-914N-C1NK;93;3136;6.8
6MYBW79YWGZA;bdnb-bc-CDMB-JRLZ-SKAX;bdnb-bg-3RNN-TMPZ-4SYH;75;94;14.4
6NBADEFNYTS7;bdnb-bc-XAV8-WJ3A-GTHS;bdnb-bg-WMQ4-JW9R-9ZL1;93;246;2.7
6NQH7GNAZGND;bdnb-bc-66PB-RANR-HG2J;bdnb-bg-2UP9-A4M3-3DVE;93;1131;2.2
6P945FHHR8RX;bdnb-bc-YWCH-KB8Q-CGAY;bdnb-bg-S1V8-2XWB-WSL3;93;1137;3.4
6PAFP8PNG4PW;bdnb-bc-41EY-SU6N-CYUJ;bdnb-bg-UN6Y-TA6Q-34M1;93;330;10.5
6PDA3X8C55XB;bdnb-bc-9YCY-VF56-18QY;bdnb-bg-X2QW-GW6N-2M8A;75;6223;12.4
6PFAYKH83SFK;bdnb-bc-WRQ3-U1ZP-BGJA;bdnb-bg-8ECH-KFBN-P4L6;75;5026;20.0
6QS817A3WBJV;bdnb-bc-12Q2-5GZ6-HQG9;bdnb-bg-WCLT-KRDW-DV1P;75;874;5.5
6QZC9G9C7DTJ;bdnb-bc-H6G7-W1DJ-EKY5;bdnb-bg-45H3-K62E-4GJX;75;2856;13.4
6RJ9HV3MPH4K;bdnb-bc-YASH-CPZP-UQJN;bdnb-bg-9KAE-2KH2-KS6J;75;198;11.7
6RJG3FFPPYX5;bdnb-bc-56FK-FQGA-BG2K;bdnb-bg-ULYM-2X9V-G4KT;93;53;3.0
6RS16WFS4EH4;bdnb-bc-7RTT-B7PB-TNK9;bdnb-bg-5YBN-19WM-VHDU;93;46;7.8
6S14VB2E73PF;bdnb-bc-242T-Q1NW-EKX6;bdnb-bg-LZ9V-EYR4-AT99;93;1033;5.3
6S6Q28F1D68J;bdnb-bc-YB9V-6FDE-1NX1;bdnb-bg-KGPA-HCGC-WTQP;93;69;3.3
6T3KPP9HH2KF;bdnb-bc-YUMX-BVEY-MDWZ;bdnb-bg-U245-D3ML-N5DJ;75;54;6.0
6TDDA8CF2D1Y;bdnb-bc-4UEK-5VY8-QPB5;bdnb-bg-M6EW-W6QK-DJPN;93;3991;3.6
6TMTPD5MX3PJ;bdnb-bc-26EB-ZPQZ-UN5T;bdnb-bg-VM6M-4Z9Q-QN7Y;75;1412;12.3
6TNXJND8ZDG5;bdnb-bc-A665-NMHD-QZTJ;bdnb-bg-4DM5-62MA-CL2P;75;146;20.0
6V425PN2MRDM;bdnb-bc-R8F6-9QJA-R7TB;bdnb-bg-UM76-NBS8-8S53;93;112;3.9
6V6C62AEMPM4;bdnb-bc-PFYH-QQME-4HL4;bdnb-bg-49RX-W4TM-9CLB;93;83;3.7
6V7BSX3C3XEF;bdnb-bc-L79M-HJYY-A2TK;bdnb-bg-5CQF-SF2T-5XEC;75;206;9.2
6V7RT6CV4VMM;bdnb-bc-9XKJ-D4B6-TX7H;bdnb-bg-ATFX-H6PZ-4MPQ;93;1726;4.8
6WBJK5HM6RAR;bdnb-bc-7EZU-97XN-1AH7;bdnb-bg-JY11-4RJG-34ZT;75;626;22.0
6XZ86J4WDA95;bdnb-bc-SA3L-CLW8-CCQE;bdnb-bg-A4ZH-9JCY-C96U;93;1435;10.2
6YNVXY7DYT45;bdnb-bc-M249-R14W-HH6Y;bdnb-bg-RAXH-XDE9-3WQQ;75;755;17.5
6YYMDTQSH47Y;bdnb-bc-JQ1D-EHMH-YHLW;bdnb-bg-GTXT-EXZU-2SD5;93;217;7.2
6Z86NXPBJHEA;bdnb-bc-6MDZ-J7QD-XM4M;bdnb-bg-3RRT-ZNM8-LBA3;75;1670;6.1
6ZNRDGYNEFVS;bdnb-bc-P2DG-TTB2-W6R7;bdnb-bg-TLMC-8RE6-9E2Y;93;1401;5.0
71NAJWVSQWNG;bdnb-bc-GCTQ-71CN-E5JU;bdnb-bg-J4F6-LMX3-MJ2L;75;1928;14.1
723CXF3KXFJP;bdnb-bc-F1DK-99S5-F2DD;bdnb-bg-C2UT-33HR-2FBP;75;297;14.0
7268RCAKC1VH;bdnb-bc-TCLB-2P2H-7VZE;bdnb-bg-HWZK-EV1T-CD8M;93;1284;6.0
728WTEPDRGTT;bdnb-bc-D3UG-GU21-PKH3;bdnb-bg-9GAG-JUNJ-HFA2;93;283;13.8
72AE6VNWCRRW;bdnb-bc-RA7U-5PXN-2GSF;bdnb-bg-TLSZ-SFFF-H8QM;75;76;19.5
72NEY7M2B816;bdnb-bc-PR2J-1KB7-A91Y;bdnb-bg-7UEB-QD2W-8N16;75;561;10.7
72QHH2DRQEQ1;bdnb-bc-6HYM-L3EB-4W57;bdnb-bg-T4CS-4KSA-QZBJ;93;707;2.5
733KFRXH9E2S;bdnb-bc-RR14-4345-YJXW;bdnb-bg-PLJS-U1TU-UJNU;75;66;8.0
73XRW9KEN865;bdnb-bc-XYKC-D5BP-HEFQ;bdnb-bg-L95M-7DHG-MCHH;75;99;3.0
749EAPZTGND9;bdnb-bc-27NC-6VRX-65AK;bdnb-bg-7G61-UFDR-EANM;75;204;6.4
75A7SHZ6BF97;bdnb-bc-6VT2-JCZN-73L3;bdnb-bg-39RU-YTEE-7U8V;75;1374;14.8
763FJF7DNA1E;bdnb-bc-GFEE-15KX-J6VU;bdnb-bg-29GC-ZQ1V-CGB3;93;1727;12.9
764Y8J7MD775;bdnb-bc-5GV5-PHFE-F7T1;bdnb-bg-CN8M-L9H2-DHEK;93;80;4.1
76581N2MV9CT;bdnb-bc-T1T5-DD4U-JDDQ;bdnb-bg-9554-AS71-VSYW;93;27;4.9
765JAD6FA6H2;bdnb-bc-WEXP-MHS1-LCEU;bdnb-bg-7B24-7JU3-1MRB;75;198;13.2
76AW8MAGM1YD;bdnb-bc-ZHGY-54YM-WLJ9;bdnb-bg-ULYM-2X9V-G4KT;93;735;9.0
76KB7FX9B7E4;bdnb-bc-2RER-U815-5J1Y;bdnb-bg-P1F9-ZFUB-353J;75;865;16.4
77JP7F8S7YPC;bdnb-bc-TJC6-QFJV-VDG8;bdnb-bg-9PAG-YFE7-NV2V;93;1781;5.1
77ZDDDNBKPW3;bdnb-bc-5D9E-674B-59SR;bdnb-bg-F7WC-LUPN-YZA5;93;3794;15.3
788JK1WXS2R6;bdnb-bc-5KCG-6HAH-S8YA;bdnb-bg-Y3RZ-2RYN-3R23;93;333;5.1
793BTMBN5Q12;bdnb-bc-TG3H-GSLT-6T58;bdnb-bg-8EBG-DQ1V-6YBE;93;1800;4.8
79Q7A8BB47V6;bdnb-bc-56YA-C8EA-7SGD;bdnb-bg-AEQ3-VT7L-N1B8;93;1136;3.3
7AQBAAPF24MH;bdnb-bc-ZSTD-SSZJ-6QKE;bdnb-bg-BS5V-DY1T-ZM5T;93;1082;9.3
7AX4RCAX32DY;bdnb-bc-S8LX-RQ2Y-54Z8;bdnb-bg-WN2N-6CAB-P9HD;93;687;13.8
7C3F567SSX1F;bdnb-bc-WLKG-15WD-HAQR;bdnb-bg-ZVTD-D85M-YG5P;93;3578;3.4
7CSNC8SESVX3;bdnb-bc-GZBG-CJSG-MCKP;bdnb-bg-J8GR-QP92-3VYG;75;832;10.3
7D6S8WVB2GJW;bdnb-bc-P4WL-TY3C-TZAK;bdnb-bg-EYU9-YP33-XY26;75;618;12.5
7DJ2AV7HZD3F;bdnb-bc-JSJN-UGCA-K63Y;bdnb-bg-LNKZ-J7KT-P6C3;93;697;7.1
7DK1S8XAPPWN;bdnb-bc-4V9R-UEPF-7JCC;bdnb-bg-AG4A-B133-4XCB;93;1004;4.6
7DM236PFD2J4;bdnb-bc-FQCN-VKVP-2WMA;bdnb-bg-Y4X2-37RB-HZ1C;75;37;4.3
7DZ6VGVRKR6S;bdnb-bc-AP1C-2A3K-9M5A;bdnb-bg-AUYR-83XJ-CFU8;93;541;12.5
7E1HC69WQZGF;bdnb-bc-US27-RULS-CAL7;bdnb-bg-6DF4-BSR8-1NAZ;75;322;16.3
7E39VVH7AN5W;bdnb-bc-Z6LA-B5S1-5HTT;bdnb-bg-ZWSJ-C4M1-AAJS;75;1666;15.7
7E6HK6WPT1A2;bdnb-bc-7ZSJ-91M9-X9HB;bdnb-bg-AU8E-L5A2-7DCG;93;1387;5.0
7FAVH7EVVYWF;bdnb-bc-L9DC-GUG5-9N3V;bdnb-bg-U1N4-28Z7-KAMZ;93;2606;11.4
7FWAK2G3P1X5;bdnb-bc-SATX-SC84-AWQF;bdnb-bg-LZ9V-EYR4-AT99;93;144;2.5
7H2AAP7194AJ;bdnb-bc-6TYN-KF87-VGPL;bdnb-bg-9KBC-APVA-YF5T;93;52;5.0
7H98YESP1GJ2;bdnb-bc-NYCM-TABX-M8DL;bdnb-bg-2S5V-9AKQ-GMHC;75;957;15.4
7HKXKYYRBCY3;bdnb-bc-EEPU-1RYD-1JPW;bdnb-bg-L7JS-Y38T-W877;93;312;4.3
7HN1DV28RJHN;bdnb-bc-HJU8-HFSC-SC6X;bdnb-bg-N9FS-VJSM-79JA;93;1758;5.8
7HXM32R5E5KF;bdnb-bc-YT6B-78JD-NZC2;bdnb-bg-MYY2-4XVE-BF5Y;75;52;21.5
7JBC6QWNG6N6;bdnb-bc-6ZLA-JMLK-3Z1L;bdnb-bg-MSBU-MAN2-ST8V;75;430;22.0
7JEPSRXTHDZQ;bdnb-bc-E7LE-PGWZ-DLB4;bdnb-bg-C9KH-84VF-TB7A;75;233;8.3
7JTCB6B9PVWA;bdnb-bc-MRCQ-SWEM-NZPQ;bdnb-bg-2MKP-3HEW-8W36;75;117;5.6
7JVEP3JWDTFA;bdnb-bc-4D79-1EP6-D3XJ;bdnb-bg-6FZ7-LKDT-PXLS;93;709;6.8
7K1SDQVGDWZE;bdnb-bc-417W-DBHT-VJ1H;bdnb-bg-AP52-Q61N-GXBW;75;131;7.0
7K1SVTD6ME2P;bdnb-bc-6TKT-639X-1671;bdnb-bg-VAUR-YJSD-5A19;75;2081;14.8
7KCZA57CMP55;bdnb-bc-HALR-7WHY-1XPW;bdnb-bg-JKKP-LR6A-SRXU;75;205;6.2
7KR7S2SK177M;bdnb-bc-7EPP-5UH5-9ZYR;bdnb-bg-ZSDB-KQTE-XSZ9;75;1082;29.6
7N12RTQA45NC;bdnb-bc-1CPR-5XUX-2B8G;bdnb-bg-AE8C-MYYR-ULZC;93;2248;10.5
7N3AYMYVPXMY;bdnb-bc-KSJ6-ZNW9-X25B;bdnb-bg-HRF6-CKLK-8BLV;75;674;13.9
7N4SQQPZ1FGX;bdnb-bc-ZW2F-1GHB-59LB;bdnb-bg-81T4-RGFT-ZFA7;75;856;5.3
7NQ1WAGF7EBA;bdnb-bc-1CR5-W1ND-S525;bdnb-bg-KQY8-P92R-75MA;93;3023;7.8
7NSF8VXP9XSG;bdnb-bc-5PUY-BAHV-EMD7;bdnb-bg-7W6V-9D5U-AJEL;75;38;17.0
7NSKJJB85BJ3;bdnb-bc-6U4P-KMPZ-M676;bdnb-bg-L95M-7DHG-MCHH;75;154;15.1
7P48STKTFGZP;bdnb-bc-ZKYR-1DAG-3VJA;bdnb-bg-FDY4-UABF-Z34F;93;436;9.4
7QAV9H4F3D22;bdnb-bc-N72G-3AZD-CSGF;bdnb-bg-Q8HE-VBLM-UEDD;75;94;0.5
7R1G5CK9N6FP;bdnb-bc-62QW-5JTC-8CZ8;bdnb-bg-VCQR-UJC9-H2SL;93;584;10.8
7R2AGQH7ZC3A;bdnb-bc-4DYE-ZEBV-M1AF;bdnb-bg-GB7Y-8CKD-XB3A;75;603;10.0
7R49HN3N65HS;bdnb-bc-7LN7-P6BN-CJRX;bdnb-bg-7VB2-9RY5-752D;93;129;11.4
7R51VP3BGE9H;bdnb-bc-8XAS-N7H6-LVB4;bdnb-bg-2NBM-R1QX-WYTX;75;8267;10.9
7S19DEH18FJT;bdnb-bc-AW2A-AYR2-RXBY;bdnb-bg-YXW1-2YG5-PFVU;75;1825;10.8
7TR3Q86ZYYYN;bdnb-bc-D3F8-7G6G-5HC6;bdnb-bg-QCSF-1Y5B-L6AJ;93;1600;10.0
7TW1Y6YTKTE9;bdnb-bc-BK99-KJJG-6DB3;bdnb-bg-PUMT-D3ZL-R89L;75;537;15.1
7VGGXH9NVYHE;bdnb-bc-LDMB-2FJG-WNM7;bdnb-bg-FRQC-CVVJ-NSJN;93;2100;11.8
7VJP9A2P5SHK;bdnb-bc-PL3H-7N7C-3YLN;bdnb-bg-561P-MHD7-GEQE;93;46;4.4
7VZ3NXSHXRKY;bdnb-bc-55TY-3RQB-H9GJ;bdnb-bg-N4XR-JZDE-DS17;93;3660;19.5
7VZ5QPEQHNJV;bdnb-bc-5W75-S3C9-A9A9;bdnb-bg-438W-NC48-ZGZV;75;920;17.5
7W2D2DGZF9G6;bdnb-bc-7S68-JLTE-Y277;bdnb-bg-GXX3-3FQS-V9UW;75;881;10.8
7WKWB6K7WNB2;bdnb-bc-JA1R-FF8K-S65B;bdnb-bg-UWGW-WSF9-3ASE;75;41;6.9
7WQVVM2VRTAQ;bdnb-bc-P835-N5QN-Q723;bdnb-bg-GU55-WWNA-E1CS;75;1724;5.0
7X2EWGTEWB4M;bdnb-bc-SLJB-3C9F-VE86;bdnb-bg-K8B5-BWVH-78U1;75;396;16.5
7Y3WYNYGMXJ1;bdnb-bc-EFZD-PT29-ERQP;bdnb-bg-111T-SLS8-3DLP;75;333;11.0
7Y7H7KHJVH34;bdnb-bc-W8P4-NBBJ-YMXV;bdnb-bg-7KHJ-64QZ-VWC5;75;38;9.6
7YN551HYE4PZ;bdnb-bc-GM3X-ARZX-4AVJ;bdnb-bg-XDV4-AK1V-HR45;93;330;6.6
7YPJPEPQWKR7;bdnb-bc-R4MH-KX98-AFZF;bdnb-bg-GAFF-3G49-KZQN;75;389;18.1
81773ABZWDJY;bdnb-bc-BN8H-RASE-L1SQ;bdnb-bg-9WC5-8Z4Z-TZE2;93;418;11.5
818CQZQDHKRC;bdnb-bc-F58K-JPXF-TDCD;bdnb-bg-APSR-4EUF-MS8G;93;641;3.8
81CKEE588QM5;bdnb-bc-2YR5-UQXB-RTM7;bdnb-bg-4FTN-9337-A7X3;93;543;11.2
81EWT4BDSMNY;bdnb-bc-RQK6-K5EK-RLM4;bdnb-bg-7NT9-WBBH-B664;93;3539;18.3
81EZ6GEAKFPM;bdnb-bc-LWHY-7RHH-7YSR;bdnb-bg-X4N2-NM7S-9FQE;75;100;4.6
82N1QW5GHQMA;bdnb-bc-E22E-9BV2-ZV17;bdnb-bg-S17A-EHCQ-TERS;75;155;16.8
82YASJFW6ADK;bdnb-bc-P84J-AMMS-UGF9;bdnb-bg-C4MW-TB3B-LSU1;75;1330;4.6
83RADE2S8WAX;bdnb-bc-P4VU-MN51-8ZP4;bdnb-bg-YSNU-A4DH-HTV7;75;69;8.1
84523FGXJ9A7;bdnb-bc-6M5S-6Z57-DFCN;bdnb-bg-W7X1-61TY-RTYW;75;661;16.2
84MH2YM5MT1N;bdnb-bc-6CWH-M1VG-MZUB;bdnb-bg-K9LW-4DKQ-QZHV;75;162;8.9
84RXFF315E6K;bdnb-bc-P4T4-VLMV-Y4C9;bdnb-bg-GQQ4-CMH9-P423;93;295;5.9
84TFKH88T3ZY;bdnb-bc-66BR-1L2G-BD34;bdnb-bg-BLMH-H95P-Q9ME;93;562;7.5
85D1NJ4A6V2V;bdnb-bc-199J-2Y6A-Y9DD;bdnb-bg-9NEN-E2VG-Z55P;75;165;12.9
85J9HS7DWY9V;bdnb-bc-DEJZ-WS36-JPS8;bdnb-bg-Y488-221H-F5F3;93;2526;19.1
87A79YWJVEBM;bdnb-bc-3SK9-T4CM-QGA5;bdnb-bg-BS5V-DY1T-ZM5T;93;965;4.2
88PQ99FQHEFG;bdnb-bc-PU75-RFCN-CQC5;bdnb-bg-1181-HPVM-1PVD;93;4375;12.5
89N9YPCYXH1G;bdnb-bc-3MMD-A8CD-5DNR;bdnb-bg-DTA5-8E84-255J;93;84;5.7
89NNY1RTS3ZW;bdnb-bc-H72N-U518-MWHR;bdnb-bg-KTCM-HY1N-JTM9;75;633;19.6
89P5VZJK3TS4;bdnb-bc-9DF7-6DU6-XMFX;bdnb-bg-W75P-LM77-AW39;93;841;7.9
8A4P4GGPZTKN;bdnb-bc-MWTV-ZDTG-HDN9;bdnb-bg-BU7J-T8F9-K7DM;75;69;5.0
8AN74V5PNBMG;bdnb-bc-JQUL-BT8Q-1Q8A;bdnb-bg-RXQ2-YZDF-LPJF;93;129;6.2
8ATP6SHM1KA9;bdnb-bc-P31G-P8NV-TTV1;bdnb-bg-4D97-KTA9-NMJQ;93;595;5.0
8BBDZS27G9DA;bdnb-bc-2X6Z-2FE8-SYSA;bdnb-bg-X8TN-V8KG-DBWR;75;965;8.7
8BD8KT73Y8YM;bdnb-bc-XELM-WDP4-MA5W;bdnb-bg-Q4VH-4JFN-U7C9;75;95;3.6
8BHNRWFNMW23;bdnb-bc-9V9Y-38J2-QC26;bdnb-bg-BU7J-T8F9-K7DM;75;48;6.1
8CA8W3CZ35BY;bdnb-bc-QRMY-4V12-RGKS;bdnb-bg-WBZB-L487-XVBX;93;824;6.7
8CABDK9KR8YE;bdnb-bc-SAHV-9PYL-4Y5Y;bdnb-bg-EL47-D9A6-3SHE;93;3667;8.9
8CMRK4XEXR74;bdnb-bc-HC8M-VZQY-CUXQ;bdnb-bg-JZ27-EGQC-VTEV;93;740;7.7
8CPBQ6FZA7Z1;bdnb-bc-VD5H-KKBG-Z5UP;bdnb-bg-3H2L-KF5B-CJW5;93;941;6.5
8D17KKGPE138;bdnb-bc-196L-P9DD-TTJK;bdnb-bg-2GEN-G6RT-MSSE;93;890;13.2
8DK1BR4CTAK2;bdnb-bc-AC8W-EHCD-HVME;bdnb-bg-85CV-2SUC-L5E2;75;488;17.7
8E3KDTPC9PN3;bdnb-bc-AT33-ESM1-QBQH;bdnb-bg-8QAB-SNG7-BUW3;75;1222;13.1
8E94RA6RBMZ3;bdnb-bc-SVTZ-YSYG-QQFD;bdnb-bg-5LES-RV2Y-K85A;75;133;7.7
8EA2C185HAMF;bdnb-bc-GGWP-M75B-MWJQ;bdnb-bg-EM6H-BVX2-CLV7;93;199;4.0
8EPNTGDSGJ7Z;bdnb-bc-1XEB-63A9-WNZ3;bdnb-bg-FV5A-W796-84KL;75;481;14.0
8EWQMMQ7TJDM;bdnb-bc-DK49-KZYY-1T7N;bdnb-bg-Y4D2-X83R-EK7X;93;60;7.2
8FCQQ42HZ1K5;bdnb-bc-2DEB-FKHA-BUPX;bdnb-bg-MAL3-3TSH-7ZU3;75;2737;20.7
8G1YKF42FHAN;bdnb-bc-5JMQ-CMJ4-RZNU;bdnb-bg-CCNB-2K6S-RE6S;75;1504;14.5
8G7YZ18C44SN;bdnb-bc-3BZ8-B5HR-4F5R;bdnb-bg-YHAS-PVB9-CUL4;93;503;4.1
8GDKJMD98RXV;bdnb-bc-Q1HR-3V8J-H5N3;bdnb-bg-YNLL-XFLK-G834;93;901;5.7
8GEYS47GPCDR;bdnb-bc-WPDG-7V36-P5HD;bdnb-bg-GR1L-CMSZ-991J;75;112;3.8
8GPFFTCMP5TC;bdnb-bc-RK1F-CR4Q-ASPL;bdnb-bg-26WX-LKAP-T2X2;75;536;11.0
8GPQT83RKEWN;bdnb-bc-Q9VV-NMV9-46AU;bdnb-bg-LAEK-TAYP-3J3R;93;2148;13.1
8HPJSQRWKCQ5;bdnb-bc-U8XD-VAE7-9VT3;bdnb-bg-9C6Z-F9XG-JU87;93;220;4.1
8HZNFXEZDZGX;bdnb-bc-2H5T-XH8P-VN4A;bdnb-bg-XLRA-W6W5-49WY;75;1141;24.9
8K3KFKZ5YTW3;bdnb-bc-CELG-FRZJ-1ZXL;bdnb-bg-RGE1-SE9U-E25S;93;224;10.2
8K5XTD1NC2DH;bdnb-bc-WPN3-UL85-XS9A;bdnb-bg-YXNL-47CA-FZT5;75;180;27.0
8KF9Z5Q5FY7W;bdnb-bc-Y3KR-ZSW7-1WBF;bdnb-bg-9KBC-APVA-YF5T;93;30;3.0
8M88W4ME5BJS;bdnb-bc-P4AT-SFYJ-PBTJ;bdnb-bg-ZLPF-J8D9-7UGJ;93;283;4.7
8MA7EZAFZYD5;bdnb-bc-TT9L-DV8P-DTQM;bdnb-bg-9WB8-R1CN-G7HV;93;2509;10.0
8N5GX8Y3EBXH;bdnb-bc-XR1Z-N8YL-SS69;bdnb-bg-UAZU-RWNQ-NRQE;93;1654;6.6
8N5HV6K2TDAF;bdnb-bc-PLQ6-C4ZR-H79Q;bdnb-bg-PK82-SST3-E4W7;93;863;3.3
8N6FV5HH6HPN;bdnb-bc-1QZD-D3VS-AGKN;bdnb-bg-HLUL-YKR2-QQCC;75;3129;14.7
8NGRWP8PRPE9;bdnb-bc-75J9-VL1S-4PL3;bdnb-bg-JLMX-XHXJ-WNL9;75;524;12.1
8NJ67DE8S8XM;bdnb-bc-W4G8-2DDY-PTFZ;bdnb-bg-J8GR-QP92-3VYG;75;78;5.4
8NQEJ4MCV81M;bdnb-bc-F8XS-6UUY-781Y;bdnb-bg-DEP6-LAAH-ABJS;93;1903;7.4
8P6NPANP5GJK;bdnb-bc-RPBZ-ZA25-1P97;bdnb-bg-FKDZ-L6LG-TFF1;93;1483;5.7
8PHA4HPNRVR5;bdnb-bc-TQX3-A38P-UFNZ;bdnb-bg-99CX-WQGD-APAX;93;141;3.8
8PJHNM69AHHE;bdnb-bc-S3Z5-YEQ8-BLJQ;bdnb-bg-TX16-217C-1FXW;93;102;3.1
8PN6HN5HSBN4;bdnb-bc-Z5K5-VYYK-C16V;bdnb-bg-82SE-12XB-YHAZ;93;577;13.1
8PV742AHZ2HA;bdnb-bc-URRQ-Q6Y7-61AU;bdnb-bg-3WZ4-N1ZE-DML1;75;65;5.0
8Q11JJM6BMSZ;bdnb-bc-PUJP-SDH6-19RK;bdnb-bg-9GAG-JUNJ-HFA2;93;745;10.6
8Q197KF3C9CP;bdnb-bc-PGKU-5314-UDKX;bdnb-bg-9WC5-8Z4Z-TZE2;93;632;5.5
8QBJ5RJPFX8X;bdnb-bc-8JQP-4XJN-JU2N;bdnb-bg-XDV4-AK1V-HR45;93;2871;4.4
8QE9QYK14BTA;bdnb-bc-JEPX-EZKV-7ZEM;bdnb-bg-E63U-ABEZ-8LX3;93;551;5.0
8QF3DXNKTDFJ;bdnb-bc-4L4E-KXRT-8JS9;bdnb-bg-CC1K-6NZV-NVY5;93;2572;4.6
8QG6P487E4NF;bdnb-bc-G6FH-97CR-MNXZ;bdnb-bg-LJ2S-Y989-JF89;93;1185;8.8
8R38VZYJ3WSF;bdnb-bc-QCM8-SDH4-CP8G;bdnb-bg-3LG7-1AGX-1FWA;75;405;19.8
8R7ZSQZ4NYMW;bdnb-bc-HMVD-W14X-4FVG;bdnb-bg-Q49X-MVZJ-DXZF;93;103;6.0
8RE68VRDS26G;bdnb-bc-AA8Z-FS98-9TY4;bdnb-bg-Y3RZ-2RYN-3R23;93;199;8.9
8RPGPQSJ128H;bdnb-bc-V5BM-CTN2-X4Q1;bdnb-bg-M7HD-UYJR-6A22;93;185;8.1
8S8G2SZ2YWFR;bdnb-bc-HAB2-5LXF-PVEZ;bdnb-bg-PUMT-D3ZL-R89L;75;892;4.6
8SBACNBTATA7;bdnb-bc-86DJ-BHT7-VMQK;bdnb-bg-QL8T-MWNV-4THM;75;171;9.7
8SEPP3RFBGX2;bdnb-bc-9C7X-1PPU-LMZC;bdnb-bg-GU88-9ZYW-FLF9;75;154;6.8
8SGW6E283Q9N;bdnb-bc-FM6L-DG34-ZXUY;bdnb-bg-EJH4-U1UN-17RX;93;5985;14.2
8TBXQYCYHT5S;bdnb-bc-H3PG-AA15-EH6A;bdnb-bg-CHCN-HQEF-XZU6;93;33;3.2
8TH8PNEE1G9W;bdnb-bc-SR67-2GKK-6LA1;bdnb-bg-K9LW-4DKQ-QZHV;75;573;13.9
8TMR9QHJZ8NC;bdnb-bc-DTRU-RFLB-KW2N;bdnb-bg-75B1-A41M-F15N;93;573;10.1
8VTC9ZXB878J;bdnb-bc-11TX-TJKK-W34U;bdnb-bg-S5J4-TRUM-VRR8;93;667;11.8
8VXZQ71P195Q;bdnb-bc-EDDM-JEF7-JBWT;bdnb-bg-QQRS-ZZ14-ATM5;75;240;5.0
8VXZQ71P195Q;bdnb-bc-LBCR-5EW3-VM68;bdnb-bg-QQRS-ZZ14-ATM5;75;38;5.0
8VXZQ71P195Q;bdnb-bc-NNGC-LFDP-CDYC;bdnb-bg-QQRS-ZZ14-ATM5;75;304;5.0
8W5YNQQC51HM;bdnb-bc-XYAR-GKJM-GB6A;bdnb-bg-PAVU-Y7ZZ-6UWL;75;1229;12.9
8WT9FYWTYHZA;bdnb-bc-BK7F-QZSU-4D15;bdnb-bg-NHB3-GA3Y-E6QE;75;1994;11.1
8WV7EWY284YX;bdnb-bc-1HQF-1VBD-1F49;bdnb-bg-7ET9-ZAYT-51L9;75;270;4.7
8XCSNQJB4EM1;bdnb-bc-BDUW-RJ6N-YEJD;bdnb-bg-L95M-7DHG-MCHH;75;371;11.9
8YBBCW6Z6VFA;bdnb-bc-ZKFY-LAL5-Y7US;bdnb-bg-TYLE-DL72-FCRN;93;617;4.2
8YWQD45RV821;bdnb-bc-RXMA-Z1BF-Y4EJ;bdnb-bg-VZ2T-DWJV-M7DR;93;357;6.0
8Z1ZN76K4J2Z;bdnb-bc-8F1F-PSF7-5HEG;bdnb-bg-QNBM-P8ZS-G2TH;75;446;12.3
8Z6DQWJ841AY;bdnb-bc-XUW8-LHZU-B6B4;bdnb-bg-VGK6-8SKB-MWLX;75;188;7.9
8Z8XGD1GFQEA;bdnb-bc-7GA4-DGRB-TCY4;bdnb-bg-DM2U-1VDW-TSJN;93;5365;13.0
8ZTGH368YXCX;bdnb-bc-U9H9-BCSL-AEHN;bdnb-bg-5CQF-SF2T-5XEC;75;254;1.6
914CA3XAV72D;bdnb-bc-VR4K-PRJX-SDYU;bdnb-bg-BBZ1-5Y1P-X2XJ;93;379;10.3
91FTY4ZJS2XZ;bdnb-bc-44LD-UK1F-58BE;bdnb-bg-7AE7-S9AW-6R6V;75;2645;16.5
91TMXFJND84W;bdnb-bc-94XK-5SFV-UJ9Z;bdnb-bg-4NC8-USEC-NUSF;75;760;15.4
922F6SZGGMK6;bdnb-bc-C8CR-9YCU-QWAA;bdnb-bg-ZPC9-RVXW-XE7X;75;6900;15.5
929XBD93DJGS;bdnb-bc-7ADA-2FFE-NQDU;bdnb-bg-27MP-6YFM-Q6AL;75;1663;16.0
92PVFM4RHY1Z;bdnb-bc-7RUS-W1VG-AD1N;bdnb-bg-384V-PPFT-SLGT;93;24;3.0
92REJY5AKP56;bdnb-bc-EKBQ-5RJ9-SNBE;bdnb-bg-55CS-47QP-XNAW;75;114;5.0
92WHVNWF249Y;bdnb-bc-YSQG-8TLS-Z1UC;bdnb-bg-79DM-8X5L-VH2V;93;868;7.2
9352VK6X9GVT;bdnb-bc-YSJZ-N2JW-HQU9;bdnb-bg-8HXP-UBQ9-8ZGA;93;750;2.8
93C6G83WZCCS;bdnb-bc-H6HD-77QT-FY19;bdnb-bg-ABL5-RK81-RQUH;75;419;20.3
93H16VB82RAV;bdnb-bc-P5TZ-336N-4JN4;bdnb-bg-47DJ-ULYE-PMPD;93;106;13.8
93VT6SY2CMT4;bdnb-bc-DMW5-8YXL-2314;bdnb-bg-EV4Z-H9XB-S63M;75;745;11.4
9412M3FM3CHH;bdnb-bc-F1Q1-2N8Y-HE2P;bdnb-bg-7G61-UFDR-EANM;75;107;5.2
94BA8WY48ZZM;bdnb-bc-ALMJ-BETU-WVD1;bdnb-bg-N14P-H7DH-3YNG;75;404;15.7
94NKPZ998VQK;bdnb-bc-RP9E-YJE1-MUS2;bdnb-bg-JRSF-NSD5-6KHW;93;396;17.1
953TG9TPX9FS;bdnb-bc-83EZ-6SSS-GLYP;bdnb-bg-ETGL-HHZ2-CRF7;75;1273;12.7
959DQFG9YB4V;bdnb-bc-DS4B-W556-Y5N8;bdnb-bg-M7HD-UYJR-6A22;93;256;2.6
95BP9KDS1Q8E;bdnb-bc-Y29Q-HEPT-EG4M;bdnb-bg-AE4M-GAL7-EBP8;75;2664;17.6
95SAPNZBKGE1;bdnb-bc-VAR7-GXEL-GW9W;bdnb-bg-WJDF-U7RK-WYU2;75;192;19.2
96BAK54PDBDS;bdnb-bc-KBPK-D4NW-PVYN;bdnb-bg-GQQ4-CMH9-P423;93;423;3.6
96REFNK7H6EW;bdnb-bc-858R-BXXA-F37K;bdnb-bg-ST3H-CEDL-7K92;75;131;9.9
96SKQGD9MF7C;bdnb-bc-3JKC-F5TE-2RFZ;bdnb-bg-EM6H-BVX2-CLV7;93;847;5.7
98AM97V3V46A;bdnb-bc-TZBB-1UJ1-4VV2;bdnb-bg-Z9CM-TYWZ-AMZL;75;310;5.7
98NZ4NXTG7DC;bdnb-bc-NQ5V-5BMY-1JWL;bdnb-bg-AE4M-GAL7-EBP8;75;25;2.8
9A51J6ZYGBPR;bdnb-bc-XMTA-FVVA-593K;bdnb-bg-DDF4-M699-UXUQ;75;1172;13.6
9A88V63JM3GZ;bdnb-bc-SEH3-33ZW-R7CK;bdnb-bg-2KN5-1TPK-8GKP;75;1279;14.9
9AZDW8ZKAT9A;bdnb-bc-ANH8-56T3-5JGX;bdnb-bg-PNTF-BX25-74DJ;93;648;10.8
9B3NB8RVV5Y5;bdnb-bc-6SD5-2BWV-GX95;bdnb-bg-YE99-4852-87WW;75;600;11.1
9BZZZF3EAH7Y;bdnb-bc-1L4V-HED5-GLXC;bdnb-bg-2Q4F-GQZS-BDRV;93;690;6.9
9CCRYCEX516R;bdnb-bc-E2P5-FWG2-RZBM;bdnb-bg-7G61-UFDR-EANM;75;42;5.0
9D31D2TAKGB9;bdnb-bc-ZWXF-RR1V-XGXV;bdnb-bg-74WZ-UF57-26HW;93;708;11.4
9D91AQQCF51J;bdnb-bc-GML9-E9K4-7XN2;bdnb-bg-AFZA-3B5R-52H1;93;3145;13.1
9DH8E3JQXRQP;bdnb-bc-C3N6-BBPE-Z3VE;bdnb-bg-C6HJ-Q8G4-U3Z3;93;938;7.1
9F4EGAHHJVE3;bdnb-bc-ZRZY-XEEZ-Z2A1;bdnb-bg-9NEN-E2VG-Z55P;75;589;15.1
9GCVEF7T4RA5;bdnb-bc-KEE7-L2X2-34W1;bdnb-bg-WWWE-XFJU-MHZ6;93;1369;4.3
9GME3QT1PFED;bdnb-bc-63U6-49A7-LTQF;bdnb-bg-VU97-2NB7-Y6XM;75;210;12.7
9GNENM26CAK5;bdnb-bc-1QQQ-NEXL-ZSEK;bdnb-bg-48Q7-ZCJ6-SQ58;75;427;21.1
9GVTXHRH7KJ4;bdnb-bc-YMNE-E9UA-61JR;bdnb-bg-U68J-KGZA-CYBC;93;815;4.5
9H7ZXWSKCDE1;bdnb-bc-L52J-3XMZ-LKF6;bdnb-bg-LUGE-2X92-99WF;75;774;12.2
9HG39FYM1YP1;bdnb-bc-6GCS-1U7P-LRFZ;bdnb-bg-WYT9-K3ER-38PN;75;193;9.5
9HKEM61WKWKG;bdnb-bc-6MBX-69PL-68ML;bdnb-bg-JC7J-VHVP-UPRB;75;1227;14.7
9HV7NWPCKK7J;bdnb-bc-33S2-5BFA-PVZV;bdnb-bg-MPT8-JSGL-T5PS;75;119;7.6
9HYC98XRWMXJ;bdnb-bc-SB47-7S3D-HSZ6;bdnb-bg-2RHD-7GRL-N4QT;75;1204;6.7
9MJKVBX8D85H;bdnb-bc-T3Q7-NN3C-EQ9A;bdnb-bg-X4UP-R2WE-C5AA;75;193;15.4
9MMC9XCHPHD1;bdnb-bc-MPGS-5NBE-3G34;bdnb-bg-G5GY-S834-VK62;93;933;3.5
9NRX4CTF92QW;bdnb-bc-NE2K-2X3P-AE5Y;bdnb-bg-GTXT-EXZU-2SD5;93;178;14.5
9NT2N596D9SE;bdnb-bc-RGU9-96WG-7GXA;bdnb-bg-LYKR-RY7T-W37F;75;556;5.0
9P3HJYG7EY14;bdnb-bc-KFQR-GW6E-BJUN;bdnb-bg-YZKH-SYTV-S5RT;75;227;15.0
9PDNRA1FW61C;bdnb-bc-HCGK-PJCM-5ZLR;bdnb-bg-MQLL-Z69Q-QRXA;93;56;15.4
9R8C2Z1B3VS6;bdnb-bc-ZFH9-E4BE-6GB5;bdnb-bg-A6BX-346R-6XAL;75;1825;10.7
9RDVVT73MKE1;bdnb-bc-BSGC-UHNJ-S3DR;bdnb-bg-7XSV-XF1W-N92T;75;174;20.1
9SDD14QS2GNZ;bdnb-bc-WVM6-YZXE-KWKZ;bdnb-bg-WX4V-4TBR-9AHG;75;1115;4.2
9T1JA8JJ3SQR;bdnb-bc-FVGJ-P8P3-NP8Y;bdnb-bg-VM6M-4Z9Q-QN7Y;75;55;5.0
9TM87FDQCHZ4;bdnb-bc-7SCM-1RQ2-BBRD;bdnb-bg-5YBN-19WM-VHDU;93;79;7.6
9TYBGW8RE4D6;bdnb-bc-EDU1-PKCP-SLNA;bdnb-bg-Y31P-HPHU-WV4V;75;245;4.2
9V59KRBFB2FA;bdnb-bc-EP3X-2C9H-8UR3;bdnb-bg-KGPA-HCGC-WTQP;93;786;3.6
9W31BWKA1MPP;bdnb-bc-8Y7U-ERQ7-7S1T;bdnb-bg-RZBM-ZJYQ-3VXR;75;862;7.9
9WVF62QDSQ3B;bdnb-bc-R15Q-12VH-H383;bdnb-bg-AK48-GT7B-FEGA;75;21;4.3
9XT73Z7XAYGN;bdnb-bc-Q1PZ-KNLT-ELEN;bdnb-bg-96N1-8X1H-1C87;75;228;8.0
9Y2C1ACTMHAK;bdnb-bc-JQAU-9MP1-CSJ7;bdnb-bg-MQLL-Z69Q-QRXA;93;42;3.4
9Y5RSW9Z8JEV;bdnb-bc-MBM6-9CKZ-CFTY;bdnb-bg-2S5V-9AKQ-GMHC;75;119;18.2
9Y6MBJN4PEC8;bdnb-bc-EUGU-YX94-Y16N;bdnb-bg-YNLL-XFLK-G834;93;42;3.6
9YJ6KRRZGZE7;bdnb-bc-Y8T3-EHSV-SNUK;bdnb-bg-NHB3-GA3Y-E6QE;75;399;7.8
9ZVJRX2HTQTZ;bdnb-bc-1W2H-N7KD-YW8Y;bdnb-bg-L95M-7DHG-MCHH;75;128;10.5
9ZZWFVJAXX4F;bdnb-bc-3K8X-X8BB-7C9M;bdnb-bg-56VH-KS6R-USGL;93;256;12.7
A15V2A9CCXBV;bdnb-bc-445X-AW79-7LAG;bdnb-bg-HXSZ-CRDT-L5RM;75;1540;10.2
A17FHJATWYVK;bdnb-bc-D7CQ-2LR1-DSE5;bdnb-bg-55CS-47QP-XNAW;75;506;16.1
A1H78DA4JER6;bdnb-bc-BVQ9-AVPS-6JYN;bdnb-bg-YXNY-P31L-1NMD;75;614;14.3
A245RAF2QBWW;bdnb-bc-29DN-WW7R-6SGZ;bdnb-bg-9L15-UJZG-XXL7;93;963;13.7
A2CTHEPMPFYY;bdnb-bc-D3XK-2HG1-CP38;bdnb-bg-LSU1-EFEZ-AWMR;75;61;4.2
A2QEAHZA5BN2;bdnb-bc-6EDU-EJUN-4J4Y;bdnb-bg-3TDM-9V36-6K8Y;93;546;9.2
A3CVAKHQCSKR;bdnb-bc-BUQ7-WR5A-X4TP;bdnb-bg-YF5X-7NDS-79FW;75;1100;14.1
A4FE59P4MPZ3;bdnb-bc-RC5Y-CZLY-NRUK;bdnb-bg-8EBG-DQ1V-6YBE;93;146;6.8
A4V1B3W85CPH;bdnb-bc-GSFF-8VXW-LJBC;bdnb-bg-3LC8-9J62-REXD;75;8246;17.3
A4WGJFHAW5D9;bdnb-bc-1CLD-3FFT-NW8Y;bdnb-bg-7NPU-H1CG-QXY2;93;75;5.0
A63ZX6DDN48Z;bdnb-bc-SXU3-Q7BV-8CC9;bdnb-bg-Z7UW-J4N3-QQ9Z;75;507;24.0
A6K9V2PEHR5H;bdnb-bc-97KL-8KF5-VARC;bdnb-bg-GKF4-KXA8-74C7;93;5401;12.7
A6QRTSHD7STD;bdnb-bc-DRKR-3S6V-YUXF;bdnb-bg-A5N2-2PBQ-RGSB;93;1428;8.6
A6R3WZRNW3EA;bdnb-bc-J9KW-953P-ZD3M;bdnb-bg-9Z6L-H85H-CGVC;93;1801;7.3
A7NCRBHCPPFB;bdnb-bc-TCC9-7LD3-SN18;bdnb-bg-JNM5-ZX76-B24F;75;287;4.5
A7WS8ZP6VCK9;bdnb-bc-NFW9-ZBZ8-W2YM;bdnb-bg-5HNN-ZRFP-FJZX;93;124;11.5
A871XGNPNKQR;bdnb-bc-4R9M-TPX6-J5Z3;bdnb-bg-JD5B-NPYC-E3WZ;93;3892;14.1
A8MQEFP3BHPN;bdnb-bc-RVYP-PB4X-P83R;bdnb-bg-5YBN-19WM-VHDU;93;2388;15.0
A8NRKNXZFCM2;bdnb-bc-NSC6-K8AS-XJPM;bdnb-bg-3PTP-3AXP-K6HC;93;177;9.2
A8YQGSACA83K;bdnb-bc-XX5G-6E77-YFZR;bdnb-bg-JUR2-XJ6X-6THZ;93;958;15.3
A9E62PPSXF1G;bdnb-bc-ZCLZ-6PF7-STP9;bdnb-bg-FHEG-W76M-PGSM;75;47;7.9
A9EA3KG7ZFT8;bdnb-bc-3VTR-2HGZ-LY35;bdnb-bg-HNLZ-4T7Y-UEJD;75;1754;12.1
A9ZQMZ7T3YMT;bdnb-bc-5Y1L-57SM-XG8F;bdnb-bg-9DGG-UF51-PPNR;93;924;14.2
AA54G54C65H3;bdnb-bc-17BM-FUZ9-J9G3;bdnb-bg-XQNL-AB2G-MLSH;75;124;3.1
AAE6R8HGRBFC;bdnb-bc-VPQH-T32Q-5FBE;bdnb-bg-9554-AS71-VSYW;93;1196;13.7
AAMM11YHX2JE;bdnb-bc-UXQ5-K93B-TPGR;bdnb-bg-D4FP-Y5E3-66JU;75;840;20.1
ABB2FH112TAZ;bdnb-bc-P119-X6YS-MGPF;bdnb-bg-ZAUM-N7ZX-T9H6;93;2427;8.1
ABDAHR88KPKV;bdnb-bc-D1VF-18WF-X6BB;bdnb-bg-FM5Y-T22N-8P7Q;93;2916;13.1
ABEZEV9JJXSK;bdnb-bc-R7CY-SH18-JX44;bdnb-bg-G5GY-S834-VK62;93;524;13.8
ABGXZ6JYB6MH;bdnb-bc-PRFS-5E2J-S38Q;bdnb-bg-P1YA-BB2B-Z4TG;93;1224;9.7
AC7TFT22Q9A9;bdnb-bc-46ZF-QRAD-9R25;bdnb-bg-8UQT-BZBF-FJ2Q;75;1291;21.6
ACJY78CX37E5;bdnb-bc-N7Z5-G9BP-RCV4;bdnb-bg-PH82-Q4JC-1CQ3;75;107;9.2
ADA5HHHZVP4D;bdnb-bc-N459-BN16-XWNP;bdnb-bg-RE17-KSR5-6N25;75;85;7.2
ADVHEEVDGJ7N;bdnb-bc-GZ3F-625Y-BDAX;bdnb-bg-7N3S-VSEY-CHMZ;93;838;14.6
ADY2GN4W67P1;bdnb-bc-1811-X45D-LM2T;bdnb-bg-U2DT-15XV-WCH9;93;173;3.9
AEK62QG62NHQ;bdnb-bc-4721-SBX2-R9LT;bdnb-bg-YM8U-E5JL-6ZQN;75;246;18.6
AFFG93JBFR4Y;bdnb-bc-VU9W-MLPG-DLYS;bdnb-bg-L7BL-FZBX-VFWB;75;598;5.0
AFVRCW46MTVT;bdnb-bc-8576-TYXQ-CM1R;bdnb-bg-Q4VH-4JFN-U7C9;75;303;3.3
AG3VE744C854;bdnb-bc-YEJZ-K7ZC-9R9Q;bdnb-bg-EQ8V-AC8D-K5KC;75;985;24.7
AGF967PER3AY;bdnb-bc-S6YB-9EC1-7APS;bdnb-bg-VNKA-VTQZ-785G;75;1116;7.0
AHWB1VJRVXXY;bdnb-bc-MXMH-ACDJ-AY1L;bdnb-bg-9C6Z-F9XG-JU87;93;1524;6.6
AJ6W2ENJHYM5;bdnb-bc-4NLQ-QEZV-SWEM;bdnb-bg-229U-MCKV-51M8;93;931;19.5
AJBHE2488DBZ;bdnb-bc-FCMG-BA8M-FWFG;bdnb-bg-WFYH-PMLM-61QT;75;21;4.3
AJD3EFBERRXG;bdnb-bc-MUTV-QMZU-LA33;bdnb-bg-898K-3A7T-NN5L;93;161;6.4
AJEY2PB2GC1J;bdnb-bc-LGQP-S6X7-QMKY;bdnb-bg-HWDL-E3L9-CX92;93;73;1.9
AJRG51ZBK56G;bdnb-bc-1S6E-WCGF-TN1E;bdnb-bg-ZY4F-K732-2QK4;75;771;13.6
AJSJGR354AT1;bdnb-bc-69XR-CV36-BVS8;bdnb-bg-1S3V-DBAA-YT8T;93;215;6.9
AK15TT9BWHC3;bdnb-bc-YLNT-1KEJ-AXEU;bdnb-bg-XLW3-QWZY-DQ65;75;97;9.6
AKCKH7J11997;bdnb-bc-DTSN-KPC4-YLNK;bdnb-bg-HHE6-RGMM-EW1B;93;119;4.9
AKCVNPZMZENW;bdnb-bc-DN17-PLHW-PXY7;bdnb-bg-D8LB-P7MX-497C;75;846;10.3
AMJ7722HE87D;bdnb-bc-GYYF-H1MY-JW8H;bdnb-bg-D4FP-Y5E3-66JU;75;336;12.1
AMTF9B88VHXA;bdnb-bc-NJ9K-BPHB-ZWWS;bdnb-bg-FR4Z-CQHA-6Y3X;93;108;2.5
AN1Y8ZJ1EG9V;bdnb-bc-RLEL-24HK-ZX8S;bdnb-bg-SZJA-CQ69-KE2S;75;831;7.8
ANRFVB6FB7AC;bdnb-bc-G3EL-ZKK2-V6FY;bdnb-bg-KMKM-KDC5-DA4J;93;5014;29.2
ANWHNC59G32G;bdnb-bc-BJB2-SKUW-F9R9;bdnb-bg-Y7S8-MY9G-RVBD;75;870;18.2
ANWMN2M8KE65;bdnb-bc-MC6E-CT27-DZT9;bdnb-bg-Q49X-MVZJ-DXZF;93;28;3.0
AP7MR9RZEXY6;bdnb-bc-GCR5-2SZQ-DGXM;bdnb-bg-7D12-Z42X-GW8V;93;1361;7.3
AP9S69N983JC;bdnb-bc-XSKQ-BZRD-CYT5;bdnb-bg-N5GU-SGQ5-L7ZP;75;442;7.3
AQ443HWHX35M;bdnb-bc-H58Z-2KXA-8RTY;bdnb-bg-AE4M-GAL7-EBP8;75;126;3.6
AQ4D2Q6QDMEV;bdnb-bc-LBGH-GN23-3ZGK;bdnb-bg-KGDH-BYVS-9N4D;75;30;8.5
AQBNAETQWVBW;bdnb-bc-BAVW-FFA1-VFZE;bdnb-bg-T3S9-XPB3-S6GF;75;1239;8.1
ASXBB218P9F3;bdnb-bc-1KZM-2UX6-R6KM;bdnb-bg-DYEP-748L-66Q6;75;1207;2.7
AT3D5WC1HPQD;bdnb-bc-LEPN-M7HU-SQJF;bdnb-bg-GTXT-EXZU-2SD5;93;82;10.1
ATCB5Q3J55ZH;bdnb-bc-TEMR-K9NG-CA6N;bdnb-bg-R9CN-7H9S-37SY;93;3255;5.3
ATWTJFB3AG9H;bdnb-bc-RJ3G-DCL7-LGRT;bdnb-bg-L7AF-8AKF-2C5J;93;2452;6.8
ATY981PXDWVJ;bdnb-bc-57X6-3V74-YPCG;bdnb-bg-8S8X-GJTQ-ZSE2;93;321;8.1
AV78NKN4MEGB;bdnb-bc-44B1-EDPE-HBTT;bdnb-bg-B7J2-KL6G-4CYT;75;31;5.0
AVCXYVJZAM93;bdnb-bc-GGAE-FLKQ-Q99G;bdnb-bg-J6M9-U7NV-NMUL;93;749;7.1
AVGN3DH3781W;bdnb-bc-1S34-79V4-TYV8;bdnb-bg-YJAK-NGQ2-MDEV;75;977;7.3
AVPBSRVNYJ41;bdnb-bc-XHU8-N2GN-155N;bdnb-bg-Y4X2-37RB-HZ1C;75;1892;19.8
AVS6TNMWGH77;bdnb-bc-RLFJ-8HC4-2UCZ;bdnb-bg-LZ9V-EYR4-AT99;93;294;12.4
AW61FA8BQVK3;bdnb-bc-DCKZ-Y6H7-1XQJ;bdnb-bg-KCCL-V8ND-E3Q9;75;152;5.8
AWD6QVQQPHN6;bdnb-bc-P5MJ-AJ9D-NQDH;bdnb-bg-46TJ-R8L5-JUFL;93;3001;12.0
AWK8V77WN92D;bdnb-bc-C523-3KCV-7XV5;bdnb-bg-MXVB-3KG9-1ELR;75;1625;18.1
AXMNA3PR5RRX;bdnb-bc-KMUZ-7C1R-DB1J;bdnb-bg-3UGF-G7FD-1A1Z;75;256;5.0
AXS665C4TEA8;bdnb-bc-YTYY-TCV8-VYW2;bdnb-bg-AK48-GT7B-FEGA;75;148;5.4
AXSGJ7AYMSQA;bdnb-bc-89KL-LRDK-VLT8;bdnb-bg-MLEX-NGRJ-XGJ7;93;1562;3.9
AXW7SB7MKRFQ;bdnb-bc-U7L5-96YY-CDBG;bdnb-bg-EX51-HYTP-A71P;93;3194;10.1
AXWCSBYSR3M2;bdnb-bc-EMTX-4NQY-4P2K;bdnb-bg-TAC7-THZC-XL9L;75;1482;8.1
AXXTX2GAD5A9;bdnb-bc-GBCF-AJUG-2R57;bdnb-bg-RE17-KSR5-6N25;75;431;13.9
AY1G59N3ZNJP;bdnb-bc-A8LT-468N-KR6N;bdnb-bg-YHNY-6AFS-48MB;75;167;4.7
AY6KK3HSJ39Z;bdnb-bc-4RX7-1QDL-K14F;bdnb-bg-JUXM-MZ5W-5V4E;93;130;5.0
AY7MVDKGV6KZ;bdnb-bc-FGBN-3X1M-1ERR;bdnb-bg-8YTR-FPG1-U7JN;75;1088;24.1
AY8G5GJ976N7;bdnb-bc-9NC5-NZ1K-D2VR;bdnb-bg-U426-TV4X-PBTD;93;1957;13.0
AYMZB825EAFT;bdnb-bc-SEK4-BMCL-M2TG;bdnb-bg-HMSZ-2CT6-Y6MW;93;1006;10.7
AYR625MJC6A9;bdnb-bc-DWCZ-7YPZ-HTWD;bdnb-bg-38LC-PFYJ-DVTK;75;863;15.2
AYZWMBFNBF4H;bdnb-bc-W8LZ-THBT-B8TM;bdnb-bg-WFL3-EMSN-ZE1S;93;134;4.0
AZ3TJ8BEGCVB;bdnb-bc-U9VX-4SS8-YTMD;bdnb-bg-TDT1-1QDY-N5AD;93;3867;15.1
AZNAQJJ38EGP;bdnb-bc-E85W-XK6K-69L3;bdnb-bg-ZMX2-ZT86-ZCHJ;93;759;4.7
AZW16R9SSTM6;bdnb-bc-MXHQ-A1Z2-W887;bdnb-bg-KBFT-FF71-L39V;93;117;9.3
AZZJ59ND5QCX;bdnb-bc-X5SQ-6K4Y-F3P2;bdnb-bg-3RNN-TMPZ-4SYH;75;55;8.3
B1T8DDKRTGG2;bdnb-bc-D6FC-CCQJ-P3KQ;bdnb-bg-HDSN-LBR9-KNB9;93;650;4.2
B1WY1RJF82CY;bdnb-bc-H6ZX-UNXB-CWLE;bdnb-bg-RTVR-2T78-DBNS;75;1028;15.0
B28P1Q4Z2EPR;bdnb-bc-N4SU-LP4D-X6Y9;bdnb-bg-SSY4-6X77-U297;75;1030;7.9
B2YYHADCFTY5;bdnb-bc-WUJY-T3VF-TCGN;bdnb-bg-HJ3L-JQK5-LC18;75;1945;11.7
B31GN3MPT3EV;bdnb-bc-DAGT-86VN-E3DT;bdnb-bg-6V5K-V5SS-24K8;93;430;5.6
B452M1GPG5SP;bdnb-bc-9B2W-6PRC-BYWX;bdnb-bg-Y31P-HPHU-WV4V;75;2017;12.7
B4D7P2CSWZCT;bdnb-bc-6XVW-26LL-MAKM;bdnb-bg-KCCL-V8ND-E3Q9;75;98;5.7
B4QPRY6TRCV4;bdnb-bc-XQTK-PQ2W-FM3N;bdnb-bg-GBCQ-NYBN-TE2X;75;1333;8.1
B511JE6BYWV2;bdnb-bc-T4ZF-PSA7-LBTN;bdnb-bg-WUGL-H1W3-9UDW;93;235;4.0
B54XEESH52VA;bdnb-bc-184R-SYCZ-6PV5;bdnb-bg-DSZU-QVHK-SQVV;75;896;7.8
B5S19NS4C289;bdnb-bc-GNWJ-3MBH-MVPC;bdnb-bg-LZ9V-EYR4-AT99;93;68;3.3
B5VNT5AWQPWR;bdnb-bc-WV8K-P3F7-BX2M;bdnb-bg-E2EZ-1X5D-F377;93;99;8.5
B6GSFA6G35Q8;bdnb-bc-3CXV-CFSV-NHDF;bdnb-bg-HLUL-YKR2-QQCC;75;138;3.6
B6MJD5F63GKE;bdnb-bc-FX3J-VCSD-D4TV;bdnb-bg-9Z6L-H85H-CGVC;93;100;4.5
B727FBRGTK2M;bdnb-bc-ELVR-8FS2-52R7;bdnb-bg-F3CJ-RUAJ-QCGW;93;1140;5.4
B72K9J2WGXSQ;bdnb-bc-EGMV-8XKS-LG1B;bdnb-bg-Y4D2-X83R-EK7X;93;97;7.0
B79SA8QAT8A4;bdnb-bc-PHU7-RUJ4-YVTV;bdnb-bg-ZLPF-J8D9-7UGJ;93;1281;5.1
B8BB13DRA7EC;bdnb-bc-P952-N758-N3S2;bdnb-bg-5HGU-RE28-GNTJ;75;287;23.9
B8HFMJR3GHKY;bdnb-bc-3FL2-FN4J-XW2K;bdnb-bg-2TT7-VTCU-NQW3;75;57;6.5
B8RVWHAH8P4A;bdnb-bc-WBDT-6B2J-7YTK;bdnb-bg-YZKH-SYTV-S5RT;75;116;4.5
B9DHZ39V4JDF;bdnb-bc-YESH-7WFT-YN6J;bdnb-bg-48Q7-ZCJ6-SQ58;75;67;6.0
B9KZ5GRJ61MA;bdnb-bc-CHW2-KNT9-JDCR;bdnb-bg-X4N2-NM7S-9FQE;75;71;5.6
BAPKSXN8W7Z9;bdnb-bc-BU3E-2WJJ-4RF3;bdnb-bg-9KAZ-YU1C-XG2E;75;401;10.4
BAYBAE4G25GV;bdnb-bc-51TY-AJC1-JWT3;bdnb-bg-N14P-H7DH-3YNG;75;66;5.0
BBW9G4499N14;bdnb-bc-9ZQB-59DQ-Q5KL;bdnb-bg-GERM-Q3DY-8H4R;93;1217;6.6
BC15MFEDYSYE;bdnb-bc-CE6X-6PH8-FRVL;bdnb-bg-L7JS-Y38T-W877;93;240;6.7
BCCMART53A8A;bdnb-bc-9AY6-XZ42-SG2L;bdnb-bg-FR4Z-CQHA-6Y3X;93;1021;13.1
BCFTCV77Q4R8;bdnb-bc-6EPS-S8YZ-GZUJ;bdnb-bg-C15N-CL4K-S49Z;93;52;4.0
BCGHGGHNF5MF;bdnb-bc-QEWM-BZPW-MVQS;bdnb-bg-UCM9-QGHB-4N3Z;93;570;13.0
BCVX6HKH3QJ5;bdnb-bc-2FN7-YN4Q-1NQ4;bdnb-bg-P61Z-YAKJ-Z6Q4;75;1025;12.8
BD16GM16VH7F;bdnb-bc-HM8U-DJ8Z-A3SF;bdnb-bg-X5QN-HWVC-H8R6;93;1339;11.3
BD6JN1FVNB7D;bdnb-bc-XEK4-523C-QQZA;bdnb-bg-BU7J-T8F9-K7DM;75;95;6.1
BDRCJRNV1MMY;bdnb-bc-TFCM-CG9G-V5PB;bdnb-bg-LAYE-6QB6-U9G3;75;1928;11.4
BEDW53C4NAHG;bdnb-bc-FFGW-GXUX-A2T9;bdnb-bg-XMN1-NGNX-ZHA9;75;48;5.0
BEFWJJ6NQ2C7;bdnb-bc-SAFT-CTXB-Z444;bdnb-bg-H2A9-UBZV-V3RQ;93;1505;5.7
BEHG5D9WPYC8;bdnb-bc-CEWQ-AEWV-6HCH;bdnb-bg-HWC1-1L84-LM6X;75;828;6.1
BEPMW9BRPMA6;bdnb-bc-JZ67-Y4SH-T4AH;bdnb-bg-GP8R-2M92-42VV;93;1000;7.3
BESEP3VA64CE;bdnb-bc-STBK-UFLN-BTFR;bdnb-bg-61FH-LSWQ-SHFR;75;1297;11.1
BFRVPTWYBG4N;bdnb-bc-UMCW-S9SL-KWEZ;bdnb-bg-Y6A3-K54D-CKEB;75;1913;9.8
BFSGJ2HZB5EF;bdnb-bc-RFNF-DQUU-YV9Y;bdnb-bg-BBZ1-5Y1P-X2XJ;93;93;3.2
BFZNW259Z27K;bdnb-bc-P4F6-VUNF-ZXL3;bdnb-bg-GTXT-EXZU-2SD5;93;177;7.7
BGRTR6E1WKX7;bdnb-bc-AS94-K84F-LDWP;bdnb-bg-LW3Y-7KXJ-AN44;75;1503;17.0
BGY3BGD355Q4;bdnb-bc-S6YT-JDXP-HZ9Q;bdnb-bg-B4RJ-EQYE-R21H;75;639;18.8
BH6TH625WN9G;bdnb-bc-BHTE-NQSR-XQWP;bdnb-bg-BLMH-H95P-Q9ME;93;428;4.1
BHEWKVWMFWJ2;bdnb-bc-GZKG-K2RK-63JJ;bdnb-bg-MQSP-P2RG-Q7UT;93;306;9.7
BHFB71CBW92T;bdnb-bc-RMVE-RWET-8MDZ;bdnb-bg-3TDM-9V36-6K8Y;93;186;6.0
BHH8DKDVNAAB;bdnb-bc-9MZQ-XTZF-ZYFK;bdnb-bg-GU88-9ZYW-FLF9;75;145;5.7
BHT42Y6SE4JY;bdnb-bc-T7FM-C3TG-AFYS;bdnb-bg-VQJA-J89C-AHKB;75;944;19.9
BHVZCRY51KW6;bdnb-bc-ZYVF-8ESC-DPL9;bdnb-bg-59PS-K37A-BP2K;75;684;13.6
BJB3FN5GACXA;bdnb-bc-VG9J-SUU4-ZXQH;bdnb-bg-SDUE-7QES-GGZB;75;233;6.4
BK1BSM53EM9S;bdnb-bc-46YK-64BF-9JU8;bdnb-bg-PH82-Q4JC-1CQ3;75;460;4.3
BK35NZM18PSQ;bdnb-bc-EM9D-HLRZ-Z8D2;bdnb-bg-6D5A-M4NT-BJ5Q;75;311;14.3
BKFNC3QST2Z5;bdnb-bc-87LM-EMMQ-T98U;bdnb-bg-Y3GK-L5UC-CXXV;75;834;10.2
BKP1DQ58RDYC;bdnb-bc-5F8P-A4JJ-BFNY;bdnb-bg-ZYSD-Q94N-EX71;93;1100;11.3
BM3XVF99H593;bdnb-bc-Z8TV-16EF-5435;bdnb-bg-45H3-K62E-4GJX;75;521;2.1
BM94GGP5GE3R;bdnb-bc-SRMG-BTNC-HGSG;bdnb-bg-86CR-914N-C1NK;93;943;9.4
BMSW7RMXHYVJ;bdnb-bc-DWDH-YV9H-HE2H;bdnb-bg-HPW4-4WQQ-6P5F;75;529;12.3
BMSXA6BC3BHT;bdnb-bc-EWUC-YNL6-YCGF;bdnb-bg-YYJ5-4PJK-QZNJ;93;3079;10.1
BNG9SXV4SGPM;bdnb-bc-M1P8-RRPG-TKGK;bdnb-bg-91AB-RTH8-ZMBR;93;3449;7.0
BP4Y6Q963GNN;bdnb-bc-9N1E-6UJZ-9FB5;bdnb-bg-9L15-UJZG-XXL7;93;188;7.5
BQ3KERVB32NZ;bdnb-bc-2YD2-EGDE-FNAD;bdnb-bg-FBK9-8K11-Q6LA;93;106;5.0
BQ561BY4144Q;bdnb-bc-65RY-7TF1-C8GP;bdnb-bg-FV5A-W796-84KL;75;986;8.7
BQAY9NWCXX3M;bdnb-bc-NC72-5Y5T-JQ7S;bdnb-bg-SKCD-T3SB-B8GQ;93;364;11.7
BQBFG619RWQ1;bdnb-bc-1KFN-NFSF-4S1Q;bdnb-bg-16Z9-Z29B-QHR8;93;835;5.3
BQJX3KA8179V;bdnb-bc-C5UP-RT81-AH6H;bdnb-bg-679B-WMTQ-ZJHL;75;239;10.9
BQN3YG53STTY;bdnb-bc-X4T4-PSVM-6N8G;bdnb-bg-W2UM-AH1Q-2E8Z;75;638;21.6
BQVR4RS968MM;bdnb-bc-CCTN-SZ8D-8UYD;bdnb-bg-LSU1-EFEZ-AWMR;75;41;10.1
BSFMPRVRDNMQ;bdnb-bc-L71J-51BF-Y886;bdnb-bg-V9MF-FQTF-664Y;75;171;4.6
BT7PM8JQJ4B2;bdnb-bc-KSLL-N92L-WFYF;bdnb-bg-U2AM-EKMJ-XDUX;75;1106;16.6
BTK6KDFY35VJ;bdnb-bc-75DC-NTSC-XZGB;bdnb-bg-5RZZ-5XXE-YQUM;93;629;10.7
BTTQQKBD39JP;bdnb-bc-9CZW-8KJS-RFQP;bdnb-bg-ZY4F-K732-2QK4;75;80;8.1
BTVV3ZAX4XVP;bdnb-bc-KS1S-F656-4RBG;bdnb-bg-V9MF-FQTF-664Y;75;171;4.4
BV7QADXCMENY;bdnb-bc-PQ8J-9SNJ-8SK6;bdnb-bg-YHWU-UD2X-KTTG;93;3243;5.0
BVCAJWEEB9SM;bdnb-bc-29C6-MRR9-NGG5;bdnb-bg-1CMM-QP6H-Y8Y4;75;362;6.2
BVMMQXCG5TD6;bdnb-bc-7TD6-3LYR-4BWP;bdnb-bg-ST3H-CEDL-7K92;75;32;6.8
BVY69EC6KTHQ;bdnb-bc-47AA-8EQ6-8G68;bdnb-bg-CPJ6-6DFL-9CSH;75;71;12.7
BW8ZGTR2ZXY3;bdnb-bc-M6K8-4VYV-XSCH;bdnb-bg-Z5WM-XKMY-4XKB;93;647;7.9
BXQ9Z3RVH589;bdnb-bc-8VKD-VBKD-6XM9;bdnb-bg-PJB8-M7JC-ET68;93;151;2.9
BY5BWPZVY24A;bdnb-bc-M6VP-ZBJQ-HUTD;bdnb-bg-28CN-13YS-3QJ1;93;1292;2.8
BZQYMHFKGQAD;bdnb-bc-75ZG-KLZP-W3KA;bdnb-bg-M6EW-W6QK-DJPN;93;36;3.2
C111N8YZC2D3;bdnb-bc-FWYZ-C79Y-Q5SW;bdnb-bg-1L1L-RECL-BKF9;75;1152;7.3
C12Z7BXS6F5H;bdnb-bc-RUNK-T85Y-JKJ1;bdnb-bg-62W8-VKM7-9VXD;75;871;7.7
C2JT5PXFBN9A;bdnb-bc-XBAY-298S-2YJY;bdnb-bg-YTVG-84WF-XAGB;93;496;8.3
C2NEBYSEPVHC;bdnb-bc-6VEM-WS77-D471;bdnb-bg-DDD3-4NS7-8XDR;75;532;9.0
C2WQZ871VBC3;bdnb-bc-9G7D-BV12-HQCH;bdnb-bg-WFFZ-BSW4-FRUY;93;821;4.7
C36RGYDG2DN8;bdnb-bc-U97D-G1CD-LSFL;bdnb-bg-QYTB-HDAM-SMU6;75;633;18.8
C3G2R69JK694;bdnb-bc-SGCB-LHUU-APLV;bdnb-bg-L7JS-Y38T-W877;93;3149;5.3
C3JDP1VZ782X;bdnb-bc-5B41-LY75-5B12;bdnb-bg-ZPDR-ADFZ-RX1H;93;166;5.3
C3ZG41NZTXJ5;bdnb-bc-P37H-PQNH-2141;bdnb-bg-DM2U-1VDW-TSJN;93;623;8.6
C4X92E3N1A2K;bdnb-bc-GNQK-8TV1-RBQM;bdnb-bg-75G1-CJEB-JF2X;75;307;22.6
C5ESYJY1BSMF;bdnb-bc-1JM6-KRJ3-EA82;bdnb-bg-9EMA-UCEP-YWEP;75;141;17.7
C67FWJBNJWAS;bdnb-bc-2E29-Y5YT-SZCS;bdnb-bg-TD9Z-MN19-FLCA;75;616;18.7
C6WGVYCPZF3D;bdnb-bc-ZSML-CYW9-MRPQ;bdnb-bg-YXW1-2YG5-PFVU;75;86;8.3
C76TS2W43C2T;bdnb-bc-GZE1-E1GH-MLNW;bdnb-bg-4HJ2-D2XA-3PNJ;75;618;20.7
C7JER635AT25;bdnb-bc-BJ4H-WUT5-LKHL;bdnb-bg-DB9C-6X3N-KQQ9;93;1238;3.9
C8N92HDGD434;bdnb-bc-MADQ-ZUAS-YE4D;bdnb-bg-CCNB-2K6S-RE6S;75;48;5.5
C9616SBDRHH2;bdnb-bc-D9N6-KDPB-YAE7;bdnb-bg-N5ZM-YWHV-RL78;93;1221;5.9
C98WBZY156WW;bdnb-bc-XR95-P2ZA-MY3C;bdnb-bg-FL57-723Y-X6UT;75;535;18.2
C9WMHJNNG48D;bdnb-bc-SW38-2PEB-3AM4;bdnb-bg-QKHS-74T2-SRPY;93;244;9.0
CAW8R8MPM8SH;bdnb-bc-DNRF-UMSS-LCP5;bdnb-bg-PBMV-21SD-1VZT;93;2780;5.5
CBDE337HFGNT;bdnb-bc-FUJD-AAT8-ZARH;bdnb-bg-7N3S-VSEY-CHMZ;93;725;7.8
CDSPTHAR8F6K;bdnb-bc-38V4-U5PA-JPQS;bdnb-bg-X4UP-R2WE-C5AA;75;77;5.0
CECQYHBT5RTD;bdnb-bc-LPR8-VA3Q-1RMJ;bdnb-bg-N7B2-JYYE-KXL4;93;648;10.8
CEJT6T8FC99A;bdnb-bc-Z35N-7GA2-MC82;bdnb-bg-TC8V-1XLN-F1TS;93;2442;7.7
CEQFC46XDF42;bdnb-bc-EGLL-HC8Y-X6W8;bdnb-bg-MMBY-ZFXL-TVGH;93;788;4.4
CFCNG2VJ5BSK;bdnb-bc-NFRY-GUMZ-LMJ2;bdnb-bg-CS2E-7SCJ-G4E7;93;700;3.4
CFE9172CP2ES;bdnb-bc-K78J-B2CB-JAUS;bdnb-bg-XVWF-B25G-7RFH;75;794;16.6
CFPZHAT74FDN;bdnb-bc-UTNB-UMNN-NJE1;bdnb-bg-WUVQ-HV1Y-GLYH;75;1109;6.4
CG98N2CV26R2;bdnb-bc-4C7X-TWL7-FU4D;bdnb-bg-ECLZ-A6P4-XMUW;93;2047;9.4
CGT6KRCAVPWG;bdnb-bc-9WJB-CEM9-PKDM;bdnb-bg-AJMP-QA5B-5AF1;93;779;13.5
CHA7B6CVV13N;bdnb-bc-B5AP-JP93-VQ1C;bdnb-bg-XDV4-AK1V-HR45;93;355;13.2
CJ75AHG6NJNC;bdnb-bc-P3AY-BFWD-SGA2;bdnb-bg-JLMX-XHXJ-WNL9;75;147;3.1
CJ75VC9P3W9N;bdnb-bc-39D2-GMSW-MY5V;bdnb-bg-QYGS-RZYM-6F6U;93;27;11.9
CK1MR63NGJTG;bdnb-bc-MNEQ-JDC3-4DF8;bdnb-bg-YEA1-9AHA-D79C;93;169;12.6
CKQ6RBKXAGN6;bdnb-bc-972E-KNRZ-E9R4;bdnb-bg-PRRE-SFY8-4FT5;93;133;4.9
CMDW1PKB33PR;bdnb-bc-SXKG-HWDS-V6WP;bdnb-bg-M7BB-YMSK-4GTR;75;1516;10.8
CN4F34GTYP9J;bdnb-bc-S8D1-7ZT8-J6V4;bdnb-bg-CRRW-C472-BK2S;75;54;8.4
CND3VZ397VY1;bdnb-bc-L71B-733R-AREL;bdnb-bg-EM6H-BVX2-CLV7;93;93;3.1
CNKEXKZC8B4K;bdnb-bc-B9KF-DH3J-D2QU;bdnb-bg-Q5F1-GS47-E2YK;75;157;3.1
CNN22WNV8T4Q;bdnb-bc-AMHX-RU2U-GHBH;bdnb-bg-QKCY-MUEB-P4CM;75;80;5.2
CNNNQ5FZP4MG;bdnb-bc-V1BP-2911-41KS;bdnb-bg-GTXT-EXZU-2SD5;93;210;8.5
CNS7JVSEH72B;bdnb-bc-KH39-MTFL-9FST;bdnb-bg-BBZ1-5Y1P-X2XJ;93;25;3.0
CNYPBRHJ3EN2;bdnb-bc-HQCY-AVGW-VWEE;bdnb-bg-NUBA-N1GS-E96A;93;2366;11.8
CPKH7TWZ5T3D;bdnb-bc-Y8TL-Z4J9-87JL;bdnb-bg-Y67L-DZYX-BPAY;93;825;2.8
CQKBVD1YZGXG;bdnb-bc-EPZ1-JG4M-47ZX;bdnb-bg-4B3M-NH5H-ZXL4;93;210;5.9
CR25YV3H1CHS;bdnb-bc-915B-PMR3-35S3;bdnb-bg-9554-AS71-VSYW;93;45;5.0
CRX1M4A37PT1;bdnb-bc-4HD9-CD72-2Z61;bdnb-bg-47DJ-ULYE-PMPD;93;880;11.9
CRYVYTWAQFQB;bdnb-bc-8EWQ-9NL6-JJSX;bdnb-bg-XRFH-8H12-6V2A;93;775;11.6
CSHAERP5V3GD;bdnb-bc-YJAV-8J4M-J2LG;bdnb-bg-QP46-BXNX-2YWR;93;2053;12.0
CSKV4KZ9K6M6;bdnb-bc-K4DW-Y15M-XF1U;bdnb-bg-HRWE-8FJY-KD1E;93;3663;4.1
CSVZB5TYTZPV;bdnb-bc-VD2Z-YHNA-41X3;bdnb-bg-WYT9-K3ER-38PN;75;55;3.6
CTDTZX6QX1Z4;bdnb-bc-NMMB-B139-XSZG;bdnb-bg-9KBC-APVA-YF5T;93;160;2.9
CTF4WJNJBEYX;bdnb-bc-RPZX-5KWS-GKH8;bdnb-bg-XLW3-QWZY-DQ65;75;735;22.7
CTV8TZCXQX7W;bdnb-bc-C5XW-YSMY-XZFY;bdnb-bg-J46F-XW2N-YN52;75;1833;13.0
CVQT9X5RD4PC;bdnb-bc-T5M2-QQX3-BJQ8;bdnb-bg-YTBD-EWX3-WLVP;93;537;5.6
CVRXQ38MQXMP;bdnb-bc-PTN5-KY1W-AQG1;bdnb-bg-6W3T-R71J-EEB7;93;1144;5.3
CX5QJXJQSXV6;bdnb-bc-Q3BJ-663C-JEWQ;bdnb-bg-1Z8T-EGAT-8XNQ;75;39;3.3
CX88RYNP84A5;bdnb-bc-2BM9-H12F-NTWF;bdnb-bg-YSNU-A4DH-HTV7;75;362;22.8
CX92VN4VX34E;bdnb-bc-9C97-WDL2-XPQE;bdnb-bg-AHT9-GRB8-98EG;93;577;5.6
CXN9BQAN5Z5A;bdnb-bc-517R-2M2S-BBPG;bdnb-bg-BS5X-F2P3-BJ7M;93;2470;5.2
CXWFWGD4SDTR;bdnb-bc-WNMA-U1GV-6C1N;bdnb-bg-85CV-2SUC-L5E2;75;514;17.7
CXYBNDQCCY4H;bdnb-bc-X9YJ-UEDD-41D6;bdnb-bg-2MKP-3HEW-8W36;75;410;5.2
CXZGVWFXGP6M;bdnb-bc-5KJ7-VA7D-9F6Z;bdnb-bg-D4LN-L6Y5-FAJV;75;911;4.5
CY1AS1E485X7;bdnb-bc-6FLU-WLGH-8LJJ;bdnb-bg-EWRP-6M3Z-3B1V;93;989;7.3
CYV5B5VTM9TB;bdnb-bc-UEBM-1FJJ-FYGG;bdnb-bg-GTXT-EXZU-2SD5;93;131;6.9
D1CKGGK5YYHT;bdnb-bc-BQNJ-XETV-93LU;bdnb-bg-N5ZM-YWHV-RL78;93;670;3.7
D1SFHH3XS9ND;bdnb-bc-AHJP-WB5W-1QKK;bdnb-bg-4W9V-EV4K-2U49;93;849;3.5
D213B2RYTDS5;bdnb-bc-HSN6-C2Z7-S585;bdnb-bg-Q6Q6-27A1-TY6N;93;590;3.6
D27AZJPERTMF;bdnb-bc-E3DE-5QEJ-EHLV;bdnb-bg-DTA5-8E84-255J;93;79;5.0
D2QW8XS2AMRQ;bdnb-bc-TBNA-S2SQ-ETKZ;bdnb-bg-NMZK-CVKD-9Y83;75;460;2.1
D3GTHBTWRH2T;bdnb-bc-D35M-ADUU-DD7M;bdnb-bg-CRRW-C472-BK2S;75;536;8.4
D4S8PPJ9TN95;bdnb-bc-VEHP-JG3T-8U6X;bdnb-bg-8PJP-PURP-WQRG;93;1033;8.8
D4VGPPYXRDT7;bdnb-bc-45AL-XY37-9G5K;bdnb-bg-65CP-7E26-LS6E;75;1040;8.7
D54DP2Z3TBYY;bdnb-bc-X3SR-68GY-QMUB;bdnb-bg-4W9V-EV4K-2U49;93;2814;7.6
D5JPTXT1KJWJ;bdnb-bc-3B3D-YDJS-CA1R;bdnb-bg-N2UY-XY7X-UNNY;75;3027;6.6
D5VBCY3ATDPM;bdnb-bc-3RN6-E4XU-QGP7;bdnb-bg-GZAM-UML9-SMZN;93;1268;6.0
D7GD8XAB4YRD;bdnb-bc-F97S-4FEP-YQCU;bdnb-bg-MQSP-P2RG-Q7UT;93;35;5.8
D821M8MHVFEV;bdnb-bc-952W-7EW8-YYWT;bdnb-bg-7UA8-JASK-U84Z;93;1012;1.3
D8BPNYK8RCWG;bdnb-bc-4P3H-VZX8-NU3U;bdnb-bg-Q5F1-GS47-E2YK;75;58;2.7
D8MVCC33D6R5;bdnb-bc-J6WB-3WHT-R2RL;bdnb-bg-VYDD-89ET-ZHPR;75;1596;13.6
D8RPEQWDGD86;bdnb-bc-XVUE-287Z-7MCH;bdnb-bg-DBQ5-715J-9ZFL;93;926;19.6
D9A4DS13VGKQ;bdnb-bc-15P9-X3QR-VYRX;bdnb-bg-UAZU-RWNQ-NRQE;93;1546;10.4
D9E2DRKJKFZQ;bdnb-bc-M2FL-4GEP-C5HK;bdnb-bg-4QLH-3RG7-CPCY;75;634;9.9
D9QPTRE8JBEG;bdnb-bc-RCSQ-2YEJ-NJ1V;bdnb-bg-HLUL-YKR2-QQCC;75;216;1.8
D9VSDX1Z9GDV;bdnb-bc-1XDJ-W7VQ-2PBR;bdnb-bg-QKHS-74T2-SRPY;93;678;17.3
DAWSBTJPSYBT;bdnb-bc-1D53-P81N-UXML;bdnb-bg-KCCL-V8ND-E3Q9;75;231;5.0
DAZFFX94CT6G;bdnb-bc-ZFFG-8K3H-WQ65;bdnb-bg-G5GY-S834-VK62;93;72;2.9
DB3Z1S7274D3;bdnb-bc-QM2W-JLGE-X92F;bdnb-bg-RJHB-XD73-8CJ4;75;221;7.3
DB7AVC1BMNAF;bdnb-bc-ZN4G-HJ95-VLV9;bdnb-bg-UWGW-WSF9-3ASE;75;43;4.4
DB9STZJHWWF4;bdnb-bc-UEUD-U4JM-3KSV;bdnb-bg-V3FY-1AJS-5N25;93;1010;9.1
DBFKQFG66WCY;bdnb-bc-K2UN-YPH1-PZS4;bdnb-bg-KZM2-DUYR-3UMK;75;153;2.9
DCB61PJYYMJY;bdnb-bc-QAPH-BDTS-YNH9;bdnb-bg-KFBF-43NB-C757;75;2623;7.2
DCK6NX1SM4RV;bdnb-bc-93MA-V76Q-6ABA;bdnb-bg-EFFL-HBQ9-QWVG;93;1285;8.4
DDJ4HS5KJJKG;bdnb-bc-AWU6-A27M-D1C4;bdnb-bg-TAKC-HBFP-RFKL;75;687;6.2
DE4R2JDKMKNN;bdnb-bc-XDCE-CKGW-2524;bdnb-bg-PX1Y-8JM1-EUFT;75;449;17.0
DEAM7K6RFNG8;bdnb-bc-N6HR-LG6T-A2MK;bdnb-bg-FFG4-3BXD-D5F6;93;244;5.9
DFH2T1S3CCZX;bdnb-bc-HMXJ-XWNT-HZLF;bdnb-bg-CP8G-1B48-PT22;75;88;12.8
DFYWY7F6THNS;bdnb-bc-CVY2-E11K-86L2;bdnb-bg-Y9Q9-4Z86-5G44;75;2255;12.0
DGGCH7P6ARPT;bdnb-bc-V1KX-L2B6-RJ57;bdnb-bg-QLBE-HKHW-R92N;75;161;13.4
DGGVCK67JE2Q;bdnb-bc-DS6N-PUGL-7CJL;bdnb-bg-EX7B-6SPM-A3NH;93;888;9.0
DGTK36A16V5J;bdnb-bc-PYQJ-C7FZ-XSPK;bdnb-bg-F1NC-75S8-BT4N;93;474;3.9
DHMHC7BX22KP;bdnb-bc-YKX8-T1EC-U48Q;bdnb-bg-384V-PPFT-SLGT;93;339;5.1
DHRZXR81QWKR;bdnb-bc-GH9B-GEQT-1ZWG;bdnb-bg-Q49X-MVZJ-DXZF;93;728;3.7
DHYNF5V6Z1HJ;bdnb-bc-3M1X-CWWP-5DKQ;bdnb-bg-2QX8-GQXF-ZSKH;75;699;9.1
DJ61V8W1YGBF;bdnb-bc-YZ9G-MDDY-WL9N;bdnb-bg-L7BL-FZBX-VFWB;75;29;3.0
DJEZQ61R1TJF;bdnb-bc-F3EP-LRBS-KNDH;bdnb-bg-HWDL-E3L9-CX92;93;146;2.9
DJH38HXVJX5N;bdnb-bc-31KR-1DGW-TPCZ;bdnb-bg-U2FG-NLAM-37GG;93;109;7.4
DJTF39YJTFJ3;bdnb-bc-4AWG-LW3Z-NTLW;bdnb-bg-3AGL-MUCT-RUE7;93;1265;13.6
DK71V62YP5A4;bdnb-bc-FJT6-2M59-E7EH;bdnb-bg-8EU6-2AK8-25YH;93;41;5.0
DM17VJAFXDH4;bdnb-bc-ZWB7-8ZB2-MZPR;bdnb-bg-JZRT-41JP-A7GL;75;768;24.3
DM9ZDZKHQXAN;bdnb-bc-FM6D-HC6C-25LX;bdnb-bg-W7UK-U9HH-2HJN;75;543;20.8
DMY1GXRKA9MK;bdnb-bc-9F6U-5PDL-JCP9;bdnb-bg-WRKJ-Y9TB-TL4X;75;49;6.5
DP312GXB3H85;bdnb-bc-WKP4-56CP-3URN;bdnb-bg-1X25-7EWX-DJ55;75;1834;11.4
DPKRV3YHGQJG;bdnb-bc-FW35-Y6ZV-LLPT;bdnb-bg-L7AF-8AKF-2C5J;93;82;4.1
DPX9SC3XBXHT;bdnb-bc-4C7S-XKU7-355Z;bdnb-bg-3PUZ-JZ5E-ZWEV;93;734;5.8
DQSPNVWN329K;bdnb-bc-DTJU-KXQA-SKLT;bdnb-bg-MGKB-HATA-AVEF;93;1223;8.0
DRC2THGRAEM5;bdnb-bc-Q134-TXPV-8XER;bdnb-bg-TDT1-1QDY-N5AD;93;178;8.1
DRDFHJA2CMZC;bdnb-bc-VFX5-GFQF-CFZP;bdnb-bg-RFGN-B6Z4-E9AC;93;2277;17.2
DRPA7RYJ6R6W;bdnb-bc-76PW-PMMA-QCFV;bdnb-bg-1YBC-XNG9-6AVN;93;903;11.5
DRWTRPWP6ZMG;bdnb-bc-VY79-85NA-L5A6;bdnb-bg-AZWC-ASJR-F9XT;93;4183;5.3
DRX38J531C97;bdnb-bc-T8FE-HVFE-VNW5;bdnb-bg-YTBD-EWX3-WLVP;93;43;1.8
DS6FCAHEB49Z;bdnb-bc-H1AW-GHZ5-NZU9;bdnb-bg-RJLN-CT6V-N66P;93;310;5.0
DS6FCAHEB49Z;bdnb-bc-KDQF-YB39-WJW7;bdnb-bg-RFNF-CEEW-P3NP;93;4312;5.0
DS6PZ9NHPE7Y;bdnb-bc-SNFV-BC46-95D2;bdnb-bg-WDT5-3JRN-VL34;75;1364;17.6
DSHC8PFMME1H;bdnb-bc-K9L6-ZDNQ-PEVE;bdnb-bg-PB1B-N2GD-AQJB;93;891;4.7
DTBB9CF7W7VP;bdnb-bc-4G6G-8B41-D65D;bdnb-bg-G6VX-BRMZ-UJ5H;93;72;7.0
DTDGX478EBFY;bdnb-bc-5H3D-Q269-HK2X;bdnb-bg-VAUR-YJSD-5A19;75;42;3.5
DTGWKX3XTM59;bdnb-bc-3R6C-DAB1-DQJF;bdnb-bg-J7EL-389E-UH88;75;542;6.6
DTR2MFXP7Y7A;bdnb-bc-5UJC-H34Z-1BA7;bdnb-bg-HRF6-CKLK-8BLV;75;173;8.3
DVVEZ1B7P21T;bdnb-bc-QUD9-EP7T-3EW4;bdnb-bg-KBFT-FF71-L39V;93;230;12.1
DWQ8BRXFX87N;bdnb-bc-YKUG-F3MW-CJMC;bdnb-bg-DDD3-4NS7-8XDR;75;97;6.2
DXZ3BDM2Q114;bdnb-bc-EE7B-Z4X9-2R9M;bdnb-bg-1SYH-ZQTK-E7TB;75;2861;9.0
DY6119Y2YEYF;bdnb-bc-2B2U-F25H-76QV;bdnb-bg-GTXT-EXZU-2SD5;93;627;8.8
DY7X762DENCD;bdnb-bc-UHX2-P9TK-W11F;bdnb-bg-LZ43-3KV9-PUWN;93;2843;4.0
DYCXD7MNY2F2;bdnb-bc-MHNA-VVKR-8QDM;bdnb-bg-XS41-H6D6-RV5P;75;206;7.2
DYX4P6PPQA6T;bdnb-bc-UXVR-ZFKA-HTAJ;bdnb-bg-TLSZ-SFFF-H8QM;75;721;19.5
DZSWAR7AH8R1;bdnb-bc-VN4W-H7CW-R1KV;bdnb-bg-S588-AWFP-MHSL;93;125;10.9
E1A8K3Z53T8Z;bdnb-bc-SN4Y-71FQ-M9TS;bdnb-bg-9L15-UJZG-XXL7;93;65;7.6
E1MT9WWXGQMJ;bdnb-bc-537V-3X25-2PLV;bdnb-bg-256S-VUC2-U338;93;1137;4.0
E1ZNABEAMSYJ;bdnb-bc-QU28-MKE6-Z7MJ;bdnb-bg-YE99-4852-87WW;75;73;6.0
E2DM2NMBP8WR;bdnb-bc-XA2B-11S3-M9G7;bdnb-bg-TWKD-1KRN-59TY;93;362;3.8
E2G9FXBS714Y;bdnb-bc-NSQD-4NFP-U6A8;bdnb-bg-Y4D2-X83R-EK7X;93;2259;6.0
E34R6ND1772M;bdnb-bc-XL9U-QW3N-NK8G;bdnb-bg-KGM8-EMAV-FBX7;75;243;16.7
E377Z8CPP9NE;bdnb-bc-XV9F-42XX-VRLB;bdnb-bg-1M5B-B9PA-AGZS;75;830;16.9
E3B7FRCKYXWB;bdnb-bc-EKPL-RJT3-MMLK;bdnb-bg-YZKH-SYTV-S5RT;75;1095;15.0
E3JE81RBWW2S;bdnb-bc-8SA1-96NJ-7YTH;bdnb-bg-P87H-XEEG-KX6U;75;451;5.0
E52ZDBZ8FV7Y;bdnb-bc-2TVX-EYZT-BP2G;bdnb-bg-JY11-4RJG-34ZT;75;21;3.0
E538Y7TRC66N;bdnb-bc-63TN-NXSY-NE46;bdnb-bg-LSU1-EFEZ-AWMR;75;155;11.1
E56DXSHXD1WS;bdnb-bc-QEMC-MAGP-J1PB;bdnb-bg-GTXT-EXZU-2SD5;93;459;17.4
E5KN84S7SG65;bdnb-bc-WWX7-PSAL-Y9A7;bdnb-bg-FP86-5GQK-YRK3;93;2678;13.3
E69D4W3P9H5D;bdnb-bc-9X2G-J4RA-LPRE;bdnb-bg-Y8BU-QURA-4XUL;75;1038;19.4
E6ASQFN25AFX;bdnb-bc-DN1R-3LEP-QKUL;bdnb-bg-9554-AS71-VSYW;93;161;5.7
E6CS8CPQY5TG;bdnb-bc-6FJ1-2UEA-1ACD;bdnb-bg-4W14-MBQZ-3UCW;93;1108;13.2
E6V214QVSQZF;bdnb-bc-C6QQ-YWHY-AMLX;bdnb-bg-QYGS-RZYM-6F6U;93;131;5.8
E6ZVZWXFFGGM;bdnb-bc-QE6E-DX73-UVM2;bdnb-bg-NWNH-8SMS-JDSS;75;1325;15.5
E826SMYQ1E1H;bdnb-bc-8VSC-GJ1Y-NG1Y;bdnb-bg-56VH-KS6R-USGL;93;65;2.6
E8H2R95141YX;bdnb-bc-D7JG-5DM9-3HW9;bdnb-bg-Q4VH-4JFN-U7C9;75;144;3.2
E8MG4PXH9AAC;bdnb-bc-MQPA-AHGJ-QLZJ;bdnb-bg-AFZA-3B5R-52H1;93;970;16.9
E8MV3J5BXKHY;bdnb-bc-XC7Z-22SE-YK1L;bdnb-bg-VZ2T-DWJV-M7DR;93;1451;7.3
E8R35YAN7P8X;bdnb-bc-99S3-DXA9-SF8G;bdnb-bg-JUXM-MZ5W-5V4E;93;47;5.0
E9N6KGEC8W5G;bdnb-bc-WFEJ-DWA9-1S1B;bdnb-bg-LSU1-EFEZ-AWMR;75;30;7.8
EA8NWYSFTF3M;bdnb-bc-3FBP-EGL3-3EZC;bdnb-bg-7D2Y-T7Y3-EVU4;93;1225;7.2
EAH9Q5GYDCEK;bdnb-bc-VA71-LWEM-MM7A;bdnb-bg-FDY4-UABF-Z34F;93;95;3.8
EATBPQWSR1AN;bdnb-bc-RQKN-6G42-AKC7;bdnb-bg-DB9C-6X3N-KQQ9;93;72;4.2
EAXW8ZGM8M4K;bdnb-bc-KSMW-EGE1-CGEV;bdnb-bg-N5ZM-YWHV-RL78;93;128;10.9
EBQZJDKTMFEZ;bdnb-bc-1YLJ-1TWR-5AFU;bdnb-bg-HQR5-NN3X-ABEZ;75;763;16.9
EBVJNEXSGYY1;bdnb-bc-3M54-VCPR-V2B8;bdnb-bg-89YY-2PA1-JQGH;93;21;
EBVJNEXSGYY1;bdnb-bc-YR5C-MFJR-KJDP;bdnb-bg-7UNX-2WSD-Z7B7;93;3209;16.1
ECGXTGNBEMDD;bdnb-bc-77LU-JF2W-4V7K;bdnb-bg-Y6DB-PT51-LG2L;93;1484;7.3
ECRZJT6J4ECJ;bdnb-bc-6Y27-ZGD3-JAXF;bdnb-bg-PUMT-D3ZL-R89L;75;496;11.6
EDAW4P6AAHAY;bdnb-bc-5JYU-2EWX-XESD;bdnb-bg-JY11-4RJG-34ZT;75;968;17.9
EDDAFAE7A5ZC;bdnb-bc-L6SL-RRMN-9KDB;bdnb-bg-UB5T-57ZQ-472U;75;87;3.1
EDPRZCBHXA5S;bdnb-bc-13KC-SRWF-WE8B;bdnb-bg-ZXQS-Z3TP-E8CW;75;92;10.6
EDSHDRNYCBZ1;bdnb-bc-NB11-3W1Y-ZDA2;bdnb-bg-P1PZ-E6PX-8D4T;93;3103;20.2
EDZNG2CKYX3S;bdnb-bc-25TZ-EFJN-YWNH;bdnb-bg-Q5F1-GS47-E2YK;75;46;5.0
EEJJAYYHNZCQ;bdnb-bc-3VDK-WAX7-4SW4;bdnb-bg-4Y81-R8XF-ZU5D;75;934;20.0
EES2A1EVD1AB;bdnb-bc-E5AP-7PV5-Y2UX;bdnb-bg-HM8D-AKU8-FF6B;75;288;6.3
EEXQ79VRA6SV;bdnb-bc-47RH-T2VG-WHJC;bdnb-bg-PB1B-N2GD-AQJB;93;1623;5.5
EFGYTTJ85J9G;bdnb-bc-L8ZR-TCXT-VR19;bdnb-bg-UM76-NBS8-8S53;93;105;5.0
EFPRPTVN96JS;bdnb-bc-NVNY-Z6GE-XW34;bdnb-bg-27MP-6YFM-Q6AL;75;80;3.9
EFSJ5YZ74STD;bdnb-bc-WC2W-JS5J-VD6L;bdnb-bg-P267-DXWH-5UMU;93;1423;12.5
EG5V473DKQMP;bdnb-bc-675R-E3X9-SQ6Q;bdnb-bg-S3VV-TVKH-KPUY;75;748;19.2
EGS6M9WM3JQJ;bdnb-bc-FX97-41CZ-TRMK;bdnb-bg-5EGC-963J-S31P;93;113;6.8
EGZD3MJWRQ6S;bdnb-bc-NL7Q-F1QS-3MGP;bdnb-bg-XN46-E6LX-379L;93;1638;4.6
EH2BZK4E7JKG;bdnb-bc-4FAR-9YVW-PXSQ;bdnb-bg-SV42-R8X5-Z25M;75;533;15.7
EHR23BWK8E1J;bdnb-bc-W8XR-S8ER-JHKM;bdnb-bg-JUXM-MZ5W-5V4E;93;726;5.0
EHXDQ6BNEB1Q;bdnb-bc-T5S3-P34U-U1QH;bdnb-bg-KN69-CW4B-5JGZ;93;219;6.7
EJFPHHKEP4K3;bdnb-bc-73R8-HDD5-X29W;bdnb-bg-MQLL-Z69Q-QRXA;93;45;15.4
EJHQKKGMN772;bdnb-bc-6ZLV-S87Z-86UA;bdnb-bg-ZE9Z-KBMJ-W9LW;93;697;6.9
EJY4QY6ST6V1;bdnb-bc-NXJP-9C9U-YB9Q;bdnb-bg-KKH5-8E4S-MSFM;75;1570;22.8
EJZ4CQBBPH2H;bdnb-bc-1S1B-WT3E-HDM4;bdnb-bg-9EMA-UCEP-YWEP;75;778;1.3
EK1ME56SC8H4;bdnb-bc-FPND-5FMW-FVN2;bdnb-bg-75H8-RGH9-JUV8;75;958;22.5
EK4K5SRFSQK4;bdnb-bc-CNGU-4NGT-J3WZ;bdnb-bg-Q5PX-QUG9-QQ5M;75;40;3.3
EKBSY18XBASK;bdnb-bc-ZK7E-2FZX-5FNZ;bdnb-bg-PH35-1LD6-WTGL;75;1315;15.9
EKHRGWP178WQ;bdnb-bc-ZE38-LFSS-TDWG;bdnb-bg-1S3V-DBAA-YT8T;93;449;7.9
EM6F2BDJBB4S;bdnb-bc-ELD7-EFMM-2NDF;bdnb-bg-UUXR-GBEA-1N22;75;324;15.0
EMYVMVC9Y47X;bdnb-bc-4QPF-3FK6-A5ER;bdnb-bg-RQNK-RLEH-6DML;75;78;6.9
EMYVMVC9Y47X;bdnb-bc-CRL7-DSMW-VY3L;bdnb-bg-RQNK-RLEH-6DML;75;509;6.9
EMYVMVC9Y47X;bdnb-bc-QZ2A-X33X-W2Q3;bdnb-bg-RQNK-RLEH-6DML;75;1019;14.5
EN38554AP5QA;bdnb-bc-RW7A-K3XF-H5GS;bdnb-bg-X7P5-MBSR-64XY;93;1907;3.0
EN38BBXFRT7A;bdnb-bc-LCX9-QJY5-1DJ9;bdnb-bg-RFFF-LHN9-M1A9;93;1476;11.5
EPNJR2T3WXAS;bdnb-bc-5W1D-AXP4-LP2E;bdnb-bg-YFXR-RYPM-9111;75;422;14.6
EPNNMN6HK6CD;bdnb-bc-LEH8-TN91-KKVD;bdnb-bg-HRGN-6M5J-DH2P;93;2180;5.6
EPRARQS89HBS;bdnb-bc-G6GT-26Z1-7RZ1;bdnb-bg-P61Z-YAKJ-Z6Q4;75;386;14.5
EQEA3N79F87X;bdnb-bc-PMGW-Y2GH-HDHG;bdnb-bg-YTBD-EWX3-WLVP;93;612;5.5
EQF8B5JA6R2Z;bdnb-bc-SLQ7-ZSVF-EYX5;bdnb-bg-N14P-H7DH-3YNG;75;31;5.0
EQTQK6B9KSF3;bdnb-bc-TUPZ-WFS4-6US9;bdnb-bg-1EWX-SWHC-BK5P;75;1001;14.8
ER83FK7Y1WHV;bdnb-bc-NXHD-DMMT-FXNC;bdnb-bg-3H2L-KF5B-CJW5;93;1301;8.4
ERADZVNWG15D;bdnb-bc-A4E5-X53W-FKN6;bdnb-bg-2TT7-VTCU-NQW3;75;26;3.0
ERSCR8F86HDC;bdnb-bc-W9VE-ABV4-TMRN;bdnb-bg-KXB8-KAN2-G59P;75;301;4.4
ERY2FARZAPQ9;bdnb-bc-J11S-ULRJ-HNFT;bdnb-bg-BQ2L-DHP3-6GY8;75;659;31.8
ESCJZ4ZNHGW2;bdnb-bc-XSMX-PV26-YGZX;bdnb-bg-KW95-J1SF-6TRC;75;571;5.2
ESFMGQNM3H41;bdnb-bc-T74N-FTEN-KY6J;bdnb-bg-7UA8-JASK-U84Z;93;1000;4.6
ESPADBT5A5EV;bdnb-bc-636L-43ZG-KEXU;bdnb-bg-45H3-K62E-4GJX;75;82;2.2
ESSF475FXY3K;bdnb-bc-T2C3-NTJG-RV3L;bdnb-bg-PUQP-MLYU-8BE6;75;784;6.6
ESWSGPXGJTDG;bdnb-bc-XRP8-ZT7K-DUC8;bdnb-bg-WNTP-C4D9-4TVP;75;622;6.8
ET6X8PE4YT2J;bdnb-bc-YBS7-PA3H-74HD;bdnb-bg-9WC5-8Z4Z-TZE2;93;223;5.3
ETA9RWT9MJWA;bdnb-bc-JU4B-PWL7-8AUE;bdnb-bg-P8VR-DPPH-L3JL;75;1971;13.3
ETSJ7D3B5SJ3;bdnb-bc-RBFC-TKVS-CKWK;bdnb-bg-VZ2T-DWJV-M7DR;93;969;5.0
ETXZBC7FRR18;bdnb-bc-PEAG-97QG-YADS;bdnb-bg-T9FR-3Q9L-6TCA;93;84;2.7
EV3MRWH2YQNT;bdnb-bc-6YE3-ULWR-T65A;bdnb-bg-A4XM-8WZK-R6FG;93;1264;3.1
EVCZNN3MHEJ4;bdnb-bc-AGBJ-G2QD-NXS4;bdnb-bg-BKPV-WUFJ-CBV2;75;1098;10.3
EVNZVXM52TSG;bdnb-bc-GMC1-Z8RW-DRPH;bdnb-bg-FMCF-FYV7-2J6F;75;2592;14.4
EVNZVXM52TSG;bdnb-bc-HTEA-HWBS-D81S;bdnb-bg-FMCF-FYV7-2J6F;75;1023;5.7
EVNZVXM52TSG;bdnb-bc-S2GF-6Q1Z-FSHV;bdnb-bg-FMCF-FYV7-2J6F;75;508;6.9
EVNZVXM52TSG;bdnb-bc-U7UY-7H53-2MQP;bdnb-bg-FMCF-FYV7-2J6F;75;97;2.8
EVPYCQAD4CK1;bdnb-bc-E77L-HAX2-Q2W7;bdnb-bg-3CJW-HMEW-AHFF;75;1701;6.8
EWGT9X4Y49PM;bdnb-bc-ZQBG-MBHW-6ABN;bdnb-bg-3W5M-PXPR-UR8B;93;1083;6.3
EWR1XYPESR61;bdnb-bc-2QRR-MW5B-VDLQ;bdnb-bg-AZZP-9RX5-1QNL;75;329;9.0
EWWJNBP3WV4D;bdnb-bc-NJ88-KLWR-NZ42;bdnb-bg-53XK-SMQ6-VWKZ;93;30;9.0
EWWY3Y456EDB;bdnb-bc-1UYA-GCEE-T63K;bdnb-bg-AWEM-BMR7-H6XB;93;2987;11.0
EXK4VDJGK5Q6;bdnb-bc-2FZM-JHV2-H9UE;bdnb-bg-SYVF-AYPK-5RJQ;93;927;12.7
EY1B6JHF2HHC;bdnb-bc-UH88-ZTKT-A5GN;bdnb-bg-EAUS-ARS9-FK52;93;904;10.0
EYMP6P6979A7;bdnb-bc-Z5FT-V51X-MVER;bdnb-bg-ZR5D-SGKX-Q5U8;93;3103;9.7
EYQRFY357PMN;bdnb-bc-BACC-5MYK-B453;bdnb-bg-MYY2-4XVE-BF5Y;75;34;5.0
EZ3HJPE2NAGP;bdnb-bc-SNDT-KJTC-UJ4T;bdnb-bg-XKXN-J985-85W5;75;65;11.8
EZJPHS28CMNV;bdnb-bc-42AX-ZN1R-4P8S;bdnb-bg-HNGB-5Z4N-VQBP;75;63;5.1
EZXY4YKW3Q4Y;bdnb-bc-REMW-PPXX-8SCG;bdnb-bg-LEY9-S8TF-NS7B;93;138;6.1
F12YS5RWBN58;bdnb-bc-DWS4-LL1C-JL5H;bdnb-bg-8D4V-A487-T2N5;75;1441;17.1
F1XR98XWG5VY;bdnb-bc-GAH6-JA2P-G8KV;bdnb-bg-Z55F-54PB-S45M;75;734;11.5
F3KXMQNTJ38A;bdnb-bc-DYW6-U3MF-5S9Y;bdnb-bg-CM1A-LXXL-13WA;93;1584;14.5
F4S8F2T65AY4;bdnb-bc-MSCD-ANHK-VE9C;bdnb-bg-RH4F-ENNL-KXCS;93;478;8.3
F4WFBXN3CV2H;bdnb-bc-8UHJ-K1AP-15XN;bdnb-bg-99CX-WQGD-APAX;93;415;12.4
F4Z5YGWBSMHD;bdnb-bc-APS8-WNX5-PU49;bdnb-bg-7G61-UFDR-EANM;75;104;24.9
F52EGJCGKRJK;bdnb-bc-H4YM-V5BN-PNGV;bdnb-bg-7W6V-9D5U-AJEL;75;680;15.2
F63RSQ3Y7HYF;bdnb-bc-6T6M-C18M-21CU;bdnb-bg-P7VC-J56H-1GW8;93;2301;4.0
F684H75PMZF9;bdnb-bc-3LR8-LDTU-E2PB;bdnb-bg-HQR5-NN3X-ABEZ;75;119;3.4
F6A56YRGBWVE;bdnb-bc-1L5S-H37F-3RKN;bdnb-bg-9KBC-APVA-YF5T;93;100;8.6
F6BH4HRFN2QS;bdnb-bc-48DE-HB3K-BUF9;bdnb-bg-UF38-LCGF-MGV1;93;207;6.8
F6C578H9T35K;bdnb-bc-M6QS-KKUT-GNGG;bdnb-bg-ZUZK-2FT6-LASP;75;746;17.6
F74W7WNQATKK;bdnb-bc-8R7K-25EZ-HP9U;bdnb-bg-86CR-914N-C1NK;93;21;3.0
F7EGYB8THN82;bdnb-bc-FH11-WHDX-7W8F;bdnb-bg-7B97-XM6H-3XYK;93;721;7.0
F7VX8PVDNEV7;bdnb-bc-RXA6-V9DL-2GJT;bdnb-bg-PLJS-U1TU-UJNU;75;1014;18.0
F8BSRT5328ZZ;bdnb-bc-4LXZ-ZLAM-BY9E;bdnb-bg-L95M-7DHG-MCHH;75;126;6.0
F8SNNS41QSXR;bdnb-bc-K6A5-7Q52-55VV;bdnb-bg-72KC-JTNF-LCD8;75;79;5.9
F8V8HQNNHXE2;bdnb-bc-CGWR-DMNM-5THT;bdnb-bg-W9PS-D98R-1KKA;93;273;3.7
F8YRCXHXVDW8;bdnb-bc-5FA7-FJY8-3NHX;bdnb-bg-3NXR-F6ZU-DHUZ;75;1063;8.7
F9BM2YRXA83V;bdnb-bc-E1P4-3H7X-GD84;bdnb-bg-BU7J-T8F9-K7DM;75;71;5.0
F9JPGF1EKEY2;bdnb-bc-MX56-23ZM-RPGF;bdnb-bg-22PE-83MJ-VFM8;93;1705;5.4
F9PZ2C4KJP3V;bdnb-bc-X78G-FPHK-9SNC;bdnb-bg-M6EW-W6QK-DJPN;93;34;3.1
FBQRJ5Y5MCDT;bdnb-bc-UTPW-TYX9-4SMM;bdnb-bg-UQ2Q-2WVU-B1C9;75;149;6.4
FCFE9TKR2QVD;bdnb-bc-25MG-39Q1-3AEN;bdnb-bg-6S92-UGX5-NQPS;75;453;6.6
FCN8SWBPCTHC;bdnb-bc-LYAE-W4FU-7CDM;bdnb-bg-M6EW-W6QK-DJPN;93;1698;7.3
FCQC3P2193PH;bdnb-bc-RNQN-6DCQ-EZPU;bdnb-bg-BES9-PH5Q-A9ED;75;92;4.5
FCSVSGM5Z1YJ;bdnb-bc-SEZ7-ZSGH-X3JT;bdnb-bg-AFNC-T3KG-2AW9;93;272;14.6
FD8ZT8YM3MNQ;bdnb-bc-HW64-3NPU-7HNT;bdnb-bg-DA81-5AP9-BPYL;75;1312;8.2
FD9YWPY4MXNB;bdnb-bc-2FUG-Z8DW-17JP;bdnb-bg-4GX9-SUDE-2KG4;93;29;3.0
FEA4P3RMN26D;bdnb-bc-JMB7-SE45-RBUK;bdnb-bg-WUVQ-HV1Y-GLYH;75;1255;17.4
FEBBCS9JXCSA;bdnb-bc-FM2H-94WQ-XH45;bdnb-bg-7XSV-XF1W-N92T;75;495;12.4
FEJP2RAMPSJD;bdnb-bc-EAMK-2UHE-J42N;bdnb-bg-N9RC-T5F9-UUFJ;75;1960;13.1
FFCXEE1GNNC6;bdnb-bc-M1XV-MSZJ-BRH3;bdnb-bg-M4UC-NEYQ-9ES8;93;52;7.8
FG3NXSZDP3GR;bdnb-bc-18HV-UQXW-UNZF;bdnb-bg-1Z8T-EGAT-8XNQ;75;42;11.7
FGAXS9FV2RK2;bdnb-bc-VT85-WL37-HA6F;bdnb-bg-BGRJ-L4YN-Q4D8;93;70;2.1
FGV7EA8C81SJ;bdnb-bc-G9XN-9V8W-513B;bdnb-bg-QDSD-WQXK-CW7T;75;962;20.5
FJABVZ8772FY;bdnb-bc-TYHZ-PHT2-PJRR;bdnb-bg-WFH9-GQDN-XH54;75;518;19.2
FJMF6RYDBAMF;bdnb-bc-4J3X-5KLM-WH9Y;bdnb-bg-WRKJ-Y9TB-TL4X;75;708;20.4
FN8S91H54175;bdnb-bc-992V-81S4-F1YH;bdnb-bg-4996-NZNR-Q63S;93;733;2.9
FQ5K6SB1FM7E;bdnb-bc-LF98-BE5F-HX1W;bdnb-bg-CT6Z-347T-MAXD;93;1041;13.2
FQ72S4YD2VTA;bdnb-bc-GZTQ-RG88-L7US;bdnb-bg-47DJ-ULYE-PMPD;93;53;9.2
FQD5F2G2JWKN;bdnb-bc-S88V-D3NP-NCL2;bdnb-bg-WYT9-K3ER-38PN;75;149;5.4
FQRBZ8EP726B;bdnb-bc-QFMQ-X4X7-5TKQ;bdnb-bg-4HJ2-D2XA-3PNJ;75;218;8.1
FQX31PD5E7YV;bdnb-bc-RF7R-76MK-XQZA;bdnb-bg-FNGG-4JXU-KEUG;75;1252;11.2
FQZCG25MH4QM;bdnb-bc-LWTP-113N-N6Z4;bdnb-bg-HVZ8-PYK2-4N88;75;283;13.9
FR8Z34TASPWQ;bdnb-bc-22Y8-JZRC-DZ85;bdnb-bg-FBK9-8K11-Q6LA;93;276;10.7
FRGP7CTBN4FC;bdnb-bc-RCSR-695U-1WL3;bdnb-bg-N7B2-JYYE-KXL4;93;385;6.4
FRMKTSRAV8X3;bdnb-bc-6UDZ-PRH6-BUB3;bdnb-bg-C6HJ-Q8G4-U3Z3;93;399;8.0
FRS4738JAPS6;bdnb-bc-AEST-CT9G-CSJM;bdnb-bg-KWF6-AVS3-3ZF5;75;29;3.0
FS11FRX8SVFW;bdnb-bc-CZ5K-WRZL-5M2V;bdnb-bg-4B3M-NH5H-ZXL4;93;870;9.0
FS8YMTFNXSC2;bdnb-bc-YRWP-B85R-YV3W;bdnb-bg-DB9C-6X3N-KQQ9;93;98;4.9
FTK9AQDD5KCV;bdnb-bc-W999-VARR-9U5N;bdnb-bg-KJQM-XC58-GLDE;93;37;2.8
FV2C8VW6DX6S;bdnb-bc-67V4-FYGR-5SP7;bdnb-bg-ZLPF-J8D9-7UGJ;93;41;5.0
FV9AYTG1S61R;bdnb-bc-GJGD-VV7K-772C;bdnb-bg-NHB3-GA3Y-E6QE;75;985;9.5
FVKG2YB569ST;bdnb-bc-RNDE-TF33-1HAU;bdnb-bg-UM76-NBS8-8S53;93;223;4.2
FVSNRF759XXR;bdnb-bc-L2NC-GGCV-KY4P;bdnb-bg-CDCF-PSSE-DJXQ;93;910;6.5
FWD45Y2AYR1H;bdnb-bc-K8FL-LKF8-7FJF;bdnb-bg-HLZ6-DFYP-T42C;75;2330;3.4
FX66H9RVPDXT;bdnb-bc-M7KH-8LSS-GP79;bdnb-bg-5FE9-XY87-YGYG;75;835;15.0
FXHDATSVCSFT;bdnb-bc-WD7D-G5DV-N8WX;bdnb-bg-VPU4-FAHV-TUV2;93;636;7.6
FXKYFZJB3JF1;bdnb-bc-BSWB-2NA3-UBN1;bdnb-bg-RH4F-ENNL-KXCS;93;1913;4.6
FXNXB8S2RVKK;bdnb-bc-5PZU-YMBC-TQF5;bdnb-bg-76RQ-W7VK-RXVM;93;74;1.6
FYNAJPTNR7G6;bdnb-bc-9TGR-K7QC-CNAW;bdnb-bg-H5AA-SBTW-HUJE;75;1195;15.1
FZZ6YP9AZMW1;bdnb-bc-XVP3-RC6S-GL7J;bdnb-bg-53XK-SMQ6-VWKZ;93;35;8.0
G15H912FA3DB;bdnb-bc-855B-APY3-X2CD;bdnb-bg-APNU-THMQ-SES9;75;232;12.8
G18FFS2YGE9Y;bdnb-bc-CDSK-5676-HGGY;bdnb-bg-NHB3-GA3Y-E6QE;75;219;6.7
G1KNPDMYYSDT;bdnb-bc-B6VY-L27D-EF61;bdnb-bg-QERX-PFQY-NU1Z;75;1930;11.6
G1XGR65KEKAJ;bdnb-bc-8FY1-R9MZ-DRY7;bdnb-bg-ETK4-H8QM-GQBS;75;548;10.4
G23BJ51K2HT6;bdnb-bc-E3ZV-JK3E-T4VW;bdnb-bg-KCCL-V8ND-E3Q9;75;548;7.5
G2F5XSHYFP6G;bdnb-bc-N9AX-28AJ-HK7U;bdnb-bg-Z833-XFUF-511D;75;43;3.7
G2KYKG1DZ7QB;bdnb-bc-2LH4-F2RC-ULZY;bdnb-bg-JUXM-MZ5W-5V4E;93;91;12.5
G46Q16ZGP4EB;bdnb-bc-PPMR-6ND5-DRYA;bdnb-bg-SYR1-U8NM-S4V6;93;609;7.2
G4H9PV4SWXBC;bdnb-bc-NFBN-RZHH-VTEU;bdnb-bg-CRRW-C472-BK2S;75;311;18.8
G52JARW5S94A;bdnb-bc-NWHN-JG2A-MVW8;bdnb-bg-DB9C-6X3N-KQQ9;93;27;6.3
G571GEEAWC4H;bdnb-bc-LUM9-S9ED-N8WF;bdnb-bg-VVZY-44NC-UZAF;75;3335;19.6
G591X8ZVJ5FD;bdnb-bc-HQAG-1U28-NUFF;bdnb-bg-3WQH-1HLT-5T9Z;75;60;5.0
G5BJMH9MZXZ8;bdnb-bc-NFGU-S6C3-YWZD;bdnb-bg-4HWF-WPNV-EHVH;93;390;15.3
G5EW5JMF6QEX;bdnb-bc-AAL8-2KJX-RWFJ;bdnb-bg-CDXW-GM14-EWDD;93;59;3.8
G5RA52VXZ7AR;bdnb-bc-3G1M-XYXP-MVT6;bdnb-bg-KFYK-VXV5-5RZU;75;125;5.8
G7BZH8D3A9SE;bdnb-bc-UCGT-WHUQ-1VH2;bdnb-bg-GTXT-EXZU-2SD5;93;135;8.2
G887JV4HPQC3;bdnb-bc-RS11-F1KU-PE3U;bdnb-bg-Y3RZ-2RYN-3R23;93;337;4.3
G8XD5J77F5Q8;bdnb-bc-KFUC-Q128-TSWP;bdnb-bg-Q5F1-GS47-E2YK;75;44;2.9
G97JCMS7B5CW;bdnb-bc-GTV9-SSQP-D4UJ;bdnb-bg-CKNT-72X4-BV51;75;1104;8.4
G99ZJ7WFRZXS;bdnb-bc-GP97-Z1LB-EEBZ;bdnb-bg-BS5V-DY1T-ZM5T;93;214;9.8
G9FA7AENNT8N;bdnb-bc-WCHN-LFTW-P514;bdnb-bg-9NEN-E2VG-Z55P;75;331;4.1
G9HTRCVJ4HX4;bdnb-bc-KDHE-9AG8-R9D3;bdnb-bg-X4N2-NM7S-9FQE;75;77;1.4
G9NEYJF1JBGJ;bdnb-bc-AEDE-4WTX-QSE3;bdnb-bg-6V5K-V5SS-24K8;93;5767;7.3
GAP7PM35FHPJ;bdnb-bc-LLR8-J3NK-UCYR;bdnb-bg-VKUS-2NBS-Y6P7;93;635;5.5
GB4K7Q4XN3DJ;bdnb-bc-S7VC-NYLU-WB9E;bdnb-bg-UF38-LCGF-MGV1;93;41;3.5
GB4V4EV845DT;bdnb-bc-MKZM-3E8T-GHU4;bdnb-bg-FNGG-4JXU-KEUG;75;226;7.2
GBFPCVY8EN55;bdnb-bc-8QHY-SJ16-JJAQ;bdnb-bg-QL8T-MWNV-4THM;75;264;24.0
GBWYEZNN2SNK;bdnb-bc-3VKG-8LBQ-9YGH;bdnb-bg-8R1V-UJHZ-59SE;93;121;2.5
GC16S32677MR;bdnb-bc-DY1K-U3Z4-268L;bdnb-bg-X4UP-R2WE-C5AA;75;87;5.0
GC4SQP43H6PZ;bdnb-bc-242C-MPAD-B5AP;bdnb-bg-UUXR-GBEA-1N22;75;239;13.9
GCG18CQWY98N;bdnb-bc-GY71-M3RN-VTNX;bdnb-bg-288V-Y1GW-K66W;75;238;5.6
GCGHZMTYGW65;bdnb-bc-4HGG-XRV7-LGLU;bdnb-bg-9554-AS71-VSYW;93;1182;5.9
GCTAR5BNEET1;bdnb-bc-MM15-1G5H-LY7B;bdnb-bg-HNGB-5Z4N-VQBP;75;33;4.5
GD4EMEYR4WKS;bdnb-bc-MVS6-ZZ3G-U7C1;bdnb-bg-WVXF-TSZ9-ESB8;93;33;8.6
GD967YZQPCQ5;bdnb-bc-MHA9-HH7H-GMNF;bdnb-bg-LMQL-LFPQ-SN7F;93;3289;5.1
GE8MF9Q6SR4G;bdnb-bc-DTP8-QGXP-T46V;bdnb-bg-FVAV-FAVB-CJFP;75;2844;17.4
GE8SBZCEXZKF;bdnb-bc-LZPN-D6FZ-MB3M;bdnb-bg-Q7C7-L23L-R1CB;93;112;2.4
GET3NDQRMQ9K;bdnb-bc-8UQ5-PR29-VBUM;bdnb-bg-8S8X-GJTQ-ZSE2;93;26;3.0
GEV2WPTXBGZV;bdnb-bc-VTB3-KV5M-84SA;bdnb-bg-SBS1-AMFD-28TW;75;917;12.5
GEVQMVVXTE82;bdnb-bc-W6HU-BJ93-K7Z2;bdnb-bg-1X9U-JMGS-AKPN;75;694;15.9
GFEXTEGCRF2T;bdnb-bc-LQ9G-Z6PF-VLRQ;bdnb-bg-P9QZ-5S6L-XCVQ;93;160;5.3
GG3MYBQ9JYX4;bdnb-bc-DDCS-3A51-TAVY;bdnb-bg-NYKS-7JJM-8BDP;93;917;3.9
GGCQJB4269DD;bdnb-bc-4HW6-NML3-RY8B;bdnb-bg-JY5L-BKGE-XW3K;93;1234;3.2
GGPB3SXRHPQW;bdnb-bc-B9J1-8MWU-A5K5;bdnb-bg-2E2X-RUMT-H1XK;75;1963;13.8
GJ4R56DSX2MS;bdnb-bc-NP7Z-Z5RF-8DDP;bdnb-bg-LVA1-FSEB-21RW;75;424;5.4
GJ74FD3D46WS;bdnb-bc-91UH-UXWN-CVNJ;bdnb-bg-PUMT-D3ZL-R89L;75;1405;4.7
GJ79BMXYD8DV;bdnb-bc-59SC-3H1G-MYW4;bdnb-bg-YXNL-47CA-FZT5;75;31;1.7
GJ7ZYVA4S4C5;bdnb-bc-E7VK-Y2UK-GZ4L;bdnb-bg-BBZ1-5Y1P-X2XJ;93;874;3.8
GJQQ3DV8CAXM;bdnb-bc-7JFV-9CQU-T7A8;bdnb-bg-VDZS-VAP6-EFZX;93;724;6.7
GJRHZ33AVFNQ;bdnb-bc-MPGY-LSF5-KPRQ;bdnb-bg-KWF6-AVS3-3ZF5;75;659;12.6
GJTF41B4RYT5;bdnb-bc-8HJ2-QJPE-PMUL;bdnb-bg-HM8D-AKU8-FF6B;75;1196;20.8
GK5K5MZSHN5N;bdnb-bc-DU3R-387W-EMEP;bdnb-bg-3RU7-MPQE-5A7U;93;217;8.0
GKEFB67FZY6A;bdnb-bc-CCNS-UG4A-A7P5;bdnb-bg-L7AA-T7S2-GHQT;93;302;14.6
GKW82N9P63BX;bdnb-bc-J5DU-HQER-Y28A;bdnb-bg-Z58E-BSQC-EC3P;93;776;3.7
GM4VEPP8JVVC;bdnb-bc-MWU1-HUY6-UJYU;bdnb-bg-8EZZ-RET1-7MLE;75;367;5.9
GM6XMH3H66ZK;bdnb-bc-TZJH-EWDB-NWNH;bdnb-bg-B5NJ-JPNJ-Y4Y3;75;1795;16.9
GM7XSQ1YVSFW;bdnb-bc-25T7-582C-WFJ1;bdnb-bg-54ND-BPD2-G5AZ;93;3885;10.0
GMMD7W92G9PA;bdnb-bc-4S36-8L1Q-VWVX;bdnb-bg-N16C-S29Z-AKNY;75;46;16.0
GN64NN618Z6P;bdnb-bc-H3YH-QH8H-7DA7;bdnb-bg-738A-MK75-7V3R;93;1494;2.6
GN8W4JXENG3K;bdnb-bc-5B2P-E5PQ-7VBK;bdnb-bg-PHC3-D3HS-W3Q9;75;634;14.0
GP94C28V2J83;bdnb-bc-6A6M-R3EM-6G4C;bdnb-bg-39X5-PMKS-UPNT;93;718;5.0
GPEG9VKJ1993;bdnb-bc-5BG2-82WA-1GXA;bdnb-bg-WWT2-9D9Y-55LJ;95;1613;3.9
GPREAN8HJAGF;bdnb-bc-S2HU-XXZ3-SE26;bdnb-bg-RGGF-SSMB-NA3M;93;2305;5.0
GPTSJH5P8HFE;bdnb-bc-3JTG-4UDU-32Z6;bdnb-bg-PH35-1LD6-WTGL;75;422;9.1
GQ2253VZ6K8J;bdnb-bc-6AB4-WMKH-GAGG;bdnb-bg-3LG7-1AGX-1FWA;75;218;10.7
GQB7KPNYGNEB;bdnb-bc-D28B-GW7C-ABAG;bdnb-bg-HGV3-DB4X-GUKQ;93;4835;5.4
GQXP115XSX32;bdnb-bc-GAGF-FC6M-9Y61;bdnb-bg-ESY7-R53Z-T32E;75;2509;17.3
GQXP115XSX32;bdnb-bc-NFM3-2JSV-Z4WG;bdnb-bg-VZEC-BQVX-AM3C;75;2237;17.3
GRHMFNCCK5WA;bdnb-bc-6W9V-X4J9-QSS2;bdnb-bg-QT2U-V3GX-QS14;75;1577;19.0
GRSEGXEC3QQ9;bdnb-bc-BAH8-CTYK-AG4Z;bdnb-bg-48Q7-ZCJ6-SQ58;75;298;5.3
GRZ25CK1914T;bdnb-bc-HTJ6-VYGU-F47F;bdnb-bg-2CLQ-VXLG-QXL2;75;535;20.9
GSMGVBNG2T8R;bdnb-bc-JENY-1KBD-TBG2;bdnb-bg-L7JS-Y38T-W877;93;104;3.5
GSW7GJQRSW58;bdnb-bc-BEEB-VF2F-WAG7;bdnb-bg-5TPC-UHRU-X7PF;93;3244;12.2
GTAF677ZBPYF;bdnb-bc-MSWE-R8YL-DWK6;bdnb-bg-2Z8Z-GCVL-Y25P;75;533;12.8
GTQXXXNAFFEQ;bdnb-bc-E1QZ-6CQL-5BZX;bdnb-bg-N7B2-JYYE-KXL4;93;276;5.9
GVE739ND3X46;bdnb-bc-51UN-B99D-DVS6;bdnb-bg-824Y-3CDL-2198;75;795;6.8
GVF6VJE1DXZX;bdnb-bc-BN9W-YUAM-VYTE;bdnb-bg-99CX-WQGD-APAX;93;55;5.9
GW16RY8A1X64;bdnb-bc-BXUY-PGQU-XPP9;bdnb-bg-WYT9-K3ER-38PN;75;1608;20.8
GW995P7Q3QX5;bdnb-bc-X8B8-AHZN-NN91;bdnb-bg-2JTK-C3LL-5398;93;81;4.5
GXKCWKEGQK6C;bdnb-bc-9GXN-C3X6-CK7M;bdnb-bg-8EZZ-RET1-7MLE;75;47;2.9
GXN1139V1KSS;bdnb-bc-HZ11-GTHK-2NJK;bdnb-bg-5866-PY9B-8T59;75;1622;12.9
GXPY1X4E13NX;bdnb-bc-TD85-FW8H-S3LU;bdnb-bg-UWGW-WSF9-3ASE;75;591;6.2
GXVGPX12EKT3;bdnb-bc-9BMX-AVSC-DNWD;bdnb-bg-FNGG-4JXU-KEUG;75;690;9.1
GXX1EMSX9QPK;bdnb-bc-TJ56-GN2G-VTB4;bdnb-bg-PRRE-SFY8-4FT5;93;631;12.9
GY5QQBFXMKZJ;bdnb-bc-YVSJ-DPH4-L9AE;bdnb-bg-6FZ7-LKDT-PXLS;93;180;11.5
GYPSTK9M9JD1;bdnb-bc-GP6G-LWX6-8Q3Q;bdnb-bg-SRWM-93MC-LW6F;93;841;9.1
GYVSKK72X4PH;bdnb-bc-47GD-1RG9-VWMR;bdnb-bg-C9KH-84VF-TB7A;75;170;4.4
GZ26KV5B3EYY;bdnb-bc-J9PA-99Y3-DHC6;bdnb-bg-BKWK-D45X-ML6Z;93;1022;1.5
GZ5NRKNMARJY;bdnb-bc-2TCP-N8T2-X7F8;bdnb-bg-3R3C-C4LU-WDHH;93;54;9.1
GZBK5VZFWFS4;bdnb-bc-UBEM-RNT1-G4S1;bdnb-bg-NTNH-7PJ1-W9L4;75;150;6.0
H12R61DKZK2S;bdnb-bc-D9NN-8EZG-9UKV;bdnb-bg-T9EG-13LP-ZPZP;93;4604;10.8
H16XTS2BMHY7;bdnb-bc-PS9Q-7D6J-XVRG;bdnb-bg-TYLE-DL72-FCRN;93;545;4.6
H19QSJNYATBH;bdnb-bc-36HB-6M69-LS3S;bdnb-bg-UUXR-GBEA-1N22;75;70;13.1
H1AXWQ2WV7GP;bdnb-bc-5L89-44GR-XLMX;bdnb-bg-NUJG-4GZQ-CVAZ;93;2070;3.1
H1EGM3DJHMHV;bdnb-bc-G1F9-SYMD-AUMH;bdnb-bg-2MKP-3HEW-8W36;75;2422;14.9
H1S16RYEHZPV;bdnb-bc-AB43-DALE-7EN9;bdnb-bg-5XKJ-2DCP-FBWY;93;1011;5.2
H224CTBSVDMP;bdnb-bc-3HAA-AKKW-U8CV;bdnb-bg-81T4-RGFT-ZFA7;75;248;4.5
H35MNN6FC37Q;bdnb-bc-QX3J-5ADR-RCE9;bdnb-bg-HEVD-FR7M-TLQT;93;625;3.3
H3J4WDSA97S2;bdnb-bc-4S7U-NAMP-2MRH;bdnb-bg-HACP-7DYH-S9SX;75;694;23.1
H3QGPMNXZDRK;bdnb-bc-PWYX-B2HZ-93KS;bdnb-bg-W8JA-4GDR-FFU1;93;354;5.0
H4AB2P97XZR9;bdnb-bc-QU5F-6NZA-JQFE;bdnb-bg-WDVM-Q4C7-JPD3;93;561;11.9
H4MXDKA89Y1X;bdnb-bc-HAGN-AF88-5Z77;bdnb-bg-GDL2-NQTS-5V19;75;488;12.2
H4PG6CMW3EQD;bdnb-bc-21QY-A9U4-F41D;bdnb-bg-ESJB-XRQZ-T4NG;75;909;6.2
H4QPA6HVVFQQ;bdnb-bc-E3ZQ-9TVR-SPLE;bdnb-bg-433D-Z3PC-3NP1;93;55;10.3
H4W6KQF9X9BV;bdnb-bc-G2L4-3XSQ-89ZS;bdnb-bg-FCBL-PRQ7-CUHW;93;456;4.1
H5B9NJTBPFQB;bdnb-bc-BW5Y-JG28-FDG4;bdnb-bg-VS76-299C-Q2Q2;75;494;12.6
H613FBSFK1X9;bdnb-bc-LSX8-DLJ1-891Y;bdnb-bg-TBJN-3XE2-TY8F;93;1443;10.0
H6DGP5QCK338;bdnb-bc-28BJ-XND9-FMKR;bdnb-bg-MDL6-MLFK-B7ES;93;4243;5.0
H6WQR522G3HK;bdnb-bc-D3E5-JZKW-6FH9;bdnb-bg-8UJX-3E5R-PBEX;75;118;4.1
H73PVWWR1X63;bdnb-bc-EV1Q-F1ZD-7CFU;bdnb-bg-4Y81-R8XF-ZU5D;75;298;6.0
H7E2MA47NR2W;bdnb-bc-NQKZ-6SER-J3L8;bdnb-bg-W99L-PVPW-HT6U;93;1112;13.0
H8TR4NWEXQC9;bdnb-bc-KR7L-JUQP-A5ES;bdnb-bg-6381-MUSY-SQKY;93;1123;4.3
H9DR88WYXV7T;bdnb-bc-G21H-CVFY-VQWU;bdnb-bg-TFGW-LZX3-FZTK;93;1562;3.7
HA2XWBYHYXZ4;bdnb-bc-4TJ6-RQEC-9FVF;bdnb-bg-9KBC-APVA-YF5T;93;29;3.0
HAS7PHQP16HQ;bdnb-bc-JBBN-FVMZ-ZHPL;bdnb-bg-H5AA-SBTW-HUJE;75;34;5.0
HB25A4JZCQBK;bdnb-bc-P1R6-MF26-J4FY;bdnb-bg-695T-CM5M-AUDE;93;700;5.7
HB86W9MK1W3T;bdnb-bc-63W3-5XX9-ZKZB;bdnb-bg-TXQN-3BAT-VEE7;93;1317;11.1
HB9G3DRNC1WC;bdnb-bc-VN8N-Q8MH-VLJ1;bdnb-bg-WFH9-GQDN-XH54;75;63;5.0
HC7BDB371EBX;bdnb-bc-UGD7-YZ9Y-RMYE;bdnb-bg-DKY6-3S48-EQV9;75;278;15.2
HCWMNYMD5N22;bdnb-bc-XELK-YXVJ-Z3QQ;bdnb-bg-HM8D-AKU8-FF6B;75;73;5.6
HD94GDCMN65R;bdnb-bc-RKU9-JC1Z-2MS8;bdnb-bg-YLP7-H2F5-XL2L;93;530;3.1
HDE3ENYZ4P24;bdnb-bc-CRY1-G2JC-EU41;bdnb-bg-UDSA-ZEMT-7JYM;93;1916;5.0
HDGEEJS75RFV;bdnb-bc-CGN7-DJ1C-PPL4;bdnb-bg-M418-S6GN-KN5E;75;26;3.9
HE49EYNTCRM2;bdnb-bc-BGR4-BMSQ-5GN4;bdnb-bg-L95M-7DHG-MCHH;75;247;13.5
HE5XV25D6SE8;bdnb-bc-P52R-TMLA-PTRC;bdnb-bg-Y8JS-MCU6-4TC1;93;335;15.9
HEFN6AGPC4K2;bdnb-bc-VS6C-7E5J-L98U;bdnb-bg-RXQ2-YZDF-LPJF;93;392;5.2
HEKWP23M6F1C;bdnb-bc-B3KZ-8MJR-ZW6H;bdnb-bg-AJYC-QMY8-ZKZK;93;1021;3.2
HENYGWGM1G99;bdnb-bc-UXPQ-XDAC-1Y1U;bdnb-bg-QLU4-8ZMA-ZTZT;75;1008;11.4
HF2R86W2QPHD;bdnb-bc-JBR6-GUSZ-VMD2;bdnb-bg-UWV1-FVEP-7THM;93;1802;9.8
HF4RYNFFY7ZH;bdnb-bc-UKXN-BWFL-4DUF;bdnb-bg-B5RX-2SUG-ZBEW;93;1178;4.8
HG978NHZW7TV;bdnb-bc-8J5T-WHPX-63R2;bdnb-bg-S5J4-TRUM-VRR8;93;430;12.1
HGE2EJG41ZR2;bdnb-bc-TK9X-URCA-HH7K;bdnb-bg-JZRT-41JP-A7GL;75;660;28.3
HGEZTBBSZB4R;bdnb-bc-B2S5-BJGS-L6NS;bdnb-bg-APNU-THMQ-SES9;75;490;17.3
HH618BHH8ZFB;bdnb-bc-3M7E-DKBU-TDD1;bdnb-bg-RL6Y-AV8N-8459;93;1577;12.2
HHB6TC9NJ4N2;bdnb-bc-534V-B9UN-WE32;bdnb-bg-VUKC-DUYB-M2TT;93;1221;7.4
HJB9J24R6BAQ;bdnb-bc-GWV2-3ZVZ-NAED;bdnb-bg-VJG5-LWDZ-G9XS;75;144;5.7
HJBAK5N9HV9J;bdnb-bc-KKRH-A3TA-X4G4;bdnb-bg-GTXT-EXZU-2SD5;93;1396;10.2
HJFMPSBMNEPA;bdnb-bc-EK8V-6247-XB97;bdnb-bg-UAUF-Q9HD-23GT;93;89;1.9
HJYAPAT95VFP;bdnb-bc-BH43-53SP-R8G5;bdnb-bg-X8K3-FT57-5LDX;93;1032;17.2
HK5F14Q8WKTB;bdnb-bc-PNA6-8724-3PF8;bdnb-bg-9L15-UJZG-XXL7;93;125;6.7
HK6F7BHCA5H6;bdnb-bc-A8P8-ZUES-QMWL;bdnb-bg-R4C3-9EHK-Z7G6;75;482;23.2
HKGD51QZ3EH5;bdnb-bc-SVB3-D43H-HZWS;bdnb-bg-B4WV-YRP2-SJNT;93;6021;18.8
HKH5NFRTH45Z;bdnb-bc-T25F-FJ7K-ZTS1;bdnb-bg-1TJT-R3NL-FC4P;93;507;21.0
HM8CVY22EM7H;bdnb-bc-AMB2-4YXW-3P5X;bdnb-bg-4NQ9-9N3D-EKAX;75;1660;15.0
HN1SKQCPAP38;bdnb-bc-QNKF-LUUT-ZCJP;bdnb-bg-86CR-914N-C1NK;93;1303;3.5
HN6Q366GMGFV;bdnb-bc-YHAU-571U-HUPJ;bdnb-bg-P2JC-7DRT-NSDA;93;340;2.6
HNBEK7SCC1QZ;bdnb-bc-WE2H-V7C3-D4JA;bdnb-bg-B5EB-GWA7-8616;75;570;28.3
HNJEPC4DWYX5;bdnb-bc-DQBD-164F-VJPZ;bdnb-bg-9H6G-JXCN-SBY6;93;8118;10.2
HNNNPB9JCH8X;bdnb-bc-GJ3H-NV6P-3TC5;bdnb-bg-PB1B-N2GD-AQJB;93;677;5.2
HPG1G9CWECWS;bdnb-bc-GQKE-J2UF-8THD;bdnb-bg-ZLPF-J8D9-7UGJ;93;108;4.7
HPHV7TZ8JXQT;bdnb-bc-ZSZY-95VU-CDGA;bdnb-bg-F1NC-75S8-BT4N;93;74;2.1
HPNNTKE2P6VJ;bdnb-bc-YBDB-NQZQ-JTJX;bdnb-bg-AGJT-8W9T-7FNK;93;4095;10.1
HPRHHPWBYAXR;bdnb-bc-VJVW-JFDN-FBQP;bdnb-bg-YNLL-XFLK-G834;93;1811;7.2
HPX623WEZ2MC;bdnb-bc-B4WJ-WS79-2H5D;bdnb-bg-PX1Y-8JM1-EUFT;75;24;3.0
HQAPAXHJ9G4P;bdnb-bc-GAL6-DEG6-DYBZ;bdnb-bg-SYVF-AYPK-5RJQ;93;731;5.3
HQJ95RQD5EFT;bdnb-bc-Q8UC-ZXU9-YTEG;bdnb-bg-GAFF-3G49-KZQN;75;239;4.7
HRG44BH2VQJG;bdnb-bc-32F7-EFQU-PPQ1;bdnb-bg-LJRN-ABEM-2VT5;75;2736;38.2
HRTJWQJ2PZ35;bdnb-bc-1EDV-XE5Z-F1ZQ;bdnb-bg-XSDH-WF4L-2B8T;75;87;8.1
HS5QFH3TANJZ;bdnb-bc-D3YE-R7YT-G5VM;bdnb-bg-WHDU-WNT3-E32K;75;2135;15.1
HSMY7RGCQ59S;bdnb-bc-BZMK-ZHYA-NA61;bdnb-bg-ZLPF-J8D9-7UGJ;93;84;4.6
HSQ1QJASQAVG;bdnb-bc-WG91-M1B8-QWZT;bdnb-bg-FPFC-LKF1-CYP9;75;275;27.4
HSYMJKQ2BA9Z;bdnb-bc-T97Y-SCXW-GBQT;bdnb-bg-J8T3-1BDF-NGRK;75;252;17.3
HTC4KJFY6RV8;bdnb-bc-5VXZ-5EKA-S561;bdnb-bg-6399-WH9D-X49R;75;942;26.9
HVGJMC826W6N;bdnb-bc-MP49-6UJP-FUXQ;bdnb-bg-E686-8X2W-BG9R;93;197;4.0
HVTR9WB65SQ9;bdnb-bc-YVN1-2FK8-BQXD;bdnb-bg-DJ19-Z3Z2-VVND;75;61;18.5
HVVR36GEE29P;bdnb-bc-J51G-YGTS-4W1N;bdnb-bg-49RX-W4TM-9CLB;93;2117;9.5
HWKD4HZX24EM;bdnb-bc-ZBFQ-6575-RSU7;bdnb-bg-JA84-WFHU-BN4Z;93;2604;5.0
HXCAX57QEGDA;bdnb-bc-STHZ-4CA3-2TJJ;bdnb-bg-N14P-H7DH-3YNG;75;386;8.2
J15KJ8CEHMZ4;bdnb-bc-FD43-KSRQ-CHHL;bdnb-bg-DTRR-NYBZ-5URC;75;555;21.7
J16BB6BZ2XKG;bdnb-bc-83HM-7L5H-VRX2;bdnb-bg-DCFX-P88Z-EY6F;93;3013;9.2
J1XJ1GBT7B11;bdnb-bc-HNX7-6LRT-755T;bdnb-bg-N246-D7Z7-RRCP;93;4661;7.7
J29KW9AN38VE;bdnb-bc-4JG1-LHLS-9L9S;bdnb-bg-DJ19-Z3Z2-VVND;75;756;7.8
J2DA3XBMV7W4;bdnb-bc-V4CV-WF74-J7YQ;bdnb-bg-1M5B-B9PA-AGZS;75;244;6.5
J2VDMWAZVEV6;bdnb-bc-8BX4-P1BR-GUPB;bdnb-bg-5YBN-19WM-VHDU;93;229;8.2
J3N8GY72D3GA;bdnb-bc-CKUG-EH2B-9R5Y;bdnb-bg-8YJ5-N3RW-S9DX;93;173;13.9
J434KKD97E15;bdnb-bc-CVZ1-4A13-F62B;bdnb-bg-GUA2-397W-UQKN;93;733;3.8
J4G6TC86BM8G;bdnb-bc-6AK5-35ZY-USFD;bdnb-bg-F24W-9VSQ-2K5E;75;402;14.6
J53TFC9Q76FH;bdnb-bc-675S-AJ62-J81L;bdnb-bg-CN8M-L9H2-DHEK;93;743;3.9
J57DC11JQV6C;bdnb-bc-K2J1-3U81-7UQV;bdnb-bg-VS4F-9WGV-3Q9H;93;87;3.4
J5C7Y7XQWGVN;bdnb-bc-1PT8-5PXM-T8LK;bdnb-bg-F24W-9VSQ-2K5E;75;117;2.2
J7SE1QRFFWC3;bdnb-bc-R3B3-KQAA-YJNS;bdnb-bg-SCMJ-9T4D-9FML;75;3154;18.5
J7XBY3XW7JT4;bdnb-bc-8U94-E6J2-TNEV;bdnb-bg-BMKP-4D86-55BQ;75;426;23.5
J8GBFEQ9TTC7;bdnb-bc-1ATD-KCEP-WW7J;bdnb-bg-9GAG-JUNJ-HFA2;93;62;4.9
J9E617PDE4KF;bdnb-bc-5BBJ-58T8-4REB;bdnb-bg-9G8J-BUZ7-EQT1;75;683;14.5
J9Z2Y432WD9D;bdnb-bc-H4XD-26Q7-1KAC;bdnb-bg-Y8JS-MCU6-4TC1;93;48;4.1
J9Z8TM4CMVV6;bdnb-bc-KR5Q-VKD3-BN6B;bdnb-bg-PKE5-WQUS-M9YP;75;1054;49.7
JB8929ZWRF81;bdnb-bc-AU4D-BHVC-FTYA;bdnb-bg-PPHR-PJC9-6RL3;93;771;10.9
JBCMWCVX395J;bdnb-bc-J4B2-Q2AP-EQ9M;bdnb-bg-EVQA-3BHS-HUBE;75;412;7.9
JBDXT72CB9V4;bdnb-bc-HECM-SHPU-NC4B;bdnb-bg-TFBU-U5DG-FU4H;93;2229;14.1
JBJYK4CGG4J5;bdnb-bc-AXA8-H349-7ZNP;bdnb-bg-7PKP-D4XN-8ANM;93;2583;14.6
JBKFD8A4MSK7;bdnb-bc-JP6M-1CPH-TRZ1;bdnb-bg-MUZD-5QL4-TWFN;93;396;4.3
JBTX3MDT23SZ;bdnb-bc-L6ZV-KV1E-CNE4;bdnb-bg-9KBC-APVA-YF5T;93;66;2.7
JBX1YJCSE2S7;bdnb-bc-CPCR-NF5Y-5B5X;bdnb-bg-UUXR-GBEA-1N22;75;145;15.0
JC11TPNP6H7X;bdnb-bc-2Z72-RCJG-H2DJ;bdnb-bg-NHB3-GA3Y-E6QE;75;3545;14.1
JC8DQ4EANVSY;bdnb-bc-LN4G-R3GC-CYRC;bdnb-bg-PUMT-D3ZL-R89L;75;86;9.5
JCRW3QC5AV3N;bdnb-bc-QE95-LSJG-VMKY;bdnb-bg-9NT7-XNBV-98R4;93;472;6.5
JCSQ4SE7X8KZ;bdnb-bc-HYJN-NBUS-16P9;bdnb-bg-K6KX-Z8MD-CMKZ;75;121;10.1
JE1G1V7Y7C4V;bdnb-bc-U81A-SXQ6-NPYY;bdnb-bg-Y9V9-6M8H-QB9T;75;633;10.0
JECZ4RPXS6JJ;bdnb-bc-7VYF-4WRJ-DLWD;bdnb-bg-VBKK-8696-B93T;75;1690;15.5
JEDCDYA5W7K5;bdnb-bc-7TB4-W4WR-TM8F;bdnb-bg-VPW9-QL9H-HYUG;75;244;3.9
JETQSX6HH4G9;bdnb-bc-SCTB-BZHZ-H8XD;bdnb-bg-XDV4-AK1V-HR45;93;396;6.6
JF755PRY519H;bdnb-bc-EGEA-N84H-42WZ;bdnb-bg-DKY6-3S48-EQV9;75;355;15.6
JFGJRKFXN7WP;bdnb-bc-1ATW-97G9-BDLT;bdnb-bg-384V-PPFT-SLGT;93;378;6.0
JFTF8GTRK32P;bdnb-bc-5ZL5-WTBY-Q33L;bdnb-bg-CLAT-LCU2-4WSF;75;461;8.8
JG2YTPX2C6Z5;bdnb-bc-7GDB-KGB9-AZQM;bdnb-bg-8VDE-MD3N-9RYS;93;1551;8.3
JGMHZN1EGPCA;bdnb-bc-HNQS-5ST2-43WP;bdnb-bg-257Q-8F72-7UJZ;93;573;7.7
JJ71553JNNCP;bdnb-bc-HSTN-NZ28-2MJA;bdnb-bg-Q8U1-NYRL-8T3K;75;1109;20.2
JJEPPPHDW36P;bdnb-bc-UAYL-G8YH-K4DC;bdnb-bg-6DZX-5XZT-CRCQ;93;445;10.8
JJMNQWHQ1GPH;bdnb-bc-QFZR-VZEK-UV5M;bdnb-bg-MRTS-S324-B6LT;93;58;7.4
JJTYVTDJCV5K;bdnb-bc-3XT5-B2XB-T77G;bdnb-bg-XMN1-NGNX-ZHA9;75;62;5.0
JK19J8FZJJM1;bdnb-bc-NBMG-FEPZ-HR6Y;bdnb-bg-APDR-U9UB-W9K8;93;157;11.4
JKH9SD1TMQY5;bdnb-bc-4L3Q-57PB-RSE8;bdnb-bg-HQR5-NN3X-ABEZ;75;104;9.2
JKHBGF49HVT3;bdnb-bc-WJG8-Y85Z-MTVE;bdnb-bg-3WZ4-N1ZE-DML1;75;130;12.0
JM2BE6779H2D;bdnb-bc-GK3G-T76Z-FPZZ;bdnb-bg-KPN4-WSLJ-JTYK;93;298;12.3
JM5QASXFVTXN;bdnb-bc-9QR3-3YGZ-EL77;bdnb-bg-LGWE-U66L-PCPH;93;535;6.3
JMTV3SCHGK14;bdnb-bc-Q1EX-GKB6-46EL;bdnb-bg-Y54W-G2E9-4D6J;93;413;5.4
JN8TSH9W6PXT;bdnb-bc-3DTC-HLLE-N1DH;bdnb-bg-Q6EB-TGTZ-Z1XP;75;930;19.8
JNC5Q2BQ3KA7;bdnb-bc-FHND-5MM5-FJL7;bdnb-bg-ZB6C-H9YW-8928;75;793;16.6
JNDZ5H8Q6NFJ;bdnb-bc-KGPS-6P2M-YU4Z;bdnb-bg-EY71-XE2T-Y63S;93;121;2.5
JNGANS6BKFVX;bdnb-bc-9D8A-A4PP-ZNQ4;bdnb-bg-16TX-JSR4-M1X8;75;1079;8.7
JNQNEG3SPN8B;bdnb-bc-V8L4-E5JC-TXWD;bdnb-bg-BU7J-T8F9-K7DM;75;933;22.2
JQ1DBFB5PF2G;bdnb-bc-YMH6-Y6C8-M72V;bdnb-bg-N7B2-JYYE-KXL4;93;1224;7.8
JQ2XNFGHPHMF;bdnb-bc-MBUZ-5QT3-Q8UH;bdnb-bg-5CQF-SF2T-5XEC;75;650;23.6
JQ339T67YZ4V;bdnb-bc-NSS4-7GGP-M2CB;bdnb-bg-9WC5-8Z4Z-TZE2;93;139;11.2
JQF188K6PSCF;bdnb-bc-8V4X-ZLG6-P8DF;bdnb-bg-SZJA-CQ69-KE2S;75;203;4.7
JQP1FX22HPHN;bdnb-bc-1CFM-K2B4-6YLT;bdnb-bg-N16C-S29Z-AKNY;75;1280;12.8
JR3Y5VN1YHCK;bdnb-bc-5KD4-6HMB-CVFW;bdnb-bg-6VUY-ZRSE-Y8XM;93;396;3.4
JRBYKGHP8AV5;bdnb-bc-2VYN-F74X-NBVZ;bdnb-bg-TD9Z-MN19-FLCA;75;53;5.0
JRC5N3R7DR31;bdnb-bc-EHHW-84CC-HUMT;bdnb-bg-KZM2-DUYR-3UMK;75;2143;8.9
JRQHRZHJCG9Y;bdnb-bc-CPH7-NAL6-6XHX;bdnb-bg-DTA5-8E84-255J;93;224;6.0
JT23GVTYSY2D;bdnb-bc-4VB9-NVCK-VKRQ;bdnb-bg-DSZU-QVHK-SQVV;75;573;9.6
JTE7NZ7NZX65;bdnb-bc-R4BD-L4AJ-JKHC;bdnb-bg-R2VD-JJVN-UKX7;75;66;18.4
JTKA2ZYP4896;bdnb-bc-JZWL-4F67-534N;bdnb-bg-M3YY-BM8Z-B44R;93;4623;3.5
JTW2Y141KPPF;bdnb-bc-G113-C24X-GTP5;bdnb-bg-NPYX-UD3T-EM9D;94;2286;12.2
JV9JQ47NR6ZT;bdnb-bc-PAHR-BYUU-PFAX;bdnb-bg-HYR9-ZP98-SPH5;75;1927;13.8
JVDFEH62ZJD9;bdnb-bc-WTH1-KVKG-BT1R;bdnb-bg-APYM-SK1M-VKH6;93;1833;4.1
JVF3ZXATSDXE;bdnb-bc-SUBY-H6EL-71KL;bdnb-bg-WUVQ-HV1Y-GLYH;75;734;7.7
JVJKZ6NRBC5S;bdnb-bc-5WB9-H8KJ-XCRR;bdnb-bg-7G61-UFDR-EANM;75;817;15.2
JVYED3DDAGA5;bdnb-bc-XLVG-FFND-6S3R;bdnb-bg-RWN5-V7H3-PL4Z;93;1982;4.9
JW9H2Q2P19DM;bdnb-bc-YTK3-TQGE-EXJB;bdnb-bg-CDLZ-1F8M-JUZR;93;1725;5.1
JW9RWA75JEH3;bdnb-bc-AXP3-W9VP-WMRK;bdnb-bg-AU8D-BA56-3T4W;93;1067;2.8
JWKGTK2M38PK;bdnb-bc-P84S-L9MH-SPLM;bdnb-bg-7B97-XM6H-3XYK;93;67;5.0
JWRQMD26FVKY;bdnb-bc-8BYY-LW5E-KCQ5;bdnb-bg-2TT7-VTCU-NQW3;75;345;16.0
JXJYCC5F7R9H;bdnb-bc-2KH4-3CXR-WX5N;bdnb-bg-Z5N9-AEX6-DDQ6;75;167;6.5
JXQ5HYEVEYWX;bdnb-bc-W4RS-Z1W2-66KZ;bdnb-bg-6X5Q-A7XG-5Q68;93;619;13.6
JXW9928VTWH9;bdnb-bc-Y8P2-7DUR-9Z24;bdnb-bg-4M3N-6MX3-SYCF;75;33;18.4
JY9BD65EVE7S;bdnb-bc-RNAY-F6MK-M75Y;bdnb-bg-YXH5-JA9V-SW6U;75;131;7.8
JYQVQKZFMAWK;bdnb-bc-AS21-WT1M-M6R2;bdnb-bg-BS5V-DY1T-ZM5T;93;626;3.3
JZ2RRC3XDF76;bdnb-bc-PU2Y-ULM3-U71K;bdnb-bg-U245-D3ML-N5DJ;75;954;20.0
JZ744AGRM2NT;bdnb-bc-9QNW-DUKP-ZRMA;bdnb-bg-XVWF-B25G-7RFH;75;430;13.0
JZ9PAJ85YS38;bdnb-bc-27WY-MHCF-ZJFB;bdnb-bg-384V-PPFT-SLGT;93;659;3.2
JZFY4GKXQ4WY;bdnb-bc-6ZK8-55W6-5MYP;bdnb-bg-BDPJ-NEQL-4VH1;93;3103;7.7
JZK7T3RFJWSQ;bdnb-bc-T49F-Z197-XY5L;bdnb-bg-T9FR-3Q9L-6TCA;93;44;4.3
JZQ5PXR52PQM;bdnb-bc-7TZM-ZZUS-CUHX;bdnb-bg-1S3V-DBAA-YT8T;93;257;8.3
K15S5C5AT32E;bdnb-bc-MR5V-DG2D-83HF;bdnb-bg-WXH9-5KGE-7C62;93;26;1.2
K1J9TFPPDYQP;bdnb-bc-92HB-M7EV-4HRP;bdnb-bg-M6EW-W6QK-DJPN;93;33;3.0
K1ZEVTSRYJYD;bdnb-bc-VTQ4-MXC8-V5Z1;bdnb-bg-FKDZ-L6LG-TFF1;93;1312;10.9
K29E3KE62G5K;bdnb-bc-D4TF-5EED-Q95P;bdnb-bg-229F-P2QZ-GHE3;75;635;15.7
K2G1BDDCE79Y;bdnb-bc-HRLV-SR4S-DL1Z;bdnb-bg-Y6A3-K54D-CKEB;75;27;3.0
K2HCVBQRT1X2;bdnb-bc-NTKA-PR14-KWXF;bdnb-bg-G692-WRXY-R7TY;75;2296;10.5
K2M4WMRPRF54;bdnb-bc-DDRQ-GXLD-GH4E;bdnb-bg-JEG1-237A-K2Q9;93;475;5.0
K3FX8F7EYJ5S;bdnb-bc-ZR4P-YMCJ-LAJJ;bdnb-bg-6EPG-VZ3R-J4KM;75;614;12.2
K3KYFSBCNW8E;bdnb-bc-GV3L-N6EU-7XZF;bdnb-bg-CN8M-L9H2-DHEK;93;155;3.8
K52AVV7GYAMM;bdnb-bc-92AJ-1T7M-H92F;bdnb-bg-3WQH-1HLT-5T9Z;75;3400;8.2
K56E8CQBSZM1;bdnb-bc-9PKK-Q54C-5ECU;bdnb-bg-QL1B-11TL-7YQX;93;280;6.8
K5CV16X5Z1RR;bdnb-bc-MG4M-5TCQ-S5NP;bdnb-bg-AFZA-3B5R-52H1;93;305;5.3
K5TRY2FYZY88;bdnb-bc-B1YR-EAVN-V9C9;bdnb-bg-WXUX-UP2K-N9DD;75;1428;3.5
K6R3AQMP7W46;bdnb-bc-PHE9-7SDS-ML39;bdnb-bg-Q8HE-VBLM-UEDD;75;426;7.3
K6Y46X6DYBKC;bdnb-bc-XEPZ-VU6E-LSPT;bdnb-bg-Y2W2-DLDG-CZ8S;93;112;4.6
K6YKKPZ458GA;bdnb-bc-Z4VQ-NM5E-37CT;bdnb-bg-7M6L-EV5S-JTG2;75;2045;11.4
K6ZA1FF6AXMZ;bdnb-bc-8GRD-QMYD-S3A8;bdnb-bg-2VXY-TPQS-6LEV;75;363;21.3
K794V1SDHYYN;bdnb-bc-4AAJ-7778-JFJJ;bdnb-bg-JC7J-VHVP-UPRB;75;2388;12.6
K798N94HMQ81;bdnb-bc-QRUJ-KSKG-C149;bdnb-bg-AZWC-ASJR-F9XT;93;46;5.0
K7FG2KKYA4G7;bdnb-bc-4AB2-Q763-82XX;bdnb-bg-2BKW-X9U8-RFKN;75;156;5.3
K7PEXDBZ8YMN;bdnb-bc-T5VD-ZFRU-NFX7;bdnb-bg-MPT8-JSGL-T5PS;75;78;9.0
K7PQQ99XMHKG;bdnb-bc-D9N3-59K8-YNCM;bdnb-bg-85PC-V6TG-D1KC;93;107;4.3
K7XF6NCW41D1;bdnb-bc-228M-WB1L-XFKH;bdnb-bg-E4TH-KEHH-625F;93;250;7.0
K951XFK4RPXS;bdnb-bc-DLEM-49VC-BY3G;bdnb-bg-9KBC-APVA-YF5T;93;422;3.8
K996GRP328EK;bdnb-bc-EVQ8-4MDS-6L93;bdnb-bg-KBFT-FF71-L39V;93;118;9.7
K9E9GWNZFFPV;bdnb-bc-EG5U-3C88-96YC;bdnb-bg-HRF6-CKLK-8BLV;75;552;8.9
K9TY31YJEPY3;bdnb-bc-M7CP-ZARE-G7QR;bdnb-bg-KNAN-C9WR-H7G1;93;45;2.2
K9Y3GJ7BHB98;bdnb-bc-874J-Q3VM-3UNA;bdnb-bg-WX4V-4TBR-9AHG;75;103;3.1
K9YMDV8M9TNV;bdnb-bc-9ZZ5-ZTVA-J7AN;bdnb-bg-GBWV-4YDW-7D28;93;2593;14.3
KAFC5PVEVP2F;bdnb-bc-SKHM-FQ1P-FDJC;bdnb-bg-J5UQ-PTJB-DFSF;75;830;10.3
KATVCM911J85;bdnb-bc-5CLE-N3XG-XHQB;bdnb-bg-DG2M-4YRY-2EPK;75;590;20.2
KAVZMN76Z2TS;bdnb-bc-NNC1-4FSW-J966;bdnb-bg-XMN1-NGNX-ZHA9;75;81;6.9
KBGCMS1T7BEF;bdnb-bc-P345-DXN9-PFKM;bdnb-bg-J9M1-L253-YEE8;93;1389;7.1
KBZN1XEPN76J;bdnb-bc-X5AN-63YF-GH9Y;bdnb-bg-WVXF-TSZ9-ESB8;93;36;5.0
KC1D92T62WT6;bdnb-bc-Q1WR-QM2H-ACB1;bdnb-bg-TT3C-U1VE-X77J;93;2427;11.7
KC9DYKX8HMVK;bdnb-bc-3RV6-SBG2-X19Z;bdnb-bg-CNQ4-VL2J-SS4F;93;1926;9.6
KCF37E9MKZW2;bdnb-bc-ZLFL-RDDB-JTFR;bdnb-bg-YHLM-TMMB-DKPW;93;521;8.3
KCQPFR32911K;bdnb-bc-2YFX-NCDB-PDZ2;bdnb-bg-4XJ5-555X-K9D9;75;957;19.3
KD3CQEQX62AA;bdnb-bc-3845-MK6W-78JN;bdnb-bg-2F3V-FGFX-AKTW;93;856;4.4
KD3CQEQX62AA;bdnb-bc-DDQF-61TB-8DAM;bdnb-bg-2F3V-FGFX-AKTW;93;754;4.4
KDNAXPZ8A5RZ;bdnb-bc-BJZE-GGFZ-3YXD;bdnb-bg-47DJ-ULYE-PMPD;93;411;11.7
KDYWKZK9R1VZ;bdnb-bc-R3U2-UA16-2ZVG;bdnb-bg-GUA2-397W-UQKN;93;978;14.5
KEBWEZ3VAGQ3;bdnb-bc-LQ5V-8NWX-TJLY;bdnb-bg-XLXL-TAAN-76BR;75;1688;19.6
KEPN3B4KPN1R;bdnb-bc-WB4P-Q8DP-89SJ;bdnb-bg-M9XL-LX45-M984;75;486;15.0
KF4P4FK7R66C;bdnb-bc-ZRVK-8FRG-3MS3;bdnb-bg-M6GL-Y8XJ-USYT;75;1242;12.1
KFEKHE64GNA2;bdnb-bc-4NUB-PH54-KTPL;bdnb-bg-RVC9-MM2U-QDQ3;93;796;6.9
KG7B4YNJEHGW;bdnb-bc-SF7C-UKF6-7Z3H;bdnb-bg-RFFF-LHN9-M1A9;93;686;7.0
KH97DNK9N8GV;bdnb-bc-6365-SHRU-2H5T;bdnb-bg-WUM9-NKHB-XVVW;75;1512;12.3
KHP6D1SB37EG;bdnb-bc-W8XM-AU37-7BZ3;bdnb-bg-ZLPF-J8D9-7UGJ;93;642;6.5
KHTET9ETRV2W;bdnb-bc-NC1U-EHSK-8QPE;bdnb-bg-HZJT-C8FU-VHK8;75;108;5.2
KJ93AZVKXEPQ;bdnb-bc-WDSB-RK3U-R15F;bdnb-bg-Q49X-MVZJ-DXZF;93;286;3.6
KJCKMG3ZSHBV;bdnb-bc-UASV-ZK4W-8YU1;bdnb-bg-JUJJ-UPEQ-4ETB;75;787;9.2
KJGTWCZD9RH5;bdnb-bc-ET4M-KQDH-Z7B4;bdnb-bg-RX63-U7WF-2J9U;93;1063;8.2
KJVET73TZQ1T;bdnb-bc-16RP-TRBD-SYCD;bdnb-bg-HQR5-NN3X-ABEZ;75;233;16.9
KK3VZH1949KP;bdnb-bc-3JRU-4GQY-4XBM;bdnb-bg-Y8JS-MCU6-4TC1;93;28;3.0
KM2D6BGEKG1Y;bdnb-bc-YHQP-89CD-LKU3;bdnb-bg-N16C-S29Z-AKNY;75;228;6.5
KMG4SAC2QV1T;bdnb-bc-9VL8-VSP1-64ES;bdnb-bg-FP86-5GQK-YRK3;93;963;7.0
KMJFSQVGBXQC;bdnb-bc-QXNZ-17ET-JY9V;bdnb-bg-YFDD-6SCC-H2E3;93;408;4.7
KMTJJ96KYVRW;bdnb-bc-RSJE-EC96-7USM;bdnb-bg-HWDL-E3L9-CX92;93;1540;7.2
KMZ579H5Q72F;bdnb-bc-XLEM-KH4Y-TA4A;bdnb-bg-B555-1THT-WGAP;93;645;15.8
KP8Z2HZK82TG;bdnb-bc-B41N-DAB2-Y3WT;bdnb-bg-ZE9Z-KBMJ-W9LW;93;1106;7.6
KPR5TDFZ6S2F;bdnb-bc-FH4W-6M1Z-ZCB5;bdnb-bg-ATSG-QFNP-U4CR;93;1720;16.5
KQNV6BB5KM73;bdnb-bc-HRGX-KGWJ-29AN;bdnb-bg-9GAG-JUNJ-HFA2;93;794;12.0
KQQWYRMB669X;bdnb-bc-YFRJ-YZ5T-NTWJ;bdnb-bg-61FH-LSWQ-SHFR;75;346;12.1
KR1S1WWN5PVT;bdnb-bc-SQQR-37KS-ZCTA;bdnb-bg-GAFF-3G49-KZQN;75;55;2.0
KRDW55Y1KPNE;bdnb-bc-1Z5Q-HZSL-WCY7;bdnb-bg-AWMD-QSR7-HYUB;93;112;4.4
KRFNHRSK9M74;bdnb-bc-2L4M-BEX5-ZVH8;bdnb-bg-PRRE-SFY8-4FT5;93;1930;11.6
KRZWMN2P9B2Y;bdnb-bc-8FQ6-X5BC-SZJT;bdnb-bg-RFZC-Q9L7-GGGU;75;672;7.8
KSKWS7XDD4VP;bdnb-bc-LVCV-HRBU-CSUT;bdnb-bg-JKXW-PA1B-3ZQ3;75;6343;13.8
KT85NZKFRB5A;bdnb-bc-3QPD-MGCX-VHKC;bdnb-bg-V6YN-52R8-ZTMP;75;21;4.1
KTMSZVP3YBJD;bdnb-bc-XT3L-GLP2-ERUG;bdnb-bg-4D3J-MC5L-TT9D;75;663;10.5
KVREF6RAKDC2;bdnb-bc-VUG7-GC3S-KR7Z;bdnb-bg-2TT7-VTCU-NQW3;75;114;6.5
KWTPE7NAQY4N;bdnb-bc-U7PH-2FVJ-5NF9;bdnb-bg-Q4VH-4JFN-U7C9;75;498;21.2
KWXHCWKK43WG;bdnb-bc-HAZ2-DC2P-3WKJ;bdnb-bg-8M22-8HWR-B151;93;575;4.5
KWYB4D2JGRP7;bdnb-bc-GTZ3-CL8L-KQP5;bdnb-bg-4996-NZNR-Q63S;93;67;4.1
KX4ZHDEJXVQH;bdnb-bc-R6N2-B8ZU-YWBT;bdnb-bg-WFFZ-BSW4-FRUY;93;103;5.7
KXRB813B4CG6;bdnb-bc-Y6YE-1DJT-2M4A;bdnb-bg-6LJZ-PAWB-8HSZ;75;1262;16.1
KXTG2GN62HG3;bdnb-bc-A766-A29J-P6W2;bdnb-bg-UL6E-8EBK-Y1XV;93;1622;7.4
KY574ZYFDQX3;bdnb-bc-7Z41-1TFR-HHEN;bdnb-bg-F1NC-75S8-BT4N;93;574;5.0
KYE33V9X49TW;bdnb-bc-2SK7-MYEA-7E34;bdnb-bg-JXL3-UAGY-K4Q5;93;84;6.1
KYXVZG1VBBK7;bdnb-bc-BF7S-9FS4-RTKY;bdnb-bg-MXVB-3KG9-1ELR;75;141;15.2
KZKC18CA7ZXP;bdnb-bc-7HCN-7YY1-VLPD;bdnb-bg-DTDY-WC1X-DAV9;93;72;3.3
M1EEZH5GXWMM;bdnb-bc-1JPY-PXDA-L2TS;bdnb-bg-4ZYM-SH6F-9YAH;93;408;5.7
M1N4XZ4W5MPW;bdnb-bc-L92G-PVD9-AD3U;bdnb-bg-JUXM-MZ5W-5V4E;93;1745;12.9
M1QSMABN5J9V;bdnb-bc-GSK9-XWMP-RBXR;bdnb-bg-FV5A-W796-84KL;75;167;23.2
M1V1WSC86C1F;bdnb-bc-K7X4-M6S6-7H41;bdnb-bg-VPU4-FAHV-TUV2;93;917;11.3
M23RDPYSSK62;bdnb-bc-Z8W2-MBQ5-M856;bdnb-bg-W8JA-4GDR-FFU1;93;254;3.5
M3Q5EN7Z62QM;bdnb-bc-2JUX-6YPP-9HYJ;bdnb-bg-SXFC-624E-K3VC;93;521;5.8
M3W22J8A5NPF;bdnb-bc-AKBT-C4FB-6WGW;bdnb-bg-75H8-RGH9-JUV8;75;890;9.4
M4T6SYHXMENE;bdnb-bc-MLPS-9L5E-77JS;bdnb-bg-56UA-EGSE-C4Z1;93;1930;27.6
M5BBTJ7P7BW9;bdnb-bc-A1SK-23A7-X531;bdnb-bg-16VQ-JMAJ-KK7K;93;1594;5.0
M64FGEZPNRBQ;bdnb-bc-3FE5-4MYR-SM1X;bdnb-bg-KW95-J1SF-6TRC;75;212;4.6
M65B1WTC25K8;bdnb-bc-EEWQ-4GJ2-9AFA;bdnb-bg-6HAF-WXXF-17QE;93;205;11.3
M6EDMXV5XW3T;bdnb-bc-6U3D-FJY7-CFZ1;bdnb-bg-6149-51ZT-DYEH;93;148;6.5
M6SRJVNZKF6A;bdnb-bc-KCHU-FVHU-17CC;bdnb-bg-7DY5-1CRM-HB32;93;3076;8.6
M7M11JS3A54W;bdnb-bc-HKLU-HLA8-KWXY;bdnb-bg-W52D-3HJA-B8HS;75;553;8.5
M8H4P55VZ96C;bdnb-bc-K27U-DACT-KJ6Z;bdnb-bg-YTBD-EWX3-WLVP;93;3190;5.9
M8NK3FTW4QDF;bdnb-bc-DAR6-F3DH-5HW4;bdnb-bg-Y4X2-37RB-HZ1C;75;236;7.3
M91PEH4CYA19;bdnb-bc-NUXX-UYF1-CEK6;bdnb-bg-2Z8Z-GCVL-Y25P;75;116;12.0
M92BXM1YGWE6;bdnb-bc-2S2A-T7HH-WLRS;bdnb-bg-R971-WFS7-PY7W;75;1180;7.7
M92FDDD6Z4SW;bdnb-bc-2AJ4-RE9V-FNP8;bdnb-bg-SYR1-U8NM-S4V6;93;1855;8.1
M9G596CBZVAF;bdnb-bc-2RUA-7JPW-Y5LW;bdnb-bg-URZ6-8Z9M-DLKB;75;58;3.4
M9YHZW8VG92X;bdnb-bc-B2ZP-YZCA-3ECS;bdnb-bg-6KJ1-MNAB-VQ81;75;375;27.0
MA1Q5X8EP9QB;bdnb-bc-6U1G-BNAL-N1C6;bdnb-bg-EZLM-G9NL-W8LE;75;915;26.6
MA6RE8PKK6HZ;bdnb-bc-MK5H-F138-CFH9;bdnb-bg-FHEG-W76M-PGSM;75;58;2.8
MAJZ6ZZ5SBXA;bdnb-bc-81RZ-MHD2-X3HF;bdnb-bg-PFTG-QHRE-ALUR;93;276;6.7
MAKKWKGRNMZV;bdnb-bc-FKB2-47VU-MT8B;bdnb-bg-1Z8T-EGAT-8XNQ;75;689;7.2
MAPFVKE1QQ44;bdnb-bc-PXXX-AQG9-XR3H;bdnb-bg-898K-3A7T-NN5L;93;42;6.4
MB8B4YCSPRTF;bdnb-bc-5A2B-323Y-DP1N;bdnb-bg-SXFC-624E-K3VC;93;2187;13.1
MBR85KV7DMKN;bdnb-bc-2V6L-LWJA-TRXB;bdnb-bg-7KCR-XKYE-FJUN;75;5229;5.9
MBZN2RNEFTX4;bdnb-bc-V7W5-GCYC-8L2C;bdnb-bg-3SLH-R3F9-8Y2V;75;1531;11.3
MC6B4B9S2XG7;bdnb-bc-FYDP-35ZA-L41T;bdnb-bg-FDY4-UABF-Z34F;93;1167;1.9
MCJ68AGYN1NH;bdnb-bc-CJ3L-J8UT-BXWF;bdnb-bg-V4LS-ZBTD-ZLGT;93;4120;7.4
MCQ7FKA33WTN;bdnb-bc-2K1Y-1E49-98KL;bdnb-bg-B5EB-GWA7-8616;75;2000;16.9
MCTA4P81FEKX;bdnb-bc-NBHE-1BLR-T7HK;bdnb-bg-2Z1Y-BEE9-5XMU;93;3103;9.6
MDJY9JBSF931;bdnb-bc-UECB-8J95-R9S4;bdnb-bg-DJ19-Z3Z2-VVND;75;109;18.3
MDPA8X1EVWTZ;bdnb-bc-WEHT-T9J3-4RYF;bdnb-bg-NS9F-KKDD-FSZA;75;241;5.2
MDV4Q9CCKBH4;bdnb-bc-MBAQ-VY6G-5W9G;bdnb-bg-ETK4-H8QM-GQBS;75;381;18.7
MET1SP5W99RY;bdnb-bc-Z9AP-GEUH-Y7K2;bdnb-bg-2KF2-MH8X-PM1Z;93;233;5.0
MF8JT51VG3NH;bdnb-bc-8AL7-KSE4-N8XJ;bdnb-bg-XKXN-J985-85W5;75;539;5.0
MFDPPEPP5C5H;bdnb-bc-37SZ-5R15-MK3Y;bdnb-bg-GGKP-8559-L8C8;75;654;13.8
MFSKKRA4JY4B;bdnb-bc-Z2QU-L21X-FMGX;bdnb-bg-FJQ5-BJCR-FY46;93;2034;8.8
MG3GAV4JX52N;bdnb-bc-C1T5-78EM-T8LE;bdnb-bg-QSSH-P8KU-HJ4W;75;1062;14.2
MGGQBM3GTEEW;bdnb-bc-CPWV-WA2Q-HYQ6;bdnb-bg-KW95-J1SF-6TRC;75;31;4.8
MGQS481V6RNY;bdnb-bc-VC3Y-TEM9-F24K;bdnb-bg-GTXT-EXZU-2SD5;93;73;4.7
MGVGV2WGEVQP;bdnb-bc-97LW-7NDJ-JP1Y;bdnb-bg-PSAT-TQA6-MGT3;75;923;4.9
MH8M4NRKW4MP;bdnb-bc-49K2-VQMR-A5NT;bdnb-bg-KN69-CW4B-5JGZ;93;857;5.6
MHWXW8SVRKZQ;bdnb-bc-JUJS-ML8G-8YKE;bdnb-bg-CQQC-4AZV-DSNU;93;1035;2.2
MJ88HH5XTGD7;bdnb-bc-NYJC-FQ29-RJJ5;bdnb-bg-RE17-KSR5-6N25;75;484;12.3
MKK6SW7CXEGH;bdnb-bc-NQHM-8CPN-5XMF;bdnb-bg-1S3V-DBAA-YT8T;93;82;5.6
MKP2EK38YSG6;bdnb-bc-Q9ZQ-Q5SG-B5VV;bdnb-bg-UWV1-FVEP-7THM;93;1131;10.9
MM47GN9EVDYP;bdnb-bc-E9LB-D64P-ZN1E;bdnb-bg-9BW4-XABP-CKJE;93;712;12.1
MM61CBBKJ8KZ;bdnb-bc-LYZC-5BN6-PF31;bdnb-bg-1KBK-4VYH-PJZ8;75;511;17.4
MMPZA7ZSDA9F;bdnb-bc-18XW-LW1K-KHJU;bdnb-bg-KJQM-XC58-GLDE;93;434;13.9
MNX9A9MCTBQ8;bdnb-bc-U11Z-UR45-3QJK;bdnb-bg-6YXS-WZUW-AW6D;75;259;18.5
MP1MFXH12FHG;bdnb-bc-RXNP-CEUB-MP9A;bdnb-bg-KQY8-P92R-75MA;93;921;6.9
MP4JTGRTQJSW;bdnb-bc-JT8J-SJVS-EUK6;bdnb-bg-ZLPF-J8D9-7UGJ;93;118;4.8
MP8S6SKB5C7V;bdnb-bc-5U1L-DJMN-JXF2;bdnb-bg-DSZU-QVHK-SQVV;75;30;3.0
MPEG6K37D1VE;bdnb-bc-GBQH-YP6U-SVXB;bdnb-bg-2PBZ-KF15-4EZV;93;176;5.7
MPNFEEPR2GS9;bdnb-bc-PPAR-E7PG-MPC3;bdnb-bg-Q49X-MVZJ-DXZF;93;1671;12.1
MPRRXTMATC6D;bdnb-bc-M9PG-NLUD-7SKP;bdnb-bg-YEA1-9AHA-D79C;93;183;3.7
MPRS45AJF7M1;bdnb-bc-DASV-P8DD-VJJY;bdnb-bg-8EVG-QNUG-MYVM;75;1801;11.1
MQBZ8PZTGH93;bdnb-bc-TNBH-7H88-ALS9;bdnb-bg-KFYK-VXV5-5RZU;75;728;17.0
MR38VESFNJJJ;bdnb-bc-ZCA6-4VZX-7KYA;bdnb-bg-7SWS-DFP6-PYT4;93;1107;11.1
MR8S8ZFSQ5JV;bdnb-bc-ZX3A-FQ5B-RXSD;bdnb-bg-8LBN-5Z8F-VB9Q;93;245;6.0
MRE4QFK6ZR78;bdnb-bc-9KLN-AE1D-LB9Y;bdnb-bg-Q49F-S2UR-WCRR;75;1250;14.2
MRKD4D2YPCPK;bdnb-bc-HPCL-B5EA-9XKM;bdnb-bg-898K-3A7T-NN5L;93;250;6.4
MRPVXTMNN1PE;bdnb-bc-9L5W-HU2Z-G8T9;bdnb-bg-75B1-A41M-F15N;93;103;5.0
MRR1KH3WY563;bdnb-bc-V71N-X3EK-1Q4B;bdnb-bg-14G9-EKG4-SR3X;93;3621;10.8
MRRGAV8J6R82;bdnb-bc-7WS3-VDTZ-8F94;bdnb-bg-9NJ3-JJE3-EUGK;93;1454;5.5
MSB2658GPQ9J;bdnb-bc-2N9Y-US24-W8NC;bdnb-bg-56VH-KS6R-USGL;93;571;12.5
MSHBSF7TSVXV;bdnb-bc-BRT2-1YTC-KDEJ;bdnb-bg-QL8T-MWNV-4THM;75;296;13.0
MSR3XB227N92;bdnb-bc-EJNG-14BY-3AKL;bdnb-bg-TN2B-SK9W-FNW8;75;720;13.2
MSS67471RPMW;bdnb-bc-M1J7-8T84-9RQA;bdnb-bg-NYKS-7JJM-8BDP;93;735;7.0
MT88VNM2RK2D;bdnb-bc-D666-DBG7-9812;bdnb-bg-BS5V-DY1T-ZM5T;93;1588;9.1
MTGTKHSWT727;bdnb-bc-Y4FF-52NY-K611;bdnb-bg-P1TC-B8NY-13ZD;93;248;6.7
MTPCRP4QZA7H;bdnb-bc-EZEA-DU2R-GSPQ;bdnb-bg-KWF6-AVS3-3ZF5;75;1030;7.3
MTXHFQJR4F96;bdnb-bc-BSLX-3SKN-TCWC;bdnb-bg-S7A7-2PR7-YNKW;93;386;3.6
MW7MVCM17TEA;bdnb-bc-MYKX-CSH4-G9C4;bdnb-bg-29U4-Q1Y7-G2PS;75;52;2.8
MWAS6KP6WMBZ;bdnb-bc-ZLGC-BXFY-NXUL;bdnb-bg-898K-3A7T-NN5L;93;108;6.4
MWVPCT79RX9S;bdnb-bc-K1NC-DP8H-1NDB;bdnb-bg-3J92-CF8K-MYEX;75;1054;18.9
MXC38FY87QX3;bdnb-bc-JZ5B-9CBL-91D3;bdnb-bg-3THL-D4DW-6W9M;93;2829;8.5
MY1PXW2DNHE8;bdnb-bc-QM7R-QZTN-MXQJ;bdnb-bg-JD5B-NPYC-E3WZ;93;837;9.1
MY21GQH8FJTP;bdnb-bc-Z522-564Y-KM78;bdnb-bg-HGV3-DB4X-GUKQ;93;2694;2.7
MYFG9WYYE4M8;bdnb-bc-QZ1A-5B8A-UHMX;bdnb-bg-HNLZ-4T7Y-UEJD;75;140;9.3
MYHVZ3KGWF7B;bdnb-bc-H89V-WVSS-B8K2;bdnb-bg-L7JS-Y38T-W877;93;310;5.2
MYMGFZFJ3AZF;bdnb-bc-VEXJ-L17L-ZFPV;bdnb-bg-FKDZ-L6LG-TFF1;93;509;5.2
MYTE2EBKC5G8;bdnb-bc-5JVL-JZR8-5NB8;bdnb-bg-GQYK-RYKN-9E3B;93;51;5.0
MZCPRW7XVBAP;bdnb-bc-XHL1-XLNA-RC3C;bdnb-bg-M418-S6GN-KN5E;75;106;1.4
MZNCWSSYQZPZ;bdnb-bc-5KH7-WPLX-655S;bdnb-bg-5XKJ-2DCP-FBWY;93;355;8.1
N1MAB12VVA7E;bdnb-bc-8RH7-TSCT-GEKS;bdnb-bg-Y87Q-9R8F-45K5;75;2374;18.3
N21KYMX91RNT;bdnb-bc-NHJU-ZBNX-WDW8;bdnb-bg-Q8HE-VBLM-UEDD;75;49;7.6
N253FDEW5WZE;bdnb-bc-79Z9-FLGH-E8EQ;bdnb-bg-Z833-XFUF-511D;75;358;4.5
N34S55DV2RK6;bdnb-bc-9URZ-4UG8-6G3M;bdnb-bg-4Y81-R8XF-ZU5D;75;337;20.1
N3YT4XFKGBHQ;bdnb-bc-YR5H-772F-3Z9A;bdnb-bg-YQHF-UBW6-8QDP;93;770;13.9
N411KV3TJ93V;bdnb-bc-3M8C-YRGK-ZXN2;bdnb-bg-KJV7-C46B-L4FK;93;210;14.6
N46AKXVTW1KX;bdnb-bc-W76T-UNLQ-E8Y2;bdnb-bg-LLER-4U72-9GSL;75;36;1.7
N47EXJ8MVKNQ;bdnb-bc-46G3-J4PC-FX42;bdnb-bg-CM1A-LXXL-13WA;93;185;5.0
N4PXP78VMJC8;bdnb-bc-Q7JU-G37J-H125;bdnb-bg-LJ2S-Y989-JF89;93;359;9.4
N4XC45HQH3N7;bdnb-bc-SUV5-ZCBN-G75Y;bdnb-bg-8NBH-WLSX-U7GC;93;708;4.6
N5K9KMNXAR4R;bdnb-bc-PN73-DYHB-U1Q4;bdnb-bg-A87Z-WNJB-Y2MJ;93;3357;11.4
N61FFHWNFNK8;bdnb-bc-KC2W-Z6S9-Q765;bdnb-bg-2MKP-3HEW-8W36;75;124;5.8
N653685Y6BHD;bdnb-bc-K9A1-YM4Y-L1AA;bdnb-bg-SYR1-U8NM-S4V6;93;74;3.7
N66YGXDX8GWE;bdnb-bc-SKGG-G5FU-CVQ5;bdnb-bg-DTA5-8E84-255J;93;430;6.3
N7A1WGZC44SZ;bdnb-bc-VEDV-HMLT-F6EU;bdnb-bg-6FZ7-LKDT-PXLS;93;46;3.4
N7N9SZRXHQSE;bdnb-bc-176X-13G3-FJT8;bdnb-bg-CHCN-HQEF-XZU6;93;152;3.2
N7NRYTRPSMS2;bdnb-bc-5N85-SLG7-6DGR;bdnb-bg-FDY4-UABF-Z34F;93;801;2.8
N8299JEWXV6E;bdnb-bc-9VDU-WVZD-1YZD;bdnb-bg-M418-S6GN-KN5E;75;133;11.5
N88XW9NQP843;bdnb-bc-AZ49-994A-F2YH;bdnb-bg-9554-AS71-VSYW;93;209;6.1
N8J6ACGKDR99;bdnb-bc-W5ZB-ATHV-FD62;bdnb-bg-DTA5-8E84-255J;93;393;6.2
N93Y29WZR4G1;bdnb-bc-S8EA-5WCU-NPZQ;bdnb-bg-DTA5-8E84-255J;93;2185;11.5
NAABN5R2D1SS;bdnb-bc-3HM9-ZXAG-BX55;bdnb-bg-VPW9-QL9H-HYUG;75;290;13.6
NAAN39YT8HBN;bdnb-bc-JZLJ-318G-BGSV;bdnb-bg-Q7JQ-FQDH-8ZA4;93;195;15.6
NAEQ44Z4XFTF;bdnb-bc-H48V-KL5J-3P8Q;bdnb-bg-LZ9V-EYR4-AT99;93;898;11.6
NAN2Y724GV44;bdnb-bc-KHKE-JNDA-68BP;bdnb-bg-LAMB-M15B-V5AY;93;178;2.7
NAT4BXJ774AK;bdnb-bc-SRL3-Y9HA-BKWL;bdnb-bg-HZJT-C8FU-VHK8;75;1619;19.8
NAZ5ZFWMNDAQ;bdnb-bc-M16D-SA87-3L78;bdnb-bg-Y8JS-MCU6-4TC1;93;613;8.1
NB7S7HEYQ5R2;bdnb-bc-GL3J-S9MR-2JNX;bdnb-bg-9KAE-2KH2-KS6J;75;433;1.7
NBE45DGPQYR1;bdnb-bc-2LP7-HWVZ-WDG6;bdnb-bg-MPT8-JSGL-T5PS;75;87;1.8
NCHZ4JV9HB5H;bdnb-bc-VR9R-WVLN-XM2S;bdnb-bg-NKT9-3ZVU-VEK2;75;900;13.1
NDMTNNZT7BM5;bdnb-bc-LTF9-D9J3-5FF7;bdnb-bg-JC7J-VHVP-UPRB;75;1228;16.3
NEAD794BCQFF;bdnb-bc-LGBK-EYCR-ZREB;bdnb-bg-2AVC-ELQ9-DGN4;75;1059;28.2
NESZF7W9RBMH;bdnb-bc-UYUF-C9DP-9KJP;bdnb-bg-X4UP-R2WE-C5AA;75;1845;26.7
NF4Z2P11E4CS;bdnb-bc-QTTC-GGST-B19M;bdnb-bg-F69X-WSRP-X6SM;75;42;5.0
NF7ZSCE87JXZ;bdnb-bc-289P-ZWAU-K3HY;bdnb-bg-5LES-RV2Y-K85A;75;221;7.8
NFF7XCPTGPSF;bdnb-bc-1R57-MX16-8NHW;bdnb-bg-LJ2S-Y989-JF89;93;73;5.0
NFPB9G3FN6P7;bdnb-bc-K5K6-8FCF-G93P;bdnb-bg-UU8M-LWLY-VT3P;93;288;1.9
NGYW2RR429RM;bdnb-bc-14T9-EXHS-EHHC;bdnb-bg-Q5F1-GS47-E2YK;75;1170;15.5
NHFZ235NZ2MD;bdnb-bc-YVMP-6QKY-S4Z6;bdnb-bg-VPW9-QL9H-HYUG;75;57;2.8
NJDN2HCZRHN6;bdnb-bc-7S44-B8RY-8974;bdnb-bg-M6EW-W6QK-DJPN;93;72;9.7
NJTR9JC8WT7S;bdnb-bc-VY58-GL3F-TKYG;bdnb-bg-4NNC-RUU9-Z6FP;75;946;14.8
NKVXAGERYCA1;bdnb-bc-N775-A5AA-Y7ES;bdnb-bg-2LN2-W9DY-TB2S;93;1541;5.0
NM6ZRXT2VSNX;bdnb-bc-NQPM-6F6H-NPT8;bdnb-bg-NTNH-7PJ1-W9L4;75;724;7.4
NMD3841VV1DN;bdnb-bc-5TS1-1M2R-LP7Z;bdnb-bg-D66K-4Q9U-ZSU3;75;267;20.6
NMPBKR13ETMW;bdnb-bc-6KMA-CUZ5-GM89;bdnb-bg-7XSV-XF1W-N92T;75;43;10.0
NN49QGNJD7MS;bdnb-bc-JHQT-GALQ-GG38;bdnb-bg-ABWK-2VWT-FLW7;75;194;8.4
NNW77ZMMBGA7;bdnb-bc-HRZD-YSLH-9VX7;bdnb-bg-45TJ-67P1-PQ57;75;691;13.3
NNZ6Q74TRMPN;bdnb-bc-52VH-MFVE-5HKZ;bdnb-bg-49RX-W4TM-9CLB;93;1896;9.7
NP2D6PV8EDNV;bdnb-bc-U1HH-QHB1-D8PF;bdnb-bg-24DA-MPYS-PNVK;75;207;11.0
NPHXC73WMGR3;bdnb-bc-1VJX-RTYT-2GGL;bdnb-bg-AWEM-BMR7-H6XB;93;49;5.8
NPKT7NFVPQP9;bdnb-bc-PZZY-11G5-XSZ9;bdnb-bg-LQDT-T34Z-8BYB;93;159;12.5
NPRX29GWBKDD;bdnb-bc-WLWS-9RS4-JH1F;bdnb-bg-5YBN-19WM-VHDU;93;774;9.6
NPVDX8NA1N5V;bdnb-bc-7M3Z-UYLC-94ER;bdnb-bg-N14P-H7DH-3YNG;75;225;8.3
NPX73ZGKQ64K;bdnb-bc-KXG1-YU3W-8PUG;bdnb-bg-VJXY-XWM3-HSEF;75;1553;15.3
NQARV51AWGVE;bdnb-bc-MV8R-6HUC-6HE5;bdnb-bg-6DF4-BSR8-1NAZ;75;83;15.5
NR4SJCZHBHZ3;bdnb-bc-VZE6-NZ75-XC61;bdnb-bg-MVTY-N1T3-FY2Q;93;5268;13.8
NR4TJB5ZDSYH;bdnb-bc-5FDP-1XY4-95JL;bdnb-bg-5UAM-DSSH-2Y6M;75;983;8.7
NR5GJ2P2BJ7Z;bdnb-bc-4FH6-KQSE-5TMD;bdnb-bg-5UYV-FPCN-BEUB;75;646;15.9
NRTE3VMJ2QYK;bdnb-bc-MQNV-DLNA-RRWG;bdnb-bg-A1XV-8ELL-Y1EA;75;893;17.9
NSB3QQNNECPX;bdnb-bc-A9EM-ATWQ-62Y7;bdnb-bg-1KBK-4VYH-PJZ8;75;26;3.0
NSXB6GV8VQ41;bdnb-bc-XJ3B-8RQB-Y4FT;bdnb-bg-VYG5-K58K-9C8V;75;2804;16.0
NV8MTKRHTWZ2;bdnb-bc-UDDF-GH98-LDE7;bdnb-bg-FH8X-9B6H-X1TK;75;84;12.3
NVC6F27EKBVK;bdnb-bc-LHAW-466V-ESLL;bdnb-bg-FCBL-PRQ7-CUHW;93;31;4.0
NVC7592CCXP3;bdnb-bc-NMC3-Q3FA-AH9F;bdnb-bg-QVWL-45D4-9M42;93;2062;3.9
NVE3ZNTPJNQH;bdnb-bc-MRXR-151G-BE2Z;bdnb-bg-VFJT-VPHU-AJQ6;75;174;16.9
NVMG95NDYDK5;bdnb-bc-9425-A7ZS-6R57;bdnb-bg-ZVNX-369W-7G21;93;684;8.2
NW7A42Y9V9AT;bdnb-bc-Z1HN-QHWP-2YF4;bdnb-bg-EPJF-QSHX-6J1U;93;1197;4.4
NWKYAABMRC91;bdnb-bc-JKFV-S7WP-KFT9;bdnb-bg-F47P-4YSS-AHBG;93;453;5.8
NWMNV89MMG71;bdnb-bc-1JLN-PQPA-7HNK;bdnb-bg-YXW1-2YG5-PFVU;75;124;1.3
NWNPQS6WM9Y6;bdnb-bc-Y52U-4QH2-QLUW;bdnb-bg-9L15-UJZG-XXL7;93;28;6.1
NWPD2917J1DD;bdnb-bc-5CUU-ZWUN-QRMR;bdnb-bg-Z8QG-BWKW-N8FC;75;765;7.4
NX12H1Y6KQER;bdnb-bc-YTH4-X1F8-Y8YC;bdnb-bg-PJAT-569L-3HAV;93;2008;5.5
NXA7T3DWBR3Q;bdnb-bc-U4ZX-BS5E-PC5K;bdnb-bg-J51N-W88Y-GXNF;75;148;15.3
NXF1SR8X36ZS;bdnb-bc-2WJZ-MR55-73XW;bdnb-bg-NTNH-7PJ1-W9L4;75;370;3.7
NY4CREZZ9CSG;bdnb-bc-TE2S-SAPG-E49N;bdnb-bg-SNS7-UWU4-G9PA;93;305;11.7
NYQ1GR3G8ZCX;bdnb-bc-BUWB-KQAL-Y4PW;bdnb-bg-NM5S-HZ46-49AX;93;3087;18.0
NYR8WJBR8CZZ;bdnb-bc-JYCK-BT8Y-U2XJ;bdnb-bg-V6YN-52R8-ZTMP;75;130;8.7
NYVRW2S58XMP;bdnb-bc-JM5G-L9JY-SUCG;bdnb-bg-N14P-H7DH-3YNG;75;123;14.2
NYWKS5W468F1;bdnb-bc-KA69-BLE6-YWD9;bdnb-bg-1W69-8Q3P-BH4M;75;632;11.2
NZ9BZNXRHETN;bdnb-bc-FFB9-FEJ9-TMSX;bdnb-bg-9554-AS71-VSYW;93;217;8.2
NZJWHKTGQM4S;bdnb-bc-DV8M-MB1L-VGA3;bdnb-bg-3RNN-TMPZ-4SYH;75;330;21.3
P15PGTXJZP4R;bdnb-bc-K9BX-D1FZ-TAHM;bdnb-bg-9BLB-SM7A-B9XB;93;862;6.4
P175VF883YMK;bdnb-bc-JYBD-148Z-FC1S;bdnb-bg-WGG7-AZUF-2TN8;75;123;5.0
P2BYJ57N2W4Q;bdnb-bc-NSPH-XCSR-C4CT;bdnb-bg-QCCU-3ZS9-M3GN;93;591;9.8
P2DAK2JKQN1J;bdnb-bc-21GG-4X8M-KHL2;bdnb-bg-S17A-EHCQ-TERS;75;560;20.7
P2DWYCE9EFDZ;bdnb-bc-PHNK-YZ1U-N73F;bdnb-bg-P5EF-APK8-6AMT;75;2099;11.8
P2FAVNBD1EP8;bdnb-bc-BK6H-MQEH-WLH7;bdnb-bg-2XKS-PX9L-GYS3;75;1128;13.1
P2SSWJ66DWZQ;bdnb-bc-QRWE-RE4Q-389J;bdnb-bg-2PBZ-KF15-4EZV;93;3314;4.8
P2W3XJWBZEAV;bdnb-bc-LTYN-L689-FNAP;bdnb-bg-WRKJ-Y9TB-TL4X;75;41;4.7
P3A1X88WAC7Z;bdnb-bc-AE1E-HGMT-PG1B;bdnb-bg-R672-6798-TW79;93;382;6.9
P3AZ8PTY3FJZ;bdnb-bc-DK2E-DLBQ-P2Z8;bdnb-bg-44QK-M61Y-KF5M;75;394;11.7
P3FNNQQSYP92;bdnb-bc-HWVF-WAVU-KXFN;bdnb-bg-WUGL-H1W3-9UDW;93;94;3.8
P3GQPP1K1GD2;bdnb-bc-HNYY-7FC1-JQ45;bdnb-bg-G5GY-S834-VK62;93;871;12.8
P3MSKQ4DG5YC;bdnb-bc-KNYL-ZB88-5J3V;bdnb-bg-MCU6-57FN-7VLL;75;1523;11.9
P3XF8YKP8DSC;bdnb-bc-P2U4-CV18-A2CS;bdnb-bg-DDD3-4NS7-8XDR;75;421;18.5
P3Z4ETJPX8VD;bdnb-bc-NSTW-S5Y5-ZLYG;bdnb-bg-CRRW-C472-BK2S;75;58;8.4
P494RQRX6ET1;bdnb-bc-SBB3-ML8K-VE3Y;bdnb-bg-TD9Z-MN19-FLCA;75;88;5.0
P494RQRX6ET1;bdnb-bc-SPWM-SRYR-DW85;bdnb-bg-TD9Z-MN19-FLCA;75;174;4.7
P4G8YTTVREQY;bdnb-bc-Q2TC-UPBZ-XMF5;bdnb-bg-GTXT-EXZU-2SD5;93;177;6.6
P4TPFHTTDXKF;bdnb-bc-7M7R-CUJG-EBQL;bdnb-bg-D4FP-Y5E3-66JU;75;744;4.6
P4XH7Y4WJFPB;bdnb-bc-6WXU-U8ZA-K319;bdnb-bg-WFYH-PMLM-61QT;75;518;7.4
P4ZYH4GWY3F6;bdnb-bc-DL9H-74HB-QPT9;bdnb-bg-LJ2S-Y989-JF89;93;341;10.5
P51TXNM1WY6N;bdnb-bc-8J19-1414-4F4V;bdnb-bg-1NRX-Q7QU-2TWA;93;31;5.0
P5RZPBXTZH43;bdnb-bc-HD6E-6YFH-YVT6;bdnb-bg-NL9B-1H9B-7FYK;75;245;8.5
P694G4Y2ETZB;bdnb-bc-GEFV-3648-9YJS;bdnb-bg-HXNN-MQZS-8CRK;75;396;4.2
P6P3NWAVHBWE;bdnb-bc-W2ZB-6VSU-H4RG;bdnb-bg-QSW5-NTCR-GJW6;75;648;5.0
P6R3CTYTWBG9;bdnb-bc-LGBN-8D4T-CKVH;bdnb-bg-PFTG-QHRE-ALUR;93;1630;5.9
P6V82NCRRK2R;bdnb-bc-QCQ1-EGFV-5WA7;bdnb-bg-T9WR-Q3Q4-5QHD;93;988;3.9
P8FKMSWVM8MY;bdnb-bc-LYUB-4PA8-12Y3;bdnb-bg-WX4V-4TBR-9AHG;75;354;3.0
P8KDBT3ZTJ7A;bdnb-bc-J7R8-X584-X142;bdnb-bg-3WZ4-N1ZE-DML1;75;4291;20.9
P98X9S1M2Y1A;bdnb-bc-DYM9-LNL1-TVB4;bdnb-bg-D4FP-Y5E3-66JU;75;110;7.9
P9YQXAYEBDSJ;bdnb-bc-SJK5-VNRM-JNQL;bdnb-bg-Z5AU-J5JD-AV6Z;93;31;4.1
PAYKZGS4Z3BT;bdnb-bc-N1V3-9X5S-FJ72;bdnb-bg-N7B2-JYYE-KXL4;93;181;7.0
PB6EYWSBRBMG;bdnb-bc-GX9N-WLXU-4DGC;bdnb-bg-X87M-RA7F-BHE9;93;1220;10.0
PBP7VWWCCMNK;bdnb-bc-T2ZY-675H-9H1S;bdnb-bg-M6EW-W6QK-DJPN;93;39;7.7
PC8JQ63C8VRX;bdnb-bc-DF1Q-VSDJ-PK1E;bdnb-bg-QKHS-74T2-SRPY;93;166;5.0
PCFQXM8DY1CR;bdnb-bc-RC2U-8CYX-L9VZ;bdnb-bg-LZ9V-EYR4-AT99;93;138;6.3
PCHXE51SQST6;bdnb-bc-LFCW-PS7E-DVGY;bdnb-bg-LFND-S48D-JRJ8;75;1725;15.0
PCM3C6ZTE44V;bdnb-bc-MDQD-LLJA-SWTS;bdnb-bg-B4RJ-EQYE-R21H;75;113;6.1
PCYNMSH6Z4Y7;bdnb-bc-CJ2L-1S17-11JW;bdnb-bg-Z5N9-AEX6-DDQ6;75;181;34.1
PDW77QMVHHM9;bdnb-bc-CN7B-QXT5-1JGV;bdnb-bg-AFZA-3B5R-52H1;93;151;5.0
PE4X1NJ1QB15;bdnb-bc-NNET-5JQM-VC28;bdnb-bg-1P3B-YKPY-7BBR;93;108;7.1
PE9C5J4EJY9K;bdnb-bc-YH93-FPJJ-VT4M;bdnb-bg-T4CS-4KSA-QZBJ;93;787;13.2
PEB9MYFP2BM1;bdnb-bc-G1KS-J7QN-H9P9;bdnb-bg-RVC9-MM2U-QDQ3;93;1651;10.3
PF75PZFN5H9V;bdnb-bc-72GU-9T6J-6VZ7;bdnb-bg-DXT3-MP5N-T663;93;971;6.5
PFDQY6CQCNBD;bdnb-bc-T7MB-L8TJ-JKG3;bdnb-bg-JLMX-XHXJ-WNL9;75;21;3.0
PFR7EYBPGRQK;bdnb-bc-PB9K-7DYZ-MCLT;bdnb-bg-PB1B-N2GD-AQJB;93;696;4.0
PFS7SCDV2VVG;bdnb-bc-59N8-NTBM-FYF7;bdnb-bg-ZYM6-U2Y8-5P7N;93;792;5.8
PG283MF844GZ;bdnb-bc-6RRR-7ZAS-5R4E;bdnb-bg-NS9F-KKDD-FSZA;75;245;11.6
PG9XDCYE1NNS;bdnb-bc-V9PX-FW9Q-MPSH;bdnb-bg-QLS8-R7TF-D341;93;77;8.1
PGJXQDGRN6EW;bdnb-bc-2VF3-XTRP-2Q9L;bdnb-bg-KJ7Y-MEMZ-T33E;93;1706;8.6
PGJXQDGRN6EW;bdnb-bc-U3WR-HYBD-VSFX;bdnb-bg-PADX-VFFA-Y1Q3;93;171;8.6
PH8R1FE8JF6S;bdnb-bc-K86F-C1D8-1YBY;bdnb-bg-3VFD-QRRJ-B79D;75;112;2.6
PHPR2RXSGCBZ;bdnb-bc-5W9Y-JJY2-Z3B3;bdnb-bg-WFH9-GQDN-XH54;75;431;1.2
PJEX7PPNNT9T;bdnb-bc-E4A4-9XKR-4DW7;bdnb-bg-GERM-Q3DY-8H4R;93;1075;11.5
PJMTER5S2GBN;bdnb-bc-2H1C-8M7K-YKFX;bdnb-bg-5YBN-19WM-VHDU;93;49;8.1
PJYHG8AS6E3X;bdnb-bc-G5CB-LSML-Z944;bdnb-bg-9KWJ-C7CJ-71PX;75;174;9.2
PKTEGSJY8EJF;bdnb-bc-5LUS-T2T5-CR66;bdnb-bg-HLJF-WFH9-BQB8;75;1604;17.0
PM4YZP1Y1RCA;bdnb-bc-9YSF-WF5G-X7JE;bdnb-bg-3LR5-W5YB-5DEF;75;103;18.6
PM9BVG22636J;bdnb-bc-2HK1-5FMD-2FQ8;bdnb-bg-BADB-VELT-GLJX;75;432;6.2
PMAHM8BSERQY;bdnb-bc-BLC1-NXZ4-5K8F;bdnb-bg-K3ZA-FTZJ-UVYT;93;1002;9.6
PNDVPDYCZ8VC;bdnb-bc-1LL2-7229-VWYP;bdnb-bg-C51W-CUWM-UHHE;75;317;17.5
PNF32VPZN7HJ;bdnb-bc-KLFD-X9RT-AYXS;bdnb-bg-6TGK-6LQN-17KB;75;647;10.6
PP7HCRKC4GXT;bdnb-bc-BXKK-YSJ3-8B94;bdnb-bg-H9EE-E6BF-AZE5;75;1176;24.9
PPMMZ554PF8T;bdnb-bc-87GZ-69ZM-23XF;bdnb-bg-9Z6L-H85H-CGVC;93;264;6.6
PQQCFFSBPPE2;bdnb-bc-DP1Y-WHKU-5BJR;bdnb-bg-A8B2-AMK1-YWXX;93;36;5.8
PQVTZYS3PW6W;bdnb-bc-ENDU-585X-PPWJ;bdnb-bg-WN2N-6CAB-P9HD;93;450;12.7
PR6QCJ1HEPY2;bdnb-bc-53F6-ZKP2-UA23;bdnb-bg-5H67-QKS3-XQ8X;93;116;4.7
PRRFFWD9ABGK;bdnb-bc-KLDQ-ZZCH-WJLA;bdnb-bg-Y4X2-37RB-HZ1C;75;114;7.5
PSA25YC1SYSF;bdnb-bc-56KP-UUB9-PWVL;bdnb-bg-5Y7A-A4TP-7PNM;93;933;4.3
PTP4ED3GW2JR;bdnb-bc-85YU-T5BC-W1V7;bdnb-bg-AMJK-QDQH-X2YA;93;1873;10.5
PV3XAFGZC3CN;bdnb-bc-KSLV-WPPL-NR69;bdnb-bg-XSDH-WF4L-2B8T;75;692;13.5
PW6SVB5CPS1Q;bdnb-bc-GD23-E97U-M6A7;bdnb-bg-CS2E-7SCJ-G4E7;93;62;7.4
PW9EQ3WPEXTZ;bdnb-bc-CJDJ-HT8M-BXAF;bdnb-bg-1TJT-R3NL-FC4P;93;633;21.0
PXQ5JVKVMTWJ;bdnb-bc-D7GN-EGH3-DPA7;bdnb-bg-QZY2-98YS-NDZQ;75;941;25.4
PY8DSPNRB3NM;bdnb-bc-MNZ9-XHCV-7QVJ;bdnb-bg-7GB7-CPLW-MGQG;75;139;9.3
PYNQV9VTDNJ6;bdnb-bc-VQXQ-56LY-8LPR;bdnb-bg-WWPT-W9Y9-62WX;75;1155;18.4
PZ68P8JTQVYN;bdnb-bc-ERZ4-EJA9-HDJS;bdnb-bg-YHQJ-KF15-M374;75;1494;15.7
PZETZ3KDZTXP;bdnb-bc-LS5P-PL3V-FK4E;bdnb-bg-FPXK-LACC-Z3PB;75;3871;16.6
PZVTA363TS3Y;bdnb-bc-GSZP-SCP8-TMUH;bdnb-bg-5F5Q-RJFF-VTUW;93;325;3.7
Q11SR6A4DVKY;bdnb-bc-RQ1T-AAT6-XTNT;bdnb-bg-FDY4-UABF-Z34F;93;710;7.9
Q1KM8996BEAW;bdnb-bc-5TQM-1R24-FGQ8;bdnb-bg-S7A7-2PR7-YNKW;93;279;3.2
Q25BJRTFHMWF;bdnb-bc-L3YQ-CZ42-U8YE;bdnb-bg-FTY9-6TH5-WE3H;93;580;13.9
Q38RH19R71G5;bdnb-bc-E93A-LU1B-SBS6;bdnb-bg-FNGG-4JXU-KEUG;75;196;10.3
Q49H4JZD4GYX;bdnb-bc-HL9Q-52RX-P3MP;bdnb-bg-GTXT-EXZU-2SD5;93;112;10.7
Q4VSXBET11F9;bdnb-bc-LHJY-32P1-L8AG;bdnb-bg-V9MF-FQTF-664Y;75;2540;8.2
Q52GPDBEFMM5;bdnb-bc-5VWY-PQNF-TMCL;bdnb-bg-YTBD-EWX3-WLVP;93;1660;4.9
Q5399FWBS45W;bdnb-bc-EQ5C-S1FF-6BDY;bdnb-bg-6FW8-ARNN-61BE;93;474;16.8
Q5VJW8AT5189;bdnb-bc-C7N7-DWP1-2HUQ;bdnb-bg-6SDH-BWD2-EGMK;93;2947;13.3
Q68YG88FPKZ5;bdnb-bc-3TJN-X6Z7-58CH;bdnb-bg-EVQA-3BHS-HUBE;75;82;4.0
Q747KS85R7ZE;bdnb-bc-J7CF-EJW4-VXLH;bdnb-bg-Z5BN-5AQD-X7JX;75;1784;15.5
Q74M4R78E7MH;bdnb-bc-28C2-BNYT-KLM9;bdnb-bg-1T1S-2QHP-5FSU;93;627;2.3
Q7EJCH412YNR;bdnb-bc-VVZK-M3SC-53W4;bdnb-bg-7XS6-JCAE-ERZS;75;84;5.6
Q8GFF5Q38V77;bdnb-bc-9156-XVY7-EX3T;bdnb-bg-UUXR-GBEA-1N22;75;77;14.4
Q97DQ4PGY1NQ;bdnb-bc-K4NM-PDRD-MBNR;bdnb-bg-REEB-QV5A-AETD;75;635;16.3
Q9TPBT42N4YC;bdnb-bc-CNXD-E5FE-VLYS;bdnb-bg-YWAD-9CFM-UR7J;93;622;12.3
Q9VTS5XMW3VJ;bdnb-bc-2W97-3AS5-KLSR;bdnb-bg-UF38-LCGF-MGV1;93;48;4.5
QAN2R28M6R9A;bdnb-bc-1LQ7-YHUD-F9UT;bdnb-bg-T9FR-3Q9L-6TCA;93;3286;3.1
QARNGBQYQER8;bdnb-bc-YLTB-C7ZD-H9BQ;bdnb-bg-6ATF-GJW5-69T6;93;1425;11.1
QB5YHV6QA8RC;bdnb-bc-SJHX-AWWQ-K41A;bdnb-bg-3VVU-VPYH-NCFR;75;609;13.2
QC3D463E4V9F;bdnb-bc-EQVK-CRAW-T9EC;bdnb-bg-QT8V-VC23-WU9K;93;1630;14.9
QCF2MXBSB4G3;bdnb-bc-MBVN-LEZ6-EH9K;bdnb-bg-4996-NZNR-Q63S;93;549;3.1
QDFG1G33SDWF;bdnb-bc-QYA9-V8BL-DRV7;bdnb-bg-Y4D2-X83R-EK7X;93;801;8.0
QE6MW5J93PJP;bdnb-bc-G7AJ-LMK2-UF1Y;bdnb-bg-2AQQ-KZFW-W769;75;46;5.0
QEP69ZR19NWN;bdnb-bc-XAMA-34TX-NQ4W;bdnb-bg-CWXE-SCTL-2ZGD;93;2050;6.1
QEXDTGV2S6X6;bdnb-bc-7ZPJ-3Q8L-J3QV;bdnb-bg-N7B2-JYYE-KXL4;93;626;8.2
QF18VPSABGBQ;bdnb-bc-UH7M-H5TV-ZJ1X;bdnb-bg-SXFC-624E-K3VC;93;689;6.0
QF7S99HKVWPB;bdnb-bc-YNS4-UP5S-G2CL;bdnb-bg-GTXT-EXZU-2SD5;93;69;14.3
QFARPHXTGWPS;bdnb-bc-FYN9-JWXF-Y7PB;bdnb-bg-RXQ2-YZDF-LPJF;93;1536;8.0
QFZS2W7JW4FB;bdnb-bc-9ZK8-9AMR-93RH;bdnb-bg-9N5V-MDMU-3APK;93;3739;6.4
QG4KQ3CZ15ZG;bdnb-bc-WY8X-2G1D-99DM;bdnb-bg-7V7G-497B-K1PB;93;764;11.7
QG8A13FYB2SD;bdnb-bc-EK4S-6K4S-64B3;bdnb-bg-MQLL-Z69Q-QRXA;93;55;15.4
QGC9P9T7WGX8;bdnb-bc-XHR2-FHNJ-YECH;bdnb-bg-QYGS-RZYM-6F6U;93;115;6.8
QGD6KE4SH1BG;bdnb-bc-UHXL-839Y-FB8R;bdnb-bg-CHCN-HQEF-XZU6;93;88;6.8
QGW7VBA6F33P;bdnb-bc-AM2Z-FY8V-XU1T;bdnb-bg-UF38-LCGF-MGV1;93;1816;4.5
QGZ1J6JJSN7E;bdnb-bc-BNNW-JVR4-4FW8;bdnb-bg-URZ6-8Z9M-DLKB;75;88;5.0
QH6Q83Y35RMV;bdnb-bc-HHHC-PXA3-PM2W;bdnb-bg-YHLM-TMMB-DKPW;93;109;5.3
QH78GA5Y5A8C;bdnb-bc-QHAA-BD7E-5B38;bdnb-bg-CHCN-HQEF-XZU6;93;860;4.1
QHG6CQZJM5BF;bdnb-bc-LFV5-MB5D-WC6M;bdnb-bg-GQQ4-CMH9-P423;93;126;2.8
QJEWY9KD3QFY;bdnb-bc-W88M-28P8-112A;bdnb-bg-9QT6-LXPU-R1VQ;75;619;23.7
QK9CWKXS99ZZ;bdnb-bc-KQHX-Z5UW-HBE5;bdnb-bg-6S92-UGX5-NQPS;75;1875;16.2
QKSHPHSHT5EG;bdnb-bc-A6MN-FQPU-XBMF;bdnb-bg-AZXS-VMVC-AJ3L;75;1560;14.6
QKTQY3NC36ZR;bdnb-bc-HSJE-YUZ9-2CBK;bdnb-bg-ZT2Z-G68L-FB6D;93;1460;10.0
QM3GFXH71T6H;bdnb-bc-7DMD-P3HP-K7CV;bdnb-bg-6DF4-BSR8-1NAZ;75;176;17.7
QM9AHS4SXX2V;bdnb-bc-MECX-JNUG-2N65;bdnb-bg-56VH-KS6R-USGL;93;629;9.3
QN7Q4VMRADRH;bdnb-bc-1927-EQBQ-VAAY;bdnb-bg-GR1L-CMSZ-991J;75;657;8.1
QNJBG8NQB3BX;bdnb-bc-FVT8-K5CS-L9RV;bdnb-bg-S8GV-VZ35-JHS4;75;1320;16.2
QNQZY1GCPY6E;bdnb-bc-1BER-VU2S-14QP;bdnb-bg-ZLPF-J8D9-7UGJ;93;430;4.8
QP5K1S7545M1;bdnb-bc-5QQ7-ER5T-2CVR;bdnb-bg-S59N-LVXS-DYW1;75;447;11.4
QP5X3Z77NE1Q;bdnb-bc-AHKQ-W9QP-H2UH;bdnb-bg-N7RP-GQZS-E1LT;93;364;35.2
QPB4XG7772NN;bdnb-bc-FG79-TVW1-VVEN;bdnb-bg-86CR-914N-C1NK;93;1047;7.4
QPET89TWD31F;bdnb-bc-KYRY-YWBL-SXHV;bdnb-bg-AFZA-3B5R-52H1;93;256;4.1
QPK71KQF2WYJ;bdnb-bc-MWGN-DEBM-DDZV;bdnb-bg-MH8R-APKP-3C2W;75;1448;15.6
QPXM2NDH1CCS;bdnb-bc-HQ51-ETRD-RQX6;bdnb-bg-7W6V-9D5U-AJEL;75;214;7.3
QQRWH4QX9MAP;bdnb-bc-F7ZD-PT2V-2WZ7;bdnb-bg-RVC9-MM2U-QDQ3;93;679;1.9
QQXTJD6V2A7Y;bdnb-bc-5SSD-K5PK-WGPV;bdnb-bg-94DK-HGFQ-KW4M;75;1304;15.9
QR33ANRHC9T7;bdnb-bc-TCT3-R5MA-E7VK;bdnb-bg-R9AX-Z8AW-EXMN;75;26;3.0
QRKDD1MR1545;bdnb-bc-H9PZ-XXBN-VW4Z;bdnb-bg-FHEG-W76M-PGSM;75;589;12.5
QRSNJ26T8YVD;bdnb-bc-ZJ9V-85GP-BX68;bdnb-bg-KNJ1-QJ45-7WJZ;93;773;3.5
QSGCRXRVY6SA;bdnb-bc-GV39-6S56-11NH;bdnb-bg-UWGW-WSF9-3ASE;75;110;5.8
QTBSMBSVMH9J;bdnb-bc-3QPY-Q4BJ-KU8M;bdnb-bg-PPHR-PJC9-6RL3;93;86;8.2
QTDVSFKFHX5M;bdnb-bc-FE8H-9MJK-L8BT;bdnb-bg-VU97-2NB7-Y6XM;75;23;4.0
QTV6GJ92QTBR;bdnb-bc-4LZA-Q89M-KF7V;bdnb-bg-74WZ-UF57-26HW;93;68;5.4
QV7M6467BSB5;bdnb-bc-UGVK-HHFL-3EAM;bdnb-bg-2B81-9PZC-ZT24;93;1304;11.8
QVFYQDG2XEWD;bdnb-bc-7RG8-P832-DFU6;bdnb-bg-7W3X-Y2CV-1DGH;75;1232;4.8
QVME9FKWJ91Q;bdnb-bc-A4MZ-96TL-QAL4;bdnb-bg-UF8C-HK7W-5G9K;75;507;15.4
QW4BSHCZ213F;bdnb-bc-KVS2-ALGS-SZCJ;bdnb-bg-FV5A-W796-84KL;75;198;5.0
QW5DEEFEX291;bdnb-bc-RU55-Q28E-3SFM;bdnb-bg-8EBG-DQ1V-6YBE;93;131;4.5
QWEGDT1M7D7T;bdnb-bc-AB39-USTG-WQWB;bdnb-bg-6S92-UGX5-NQPS;75;654;8.7
QX1SKEHKT4JN;bdnb-bc-FFGT-QYRT-KHA8;bdnb-bg-4VVG-YXEB-H7SL;75;1021;26.9
QX6E379QE5ZG;bdnb-bc-8MDY-4J54-QSW6;bdnb-bg-3DN4-7FWH-DNDG;75;384;10.8
QXWYA7KJDAMV;bdnb-bc-YB3F-2VYQ-YTNS;bdnb-bg-W52D-3HJA-B8HS;75;616;13.5
QYZQFK8R3FC6;bdnb-bc-NW8K-8TYB-2STQ;bdnb-bg-XJR3-KSSP-4CY8;75;4713;15.3
QZDVQQ9HHJYE;bdnb-bc-HZ9A-MXWD-Y7AS;bdnb-bg-3TLC-EF28-JNHC;75;1035;19.2
R146M22DRVJA;bdnb-bc-EAM9-TQ81-7RQV;bdnb-bg-EVQA-3BHS-HUBE;75;386;13.3
R14NA6ZT6CS3;bdnb-bc-Q97H-HR1L-WFCJ;bdnb-bg-9ZZC-US74-1DVJ;75;2629;9.8
R1QM8EBBWSHA;bdnb-bc-C8VF-J74Q-BY4Y;bdnb-bg-WFH9-GQDN-XH54;75;239;5.4
R1ZY18ZWG76X;bdnb-bc-33WW-PY1G-3NUN;bdnb-bg-G2CH-SXFA-NMUG;93;2906;5.2
R2PHFS8JTRKE;bdnb-bc-8EY9-XREN-H21A;bdnb-bg-FH8X-9B6H-X1TK;75;811;10.9
R2WHH7PHANBM;bdnb-bc-ZBZL-QRBE-G7GV;bdnb-bg-ERUD-S69B-R9TF;75;689;15.6
R2Y496W7N9K1;bdnb-bc-ZGY8-SZDV-9UM1;bdnb-bg-AHZ6-XPHM-TWAL;75;1355;5.8
R2YKHKPMZCHC;bdnb-bc-SSQG-QFMV-U52D;bdnb-bg-N9SN-1H35-76B8;75;134;15.9
R2ZKVK8CTHRX;bdnb-bc-GFSY-Q828-A75G;bdnb-bg-W1X7-HMZT-8EME;93;113;5.3
R37DQ2DHYJ18;bdnb-bc-J6TJ-X5GW-KBXH;bdnb-bg-VF49-V795-DV48;93;1032;9.1
R3BC23CDHHPB;bdnb-bc-YE37-U2WA-TMWL;bdnb-bg-1NRX-Q7QU-2TWA;93;121;5.2
R3KS9A5NDARY;bdnb-bc-Y4BM-YBXB-KFCW;bdnb-bg-561P-MHD7-GEQE;93;620;14.9
R3YZVEQ39PRK;bdnb-bc-TE1T-V9C4-EMU8;bdnb-bg-C2YK-H9KE-1HHM;93;1989;3.1
R4ATMWBP93D8;bdnb-bc-JF2D-QRED-7LEQ;bdnb-bg-321U-VNL4-2ZTM;75;770;17.5
R4VV6KESVDNP;bdnb-bc-PPE5-Z4LW-USDY;bdnb-bg-X8J4-HH9D-JUZC;93;1623;12.7
R52PN7W5VQCQ;bdnb-bc-M9AE-CY4D-S7HK;bdnb-bg-NKT9-3ZVU-VEK2;75;489;19.3
R5CVXN6MS58A;bdnb-bc-MZQH-Z66D-PKVQ;bdnb-bg-7P3F-SAB3-WKV3;93;756;6.5
R5M8W6WG6VQN;bdnb-bc-96ZA-4KZ1-UYPU;bdnb-bg-6DZX-5XZT-CRCQ;93;140;3.7
R5T2NXSNQT9G;bdnb-bc-Z1LY-ZQQV-AMDD;bdnb-bg-VJXY-XWM3-HSEF;75;256;4.2
R927PAJ5YFNJ;bdnb-bc-CQMJ-T7UX-DDDU;bdnb-bg-FFE3-UJM9-NXPM;75;1024;9.6
R9677XP6V6TK;bdnb-bc-U316-RM17-5111;bdnb-bg-EV4Z-H9XB-S63M;75;977;6.8
RB9BCMV9W5DD;bdnb-bc-3SKC-ZTU4-Z6X1;bdnb-bg-PX1Y-8JM1-EUFT;75;157;0.8
RBECM1NMGAN7;bdnb-bc-E6HS-VRHP-PL1B;bdnb-bg-YVK3-DYZ4-7JJ9;93;68;3.8
RBZA6P9ASSMH;bdnb-bc-SZMB-L76V-BT53;bdnb-bg-VAZF-UTLS-PV34;93;1065;18.1
RCHTPXQRWEF6;bdnb-bc-7DLA-7Q5J-4MVX;bdnb-bg-5YBN-19WM-VHDU;93;106;9.6
RCQMGCEA4XCC;bdnb-bc-AHXT-VNNY-TG3Z;bdnb-bg-STLE-SGGS-RXAD;93;693;4.3
RCWAA8YGBSQF;bdnb-bc-JFVE-B1CH-V5ZZ;bdnb-bg-74WZ-UF57-26HW;93;90;4.9
RD5EQNPPVE93;bdnb-bc-RPV5-BEJP-EVS9;bdnb-bg-XLRA-W6W5-49WY;75;797;10.7
RDWKDSDXKS2B;bdnb-bc-PUP1-1LGE-T19V;bdnb-bg-M7HD-UYJR-6A22;93;528;7.9
RFDT61QENFMM;bdnb-bc-LE66-MAZL-M8ZF;bdnb-bg-KQY8-P92R-75MA;93;221;7.1
RFER1973MGM2;bdnb-bc-9HKF-4ZS4-VD8C;bdnb-bg-NYKS-7JJM-8BDP;93;1229;8.7
RFNQVABBKT58;bdnb-bc-CWQX-W3XN-MAGK;bdnb-bg-8HTP-9PPE-EDY6;75;1100;14.2
RGDFKGDRC3TW;bdnb-bc-GXX2-FSNX-DSN8;bdnb-bg-JUCT-1WHP-RALC;93;383;4.8
RGP899X7RC44;bdnb-bc-1LE4-PW95-9XSY;bdnb-bg-9E3F-CVKU-4RRM;93;1043;3.0
RGS4NE44Z7FH;bdnb-bc-XZKS-VDFP-QBZ2;bdnb-bg-E686-8X2W-BG9R;93;181;3.6
RH7WB1HJ1AQR;bdnb-bc-DYLE-TGX3-7Z1N;bdnb-bg-A1FK-41KS-Y1CE;93;1183;5.0
RJFJB61MTZYA;bdnb-bc-P5PD-ZMWF-1LUF;bdnb-bg-9KBC-APVA-YF5T;93;41;2.1
RK3YN1T7EPCB;bdnb-bc-8RJQ-LPM4-VGBA;bdnb-bg-561P-MHD7-GEQE;93;54;4.4
RKF7HQ6WSR6Q;bdnb-bc-8X7S-AV95-U344;bdnb-bg-Y3RZ-2RYN-3R23;93;456;3.8
RM1NNJFV7J2R;bdnb-bc-SAFP-HFEL-XETW;bdnb-bg-YTBD-EWX3-WLVP;93;2971;6.5
RMXJH541YM3K;bdnb-bc-ZXLK-GZQ6-ZSLW;bdnb-bg-GWNC-WS2Y-VEN2;75;1540;35.1
RP4VXRPEF2D9;bdnb-bc-K8AS-FBLT-ZUV7;bdnb-bg-P87H-XEEG-KX6U;75;1122;15.1
RPAS5B99979F;bdnb-bc-YF6P-44X2-THVP;bdnb-bg-JDLU-ATK6-H6MU;93;136;5.0
RPKXH92RM82H;bdnb-bc-7JGW-7SPA-M419;bdnb-bg-XKH5-9MCE-GL35;75;210;21.4
RQPVRTWCWA6W;bdnb-bc-2ET9-NGWF-GZM8;bdnb-bg-A8B2-AMK1-YWXX;93;2715;10.5
RQXZMDEC516R;bdnb-bc-ATC2-SRCZ-SLEW;bdnb-bg-Q5PX-QUG9-QQ5M;75;514;19.1
RRNB2Z3ZSN6F;bdnb-bc-WJLL-HLGA-RFGE;bdnb-bg-3CGD-FNA6-MJXD;93;177;7.7
RRPNYCDC7SB4;bdnb-bc-URD1-KUTC-58G4;bdnb-bg-5CQF-SF2T-5XEC;75;310;23.6
RRS5F5ZTTWCG;bdnb-bc-STL8-LVZL-VPS5;bdnb-bg-M7HD-UYJR-6A22;93;172;3.7
RRSMYVFKCE2F;bdnb-bc-MNSF-VH4K-JPSX;bdnb-bg-CUY8-QY9K-24ZL;75;1954;10.9
RS2J5M3KC51C;bdnb-bc-2U6V-J7G8-JM1T;bdnb-bg-GTXT-EXZU-2SD5;93;362;9.1
RSZRF2ZABTW3;bdnb-bc-81HK-NF12-EWBB;bdnb-bg-FPFC-LKF1-CYP9;75;378;16.4
RT5WE3RSVY25;bdnb-bc-J5QV-2H38-919Q;bdnb-bg-9KLX-ZHGU-VVTL;93;2053;4.0
RTBNF9ZEKAME;bdnb-bc-YDQ4-C16J-Q6H6;bdnb-bg-6V5K-V5SS-24K8;93;128;3.4
RTHC1QME5R38;bdnb-bc-3AD3-5EQW-Y2NP;bdnb-bg-1DZB-PA5X-RHZ9;93;100;9.4
RV5ZB6HZ3FTW;bdnb-bc-AF9D-7CPE-21P4;bdnb-bg-3WZ4-N1ZE-DML1;75;43;5.0
RVAA7TQ6R3TN;bdnb-bc-8119-76W3-8TG8;bdnb-bg-AQJS-3V9G-8H2A;75;466;10.8
RVFVEJQ6RVGT;bdnb-bc-RNPD-G1YZ-JQVN;bdnb-bg-LSU1-EFEZ-AWMR;75;54;14.1
RVJEAS3P3YZE;bdnb-bc-6QWQ-FZXJ-LWE4;bdnb-bg-6DF4-BSR8-1NAZ;75;45;8.9
RVSVH3NQ23TD;bdnb-bc-6LSR-NLR2-2CJZ;bdnb-bg-VU4Z-WTFH-BRBD;93;563;18.9
RW2Y8AN9ZHTG;bdnb-bc-VF6T-4JAQ-LFSH;bdnb-bg-FV5A-W796-84KL;75;1211;11.7
RWDRQZ7R8NJ3;bdnb-bc-Z23Z-7X6D-VJUC;bdnb-bg-HWDL-E3L9-CX92;93;2582;5.4
RZK3Q42S3PCQ;bdnb-bc-MV59-7YCT-1UHA;bdnb-bg-SZJA-CQ69-KE2S;75;1199;15.1
S23ENTR7PS76;bdnb-bc-FXBR-UKP4-CV6X;bdnb-bg-6FVS-AZ4Q-ZSVV;93;518;4.6
S2MRFJXPXS1B;bdnb-bc-EB12-Z54Q-QQ3B;bdnb-bg-EGA3-52G1-GFBS;75;207;8.8
S319RPK7W9NN;bdnb-bc-1CZN-PQ9D-B82N;bdnb-bg-FLRP-JDXK-N21S;75;588;11.0
S3581HRKQDS8;bdnb-bc-CYS3-LXZN-VUW8;bdnb-bg-R5NT-SN96-WH7S;93;586;7.6
S3GKT4C7VBPB;bdnb-bc-QRYG-XV6D-78QZ;bdnb-bg-2Q4F-GQZS-BDRV;93;294;5.7
S3NNYQV8D9H7;bdnb-bc-KC5W-U4EF-QD88;bdnb-bg-A6YQ-S1CL-64Y4;75;317;13.8
S479ZDZD9PH2;bdnb-bc-P4NT-AZ1R-9GQV;bdnb-bg-4ZYM-SH6F-9YAH;93;21;3.0
S4XW7SDCANZW;bdnb-bc-HJTA-ZB9U-NWTF;bdnb-bg-A8B2-AMK1-YWXX;93;95;5.5
S51WC47TQ499;bdnb-bc-KLA4-XYPQ-PSLS;bdnb-bg-1SN6-HGJW-1RZZ;93;1583;6.4
S56T7GN33X15;bdnb-bc-NEXH-K7XW-NNZL;bdnb-bg-9EMA-UCEP-YWEP;75;124;15.5
S5D1QQRTPKJN;bdnb-bc-TMLG-79U2-S3Q8;bdnb-bg-M7HD-UYJR-6A22;93;312;9.9
S5HMDJ2MF6V8;bdnb-bc-E7JY-8LMH-2HTP;bdnb-bg-URZ6-8Z9M-DLKB;75;1184;16.3
S5WM392Y6G5W;bdnb-bc-L39C-RNJS-PTCA;bdnb-bg-W38L-BKDS-TUQB;93;564;5.8
S6SSASC5ZYAK;bdnb-bc-CYNP-PUDW-NCYH;bdnb-bg-NHB3-GA3Y-E6QE;75;138;6.1
S7PXN5WJ1P8Y;bdnb-bc-5UPX-PQH1-A4TC;bdnb-bg-561P-MHD7-GEQE;93;171;5.0
S819DPV44G9D;bdnb-bc-P8AM-888W-1XWN;bdnb-bg-LSU1-EFEZ-AWMR;75;1532;14.1
S99MBRXDZXFP;bdnb-bc-HQA4-YZBD-VU3M;bdnb-bg-818J-9JTD-JDQQ;93;768;3.2
S9G9MBX2PXBB;bdnb-bc-F66J-18YG-PMKU;bdnb-bg-9KBC-APVA-YF5T;93;151;1.7
S9H213TN9SPP;bdnb-bc-E8Z8-DCWB-NPBF;bdnb-bg-57PP-9NZH-AH8P;75;653;20.6
S9NX1KHBXAPT;bdnb-bc-DMD2-BLBX-71JX;bdnb-bg-5YBN-19WM-VHDU;93;42;9.6
SA28JGH2DM94;bdnb-bc-BDEY-BRLY-HGA4;bdnb-bg-ZFUG-7BUN-J9D9;93;95;9.2
SA79DAAVE2Z2;bdnb-bc-V6VK-WFE7-E1BX;bdnb-bg-BTG1-FA97-FPVS;93;1445;8.2
SAH7B3FF6RM8;bdnb-bc-T473-H31X-GTBL;bdnb-bg-QESG-MHPN-5DYX;93;460;2.7
SAVDBYND72F6;bdnb-bc-PPJ9-GMCH-62YR;bdnb-bg-LJXM-8JDG-H3JR;75;212;6.0
SAZ141NZDKVH;bdnb-bc-UX53-MLS6-95GZ;bdnb-bg-SHKW-BR1H-19A9;93;2499;8.2
SAZ4VJ32NBKN;bdnb-bc-Q1M4-AY7X-GRKY;bdnb-bg-8Z3L-7XJ9-B1CW;75;648;10.1
SB8P7N5YC8TK;bdnb-bc-DK74-YPBW-7H8F;bdnb-bg-CBFA-7YYU-UWMG;93;1148;9.9
SBCR2SXSBJQE;bdnb-bc-SC59-6EHJ-MV14;bdnb-bg-ZB6C-H9YW-8928;75;34;5.0
SBGEHTDZRR9A;bdnb-bc-23CL-6H9T-F3VY;bdnb-bg-UDK9-9ZVY-8VRY;93;1538;8.3
SC536QK1JRXT;bdnb-bc-1P76-Y4ZA-KSFP;bdnb-bg-C2S3-25J5-C5QB;75;213;50.9
SCPQC1TMEBSF;bdnb-bc-456G-6R8R-SF7Q;bdnb-bg-CN8M-L9H2-DHEK;93;287;6.3
SCPZS5TCDKPN;bdnb-bc-6PVM-7QKL-UT6F;bdnb-bg-W8JA-4GDR-FFU1;93;282;5.0
SDBE85GNTYJG;bdnb-bc-8ZXB-H9ZA-X1LH;bdnb-bg-EDPF-32LC-X5J7;93;2045;6.5
SDG1MV19FA5J;bdnb-bc-AKFY-UG2Q-GK21;bdnb-bg-2PLT-L6CG-VLAF;93;776;2.7
SDTA5QMZZA8C;bdnb-bc-BYGX-L64G-K6YB;bdnb-bg-PKE5-WQUS-M9YP;75;2133;18.9
SDY427FPEHEA;bdnb-bc-YMMU-JNEV-2M2N;bdnb-bg-K1NJ-ZTZ4-UH7V;75;1134;10.9
SEB89KADNJ6R;bdnb-bc-6RYT-2Q6B-KLK9;bdnb-bg-7LA5-DF32-F4D2;93;1572;5.0
SEDDZ11161S9;bdnb-bc-ZGLY-Q3GZ-4S3H;bdnb-bg-Y3RZ-2RYN-3R23;93;387;7.3
SEQRBC6B8E4W;bdnb-bc-NFMU-Z2B5-2L1Q;bdnb-bg-M7HD-UYJR-6A22;93;107;5.2
SEYJGBPC6GM6;bdnb-bc-PEFH-RRK2-KWB7;bdnb-bg-V9MF-FQTF-664Y;75;242;5.5
SEYZG1TGDDMF;bdnb-bc-QL78-YGQU-D8EZ;bdnb-bg-H1RA-7V3F-6FBB;93;410;14.8
SFK3KWJSM98D;bdnb-bc-KBVD-6D69-8ZWS;bdnb-bg-2LFB-95NQ-ZNK3;93;780;6.6
SG2HQHK28MMV;bdnb-bc-11NE-2KN3-T6B7;bdnb-bg-DTA5-8E84-255J;93;421;5.6
SG2WGTMG8ZQQ;bdnb-bc-DPC1-5ZQS-5ZDL;bdnb-bg-8EZZ-RET1-7MLE;75;1232;7.9
SGD26YSYAJTW;bdnb-bc-X2F6-D9ND-H1AF;bdnb-bg-DSZU-QVHK-SQVV;75;127;4.9
SH1P81PYXK1A;bdnb-bc-LFKH-CMH3-RFVX;bdnb-bg-RBNZ-N9TZ-SJNG;93;543;5.0
SHM73J8C44SD;bdnb-bc-3A6Z-3CBS-4ZXW;bdnb-bg-HRF6-CKLK-8BLV;75;22;3.0
SJ532WT52QJZ;bdnb-bc-BYMZ-GTXY-21VA;bdnb-bg-UM76-NBS8-8S53;93;271;5.9
SJ7D9NG9T65M;bdnb-bc-JZZZ-N1LZ-U2N5;bdnb-bg-9554-AS71-VSYW;93;31;6.8
SJBYPYGDVMN9;bdnb-bc-DCNP-G2V8-JZVA;bdnb-bg-9GAG-JUNJ-HFA2;93;1372;5.3
SJQSYGDEZMS3;bdnb-bc-QCPR-46XC-B87E;bdnb-bg-RVC9-MM2U-QDQ3;93;670;6.1
SJW1KS12WST3;bdnb-bc-E9S1-2CJP-Y3T3;bdnb-bg-4HWF-WPNV-EHVH;93;821;17.2
SKDYH14TXTKS;bdnb-bc-GZM4-GLFH-CC3U;bdnb-bg-WFH9-GQDN-XH54;75;514;4.7
SKQ76SHZTQN3;bdnb-bc-LB48-Z8B3-QWT5;bdnb-bg-384V-PPFT-SLGT;93;72;5.8
SM4852BDG65P;bdnb-bc-QQJG-831C-R3WC;bdnb-bg-CHCN-HQEF-XZU6;93;70;3.2
SM4CEYYC2NNE;bdnb-bc-YET5-LV2S-WRKB;bdnb-bg-65CP-7E26-LS6E;75;27;3.0
SMXA4X13EZDW;bdnb-bc-M7GW-ST7F-52AF;bdnb-bg-UGJM-V7MB-2UUL;93;1160;2.7
SMYD8TRVNDTE;bdnb-bc-EU4D-UAE7-21CF;bdnb-bg-LZ9V-EYR4-AT99;93;443;5.4
SN9FHV1PPPZ1;bdnb-bc-EXPE-JJVE-FAHS;bdnb-bg-M1Q1-7LQ5-4BL8;75;1141;5.2
SNFTT69W1BTS;bdnb-bc-2CZP-GA5D-DF3D;bdnb-bg-GSG6-4GQV-MNTU;93;3210;13.7
SPCPT7GFNYYP;bdnb-bc-W69S-MMUW-2JLY;bdnb-bg-J8T3-1BDF-NGRK;75;34;5.0
SQ3E6SKJ5X9Y;bdnb-bc-Q42G-RJ6J-9YLY;bdnb-bg-ZT9T-Q6WL-ZB6V;93;58;5.0
SQYAAZFM6CCA;bdnb-bc-DZAD-CHJB-S2VL;bdnb-bg-4C6T-ZS2Z-PMGC;93;193;4.6
SRFK8WHZM43Q;bdnb-bc-1CWJ-8E8W-XNKG;bdnb-bg-Q3CJ-G7QN-NQKP;75;97;5.0
SRKGRH41BJ5F;bdnb-bc-JY1W-LAW3-W3GJ;bdnb-bg-9554-AS71-VSYW;93;30;4.6
SS3F5J5V5NVP;bdnb-bc-SF8D-BPQS-EVTS;bdnb-bg-6YXS-WZUW-AW6D;75;1203;17.4
SS64S883379B;bdnb-bc-RU37-6RM5-KG4P;bdnb-bg-4QLH-3RG7-CPCY;75;714;13.1
SSZF5JPHG74X;bdnb-bc-SKAP-KWF4-5D6S;bdnb-bg-3DN4-7FWH-DNDG;75;444;11.2
ST8VC75NQZFZ;bdnb-bc-U3VF-WQG5-DA47;bdnb-bg-CS2E-7SCJ-G4E7;93;1919;4.7
SV4X5PKJZV5J;bdnb-bc-K8L9-HKFA-N2LA;bdnb-bg-Y3RZ-2RYN-3R23;93;669;5.1
SV65SGDGYRKT;bdnb-bc-T7EK-2PUZ-81AP;bdnb-bg-NVR5-8Q2E-4J4H;93;956;4.8
SW395X92RTR2;bdnb-bc-GHYD-PCDF-B1VT;bdnb-bg-S7A7-2PR7-YNKW;93;198;5.8
SWJFGB9MBY9F;bdnb-bc-AHT3-EAR3-DJ4M;bdnb-bg-F151-N1FH-A7EJ;75;1914;17.3
SWVVV3SD9YWX;bdnb-bc-WHHM-UBK6-5R1T;bdnb-bg-L969-ATW6-RXT4;75;126;6.0
SX6GRHDBWSPC;bdnb-bc-WQXT-BXCG-J284;bdnb-bg-VH8R-VFN4-SSZM;93;448;7.5
SX82J5DE7XY5;bdnb-bc-VJ14-L84P-PN36;bdnb-bg-176A-JM3P-54X9;75;3965;14.9
SXD28NDCX4GY;bdnb-bc-MS4A-7WTW-BSJJ;bdnb-bg-52BJ-YVQY-ZPV6;93;2649;17.7
SXFWJ718E415;bdnb-bc-DXB5-DCK3-A8N5;bdnb-bg-RK9H-UZ96-FUHJ;93;5359;10.2
SYR6Y2JYWPAN;bdnb-bc-4UAV-6JAB-NBQ9;bdnb-bg-FD9H-47LV-6SDA;93;1598;2.8
SYW67C7AZARR;bdnb-bc-Z3KF-J4QJ-Q7RS;bdnb-bg-C9KH-84VF-TB7A;75;40;5.3
SZ5C5BTBFQJ5;bdnb-bc-ZGRV-VCK4-44VD;bdnb-bg-HMSZ-2CT6-Y6MW;93;869;15.1
SZ7WAKY3JK14;bdnb-bc-GAQL-1T5Y-TSMX;bdnb-bg-N7B2-JYYE-KXL4;93;74;3.5
SZK8FZ1X8NGW;bdnb-bc-ZE3H-A6KW-KUNY;bdnb-bg-W8JA-4GDR-FFU1;93;601;17.6
SZZ8DNC893MD;bdnb-bc-8QF8-MFZN-RHN7;bdnb-bg-1F5J-2WWK-PWCP;75;734;16.5
T119HJ2KYE9F;bdnb-bc-FT2E-G8QQ-W6CM;bdnb-bg-JLMX-XHXJ-WNL9;75;79;5.0
T13ARDQNY3NV;bdnb-bc-R82N-V9YZ-Y239;bdnb-bg-9GAG-JUNJ-HFA2;93;1427;11.8
T1H4XTH9HXJ3;bdnb-bc-1JWA-B4J8-NUPK;bdnb-bg-AKRU-Y6GY-TD3S;93;116;5.0
T1M1VT2FV24W;bdnb-bc-HDNW-EU31-8T8G;bdnb-bg-18PY-EMUH-LQQU;75;544;19.2
T26F5MGN7APX;bdnb-bc-7KBU-3C8H-NXCN;bdnb-bg-WVXF-TSZ9-ESB8;93;567;6.8
T296RPFHM6RH;bdnb-bc-8SRM-XC1U-Z4MV;bdnb-bg-F24W-9VSQ-2K5E;75;48;5.4
T2BATBV2GF9E;bdnb-bc-7LA3-3RF4-LV8T;bdnb-bg-RE74-3XQ3-TLDZ;93;943;7.7
T3RSQM8K62XZ;bdnb-bc-WV5K-E2LK-JGYK;bdnb-bg-Y6A3-K54D-CKEB;75;852;5.1
T3WVXJQ95YX8;bdnb-bc-LAKW-VSHB-T9LU;bdnb-bg-GTXT-EXZU-2SD5;93;98;8.5
T4KCNRF1QM51;bdnb-bc-8HCC-PEHE-2SVC;bdnb-bg-ES8E-UX9F-D33V;75;47;2.3
T4N4QE5GQT97;bdnb-bc-89CK-DBQB-WFFF;bdnb-bg-XMN1-NGNX-ZHA9;75;227;11.9
T4NYEQY69BBB;bdnb-bc-8HS2-GEET-3GYL;bdnb-bg-KDGV-S71Z-RWW2;75;5891;12.8
T56A6GFM9QKT;bdnb-bc-G5AN-RHQQ-9JHS;bdnb-bg-XAJM-K6LA-DAG9;93;1615;20.6
T5JPY31NNW4A;bdnb-bc-AUJM-5EBK-7Y8J;bdnb-bg-DTA2-68AE-43AY;75;2969;17.0
T5KWT8K4BQTC;bdnb-bc-8DYQ-XWXG-HU8G;bdnb-bg-TQP5-C6VG-XW6E;93;879;4.0
T5XKKMKAEMXR;bdnb-bc-5QQ3-L2XR-BR64;bdnb-bg-KUX4-RM15-GMFN;75;2139;16.6
T7DMDVQYZED7;bdnb-bc-3P69-6C13-EKUT;bdnb-bg-KC6F-F1PU-MMBL;93;41;5.0
T89WHHJ8HKXW;bdnb-bc-V37U-R5BA-2B89;bdnb-bg-7W3X-Y2CV-1DGH;75;1342;3.5
T8MMVVNPTZYR;bdnb-bc-VGE6-YDSC-5JDX;bdnb-bg-N1KL-Q34Y-QPS3;93;661;6.5
T8WZ4KC2E761;bdnb-bc-KF6Q-RC1R-C9ZT;bdnb-bg-6FW8-ARNN-61BE;93;524;16.8
T8XTYZVDD1T2;bdnb-bc-MWUK-SG54-5F3W;bdnb-bg-V5GF-EBYV-QBUP;93;502;5.9
T8ZFJTT8K9CW;bdnb-bc-6LCG-QJ5Y-79BU;bdnb-bg-8KX3-H8YA-DBN4;93;747;5.9
T8ZZWGTHDXVW;bdnb-bc-BYXX-BF6X-GH1Y;bdnb-bg-6W8M-1XGQ-EXPC;93;600;14.8
T9H4CZ64GJS8;bdnb-bc-EWJY-1G5C-8HVV;bdnb-bg-M5U1-WW1B-N13P;75;2424;9.2
T9KERTME6GNK;bdnb-bc-H92E-WLN4-K2ZF;bdnb-bg-EVQA-3BHS-HUBE;75;1080;6.9
T9VDQFE1DRV8;bdnb-bc-HENM-X6SN-KNT6;bdnb-bg-7NPU-H1CG-QXY2;93;762;5.0
T9WXXFEFYE3T;bdnb-bc-XH4C-B55A-DFJJ;bdnb-bg-VPW9-QL9H-HYUG;75;258;7.2
TA3WXSD12VX9;bdnb-bc-9TQN-WV4C-EH7Z;bdnb-bg-X52W-E552-TRTA;75;1102;4.9
TAHG55D1HGQW;bdnb-bc-YWR5-4FLJ-2NN1;bdnb-bg-NHB3-GA3Y-E6QE;75;114;15.5
TAJSKCY9WV9N;bdnb-bc-27T4-C3Q8-NM9W;bdnb-bg-LLER-4U72-9GSL;75;559;13.6
TAY9H7QAMPCS;bdnb-bc-NX4Z-6V9U-DELW;bdnb-bg-M6EW-W6QK-DJPN;93;82;6.4
TB45NC1K645H;bdnb-bc-212G-TL2X-DW5A;bdnb-bg-FNGG-4JXU-KEUG;75;162;6.5
TBMN83YAKWTC;bdnb-bc-MRHQ-W66K-EU7Q;bdnb-bg-16TX-JSR4-M1X8;75;51;5.5
TBPM6GJQCTSR;bdnb-bc-HGER-6BC5-FW7J;bdnb-bg-DDD3-4NS7-8XDR;75;51;5.0
TBWTPEW7PVFH;bdnb-bc-D518-T9R3-52LG;bdnb-bg-2N59-QJRC-152G;93;109;4.2
TBZ9DW76Y9VC;bdnb-bc-BJ8S-WA1Z-5BX9;bdnb-bg-NWWP-9F4E-56YH;75;57;5.7
TCP6PB6215XF;bdnb-bc-JYMB-KUHY-MFZB;bdnb-bg-JZRT-41JP-A7GL;75;520;17.6
TD6TYWGMK7MR;bdnb-bc-KVPA-F3XD-YMGW;bdnb-bg-AFZA-3B5R-52H1;93;29;4.5
TD8M1B9XFQ13;bdnb-bc-35PF-QCNF-ZA4R;bdnb-bg-623T-18PS-4ZFF;93;1158;14.0
TDGR5XZ22DQT;bdnb-bc-7GAR-UTSB-VZDB;bdnb-bg-W52D-3HJA-B8HS;75;133;3.8
TDTWKZHFY8NA;bdnb-bc-2W24-F9F8-65WN;bdnb-bg-Y3RZ-2RYN-3R23;93;1744;6.1
TDZ89NBT46VP;bdnb-bc-LUX4-QW4X-Y7G3;bdnb-bg-7HH9-X6F8-8FRC;93;4184;6.8
TF62XJX3A1GR;bdnb-bc-W3KU-FXUQ-MJN8;bdnb-bg-4HWF-WPNV-EHVH;93;499;3.3
TFEPHWZ3DMDV;bdnb-bc-LPC2-5P7U-3XR6;bdnb-bg-RCS6-6YNF-G1XU;75;1790;4.9
TG5Z9JRPZGBX;bdnb-bc-J4Z6-UH8A-5LLD;bdnb-bg-433D-Z3PC-3NP1;93;816;10.0
TGZAB2SY362N;bdnb-bc-G54U-97YG-9AQR;bdnb-bg-2CL6-X66X-4J5F;93;87;2.8
TGZSC16YP4M7;bdnb-bc-7G1L-B5K8-UTCK;bdnb-bg-679B-WMTQ-ZJHL;75;1283;14.6
TH55V653Q52J;bdnb-bc-9C2E-XATD-LHYX;bdnb-bg-Q5PX-QUG9-QQ5M;75;36;19.3
TJ8BDZP6Q4CA;bdnb-bc-4AWV-WJ6N-TRKV;bdnb-bg-6WEX-UHYD-LCUD;93;58;5.7
TJEC9HFFMSRK;bdnb-bc-VLW7-NR5E-QG9V;bdnb-bg-GTXT-EXZU-2SD5;93;66;14.4
TJEQHSP96K4M;bdnb-bc-SC4K-CUR5-FYUW;bdnb-bg-GAFF-3G49-KZQN;75;158;9.3
TJMRVB8R5S5V;bdnb-bc-H12A-G2ML-4ZBN;bdnb-bg-YBA8-FVHM-SHZE;75;316;8.3
TKKQAV4T65BJ;bdnb-bc-5FRM-NZ2Y-AKE3;bdnb-bg-VJXY-XWM3-HSEF;75;35;4.2
TMS78T3SWE22;bdnb-bc-KTYQ-CEGM-5XNW;bdnb-bg-9EMA-UCEP-YWEP;75;162;4.8
TMTAA7WY96PT;bdnb-bc-97UC-JW58-CBFR;bdnb-bg-3C96-29YR-GPCG;75;144;7.7
TPY7SMYC87JS;bdnb-bc-2WVU-FJBB-B9G7;bdnb-bg-WFH9-GQDN-XH54;75;484;18.3
TQESF7YNBKES;bdnb-bc-81SQ-B3QD-AVUY;bdnb-bg-8LZH-NFUZ-1G67;93;6759;8.4
TR79Z7N1VE28;bdnb-bc-9VWN-CTZ8-YZTH;bdnb-bg-LMV9-DJSW-UELV;75;797;5.0
TR7FFSRDZHTK;bdnb-bc-RBWQ-VMWJ-TZ75;bdnb-bg-CRRW-C472-BK2S;75;313;18.5
TRAP6TZ9E7DE;bdnb-bc-AHKT-7JJT-UKVK;bdnb-bg-BMYL-V3YN-XXNL;93;2226;12.8
TRECFZ14NTYJ;bdnb-bc-45E7-43MJ-Z5WN;bdnb-bg-X4UP-R2WE-C5AA;75;1528;15.4
TRJMPNBE8714;bdnb-bc-JEWK-QPAA-UMMU;bdnb-bg-6QQJ-HYLL-QYU5;93;844;11.1
TRK5S6W494ZM;bdnb-bc-ZE2E-S2PT-3E4P;bdnb-bg-GTKB-B5EP-8B25;93;83;6.6
TRWKBYPXDBDM;bdnb-bc-HPSE-4N97-C4EX;bdnb-bg-X4N2-NM7S-9FQE;75;1143;18.9
TSNTQHRV76FC;bdnb-bc-A35Z-N8HY-Y3W4;bdnb-bg-MWTC-MPWL-AB94;93;698;9.8
TSR38PSRZPV9;bdnb-bc-S5ZP-ASKK-X5HF;bdnb-bg-4996-NZNR-Q63S;93;641;6.4
TTCSNSD2FDQG;bdnb-bc-8LT6-2ZQ9-TP2Z;bdnb-bg-FJQ3-1B87-38NC;93;146;11.2
TTW4XZQJ51HN;bdnb-bc-WE68-HWQ2-Z4DD;bdnb-bg-GB7Y-8CKD-XB3A;75;64;20.4
TW1NM8S4FXZZ;bdnb-bc-DDQ8-HB75-TTAJ;bdnb-bg-8S8X-GJTQ-ZSE2;93;1524;5.0
TWFJK5GMYKKA;bdnb-bc-NT9Z-SAXR-144L;bdnb-bg-HSVJ-XL2P-GBUA;93;279;4.6
TWFJK5GMYKKA;bdnb-bc-SRYK-JGVJ-LV24;bdnb-bg-HSVJ-XL2P-GBUA;93;630;16.0
TWVYVC7XZ1M9;bdnb-bc-VSDH-J5ZN-NNGV;bdnb-bg-NHB3-GA3Y-E6QE;75;52;5.0
TX1KPD8TGXCD;bdnb-bc-XLHT-2BAM-MTGX;bdnb-bg-RL6Y-AV8N-8459;93;893;6.0
TX1Z94WH9M6M;bdnb-bc-PNJK-ZEJG-HY5Z;bdnb-bg-Z5N9-AEX6-DDQ6;75;313;5.1
TX7N5BMAED7S;bdnb-bc-ZLC9-C34S-MA6Y;bdnb-bg-QT2U-V3GX-QS14;75;97;3.9
TXGW72APZGH8;bdnb-bc-UPQG-69BL-VSFV;bdnb-bg-YHH3-ARU4-MB2J;93;2083;5.0
TXJTNA6WZASN;bdnb-bc-U373-5BYF-T8SF;bdnb-bg-ESJB-XRQZ-T4NG;75;95;3.3
TXKZ6R5QKN29;bdnb-bc-J63D-MBL7-VZP4;bdnb-bg-8S8X-GJTQ-ZSE2;93;952;9.1
TXPG5N7AYADX;bdnb-bc-MHRX-1P36-X4VJ;bdnb-bg-UM3F-KKLS-HB3B;75;1046;6.3
TXZ7C6EZ7M4X;bdnb-bc-APY6-GWXY-CXZH;bdnb-bg-CHCN-HQEF-XZU6;93;113;5.0
TYBSJ9VQ8QT6;bdnb-bc-6WGM-BSLB-7UW8;bdnb-bg-C9N1-1SJT-BE4M;93;1029;6.0
TYCJJHF3RMPB;bdnb-bc-4H4T-UFHK-PXW8;bdnb-bg-TEJL-CGWZ-FC8G;93;532;5.4
TZA1SE5GEJ9X;bdnb-bc-FSA5-YXNC-2JE4;bdnb-bg-YTB6-UE6A-28LJ;75;691;3.7
TZAW4EDKTGYB;bdnb-bc-2N3Z-5KFX-TAZ8;bdnb-bg-UZAG-WVD8-PXXR;75;730;15.3
TZDV14AYYVD8;bdnb-bc-JSAQ-MLB4-1L8D;bdnb-bg-2Q4F-GQZS-BDRV;93;409;8.4
TZX23VJ3GHN5;bdnb-bc-HJ4J-R65R-68WV;bdnb-bg-YSNU-A4DH-HTV7;75;449;4.5
TZZXF1ZMEN8D;bdnb-bc-S391-WEGC-T47J;bdnb-bg-J8HS-TT5E-5UU8;75;1694;5.5
V111T19695FR;bdnb-bc-VLJP-QJK7-PYK3;bdnb-bg-AE2B-57BL-FGV1;93;2655;4.3
V1EM9C98TPV5;bdnb-bc-WJWR-Z826-54X4;bdnb-bg-PTPA-QTLF-314W;75;1744;17.7
V1VSRYPAZPPP;bdnb-bc-HVXK-CDY2-RWPY;bdnb-bg-HRF6-CKLK-8BLV;75;711;22.8
V1YTKKE8VWGF;bdnb-bc-HFRE-5DQT-5AZ3;bdnb-bg-EANJ-6L4R-892M;93;2009;14.2
V2AKQXCX8QFS;bdnb-bc-E9XL-V6NK-LHTM;bdnb-bg-VFJT-VPHU-AJQ6;75;94;16.5
V2SGX77F7DN1;bdnb-bc-4A26-2SGM-EPDZ;bdnb-bg-CAV1-NRJU-WKSM;93;462;9.1
V2XP8TQ4KZN9;bdnb-bc-A6K9-M7D3-JMV6;bdnb-bg-CS2E-7SCJ-G4E7;93;159;4.6
V37BEBG526VK;bdnb-bc-511K-43F2-XQ5V;bdnb-bg-QSTB-21LN-PG66;93;2915;10.0
V3GSG7VGQKFA;bdnb-bc-FWAE-9H5E-31CA;bdnb-bg-RVC9-MM2U-QDQ3;93;923;4.8
V46AFS3CDVDN;bdnb-bc-6432-YCK8-G2YQ;bdnb-bg-DG2M-4YRY-2EPK;75;69;3.8
V47S1NKREDZ5;bdnb-bc-1U3R-B7ML-H5Q9;bdnb-bg-9BYF-2C8G-VSFS;75;978;25.1
V4848N5M5RNQ;bdnb-bc-YKQJ-C8BT-EAFE;bdnb-bg-TWKD-1KRN-59TY;93;1391;11.9
V4W7GSW2BK2T;bdnb-bc-6YUC-5REF-PKH5;bdnb-bg-X7P5-MBSR-64XY;93;1520;3.2
V5C2YQP9DZBC;bdnb-bc-YKZ3-S752-LNH4;bdnb-bg-PUQP-MLYU-8BE6;75;2743;27.9
V5D7H1CQAA8N;bdnb-bc-YZN9-TQVC-BJMU;bdnb-bg-RS6Z-7FYR-E7FT;75;178;6.4
V5TVTN92ST84;bdnb-bc-2US5-DV93-7CZ5;bdnb-bg-VVSX-BWU7-HBET;75;45;3.4
V5XTJM4QPRG7;bdnb-bc-TRUR-RGGL-2R3E;bdnb-bg-Q7JQ-FQDH-8ZA4;93;500;7.0
V68HPC8J2W7N;bdnb-bc-DLF5-JBEB-UF13;bdnb-bg-VPW9-QL9H-HYUG;75;39;5.0
V6HHTGRGDRY9;bdnb-bc-GKTN-9BJL-9ZGW;bdnb-bg-RTVR-2T78-DBNS;75;630;15.0
V6JVPF84PRZ6;bdnb-bc-V6VV-G9NR-XLYK;bdnb-bg-KCCL-V8ND-E3Q9;75;1580;16.9
V6R6HPZG9K5B;bdnb-bc-T3VM-LYMB-JABX;bdnb-bg-Q975-1S24-33RB;93;506;9.2
V7H9YMPTVD51;bdnb-bc-MXSS-BWB8-JJXQ;bdnb-bg-P2YP-MBPC-ZQME;93;1832;7.0
V7WA33FY28M3;bdnb-bc-EZUR-PWW1-2XWY;bdnb-bg-CT58-FGAP-QXAD;75;1023;14.1
V8MQPRJDT3RY;bdnb-bc-5QUQ-YM4W-G33P;bdnb-bg-6DZX-5XZT-CRCQ;93;782;8.9
V97EXRSP3BJV;bdnb-bc-79P5-K5LF-4SUH;bdnb-bg-S1V8-2XWB-WSL3;93;992;7.2
V9FCPT5KKA7W;bdnb-bc-PPVP-HD4R-4LQL;bdnb-bg-WSN4-WP9S-2RF7;93;8179;18.6
V9XTRHP7HGW6;bdnb-bc-WS94-T7DA-ZTYR;bdnb-bg-QKHS-74T2-SRPY;93;69;3.6
VBJ44VP958BN;bdnb-bc-XZ9G-8ED8-42N8;bdnb-bg-LSU1-EFEZ-AWMR;75;717;18.5
VC2D9DPSF8SB;bdnb-bc-X8XR-69QS-SNTF;bdnb-bg-L95M-7DHG-MCHH;75;901;14.7
VC6JHKEPPAKY;bdnb-bc-184A-UFUU-J9MF;bdnb-bg-ZLPF-J8D9-7UGJ;93;164;4.1
VC9MZVJS6WRM;bdnb-bc-UFB2-7KKY-MVP1;bdnb-bg-4B3M-NH5H-ZXL4;93;1349;8.6
VCE21YKDTTY9;bdnb-bc-Y3PG-A8CZ-BPZ5;bdnb-bg-NCB4-54QV-79AX;75;518;19.3
VCNNRB2JGT5Z;bdnb-bc-H5VK-WSFA-LWYN;bdnb-bg-KQPM-R16B-SML7;93;2481;12.1
VCVDQAF5HYRH;bdnb-bc-3HJW-Q554-SGUD;bdnb-bg-7W6V-9D5U-AJEL;75;32;18.6
VD6YRQ9YT9DX;bdnb-bc-RXA4-LXG9-A8D6;bdnb-bg-Y8JS-MCU6-4TC1;93;6431;19.4
VDANWKBDEF2E;bdnb-bc-9EKK-6GK4-73JC;bdnb-bg-35SC-H3LX-PA16;93;843;9.6
VDDXM5YCD8HN;bdnb-bc-YWK7-913S-6G3Z;bdnb-bg-Q4VH-4JFN-U7C9;75;258;3.9
VDMABMKM8F8H;bdnb-bc-ENPH-4KXG-2K25;bdnb-bg-1B5Y-EDQX-TCVS;75;1362;15.1
VECGRJTYN6DA;bdnb-bc-B7F5-9VM9-G3AP;bdnb-bg-S4FH-75WP-EJHW;75;1520;15.2
VEV8TEHWVZ9T;bdnb-bc-9R7H-UAUZ-B844;bdnb-bg-KR3Q-L7NX-332Q;75;2017;15.5
VF9MC8BQCCVC;bdnb-bc-HHN7-F14R-27TJ;bdnb-bg-UFD4-8WYB-6K6E;93;960;14.4
VFE9BDDZ536A;bdnb-bc-CTYU-ATNJ-RFMM;bdnb-bg-FEHA-XJZL-WVY9;93;285;3.7
VFRRNB6PSYNC;bdnb-bc-YYRY-AYX2-36D8;bdnb-bg-X4UP-R2WE-C5AA;75;77;15.4
VFXQV5DAM4HV;bdnb-bc-WAXU-8CKG-9ZPV;bdnb-bg-HM8D-AKU8-FF6B;75;66;5.6
VG4PCADRKQG2;bdnb-bc-QZWQ-UBV8-7NFA;bdnb-bg-Q8CN-AS7W-EV18;93;571;8.2
VG7A1F182GCC;bdnb-bc-KM2T-3V7P-ZJCU;bdnb-bg-N7B2-JYYE-KXL4;93;68;4.7
VGKEGQCM413V;bdnb-bc-SLE4-KFQM-LB79;bdnb-bg-J88X-QWR7-G5ZC;93;3732;11.1
VGMWBTRF6MV7;bdnb-bc-5KWY-HNZW-37LR;bdnb-bg-X5QN-HWVC-H8R6;93;518;7.7
VGQ7RBEYKE2R;bdnb-bc-B4T1-D6C2-GSLJ;bdnb-bg-9554-AS71-VSYW;93;146;4.1
VHJBEVD96DPM;bdnb-bc-WGZZ-8DHA-XV68;bdnb-bg-F3CJ-RUAJ-QCGW;93;1450;9.8
VHK99WMHXY5D;bdnb-bc-BJ4G-U1FR-NK2Z;bdnb-bg-D8LB-P7MX-497C;75;71;5.0
VHYDA4XNXJ8B;bdnb-bc-1WNW-E19F-E5KV;bdnb-bg-FR4Z-CQHA-6Y3X;93;102;1.3
VJCYYN6ZR2EA;bdnb-bc-EZCX-8B3W-ENFF;bdnb-bg-WFFZ-BSW4-FRUY;93;107;6.3
VJMBC1AXY619;bdnb-bc-NK53-G68H-AHFQ;bdnb-bg-NYKS-7JJM-8BDP;93;341;6.9
VK6AM41TJ9K4;bdnb-bc-FJ68-PVYY-5B6A;bdnb-bg-EEJT-CPQR-K8WX;93;25;1.9
VKJV7E77B24F;bdnb-bc-4H2N-AR1C-TV4D;bdnb-bg-9554-AS71-VSYW;93;32;8.0
VKRZYSFXB83A;bdnb-bc-W68T-WA2S-P7KH;bdnb-bg-5KWR-VWEE-D1LK;75;1095;22.0
VKYXN4MTQRGG;bdnb-bc-G934-QNZR-6MWW;bdnb-bg-RFJL-SM38-BC3K;75;773;13.9
VM3A23PE9QDP;bdnb-bc-UYYX-AMX2-82DT;bdnb-bg-VH8R-VFN4-SSZM;93;431;3.2
VMETXA3HXH7V;bdnb-bc-LLZS-XCNF-PZ4V;bdnb-bg-X4N2-NM7S-9FQE;75;60;3.9
VMMEWBCWR8G8;bdnb-bc-2K2F-99DS-QZK3;bdnb-bg-2TEZ-F8VN-6K3G;93;2992;16.3
VMN6TSM3PFQ7;bdnb-bc-2X2N-72HZ-F2RU;bdnb-bg-SYFB-L3KT-QE2G;93;539;5.0
VN14H2Q6APFK;bdnb-bc-EP9P-CD2B-955Y;bdnb-bg-EV4Z-H9XB-S63M;75;1557;7.7
VN35R6HJNGHA;bdnb-bc-SJ46-42S3-9J1H;bdnb-bg-75B1-A41M-F15N;93;1182;5.0
VN4KRVKFCDY1;bdnb-bc-1UZN-8FGY-CBEB;bdnb-bg-4KQ6-GLN1-6K9S;75;794;5.0
VNYFQGAAW619;bdnb-bc-QLHH-MNA9-7TGW;bdnb-bg-RXQ2-YZDF-LPJF;93;73;5.4
VP1P6KECZDWA;bdnb-bc-L7FJ-H7T9-7J9W;bdnb-bg-F24W-9VSQ-2K5E;75;27;4.7
VP63XW6HE1J5;bdnb-bc-Z9XV-M6KC-NR1T;bdnb-bg-7W6V-9D5U-AJEL;75;21;19.4
VPHMK48815J8;bdnb-bc-UU68-J99L-74CW;bdnb-bg-M11P-9ZPP-ZTUH;75;1383;8.7
VQ1PEXZ4WYHJ;bdnb-bc-ABT7-39ZE-V7TZ;bdnb-bg-3TDM-9V36-6K8Y;93;447;14.8
VQP8M7XP5JWH;bdnb-bc-X6KS-S7LG-M4RY;bdnb-bg-HHT6-WWR8-FVCA;75;996;20.5
VR223Y9A6EYR;bdnb-bc-2JH2-J7QK-EFNK;bdnb-bg-L5WB-T7ZT-EQUC;75;493;18.6
VR5SDDPG56S7;bdnb-bc-YG3Y-DBNK-QNJU;bdnb-bg-AZWC-ASJR-F9XT;93;189;6.0
VRP1J9HBXXZR;bdnb-bc-YWQU-VH5N-DP21;bdnb-bg-AFZA-3B5R-52H1;93;184;3.2
VSKFWSN5YH17;bdnb-bc-C5BV-CASW-8AR9;bdnb-bg-S8B1-MTQE-6AXN;75;740;11.1
VSKRWH11NXS5;bdnb-bc-UEVZ-1PHH-FFZZ;bdnb-bg-PUMT-D3ZL-R89L;75;116;20.6
VSSV5CX7SS56;bdnb-bc-2RXK-B51S-9KV8;bdnb-bg-KAR1-GKQG-DUDN;93;1530;7.7
VSWVK55SY7KK;bdnb-bc-K6HX-6QLS-RULY;bdnb-bg-TL59-8PUK-3RQS;93;2772;34.9
VTAYPZ8BTXCN;bdnb-bc-L5X6-7XVE-TC1R;bdnb-bg-MRTS-S324-B6LT;93;441;7.5
VTK42KPXZ1B9;bdnb-bc-YMD2-1WBF-Z3HR;bdnb-bg-DSZU-QVHK-SQVV;75;53;5.0
VTWHVQKNZJK2;bdnb-bc-GYHS-1T51-B8ZG;bdnb-bg-FL57-723Y-X6UT;75;901;4.4
VVP9BCXBM5JH;bdnb-bc-J5QT-PA7S-GGRA;bdnb-bg-BU7J-T8F9-K7DM;75;164;8.2
VVQ8MNRA7419;bdnb-bc-TV4C-GN83-LBRF;bdnb-bg-H5AA-SBTW-HUJE;75;1984;8.3
VVRKJ4PFK32N;bdnb-bc-JZDN-EK9V-2QF1;bdnb-bg-4M62-5M83-UR1F;93;24;3.0
VVVYQ67VMQHS;bdnb-bc-7W8D-Z38J-6N1U;bdnb-bg-DA2D-FBY9-KT8E;93;1094;5.0
VW76GX4BAKBY;bdnb-bc-6SQF-T96Y-3N7E;bdnb-bg-DG2M-4YRY-2EPK;75;100;5.6
VW793QEZ2JK2;bdnb-bc-FH6N-SJ7T-MXMH;bdnb-bg-SR3N-TRRX-2NE1;93;3261;8.5
VXQFH6RV5FS5;bdnb-bc-BGG8-YKJJ-JXQ3;bdnb-bg-JDL8-VPML-F3K6;93;822;7.6
VY2WGJQD8WJT;bdnb-bc-NJJ9-MRBD-DK9B;bdnb-bg-8S8X-GJTQ-ZSE2;93;778;11.2
VYQ7MF1B6TFZ;bdnb-bc-CU57-EQ9E-WWSR;bdnb-bg-3NJT-9L9C-Z3T5;75;1969;28.5
VZBMQC6QBGG5;bdnb-bc-HGMH-JYSR-9AWC;bdnb-bg-BZ9U-5V6K-LDGH;75;1886;17.0
VZMB5VYYV62T;bdnb-bc-YULL-J9S9-BXV8;bdnb-bg-UL5R-M766-C8QG;75;670;18.7
VZR3765EYN3F;bdnb-bc-3DLX-LS6Z-YU24;bdnb-bg-UWGW-WSF9-3ASE;75;148;7.3
W14V6QWSVFG1;bdnb-bc-2K2Y-XH2K-2LBL;bdnb-bg-8KVR-YCB1-RJFX;93;2487;14.1
W1AA5R8SG1GV;bdnb-bc-AXXP-AMJM-Q7X5;bdnb-bg-VGK6-8SKB-MWLX;75;396;22.5
W1BDQH3X7MXH;bdnb-bc-CBTM-A8FF-VL3X;bdnb-bg-3TDM-9V36-6K8Y;93;2238;3.4
W1GXZFE81ZX8;bdnb-bc-SMGQ-CQ93-ZB9N;bdnb-bg-9KAE-2KH2-KS6J;75;269;4.0
W3NCCTCCNJ9A;bdnb-bc-761G-4MKC-569Y;bdnb-bg-WBZB-L487-XVBX;93;877;11.8
W3XS4EF8C2HS;bdnb-bc-6W8Q-GNDG-GFUB;bdnb-bg-TJ8W-43YX-XYKW;93;1605;2.2
W41K8RA91ZP5;bdnb-bc-TD1E-KS3D-NLLD;bdnb-bg-3TDM-9V36-6K8Y;93;463;14.5
W44PPMB86CCR;bdnb-bc-UDMV-7TB3-TEPR;bdnb-bg-UL5R-M766-C8QG;75;231;18.2
W5F2V19ZPK1K;bdnb-bc-FYFV-4L5N-DRSR;bdnb-bg-PAVU-Y7ZZ-6UWL;75;987;11.4
W5N63AJ9C74G;bdnb-bc-KBNE-QWT4-KWTF;bdnb-bg-E7QJ-JFYC-TZHA;93;2982;7.4
W6K1XGX9V11N;bdnb-bc-M233-TSE8-PU5W;bdnb-bg-VJG5-LWDZ-G9XS;75;103;5.8
W6Z7RV1ST9YC;bdnb-bc-NTZF-WTEK-YXRH;bdnb-bg-HVZ8-PYK2-4N88;75;490;10.6
W78FES86VE36;bdnb-bc-DQFU-MT9T-1WBH;bdnb-bg-31WF-UC4C-7ZW6;93;3019;10.3
W8JQN84MSZXJ;bdnb-bc-AGMJ-1WLB-VNJY;bdnb-bg-XKKR-UC4B-SYJK;93;2098;5.0
W8T6BER4DAD3;bdnb-bc-6ZZK-M85C-JPJU;bdnb-bg-HE57-B8MP-VZ99;75;1473;31.8
W8WJMRPKBS46;bdnb-bc-A4V7-3DG9-4RJP;bdnb-bg-WFZF-AMRS-RSXU;93;1331;11.3
W8YWYWZR5YVW;bdnb-bc-8XJU-3QML-U23Q;bdnb-bg-EHZD-VT33-TRVT;93;2168;17.6
W9S97XB38DVY;bdnb-bc-AK17-ARE2-EUPF;bdnb-bg-GTXT-EXZU-2SD5;93;124;14.1
WA5VE9NDPFTZ;bdnb-bc-V252-WTKH-SRKV;bdnb-bg-4B3M-NH5H-ZXL4;93;60;7.3
WAXP687CS5VQ;bdnb-bc-2EE1-GRQ3-S5QH;bdnb-bg-433D-Z3PC-3NP1;93;207;6.8
WB1BDZFPVVT8;bdnb-bc-5KU5-8X5R-ZTT3;bdnb-bg-QFY3-GG2X-XWZ9;75;2419;7.7
WBTKG7YMNQ4J;bdnb-bc-39A5-P6JU-XSNB;bdnb-bg-Q7C7-L23L-R1CB;93;1257;4.8
WD1QE7JQZ75D;bdnb-bc-11VV-XRJV-WMMA;bdnb-bg-PLJS-U1TU-UJNU;75;37;2.9
WDNF6P92F747;bdnb-bc-J7TP-7TQT-7GY3;bdnb-bg-T9GC-7XPL-NJG8;75;94;7.3
WDSY839PAKRA;bdnb-bc-48FF-KS49-MRN7;bdnb-bg-UVR7-KM74-AP57;93;247;6.5
WDVE971CPHBD;bdnb-bc-WFNW-7VP8-13AM;bdnb-bg-PSPZ-6FZV-PTPV;75;3697;16.0
WDXNV6VY362A;bdnb-bc-N73R-4Z58-LRTW;bdnb-bg-LZ9V-EYR4-AT99;93;122;5.9
WDYMV5GTBBBK;bdnb-bc-CQ7S-3VPX-EETU;bdnb-bg-NCVH-PV7J-NJZV;75;753;19.0
WE4YNGNTAERP;bdnb-bc-RXVN-JEGQ-BU9Y;bdnb-bg-DF5S-Y1CV-HDPU;93;1736;11.3
WEHYHHXYPGDT;bdnb-bc-KSD1-DNJW-TGSY;bdnb-bg-S1MJ-K349-BWQT;93;1469;7.9
WEMR17D72KM9;bdnb-bc-VZ6N-NUSA-VKM9;bdnb-bg-FM8U-3AMM-5LM1;75;1479;10.2
WF94PF7C4JQ7;bdnb-bc-4D5W-HG7A-4YNQ;bdnb-bg-4B3M-NH5H-ZXL4;93;65;6.6
WF9K41YZRMBP;bdnb-bc-4XJA-MAYU-B6LJ;bdnb-bg-F3CJ-RUAJ-QCGW;93;272;8.0
WFKY1973XTHS;bdnb-bc-PMWE-DYGN-YE1S;bdnb-bg-9KBC-APVA-YF5T;93;64;2.6
WFPB56QR2R2R;bdnb-bc-NWKY-XRGH-JKQ5;bdnb-bg-TEJL-CGWZ-FC8G;93;80;5.1
WFW8RTNQ9H7E;bdnb-bc-KXAJ-QNHS-TJDR;bdnb-bg-WPUB-RWFF-4K8X;93;1716;7.2
WH781YXM8AWM;bdnb-bc-BT6S-YS9U-T26E;bdnb-bg-HCEL-ACU2-WL3J;75;792;13.8
WH8FCTMPDKSH;bdnb-bc-FTU9-3D54-U2ND;bdnb-bg-DKY6-3S48-EQV9;75;802;20.2
WHT82B77P4BR;bdnb-bc-M8XC-58Y5-YMST;bdnb-bg-VDZS-VAP6-EFZX;93;738;7.6
WJ7281982STV;bdnb-bc-HCF7-1CNN-2X78;bdnb-bg-KXB8-KAN2-G59P;75;56;5.0
WJCVEHX8CHRB;bdnb-bc-WKL7-P4NT-ZCVA;bdnb-bg-288V-Y1GW-K66W;75;160;9.1
WJEVVVJWD62D;bdnb-bc-HVJU-9DS4-BW7S;bdnb-bg-AFZA-3B5R-52H1;93;45;4.6
WJJZRC6KVFQT;bdnb-bc-53RK-YBWX-RH8P;bdnb-bg-K1Q1-ARNG-SA8Z;93;667;4.4
WJRFS9PHH1CJ;bdnb-bc-PZXL-5RCL-BD8D;bdnb-bg-GTAY-B4GK-CBZ3;93;2804;8.8
WJRX2X8JEBP6;bdnb-bc-U3ZX-YE5Y-139E;bdnb-bg-MCSE-C8H6-8TVY;75;1165;21.0
WJXT7Y4WFW7Y;bdnb-bc-BTPL-AXY2-EXDV;bdnb-bg-V9QB-KSES-59NY;75;586;21.4
WM8K48PRJNGK;bdnb-bc-ZBJ7-DPWL-5S2P;bdnb-bg-YWAD-9CFM-UR7J;93;305;9.8
WMM784Z1TQS7;bdnb-bc-Z2QG-D2Y2-HMEU;bdnb-bg-CRMD-R2LV-1Q31;93;1958;5.9
WMMJ1RTM5TP9;bdnb-bc-KPYQ-W6QY-9HNW;bdnb-bg-8SLG-HAL4-NURK;93;5749;14.7
WMPCTS384D8Y;bdnb-bc-P9C4-R8N8-YSRV;bdnb-bg-VYDD-89ET-ZHPR;75;675;13.9
WMT5GAJQ11WV;bdnb-bc-XAN4-5JHV-8HZW;bdnb-bg-KDE7-GN3C-4B4N;93;941;8.8
WMXV51MW739X;bdnb-bc-LLA1-76XM-QZBT;bdnb-bg-9KBC-APVA-YF5T;93;23;3.0
WN1CT76SFPXZ;bdnb-bc-MJPX-GGBE-WJGY;bdnb-bg-7XLM-88MP-8TMS;93;657;9.9
WN4XWMSJXR8X;bdnb-bc-U68P-RZMG-ULFG;bdnb-bg-HM8D-AKU8-FF6B;75;542;5.6
WNHFMSVD3C4H;bdnb-bc-2JMV-L1HT-QNNM;bdnb-bg-RGZA-5Z48-JTL4;93;1290;13.5
WNWT2XWG7J21;bdnb-bc-MMGV-AR6C-4WF3;bdnb-bg-7JYY-WP6S-YXM8;75;944;14.8
WNY7ZSSAQAWS;bdnb-bc-W3BA-AJTE-KWAZ;bdnb-bg-LZ9V-EYR4-AT99;93;536;5.9
WP4YAD6PZ7QQ;bdnb-bc-VBY2-5Q5V-F4PE;bdnb-bg-WL7Y-GEE4-Q6AD;75;28;3.0
WPD7YZCJJA5J;bdnb-bc-JP7W-TPDB-DBVG;bdnb-bg-NCVH-PV7J-NJZV;75;364;12.4
WRT49GQ9K17R;bdnb-bc-VE15-CWWH-HT4E;bdnb-bg-CHCN-HQEF-XZU6;93;82;5.1
WSEQ26FBZFFK;bdnb-bc-TE51-MG3H-CZJR;bdnb-bg-5F5M-F1JL-R6E1;75;832;16.0
WT4Y2FA3M8P3;bdnb-bc-892S-B4S4-A5SW;bdnb-bg-WB4F-JGMM-2HEM;75;635;5.4
WT7NXB92H91X;bdnb-bc-XQRU-A79C-LSKD;bdnb-bg-TW2H-1NEX-Y2G9;93;868;9.3
WTNMT4GJR9MQ;bdnb-bc-1976-NK9W-89Q4;bdnb-bg-H5AA-SBTW-HUJE;75;1010;10.2
WTZ7FKG3JRSV;bdnb-bc-WP1R-H2FC-UVNG;bdnb-bg-NHB3-GA3Y-E6QE;75;93;15.8
WVBZ1WGX1WD1;bdnb-bc-94S4-E7QP-9V96;bdnb-bg-GQQ4-CMH9-P423;93;98;6.3
WVHMN1XCHAHY;bdnb-bc-394E-BZT1-B99Y;bdnb-bg-LW3Y-7KXJ-AN44;75;847;10.9
WVSH4JMNCPDB;bdnb-bc-DJES-GEPH-E8HJ;bdnb-bg-UB5T-57ZQ-472U;75;123;5.8
WWDXQ4XGTCY9;bdnb-bc-TWVU-TFWB-FV1N;bdnb-bg-384V-PPFT-SLGT;93;132;6.6
WX3Q41ZBTGJA;bdnb-bc-R1TT-RPJN-9E8Q;bdnb-bg-2QX8-GQXF-ZSKH;75;138;25.7
WXGSAVCE21XV;bdnb-bc-QYXW-NA4E-W6US;bdnb-bg-3VFD-QRRJ-B79D;75;709;22.1
WY2FD8S7PE62;bdnb-bc-RZEG-27X1-3K2Z;bdnb-bg-F91F-46SS-B557;75;640;20.6
WY2QCN15GE21;bdnb-bc-3GJN-PVEV-5LY3;bdnb-bg-4NQ9-9N3D-EKAX;75;302;14.9
WYDS6JNMA1W6;bdnb-bc-9B7F-71TG-S4PZ;bdnb-bg-7LYY-ZQF2-CMFX;75;215;3.7
WZ9FSYQSD7N4;bdnb-bc-BAYG-MZ7N-Q3LU;bdnb-bg-QQWM-FU69-18P8;75;1302;15.9
WZHRDNFZ2KRF;bdnb-bc-RRTG-NL2S-B2H8;bdnb-bg-NHB3-GA3Y-E6QE;75;170;5.0
X1Q6SXPKPQPF;bdnb-bc-QJKD-AVQX-5RT9;bdnb-bg-EP44-FPWC-W7QY;75;416;12.5
X2CVXQCXM5NZ;bdnb-bc-JDER-UNV4-CFTD;bdnb-bg-5ED4-VUC4-KYW8;75;1792;6.2
X2WYZYNSP9M2;bdnb-bc-MED6-D5P4-WWJG;bdnb-bg-YTBD-EWX3-WLVP;93;187;2.5
X35CHAGDSD32;bdnb-bc-V6AP-CNTY-4AGR;bdnb-bg-Q49X-MVZJ-DXZF;93;220;3.8
X3ENCR3D52FZ;bdnb-bc-BRGH-4KXU-R55R;bdnb-bg-AHTB-JWDQ-U9FC;75;724;19.0
X441KWY6NTJY;bdnb-bc-F29V-ZTAH-YNS7;bdnb-bg-7AE7-S9AW-6R6V;75;119;10.0
X4C2TY34YBDH;bdnb-bc-8XRV-XZJE-LFWF;bdnb-bg-NHB3-GA3Y-E6QE;75;30;3.0
X4EENW7VYW8M;bdnb-bc-5M51-VQ49-7RT9;bdnb-bg-48Q7-ZCJ6-SQ58;75;21;14.3
X5S5RVPZRYGJ;bdnb-bc-AHAW-V51V-2YU5;bdnb-bg-2BL4-NT6X-XFK6;75;1775;14.3
X6B4HTTR1FR4;bdnb-bc-RXEF-E6G2-CTMV;bdnb-bg-8K27-HCCB-UR1Z;75;472;14.1
X6WQZ5ZXG33D;bdnb-bc-KJ18-F6LF-DKDT;bdnb-bg-1HD8-2PCH-MFJM;75;2647;11.1
X6WQZ5ZXG33D;bdnb-bc-XG9G-7LD1-FFND;bdnb-bg-P83Y-RWTW-XQY8;75;570;11.1
X7966545YQ6E;bdnb-bc-8KAP-YHAW-S4NX;bdnb-bg-UUXR-GBEA-1N22;75;70;12.9
X7RARXXMGAAY;bdnb-bc-CTYM-E4BW-MZ16;bdnb-bg-GZAM-UML9-SMZN;93;67;3.7
X8AVVQ91KR5X;bdnb-bc-L7X1-H1LU-JT3R;bdnb-bg-1AXH-41AJ-8VCT;75;779;6.4
X8CNA9MBHJN3;bdnb-bc-2PDR-BZCU-E9EP;bdnb-bg-ARHM-ZZAH-RRN4;93;2592;9.1
X8G9V77PZBDR;bdnb-bc-88NM-C52R-BA12;bdnb-bg-LMV9-DJSW-UELV;75;125;13.1
X8P74VWX8AJM;bdnb-bc-J2NG-Y8SP-5MSB;bdnb-bg-FBK9-8K11-Q6LA;93;1344;4.6
X8VCXDCJ264A;bdnb-bc-KDCC-HZUL-37GH;bdnb-bg-AP52-Q61N-GXBW;75;849;12.5
X9BVFY5PA6MM;bdnb-bc-R4HA-4F5V-4CBQ;bdnb-bg-384V-PPFT-SLGT;93;23;3.0
X9EZYQVQ7KVX;bdnb-bc-G86Q-NB1A-YSJB;bdnb-bg-F55A-1W2J-5P7K;93;64;
X9EZYQVQ7KVX;bdnb-bc-MU5M-ABTY-Y1FT;bdnb-bg-WGYC-F477-4CMA;93;725;9.8
X9K7E1JWG4AS;bdnb-bc-LS5L-DCE1-4PNQ;bdnb-bg-9QT6-LXPU-R1VQ;75;91;5.9
XA9T1FSRTGXK;bdnb-bc-EYAU-LYAZ-L5MR;bdnb-bg-3PTP-3AXP-K6HC;93;489;7.7
XARMJRBQN9JZ;bdnb-bc-34FX-3SMT-PUSW;bdnb-bg-ZLPF-J8D9-7UGJ;93;53;4.6
XARMKQZXS31G;bdnb-bc-NTAN-GSX5-B717;bdnb-bg-C9KH-84VF-TB7A;75;45;4.4
XAZEQXWDP5ZF;bdnb-bc-DA6H-CUET-ZHLN;bdnb-bg-W9H9-ZJDA-NSPG;93;124;5.3
XBZCG2AACKPC;bdnb-bc-JHNG-J4L2-W9XE;bdnb-bg-ASFH-VBA5-GYTB;93;3007;12.8
XCFN9Q2NMKQ2;bdnb-bc-E9PA-JJH9-3U7W;bdnb-bg-Y3RZ-2RYN-3R23;93;237;4.7
XDBPDTVYR81X;bdnb-bc-WMUW-YQSJ-J634;bdnb-bg-9GAG-JUNJ-HFA2;93;439;6.4
XDDZFPBETNHD;bdnb-bc-5R42-18N4-QGCH;bdnb-bg-9KAE-2KH2-KS6J;75;1369;11.7
XDPFQZC5FX17;bdnb-bc-N34N-BD5C-8Y7B;bdnb-bg-TZK4-R3CS-4GGJ;75;1290;8.5
XE777HFH9XRY;bdnb-bc-5L9J-XJH3-3L55;bdnb-bg-6VAM-QSKV-4D13;75;567;11.2
XEME3S17DKVA;bdnb-bc-C514-SKYM-H7MU;bdnb-bg-ZLPF-J8D9-7UGJ;93;1435;14.2
XF7RNVXA4X4S;bdnb-bc-2QEG-NEGV-URBZ;bdnb-bg-1P3B-YKPY-7BBR;93;97;5.7
XF8MFTRSVVZR;bdnb-bc-KFRQ-CJAG-ZHAQ;bdnb-bg-WB4F-JGMM-2HEM;75;8835;12.8
XF9AC6TK611A;bdnb-bc-Y9EB-BEKM-AKSE;bdnb-bg-7KHJ-64QZ-VWC5;75;30;19.7
XFG522J9P7NF;bdnb-bc-MZJV-95A5-MVZW;bdnb-bg-G5GY-S834-VK62;93;1337;9.3
XFJG2ER2ZCKX;bdnb-bc-XYS5-S3C8-112T;bdnb-bg-C9KH-84VF-TB7A;75;505;17.0
XFMJJZ9CNFMZ;bdnb-bc-7Q2P-CPQ2-NK1Q;bdnb-bg-4HSK-C7TT-7VL2;75;2071;19.7
XFZMEJDQ235N;bdnb-bc-5FUZ-EWNE-KH2U;bdnb-bg-KW95-J1SF-6TRC;75;142;4.4
XHCG81ZD7P1V;bdnb-bc-XFS3-7KPD-DR4V;bdnb-bg-Q4VH-4JFN-U7C9;75;512;21.6
XHMN9RF3KQN6;bdnb-bc-N71F-1EQT-76SX;bdnb-bg-GXX3-3FQS-V9UW;75;52;5.0
XHPFVPX1KAJ6;bdnb-bc-CZYT-A114-Q87R;bdnb-bg-AQX9-Y5GU-T8TN;75;100;17.3
XJ6ZG8KF7HAA;bdnb-bc-KUFD-C2VE-L2CF;bdnb-bg-1SYH-ZQTK-E7TB;75;100;6.9
XJP4PES6JD1X;bdnb-bc-7KWP-C1F3-CWV7;bdnb-bg-898K-3A7T-NN5L;93;261;6.4
XK4SFS5B2XVK;bdnb-bc-Y8F8-DBSR-MYEB;bdnb-bg-HACP-7DYH-S9SX;75;81;5.0
XK62XRN6C7N1;bdnb-bc-YV28-5PJE-3QRR;bdnb-bg-FXDX-F27Y-WYX1;93;2510;12.7
XK8SA1A3SB6G;bdnb-bc-ZKHA-3K2J-12LE;bdnb-bg-4R99-5W6U-PKXM;75;3420;20.3
XKJ3G238T5NE;bdnb-bc-RVXZ-TDHX-DGKE;bdnb-bg-KGT1-BNU6-318C;93;309;12.9
XKX9Y7N1YRJQ;bdnb-bc-2Q54-6LC1-J9RX;bdnb-bg-RS6Z-7FYR-E7FT;75;696;10.7
XM8RDPWE4A2F;bdnb-bc-JERD-DTL6-VNR1;bdnb-bg-5KMB-3PG3-4T8U;93;1859;5.2
XNDJSXEDWW82;bdnb-bc-GKDL-FT78-38F1;bdnb-bg-QBG4-BRED-AJXY;93;1472;12.5
XPV19SFVENC8;bdnb-bc-3D7F-MSGH-MWW3;bdnb-bg-72KC-JTNF-LCD8;75;529;5.9
XQHEE1YVRATA;bdnb-bc-7LN5-SUNA-9Q4D;bdnb-bg-YTBD-EWX3-WLVP;93;237;5.6
XQMD9AXFY75S;bdnb-bc-X6XT-J1M2-HLU2;bdnb-bg-P89H-HTXC-TXKS;75;792;15.1
XQW2223YVJS9;bdnb-bc-QW82-D255-BLS4;bdnb-bg-561P-MHD7-GEQE;93;246;4.6
XQXNDXHPQTQR;bdnb-bc-ZJP5-92J2-4FMZ;bdnb-bg-GL45-A1T8-7WFN;93;842;7.3
XR5T177BMD76;bdnb-bc-EDU6-QUQ9-V89C;bdnb-bg-GHME-JWEE-MG3Z;75;2289;9.5
XR6Y746FAFRJ;bdnb-bc-2RRS-3W5E-ANZ9;bdnb-bg-9554-AS71-VSYW;93;423;8.7
XRA82ZJ4Z9Y9;bdnb-bc-GUDF-BYFR-X8JN;bdnb-bg-JFRV-RKZE-HKJR;75;492;12.7
XRMDWXSKEXKB;bdnb-bc-SL27-BARG-P19S;bdnb-bg-2PLT-L6CG-VLAF;93;138;2.7
XSAA57DNYQ7G;bdnb-bc-RN8K-S2S5-1KA3;bdnb-bg-D4LN-L6Y5-FAJV;75;199;4.0
XSCKGPHWABZQ;bdnb-bc-NGG7-C7DE-867U;bdnb-bg-KYV2-C5S7-AVF7;75;234;7.1
XSQANH3FP7DD;bdnb-bc-TK7R-J47E-EEM4;bdnb-bg-EPJF-QSHX-6J1U;93;603;15.7
XVTTR63GE53G;bdnb-bc-TYVP-RJJF-VC3F;bdnb-bg-ZKUQ-GHBD-JGK4;93;182;6.5
XW3FPQFMX7BA;bdnb-bc-Y6HX-SQQS-4D8S;bdnb-bg-Q6Q6-27A1-TY6N;93;420;13.8
XWFH7A8ZRG2Q;bdnb-bc-QLHX-2F2B-TUVM;bdnb-bg-V3FY-1AJS-5N25;93;2822;16.8
XX5RQP1JCENC;bdnb-bc-ECWK-QH71-FJAF;bdnb-bg-9UU9-PJTQ-22RJ;75;45;5.0
XX8H1ZMAZ5DR;bdnb-bc-LHMC-ZHN3-2PX2;bdnb-bg-P6K2-94J2-2KA6;75;1557;14.8
XYPTZSHVYMW4;bdnb-bc-FBV6-7VL5-HTLK;bdnb-bg-GTXT-EXZU-2SD5;93;69;7.7
XYQQM6D9Q55G;bdnb-bc-67Z1-7RZ7-9Y5E;bdnb-bg-7YVA-F5CW-468A;93;1536;18.5
XZP7BGE4X2GE;bdnb-bc-BGGJ-XCLF-A57B;bdnb-bg-Y31P-HPHU-WV4V;75;270;8.6
XZZCZ4W18QYP;bdnb-bc-83N8-FNRV-LLHU;bdnb-bg-WFH9-GQDN-XH54;75;203;6.7
Y2AWGBF5Y53A;bdnb-bc-YSWS-R648-561T;bdnb-bg-N5ZM-YWHV-RL78;93;663;4.5
Y2MY21C8DMYG;bdnb-bc-7JNC-LTKA-BSN5;bdnb-bg-7G61-UFDR-EANM;75;128;6.4
Y352YNJ8ZDME;bdnb-bc-VFDN-TPSK-WSJF;bdnb-bg-BTFB-1JDY-QD6H;75;1339;10.5
Y36MVDMYW5FH;bdnb-bc-9R8Y-PPZU-XJHK;bdnb-bg-PU6T-PEUV-5KTZ;93;2807;6.5
Y36SVZTD2ZMJ;bdnb-bc-WHHM-5FE7-7QUK;bdnb-bg-AKZ7-5F8Z-MDZC;93;3466;14.7
Y3767HEDCM8B;bdnb-bc-6A6N-AMBS-E8ZJ;bdnb-bg-SRWM-93MC-LW6F;93;1212;9.8
Y3H51CAMJQHY;bdnb-bc-XS4J-EZVP-6KTS;bdnb-bg-75VR-HAXQ-J671;93;3833;8.1
Y3MWXQNKNBGG;bdnb-bc-6EUK-7Z9Z-BB8P;bdnb-bg-KN69-CW4B-5JGZ;93;416;5.9
Y3Q3GXWCBM8A;bdnb-bc-HLSJ-LHUK-635L;bdnb-bg-UF8C-HK7W-5G9K;75;46;5.0
Y46BH98DAAAE;bdnb-bc-33JB-5XAG-U8PG;bdnb-bg-Y31P-HPHU-WV4V;75;505;10.5
Y4SCQJPPZXJD;bdnb-bc-KH4D-MD53-D9SQ;bdnb-bg-4QLX-FP22-YXVD;93;2569;7.9
Y56KEW5NZE27;bdnb-bc-GDSS-46GT-3PG2;bdnb-bg-75H8-RGH9-JUV8;75;107;5.8
Y5KHQAD48RPR;bdnb-bc-LX4U-HUWX-8YXA;bdnb-bg-CN8M-L9H2-DHEK;93;373;3.7
Y5VYTQKP453D;bdnb-bc-HHSU-XBQQ-NHN4;bdnb-bg-T3S9-XPB3-S6GF;75;72;5.0
Y5YD32ARX2YR;bdnb-bc-4MUC-RS3L-51YD;bdnb-bg-7B97-XM6H-3XYK;93;3775;7.0
Y7NZPPSJ8DZH;bdnb-bc-EZTY-BY9C-Z362;bdnb-bg-1DZB-PA5X-RHZ9;93;82;9.2
Y85CDB7P9X95;bdnb-bc-2428-VQXT-63NV;bdnb-bg-V58A-3MZM-YNZF;93;792;10.4
Y88VSG8RFJWE;bdnb-bc-HV7D-G9AB-WR48;bdnb-bg-D2U6-Q6U3-RMJJ;93;2762;8.7
Y8H62Y29TJK8;bdnb-bc-1QCH-SMBQ-KNZN;bdnb-bg-27MP-6YFM-Q6AL;75;111;5.0
Y9453H1JRXSA;bdnb-bc-3H4J-TAUL-SM43;bdnb-bg-PNTF-BX25-74DJ;93;1263;19.9
Y9CRT8JE3FHA;bdnb-bc-3A7W-EHH1-4VWV;bdnb-bg-49RX-W4TM-9CLB;93;82;5.0
Y9VHK2WMFPZ5;bdnb-bc-86H6-581X-QZ9F;bdnb-bg-EV4Z-H9XB-S63M;75;84;6.2
YAWSXGYJZ5XT;bdnb-bc-UFJP-E8R2-P9LW;bdnb-bg-5AYC-RPYM-66T9;75;145;7.6
YB6BJAB66MX3;bdnb-bc-2WNQ-HRRX-K7KG;bdnb-bg-HHT6-WWR8-FVCA;75;142;5.0
YBCY9Z48V253;bdnb-bc-B67U-LN8E-C33F;bdnb-bg-VU97-2NB7-Y6XM;75;195;16.0
YC95R468NN7R;bdnb-bc-96LE-91PP-81D8;bdnb-bg-P7L3-BQ7L-2X81;93;761;16.9
YCS2S2ZXHXRW;bdnb-bc-6AH6-Q7JW-92PQ;bdnb-bg-WUVQ-HV1Y-GLYH;75;150;5.5
YD4WQYRKM26G;bdnb-bc-YBNV-PFQV-RCJF;bdnb-bg-EYU9-YP33-XY26;75;157;13.6
YDDPJ6PH83TB;bdnb-bc-Z63K-CYKZ-AWHJ;bdnb-bg-JDLU-ATK6-H6MU;93;143;5.2
YDKWYB8B4AKM;bdnb-bc-SE6R-G517-THW2;bdnb-bg-ZLPF-J8D9-7UGJ;93;369;5.0
YDRQEQN28Q72;bdnb-bc-8CMN-R4PK-5ZNC;bdnb-bg-1Z8T-EGAT-8XNQ;75;33;4.8
YE4BGCE9EVMK;bdnb-bc-CTMR-XS5T-GS45;bdnb-bg-KGPA-HCGC-WTQP;93;181;3.6
YE56R5J79PBD;bdnb-bc-1X3K-438Q-ZBD5;bdnb-bg-JHG9-P9JX-676R;75;1681;22.7
YEEG6JTS3TS2;bdnb-bc-84HR-U1DV-8974;bdnb-bg-9EMA-UCEP-YWEP;75;1712;12.8
YEHDYG1NHHHX;bdnb-bc-6QHA-YEP7-3WSS;bdnb-bg-FFG4-3BXD-D5F6;93;51;5.9
YF77PVH43VTR;bdnb-bc-YN53-61PB-XM3Y;bdnb-bg-5PKD-3E9V-DSZ8;75;628;9.8
YFG18YHY472V;bdnb-bc-2FSZ-BBGC-N1AG;bdnb-bg-QT2U-V3GX-QS14;75;51;6.8
YGD16ZPMFDD4;bdnb-bc-WK9B-5WGX-5UBL;bdnb-bg-Q3CJ-G7QN-NQKP;75;4067;14.6
YGDSH4468EMW;bdnb-bc-5NKU-VKLL-36VM;bdnb-bg-8RAR-GDTE-1CP6;75;261;14.4
YGXXWNTQ5TRF;bdnb-bc-R4KT-2Z3M-EMSQ;bdnb-bg-M7HD-UYJR-6A22;93;60;9.8
YH27WXVCPBF9;bdnb-bc-TCEZ-332L-RMRV;bdnb-bg-MAND-UQA5-QF1J;75;1758;21.1
YHZN9PJ9D25E;bdnb-bc-BU4S-5JV8-E6DT;bdnb-bg-HWC1-1L84-LM6X;75;541;12.5
YK1H96PNQ1XT;bdnb-bc-2CNM-B2SG-6U2S;bdnb-bg-PJFJ-E5WJ-8QXX;93;2641;12.2
YK35KES93GWH;bdnb-bc-B7K9-WHPN-6KAA;bdnb-bg-9KBC-APVA-YF5T;93;21;3.0
YKKWSYY9G5BD;bdnb-bc-S6GE-2RQ9-5CXS;bdnb-bg-N16C-S29Z-AKNY;75;172;6.2
YKNQSH7SVTV9;bdnb-bc-257W-2SQY-YKB3;bdnb-bg-8S8X-GJTQ-ZSE2;93;248;14.6
YKXTFXWPGTGP;bdnb-bc-ZB9J-39SB-D5HK;bdnb-bg-JZRT-41JP-A7GL;75;168;7.6
YM16KSBSF6EP;bdnb-bc-766M-F7FP-QT25;bdnb-bg-SDJQ-CCZJ-5VKQ;75;1047;11.3
YMR6G9BDMZDJ;bdnb-bc-YJM9-8JKB-ZWU4;bdnb-bg-K8DM-5ZUW-L65J;93;384;9.1
YMT98BVHCXAH;bdnb-bc-H15R-WP37-4MEG;bdnb-bg-QEZJ-XZB2-3B1D;75;1061;9.4
YNC37VS8S8RN;bdnb-bc-KDYD-SYM3-R26H;bdnb-bg-YZKH-SYTV-S5RT;75;336;3.6
YPNRPRRSYXXZ;bdnb-bc-Y6NM-VHQ5-N18K;bdnb-bg-XEBW-EV5N-8R1F;75;404;12.4
YQ1KK3YY94WR;bdnb-bc-SLSV-UU56-692J;bdnb-bg-TD9Z-MN19-FLCA;75;508;17.7
YQJ3HAKSSRNG;bdnb-bc-RAYZ-GVBH-GZUD;bdnb-bg-Y1K7-LHU6-D32X;75;438;19.2
YR62YPWNE6AR;bdnb-bc-9PZ5-HT2L-P6ZN;bdnb-bg-JG2E-EPES-Q8UP;75;2786;10.0
YR8B1ND64E9G;bdnb-bc-ELT7-4KV8-2X9C;bdnb-bg-PNTF-BX25-74DJ;93;60;5.0
YRM4QQZ3KN5T;bdnb-bc-88CB-9W2N-3PPK;bdnb-bg-4RD4-J5RC-D68T;93;1437;4.0
YSAAAGDHJCRT;bdnb-bc-PWSP-VCZR-5N77;bdnb-bg-V3FY-1AJS-5N25;93;1431;14.5
YSN1BGKG2892;bdnb-bc-X75H-CB9J-J9HT;bdnb-bg-SV42-R8X5-Z25M;75;131;2.5
YSVMWH3DQMF8;bdnb-bc-UT9F-EGU1-EHPZ;bdnb-bg-1P3B-YKPY-7BBR;93;3444;6.0
YTGDXETCHYKM;bdnb-bc-L7A1-RD7N-UC6W;bdnb-bg-F1NC-75S8-BT4N;93;753;3.8
YTVWBFCJV7PM;bdnb-bc-D4JN-AFRB-WC9R;bdnb-bg-L969-ATW6-RXT4;75;951;14.2
YV4G4RFBN8VK;bdnb-bc-J33Z-PYFJ-UZJR;bdnb-bg-UQ2Q-2WVU-B1C9;75;571;12.1
YV5FM89ED4FY;bdnb-bc-9V85-KBTX-R55Y;bdnb-bg-8S8X-GJTQ-ZSE2;93;995;5.0
YWDAHX9BR6MT;bdnb-bc-TF68-LETP-FU4V;bdnb-bg-4RWY-GUPX-HGET;75;477;20.2
YWFKRMY59TTF;bdnb-bc-B5AF-Q1TQ-GQDE;bdnb-bg-DZB9-77DA-3E6Z;75;959;21.6
YWGJQENJG7GS;bdnb-bc-EMQ7-226G-BL59;bdnb-bg-W52D-3HJA-B8HS;75;290;4.9
YWJJMWCVRPAG;bdnb-bc-GKX3-VN4Z-KNB7;bdnb-bg-BXVQ-PTZ9-Q11M;93;839;6.5
YX4CC7GGGDPR;bdnb-bc-CFTT-E4DZ-YLHQ;bdnb-bg-2W5G-GJQY-T4L1;93;940;3.1
YX6P92WFTX6J;bdnb-bc-7J8M-8DRW-6M9R;bdnb-bg-1DZB-PA5X-RHZ9;93;317;7.3
YXBZN6NCKRF4;bdnb-bc-9AV1-SQW8-UVC2;bdnb-bg-PTPA-QTLF-314W;75;97;7.1
YXHGS7F15145;bdnb-bc-LNC2-LKRC-XQN9;bdnb-bg-KXB8-KAN2-G59P;75;683;10.0
YY6YSM4P93M7;bdnb-bc-6BNX-NK3S-Y5WZ;bdnb-bg-GU88-9ZYW-FLF9;75;770;6.7
YYCQDNTDYPWR;bdnb-bc-42AK-EU7L-S3Y2;bdnb-bg-YXM2-87V5-L5YN;75;811;17.8
YYFNFANG3M73;bdnb-bc-99NE-E748-U618;bdnb-bg-DYMM-G84C-RWFK;93;1292;23.1
YYTVGFZV3WZ2;bdnb-bc-5YDZ-RS8F-1P6U;bdnb-bg-F3MJ-QL4Q-98UK;93;52;4.8
YZ941S6ATRAW;bdnb-bc-RRL8-D96V-J697;bdnb-bg-W52D-3HJA-B8HS;75;160;6.8
YZXQ1ABWYCYE;bdnb-bc-PX9J-T2VR-SHRR;bdnb-bg-K9WQ-H1WE-HA9Q;75;859;9.9
Z1TAHVD6ZDXN;bdnb-bc-KKVD-RRM6-CFU2;bdnb-bg-45HS-BLE7-CATR;75;1733;15.6
Z24Z6Z2Z9MA9;bdnb-bc-QH9F-NV78-S8EE;bdnb-bg-7KCR-XKYE-FJUN;75;82;3.4
Z2JCS2YTDMKQ;bdnb-bc-M4HD-KQSK-6XRV;bdnb-bg-F24W-9VSQ-2K5E;75;39;5.0
Z2M9NQNTK7R7;bdnb-bc-2K9U-MG4C-U9ZW;bdnb-bg-R2VD-JJVN-UKX7;75;221;20.8
Z2YJZYARK2C7;bdnb-bc-TMFM-CC8G-VAH2;bdnb-bg-NAU9-5RLR-GHSK;93;1179;5.3
Z4JND9QK875X;bdnb-bc-XR3D-NHZ1-7HVZ;bdnb-bg-76RQ-W7VK-RXVM;93;1527;5.2
Z4S3CGMGX6P2;bdnb-bc-V3Y5-4288-PV1W;bdnb-bg-HB8U-8MRM-HPJR;75;428;16.2
Z53Z1QJHNJ3Y;bdnb-bc-94GF-6BYV-4VBU;bdnb-bg-DTA2-68AE-43AY;75;105;4.8
Z54VZ2GDKD4J;bdnb-bc-1EGQ-S5BS-K5EY;bdnb-bg-LF5Z-19WE-TRCU;75;698;20.3
Z5NNFGQFP8HC;bdnb-bc-J7LK-BN9C-68GC;bdnb-bg-3VFD-QRRJ-B79D;75;295;22.4
Z69CQ5MP9SBK;bdnb-bc-W5XA-7NZV-73N2;bdnb-bg-GYWX-4FJ6-BNLK;93;2041;9.8
Z6E6PGS5TSK3;bdnb-bc-9MR3-J3TB-RD9Z;bdnb-bg-S5J4-TRUM-VRR8;93;1776;4.9
Z6EZYFJFK45B;bdnb-bc-9SQ3-88RJ-FJNV;bdnb-bg-NQ7X-4S8A-EHGN;75;560;4.2
Z6EZYFJFK45B;bdnb-bc-P77F-2QQE-6AQQ;bdnb-bg-NQ7X-4S8A-EHGN;75;9812;8.7
Z6QJTV2YS2C3;bdnb-bc-EN4P-49SM-8TAB;bdnb-bg-1M5B-B9PA-AGZS;75;1459;24.1
Z77Q5RS9W2ES;bdnb-bc-T76A-96VP-YFHC;bdnb-bg-2BKW-X9U8-RFKN;75;1080;13.7
Z787TJ5A9WW7;bdnb-bc-19HX-PM41-4S3X;bdnb-bg-53XK-SMQ6-VWKZ;93;31;9.6
Z812QHR7JE5K;bdnb-bc-1VQX-FQY6-TUKV;bdnb-bg-MYZY-836E-59KV;93;742;5.8
Z8X5QAPGVJE4;bdnb-bc-SNWA-2FC3-EWL8;bdnb-bg-RB2X-GLKV-J884;93;989;12.4
Z93ABAV8JBCR;bdnb-bc-WXJK-L44J-4XVP;bdnb-bg-HCNZ-H51R-BSXQ;93;169;3.3
Z9BT8E5CPCJA;bdnb-bc-5CJS-RLCN-S29T;bdnb-bg-PNTF-BX25-74DJ;93;888;16.7
Z9HSP7XNPA7T;bdnb-bc-983X-TD8F-DF4Q;bdnb-bg-8EZZ-RET1-7MLE;75;629;7.5
Z9W14HMB1DY4;bdnb-bc-Q6PS-ES93-EZTC;bdnb-bg-7ZQ9-Z463-8K9H;93;154;5.8
ZA5PZDTPMS6C;bdnb-bc-N4HJ-3KLA-LTJ6;bdnb-bg-AUN5-KFHX-Q4S1;93;1321;3.9
ZA8VXE4VBHKK;bdnb-bc-NBAT-6T2W-C154;bdnb-bg-QYGS-RZYM-6F6U;93;109;2.9
ZA95MVW91M8D;bdnb-bc-HY1K-PX41-NVJT;bdnb-bg-LCBG-G63G-L52Z;75;177;32.0
ZAA1N2RTPPKV;bdnb-bc-RWH4-DG4N-B5D4;bdnb-bg-BULP-WWXH-CF1Z;93;2288;6.4
ZACDTDQ6P8D6;bdnb-bc-N3ZU-W5W4-L6F2;bdnb-bg-CS2E-7SCJ-G4E7;93;617;4.0
ZAYCYQ2EGC8Z;bdnb-bc-MD1T-M3FS-DMD8;bdnb-bg-6B1Y-AWLC-L63E;75;403;16.0
ZB7VFAMT1FYK;bdnb-bc-LG41-1RBH-QFLL;bdnb-bg-9QT6-LXPU-R1VQ;75;1210;11.1
ZBVRYPMNY338;bdnb-bc-JKXH-P4RA-2PGQ;bdnb-bg-2JTK-C3LL-5398;93;716;2.0
ZCCKYQVVXQNN;bdnb-bc-3LK2-DXZV-T8S8;bdnb-bg-ZLPF-J8D9-7UGJ;93;55;4.6
ZCR9NB1HJ9XK;bdnb-bc-XT5H-NX5P-GLND;bdnb-bg-SV42-R8X5-Z25M;75;468;15.3
ZCRMBV7ABGPC;bdnb-bc-XX1B-8CAL-K1LW;bdnb-bg-E2EZ-1X5D-F377;93;715;8.4
ZCWVVK18FBZM;bdnb-bc-SDHD-JGKB-E6NK;bdnb-bg-HACP-7DYH-S9SX;75;223;17.5
ZD4Z71XMCWH2;bdnb-bc-P9VF-GDYU-CR86;bdnb-bg-YXW1-2YG5-PFVU;75;1313;7.6
ZEBN2CAH58KB;bdnb-bc-S1WV-H85Z-SZ5X;bdnb-bg-F1NC-75S8-BT4N;93;123;6.0
ZEFVBGX1KXCM;bdnb-bc-SYXL-JMDG-2U7H;bdnb-bg-KGPA-HCGC-WTQP;93;181;5.4
ZEYRC8374CVT;bdnb-bc-U2HS-LN7C-JY8S;bdnb-bg-7LYY-ZQF2-CMFX;75;307;17.3
ZFHJ8W7GSMZF;bdnb-bc-W975-3W85-8BAE;bdnb-bg-V1DX-BFU8-SCH1;93;127;5.0
ZGS3GD2A3M4E;bdnb-bc-UWQF-WXQM-XFHU;bdnb-bg-WXSE-NEQH-6H2W;75;1406;3.3
ZGT2KP58VNPB;bdnb-bc-YTW1-H4TG-R8RP;bdnb-bg-SZJA-CQ69-KE2S;75;254;2.2
ZGTQ7SBQXR8G;bdnb-bc-7S1D-2KWT-D7B7;bdnb-bg-T9FR-3Q9L-6TCA;93;62;2.5
ZGZG95Y42RZV;bdnb-bc-WPJE-KD1D-TPCU;bdnb-bg-6DZX-5XZT-CRCQ;93;1806;11.7
ZHKQHF4T8NJ2;bdnb-bc-45Q5-75F6-8BBX;bdnb-bg-XLW3-QWZY-DQ65;75;41;10.2
ZJ6A7MFH1X6N;bdnb-bc-29EL-P1PF-UDQQ;bdnb-bg-7G61-UFDR-EANM;75;144;12.4
ZJN261K4YD2S;bdnb-bc-7HWM-8K5Y-PZJV;bdnb-bg-12MU-PJXE-DC9S;75;1001;24.3
ZJRKAGPQAWTV;bdnb-bc-N21K-ADRD-1FD5;bdnb-bg-RGE1-SE9U-E25S;93;28;3.0
ZK2D7B45M5RT;bdnb-bc-WKXA-1B3W-QBJ6;bdnb-bg-Y4D2-X83R-EK7X;93;2576;5.4
ZK6M4JDRWY5M;bdnb-bc-RHGF-MQVJ-A1SX;bdnb-bg-2PWL-UVAT-1MA2;75;1008;6.9
ZKZHHQ5GR7MB;bdnb-bc-FVA3-EPXF-6MYV;bdnb-bg-MPU3-NSYQ-ZL5D;93;1880;20.0
ZMWFBEAG7V8B;bdnb-bc-CX6U-B318-K8NX;bdnb-bg-AU8E-L5A2-7DCG;93;545;5.0
ZMYYWJ6CS31K;bdnb-bc-KKXH-4T97-MW1R;bdnb-bg-2RJ9-1CFC-H1GF;93;195;5.7
ZN4WNZABZA3W;bdnb-bc-2ESJ-ASQ9-PLA9;bdnb-bg-LGQ3-4NYW-YNA4;93;149;7.2
ZN7KBP2JFEEX;bdnb-bc-5BZ5-19QZ-62DC;bdnb-bg-EVQA-3BHS-HUBE;75;27;8.6
ZNEBF9WYCDWD;bdnb-bc-WW22-SQJ5-L2SF;bdnb-bg-N7B2-JYYE-KXL4;93;91;5.7
ZNTVYWRHNFNZ;bdnb-bc-BBAJ-V1KM-FZJD;bdnb-bg-UF38-LCGF-MGV1;93;441;4.5
ZNZYMGSP2JE4;bdnb-bc-CQ23-GR7Z-ATPQ;bdnb-bg-F69X-WSRP-X6SM;75;689;23.7
ZP161Y5E2ZFG;bdnb-bc-P77X-46FY-YYWR;bdnb-bg-49Z2-2FKC-YDJX;75;569;16.6
ZP5XG5RM3H37;bdnb-bc-RXJW-279J-MQSW;bdnb-bg-GQQ4-CMH9-P423;93;66;1.9
ZPNNVMGG3N28;bdnb-bc-DUZZ-DKDA-U3NU;bdnb-bg-XLW3-QWZY-DQ65;75;128;5.2
ZPVAV1N6RE3T;bdnb-bc-C3G4-488K-S9LU;bdnb-bg-APNU-THMQ-SES9;75;140;4.5
ZPYRB1DR6N51;bdnb-bc-W388-Y1BM-BM9D;bdnb-bg-JWNV-4ZGW-3NPK;75;583;23.8
ZQCAFT54VKMP;bdnb-bc-8E4M-AYB4-GD2Z;bdnb-bg-2LM9-HTHS-PM2T;75;93;6.4
ZRDZ5P95HWGJ;bdnb-bc-CMUG-LQ48-S3KG;bdnb-bg-XLRA-W6W5-49WY;75;163;21.5
ZRXEHB4R25NZ;bdnb-bc-73DQ-C56Q-QE4W;bdnb-bg-QL8T-MWNV-4THM;75;40;13.0
ZS39JZRDGFMD;bdnb-bc-BKS7-ZJ2S-RUE2;bdnb-bg-61FH-LSWQ-SHFR;75;104;4.9
ZS8FR98EWW98;bdnb-bc-MN6J-G8RC-CBDS;bdnb-bg-7G61-UFDR-EANM;75;952;16.9
ZSSJR4AKP178;bdnb-bc-3G27-Z8KG-4SLE;bdnb-bg-ZE65-MATQ-5Q5E;75;652;15.1
ZSZ5PSVDNSNQ;bdnb-bc-1SS7-ED8Y-9SEK;bdnb-bg-MQSP-P2RG-Q7UT;93;65;4.3
ZT6N2R3ETH9A;bdnb-bc-TL5M-5GTD-VZZN;bdnb-bg-XLW3-QWZY-DQ65;75;389;4.6
ZTFFNWQKPH3N;bdnb-bc-XX4H-BF7B-X5NB;bdnb-bg-GZAM-UML9-SMZN;93;97;7.1
ZTR3S9ZTKAJS;bdnb-bc-8AE9-SVA4-8G5H;bdnb-bg-KCCL-V8ND-E3Q9;75;126;4.5
ZTWJJFNSJA4Q;bdnb-bc-T7PD-U8Z7-H1SX;bdnb-bg-VJG5-LWDZ-G9XS;75;534;8.4
ZTY7YEE65MNG;bdnb-bc-8AQJ-A4M3-KAEH;bdnb-bg-VJG5-LWDZ-G9XS;75;237;5.9
ZVMSKCVS5KKZ;bdnb-bc-VNKQ-V2SC-1AGK;bdnb-bg-QKCY-MUEB-P4CM;75;697;13.0
ZVSEB53ARXF4;bdnb-bc-78KV-HEY5-XM72;bdnb-bg-PUMT-D3ZL-R89L;75;50;11.3
ZWF9BJJN71PG;bdnb-bc-K155-GJR3-TKMW;bdnb-bg-KZTS-UJRD-WGSW;75;1075;8.4
ZWVDGHYX131K;bdnb-bc-RHGG-U6GD-CUEL;bdnb-bg-2W5G-GJQY-T4L1;93;1353;3.7
ZYD4HET82NDT;bdnb-bc-2BJM-NUZQ-S7ZH;bdnb-bg-NB1A-4E29-EZDM;75;3536;19.0
ZYFRD2FRSH3A;bdnb-bc-X5MN-S48Y-LPZM;bdnb-bg-KGT1-BNU6-318C;93;55;11.4
ZZ8C5PBXMF1H;bdnb-bc-R169-D1ZU-NEUL;bdnb-bg-XKH5-9MCE-GL35;75;593;4.8
