numero_uai;rnb_id;appellation_officielle;code_departement;categorie;nature_uai_libe;libelle_commune;date_ouverture;batiment_construction_id;batiment_groupe_id;code_departement_insee;s_geom_cstr;hauteur;libelle_commune_insee;annee_construction;annee_construction_dpe;classe_bilan_dpe;classe_conso_energie_dpe_tertiaire;mat_mur_txt;mat_toit_txt;nb_niveau;hauteur_mean;surface_emprise_sol;usage_niveau_1_txt;usage_principal_bdnb_open;l_denomination_proprietaire
0930117X;V9FCPT5KKA7W;Lycée général et Technologique Le Corbusier;093;lycée;LYCEE ENSEIGNT GENERAL ET TECHNOLOGIQUE;Aubervilliers;1965-05-01;bdnb-bc-PPVP-HD4R-4LQL;bdnb-bg-WSN4-WP9S-2RF7;93;8179.0;18.6;Aubervilliers;;;;;INDETERMINE;INDETERMINE;4.0;19.0;8179.0;Résidentiel collectif;Tertiaire;"[""REGION ILE DE FRANCE""]"
0930215D;ADVHEEVDGJ7N;Ecole élémentaire Joliot-Curie;093;école;ECOLE DE NIVEAU ELEMENTAIRE;Aubervilliers;1965-05-01;bdnb-bc-GZ3F-625Y-BDAX;bdnb-bg-7N3S-VSEY-CHMZ;93;838.0;14.6;Aubervilliers;;;;;;;;11.0;1563.0;;Tertiaire;
0930215D;CBDE337HFGNT;Ecole élémentaire Joliot-Curie;093;école;ECOLE DE NIVEAU ELEMENTAIRE;Aubervilliers;1965-05-01;bdnb-bc-FUJD-AAT8-ZARH;bdnb-bg-7N3S-VSEY-CHMZ;93;725.0;7.8;Aubervilliers;;;;;;;;11.0;1563.0;;Tertiaire;
0930215D;6297GVHV9C38;Ecole élémentaire Joliot-Curie;093;école;ECOLE DE NIVEAU ELEMENTAIRE;Aubervilliers;1965-05-01;bdnb-bc-7JSE-X29Q-EHVD;bdnb-bg-6XEX-HLLT-JH69;93;139.0;7.2;Aubervilliers;1958.0;;;;BETON;BETON;4.0;7.0;139.0;Résidentiel individuel;Tertiaire;"[""COMMUNE DE SAINT-DENIS""]"
0930379G;SB8P7N5YC8TK;Ecole élémentaire Honoré de Balzac;093;école;ECOLE DE NIVEAU ELEMENTAIRE;Aubervilliers;1965-05-01;bdnb-bc-DK74-YPBW-7H8F;bdnb-bg-CBFA-7YYU-UWMG;93;1148.0;9.9;Aubervilliers;;2023.0;C;;INDETERMINE;INDETERMINE;3.0;11.0;3494.0;Tertiaire & Autres;Tertiaire;"[""COMMUNE DE SAINT-DENIS""]"
0930445D;MP1MFXH12FHG;Ecole maternelle Marc Bloch;093;école;ECOLE MATERNELLE;Aubervilliers;1965-05-01;bdnb-bc-RXNP-CEUB-MP9A;bdnb-bg-KQY8-P92R-75MA;93;921.0;6.9;Aubervilliers;2009.0;;;;BRIQUES;INDETERMINE;2.0;7.0;4786.0;Tertiaire & Autres;Tertiaire;"[""COMMUNE DE SAINT-DENIS""]"
0931185H;YDKWYB8B4AKM;Collège Gabriel Péri;093;collège;COLLEGE;Aubervilliers;1970-03-25;bdnb-bc-SE6R-G517-THW2;bdnb-bg-ZLPF-J8D9-7UGJ;93;369.0;5.0;Aubervilliers;;;;D;;;;5.0;5748.0;;Tertiaire;
0931185H;HSMY7RGCQ59S;Collège Gabriel Péri;093;collège;COLLEGE;Aubervilliers;1970-03-25;bdnb-bc-BZMK-ZHYA-NA61;bdnb-bg-ZLPF-J8D9-7UGJ;93;84.0;4.6;Aubervilliers;;;;D;;;;5.0;5748.0;;Tertiaire;
0931185H;8M88W4ME5BJS;Collège Gabriel Péri;093;collège;COLLEGE;Aubervilliers;1970-03-25;bdnb-bc-P4AT-SFYJ-PBTJ;bdnb-bg-ZLPF-J8D9-7UGJ;93;283.0;4.7;Aubervilliers;;;;D;;;;5.0;5748.0;;Tertiaire;
0931185H;HPG1G9CWECWS;Collège Gabriel Péri;093;collège;COLLEGE;Aubervilliers;1970-03-25;bdnb-bc-GQKE-J2UF-8THD;bdnb-bg-ZLPF-J8D9-7UGJ;93;108.0;4.7;Aubervilliers;;;;D;;;;5.0;5748.0;;Tertiaire;
0931185H;ZCCKYQVVXQNN;Collège Gabriel Péri;093;collège;COLLEGE;Aubervilliers;1970-03-25;bdnb-bc-3LK2-DXZV-T8S8;bdnb-bg-ZLPF-J8D9-7UGJ;93;55.0;4.6;Aubervilliers;;;;D;;;;5.0;5748.0;;Tertiaire;
0931185H;39BD6WSAEDBJ;Collège Gabriel Péri;093;collège;COLLEGE;Aubervilliers;1970-03-25;bdnb-bc-9F4X-L7DE-UGT9;bdnb-bg-ZLPF-J8D9-7UGJ;93;55.0;4.8;Aubervilliers;;;;D;;;;5.0;5748.0;;Tertiaire;
0931185H;1WCN4M58B7NC;Collège Gabriel Péri;093;collège;COLLEGE;Aubervilliers;1970-03-25;bdnb-bc-F91L-KM1E-JMH5;bdnb-bg-ZLPF-J8D9-7UGJ;93;255.0;4.6;Aubervilliers;;;;D;;;;5.0;5748.0;;Tertiaire;
0931185H;VC6JHKEPPAKY;Collège Gabriel Péri;093;collège;COLLEGE;Aubervilliers;1970-03-25;bdnb-bc-184A-UFUU-J9MF;bdnb-bg-ZLPF-J8D9-7UGJ;93;164.0;4.1;Aubervilliers;;;;D;;;;5.0;5748.0;;Tertiaire;
0931185H;332B3JXBZNRA;Collège Gabriel Péri;093;collège;COLLEGE;Aubervilliers;1970-03-25;bdnb-bc-WWU6-P694-LKP2;bdnb-bg-ZLPF-J8D9-7UGJ;93;257.0;3.6;Aubervilliers;;;;D;;;;5.0;5748.0;;Tertiaire;
0931185H;66ZVT7T647C2;Collège Gabriel Péri;093;collège;COLLEGE;Aubervilliers;1970-03-25;bdnb-bc-G96M-HQQ4-SAYQ;bdnb-bg-ZLPF-J8D9-7UGJ;93;89.0;4.1;Aubervilliers;;;;D;;;;5.0;5748.0;;Tertiaire;
0931185H;B79SA8QAT8A4;Collège Gabriel Péri;093;collège;COLLEGE;Aubervilliers;1970-03-25;bdnb-bc-PHU7-RUJ4-YVTV;bdnb-bg-ZLPF-J8D9-7UGJ;93;1281.0;5.1;Aubervilliers;;;;D;;;;5.0;5748.0;;Tertiaire;
0931185H;XARMJRBQN9JZ;Collège Gabriel Péri;093;collège;COLLEGE;Aubervilliers;1970-03-25;bdnb-bc-34FX-3SMT-PUSW;bdnb-bg-ZLPF-J8D9-7UGJ;93;53.0;4.6;Aubervilliers;;;;D;;;;5.0;5748.0;;Tertiaire;
0931185H;FV2C8VW6DX6S;Collège Gabriel Péri;093;collège;COLLEGE;Aubervilliers;1970-03-25;bdnb-bc-67V4-FYGR-5SP7;bdnb-bg-ZLPF-J8D9-7UGJ;93;41.0;5.0;Aubervilliers;;;;D;;;;5.0;5748.0;;Tertiaire;
0931185H;EGS6M9WM3JQJ;Collège Gabriel Péri;093;collège;COLLEGE;Aubervilliers;1970-03-25;bdnb-bc-FX97-41CZ-TRMK;bdnb-bg-5EGC-963J-S31P;93;113.0;6.8;Aubervilliers;1940.0;;;D;BETON;BETON;1.0;7.0;113.0;Résidentiel individuel;Tertiaire;"[""COMMUNE DE SAINT-DENIS""]"
0931185H;XEME3S17DKVA;Collège Gabriel Péri;093;collège;COLLEGE;Aubervilliers;1970-03-25;bdnb-bc-C514-SKYM-H7MU;bdnb-bg-ZLPF-J8D9-7UGJ;93;1435.0;14.2;Aubervilliers;;;;D;;;;5.0;5748.0;;Tertiaire;
0931185H;MP4JTGRTQJSW;Collège Gabriel Péri;093;collège;COLLEGE;Aubervilliers;1970-03-25;bdnb-bc-JT8J-SJVS-EUK6;bdnb-bg-ZLPF-J8D9-7UGJ;93;118.0;4.8;Aubervilliers;;;;D;;;;5.0;5748.0;;Tertiaire;
0931185H;QNQZY1GCPY6E;Collège Gabriel Péri;093;collège;COLLEGE;Aubervilliers;1970-03-25;bdnb-bc-1BER-VU2S-14QP;bdnb-bg-ZLPF-J8D9-7UGJ;93;430.0;4.8;Aubervilliers;;;;D;;;;5.0;5748.0;;Tertiaire;
0931185H;KHP6D1SB37EG;Collège Gabriel Péri;093;collège;COLLEGE;Aubervilliers;1970-03-25;bdnb-bc-W8XM-AU37-7BZ3;bdnb-bg-ZLPF-J8D9-7UGJ;93;642.0;6.5;Aubervilliers;;;;D;;;;5.0;5748.0;;Tertiaire;
0931185H;K6Y46X6DYBKC;Collège Gabriel Péri;093;collège;COLLEGE;Aubervilliers;1970-03-25;bdnb-bc-XEPZ-VU6E-LSPT;bdnb-bg-Y2W2-DLDG-CZ8S;93;112.0;4.6;Aubervilliers;1966.0;;;D;BETON;BETON;2.0;5.0;112.0;Résidentiel collectif;Tertiaire;"[""COMMUNE DE SAINT-DENIS""]"
0931185H;41FMW3JSW9R9;Collège Gabriel Péri;093;collège;COLLEGE;Aubervilliers;1970-03-25;bdnb-bc-1AKV-LA1S-NXEG;bdnb-bg-ZLPF-J8D9-7UGJ;93;30.0;3.0;Aubervilliers;;;;D;;;;5.0;5748.0;;Tertiaire;
0931250D;PFS7SCDV2VVG;Ecole élémentaire Paul Langevin;093;école;ECOLE DE NIVEAU ELEMENTAIRE;Bobigny;1970-05-08;bdnb-bc-59N8-NTBM-FYF7;bdnb-bg-ZYM6-U2Y8-5P7N;93;792.0;5.8;Bobigny;1955.0;;;;BETON;TUILES;3.0;6.0;1308.0;Tertiaire & Autres;Tertiaire;"[""COMMUNE DE BOBIGNY""]"
0931556L;3PQ12969F1F3;Ecole maternelle Jean de La Fontaine;093;école;ECOLE MATERNELLE;Bobigny;1974-05-14;bdnb-bc-URPE-9L51-CLM7;bdnb-bg-2XLJ-67DJ-3L1C;93;1795.0;2.6;Bobigny;;;;D;;;;4.0;2333.0;;Tertiaire;
0931577J;QEP69ZR19NWN;Ecole élémentaire Jean-Jacques Rousseau;093;école;ECOLE DE NIVEAU ELEMENTAIRE;Bobigny;1975-04-30;bdnb-bc-XAMA-34TX-NQ4W;bdnb-bg-CWXE-SCTL-2ZGD;93;2050.0;6.1;Bobigny;1975.0;;D;D;BETON - BRIQUES;BETON;3.0;6.0;2050.0;Résidentiel collectif;Tertiaire;"[""COMMUNE DE BOBIGNY""]"
0931581N;GN64NN618Z6P;Ecole élémentaire Lacepède 2;093;école;ECOLE DE NIVEAU ELEMENTAIRE;Epinay-sur-Seine;1975-04-30;bdnb-bc-H3YH-QH8H-7DA7;bdnb-bg-738A-MK75-7V3R;93;1494.0;2.6;Épinay-sur-Seine;2009.0;;;;INDETERMINE;INDETERMINE;1.0;3.0;1494.0;Tertiaire & Autres;Tertiaire;"[""COMMUNE D EPINAY SUR SEINE""]"
0932412S;5MTKVVR6K8T3;Ecole maternelle Angela Davis;093;école;ECOLE MATERNELLE;Aubervilliers;2005-09-01;bdnb-bc-XL5G-U4QT-4HXL;bdnb-bg-UZF9-GGXU-T1E8;93;1067.0;9.5;Aubervilliers;1958.0;;;;BETON;TUILES;9.0;13.0;6472.0;Résidentiel collectif;Tertiaire;"[""OFFICE PUBLIC HABITAT""]"
0932588H;NR4SJCZHBHZ3;Ecole élémentaire Auguste Delaune;093;école;ECOLE DE NIVEAU ELEMENTAIRE;Bobigny;2014-09-01;bdnb-bc-VZE6-NZ75-XC61;bdnb-bg-MVTY-N1T3-FY2Q;93;5268.0;13.8;Bobigny;2010.0;;;;INDETERMINE;INDETERMINE;1.0;9.0;6811.0;Tertiaire & Autres;Tertiaire;"[""COMMUNE DE BOBIGNY""]"
0932614L;6JMZCKC5Z2P4;Ecole primaire Malala Yousafzai;093;école;ECOLE DE NIVEAU ELEMENTAIRE;Aubervilliers;2015-09-01;bdnb-bc-91MZ-B44R-PWCC;bdnb-bg-2Y78-6LQC-7293;93;611.0;15.5;Aubervilliers;2012.0;;;;INDETERMINE;INDETERMINE;1.0;16.0;611.0;Tertiaire & Autres;Tertiaire;
0932614L;6JMZCKC5Z2P4;Ecole primaire Malala Yousafzai;093;école;ECOLE DE NIVEAU ELEMENTAIRE;Aubervilliers;2015-09-01;bdnb-bc-9ZFZ-9W2D-JRNH;bdnb-bg-A9TK-KVUX-LPNV;93;936.0;15.5;Aubervilliers;2021.0;;;;INDETERMINE;INDETERMINE;1.0;10.0;1787.0;Tertiaire & Autres;Tertiaire;"[""COMMUNE DE SAINT-DENIS""]"
0932657H;S7S8XZ2PP48E;Ecole maternelle  Vandana Shiva;093;école;ECOLE MATERNELLE;Aubervilliers;2016-09-01;;;;;;;;;;;;;;;;;;
0932694Y;F18JKVKTKRRT;Collège Gisèle Halimi;093;collège;COLLEGE;Aubervilliers;2018-01-01;;;;;;;;;;;;;;;;;;
0932768D;SEB89KADNJ6R;Ecole primaire Simone Veil;093;école;ECOLE DE NIVEAU ELEMENTAIRE;Bobigny;2020-09-01;bdnb-bc-6RYT-2Q6B-KLK9;bdnb-bg-7LA5-DF32-F4D2;93;1572.0;5.0;Bobigny;2019.0;2020.0;C;C;INDETERMINE;INDETERMINE;10.0;;4566.0;Résidentiel collectif;Tertiaire;"[""COMMUNE DE BOBIGNY"", ""CDC HABITAT"", ""DAN"", ""BREINL INVEST"", ""CDC HABITAT SOCIAL SOCIETE ANONYME D'HABITATIONS A LOYER MOD"", ""FREROS ET CO"", ""SCI AU FIL DE L' OURCQ 161 RUE DE PARIS"", ""SCI BOBPAR124"", ""SCI BOBPAR134"", ""TOYS""]"
0932868M;5Y1MRPESX28Z;Ecole élémentaire publique Diderot;093;école;ECOLE DE NIVEAU ELEMENTAIRE;Pantin;2023-09-01;bdnb-bc-DFC5-JZKQ-QB1H;bdnb-bg-W3HC-Y3PD-TRQF;93;801.0;5.4;Pantin;2001.0;;;;INDETERMINE;INDETERMINE;1.0;4.0;2789.0;Tertiaire & Autres;Tertiaire;"[""COMMUNE DE PANTIN""]"
0932123C;FCN8SWBPCTHC;Lycée polyvalent Sabatier - Lycée des métiers de la beauté, du bien-être et du goût;093;lycée;LYCEE POLYVALENT;Bobigny;1993-09-01;bdnb-bc-LYAE-W4FU-7CDM;bdnb-bg-M6EW-W6QK-DJPN;93;1698.0;7.3;Bobigny;;;;;INDETERMINE;INDETERMINE;1.0;6.0;7922.0;Tertiaire & Autres;Tertiaire;"[""COMMUNE DE BOBIGNY""]"
0932123C;TAY9H7QAMPCS;Lycée polyvalent Sabatier - Lycée des métiers de la beauté, du bien-être et du goût;093;lycée;LYCEE POLYVALENT;Bobigny;1993-09-01;bdnb-bc-NX4Z-6V9U-DELW;bdnb-bg-M6EW-W6QK-DJPN;93;82.0;6.4;Bobigny;;;;;INDETERMINE;INDETERMINE;1.0;6.0;7922.0;Tertiaire & Autres;Tertiaire;"[""COMMUNE DE BOBIGNY""]"
0932123C;F9PZ2C4KJP3V;Lycée polyvalent Sabatier - Lycée des métiers de la beauté, du bien-être et du goût;093;lycée;LYCEE POLYVALENT;Bobigny;1993-09-01;bdnb-bc-X78G-FPHK-9SNC;bdnb-bg-M6EW-W6QK-DJPN;93;34.0;3.1;Bobigny;;;;;INDETERMINE;INDETERMINE;1.0;6.0;7922.0;Tertiaire & Autres;Tertiaire;"[""COMMUNE DE BOBIGNY""]"
0932123C;K1J9TFPPDYQP;Lycée polyvalent Sabatier - Lycée des métiers de la beauté, du bien-être et du goût;093;lycée;LYCEE POLYVALENT;Bobigny;1993-09-01;bdnb-bc-92HB-M7EV-4HRP;bdnb-bg-M6EW-W6QK-DJPN;93;33.0;3.0;Bobigny;;;;;INDETERMINE;INDETERMINE;1.0;6.0;7922.0;Tertiaire & Autres;Tertiaire;"[""COMMUNE DE BOBIGNY""]"
0932123C;NJDN2HCZRHN6;Lycée polyvalent Sabatier - Lycée des métiers de la beauté, du bien-être et du goût;093;lycée;LYCEE POLYVALENT;Bobigny;1993-09-01;bdnb-bc-7S44-B8RY-8974;bdnb-bg-M6EW-W6QK-DJPN;93;72.0;9.7;Bobigny;;;;;INDETERMINE;INDETERMINE;1.0;6.0;7922.0;Tertiaire & Autres;Tertiaire;"[""COMMUNE DE BOBIGNY""]"
0932123C;BZQYMHFKGQAD;Lycée polyvalent Sabatier - Lycée des métiers de la beauté, du bien-être et du goût;093;lycée;LYCEE POLYVALENT;Bobigny;1993-09-01;bdnb-bc-75ZG-KLZP-W3KA;bdnb-bg-M6EW-W6QK-DJPN;93;36.0;3.2;Bobigny;;;;;INDETERMINE;INDETERMINE;1.0;6.0;7922.0;Tertiaire & Autres;Tertiaire;"[""COMMUNE DE BOBIGNY""]"
0932123C;6TDDA8CF2D1Y;Lycée polyvalent Sabatier - Lycée des métiers de la beauté, du bien-être et du goût;093;lycée;LYCEE POLYVALENT;Bobigny;1993-09-01;bdnb-bc-4UEK-5VY8-QPB5;bdnb-bg-M6EW-W6QK-DJPN;93;3991.0;3.6;Bobigny;;;;;INDETERMINE;INDETERMINE;1.0;6.0;7922.0;Tertiaire & Autres;Tertiaire;"[""COMMUNE DE BOBIGNY""]"
0932123C;1WB2CRAT4HP6;Lycée polyvalent Sabatier - Lycée des métiers de la beauté, du bien-être et du goût;093;lycée;LYCEE POLYVALENT;Bobigny;1993-09-01;bdnb-bc-Q2FF-WRCX-ZD11;bdnb-bg-M6EW-W6QK-DJPN;93;80.0;6.4;Bobigny;;;;;INDETERMINE;INDETERMINE;1.0;6.0;7922.0;Tertiaire & Autres;Tertiaire;"[""COMMUNE DE BOBIGNY""]"
0932123C;PBP7VWWCCMNK;Lycée polyvalent Sabatier - Lycée des métiers de la beauté, du bien-être et du goût;093;lycée;LYCEE POLYVALENT;Bobigny;1993-09-01;bdnb-bc-T2ZY-675H-9H1S;bdnb-bg-M6EW-W6QK-DJPN;93;39.0;7.7;Bobigny;;;;;INDETERMINE;INDETERMINE;1.0;6.0;7922.0;Tertiaire & Autres;Tertiaire;"[""COMMUNE DE BOBIGNY""]"
0932262D;XK62XRN6C7N1;Collège de la Pléiade;093;collège;COLLEGE;Sevran;1997-09-01;bdnb-bc-YV28-5PJE-3QRR;bdnb-bg-FXDX-F27Y-WYX1;93;2510.0;12.7;Sevran;1997.0;;;;AUTRES;AUTRES;3.0;10.0;2598.0;Résidentiel collectif;Tertiaire;"[""DEPARTEMENT DE LA SEINE SAINT DENIS""]"
0750407K;VDMABMKM8F8H;Collège Rognoni;075;collège;COLLEGE;Paris  5e  Arrondissement;1965-05-01;bdnb-bc-ENPH-4KXG-2K25;bdnb-bg-1B5Y-EDQX-TCVS;75;1362.0;15.1;Paris 5e Arrondissement;1890.0;;;;BRIQUES - PIERRE;ARDOISES;4.0;15.0;1494.0;Résidentiel collectif;Tertiaire;"[""VILLE DE PARIS""]"
0750444A;3WT7TTSKWGFX;Collège Georges Courteline;075;collège;COLLEGE;Paris 12e  Arrondissement;1965-05-01;bdnb-bc-Q7SG-FP33-YNKD;bdnb-bg-SV42-R8X5-Z25M;75;192.0;4.6;Paris 12e Arrondissement;1920.0;;;C;BRIQUES;TUILES;4.0;8.0;3280.0;Résidentiel collectif;Tertiaire;"[""VILLE DE PARIS"", ""ENEDIS""]"
0750444A;ZCR9NB1HJ9XK;Collège Georges Courteline;075;collège;COLLEGE;Paris 12e  Arrondissement;1965-05-01;bdnb-bc-XT5H-NX5P-GLND;bdnb-bg-SV42-R8X5-Z25M;75;468.0;15.3;Paris 12e Arrondissement;1920.0;;;C;BRIQUES;TUILES;4.0;8.0;3280.0;Résidentiel collectif;Tertiaire;"[""VILLE DE PARIS"", ""ENEDIS""]"
0750444A;YSN1BGKG2892;Collège Georges Courteline;075;collège;COLLEGE;Paris 12e  Arrondissement;1965-05-01;bdnb-bc-X75H-CB9J-J9HT;bdnb-bg-SV42-R8X5-Z25M;75;131.0;2.5;Paris 12e Arrondissement;1920.0;;;C;BRIQUES;TUILES;4.0;8.0;3280.0;Résidentiel collectif;Tertiaire;"[""VILLE DE PARIS"", ""ENEDIS""]"
0750444A;EH2BZK4E7JKG;Collège Georges Courteline;075;collège;COLLEGE;Paris 12e  Arrondissement;1965-05-01;bdnb-bc-4FAR-9YVW-PXSQ;bdnb-bg-SV42-R8X5-Z25M;75;533.0;15.7;Paris 12e Arrondissement;1920.0;;;C;BRIQUES;TUILES;4.0;8.0;3280.0;Résidentiel collectif;Tertiaire;"[""VILLE DE PARIS"", ""ENEDIS""]"
0750463W;MSR3XB227N92;Ecole du Verre de Paris - Lucas de Nehou Lycée Polyvalent des Métiers d'Art;075;lycée;LYCEE POLYVALENT;Paris  5e  Arrondissement;1965-05-01;bdnb-bc-EJNG-14BY-3AKL;bdnb-bg-TN2B-SK9W-FNW8;75;720.0;13.2;Paris 5e Arrondissement;1905.0;;;;PIERRE;TUILES;4.0;9.0;1159.0;Résidentiel collectif;Tertiaire;"[""MINISTERE DE L'EDUCATION NATIONALE  DE L'ENSEIGNEMENT SUPERI"", ""ETAT PAR DIRECTION DE L IMMOBILIER DE L ETAT""]"
0750465Y;7JBC6QWNG6N6;Collège Lucie et Raymond Aubrac;075;collège;COLLEGE;Paris 11e  Arrondissement;1965-05-01;bdnb-bc-6ZLA-JMLK-3Z1L;bdnb-bg-MSBU-MAN2-ST8V;75;430.0;22.0;Paris 11e Arrondissement;2023.0;;;;INDETERMINE;INDETERMINE;3.0;18.0;633.0;Tertiaire & Autres;Tertiaire;"[""VILLE DE PARIS""]"
0750484U;Y2ZW7EX6ZZ1B;Collège Wolfgang Amadeus Mozart;075;collège;COLLEGE;Paris 19e  Arrondissement;1965-05-01;;;;;;;;;;;;;;;;;;
0750546L;84523FGXJ9A7;Collège Georges Clémenceau;075;collège;COLLEGE;Paris 18e  Arrondissement;1965-05-01;bdnb-bc-6M5S-6Z57-DFCN;bdnb-bg-W7X1-61TY-RTYW;75;661.0;16.2;Paris 18e Arrondissement;1885.0;;;;PIERRE;TUILES;4.0;16.0;661.0;Résidentiel collectif;Tertiaire;"[""VILLE DE PARIS"", ""ENEDIS""]"
0750546L;V5D7H1CQAA8N;Collège Georges Clémenceau;075;collège;COLLEGE;Paris 18e  Arrondissement;1965-05-01;bdnb-bc-YZN9-TQVC-BJMU;bdnb-bg-RS6Z-7FYR-E7FT;75;178.0;6.4;Paris 18e Arrondissement;2023.0;;;;INDETERMINE;INDETERMINE;1.0;8.0;985.0;Tertiaire & Autres;Tertiaire;"[""VILLE DE PARIS""]"
0750546L;XKX9Y7N1YRJQ;Collège Georges Clémenceau;075;collège;COLLEGE;Paris 18e  Arrondissement;1965-05-01;bdnb-bc-2Q54-6LC1-J9RX;bdnb-bg-RS6Z-7FYR-E7FT;75;696.0;10.7;Paris 18e Arrondissement;2023.0;;;;INDETERMINE;INDETERMINE;1.0;8.0;985.0;Tertiaire & Autres;Tertiaire;"[""VILLE DE PARIS""]"
0750588G;VW76GX4BAKBY;Lycée professionnel René Cassin - Lycée des métiers supports, du conseil et du numérique;075;lycée;LYCEE PROFESSIONNEL;Paris 16e  Arrondissement;1965-05-01;bdnb-bc-6SQF-T96Y-3N7E;bdnb-bg-DG2M-4YRY-2EPK;75;100.0;5.6;Paris 16e Arrondissement;1874.0;;;;BETON - PIERRE;ZINC ALUMINIUM;5.0;10.0;760.0;Résidentiel collectif;Tertiaire;"[""VILLE DE PARIS""]"
0750588G;KATVCM911J85;Lycée professionnel René Cassin - Lycée des métiers supports, du conseil et du numérique;075;lycée;LYCEE PROFESSIONNEL;Paris 16e  Arrondissement;1965-05-01;bdnb-bc-5CLE-N3XG-XHQB;bdnb-bg-DG2M-4YRY-2EPK;75;590.0;20.2;Paris 16e Arrondissement;1874.0;;;;BETON - PIERRE;ZINC ALUMINIUM;5.0;10.0;760.0;Résidentiel collectif;Tertiaire;"[""VILLE DE PARIS""]"
0750588G;V46AFS3CDVDN;Lycée professionnel René Cassin - Lycée des métiers supports, du conseil et du numérique;075;lycée;LYCEE PROFESSIONNEL;Paris 16e  Arrondissement;1965-05-01;bdnb-bc-6432-YCK8-G2YQ;bdnb-bg-DG2M-4YRY-2EPK;75;69.0;3.8;Paris 16e Arrondissement;1874.0;;;;BETON - PIERRE;ZINC ALUMINIUM;5.0;10.0;760.0;Résidentiel collectif;Tertiaire;"[""VILLE DE PARIS""]"
0750648X;NDMTNNZT7BM5;Lycée général et technologique Victor Hugo;075;lycée;LYCEE ENSEIGNT GENERAL ET TECHNOLOGIQUE;Paris  3e  Arrondissement;1965-05-01;bdnb-bc-LTF9-D9J3-5FF7;bdnb-bg-JC7J-VHVP-UPRB;75;1228.0;16.3;Paris 3e Arrondissement;1900.0;;;;INDETERMINE;INDETERMINE;5.0;15.0;4843.0;Résidentiel collectif;Tertiaire;"[""VILLE DE PARIS""]"
0750648X;K794V1SDHYYN;Lycée général et technologique Victor Hugo;075;lycée;LYCEE ENSEIGNT GENERAL ET TECHNOLOGIQUE;Paris  3e  Arrondissement;1965-05-01;bdnb-bc-4AAJ-7778-JFJJ;bdnb-bg-JC7J-VHVP-UPRB;75;2388.0;12.6;Paris 3e Arrondissement;1900.0;;;;INDETERMINE;INDETERMINE;5.0;15.0;4843.0;Résidentiel collectif;Tertiaire;"[""VILLE DE PARIS""]"
0750648X;9HKEM61WKWKG;Lycée général et technologique Victor Hugo;075;lycée;LYCEE ENSEIGNT GENERAL ET TECHNOLOGIQUE;Paris  3e  Arrondissement;1965-05-01;bdnb-bc-6MBX-69PL-68ML;bdnb-bg-JC7J-VHVP-UPRB;75;1227.0;14.7;Paris 3e Arrondissement;1900.0;;;;INDETERMINE;INDETERMINE;5.0;15.0;4843.0;Résidentiel collectif;Tertiaire;"[""VILLE DE PARIS""]"
0750653C;CTV8TZCXQX7W;Lycée général et technologique Sophie Germain;075;lycée;LYCEE ENSEIGNT GENERAL ET TECHNOLOGIQUE;Paris  4e  Arrondissement;1965-05-01;bdnb-bc-C5XW-YSMY-XZFY;bdnb-bg-J46F-XW2N-YN52;75;1833.0;13.0;Paris 4e Arrondissement;2003.0;;;;BETON;BETON;4.0;13.0;1833.0;Résidentiel collectif;Tertiaire;"[""VILLE DE PARIS""]"
0750677D;6PDA3X8C55XB;Lycée polyvalent Elisa Lemonnier;075;lycée;LYCEE POLYVALENT;Paris 12e  Arrondissement;1965-05-01;bdnb-bc-9YCY-VF56-18QY;bdnb-bg-X2QW-GW6N-2M8A;75;6223.0;12.4;Paris 12e Arrondissement;1972.0;;;;BETON;BETON;3.0;10.0;6635.0;Résidentiel collectif;Tertiaire;"[""LYCEE PROFESSIONNEL MARCEL DEPREZ"", ""REGION ILE DE FRANCE""]"
0750685M;SDTA5QMZZA8C;Lycée général et technologique Pierre-Gilles de Gennes;075;lycée;LYCEE ENSEIGNT GENERAL ET TECHNOLOGIQUE;Paris 13e  Arrondissement;1965-05-01;bdnb-bc-BYGX-L64G-K6YB;bdnb-bg-PKE5-WQUS-M9YP;75;2133.0;18.9;Paris 13e Arrondissement;1900.0;;;;AUTRES;INDETERMINE;17.0;22.0;3766.0;Résidentiel collectif;Tertiaire;"[""LYCEE TECHNOLOGIQUE PIERRES-GILLES DE GENNES""]"
0750685M;J9Z8TM4CMVV6;Lycée général et technologique Pierre-Gilles de Gennes;075;lycée;LYCEE ENSEIGNT GENERAL ET TECHNOLOGIQUE;Paris 13e  Arrondissement;1965-05-01;bdnb-bc-KR5Q-VKD3-BN6B;bdnb-bg-PKE5-WQUS-M9YP;75;1054.0;49.7;Paris 13e Arrondissement;1900.0;;;;AUTRES;INDETERMINE;17.0;22.0;3766.0;Résidentiel collectif;Tertiaire;"[""LYCEE TECHNOLOGIQUE PIERRES-GILLES DE GENNES""]"
0750695Y;JQ2XNFGHPHMF;Lycée polyvalent Fresnel;075;lycée;LYCEE POLYVALENT;Paris 15e  Arrondissement;1965-05-01;bdnb-bc-MBUZ-5QT3-Q8UH;bdnb-bg-5CQF-SF2T-5XEC;75;650.0;23.6;Paris 15e Arrondissement;;;;;PIERRE;TUILES;8.0;15.0;1420.0;Résidentiel collectif;Tertiaire;"[""REGION ILE DE FRANCE""]"
0750695Y;8ZTGH368YXCX;Lycée polyvalent Fresnel;075;lycée;LYCEE POLYVALENT;Paris 15e  Arrondissement;1965-05-01;bdnb-bc-U9H9-BCSL-AEHN;bdnb-bg-5CQF-SF2T-5XEC;75;254.0;1.6;Paris 15e Arrondissement;;;;;PIERRE;TUILES;8.0;15.0;1420.0;Résidentiel collectif;Tertiaire;"[""REGION ILE DE FRANCE""]"
0750695Y;RRPNYCDC7SB4;Lycée polyvalent Fresnel;075;lycée;LYCEE POLYVALENT;Paris 15e  Arrondissement;1965-05-01;bdnb-bc-URD1-KUTC-58G4;bdnb-bg-5CQF-SF2T-5XEC;75;310.0;23.6;Paris 15e Arrondissement;;;;;PIERRE;TUILES;8.0;15.0;1420.0;Résidentiel collectif;Tertiaire;"[""REGION ILE DE FRANCE""]"
0750695Y;6V7BSX3C3XEF;Lycée polyvalent Fresnel;075;lycée;LYCEE POLYVALENT;Paris 15e  Arrondissement;1965-05-01;bdnb-bc-L79M-HJYY-A2TK;bdnb-bg-5CQF-SF2T-5XEC;75;206.0;9.2;Paris 15e Arrondissement;;;;;PIERRE;TUILES;8.0;15.0;1420.0;Résidentiel collectif;Tertiaire;"[""REGION ILE DE FRANCE""]"
0750699C;6QS817A3WBJV;Lycée général et technologique Janson de Sailly;075;lycée;LYCEE ENSEIGNT GENERAL ET TECHNOLOGIQUE;Paris 16e  Arrondissement;1965-05-01;bdnb-bc-12Q2-5GZ6-HQG9;bdnb-bg-WCLT-KRDW-DV1P;75;874.0;5.5;Paris 16e Arrondissement;1884.0;1948.0;;;BRIQUES - PIERRE;ARDOISES - ZINC ALUMINIUM;6.0;10.0;16831.0;Résidentiel collectif;Tertiaire;"[""MINISTERE DE L'EDUCATION NATIONALE  DE L'ENSEIGNEMENT SUPERI"", ""LYCEE GENERAL JANSON DE SAILLY""]"
0750704H;23MNQQP3YS3T;Lycée général Carnot;075;lycée;LYCEE D ENSEIGNEMENT GENERAL;Paris 17e  Arrondissement;1965-05-01;bdnb-bc-XQM8-MSCQ-RC6W;bdnb-bg-U245-D3ML-N5DJ;75;5849.0;15.0;Paris 17e Arrondissement;1900.0;;;;BRIQUES - PIERRE;ZINC ALUMINIUM;5.0;14.0;6858.0;Résidentiel collectif;Tertiaire;"[""VILLE DE PARIS""]"
0752554U;XFMJJZ9CNFMZ;Collège Stéphane Mallarmé;075;collège;COLLEGE;Paris 17e  Arrondissement;1977-03-11;bdnb-bc-7Q2P-CPQ2-NK1Q;bdnb-bg-4HSK-C7TT-7VL2;75;2071.0;19.7;Paris 17e Arrondissement;1958.0;;;;BETON - BRIQUES;ZINC ALUMINIUM;6.0;18.0;2135.0;Tertiaire & Autres;Tertiaire;"[""VILLE DE PARIS""]"
0752556W;MWVPCT79RX9S;Collège Hélène Boucher;075;collège;COLLEGE;Paris 20e  Arrondissement;1977-03-11;bdnb-bc-K1NC-DP8H-1NDB;bdnb-bg-3J92-CF8K-MYEX;75;1054.0;18.9;Paris 20e Arrondissement;1920.0;1961.0;F;;BETON - BRIQUES;BETON;6.0;26.0;4485.0;Résidentiel collectif;Tertiaire;"[""REGION ILE DE FRANCE""]"
0752572N;MAKKWKGRNMZV;E.M.PU TANGER N 15 rue de Tanger;075;école;ECOLE MATERNELLE;Paris 19e  Arrondissement;1977-06-30;bdnb-bc-FKB2-47VU-MT8B;bdnb-bg-1Z8T-EGAT-8XNQ;75;689.0;7.2;Paris 19e Arrondissement;2023.0;;;;INDETERMINE;INDETERMINE;1.0;8.0;1594.0;Tertiaire & Autres;Tertiaire;"[""VILLE DE PARIS""]"
0752572N;YDRQEQN28Q72;E.M.PU TANGER N 15 rue de Tanger;075;école;ECOLE MATERNELLE;Paris 19e  Arrondissement;1977-06-30;bdnb-bc-8CMN-R4PK-5ZNC;bdnb-bg-1Z8T-EGAT-8XNQ;75;33.0;4.8;Paris 19e Arrondissement;2023.0;;;;INDETERMINE;INDETERMINE;1.0;8.0;1594.0;Tertiaire & Autres;Tertiaire;"[""VILLE DE PARIS""]"
0752572N;CX5QJXJQSXV6;E.M.PU TANGER N 15 rue de Tanger;075;école;ECOLE MATERNELLE;Paris 19e  Arrondissement;1977-06-30;bdnb-bc-Q3BJ-663C-JEWQ;bdnb-bg-1Z8T-EGAT-8XNQ;75;39.0;3.3;Paris 19e Arrondissement;2023.0;;;;INDETERMINE;INDETERMINE;1.0;8.0;1594.0;Tertiaire & Autres;Tertiaire;"[""VILLE DE PARIS""]"
0750783U;YR62YPWNE6AR;Lycée professionnel Chennevière Malezieux;075;lycée;LYCEE PROFESSIONNEL;Paris 12e  Arrondissement;1965-05-01;bdnb-bc-9PZ5-HT2L-P6ZN;bdnb-bg-JG2E-EPES-Q8UP;75;2786.0;10.0;Paris 12e Arrondissement;1900.0;;;A;INDETERMINE;INDETERMINE;8.0;8.0;5270.0;Résidentiel collectif;Tertiaire;"[""REGION ILE DE FRANCE""]"
0750784V;8BBDZS27G9DA;Lycée professionnel Métiers de l'Ameublement;075;lycée;LYCEE PROFESSIONNEL;Paris 12e  Arrondissement;1965-05-01;bdnb-bc-2X6Z-2FE8-SYSA;bdnb-bg-X8TN-V8KG-DBWR;75;965.0;8.7;Paris 11e Arrondissement;1875.0;;;;PIERRE;TUILES;3.0;9.0;988.0;Tertiaire & Autres;Tertiaire;"[""VILLE DE PARIS""]"
0750788Z;7D6S8WVB2GJW;Lycée professionnel Marcel Deprez - Lycée des métiers de l'électricité et de ses environnements connectés;075;lycée;LYCEE PROFESSIONNEL;Paris 11e  Arrondissement;1965-05-01;bdnb-bc-P4WL-TY3C-TZAK;bdnb-bg-EYU9-YP33-XY26;75;618.0;12.5;Paris 11e Arrondissement;2004.0;;;;INDETERMINE;INDETERMINE;6.0;13.0;775.0;Tertiaire & Autres;Tertiaire;"[""AGRASC"", ""ETAT PAR DIRECTION DE L IMMOBILIER DE L ETAT""]"
0750788Z;YD4WQYRKM26G;Lycée professionnel Marcel Deprez - Lycée des métiers de l'électricité et de ses environnements connectés;075;lycée;LYCEE PROFESSIONNEL;Paris 11e  Arrondissement;1965-05-01;bdnb-bc-YBNV-PFQV-RCJF;bdnb-bg-EYU9-YP33-XY26;75;157.0;13.6;Paris 11e Arrondissement;2004.0;;;;INDETERMINE;INDETERMINE;6.0;13.0;775.0;Tertiaire & Autres;Tertiaire;"[""AGRASC"", ""ETAT PAR DIRECTION DE L IMMOBILIER DE L ETAT""]"
0750796H;QB5YHV6QA8RC;Lycée Professionnel Octave Feuilet;075;lycée;LYCEE PROFESSIONNEL;Paris 16e  Arrondissement;1965-05-01;bdnb-bc-SJHX-AWWQ-K41A;bdnb-bg-3VVU-VPYH-NCFR;75;609.0;13.2;Paris 16e Arrondissement;1909.0;;;;BRIQUES - PIERRE;TUILES;3.0;13.0;609.0;Résidentiel individuel;Tertiaire;"[""REGION ILE DE FRANCE""]"
0750800M;TZAW4EDKTGYB;Lycée professionnel Edmond Rostand;075;lycée;LYCEE PROFESSIONNEL;Paris 18e  Arrondissement;1965-05-01;bdnb-bc-2N3Z-5KFX-TAZ8;bdnb-bg-UZAG-WVD8-PXXR;75;730.0;15.3;Paris 18e Arrondissement;1969.0;;;;AGGLOMERE;TUILES;5.0;15.0;730.0;Résidentiel collectif;Tertiaire;"[""REGION ILE DE FRANCE""]"
0750810Y;N1MAB12VVA7E;E.E.PU ALESIA 12 rue d'Alésia;075;école;ECOLE DE NIVEAU ELEMENTAIRE;Paris 14e  Arrondissement;1965-05-01;bdnb-bc-8RH7-TSCT-GEKS;bdnb-bg-Y87Q-9R8F-45K5;75;2374.0;18.3;Paris 14e Arrondissement;1978.0;;;;BRIQUES;INDETERMINE;4.0;18.0;2374.0;Tertiaire & Autres;Tertiaire;"[""VILLE DE PARIS"", ""ENEDIS""]"
0750813B;V1EM9C98TPV5;E.E.PU AMIRAL ROUSSIN 35 rue de l'Amiral Roussin;075;école;ECOLE DE NIVEAU ELEMENTAIRE;Paris 15e  Arrondissement;1965-05-01;bdnb-bc-WJWR-Z826-54X4;bdnb-bg-PTPA-QTLF-314W;75;1744.0;17.7;Paris 15e Arrondissement;;;;;INDETERMINE;INDETERMINE;4.0;14.0;1858.0;Résidentiel collectif;Tertiaire;"[""VILLE DE PARIS""]"
0750813B;YXBZN6NCKRF4;E.E.PU AMIRAL ROUSSIN 35 rue de l'Amiral Roussin;075;école;ECOLE DE NIVEAU ELEMENTAIRE;Paris 15e  Arrondissement;1965-05-01;bdnb-bc-9AV1-SQW8-UVC2;bdnb-bg-PTPA-QTLF-314W;75;97.0;7.1;Paris 15e Arrondissement;;;;;INDETERMINE;INDETERMINE;4.0;14.0;1858.0;Résidentiel collectif;Tertiaire;"[""VILLE DE PARIS""]"
0750815D;7YPJPEPQWKR7;E.E.A.PU ARAGO D 30 boulevard Arago;075;école;ECOLE ELEMENTAIRE D APPLICATION;Paris 13e  Arrondissement;1965-05-01;bdnb-bc-R4MH-KX98-AFZF;bdnb-bg-GAFF-3G49-KZQN;75;389.0;18.1;Paris 13e Arrondissement;1897.0;;;;BRIQUES - PIERRE;TUILES;4.0;9.0;841.0;Résidentiel collectif;Tertiaire;"[""VILLE DE PARIS""]"
0750815D;KR1S1WWN5PVT;E.E.A.PU ARAGO D 30 boulevard Arago;075;école;ECOLE ELEMENTAIRE D APPLICATION;Paris 13e  Arrondissement;1965-05-01;bdnb-bc-SQQR-37KS-ZCTA;bdnb-bg-GAFF-3G49-KZQN;75;55.0;2.0;Paris 13e Arrondissement;1897.0;;;;BRIQUES - PIERRE;TUILES;4.0;9.0;841.0;Résidentiel collectif;Tertiaire;"[""VILLE DE PARIS""]"
0750815D;TJEQHSP96K4M;E.E.A.PU ARAGO D 30 boulevard Arago;075;école;ECOLE ELEMENTAIRE D APPLICATION;Paris 13e  Arrondissement;1965-05-01;bdnb-bc-SC4K-CUR5-FYUW;bdnb-bg-GAFF-3G49-KZQN;75;158.0;9.3;Paris 13e Arrondissement;1897.0;;;;BRIQUES - PIERRE;TUILES;4.0;9.0;841.0;Résidentiel collectif;Tertiaire;"[""VILLE DE PARIS""]"
0750815D;HQJ95RQD5EFT;E.E.A.PU ARAGO D 30 boulevard Arago;075;école;ECOLE ELEMENTAIRE D APPLICATION;Paris 13e  Arrondissement;1965-05-01;bdnb-bc-Q8UC-ZXU9-YTEG;bdnb-bg-GAFF-3G49-KZQN;75;239.0;4.7;Paris 13e Arrondissement;1897.0;;;;BRIQUES - PIERRE;TUILES;4.0;9.0;841.0;Résidentiel collectif;Tertiaire;"[""VILLE DE PARIS""]"
0750837C;7JTCB6B9PVWA;E.E.A.PU BOILEAU 17 rue Boileau;075;école;ECOLE ELEMENTAIRE D APPLICATION;Paris 16e  Arrondissement;1965-05-01;bdnb-bc-MRCQ-SWEM-NZPQ;bdnb-bg-2MKP-3HEW-8W36;75;117.0;5.6;Paris 16e Arrondissement;2023.0;;;D;INDETERMINE;INDETERMINE;4.0;11.0;6184.0;Tertiaire & Autres;Tertiaire;"[""UNIVERSITE DE PARIS IV PARIS-SORBONNE"", ""VILLE DE PARIS"", ""REGIE AUTONOME DES TRANSPORTS PARISIENS""]"
0750837C;H1EGM3DJHMHV;E.E.A.PU BOILEAU 17 rue Boileau;075;école;ECOLE ELEMENTAIRE D APPLICATION;Paris 16e  Arrondissement;1965-05-01;bdnb-bc-G1F9-SYMD-AUMH;bdnb-bg-2MKP-3HEW-8W36;75;2422.0;14.9;Paris 16e Arrondissement;2023.0;;;D;INDETERMINE;INDETERMINE;4.0;11.0;6184.0;Tertiaire & Autres;Tertiaire;"[""UNIVERSITE DE PARIS IV PARIS-SORBONNE"", ""VILLE DE PARIS"", ""REGIE AUTONOME DES TRANSPORTS PARISIENS""]"
0750837C;N61FFHWNFNK8;E.E.A.PU BOILEAU 17 rue Boileau;075;école;ECOLE ELEMENTAIRE D APPLICATION;Paris 16e  Arrondissement;1965-05-01;bdnb-bc-KC2W-Z6S9-Q765;bdnb-bg-2MKP-3HEW-8W36;75;124.0;5.8;Paris 16e Arrondissement;2023.0;;;D;INDETERMINE;INDETERMINE;4.0;11.0;6184.0;Tertiaire & Autres;Tertiaire;"[""UNIVERSITE DE PARIS IV PARIS-SORBONNE"", ""VILLE DE PARIS"", ""REGIE AUTONOME DES TRANSPORTS PARISIENS""]"
0750837C;CXYBNDQCCY4H;E.E.A.PU BOILEAU 17 rue Boileau;075;école;ECOLE ELEMENTAIRE D APPLICATION;Paris 16e  Arrondissement;1965-05-01;bdnb-bc-X9YJ-UEDD-41D6;bdnb-bg-2MKP-3HEW-8W36;75;410.0;5.2;Paris 16e Arrondissement;2023.0;;;D;INDETERMINE;INDETERMINE;4.0;11.0;6184.0;Tertiaire & Autres;Tertiaire;"[""UNIVERSITE DE PARIS IV PARIS-SORBONNE"", ""VILLE DE PARIS"", ""REGIE AUTONOME DES TRANSPORTS PARISIENS""]"
0750840F;EDZNG2CKYX3S;E.E.PU BOUVINES 4 avenue de Bouvines;075;école;ECOLE DE NIVEAU ELEMENTAIRE;Paris 11e  Arrondissement;1965-05-01;bdnb-bc-25TZ-EFJN-YWNH;bdnb-bg-Q5F1-GS47-E2YK;75;46.0;5.0;Paris 11e Arrondissement;2023.0;;;;INDETERMINE;INDETERMINE;4.0;6.0;1529.0;Tertiaire & Autres;Tertiaire;"[""VILLE DE PARIS""]"
0750840F;D8BPNYK8RCWG;E.E.PU BOUVINES 4 avenue de Bouvines;075;école;ECOLE DE NIVEAU ELEMENTAIRE;Paris 11e  Arrondissement;1965-05-01;bdnb-bc-4P3H-VZX8-NU3U;bdnb-bg-Q5F1-GS47-E2YK;75;58.0;2.7;Paris 11e Arrondissement;2023.0;;;;INDETERMINE;INDETERMINE;4.0;6.0;1529.0;Tertiaire & Autres;Tertiaire;"[""VILLE DE PARIS""]"
0750840F;CNKEXKZC8B4K;E.E.PU BOUVINES 4 avenue de Bouvines;075;école;ECOLE DE NIVEAU ELEMENTAIRE;Paris 11e  Arrondissement;1965-05-01;bdnb-bc-B9KF-DH3J-D2QU;bdnb-bg-Q5F1-GS47-E2YK;75;157.0;3.1;Paris 11e Arrondissement;2023.0;;;;INDETERMINE;INDETERMINE;4.0;6.0;1529.0;Tertiaire & Autres;Tertiaire;"[""VILLE DE PARIS""]"
0750843J;AEK62QG62NHQ;E.P.PU BRUXELLES J 32 rue de Bruxelles;075;école;ECOLE DE NIVEAU ELEMENTAIRE;Paris  9e  Arrondissement;1965-05-01;bdnb-bc-4721-SBX2-R9LT;bdnb-bg-YM8U-E5JL-6ZQN;75;246.0;18.6;Paris 9e Arrondissement;2023.0;;;;BRIQUES;INDETERMINE;5.0;15.0;790.0;Tertiaire & Autres;Tertiaire;"[""VILLE DE PARIS""]"
0750843J;4HG45E2TPPSC;E.P.PU BRUXELLES J 32 rue de Bruxelles;075;école;ECOLE DE NIVEAU ELEMENTAIRE;Paris  9e  Arrondissement;1965-05-01;bdnb-bc-N2ND-EJSQ-9ENL;bdnb-bg-YM8U-E5JL-6ZQN;75;38.0;5.0;Paris 9e Arrondissement;2023.0;;;;BRIQUES;INDETERMINE;5.0;15.0;790.0;Tertiaire & Autres;Tertiaire;"[""VILLE DE PARIS""]"
0750855X;HM8CVY22EM7H;E.E.PU GUY CHAULIAC - Ecole élémentaire 8 rue Chernoviz;075;école;ECOLE DE NIVEAU ELEMENTAIRE;Paris 16e  Arrondissement;1965-05-01;bdnb-bc-AMB2-4YXW-3P5X;bdnb-bg-4NQ9-9N3D-EKAX;75;1660.0;15.0;Paris 16e Arrondissement;1901.0;;;;BETON - PIERRE;TUILES;5.0;11.0;2325.0;Tertiaire & Autres;Tertiaire;"[""VILLE DE PARIS""]"
0750857Z;Z54VZ2GDKD4J;E.P.PU CHOMEL 8 rue Chomel;075;école;ECOLE DE NIVEAU ELEMENTAIRE;Paris  7e  Arrondissement;1965-05-01;bdnb-bc-1EGQ-S5BS-K5EY;bdnb-bg-LF5Z-19WE-TRCU;75;698.0;20.3;Paris 7e Arrondissement;;;;;INDETERMINE;INDETERMINE;5.0;20.0;698.0;Résidentiel collectif;Tertiaire;"[""VILLE DE PARIS""]"
0750864G;95BP9KDS1Q8E;E.E.PU DAMESME 5 rue Damesme;075;école;ECOLE DE NIVEAU ELEMENTAIRE;Paris 13e  Arrondissement;1965-05-01;bdnb-bc-Y29Q-HEPT-EG4M;bdnb-bg-AE4M-GAL7-EBP8;75;2664.0;17.6;Paris 13e Arrondissement;1886.0;;;;BRIQUES - PIERRE;ZINC ALUMINIUM;4.0;7.0;2914.0;Résidentiel collectif;Tertiaire;"[""VILLE DE PARIS""]"
0750864G;3AJ17JJ6F6SM;E.E.PU DAMESME 5 rue Damesme;075;école;ECOLE DE NIVEAU ELEMENTAIRE;Paris 13e  Arrondissement;1965-05-01;bdnb-bc-C7HW-CBL5-SVZP;bdnb-bg-AE4M-GAL7-EBP8;75;99.0;5.9;Paris 13e Arrondissement;1886.0;;;;BRIQUES - PIERRE;ZINC ALUMINIUM;4.0;7.0;2914.0;Résidentiel collectif;Tertiaire;"[""VILLE DE PARIS""]"
0750864G;98NZ4NXTG7DC;E.E.PU DAMESME 5 rue Damesme;075;école;ECOLE DE NIVEAU ELEMENTAIRE;Paris 13e  Arrondissement;1965-05-01;bdnb-bc-NQ5V-5BMY-1JWL;bdnb-bg-AE4M-GAL7-EBP8;75;25.0;2.8;Paris 13e Arrondissement;1886.0;;;;BRIQUES - PIERRE;ZINC ALUMINIUM;4.0;7.0;2914.0;Résidentiel collectif;Tertiaire;"[""VILLE DE PARIS""]"
0750871P;16KWYMQMRZZB;E.E.PU DUPLEIX 21 rue dupleix;075;école;ECOLE DE NIVEAU ELEMENTAIRE;Paris 15e  Arrondissement;1965-05-01;bdnb-bc-25FU-KTF9-X8DP;bdnb-bg-3U83-4UGH-AGDY;75;178.0;18.3;Paris 15e Arrondissement;1900.0;;E;F;PIERRE;AUTRES;6.0;15.0;325.0;Résidentiel collectif;Résidentiel collectif;"[""SYND COPR  20 RUE DE LOURMEL    75015 PA"", ""PIERRE SELECTION"", ""SOFINCAL CONSEIL"", ""NATH"", ""JEAN CHARPENTIER-SOPAGI SA"", ""SCI YRTA"", ""S C P  IMMO L""]"
0750880Z;AQBNAETQWVBW;E.E.PU FALGUIERE 20 rue Falguière;075;école;ECOLE DE NIVEAU ELEMENTAIRE;Paris 15e  Arrondissement;1965-05-01;bdnb-bc-BAVW-FFA1-VFZE;bdnb-bg-T3S9-XPB3-S6GF;75;1239.0;8.1;Paris 15e Arrondissement;1910.0;;;;AGGLOMERE;ZINC ALUMINIUM;4.0;11.0;1814.0;Résidentiel collectif;Tertiaire;"[""VILLE DE PARIS""]"
0750880Z;Y5VYTQKP453D;E.E.PU FALGUIERE 20 rue Falguière;075;école;ECOLE DE NIVEAU ELEMENTAIRE;Paris 15e  Arrondissement;1965-05-01;bdnb-bc-HHSU-XBQQ-NHN4;bdnb-bg-T3S9-XPB3-S6GF;75;72.0;5.0;Paris 15e Arrondissement;1910.0;;;;AGGLOMERE;ZINC ALUMINIUM;4.0;11.0;1814.0;Résidentiel collectif;Tertiaire;"[""VILLE DE PARIS""]"
0750887G;K7PEXDBZ8YMN;E.E.PU FONDARY 12 rue Fondary;075;école;ECOLE DE NIVEAU ELEMENTAIRE;Paris 15e  Arrondissement;1965-05-01;bdnb-bc-T5VD-ZFRU-NFX7;bdnb-bg-MPT8-JSGL-T5PS;75;78.0;9.0;Paris 15e Arrondissement;1880.0;;;;PIERRE;TUILES;3.0;7.0;3271.0;Tertiaire & Autres;Tertiaire;"[""VILLE DE PARIS""]"
0750887G;461X5F5VXDWA;E.E.PU FONDARY 12 rue Fondary;075;école;ECOLE DE NIVEAU ELEMENTAIRE;Paris 15e  Arrondissement;1965-05-01;bdnb-bc-EVEE-RZPY-U6U7;bdnb-bg-MPT8-JSGL-T5PS;75;79.0;1.6;Paris 15e Arrondissement;1880.0;;;;PIERRE;TUILES;3.0;7.0;3271.0;Tertiaire & Autres;Tertiaire;"[""VILLE DE PARIS""]"
0750887G;9HV7NWPCKK7J;E.E.PU FONDARY 12 rue Fondary;075;école;ECOLE DE NIVEAU ELEMENTAIRE;Paris 15e  Arrondissement;1965-05-01;bdnb-bc-33S2-5BFA-PVZV;bdnb-bg-MPT8-JSGL-T5PS;75;119.0;7.6;Paris 15e Arrondissement;1880.0;;;;PIERRE;TUILES;3.0;7.0;3271.0;Tertiaire & Autres;Tertiaire;"[""VILLE DE PARIS""]"
0750912J;R146M22DRVJA;E.E.PU JULIEN LACROIX 16 rue Julien Lacroix;075;école;ECOLE DE NIVEAU ELEMENTAIRE;Paris 20e  Arrondissement;1965-05-01;bdnb-bc-EAM9-TQ81-7RQV;bdnb-bg-EVQA-3BHS-HUBE;75;386.0;13.3;Paris 20e Arrondissement;1900.0;;;;BRIQUES;TUILES;3.0;8.0;2010.0;Tertiaire & Autres;Tertiaire;"[""VILLE DE PARIS""]"
0750912J;1AGNVE63QR7H;E.E.PU JULIEN LACROIX 16 rue Julien Lacroix;075;école;ECOLE DE NIVEAU ELEMENTAIRE;Paris 20e  Arrondissement;1965-05-01;bdnb-bc-GCXK-R7WH-UV33;bdnb-bg-EVQA-3BHS-HUBE;75;22.0;3.0;Paris 20e Arrondissement;1900.0;;;;BRIQUES;TUILES;3.0;8.0;2010.0;Tertiaire & Autres;Tertiaire;"[""VILLE DE PARIS""]"
0750912J;ZN7KBP2JFEEX;E.E.PU JULIEN LACROIX 16 rue Julien Lacroix;075;école;ECOLE DE NIVEAU ELEMENTAIRE;Paris 20e  Arrondissement;1965-05-01;bdnb-bc-5BZ5-19QZ-62DC;bdnb-bg-EVQA-3BHS-HUBE;75;27.0;8.6;Paris 20e Arrondissement;1900.0;;;;BRIQUES;TUILES;3.0;8.0;2010.0;Tertiaire & Autres;Tertiaire;"[""VILLE DE PARIS""]"
0750912J;T9KERTME6GNK;E.E.PU JULIEN LACROIX 16 rue Julien Lacroix;075;école;ECOLE DE NIVEAU ELEMENTAIRE;Paris 20e  Arrondissement;1965-05-01;bdnb-bc-H92E-WLN4-K2ZF;bdnb-bg-EVQA-3BHS-HUBE;75;1080.0;6.9;Paris 20e Arrondissement;1900.0;;;;BRIQUES;TUILES;3.0;8.0;2010.0;Tertiaire & Autres;Tertiaire;"[""VILLE DE PARIS""]"
0750912J;JBCMWCVX395J;E.E.PU JULIEN LACROIX 16 rue Julien Lacroix;075;école;ECOLE DE NIVEAU ELEMENTAIRE;Paris 20e  Arrondissement;1965-05-01;bdnb-bc-J4B2-Q2AP-EQ9M;bdnb-bg-EVQA-3BHS-HUBE;75;412.0;7.9;Paris 20e Arrondissement;1900.0;;;;BRIQUES;TUILES;3.0;8.0;2010.0;Tertiaire & Autres;Tertiaire;"[""VILLE DE PARIS""]"
0750912J;Q68YG88FPKZ5;E.E.PU JULIEN LACROIX 16 rue Julien Lacroix;075;école;ECOLE DE NIVEAU ELEMENTAIRE;Paris 20e  Arrondissement;1965-05-01;bdnb-bc-3TJN-X6Z7-58CH;bdnb-bg-EVQA-3BHS-HUBE;75;82.0;4.0;Paris 20e Arrondissement;1900.0;;;;BRIQUES;TUILES;3.0;8.0;2010.0;Tertiaire & Autres;Tertiaire;"[""VILLE DE PARIS""]"
0750918R;91FTY4ZJS2XZ;E.E.PU ROBERT-JEAN LONGUET-Ecole élémentaire 10 avenue Lamoricière;075;école;ECOLE DE NIVEAU ELEMENTAIRE;Paris 12e  Arrondissement;1965-05-01;bdnb-bc-44LD-UK1F-58BE;bdnb-bg-7AE7-S9AW-6R6V;75;2645.0;16.5;Paris 12e Arrondissement;2011.0;;;;INDETERMINE;INDETERMINE;3.0;13.0;2764.0;Tertiaire & Autres;Tertiaire;"[""VILLE DE PARIS""]"
0750920T;3CVAF35W5E5W;E.E.PU LAUGIER 16 rue Laugier;075;école;ECOLE DE NIVEAU ELEMENTAIRE;Paris 17e  Arrondissement;1965-05-01;bdnb-bc-LE9C-WUWH-UQCE;bdnb-bg-JEXD-F7W6-LFU9;75;1608.0;14.2;Paris 17e Arrondissement;2023.0;;;;INDETERMINE;INDETERMINE;4.0;14.0;1608.0;Tertiaire & Autres;Tertiaire;"[""VILLE DE PARIS""]"
0750922V;NRTE3VMJ2QYK;E.E.PU LEGENDRE 49 rue Legendre;075;école;ECOLE DE NIVEAU ELEMENTAIRE;Paris 17e  Arrondissement;1965-05-01;bdnb-bc-MQNV-DLNA-RRWG;bdnb-bg-A1XV-8ELL-Y1EA;75;893.0;17.9;Paris 17e Arrondissement;2023.0;;;;INDETERMINE;INDETERMINE;4.0;18.0;893.0;Tertiaire & Autres;Tertiaire;"[""VILLE DE PARIS"", ""ENEDIS""]"
0750924X;6WBJK5HM6RAR;E.E.PU LESSEPS EA 11 rue de Lesseps;075;école;ECOLE DE NIVEAU ELEMENTAIRE;Paris 20e  Arrondissement;1965-05-01;bdnb-bc-7EZU-97XN-1AH7;bdnb-bg-JY11-4RJG-34ZT;75;626.0;22.0;Paris 20e Arrondissement;1900.0;;;;PIERRE;ARDOISES;4.0;20.0;1616.0;Tertiaire & Autres;Tertiaire;"[""VILLE DE PARIS""]"
0750924X;BWXX8J8WT81M;E.E.PU LESSEPS EA 11 rue de Lesseps;075;école;ECOLE DE NIVEAU ELEMENTAIRE;Paris 20e  Arrondissement;1965-05-01;;;;;;;;;;;;;;;;;;
0750941R;MM61CBBKJ8KZ;E.E.PU MONT CENIS 26 rue du Mont Cenis;075;école;ECOLE DE NIVEAU ELEMENTAIRE;Paris 18e  Arrondissement;1965-05-01;bdnb-bc-LYZC-5BN6-PF31;bdnb-bg-1KBK-4VYH-PJZ8;75;511.0;17.4;Paris 18e Arrondissement;1880.0;;;;PIERRE;ZINC ALUMINIUM;4.0;17.0;572.0;Tertiaire & Autres;Tertiaire;"[""VILLE DE PARIS"", ""ENEDIS""]"
0750941R;NSB3QQNNECPX;E.E.PU MONT CENIS 26 rue du Mont Cenis;075;école;ECOLE DE NIVEAU ELEMENTAIRE;Paris 18e  Arrondissement;1965-05-01;bdnb-bc-A9EM-ATWQ-62Y7;bdnb-bg-1KBK-4VYH-PJZ8;75;26.0;3.0;Paris 18e Arrondissement;1880.0;;;;PIERRE;ZINC ALUMINIUM;4.0;17.0;572.0;Tertiaire & Autres;Tertiaire;"[""VILLE DE PARIS"", ""ENEDIS""]"
0750941R;274NCNQNW7BY;E.E.PU MONT CENIS 26 rue du Mont Cenis;075;école;ECOLE DE NIVEAU ELEMENTAIRE;Paris 18e  Arrondissement;1965-05-01;bdnb-bc-BHZH-9YUX-YAFR;bdnb-bg-1KBK-4VYH-PJZ8;75;36.0;5.0;Paris 18e Arrondissement;1880.0;;;;PIERRE;ZINC ALUMINIUM;4.0;17.0;572.0;Tertiaire & Autres;Tertiaire;"[""VILLE DE PARIS"", ""ENEDIS""]"
0750949Z;RP4VXRPEF2D9;E.E.PU OLIVIER METRA EA 24 rue Olivier Métra;075;école;ECOLE DE NIVEAU ELEMENTAIRE;Paris 20e  Arrondissement;1965-05-01;bdnb-bc-K8AS-FBLT-ZUV7;bdnb-bg-P87H-XEEG-KX6U;75;1122.0;15.1;Paris 20e Arrondissement;2024.0;;;;INDETERMINE;INDETERMINE;2.0;15.0;1574.0;Tertiaire & Autres;Tertiaire;"[""VILLE DE PARIS""]"
0750954E;34PFEMP5A3R8;E.E.PU PARMENTIER EA 109 avenue Parmentier;075;école;ECOLE DE NIVEAU ELEMENTAIRE;Paris 11e  Arrondissement;1965-05-01;bdnb-bc-3FCT-3MX4-MZKY;bdnb-bg-XMN1-NGNX-ZHA9;75;1592.0;19.8;Paris 11e Arrondissement;1905.0;;;;PIERRE;TUILES;4.0;13.0;2011.0;Résidentiel collectif;Tertiaire;"[""VILLE DE PARIS""]"
0750954E;BEDW53C4NAHG;E.E.PU PARMENTIER EA 109 avenue Parmentier;075;école;ECOLE DE NIVEAU ELEMENTAIRE;Paris 11e  Arrondissement;1965-05-01;bdnb-bc-FFGW-GXUX-A2T9;bdnb-bg-XMN1-NGNX-ZHA9;75;48.0;5.0;Paris 11e Arrondissement;1905.0;;;;PIERRE;TUILES;4.0;13.0;2011.0;Résidentiel collectif;Tertiaire;"[""VILLE DE PARIS""]"
0750954E;T4N4QE5GQT97;E.E.PU PARMENTIER EA 109 avenue Parmentier;075;école;ECOLE DE NIVEAU ELEMENTAIRE;Paris 11e  Arrondissement;1965-05-01;bdnb-bc-89CK-DBQB-WFFF;bdnb-bg-XMN1-NGNX-ZHA9;75;227.0;11.9;Paris 11e Arrondissement;1905.0;;;;PIERRE;TUILES;4.0;13.0;2011.0;Résidentiel collectif;Tertiaire;"[""VILLE DE PARIS""]"
0750954E;JJTYVTDJCV5K;E.E.PU PARMENTIER EA 109 avenue Parmentier;075;école;ECOLE DE NIVEAU ELEMENTAIRE;Paris 11e  Arrondissement;1965-05-01;bdnb-bc-3XT5-B2XB-T77G;bdnb-bg-XMN1-NGNX-ZHA9;75;62.0;5.0;Paris 11e Arrondissement;1905.0;;;;PIERRE;TUILES;4.0;13.0;2011.0;Résidentiel collectif;Tertiaire;"[""VILLE DE PARIS""]"
0750962N;JECZ4RPXS6JJ;E.E.PU PIERRE BUDIN 5 rue Pierre Budin;075;école;ECOLE DE NIVEAU ELEMENTAIRE;Paris 18e  Arrondissement;1965-05-01;bdnb-bc-7VYF-4WRJ-DLWD;bdnb-bg-VBKK-8696-B93T;75;1690.0;15.5;Paris 18e Arrondissement;1850.0;;E;;BRIQUES;TUILES;2.0;16.0;1690.0;Tertiaire & Autres;Tertiaire;"[""VILLE DE PARIS""]"
0750962N;NXA7T3DWBR3Q;E.E.PU PIERRE BUDIN 5 rue Pierre Budin;075;école;ECOLE DE NIVEAU ELEMENTAIRE;Paris 18e  Arrondissement;1965-05-01;bdnb-bc-U4ZX-BS5E-PC5K;bdnb-bg-J51N-W88Y-GXNF;75;148.0;15.3;Paris 18e Arrondissement;2023.0;;;;INDETERMINE;INDETERMINE;1.0;15.0;148.0;Tertiaire & Autres;Tertiaire;"[""VILLE DE PARIS""]"
0750967U;B452M1GPG5SP;E.E.PU PLAINE EA 11 rue de la Plaine;075;école;ECOLE DE NIVEAU ELEMENTAIRE;Paris 20e  Arrondissement;1965-05-01;bdnb-bc-9B2W-6PRC-BYWX;bdnb-bg-Y31P-HPHU-WV4V;75;2017.0;12.7;Paris 20e Arrondissement;1893.0;;;;PIERRE;TUILES;4.0;9.0;3139.0;Tertiaire & Autres;Tertiaire;"[""VILLE DE PARIS""]"
0750967U;Y46BH98DAAAE;E.E.PU PLAINE EA 11 rue de la Plaine;075;école;ECOLE DE NIVEAU ELEMENTAIRE;Paris 20e  Arrondissement;1965-05-01;bdnb-bc-33JB-5XAG-U8PG;bdnb-bg-Y31P-HPHU-WV4V;75;505.0;10.5;Paris 20e Arrondissement;1893.0;;;;PIERRE;TUILES;4.0;9.0;3139.0;Tertiaire & Autres;Tertiaire;"[""VILLE DE PARIS""]"
0750967U;XZP7BGE4X2GE;E.E.PU PLAINE EA 11 rue de la Plaine;075;école;ECOLE DE NIVEAU ELEMENTAIRE;Paris 20e  Arrondissement;1965-05-01;bdnb-bc-BGGJ-XCLF-A57B;bdnb-bg-Y31P-HPHU-WV4V;75;270.0;8.6;Paris 20e Arrondissement;1893.0;;;;PIERRE;TUILES;4.0;9.0;3139.0;Tertiaire & Autres;Tertiaire;"[""VILLE DE PARIS""]"
0750967U;2WZ757XNYPZ3;E.E.PU PLAINE EA 11 rue de la Plaine;075;école;ECOLE DE NIVEAU ELEMENTAIRE;Paris 20e  Arrondissement;1965-05-01;bdnb-bc-V6MV-4F24-L3LF;bdnb-bg-Y31P-HPHU-WV4V;75;68.0;9.9;Paris 20e Arrondissement;1893.0;;;;PIERRE;TUILES;4.0;9.0;3139.0;Tertiaire & Autres;Tertiaire;"[""VILLE DE PARIS""]"
0750974B;1V18Y8ZP6FVQ;E.E.PU PRISSE D'AVENNES 5 rue prisse d'avennes;075;école;ECOLE DE NIVEAU ELEMENTAIRE;Paris 14e  Arrondissement;1965-05-01;bdnb-bc-EBA3-R817-K868;bdnb-bg-8UJX-3E5R-PBEX;75;431.0;22.9;Paris 14e Arrondissement;1900.0;;;;INDETERMINE;INDETERMINE;4.0;14.0;549.0;Résidentiel collectif;Tertiaire;"[""VILLE DE PARIS""]"
0750974B;H6WQR522G3HK;E.E.PU PRISSE D'AVENNES 5 rue prisse d'avennes;075;école;ECOLE DE NIVEAU ELEMENTAIRE;Paris 14e  Arrondissement;1965-05-01;bdnb-bc-D3E5-JZKW-6FH9;bdnb-bg-8UJX-3E5R-PBEX;75;118.0;4.1;Paris 14e Arrondissement;1900.0;;;;INDETERMINE;INDETERMINE;4.0;14.0;549.0;Résidentiel collectif;Tertiaire;"[""VILLE DE PARIS""]"
0751009P;22YYFCPWW9H6;E.E.PU TANGER EA 41 rue de Tanger;075;école;ECOLE DE NIVEAU ELEMENTAIRE;Paris 19e  Arrondissement;1965-05-01;bdnb-bc-K1D8-98AP-9LLN;bdnb-bg-CUY8-QY9K-24ZL;75;2908.0;14.2;Paris 19e Arrondissement;2023.0;1948.0;C;;INDETERMINE;INDETERMINE;5.0;10.0;4991.0;Tertiaire & Autres;Tertiaire;"[""VILLE DE PARIS""]"
0751037V;GGPB3SXRHPQW;E.E.PU BARBANEGRE EB 7 rue Barbanègre;075;école;ECOLE DE NIVEAU ELEMENTAIRE;Paris 19e  Arrondissement;1965-09-01;bdnb-bc-B9J1-8MWU-A5K5;bdnb-bg-2E2X-RUMT-H1XK;75;1963.0;13.8;Paris 19e Arrondissement;2023.0;;;;INDETERMINE;INDETERMINE;3.0;10.0;2125.0;Tertiaire & Autres;Tertiaire;"[""VILLE DE PARIS""]"
0751042A;SZZ8DNC893MD;E.P.PU BELZUNCE 3 rue de Belzunce;075;école;ECOLE DE NIVEAU ELEMENTAIRE;Paris 10e  Arrondissement;1965-05-01;bdnb-bc-8QF8-MFZN-RHN7;bdnb-bg-1F5J-2WWK-PWCP;75;734.0;16.5;Paris 10e Arrondissement;1880.0;;;;PIERRE;ZINC ALUMINIUM;4.0;17.0;734.0;Tertiaire & Autres;Tertiaire;"[""VILLE DE PARIS"", ""ENEDIS"", ""GRDF"", ""GRDF AGENCE COMPTABLE""]"
0751054N;M9YHZW8VG92X;E.E.PU BOULANGERS 19 rue des Boulangers;075;école;ECOLE DE NIVEAU ELEMENTAIRE;Paris  5e  Arrondissement;1965-05-01;bdnb-bc-B2ZP-YZCA-3ECS;bdnb-bg-6KJ1-MNAB-VQ81;75;375.0;27.0;Paris 5e Arrondissement;1850.0;;;;BRIQUES - PIERRE;TUILES;4.0;17.0;572.0;Résidentiel collectif;Tertiaire;"[""VILLE DE PARIS""]"
0751054N;45NYBPRBSVD7;E.E.PU BOULANGERS 19 rue des Boulangers;075;école;ECOLE DE NIVEAU ELEMENTAIRE;Paris  5e  Arrondissement;1965-05-01;bdnb-bc-BK4S-GAAJ-88AT;bdnb-bg-6KJ1-MNAB-VQ81;75;80.0;14.4;Paris 5e Arrondissement;1850.0;;;;BRIQUES - PIERRE;TUILES;4.0;17.0;572.0;Résidentiel collectif;Tertiaire;"[""VILLE DE PARIS""]"
0751054N;2N1C73DYVRK4;E.E.PU BOULANGERS 19 rue des Boulangers;075;école;ECOLE DE NIVEAU ELEMENTAIRE;Paris  5e  Arrondissement;1965-05-01;bdnb-bc-R95L-7AWM-6ZSJ;bdnb-bg-6KJ1-MNAB-VQ81;75;118.0;10.0;Paris 5e Arrondissement;1850.0;;;;BRIQUES - PIERRE;TUILES;4.0;17.0;572.0;Résidentiel collectif;Tertiaire;"[""VILLE DE PARIS""]"
0751056R;NSXB6GV8VQ41;E.P.A.PU BOURSAULT 10 rue Boursault;075;école;ECOLE ELEMENTAIRE D APPLICATION;Paris 17e  Arrondissement;1965-05-01;bdnb-bc-XJ3B-8RQB-Y4FT;bdnb-bg-VYG5-K58K-9C8V;75;2804.0;16.0;Paris 17e Arrondissement;2023.0;;;C;INDETERMINE;ARDOISES;5.0;16.0;2804.0;Tertiaire & Autres;Tertiaire;"[""VILLE DE PARIS""]"
0751070F;EPNJR2T3WXAS;E.E.PU CHAMPIONNET 69 rue Championnet;075;école;ECOLE DE NIVEAU ELEMENTAIRE;Paris 18e  Arrondissement;1965-05-01;bdnb-bc-5W1D-AXP4-LP2E;bdnb-bg-YFXR-RYPM-9111;75;422.0;14.6;Paris 18e Arrondissement;1860.0;;;;BRIQUES - MEULIERE;TUILES - ZINC ALUMINIUM;4.0;15.0;422.0;Tertiaire & Autres;Tertiaire;"[""VILLE DE PARIS""]"
0751070F;1EEDBCTM7RR1;E.E.PU CHAMPIONNET 69 rue Championnet;075;école;ECOLE DE NIVEAU ELEMENTAIRE;Paris 18e  Arrondissement;1965-05-01;bdnb-bc-3THA-Z65M-GEWS;bdnb-bg-7GB7-CPLW-MGQG;75;231.0;5.0;Paris 18e Arrondissement;2023.0;;;;INDETERMINE;INDETERMINE;1.0;9.0;370.0;Tertiaire & Autres;Tertiaire;"[""VILLE DE PARIS""]"
0751070F;PY8DSPNRB3NM;E.E.PU CHAMPIONNET 69 rue Championnet;075;école;ECOLE DE NIVEAU ELEMENTAIRE;Paris 18e  Arrondissement;1965-05-01;bdnb-bc-MNZ9-XHCV-7QVJ;bdnb-bg-7GB7-CPLW-MGQG;75;139.0;9.3;Paris 18e Arrondissement;2023.0;;;;INDETERMINE;INDETERMINE;1.0;9.0;370.0;Tertiaire & Autres;Tertiaire;"[""VILLE DE PARIS""]"
0751088A;GC16S32677MR;E.E.PU ST OUEN 23 avenue de Saint Ouen;075;école;ECOLE DE NIVEAU ELEMENTAIRE;Paris 17e  Arrondissement;1965-05-01;bdnb-bc-DY1K-U3Z4-268L;bdnb-bg-X4UP-R2WE-C5AA;75;87.0;5.0;Paris 17e Arrondissement;2023.0;;;;BRIQUES - PIERRE;ARDOISES - ZINC ALUMINIUM;3.0;20.0;3869.0;Tertiaire & Autres;Tertiaire;"[""VILLE DE PARIS""]"
0751094G;HS5QFH3TANJZ;E.E.PU DOUDEAUVILLE 7 rue Doudeauville;075;école;ECOLE DE NIVEAU ELEMENTAIRE;Paris 18e  Arrondissement;1965-05-01;bdnb-bc-D3YE-R7YT-G5VM;bdnb-bg-WHDU-WNT3-E32K;75;2135.0;15.1;Paris 18e Arrondissement;1890.0;;;F;PIERRE;TUILES;4.0;12.0;2687.0;Tertiaire & Autres;Tertiaire;"[""VILLE DE PARIS""]"
0751105U;MPRS45AJF7M1;E.E.A.PU FERDINAND FLOCON 5 rue Ferdinand Flocon;075;école;ECOLE ELEMENTAIRE D APPLICATION;Paris 18e  Arrondissement;1965-05-01;bdnb-bc-DASV-P8DD-VJJY;bdnb-bg-8EVG-QNUG-MYVM;75;1801.0;11.1;Paris 18e Arrondissement;;;;;INDETERMINE;INDETERMINE;3.0;10.0;1956.0;Résidentiel collectif;Tertiaire;"[""VILLE DE PARIS""]"
0751149S;1FY5N2VMBX7N;E.E.PU MARSEILLE 17 rue de Marseille;075;école;ECOLE DE NIVEAU ELEMENTAIRE;Paris 10e  Arrondissement;1965-05-01;bdnb-bc-XXQ8-JHZF-VUR2;bdnb-bg-5ENP-2CN9-6KN7;75;1226.0;18.0;Paris 10e Arrondissement;1943.0;;;;BETON - BRIQUES;ZINC ALUMINIUM;5.0;10.0;1653.0;Tertiaire & Autres;Tertiaire;"[""VILLE DE PARIS""]"
0751152V;NV8MTKRHTWZ2;E.E.PU MARYSE HILSZ 20 rue Maryse Hilsz;075;école;ECOLE DE NIVEAU ELEMENTAIRE;Paris 20e  Arrondissement;1965-05-01;bdnb-bc-UDDF-GH98-LDE7;bdnb-bg-FH8X-9B6H-X1TK;75;84.0;12.3;Paris 20e Arrondissement;1958.0;;;;BETON - AUTRES;ZINC ALUMINIUM - AUTRES;3.0;9.0;2656.0;Tertiaire & Autres;Tertiaire;"[""VILLE DE PARIS""]"
0751167L;82YASJFW6ADK;E.E.PU OURCQ EB 106 bis rue de l'Ourcq;075;école;ECOLE DE NIVEAU ELEMENTAIRE;Paris 19e  Arrondissement;1965-05-01;bdnb-bc-P84J-AMMS-UGF9;bdnb-bg-C4MW-TB3B-LSU1;75;1330.0;4.6;Paris 19e Arrondissement;;1948.0;D;;INDETERMINE;INDETERMINE;13.0;20.0;1974.0;Résidentiel collectif;Résidentiel collectif;"[""IMMOBILIERE 3F""]"
0751175V;3WZGAJE97YSC;E.P.PU PAUL VALERY 18 rue Paul Valéry;075;école;ECOLE DE NIVEAU ELEMENTAIRE;Paris 16e  Arrondissement;1965-05-01;bdnb-bc-82ZW-BKP5-77D2;bdnb-bg-2QTW-GWFF-AV59;75;611.0;7.1;Paris 16e Arrondissement;2023.0;;;;BETON;BETON;5.0;13.0;1052.0;Tertiaire & Autres;Tertiaire;"[""VILLE DE PARIS""]"
0751178Y;19VY2X9KKQKM;E.P.PU PIERRE FONCIN EB 4 rue Pierre Foncin;075;école;ECOLE DE NIVEAU ELEMENTAIRE;Paris 20e  Arrondissement;1965-05-01;bdnb-bc-X1NL-W7QQ-UP44;bdnb-bg-QT2U-V3GX-QS14;75;963.0;7.6;Paris 20e Arrondissement;2024.0;;;;INDETERMINE;INDETERMINE;4.0;9.0;2688.0;Tertiaire & Autres;Tertiaire;"[""VILLE DE PARIS""]"
0751185F;BTVV3ZAX4XVP;E.E.PU PORTE D'IVRY 51 avenue de la Porte d'Ivry;075;école;ECOLE DE NIVEAU ELEMENTAIRE;Paris 13e  Arrondissement;1965-05-01;bdnb-bc-KS1S-F656-4RBG;bdnb-bg-V9MF-FQTF-664Y;75;171.0;4.4;Paris 13e Arrondissement;2022.0;;;;INDETERMINE;INDETERMINE;4.0;6.0;3123.0;Tertiaire & Autres;Tertiaire;"[""VILLE DE PARIS""]"
0751185F;BSFMPRVRDNMQ;E.E.PU PORTE D'IVRY 51 avenue de la Porte d'Ivry;075;école;ECOLE DE NIVEAU ELEMENTAIRE;Paris 13e  Arrondissement;1965-05-01;bdnb-bc-L71J-51BF-Y886;bdnb-bg-V9MF-FQTF-664Y;75;171.0;4.6;Paris 13e Arrondissement;2022.0;;;;INDETERMINE;INDETERMINE;4.0;6.0;3123.0;Tertiaire & Autres;Tertiaire;"[""VILLE DE PARIS""]"
0751208F;XDDZFPBETNHD;E.E.PU SIMON BOLIVAR 67 avenue Simon Bolivar;075;école;ECOLE DE NIVEAU ELEMENTAIRE;Paris 19e  Arrondissement;1965-05-01;bdnb-bc-5R42-18N4-QGCH;bdnb-bg-9KAE-2KH2-KS6J;75;1369.0;11.7;Paris 19e Arrondissement;2023.0;;;;INDETERMINE;INDETERMINE;4.0;7.0;2269.0;Tertiaire & Autres;Tertiaire;"[""VILLE DE PARIS""]"
0751208F;NB7S7HEYQ5R2;E.E.PU SIMON BOLIVAR 67 avenue Simon Bolivar;075;école;ECOLE DE NIVEAU ELEMENTAIRE;Paris 19e  Arrondissement;1965-05-01;bdnb-bc-GL3J-S9MR-2JNX;bdnb-bg-9KAE-2KH2-KS6J;75;433.0;1.7;Paris 19e Arrondissement;2023.0;;;;INDETERMINE;INDETERMINE;4.0;7.0;2269.0;Tertiaire & Autres;Tertiaire;"[""VILLE DE PARIS""]"
0751208F;W1GXZFE81ZX8;E.E.PU SIMON BOLIVAR 67 avenue Simon Bolivar;075;école;ECOLE DE NIVEAU ELEMENTAIRE;Paris 19e  Arrondissement;1965-05-01;bdnb-bc-SMGQ-CQ93-ZB9N;bdnb-bg-9KAE-2KH2-KS6J;75;269.0;4.0;Paris 19e Arrondissement;2023.0;;;;INDETERMINE;INDETERMINE;4.0;7.0;2269.0;Tertiaire & Autres;Tertiaire;"[""VILLE DE PARIS""]"
0751208F;6RJ9HV3MPH4K;E.E.PU SIMON BOLIVAR 67 avenue Simon Bolivar;075;école;ECOLE DE NIVEAU ELEMENTAIRE;Paris 19e  Arrondissement;1965-05-01;bdnb-bc-YASH-CPZP-UQJN;bdnb-bg-9KAE-2KH2-KS6J;75;198.0;11.7;Paris 19e Arrondissement;2023.0;;;;INDETERMINE;INDETERMINE;4.0;7.0;2269.0;Tertiaire & Autres;Tertiaire;"[""VILLE DE PARIS""]"
0751211J;K6YKKPZ458GA;E.E.PU ST BERNARD 31 rue Saint Bernard;075;école;ECOLE DE NIVEAU ELEMENTAIRE;Paris 11e  Arrondissement;1965-05-01;bdnb-bc-Z4VQ-NM5E-37CT;bdnb-bg-7M6L-EV5S-JTG2;75;2045.0;11.4;Paris 11e Arrondissement;2023.0;;;;INDETERMINE;INDETERMINE;3.0;11.0;2045.0;Tertiaire & Autres;Tertiaire;"[""VILLE DE PARIS""]"
0751213L;653J675F7RRV;E.E.PU COLONEL MOLL 16 rue du Colonel Moll;075;école;ECOLE DE NIVEAU ELEMENTAIRE;Paris 17e  Arrondissement;1965-05-01;bdnb-bc-P63V-1EKQ-QC45;bdnb-bg-1W3R-4PX9-K3JW;75;662.0;5.4;Paris 17e Arrondissement;2024.0;;;;INDETERMINE;INDETERMINE;1.0;5.0;851.0;Tertiaire & Autres;Tertiaire;"[""VILLE DE PARIS""]"
0751218S;4487FNMVBHVP;E.E.PU PIERRE GIRARD 9 rue Pierre Girard;075;école;ECOLE DE NIVEAU ELEMENTAIRE;Paris 19e  Arrondissement;1965-05-01;bdnb-bc-2D2Z-QSL6-PU1L;bdnb-bg-U6CG-T3B6-VUS8;75;1115.0;8.4;Paris 19e Arrondissement;2023.0;;;;INDETERMINE;INDETERMINE;3.0;8.0;2708.0;Tertiaire & Autres;Tertiaire;"[""VILLE DE PARIS"", ""REGIE AUTONOME DES TRANSPORTS PARISIENS""]"
0751219T;D8MVCC33D6R5;E.E.PU TELEGRAPHE 29 rue du Télégraphe;075;école;ECOLE DE NIVEAU ELEMENTAIRE;Paris 20e  Arrondissement;1965-05-01;bdnb-bc-J6WB-3WHT-R2RL;bdnb-bg-VYDD-89ET-ZHPR;75;1596.0;13.6;Paris 20e Arrondissement;1934.0;;;;BRIQUES - MEULIERE;BETON;4.0;14.0;2271.0;Tertiaire & Autres;Tertiaire;"[""VILLE DE PARIS""]"
0751225Z;43N3NCN5NQTP;E.E.PU TORCY 5 rue de Torcy;075;école;ECOLE DE NIVEAU ELEMENTAIRE;Paris 18e  Arrondissement;1965-05-01;bdnb-bc-9WDQ-S2AS-SDGY;bdnb-bg-HNGB-5Z4N-VQBP;75;1216.0;12.8;Paris 18e Arrondissement;1875.0;;;;BETON - PIERRE;ZINC ALUMINIUM;3.0;7.0;1312.0;Tertiaire & Autres;Tertiaire;"[""VILLE DE PARIS""]"
0751225Z;EZJPHS28CMNV;E.E.PU TORCY 5 rue de Torcy;075;école;ECOLE DE NIVEAU ELEMENTAIRE;Paris 18e  Arrondissement;1965-05-01;bdnb-bc-42AX-ZN1R-4P8S;bdnb-bg-HNGB-5Z4N-VQBP;75;63.0;5.1;Paris 18e Arrondissement;1875.0;;;;BETON - PIERRE;ZINC ALUMINIUM;3.0;7.0;1312.0;Tertiaire & Autres;Tertiaire;"[""VILLE DE PARIS""]"
0751225Z;GCTAR5BNEET1;E.E.PU TORCY 5 rue de Torcy;075;école;ECOLE DE NIVEAU ELEMENTAIRE;Paris 18e  Arrondissement;1965-05-01;bdnb-bc-MM15-1G5H-LY7B;bdnb-bg-HNGB-5Z4N-VQBP;75;33.0;4.5;Paris 18e Arrondissement;1875.0;;;;BETON - PIERRE;ZINC ALUMINIUM;3.0;7.0;1312.0;Tertiaire & Autres;Tertiaire;"[""VILLE DE PARIS""]"
0751237M;AG3VE744C854;E.E.PU SURENE 18 rue de Surène;075;école;ECOLE DE NIVEAU ELEMENTAIRE;Paris  8e  Arrondissement;1965-05-01;bdnb-bc-YEJZ-K7ZC-9R9Q;bdnb-bg-EQ8V-AC8D-K5KC;75;985.0;24.7;Paris 8e Arrondissement;1969.0;;;E;AUTRES;AUTRES;5.0;25.0;985.0;Tertiaire & Autres;Tertiaire;"[""VILLE DE PARIS"", ""ENEDIS"", ""13 15 VILLE L'EVEQUE""]"
0751245W;S819DPV44G9D;E.M.PU ALLERAY 42 rue d'Alleray;075;école;ECOLE MATERNELLE;Paris 15e  Arrondissement;1965-05-01;bdnb-bc-P8AM-888W-1XWN;bdnb-bg-LSU1-EFEZ-AWMR;75;1532.0;14.1;Paris 15e Arrondissement;1900.0;;E;;MEULIERE - PIERRE;TUILES;2.0;11.0;2833.0;Résidentiel collectif;Tertiaire;"[""VILLE DE PARIS""]"
0751245W;BQVR4RS968MM;E.M.PU ALLERAY 42 rue d'Alleray;075;école;ECOLE MATERNELLE;Paris 15e  Arrondissement;1965-05-01;bdnb-bc-CCTN-SZ8D-8UYD;bdnb-bg-LSU1-EFEZ-AWMR;75;41.0;10.1;Paris 15e Arrondissement;1900.0;;E;;MEULIERE - PIERRE;TUILES;2.0;11.0;2833.0;Résidentiel collectif;Tertiaire;"[""VILLE DE PARIS""]"
0751245W;E9N6KGEC8W5G;E.M.PU ALLERAY 42 rue d'Alleray;075;école;ECOLE MATERNELLE;Paris 15e  Arrondissement;1965-05-01;bdnb-bc-WFEJ-DWA9-1S1B;bdnb-bg-LSU1-EFEZ-AWMR;75;30.0;7.8;Paris 15e Arrondissement;1900.0;;E;;MEULIERE - PIERRE;TUILES;2.0;11.0;2833.0;Résidentiel collectif;Tertiaire;"[""VILLE DE PARIS""]"
0751248Z;GN8W4JXENG3K;E.M.PU ANDRE BRECHET 21 rue André Brechet;075;école;ECOLE MATERNELLE;Paris 17e  Arrondissement;1965-05-01;bdnb-bc-5B2P-E5PQ-7VBK;bdnb-bg-PHC3-D3HS-W3Q9;75;634.0;14.0;Paris 17e Arrondissement;1959.0;;;;BETON;BETON;4.0;14.0;634.0;Résidentiel collectif;Tertiaire;"[""VILLE DE PARIS""]"
0751250B;ZS39JZRDGFMD;E.M.PU CHANTIN 22 rue Antoine Chantin;075;école;ECOLE MATERNELLE;Paris 14e  Arrondissement;1965-05-01;bdnb-bc-BKS7-ZJ2S-RUE2;bdnb-bg-61FH-LSWQ-SHFR;75;104.0;4.9;Paris 14e Arrondissement;1907.0;;;;BRIQUES - PIERRE;TUILES;4.0;9.0;1746.0;Résidentiel collectif;Tertiaire;"[""VILLE DE PARIS""]"
0751250B;KQQWYRMB669X;E.M.PU CHANTIN 22 rue Antoine Chantin;075;école;ECOLE MATERNELLE;Paris 14e  Arrondissement;1965-05-01;bdnb-bc-YFRJ-YZ5T-NTWJ;bdnb-bg-61FH-LSWQ-SHFR;75;346.0;12.1;Paris 14e Arrondissement;1907.0;;;;BRIQUES - PIERRE;TUILES;4.0;9.0;1746.0;Résidentiel collectif;Tertiaire;"[""VILLE DE PARIS""]"
0751258K;JQP1FX22HPHN;E.P.PU  CHAMPIONNET 113 rue Championnet;075;école;ECOLE DE NIVEAU ELEMENTAIRE;Paris 18e  Arrondissement;1965-05-01;bdnb-bc-1CFM-K2B4-6YLT;bdnb-bg-N16C-S29Z-AKNY;75;1280.0;12.8;Paris 18e Arrondissement;1900.0;;;;MEULIERE;ZINC ALUMINIUM;3.0;9.0;1782.0;Tertiaire & Autres;Tertiaire;"[""VILLE DE PARIS""]"
0751258K;GMMD7W92G9PA;E.P.PU  CHAMPIONNET 113 rue Championnet;075;école;ECOLE DE NIVEAU ELEMENTAIRE;Paris 18e  Arrondissement;1965-05-01;bdnb-bc-4S36-8L1Q-VWVX;bdnb-bg-N16C-S29Z-AKNY;75;46.0;16.0;Paris 18e Arrondissement;1900.0;;;;MEULIERE;ZINC ALUMINIUM;3.0;9.0;1782.0;Tertiaire & Autres;Tertiaire;"[""VILLE DE PARIS""]"
0751258K;3ZTMA99Q7R2C;E.P.PU  CHAMPIONNET 113 rue Championnet;075;école;ECOLE DE NIVEAU ELEMENTAIRE;Paris 18e  Arrondissement;1965-05-01;bdnb-bc-PM1A-6N6Y-A89A;bdnb-bg-N16C-S29Z-AKNY;75;56.0;5.3;Paris 18e Arrondissement;1900.0;;;;MEULIERE;ZINC ALUMINIUM;3.0;9.0;1782.0;Tertiaire & Autres;Tertiaire;"[""VILLE DE PARIS""]"
0751258K;KM2D6BGEKG1Y;E.P.PU  CHAMPIONNET 113 rue Championnet;075;école;ECOLE DE NIVEAU ELEMENTAIRE;Paris 18e  Arrondissement;1965-05-01;bdnb-bc-YHQP-89CD-LKU3;bdnb-bg-N16C-S29Z-AKNY;75;228.0;6.5;Paris 18e Arrondissement;1900.0;;;;MEULIERE;ZINC ALUMINIUM;3.0;9.0;1782.0;Tertiaire & Autres;Tertiaire;"[""VILLE DE PARIS""]"
0751258K;YKKWSYY9G5BD;E.P.PU  CHAMPIONNET 113 rue Championnet;075;école;ECOLE DE NIVEAU ELEMENTAIRE;Paris 18e  Arrondissement;1965-05-01;bdnb-bc-S6GE-2RQ9-5CXS;bdnb-bg-N16C-S29Z-AKNY;75;172.0;6.2;Paris 18e Arrondissement;1900.0;;;;MEULIERE;ZINC ALUMINIUM;3.0;9.0;1782.0;Tertiaire & Autres;Tertiaire;"[""VILLE DE PARIS""]"
0751267V;NGYW2RR429RM;E.M.PU BOUVINES V 6 avenue de Bouvines;075;école;ECOLE MATERNELLE;Paris 11e  Arrondissement;1965-05-01;bdnb-bc-14T9-EXHS-EHHC;bdnb-bg-Q5F1-GS47-E2YK;75;1170.0;15.5;Paris 11e Arrondissement;2023.0;;;;INDETERMINE;INDETERMINE;4.0;6.0;1529.0;Tertiaire & Autres;Tertiaire;"[""VILLE DE PARIS""]"
0751267V;G8XD5J77F5Q8;E.M.PU BOUVINES V 6 avenue de Bouvines;075;école;ECOLE MATERNELLE;Paris 11e  Arrondissement;1965-05-01;bdnb-bc-KFUC-Q128-TSWP;bdnb-bg-Q5F1-GS47-E2YK;75;44.0;2.9;Paris 11e Arrondissement;2023.0;;;;INDETERMINE;INDETERMINE;4.0;6.0;1529.0;Tertiaire & Autres;Tertiaire;"[""VILLE DE PARIS""]"
0751267V;2AJDC36R45GG;E.M.PU BOUVINES V 6 avenue de Bouvines;075;école;ECOLE MATERNELLE;Paris 11e  Arrondissement;1965-05-01;bdnb-bc-YRFD-M25Z-LXBP;bdnb-bg-Q5F1-GS47-E2YK;75;54.0;4.2;Paris 11e Arrondissement;2023.0;;;;INDETERMINE;INDETERMINE;4.0;6.0;1529.0;Tertiaire & Autres;Tertiaire;"[""VILLE DE PARIS""]"
0751271Z;9R8C2Z1B3VS6;E.M.PU C. LAGACHE 21 rue du Capitaine Lagache;075;école;ECOLE MATERNELLE;Paris 17e  Arrondissement;1965-05-01;bdnb-bc-ZFH9-E4BE-6GB5;bdnb-bg-A6BX-346R-6XAL;75;1825.0;10.7;Paris 17e Arrondissement;2023.0;;;;BRIQUES - PIERRE;INDETERMINE;3.0;11.0;1825.0;Tertiaire & Autres;Tertiaire;"[""VILLE DE PARIS""]"
0751284N;A9EA3KG7ZFT8;E.M.PU ST DOMINIQUE 117 bis rue Saint Dominique;075;école;ECOLE MATERNELLE;Paris  7e  Arrondissement;1965-05-01;bdnb-bc-3VTR-2HGZ-LY35;bdnb-bg-HNLZ-4T7Y-UEJD;75;1754.0;12.1;Paris 7e Arrondissement;1895.0;;;;PIERRE;TUILES;4.0;10.0;2405.0;Résidentiel collectif;Tertiaire;"[""VILLE DE PARIS""]"
0751285P;J9E617PDE4KF;E.M.PU COUR DES NOUES 26 rue de la Cour des Noues;075;école;ECOLE MATERNELLE;Paris 20e  Arrondissement;1965-05-01;bdnb-bc-5BBJ-58T8-4REB;bdnb-bg-9G8J-BUZ7-EQT1;75;683.0;14.5;Paris 20e Arrondissement;2024.0;;;;BRIQUES - PIERRE;INDETERMINE;4.0;15.0;683.0;Tertiaire & Autres;Tertiaire;"[""VILLE DE PARIS""]"
0751294Z;6BGQZS5K2BD5;E.M.PU BRECHE AUX LOUPS Z 28 rue de la Brêche aux Loups;075;école;ECOLE MATERNELLE;Paris 12e  Arrondissement;1965-05-01;bdnb-bc-DB5J-8M2J-YX7K;bdnb-bg-JGUM-8GA4-72MX;75;2423.0;15.8;Paris 12e Arrondissement;1927.0;;;;BRIQUES - PIERRE;TUILES;4.0;9.0;3352.0;Résidentiel collectif;Tertiaire;"[""VILLE DE PARIS""]"
0751296B;45K92AQH6MRT;E.M.PU DUSSOUBS B 12 rue dussoubs;075;école;ECOLE MATERNELLE;Paris  2e  Arrondissement;1965-05-01;bdnb-bc-TTCT-CXFM-BNNT;bdnb-bg-9UU9-PJTQ-22RJ;75;466.0;15.2;Paris 2e Arrondissement;1880.0;;;;BRIQUES - PIERRE;TUILES;2.0;15.0;511.0;Tertiaire & Autres;Tertiaire;"[""VILLE DE PARIS""]"
0751296B;XX5RQP1JCENC;E.M.PU DUSSOUBS B 12 rue dussoubs;075;école;ECOLE MATERNELLE;Paris  2e  Arrondissement;1965-05-01;bdnb-bc-ECWK-QH71-FJAF;bdnb-bg-9UU9-PJTQ-22RJ;75;45.0;5.0;Paris 2e Arrondissement;1880.0;;;;BRIQUES - PIERRE;TUILES;2.0;15.0;511.0;Tertiaire & Autres;Tertiaire;"[""VILLE DE PARIS""]"
0751299E;929XBD93DJGS;E.M.PU EPINETTES E 44 rue des Epinettes;075;école;ECOLE MATERNELLE;Paris 17e  Arrondissement;1965-05-01;bdnb-bc-7ADA-2FFE-NQDU;bdnb-bg-27MP-6YFM-Q6AL;75;1663.0;16.0;Paris 17e Arrondissement;2023.0;;;;INDETERMINE;INDETERMINE;4.0;8.0;1854.0;Tertiaire & Autres;Tertiaire;"[""VILLE DE PARIS""]"
0751299E;EFPRPTVN96JS;E.M.PU EPINETTES E 44 rue des Epinettes;075;école;ECOLE MATERNELLE;Paris 17e  Arrondissement;1965-05-01;bdnb-bc-NVNY-Z6GE-XW34;bdnb-bg-27MP-6YFM-Q6AL;75;80.0;3.9;Paris 17e Arrondissement;2023.0;;;;INDETERMINE;INDETERMINE;4.0;8.0;1854.0;Tertiaire & Autres;Tertiaire;"[""VILLE DE PARIS""]"
0751299E;Y8H62Y29TJK8;E.M.PU EPINETTES E 44 rue des Epinettes;075;école;ECOLE MATERNELLE;Paris 17e  Arrondissement;1965-05-01;bdnb-bc-1QCH-SMBQ-KNZN;bdnb-bg-27MP-6YFM-Q6AL;75;111.0;5.0;Paris 17e Arrondissement;2023.0;;;;INDETERMINE;INDETERMINE;4.0;8.0;1854.0;Tertiaire & Autres;Tertiaire;"[""VILLE DE PARIS""]"
0751303J;AKCVNPZMZENW;E.M.PU FELIX FAURE J 56 avenue Félix Faure;075;école;ECOLE MATERNELLE;Paris 15e  Arrondissement;1965-05-01;bdnb-bc-DN17-PLHW-PXY7;bdnb-bg-D8LB-P7MX-497C;75;846.0;10.3;Paris 15e Arrondissement;2023.0;;;;BETON;BETON - ZINC ALUMINIUM;3.0;10.0;936.0;Tertiaire & Autres;Tertiaire;"[""VILLE DE PARIS""]"
0751303J;VHK99WMHXY5D;E.M.PU FELIX FAURE J 56 avenue Félix Faure;075;école;ECOLE MATERNELLE;Paris 15e  Arrondissement;1965-05-01;bdnb-bc-BJ4G-U1FR-NK2Z;bdnb-bg-D8LB-P7MX-497C;75;71.0;5.0;Paris 15e Arrondissement;2023.0;;;;BETON;BETON - ZINC ALUMINIUM;3.0;10.0;936.0;Tertiaire & Autres;Tertiaire;"[""VILLE DE PARIS""]"
0751318A;85D1NJ4A6V2V;E.M.PU J. BOUTON 7 rue Jean Bouton;075;école;ECOLE MATERNELLE;Paris 12e  Arrondissement;1965-05-01;bdnb-bc-199J-2Y6A-Y9DD;bdnb-bg-9NEN-E2VG-Z55P;75;165.0;12.9;Paris 12e Arrondissement;1900.0;;;;BRIQUES - PIERRE;TUILES - ZINC ALUMINIUM;4.0;12.0;1786.0;Résidentiel collectif;Tertiaire;"[""VILLE DE PARIS""]"
0751325H;M3W22J8A5NPF;E.P.PU KUSS 8 rue Kuss;075;école;ECOLE DE NIVEAU ELEMENTAIRE;Paris 13e  Arrondissement;1965-05-01;bdnb-bc-AKBT-C4FB-6WGW;bdnb-bg-75H8-RGH9-JUV8;75;890.0;9.4;Paris 13e Arrondissement;1940.0;;;;PIERRE;ARDOISES;4.0;13.0;1955.0;Résidentiel collectif;Tertiaire;"[""VILLE DE PARIS""]"
0751325H;EK1ME56SC8H4;E.P.PU KUSS 8 rue Kuss;075;école;ECOLE DE NIVEAU ELEMENTAIRE;Paris 13e  Arrondissement;1965-05-01;bdnb-bc-FPND-5FMW-FVN2;bdnb-bg-75H8-RGH9-JUV8;75;958.0;22.5;Paris 13e Arrondissement;1940.0;;;;PIERRE;ARDOISES;4.0;13.0;1955.0;Résidentiel collectif;Tertiaire;"[""VILLE DE PARIS""]"
0751325H;Y56KEW5NZE27;E.P.PU KUSS 8 rue Kuss;075;école;ECOLE DE NIVEAU ELEMENTAIRE;Paris 13e  Arrondissement;1965-05-01;bdnb-bc-GDSS-46GT-3PG2;bdnb-bg-75H8-RGH9-JUV8;75;107.0;5.8;Paris 13e Arrondissement;1940.0;;;;PIERRE;ARDOISES;4.0;13.0;1955.0;Résidentiel collectif;Tertiaire;"[""VILLE DE PARIS""]"
0751326J;Z77Q5RS9W2ES;E.M.PU LACORDAIRE J 5 rue Lacordaire;075;école;ECOLE MATERNELLE;Paris 15e  Arrondissement;1965-05-01;bdnb-bc-T76A-96VP-YFHC;bdnb-bg-2BKW-X9U8-RFKN;75;1080.0;13.7;Paris 15e Arrondissement;1988.0;;;;PIERRE;TUILES;4.0;8.0;2698.0;Résidentiel collectif;Tertiaire;"[""VILLE DE PARIS""]"
0751326J;K7FG2KKYA4G7;E.M.PU LACORDAIRE J 5 rue Lacordaire;075;école;ECOLE MATERNELLE;Paris 15e  Arrondissement;1965-05-01;bdnb-bc-4AB2-Q763-82XX;bdnb-bg-2BKW-X9U8-RFKN;75;156.0;5.3;Paris 15e Arrondissement;1988.0;;;;PIERRE;TUILES;4.0;8.0;2698.0;Résidentiel collectif;Tertiaire;"[""VILLE DE PARIS""]"
0751326J;4P2KNH4JRWJM;E.M.PU LACORDAIRE J 5 rue Lacordaire;075;école;ECOLE MATERNELLE;Paris 15e  Arrondissement;1965-05-01;bdnb-bc-EHWD-3Q33-119V;bdnb-bg-2BKW-X9U8-RFKN;75;1400.0;4.8;Paris 15e Arrondissement;1988.0;;;;PIERRE;TUILES;4.0;8.0;2698.0;Résidentiel collectif;Tertiaire;"[""VILLE DE PARIS""]"
0751331P;T5JPY31NNW4A;E.M.PU LE VAU 8 rue Le Vau;075;école;ECOLE MATERNELLE;Paris 20e  Arrondissement;1965-05-01;bdnb-bc-AUJM-5EBK-7Y8J;bdnb-bg-DTA2-68AE-43AY;75;2969.0;17.0;Paris 20e Arrondissement;1976.0;;;;BETON - AUTRES;BETON - AUTRES;4.0;11.0;3073.0;Tertiaire & Autres;Tertiaire;"[""VILLE DE PARIS""]"
0751345E;DFYWY7F6THNS;E.M.PU MAURICE ROUVIER E 2 rue Maurice Rouvier;075;école;ECOLE MATERNELLE;Paris 14e  Arrondissement;1965-05-01;bdnb-bc-CVY2-E11K-86L2;bdnb-bg-Y9Q9-4Z86-5G44;75;2255.0;12.0;Paris 14e Arrondissement;1900.0;;;;BRIQUES - PIERRE;TUILES;4.0;8.0;2288.0;Résidentiel collectif;Tertiaire;"[""VILLE DE PARIS""]"
0751348H;6TNXJND8ZDG5;E.M.PU MOUFFETARD 29 rue Mouffetard;075;école;ECOLE MATERNELLE;Paris  5e  Arrondissement;1965-05-01;bdnb-bc-A665-NMHD-QZTJ;bdnb-bg-4DM5-62MA-CL2P;75;146.0;20.0;Paris 5e Arrondissement;1800.0;;D;;BRIQUES - PIERRE;INDETERMINE;6.0;20.0;146.0;Résidentiel collectif;Tertiaire;"[""S C I LYNCH""]"
0751354P;1VJJ9C67ZCWC;E.M.PU OLIVIER METRA P 29 rue Olivier Métra;075;école;ECOLE MATERNELLE;Paris 20e  Arrondissement;1965-05-01;bdnb-bc-W2K2-D3NC-X9N7;bdnb-bg-PQ1T-EHLX-HX97;75;703.0;8.3;Paris 20e Arrondissement;2024.0;;;;INDETERMINE;INDETERMINE;2.0;7.0;737.0;Tertiaire & Autres;Tertiaire;"[""VILLE DE PARIS""]"
0751354P;3RSQX3M624TN;E.M.PU OLIVIER METRA P 29 rue Olivier Métra;075;école;ECOLE MATERNELLE;Paris 20e  Arrondissement;1965-05-01;bdnb-bc-KP6G-2TS4-3MCP;bdnb-bg-PQ1T-EHLX-HX97;75;33.0;4.7;Paris 20e Arrondissement;2024.0;;;;INDETERMINE;INDETERMINE;2.0;7.0;737.0;Tertiaire & Autres;Tertiaire;"[""VILLE DE PARIS""]"
0751361X;KAVZMN76Z2TS;E.M.PU PARMENTIER X 111 avenue Parmentier;075;école;ECOLE MATERNELLE;Paris 11e  Arrondissement;1965-05-01;bdnb-bc-NNC1-4FSW-J966;bdnb-bg-XMN1-NGNX-ZHA9;75;81.0;6.9;Paris 11e Arrondissement;1905.0;;;;PIERRE;TUILES;4.0;13.0;2011.0;Résidentiel collectif;Tertiaire;"[""VILLE DE PARIS""]"
0751367D;DB3Z1S7274D3;E.M.PU PEREIRE D 221 boulevard Pereire;075;école;ECOLE MATERNELLE;Paris 17e  Arrondissement;1965-05-01;bdnb-bc-QM2W-JLGE-X92F;bdnb-bg-RJHB-XD73-8CJ4;75;221.0;7.3;Paris 17e Arrondissement;1989.0;;;;INDETERMINE;INDETERMINE;2.0;9.0;1095.0;Tertiaire & Autres;Tertiaire;"[""VILLE DE PARIS"", ""SOCIETE NATIONALE SNCF""]"
0751381U;GYVSKK72X4PH;E.M.PU RETRAIT 24 rue du Retrait;075;école;ECOLE MATERNELLE;Paris 20e  Arrondissement;1965-05-01;bdnb-bc-47GD-1RG9-VWMR;bdnb-bg-C9KH-84VF-TB7A;75;170.0;4.4;Paris 20e Arrondissement;2024.0;;;;INDETERMINE;INDETERMINE;4.0;8.0;993.0;Tertiaire & Autres;Tertiaire;"[""VILLE DE PARIS""]"
0751381U;EEJJAYYHNZCQ;E.M.PU RETRAIT 24 rue du Retrait;075;école;ECOLE MATERNELLE;Paris 20e  Arrondissement;1965-05-01;bdnb-bc-3VDK-WAX7-4SW4;bdnb-bg-4Y81-R8XF-ZU5D;75;934.0;20.0;Paris 20e Arrondissement;2024.0;;;;INDETERMINE;INDETERMINE;1.0;15.0;1569.0;Tertiaire & Autres;Tertiaire;"[""VILLE DE PARIS""]"
0751381U;H73PVWWR1X63;E.M.PU RETRAIT 24 rue du Retrait;075;école;ECOLE MATERNELLE;Paris 20e  Arrondissement;1965-05-01;bdnb-bc-EV1Q-F1ZD-7CFU;bdnb-bg-4Y81-R8XF-ZU5D;75;298.0;6.0;Paris 20e Arrondissement;2024.0;;;;INDETERMINE;INDETERMINE;1.0;15.0;1569.0;Tertiaire & Autres;Tertiaire;"[""VILLE DE PARIS""]"
0751381U;7JEPSRXTHDZQ;E.M.PU RETRAIT 24 rue du Retrait;075;école;ECOLE MATERNELLE;Paris 20e  Arrondissement;1965-05-01;bdnb-bc-E7LE-PGWZ-DLB4;bdnb-bg-C9KH-84VF-TB7A;75;233.0;8.3;Paris 20e Arrondissement;2024.0;;;;INDETERMINE;INDETERMINE;4.0;8.0;993.0;Tertiaire & Autres;Tertiaire;"[""VILLE DE PARIS""]"
0751386Z;K6R3AQMP7W46;E.M.PU ROQUEPINE 16 rue Roquepine;075;école;ECOLE MATERNELLE;Paris  8e  Arrondissement;1965-05-01;bdnb-bc-PHE9-7SDS-ML39;bdnb-bg-Q8HE-VBLM-UEDD;75;426.0;7.3;Paris 8e Arrondissement;2022.0;;;;INDETERMINE;INDETERMINE;7.0;7.0;753.0;Tertiaire & Autres;Tertiaire;"[""VILLE DE PARIS"", ""ENEDIS""]"
0751386Z;49165SQY728T;E.M.PU ROQUEPINE 16 rue Roquepine;075;école;ECOLE MATERNELLE;Paris  8e  Arrondissement;1965-05-01;bdnb-bc-Z2RG-77SR-M5KD;bdnb-bg-Q8HE-VBLM-UEDD;75;185.0;13.8;Paris 8e Arrondissement;2022.0;;;;INDETERMINE;INDETERMINE;7.0;7.0;753.0;Tertiaire & Autres;Tertiaire;"[""VILLE DE PARIS"", ""ENEDIS""]"
0751386Z;N21KYMX91RNT;E.M.PU ROQUEPINE 16 rue Roquepine;075;école;ECOLE MATERNELLE;Paris  8e  Arrondissement;1965-05-01;bdnb-bc-NHJU-ZBNX-WDW8;bdnb-bg-Q8HE-VBLM-UEDD;75;49.0;7.6;Paris 8e Arrondissement;2022.0;;;;INDETERMINE;INDETERMINE;7.0;7.0;753.0;Tertiaire & Autres;Tertiaire;"[""VILLE DE PARIS"", ""ENEDIS""]"
0751386Z;7QAV9H4F3D22;E.M.PU ROQUEPINE 16 rue Roquepine;075;école;ECOLE MATERNELLE;Paris  8e  Arrondissement;1965-05-01;bdnb-bc-N72G-3AZD-CSGF;bdnb-bg-Q8HE-VBLM-UEDD;75;94.0;0.5;Paris 8e Arrondissement;2022.0;;;;INDETERMINE;INDETERMINE;7.0;7.0;753.0;Tertiaire & Autres;Tertiaire;"[""VILLE DE PARIS"", ""ENEDIS""]"
0751391E;CFPZHAT74FDN;E.M.PU SERVAN E 54 rue Servan;075;école;ECOLE MATERNELLE;Paris 11e  Arrondissement;1965-05-01;bdnb-bc-UTNB-UMNN-NJE1;bdnb-bg-WUVQ-HV1Y-GLYH;75;1109.0;6.4;Paris 11e Arrondissement;1950.0;1982.0;;;PIERRE;ARDOISES;3.0;9.0;3248.0;Tertiaire & Autres;Tertiaire;"[""VILLE DE PARIS""]"
0751395J;XRA82ZJ4Z9Y9;E.M.PU SOMMERARD 10 rue du Sommerard;075;école;ECOLE MATERNELLE;Paris  5e  Arrondissement;1965-05-01;bdnb-bc-GUDF-BYFR-X8JN;bdnb-bg-JFRV-RKZE-HKJR;75;492.0;12.7;Paris 5e Arrondissement;1890.0;;;;MEULIERE;TUILES;3.0;13.0;492.0;Résidentiel collectif;Tertiaire;"[""VILLE DE PARIS""]"
0751407X;22YYFCPWW9H6;E.M.PU TANGER X 41 rue de Tanger;075;école;ECOLE MATERNELLE;Paris 19e  Arrondissement;1965-05-01;bdnb-bc-K1D8-98AP-9LLN;bdnb-bg-CUY8-QY9K-24ZL;75;2908.0;14.2;Paris 19e Arrondissement;2023.0;1948.0;C;;INDETERMINE;INDETERMINE;5.0;10.0;4991.0;Tertiaire & Autres;Tertiaire;"[""VILLE DE PARIS""]"
0751412C;43N3NCN5NQTP;E.M.PU TORCY C 7 rue de Torcy;075;école;ECOLE MATERNELLE;Paris 18e  Arrondissement;1965-05-01;bdnb-bc-9WDQ-S2AS-SDGY;bdnb-bg-HNGB-5Z4N-VQBP;75;1216.0;12.8;Paris 18e Arrondissement;1875.0;;;;BETON - PIERRE;ZINC ALUMINIUM;3.0;7.0;1312.0;Tertiaire & Autres;Tertiaire;"[""VILLE DE PARIS""]"
0751435C;NYWKS5W468F1;E.M.PU BRETONNEAU C 12 rue Bretonneau;075;école;ECOLE MATERNELLE;Paris 20e  Arrondissement;1965-05-01;bdnb-bc-KA69-BLE6-YWD9;bdnb-bg-1W69-8Q3P-BH4M;75;632.0;11.2;Paris 20e Arrondissement;2024.0;;;;INDETERMINE;INDETERMINE;3.0;11.0;672.0;Tertiaire & Autres;Tertiaire;"[""VILLE DE PARIS""]"
0751563S;P2FAVNBD1EP8;Collège de Stael;075;collège;COLLEGE;Paris 15e  Arrondissement;1969-07-15;bdnb-bc-BK6H-MQEH-WLH7;bdnb-bg-2XKS-PX9L-GYS3;75;1128.0;13.1;Paris 15e Arrondissement;1880.0;;;;INDETERMINE;INDETERMINE;1.0;13.0;1128.0;Résidentiel individuel;Tertiaire;"[""MINISTERE DE L'EDUCATION NATIONALE  DE L'ENSEIGNEMENT SUPERI"", ""ETAT PAR DIRECTION DE L IMMOBILIER DE L ETAT""]"
0751727V;X6WQZ5ZXG33D;E.M.PU CAMBRAI 5 bis rue Cambrai;075;école;ECOLE MATERNELLE;Paris 19e  Arrondissement;1970-04-15;bdnb-bc-KJ18-F6LF-DKDT;bdnb-bg-1HD8-2PCH-MFJM;75;2647.0;11.1;Paris 19e Arrondissement;2023.0;;;;INDETERMINE;INDETERMINE;3.0;11.0;2647.0;Tertiaire & Autres;Tertiaire;"[""VILLE DE PARIS""]"
0751727V;X6WQZ5ZXG33D;E.M.PU CAMBRAI 5 bis rue Cambrai;075;école;ECOLE MATERNELLE;Paris 19e  Arrondissement;1970-04-15;bdnb-bc-XG9G-7LD1-FFND;bdnb-bg-P83Y-RWTW-XQY8;75;570.0;11.1;Paris 19e Arrondissement;2014.0;;;;INDETERMINE;INDETERMINE;1.0;11.0;829.0;Tertiaire & Autres;Tertiaire;"[""VILLE DE PARIS""]"
0751790N;VKYXN4MTQRGG;Collège Pierre Alviset;075;collège;COLLEGE;Paris  5e  Arrondissement;1971-03-01;bdnb-bc-G934-QNZR-6MWW;bdnb-bg-RFJL-SM38-BC3K;75;773.0;13.9;Paris 5e Arrondissement;2023.0;;;;INDETERMINE;INDETERMINE;4.0;14.0;773.0;Tertiaire & Autres;Tertiaire;"[""MINISTERE DE L'EDUCATION NATIONALE  DE L'ENSEIGNEMENT SUPERI"", ""ETAT PAR DIRECTION DE L IMMOBILIER DE L ETAT""]"
0751791P;GM6XMH3H66ZK;Collège Condorcet;075;collège;COLLEGE;Paris  8e  Arrondissement;1971-03-02;bdnb-bc-TZJH-EWDB-NWNH;bdnb-bg-B5NJ-JPNJ-Y4Y3;75;1795.0;16.9;Paris 8e Arrondissement;1900.0;;;;INDETERMINE;INDETERMINE;4.0;17.0;1795.0;Tertiaire & Autres;Tertiaire;"[""VILLE DE PARIS"", ""ENEDIS""]"
0751793S;EKBSY18XBASK;Collège Maurice Utrillo;075;collège;COLLEGE;Paris 18e  Arrondissement;1971-03-02;bdnb-bc-ZK7E-2FZX-5FNZ;bdnb-bg-PH35-1LD6-WTGL;75;1315.0;15.9;Paris 18e Arrondissement;2023.0;;;;INDETERMINE;INDETERMINE;4.0;10.0;4185.0;Tertiaire & Autres;Tertiaire;"[""VILLE DE PARIS""]"
0752078B;SDY427FPEHEA;E.P.PU ST DIDIER 15 bis rue Saint Didier;075;école;ECOLE DE NIVEAU ELEMENTAIRE;Paris 16e  Arrondissement;1971-06-21;bdnb-bc-YMMU-JNEV-2M2N;bdnb-bg-K1NJ-ZTZ4-UH7V;75;1134.0;10.9;Paris 16e Arrondissement;2023.0;;;;INDETERMINE;INDETERMINE;3.0;11.0;1134.0;Tertiaire & Autres;Tertiaire;"[""VILLE DE PARIS"", ""ENEDIS""]"
0752107H;6QZC9G9C7DTJ;Collège Pierre de Ronsard;075;collège;COLLEGE;Paris 17e  Arrondissement;1972-02-17;bdnb-bc-H6G7-W1DJ-EKY5;bdnb-bg-45H3-K62E-4GJX;75;2856.0;13.4;Paris 17e Arrondissement;1900.0;;;;PIERRE;ZINC ALUMINIUM;6.0;6.0;3459.0;Tertiaire & Autres;Tertiaire;"[""VILLE DE PARIS""]"
0752189X;7S19DEH18FJT;Collège Guy Flavien;075;collège;COLLEGE;Paris 12e  Arrondissement;1973-04-10;bdnb-bc-AW2A-AYR2-RXBY;bdnb-bg-YXW1-2YG5-PFVU;75;1825.0;10.8;Paris 12e Arrondissement;1981.0;1974.0;;;INDETERMINE;INDETERMINE;4.0;6.0;5601.0;Tertiaire & Autres;Tertiaire;"[""VILLE DE PARIS""]"
0752192A;K52AVV7GYAMM;Collège Georges Duhamel;075;collège;COLLEGE;Paris 15e  Arrondissement;1973-04-10;bdnb-bc-92AJ-1T7M-H92F;bdnb-bg-3WQH-1HLT-5T9Z;75;3400.0;8.2;Paris 15e Arrondissement;1960.0;;;;BETON - MEULIERE;TUILES - ZINC ALUMINIUM;3.0;5.0;3563.0;Résidentiel collectif;Tertiaire;"[""VILLE DE PARIS""]"
0752330A;8G1YKF42FHAN;E.E.PU BIGNON 4 rue Bignon;075;école;ECOLE DE NIVEAU ELEMENTAIRE;Paris 12e  Arrondissement;1975-05-09;bdnb-bc-5JMQ-CMJ4-RZNU;bdnb-bg-CCNB-2K6S-RE6S;75;1504.0;14.5;Paris 12e Arrondissement;1886.0;;;;PIERRE;TUILES - ZINC ALUMINIUM;3.0;7.0;2490.0;Résidentiel collectif;Tertiaire;"[""VILLE DE PARIS"", ""ENEDIS""]"
0752330A;C8N92HDGD434;E.E.PU BIGNON 4 rue Bignon;075;école;ECOLE DE NIVEAU ELEMENTAIRE;Paris 12e  Arrondissement;1975-05-09;bdnb-bc-MADQ-ZUAS-YE4D;bdnb-bg-CCNB-2K6S-RE6S;75;48.0;5.5;Paris 12e Arrondissement;1886.0;;;;PIERRE;TUILES - ZINC ALUMINIUM;3.0;7.0;2490.0;Résidentiel collectif;Tertiaire;"[""VILLE DE PARIS"", ""ENEDIS""]"
0752404F;8VXZQ71P195Q;E.M.PU RICHARD LENOIR 13 boulevard Richard Lenoir;075;école;ECOLE MATERNELLE;Paris 11e  Arrondissement;1976-05-12;bdnb-bc-EDDM-JEF7-JBWT;bdnb-bg-QQRS-ZZ14-ATM5;75;240.0;5.0;Paris 11e Arrondissement;2023.0;;;;INDETERMINE;INDETERMINE;4.0;;648.0;Tertiaire & Autres;Tertiaire;"[""VILLE DE PARIS""]"
0752404F;8VXZQ71P195Q;E.M.PU RICHARD LENOIR 13 boulevard Richard Lenoir;075;école;ECOLE MATERNELLE;Paris 11e  Arrondissement;1976-05-12;bdnb-bc-LBCR-5EW3-VM68;bdnb-bg-QQRS-ZZ14-ATM5;75;38.0;5.0;Paris 11e Arrondissement;2023.0;;;;INDETERMINE;INDETERMINE;4.0;;648.0;Tertiaire & Autres;Tertiaire;"[""VILLE DE PARIS""]"
0752404F;8VXZQ71P195Q;E.M.PU RICHARD LENOIR 13 boulevard Richard Lenoir;075;école;ECOLE MATERNELLE;Paris 11e  Arrondissement;1976-05-12;bdnb-bc-NNGC-LFDP-CDYC;bdnb-bg-QQRS-ZZ14-ATM5;75;304.0;5.0;Paris 11e Arrondissement;2023.0;;;;INDETERMINE;INDETERMINE;4.0;;648.0;Tertiaire & Autres;Tertiaire;"[""VILLE DE PARIS""]"
0752404F;8HKW2GPZ4KZ7;E.M.PU RICHARD LENOIR 13 boulevard Richard Lenoir;075;école;ECOLE MATERNELLE;Paris 11e  Arrondissement;1976-05-12;;;;;;;;;;;;;;;;;;
0752532V;5FK9TPJK6WS7;Collège Jacques Decour;075;collège;COLLEGE;Paris  9e  Arrondissement;1977-03-11;bdnb-bc-XWZ3-QLUY-V8NM;bdnb-bg-YWVN-3KMA-W4CX;75;1044.0;19.4;Paris 9e Arrondissement;1997.0;;;;INDETERMINE;INDETERMINE;4.0;15.0;9435.0;Résidentiel collectif;Tertiaire;"[""VILLE DE PARIS""]"
0752539C;PZETZ3KDZTXP;Collège Claude Monet;075;collège;COLLEGE;Paris 13e  Arrondissement;1977-03-11;bdnb-bc-LS5P-PL3V-FK4E;bdnb-bg-FPXK-LACC-Z3PB;75;3871.0;16.6;Paris 13e Arrondissement;1955.0;;;;PIERRE;ARDOISES;6.0;8.0;5308.0;Résidentiel collectif;Tertiaire;"[""VILLE DE PARIS""]"
0752543G;W1AA5R8SG1GV;Collège Paul Bert;075;collège;COLLEGE;Paris 14e  Arrondissement;1977-03-11;bdnb-bc-AXXP-AMJM-Q7X5;bdnb-bg-VGK6-8SKB-MWLX;75;396.0;22.5;Paris 14e Arrondissement;1897.0;;;;BRIQUES;ARDOISES;4.0;14.0;646.0;Résidentiel collectif;Tertiaire;"[""LYCEE GENERAL ET TECHNOLOGIQUE PAUL BERT"", ""VILLE DE PARIS""]"
0752543G;8Z6DQWJ841AY;Collège Paul Bert;075;collège;COLLEGE;Paris 14e  Arrondissement;1977-03-11;bdnb-bc-XUW8-LHZU-B6B4;bdnb-bg-VGK6-8SKB-MWLX;75;188.0;7.9;Paris 14e Arrondissement;1897.0;;;;BRIQUES;ARDOISES;4.0;14.0;646.0;Résidentiel collectif;Tertiaire;"[""LYCEE GENERAL ET TECHNOLOGIQUE PAUL BERT"", ""VILLE DE PARIS""]"
0752543G;4ET2MQDNC67A;Collège Paul Bert;075;collège;COLLEGE;Paris 14e  Arrondissement;1977-03-11;bdnb-bc-97M4-MBKY-CTFS;bdnb-bg-VGK6-8SKB-MWLX;75;30.0;10.8;Paris 14e Arrondissement;1897.0;;;;BRIQUES;ARDOISES;4.0;14.0;646.0;Résidentiel collectif;Tertiaire;"[""LYCEE GENERAL ET TECHNOLOGIQUE PAUL BERT"", ""VILLE DE PARIS""]"
0752543G;6E13K8JT7EA5;Collège Paul Bert;075;collège;COLLEGE;Paris 14e  Arrondissement;1977-03-11;bdnb-bc-A6DC-7PR1-A9AW;bdnb-bg-VGK6-8SKB-MWLX;75;32.0;5.0;Paris 14e Arrondissement;1897.0;;;;BRIQUES;ARDOISES;4.0;14.0;646.0;Résidentiel collectif;Tertiaire;"[""LYCEE GENERAL ET TECHNOLOGIQUE PAUL BERT"", ""VILLE DE PARIS""]"
0752551R;P8KDBT3ZTJ7A;Collège Molière;075;collège;COLLEGE;Paris 16e  Arrondissement;1977-03-11;bdnb-bc-J7R8-X584-X142;bdnb-bg-3WZ4-N1ZE-DML1;75;4291.0;20.9;Paris 16e Arrondissement;1888.0;;;;BRIQUES - PIERRE;ARDOISES;3.0;12.0;4833.0;Résidentiel collectif;Tertiaire;"[""MINISTERE DE L'EDUCATION NATIONALE  DE L'ENSEIGNEMENT SUPERI"", ""LYCEE GENERAL MOLIERE""]"
0752551R;2WFATDD95RJF;Collège Molière;075;collège;COLLEGE;Paris 16e  Arrondissement;1977-03-11;bdnb-bc-FBBU-A122-1FR2;bdnb-bg-3WZ4-N1ZE-DML1;75;136.0;5.0;Paris 16e Arrondissement;1888.0;;;;BRIQUES - PIERRE;ARDOISES;3.0;12.0;4833.0;Résidentiel collectif;Tertiaire;"[""MINISTERE DE L'EDUCATION NATIONALE  DE L'ENSEIGNEMENT SUPERI"", ""LYCEE GENERAL MOLIERE""]"
0752551R;6M337M96RPFH;Collège Molière;075;collège;COLLEGE;Paris 16e  Arrondissement;1977-03-11;bdnb-bc-FSZ1-PX38-616T;bdnb-bg-3WZ4-N1ZE-DML1;75;149.0;1.9;Paris 16e Arrondissement;1888.0;;;;BRIQUES - PIERRE;ARDOISES;3.0;12.0;4833.0;Résidentiel collectif;Tertiaire;"[""MINISTERE DE L'EDUCATION NATIONALE  DE L'ENSEIGNEMENT SUPERI"", ""LYCEE GENERAL MOLIERE""]"
0752551R;JKHBGF49HVT3;Collège Molière;075;collège;COLLEGE;Paris 16e  Arrondissement;1977-03-11;bdnb-bc-WJG8-Y85Z-MTVE;bdnb-bg-3WZ4-N1ZE-DML1;75;130.0;12.0;Paris 16e Arrondissement;1888.0;;;;BRIQUES - PIERRE;ARDOISES;3.0;12.0;4833.0;Résidentiel collectif;Tertiaire;"[""MINISTERE DE L'EDUCATION NATIONALE  DE L'ENSEIGNEMENT SUPERI"", ""LYCEE GENERAL MOLIERE""]"
0752551R;RV5ZB6HZ3FTW;Collège Molière;075;collège;COLLEGE;Paris 16e  Arrondissement;1977-03-11;bdnb-bc-AF9D-7CPE-21P4;bdnb-bg-3WZ4-N1ZE-DML1;75;43.0;5.0;Paris 16e Arrondissement;1888.0;;;;BRIQUES - PIERRE;ARDOISES;3.0;12.0;4833.0;Résidentiel collectif;Tertiaire;"[""MINISTERE DE L'EDUCATION NATIONALE  DE L'ENSEIGNEMENT SUPERI"", ""LYCEE GENERAL MOLIERE""]"
0752551R;8PV742AHZ2HA;Collège Molière;075;collège;COLLEGE;Paris 16e  Arrondissement;1977-03-11;bdnb-bc-URRQ-Q6Y7-61AU;bdnb-bg-3WZ4-N1ZE-DML1;75;65.0;5.0;Paris 16e Arrondissement;1888.0;;;;BRIQUES - PIERRE;ARDOISES;3.0;12.0;4833.0;Résidentiel collectif;Tertiaire;"[""MINISTERE DE L'EDUCATION NATIONALE  DE L'ENSEIGNEMENT SUPERI"", ""LYCEE GENERAL MOLIERE""]"
0752576T;TGZSC16YP4M7;E.E.PU ARAGO 87 boulevard Arago;075;école;ECOLE DE NIVEAU ELEMENTAIRE;Paris 14e  Arrondissement;1977-06-29;bdnb-bc-7G1L-B5K8-UTCK;bdnb-bg-679B-WMTQ-ZJHL;75;1283.0;14.6;Paris 14e Arrondissement;1882.0;;;;PIERRE;ARDOISES - TUILES;3.0;13.0;1522.0;Résidentiel collectif;Tertiaire;"[""VILLE DE PARIS""]"
0752576T;BQJX3KA8179V;E.E.PU ARAGO 87 boulevard Arago;075;école;ECOLE DE NIVEAU ELEMENTAIRE;Paris 14e  Arrondissement;1977-06-29;bdnb-bc-C5UP-RT81-AH6H;bdnb-bg-679B-WMTQ-ZJHL;75;239.0;10.9;Paris 14e Arrondissement;1882.0;;;;PIERRE;ARDOISES - TUILES;3.0;13.0;1522.0;Résidentiel collectif;Tertiaire;"[""VILLE DE PARIS""]"
0752632D;WXGSAVCE21XV;E.E.PU JUSSIENNE 3 rue de la Jussienne;075;école;ECOLE DE NIVEAU ELEMENTAIRE;Paris  2e  Arrondissement;1978-09-01;bdnb-bc-QYXW-NA4E-W6US;bdnb-bg-3VFD-QRRJ-B79D;75;709.0;22.1;Paris 2e Arrondissement;2023.0;1900.0;;;INDETERMINE;INDETERMINE;5.0;16.0;1267.0;Tertiaire & Autres;Tertiaire;"[""VILLE DE PARIS""]"
0752632D;PH8R1FE8JF6S;E.E.PU JUSSIENNE 3 rue de la Jussienne;075;école;ECOLE DE NIVEAU ELEMENTAIRE;Paris  2e  Arrondissement;1978-09-01;bdnb-bc-K86F-C1D8-1YBY;bdnb-bg-3VFD-QRRJ-B79D;75;112.0;2.6;Paris 2e Arrondissement;2023.0;1900.0;;;INDETERMINE;INDETERMINE;5.0;16.0;1267.0;Tertiaire & Autres;Tertiaire;"[""VILLE DE PARIS""]"
0752632D;Z5NNFGQFP8HC;E.E.PU JUSSIENNE 3 rue de la Jussienne;075;école;ECOLE DE NIVEAU ELEMENTAIRE;Paris  2e  Arrondissement;1978-09-01;bdnb-bc-J7LK-BN9C-68GC;bdnb-bg-3VFD-QRRJ-B79D;75;295.0;22.4;Paris 2e Arrondissement;2023.0;1900.0;;;INDETERMINE;INDETERMINE;5.0;16.0;1267.0;Tertiaire & Autres;Tertiaire;"[""VILLE DE PARIS""]"
0752638K;WVSH4JMNCPDB;E.E.PU CHARLES BAUDELAIRE K 8 rue Charles Baudelaire;075;école;ECOLE DE NIVEAU ELEMENTAIRE;Paris 12e  Arrondissement;1978-09-01;bdnb-bc-DJES-GEPH-E8HJ;bdnb-bg-UB5T-57ZQ-472U;75;123.0;5.8;Paris 12e Arrondissement;1890.0;;;;BRIQUES;TUILES;4.0;9.0;912.0;Résidentiel collectif;Tertiaire;"[""VILLE DE PARIS"", ""ENEDIS""]"
0752638K;EDDAFAE7A5ZC;E.E.PU CHARLES BAUDELAIRE K 8 rue Charles Baudelaire;075;école;ECOLE DE NIVEAU ELEMENTAIRE;Paris 12e  Arrondissement;1978-09-01;bdnb-bc-L6SL-RRMN-9KDB;bdnb-bg-UB5T-57ZQ-472U;75;87.0;3.1;Paris 12e Arrondissement;1890.0;;;;BRIQUES;TUILES;4.0;9.0;912.0;Résidentiel collectif;Tertiaire;"[""VILLE DE PARIS"", ""ENEDIS""]"
0752644S;SWVVV3SD9YWX;E.E.PU SORBIER 15 rue Sorbier;075;école;ECOLE DE NIVEAU ELEMENTAIRE;Paris 20e  Arrondissement;1978-09-01;bdnb-bc-WHHM-UBK6-5R1T;bdnb-bg-L969-ATW6-RXT4;75;126.0;6.0;Paris 20e Arrondissement;1930.0;;C;;BRIQUES - AUTRES;INDETERMINE;3.0;9.0;1730.0;Tertiaire & Autres;Tertiaire;"[""VILLE DE PARIS"", ""REGION ILE DE FRANCE""]"
0752644S;274NZ9JSYJDP;E.E.PU SORBIER 15 rue Sorbier;075;école;ECOLE DE NIVEAU ELEMENTAIRE;Paris 20e  Arrondissement;1978-09-01;bdnb-bc-C1NA-9JKT-83GG;bdnb-bg-L969-ATW6-RXT4;75;59.0;4.1;Paris 20e Arrondissement;1930.0;;C;;BRIQUES - AUTRES;INDETERMINE;3.0;9.0;1730.0;Tertiaire & Autres;Tertiaire;"[""VILLE DE PARIS"", ""REGION ILE DE FRANCE""]"
0752694W;1GQN9YG3WT67;Collège Camille Claudel;075;collège;COLLEGE;Paris 13e  Arrondissement;1980-09-01;bdnb-bc-SRDW-F5UW-FACD;bdnb-bg-1UQX-FUJ7-RTTU;75;877.0;17.6;Paris 13e Arrondissement;;;;B;;;;10.0;2685.0;;Tertiaire;
0752764X;7VZ5QPEQHNJV;E.M.PU DURANTI 10 bis rue Duranti;075;école;ECOLE MATERNELLE;Paris 11e  Arrondissement;1979-09-01;bdnb-bc-5W75-S3C9-A9A9;bdnb-bg-438W-NC48-ZGZV;75;920.0;17.5;Paris 11e Arrondissement;1979.0;1979.0;D;;BETON;BETON;6.0;10.0;5425.0;Résidentiel collectif;Tertiaire;"[""VILLE DE PARIS"", ""ENEDIS"", ""ICF LA SABLIERE SA D'HLM"", ""ELOGIE - SIEMP"", ""SAGECO""]"
0752771E;VZBMQC6QBGG5;E.M.PU PICPUS 47 rue de Picpus;075;école;ECOLE MATERNELLE;Paris 12e  Arrondissement;1979-09-01;bdnb-bc-HGMH-JYSR-9AWC;bdnb-bg-BZ9U-5V6K-LDGH;75;1886.0;17.0;Paris 12e Arrondissement;1900.0;;;;INDETERMINE;INDETERMINE;3.0;17.0;1886.0;Résidentiel collectif;Tertiaire;"[""VILLE DE PARIS""]"
0752777L;69EP6AH19KD4;E.M.PU ALESIA L 190 rue d'Alésia;075;école;ECOLE MATERNELLE;Paris 14e  Arrondissement;1979-09-01;bdnb-bc-YJ5A-WP2G-4L3U;bdnb-bg-VZ6D-MZHH-H7QL;75;5262.0;10.0;Paris 14e Arrondissement;1978.0;1978.0;F;B;AUTRES;AUTRES;19.0;24.0;6435.0;Résidentiel collectif;Tertiaire;"[""VILLE DE PARIS"", ""PARIS HABITAT-OPH""]"
0752778M;69EP6AH19KD4;E.E.PU ALESIA M 188 rue d'Alésia;075;école;ECOLE DE NIVEAU ELEMENTAIRE;Paris 14e  Arrondissement;1979-09-01;bdnb-bc-YJ5A-WP2G-4L3U;bdnb-bg-VZ6D-MZHH-H7QL;75;5262.0;10.0;Paris 14e Arrondissement;1978.0;1978.0;F;B;AUTRES;AUTRES;19.0;24.0;6435.0;Résidentiel collectif;Tertiaire;"[""VILLE DE PARIS"", ""PARIS HABITAT-OPH""]"
0752846L;BCVX6HKH3QJ5;Lycée Professionnel Erik Satie - Lycée des métiers de la gestion et de la transaction des professions immobilières;075;lycée;LYCEE PROFESSIONNEL;Paris 14e  Arrondissement;1980-09-01;bdnb-bc-2FN7-YN4Q-1NQ4;bdnb-bg-P61Z-YAKJ-Z6Q4;75;1025.0;12.8;Paris 14e Arrondissement;1930.0;;;;PIERRE;TUILES;2.0;14.0;1420.0;Résidentiel collectif;Tertiaire;"[""VILLE DE PARIS""]"
0752846L;EPRARQS89HBS;Lycée Professionnel Erik Satie - Lycée des métiers de la gestion et de la transaction des professions immobilières;075;lycée;LYCEE PROFESSIONNEL;Paris 14e  Arrondissement;1980-09-01;bdnb-bc-G6GT-26Z1-7RZ1;bdnb-bg-P61Z-YAKJ-Z6Q4;75;386.0;14.5;Paris 14e Arrondissement;1930.0;;;;PIERRE;TUILES;2.0;14.0;1420.0;Résidentiel collectif;Tertiaire;"[""VILLE DE PARIS""]"
0753054M;R2Y496W7N9K1;E.M.PU PREVOYANCE 29 rue de la Prévoyance;075;école;ECOLE MATERNELLE;Paris 19e  Arrondissement;1982-09-01;bdnb-bc-ZGY8-SZDV-9UM1;bdnb-bg-AHZ6-XPHM-TWAL;75;1355.0;5.8;Paris 19e Arrondissement;2018.0;;;;INDETERMINE;INDETERMINE;2.0;5.0;1381.0;Tertiaire & Autres;Tertiaire;"[""VILLE DE PARIS""]"
0753127S;VN4KRVKFCDY1;E.M.PU RICHOMME 18 rue Richomme;075;école;ECOLE MATERNELLE;Paris 18e  Arrondissement;1983-09-01;bdnb-bc-1UZN-8FGY-CBEB;bdnb-bg-4KQ6-GLN1-6K9S;75;794.0;5.0;Paris 18e Arrondissement;1985.0;;;;INDETERMINE;INDETERMINE;4.0;8.0;1106.0;Tertiaire & Autres;Tertiaire;"[""VILLE DE PARIS""]"
0753127S;8SF179T94Q2N;E.M.PU RICHOMME 18 rue Richomme;075;école;ECOLE MATERNELLE;Paris 18e  Arrondissement;1983-09-01;;;;;;;;;;;;;;;;;;
0753127S;8WXK67K8CCCC;E.M.PU RICHOMME 18 rue Richomme;075;école;ECOLE MATERNELLE;Paris 18e  Arrondissement;1983-09-01;;;;;;;;;;;;;;;;;;
0753128T;JF755PRY519H;E.E.PU ALOUETTES 5 rue des Alouettes;075;école;ECOLE DE NIVEAU ELEMENTAIRE;Paris 19e  Arrondissement;1983-09-01;bdnb-bc-EGEA-N84H-42WZ;bdnb-bg-DKY6-3S48-EQV9;75;355.0;15.6;Paris 19e Arrondissement;;;;;;;;15.0;1727.0;;Tertiaire;
0753128T;4F9KZKBDX45J;E.E.PU ALOUETTES 5 rue des Alouettes;075;école;ECOLE DE NIVEAU ELEMENTAIRE;Paris 19e  Arrondissement;1983-09-01;bdnb-bc-S496-JDUJ-5X8V;bdnb-bg-DKY6-3S48-EQV9;75;115.0;5.0;Paris 19e Arrondissement;;;;;;;;15.0;1727.0;;Tertiaire;
0753128T;HC7BDB371EBX;E.E.PU ALOUETTES 5 rue des Alouettes;075;école;ECOLE DE NIVEAU ELEMENTAIRE;Paris 19e  Arrondissement;1983-09-01;bdnb-bc-UGD7-YZ9Y-RMYE;bdnb-bg-DKY6-3S48-EQV9;75;278.0;15.2;Paris 19e Arrondissement;;;;;;;;15.0;1727.0;;Tertiaire;
0753130V;NP2D6PV8EDNV;E.P.PU PIAT 36 rue Piat;075;école;ECOLE DE NIVEAU ELEMENTAIRE;Paris 20e  Arrondissement;1983-09-01;bdnb-bc-U1HH-QHB1-D8PF;bdnb-bg-24DA-MPYS-PNVK;75;207.0;11.0;Paris 20e Arrondissement;1977.0;1977.0;E;;BETON - AUTRES;BETON - AUTRES;6.0;11.0;207.0;Résidentiel collectif;Résidentiel collectif;"[""VILLE DE PARIS"", ""PARIS HABITAT-OPH""]"
0753263P;ZK6M4JDRWY5M;E.M.PU BARBANEGRE 8 rue Barbanègre;075;école;ECOLE MATERNELLE;Paris 19e  Arrondissement;1985-09-01;bdnb-bc-RHGF-MQVJ-A1SX;bdnb-bg-2PWL-UVAT-1MA2;75;1008.0;6.9;Paris 19e Arrondissement;1986.0;;;;INDETERMINE;INDETERMINE;3.0;7.0;1008.0;Résidentiel collectif;Tertiaire;"[""VILLE DE PARIS""]"
0753267U;HSQ1QJASQAVG;E.E.PU MATHIS 14 rue Mathis;075;école;ECOLE DE NIVEAU ELEMENTAIRE;Paris 19e  Arrondissement;1985-09-01;bdnb-bc-WG91-M1B8-QWZT;bdnb-bg-FPFC-LKF1-CYP9;75;275.0;27.4;Paris 19e Arrondissement;1880.0;;;;BETON;BETON;8.0;19.0;660.0;Résidentiel collectif;Tertiaire;"[""VILLE DE PARIS"", ""L HABITAT SOCIAL FRANCAIS""]"
0753267U;RSZRF2ZABTW3;E.E.PU MATHIS 14 rue Mathis;075;école;ECOLE DE NIVEAU ELEMENTAIRE;Paris 19e  Arrondissement;1985-09-01;bdnb-bc-81HK-NF12-EWBB;bdnb-bg-FPFC-LKF1-CYP9;75;378.0;16.4;Paris 19e Arrondissement;1880.0;;;;BETON;BETON;8.0;19.0;660.0;Résidentiel collectif;Tertiaire;"[""VILLE DE PARIS"", ""L HABITAT SOCIAL FRANCAIS""]"
0753269W;3P9RSE3YG7XF;E.E.A.PU PARC DES PRINCES W 23 avenue du Parc des Princes;075;école;ECOLE ELEMENTAIRE D APPLICATION;Paris 16e  Arrondissement;1985-09-01;bdnb-bc-F368-7EU4-RHCR;bdnb-bg-NCVH-PV7J-NJZV;75;193.0;12.0;Paris 16e Arrondissement;1930.0;;;;BRIQUES;TUILES;2.0;14.0;2086.0;Résidentiel collectif;Tertiaire;"[""VILLE DE PARIS""]"
0753339X;DM9ZDZKHQXAN;E.M.PU PATAY 20 rue de Patay;075;école;ECOLE MATERNELLE;Paris 13e  Arrondissement;1986-09-01;bdnb-bc-FM6D-HC6C-25LX;bdnb-bg-W7UK-U9HH-2HJN;75;543.0;20.8;Paris 13e Arrondissement;1948.0;1987.0;D;D;INDETERMINE;INDETERMINE;7.0;13.0;711.0;Résidentiel collectif;Tertiaire;"[""VILLE DE PARIS"", ""REGIE IMMOBILIERE DE LA VILLE DE PARIS""]"
0753936W;KH97DNK9N8GV;Collège Germaine Tillion;075;collège;COLLEGE;Paris 12e  Arrondissement;1968-04-24;bdnb-bc-6365-SHRU-2H5T;bdnb-bg-WUM9-NKHB-XVVW;75;1512.0;12.3;Paris 12e Arrondissement;;;;;INDETERMINE;INDETERMINE;2.0;10.0;6554.0;Résidentiel collectif;Tertiaire;"[""VILLE DE PARIS""]"
0753938Y;MBR85KV7DMKN;Collège Georges Rouault;075;collège;COLLEGE;Paris 19e  Arrondissement;1968-04-24;bdnb-bc-2V6L-LWJA-TRXB;bdnb-bg-7KCR-XKYE-FJUN;75;5229.0;5.9;Paris 19e Arrondissement;2023.0;;;;INDETERMINE;INDETERMINE;3.0;5.0;5311.0;Tertiaire & Autres;Tertiaire;"[""VILLE DE PARIS""]"
0754311D;B28P1Q4Z2EPR;E.M.PU DAUMESNIL D 70 avenue Daumesnil;075;école;ECOLE MATERNELLE;Paris 12e  Arrondissement;1989-09-01;bdnb-bc-N4SU-LP4D-X6Y9;bdnb-bg-SSY4-6X77-U297;75;1030.0;7.9;Paris 12e Arrondissement;;;;;INDETERMINE;INDETERMINE;2.0;7.0;2162.0;Tertiaire & Autres;Tertiaire;"[""VILLE DE PARIS""]"
0754730J;CTRS2G2B2GND;E.M.PU EMILE DUPLOYE 27 rue Emile duployé;075;école;ECOLE MATERNELLE;Paris 18e  Arrondissement;1995-09-01;;;;;;;;;;;;;;;;;;
0754730J;QPK71KQF2WYJ;E.M.PU EMILE DUPLOYE 27 rue Emile duployé;075;école;ECOLE MATERNELLE;Paris 18e  Arrondissement;1995-09-01;bdnb-bc-MWGN-DEBM-DDZV;bdnb-bg-MH8R-APKP-3C2W;75;1448.0;15.6;Paris 18e Arrondissement;1950.0;;;;INDETERMINE;INDETERMINE;3.0;16.0;1547.0;Tertiaire & Autres;Tertiaire;"[""VILLE DE PARIS""]"
0754737S;DFH2T1S3CCZX;E.M.PU ST ANGE 14 passage Saint Ange;075;école;ECOLE MATERNELLE;Paris 17e  Arrondissement;1995-09-01;bdnb-bc-HMXJ-XWNT-HZLF;bdnb-bg-CP8G-1B48-PT22;75;88.0;12.8;Paris 17e Arrondissement;2023.0;;;;INDETERMINE;INDETERMINE;1.0;13.0;447.0;Tertiaire & Autres;Tertiaire;
0754778L;3FQHPFSXGWAV;E.E.PU TANGER 17 rue de Tanger;075;école;ECOLE DE NIVEAU ELEMENTAIRE;Paris 19e  Arrondissement;1996-11-07;bdnb-bc-15X5-QGKT-KY5Q;bdnb-bg-1Z8T-EGAT-8XNQ;75;779.0;10.1;Paris 19e Arrondissement;2023.0;;;;INDETERMINE;INDETERMINE;1.0;8.0;1594.0;Tertiaire & Autres;Tertiaire;"[""VILLE DE PARIS""]"
0754778L;FG3NXSZDP3GR;E.E.PU TANGER 17 rue de Tanger;075;école;ECOLE DE NIVEAU ELEMENTAIRE;Paris 19e  Arrondissement;1996-11-07;bdnb-bc-18HV-UQXW-UNZF;bdnb-bg-1Z8T-EGAT-8XNQ;75;42.0;11.7;Paris 19e Arrondissement;2023.0;;;;INDETERMINE;INDETERMINE;1.0;8.0;1594.0;Tertiaire & Autres;Tertiaire;"[""VILLE DE PARIS""]"
0754826N;R2YKHKPMZCHC;E.E.PU GERTY ARCHIMEDE 5 rue Gerty Archimède;075;école;ECOLE DE NIVEAU ELEMENTAIRE;Paris 12e  Arrondissement;1997-09-01;bdnb-bc-SSQG-QFMV-U52D;bdnb-bg-N9SN-1H35-76B8;75;134.0;15.9;Paris 12e Arrondissement;2006.0;;;;INDETERMINE;INDETERMINE;5.0;8.0;2027.0;Tertiaire & Autres;Tertiaire;"[""VILLE DE PARIS""]"
0754866G;5GERQ214KYB3;E.M.PU LEGOUVE 6 rue Legouve;075;école;ECOLE MATERNELLE;Paris 10e  Arrondissement;1998-09-01;bdnb-bc-XVJ9-ZRF4-Q68F;bdnb-bg-VH1H-TQ1E-BZXF;75;175.0;7.1;Paris 10e Arrondissement;1998.0;;;;BETON - PIERRE;TUILES;6.0;14.0;681.0;Tertiaire & Autres;Tertiaire;"[""VILLE DE PARIS""]"
0754867H;7R51VP3BGE9H;E.E.PU HOPITAL ST LOUIS 5 rue Hôpital Saint-Louis;075;école;ECOLE DE NIVEAU ELEMENTAIRE;Paris 10e  Arrondissement;1998-09-01;bdnb-bc-8XAS-N7H6-LVB4;bdnb-bg-2NBM-R1QX-WYTX;75;8267.0;10.9;Paris 10e Arrondissement;;;;;;;;10.0;15910.0;;Tertiaire;
0754942P;GXPY1X4E13NX;E.P.PU TANDOU R 16 rue Tandou;075;école;ECOLE DE NIVEAU ELEMENTAIRE;Paris 19e  Arrondissement;1999-09-01;bdnb-bc-TD85-FW8H-S3LU;bdnb-bg-UWGW-WSF9-3ASE;75;591.0;6.2;Paris 19e Arrondissement;2023.0;;;;INDETERMINE;INDETERMINE;1.0;6.0;933.0;Tertiaire & Autres;Tertiaire;"[""VILLE DE PARIS""]"
0754942P;VZR3765EYN3F;E.P.PU TANDOU R 16 rue Tandou;075;école;ECOLE DE NIVEAU ELEMENTAIRE;Paris 19e  Arrondissement;1999-09-01;bdnb-bc-3DLX-LS6Z-YU24;bdnb-bg-UWGW-WSF9-3ASE;75;148.0;7.3;Paris 19e Arrondissement;2023.0;;;;INDETERMINE;INDETERMINE;1.0;6.0;933.0;Tertiaire & Autres;Tertiaire;"[""VILLE DE PARIS""]"
0754942P;QSGCRXRVY6SA;E.P.PU TANDOU R 16 rue Tandou;075;école;ECOLE DE NIVEAU ELEMENTAIRE;Paris 19e  Arrondissement;1999-09-01;bdnb-bc-GV39-6S56-11NH;bdnb-bg-UWGW-WSF9-3ASE;75;110.0;5.8;Paris 19e Arrondissement;2023.0;;;;INDETERMINE;INDETERMINE;1.0;6.0;933.0;Tertiaire & Autres;Tertiaire;"[""VILLE DE PARIS""]"
0754942P;7WKWB6K7WNB2;E.P.PU TANDOU R 16 rue Tandou;075;école;ECOLE DE NIVEAU ELEMENTAIRE;Paris 19e  Arrondissement;1999-09-01;bdnb-bc-JA1R-FF8K-S65B;bdnb-bg-UWGW-WSF9-3ASE;75;41.0;6.9;Paris 19e Arrondissement;2023.0;;;;INDETERMINE;INDETERMINE;1.0;6.0;933.0;Tertiaire & Autres;Tertiaire;"[""VILLE DE PARIS""]"
0754942P;DB7AVC1BMNAF;E.P.PU TANDOU R 16 rue Tandou;075;école;ECOLE DE NIVEAU ELEMENTAIRE;Paris 19e  Arrondissement;1999-09-01;bdnb-bc-ZN4G-HJ95-VLV9;bdnb-bg-UWGW-WSF9-3ASE;75;43.0;4.4;Paris 19e Arrondissement;2023.0;;;;INDETERMINE;INDETERMINE;1.0;6.0;933.0;Tertiaire & Autres;Tertiaire;"[""VILLE DE PARIS""]"
0754985L;X6B4HTTR1FR4;E.M.PU BELLEVILLE L 345 rue de Belleville;075;école;ECOLE MATERNELLE;Paris 19e  Arrondissement;2001-09-01;bdnb-bc-RXEF-E6G2-CTMV;bdnb-bg-8K27-HCCB-UR1Z;75;472.0;14.1;Paris 19e Arrondissement;;;;;;;;13.0;679.0;;Tertiaire;
0755030K;XK8SA1A3SB6G;Collège Daniel Mayer;075;collège;COLLEGE;Paris 18e  Arrondissement;2002-09-01;bdnb-bc-ZKHA-3K2J-12LE;bdnb-bg-4R99-5W6U-PKXM;75;3420.0;20.3;Paris 18e Arrondissement;2002.0;;;;INDETERMINE;INDETERMINE;7.0;20.0;3420.0;Tertiaire & Autres;Tertiaire;"[""VILLE DE PARIS""]"
0755063W;YY6YSM4P93M7;E.P.PU CONVENTION 78 rue de la Convention;075;école;ECOLE DE NIVEAU ELEMENTAIRE;Paris 15e  Arrondissement;2003-09-01;bdnb-bc-6BNX-NK3S-Y5WZ;bdnb-bg-GU88-9ZYW-FLF9;75;770.0;6.7;Paris 15e Arrondissement;2023.0;;;;INDETERMINE;INDETERMINE;1.0;6.0;1069.0;Tertiaire & Autres;Tertiaire;"[""VILLE DE PARIS""]"
0755063W;BHH8DKDVNAAB;E.P.PU CONVENTION 78 rue de la Convention;075;école;ECOLE DE NIVEAU ELEMENTAIRE;Paris 15e  Arrondissement;2003-09-01;bdnb-bc-9MZQ-XTZF-ZYFK;bdnb-bg-GU88-9ZYW-FLF9;75;145.0;5.7;Paris 15e Arrondissement;2023.0;;;;INDETERMINE;INDETERMINE;1.0;6.0;1069.0;Tertiaire & Autres;Tertiaire;"[""VILLE DE PARIS""]"
0755063W;8SEPP3RFBGX2;E.P.PU CONVENTION 78 rue de la Convention;075;école;ECOLE DE NIVEAU ELEMENTAIRE;Paris 15e  Arrondissement;2003-09-01;bdnb-bc-9C7X-1PPU-LMZC;bdnb-bg-GU88-9ZYW-FLF9;75;154.0;6.8;Paris 15e Arrondissement;2023.0;;;;INDETERMINE;INDETERMINE;1.0;6.0;1069.0;Tertiaire & Autres;Tertiaire;"[""VILLE DE PARIS""]"
0755102N;76KB7FX9B7E4;E.P.PU SIMPLON 14 rue du Simplon;075;école;ECOLE DE NIVEAU ELEMENTAIRE;Paris 18e  Arrondissement;2004-09-01;bdnb-bc-2RER-U815-5J1Y;bdnb-bg-P1F9-ZFUB-353J;75;865.0;16.4;Paris 18e Arrondissement;2000.0;;;;BETON - AUTRES;BETON - ZINC ALUMINIUM;2.0;16.0;865.0;Tertiaire & Autres;Tertiaire;"[""VILLE DE PARIS""]"
0755180Y;H4MXDKA89Y1X;E.P.PU FOREST 14 rue Forest;075;école;ECOLE DE NIVEAU ELEMENTAIRE;Paris 18e  Arrondissement;2005-09-01;bdnb-bc-HAGN-AF88-5Z77;bdnb-bg-GDL2-NQTS-5V19;75;488.0;12.2;Paris 18e Arrondissement;1880.0;;D;;BETON;INDETERMINE;7.0;11.0;1171.0;Tertiaire & Autres;Tertiaire;"[""VILLE DE PARIS"", ""ENEDIS"", ""REGIE IMMOBILIERE DE LA VILLE DE PARIS""]"
0755592W;ERY2FARZAPQ9;E.P.PU DES GRANDS MOULINS 47 rue des Grands Moulins;075;école;ECOLE DE NIVEAU ELEMENTAIRE;Paris 13e  Arrondissement;2011-03-01;bdnb-bc-J11S-ULRJ-HNFT;bdnb-bg-BQ2L-DHP3-6GY8;75;659.0;31.8;Paris 13e Arrondissement;2012.0;2012.0;C;;BETON;ZINC ALUMINIUM;7.0;22.0;904.0;Résidentiel collectif;Tertiaire;"[""VILLE DE PARIS"", ""REGIE IMMOBILIERE DE LA VILLE DE PARIS""]"
0755710Z;1HP89M6K4D43;E.P.PU BERNARD BUFFET 14 rue Bernard Buffet;075;école;ECOLE DE NIVEAU ELEMENTAIRE;Paris 17e  Arrondissement;2013-02-19;bdnb-bc-1WQ5-UZB9-BJMM;bdnb-bg-VANG-7517-SJ5A;75;722.0;16.1;Paris 17e Arrondissement;2013.0;;;;INDETERMINE;INDETERMINE;10.0;16.0;1819.0;Résidentiel collectif;Tertiaire;"[""VILLE DE PARIS"", ""REGIE IMMOBILIERE DE LA VILLE DE PARIS""]"
0755778Y;CMDW1PKB33PR;Collège Françoise Seligmann;075;collège;COLLEGE;Paris 10e  Arrondissement;2015-09-01;bdnb-bc-SXKG-HWDS-V6WP;bdnb-bg-M7BB-YMSK-4GTR;75;1516.0;10.8;Paris 10e Arrondissement;2023.0;;;;INDETERMINE;INDETERMINE;1.0;9.0;1774.0;Tertiaire & Autres;Tertiaire;"[""VILLE DE PARIS""]"
0930043S;27ARK7X125TT;Collège Jean de Beaumont;093;collège;COLLEGE;Villemomble;1965-05-01;bdnb-bc-V7J6-U7VW-KCAF;bdnb-bg-VD2L-RKE4-GPSS;93;290.0;5.8;Villemomble;2001.0;;;;AGGLOMERE;AUTRES;2.0;7.0;1208.0;Tertiaire & Autres;Tertiaire;"[""COMMUNE DE VILLEMOMBLE""]"
0930124E;JG2YTPX2C6Z5;Lycée général et technologique Marcelin Berthelot;093;lycée;LYCEE ENSEIGNT GENERAL ET TECHNOLOGIQUE;Pantin;1965-05-01;bdnb-bc-7GDB-KGB9-AZQM;bdnb-bg-8VDE-MD3N-9RYS;93;1551.0;8.3;Pantin;1900.0;;;;BRIQUES;INDETERMINE;2.0;12.0;2328.0;Résidentiel collectif;Tertiaire;"[""COMMUNE DE PANTIN""]"
0930166A;38SX7X2SEDMJ;Ecole élémentaire Pierre Sémard;093;école;ECOLE DE NIVEAU ELEMENTAIRE;Saint-Denis;1965-05-01;bdnb-bc-FHL9-F9VS-ZTRP;bdnb-bg-YHFV-D54Q-A2DZ;93;2215.0;9.2;Saint-Denis;1958.0;;;;BETON;BETON;3.0;9.0;2647.0;Résidentiel collectif;Tertiaire;"[""COMMUNE DE SAINT-DENIS""]"
0930168C;W3NCCTCCNJ9A;Ecole élémentaire Louise Michel;093;école;ECOLE DE NIVEAU ELEMENTAIRE;Saint-Denis;1965-05-01;bdnb-bc-761G-4MKC-569Y;bdnb-bg-WBZB-L487-XVBX;93;877.0;11.8;Saint-Denis;;;;;INDETERMINE;INDETERMINE;1.0;7.0;3476.0;Tertiaire & Autres;Tertiaire;"[""COMMUNE DE SAINT-DENIS""]"
0930169D;12Y8EWEYQSYW;Ecole élémentaire Irène et Frédéric Joliot-Curie;093;école;ECOLE DE NIVEAU ELEMENTAIRE;Bagnolet;1965-05-01;bdnb-bc-DT2K-2Z71-TURD;bdnb-bg-GMP3-2SST-E8YP;93;1631.0;7.5;Bagnolet;;;;;INDETERMINE;INDETERMINE;1.0;8.0;1631.0;Tertiaire & Autres;Tertiaire;"[""COMMUNE DE BAGNOLET""]"
0930175K;RRNB2Z3ZSN6F;Ecole élémentaire Jean Macé;093;école;ECOLE DE NIVEAU ELEMENTAIRE;Drancy;1965-05-01;bdnb-bc-WJLL-HLGA-RFGE;bdnb-bg-3CGD-FNA6-MJXD;93;177.0;7.7;Drancy;1994.0;;;;PIERRE;TUILES;3.0;8.0;177.0;Résidentiel collectif;Tertiaire;"[""COMMUNE DE DRANCY""]"
0930184V;W14V6QWSVFG1;Ecole élémentaire Jean Vilar;093;école;ECOLE DE NIVEAU ELEMENTAIRE;Saint-Denis;1965-05-01;bdnb-bc-2K2Y-XH2K-2LBL;bdnb-bg-8KVR-YCB1-RJFX;93;2487.0;14.1;Saint-Denis;1875.0;;;;INDETERMINE;INDETERMINE;1.0;14.0;2487.0;Tertiaire & Autres;Tertiaire;"[""COMMUNE DE SAINT-DENIS""]"
0930198K;T8WZ4KC2E761;Ecole élémentaire Jean Jaurès;093;école;ECOLE DE NIVEAU ELEMENTAIRE;Le Pré-Saint-Gervais;1965-05-01;bdnb-bc-KF6Q-RC1R-C9ZT;bdnb-bg-6FW8-ARNN-61BE;93;524.0;16.8;Le Pré-Saint-Gervais;1934.0;;;;AGGLOMERE;AUTRES;2.0;8.0;2055.0;Résidentiel individuel;Tertiaire;"[""COMMUNE DE PRE SAINT GERVAIS""]"
0930207V;PG9XDCYE1NNS;Ecole élémentaire Jules Ferry;093;école;ECOLE DE NIVEAU ELEMENTAIRE;Bagnolet;1965-05-01;bdnb-bc-V9PX-FW9Q-MPSH;bdnb-bg-QLS8-R7TF-D341;93;77.0;8.1;Bagnolet;1886.0;;;;BRIQUES - MEULIERE;TUILES;4.0;8.0;1725.0;Résidentiel collectif;Tertiaire;"[""COMMUNE DE BAGNOLET""]"
0930231W;CNYPBRHJ3EN2;Ecole élémentaire Louis Pasteur 1;093;école;ECOLE DE NIVEAU ELEMENTAIRE;Epinay-sur-Seine;1965-05-01;bdnb-bc-HQCY-AVGW-VWEE;bdnb-bg-NUBA-N1GS-E96A;93;2366.0;11.8;Épinay-sur-Seine;1900.0;;;;BRIQUES;TUILES;3.0;5.0;3803.0;Résidentiel collectif;Tertiaire;"[""COMMUNE D EPINAY SUR SEINE""]"
0930315M;7N12RTQA45NC;Ecole élémentaire Condorcet;093;école;ECOLE DE NIVEAU ELEMENTAIRE;Aubervilliers;1965-05-01;bdnb-bc-1CPR-5XUX-2B8G;bdnb-bg-AE8C-MYYR-ULZC;93;2248.0;10.5;Aubervilliers;1878.0;;;;MEULIERE;TUILES;2.0;11.0;2248.0;Résidentiel collectif;Tertiaire;"[""COMMUNE DE SAINT-DENIS""]"
0930320T;Q5399FWBS45W;Ecole élémentaire Pierre Brossolette;093;école;ECOLE DE NIVEAU ELEMENTAIRE;Le Pré-Saint-Gervais;1965-05-01;bdnb-bc-EQ5C-S1FF-6BDY;bdnb-bg-6FW8-ARNN-61BE;93;474.0;16.8;Le Pré-Saint-Gervais;1934.0;;;;AGGLOMERE;AUTRES;2.0;8.0;2055.0;Résidentiel individuel;Tertiaire;"[""COMMUNE DE PRE SAINT GERVAIS""]"
0930324X;RQPVRTWCWA6W;Ecole élémentaire Jean Moulin;093;école;ECOLE DE NIVEAU ELEMENTAIRE;Stains;1965-05-01;bdnb-bc-2ET9-NGWF-GZM8;bdnb-bg-A8B2-AMK1-YWXX;93;2715.0;10.5;Stains;;;;F;;;;7.0;2846.0;;Tertiaire;
0930324X;S4XW7SDCANZW;Ecole élémentaire Jean Moulin;093;école;ECOLE DE NIVEAU ELEMENTAIRE;Stains;1965-05-01;bdnb-bc-HJTA-ZB9U-NWTF;bdnb-bg-A8B2-AMK1-YWXX;93;95.0;5.5;Stains;;;;F;;;;7.0;2846.0;;Tertiaire;
0930324X;JMTV3SCHGK14;Ecole élémentaire Jean Moulin;093;école;ECOLE DE NIVEAU ELEMENTAIRE;Stains;1965-05-01;bdnb-bc-Q1EX-GKB6-46EL;bdnb-bg-Y54W-G2E9-4D6J;93;413.0;5.4;Stains;1934.0;;;F;BRIQUES;TUILES;2.0;5.0;413.0;Résidentiel collectif;Résidentiel collectif;"[""COMMUNE DE STAINS""]"
0930324X;ZN4WNZABZA3W;Ecole élémentaire Jean Moulin;093;école;ECOLE DE NIVEAU ELEMENTAIRE;Stains;1965-05-01;bdnb-bc-2ESJ-ASQ9-PLA9;bdnb-bg-LGQ3-4NYW-YNA4;93;149.0;7.2;Stains;1934.0;;;F;MEULIERE;TUILES;2.0;7.0;149.0;Résidentiel collectif;Tertiaire;"[""COMMUNE DE STAINS""]"
0930324X;PQQCFFSBPPE2;Ecole élémentaire Jean Moulin;093;école;ECOLE DE NIVEAU ELEMENTAIRE;Stains;1965-05-01;bdnb-bc-DP1Y-WHKU-5BJR;bdnb-bg-A8B2-AMK1-YWXX;93;36.0;5.8;Stains;;;;F;;;;7.0;2846.0;;Tertiaire;
0930325Y;VW793QEZ2JK2;Ecole élémentaire Jean Moulin;093;école;ECOLE DE NIVEAU ELEMENTAIRE;Rosny-sous-Bois;1965-05-01;bdnb-bc-FH6N-SJ7T-MXMH;bdnb-bg-SR3N-TRRX-2NE1;93;3261.0;8.5;Rosny-sous-Bois;1956.0;;;D;BETON - PIERRE;TUILES;2.0;7.0;4490.0;Tertiaire & Autres;Tertiaire;"[""COMMUNE DE ROSNY-SOUS-BOIS""]"
0930327A;MM47GN9EVDYP;Ecole élémentaire Albert Camus;093;école;ECOLE DE NIVEAU ELEMENTAIRE;Bondy;1965-05-01;bdnb-bc-E9LB-D64P-ZN1E;bdnb-bg-9BW4-XABP-CKJE;93;712.0;12.1;Bondy;1962.0;;;C;BETON - BRIQUES;BETON;4.0;12.0;712.0;Tertiaire & Autres;Tertiaire;"[""COMMUNE DE BONDY""]"
0930331E;M1N4XZ4W5MPW;Ecole élémentaire Jules Vallès;093;école;ECOLE DE NIVEAU ELEMENTAIRE;Saint-Denis;1965-05-01;bdnb-bc-L92G-PVD9-AD3U;bdnb-bg-JUXM-MZ5W-5V4E;93;1745.0;12.9;Saint-Denis;1930.0;;F;;PIERRE;TUILES;3.0;12.0;4833.0;Tertiaire & Autres;Tertiaire;"[""ENEDIS"", ""COMMUNE DE SAINT-DENIS""]"
0930331E;EHR23BWK8E1J;Ecole élémentaire Jules Vallès;093;école;ECOLE DE NIVEAU ELEMENTAIRE;Saint-Denis;1965-05-01;bdnb-bc-W8XR-S8ER-JHKM;bdnb-bg-JUXM-MZ5W-5V4E;93;726.0;5.0;Saint-Denis;1930.0;;F;;PIERRE;TUILES;3.0;12.0;4833.0;Tertiaire & Autres;Tertiaire;"[""ENEDIS"", ""COMMUNE DE SAINT-DENIS""]"
0930331E;AY6KK3HSJ39Z;Ecole élémentaire Jules Vallès;093;école;ECOLE DE NIVEAU ELEMENTAIRE;Saint-Denis;1965-05-01;bdnb-bc-4RX7-1QDL-K14F;bdnb-bg-JUXM-MZ5W-5V4E;93;130.0;5.0;Saint-Denis;1930.0;;F;;PIERRE;TUILES;3.0;12.0;4833.0;Tertiaire & Autres;Tertiaire;"[""ENEDIS"", ""COMMUNE DE SAINT-DENIS""]"
0930331E;E8R35YAN7P8X;Ecole élémentaire Jules Vallès;093;école;ECOLE DE NIVEAU ELEMENTAIRE;Saint-Denis;1965-05-01;bdnb-bc-99S3-DXA9-SF8G;bdnb-bg-JUXM-MZ5W-5V4E;93;47.0;5.0;Saint-Denis;1930.0;;F;;PIERRE;TUILES;3.0;12.0;4833.0;Tertiaire & Autres;Tertiaire;"[""ENEDIS"", ""COMMUNE DE SAINT-DENIS""]"
0930331E;G2KYKG1DZ7QB;Ecole élémentaire Jules Vallès;093;école;ECOLE DE NIVEAU ELEMENTAIRE;Saint-Denis;1965-05-01;bdnb-bc-2LH4-F2RC-ULZY;bdnb-bg-JUXM-MZ5W-5V4E;93;91.0;12.5;Saint-Denis;1930.0;;F;;PIERRE;TUILES;3.0;12.0;4833.0;Tertiaire & Autres;Tertiaire;"[""ENEDIS"", ""COMMUNE DE SAINT-DENIS""]"
0930333G;5FPNTFKQYE7J;Ecole élémentaire Rolland Madigou;093;école;ECOLE DE NIVEAU ELEMENTAIRE;Saint-Denis;1965-05-01;bdnb-bc-MG4P-Q9BB-J9A8;bdnb-bg-YZHF-LWYH-AECE;93;638.0;14.8;Saint-Denis;1956.0;;;F;BETON;BETON;2.0;9.0;4489.0;Résidentiel collectif;Tertiaire;"[""GRDF"", ""COMMUNE DE SAINT-DENIS""]"
0930346W;JGMHZN1EGPCA;Ecole élémentaire Jules Ferry 2;093;école;ECOLE DE NIVEAU ELEMENTAIRE;Montreuil;1965-05-01;bdnb-bc-HNQS-5ST2-43WP;bdnb-bg-257Q-8F72-7UJZ;93;573.0;7.7;Montreuil;1925.0;;;;MEULIERE;TUILES;2.0;7.0;3189.0;Tertiaire & Autres;Tertiaire;"[""COMMUNE DE MONTREUIL""]"
0930367U;F3KXMQNTJ38A;Ecole élémentaire Voltaire;093;école;ECOLE DE NIVEAU ELEMENTAIRE;Drancy;1965-05-01;bdnb-bc-DYW6-U3MF-5S9Y;bdnb-bg-CM1A-LXXL-13WA;93;1584.0;14.5;Drancy;;;;;INDETERMINE;INDETERMINE;3.0;10.0;1770.0;Résidentiel collectif;Tertiaire;"[""COMMUNE DE DRANCY""]"
0930367U;NAN2Y724GV44;Ecole élémentaire Voltaire;093;école;ECOLE DE NIVEAU ELEMENTAIRE;Drancy;1965-05-01;bdnb-bc-KHKE-JNDA-68BP;bdnb-bg-LAMB-M15B-V5AY;93;178.0;2.7;Drancy;1930.0;;D;;AGGLOMERE - AUTRES;BETON - TUILES;2.0;3.0;255.0;Résidentiel individuel;Tertiaire;"[""COMMUNE DE DRANCY""]"
0930367U;WWDXQ4XGTCY9;Ecole élémentaire Voltaire;093;école;ECOLE DE NIVEAU ELEMENTAIRE;Drancy;1965-05-01;bdnb-bc-TWVU-TFWB-FV1N;bdnb-bg-384V-PPFT-SLGT;93;132.0;6.6;Drancy;;;;;;;;5.0;1628.0;;Tertiaire;
0930367U;SKQ76SHZTQN3;Ecole élémentaire Voltaire;093;école;ECOLE DE NIVEAU ELEMENTAIRE;Drancy;1965-05-01;bdnb-bc-LB48-Z8B3-QWT5;bdnb-bg-384V-PPFT-SLGT;93;72.0;5.8;Drancy;;;;;;;;5.0;1628.0;;Tertiaire;
0930367U;JFGJRKFXN7WP;Ecole élémentaire Voltaire;093;école;ECOLE DE NIVEAU ELEMENTAIRE;Drancy;1965-05-01;bdnb-bc-1ATW-97G9-BDLT;bdnb-bg-384V-PPFT-SLGT;93;378.0;6.0;Drancy;;;;;;;;5.0;1628.0;;Tertiaire;
0930367U;DHMHC7BX22KP;Ecole élémentaire Voltaire;093;école;ECOLE DE NIVEAU ELEMENTAIRE;Drancy;1965-05-01;bdnb-bc-YKX8-T1EC-U48Q;bdnb-bg-384V-PPFT-SLGT;93;339.0;5.1;Drancy;;;;;;;;5.0;1628.0;;Tertiaire;
0930367U;N47EXJ8MVKNQ;Ecole élémentaire Voltaire;093;école;ECOLE DE NIVEAU ELEMENTAIRE;Drancy;1965-05-01;bdnb-bc-46G3-J4PC-FX42;bdnb-bg-CM1A-LXXL-13WA;93;185.0;5.0;Drancy;;;;;INDETERMINE;INDETERMINE;3.0;10.0;1770.0;Résidentiel collectif;Tertiaire;"[""COMMUNE DE DRANCY""]"
0930367U;ZFVRSK6VNXNF;Ecole élémentaire Voltaire;093;école;ECOLE DE NIVEAU ELEMENTAIRE;Drancy;1965-05-01;;;;;;;;;;;;;;;;;;
0930367U;92PVFM4RHY1Z;Ecole élémentaire Voltaire;093;école;ECOLE DE NIVEAU ELEMENTAIRE;Drancy;1965-05-01;bdnb-bc-7RUS-W1VG-AD1N;bdnb-bg-384V-PPFT-SLGT;93;24.0;3.0;Drancy;;;;;;;;5.0;1628.0;;Tertiaire;
0930367U;X9BVFY5PA6MM;Ecole élémentaire Voltaire;093;école;ECOLE DE NIVEAU ELEMENTAIRE;Drancy;1965-05-01;bdnb-bc-R4HA-4F5V-4CBQ;bdnb-bg-384V-PPFT-SLGT;93;23.0;3.0;Drancy;;;;;;;;5.0;1628.0;;Tertiaire;
0930367U;K8Q5FCXKKKWV;Ecole élémentaire Voltaire;093;école;ECOLE DE NIVEAU ELEMENTAIRE;Drancy;1965-05-01;;;;;;;;;;;;;;;;;;
0930367U;JZ9PAJ85YS38;Ecole élémentaire Voltaire;093;école;ECOLE DE NIVEAU ELEMENTAIRE;Drancy;1965-05-01;bdnb-bc-27WY-MHCF-ZJFB;bdnb-bg-384V-PPFT-SLGT;93;659.0;3.2;Drancy;;;;;;;;5.0;1628.0;;Tertiaire;
0930385N;VN35R6HJNGHA;Ecole élémentaire Victor Renelle;093;école;ECOLE DE NIVEAU ELEMENTAIRE;Stains;1965-05-01;bdnb-bc-SJ46-42S3-9J1H;bdnb-bg-75B1-A41M-F15N;93;1182.0;5.0;Stains;1978.0;;;;BETON;BETON;3.0;8.0;1858.0;Tertiaire & Autres;Tertiaire;"[""COMMUNE DE STAINS""]"
0930385N;MRPVXTMNN1PE;Ecole élémentaire Victor Renelle;093;école;ECOLE DE NIVEAU ELEMENTAIRE;Stains;1965-05-01;bdnb-bc-9L5W-HU2Z-G8T9;bdnb-bg-75B1-A41M-F15N;93;103.0;5.0;Stains;1978.0;;;;BETON;BETON;3.0;8.0;1858.0;Tertiaire & Autres;Tertiaire;"[""COMMUNE DE STAINS""]"
0930385N;8TMR9QHJZ8NC;Ecole élémentaire Victor Renelle;093;école;ECOLE DE NIVEAU ELEMENTAIRE;Stains;1965-05-01;bdnb-bc-DTRU-RFLB-KW2N;bdnb-bg-75B1-A41M-F15N;93;573.0;10.1;Stains;1978.0;;;;BETON;BETON;3.0;8.0;1858.0;Tertiaire & Autres;Tertiaire;"[""COMMUNE DE STAINS""]"
0930387R;1KBKTSM721CA;Ecole élémentaire  Joliot-Curie 1;093;école;ECOLE DE NIVEAU ELEMENTAIRE;Montreuil;1965-05-01;bdnb-bc-GQXS-X36J-LRMX;bdnb-bg-2UMJ-UWJ9-W59X;93;183.0;7.7;Montreuil;2015.0;;;;INDETERMINE;INDETERMINE;1.0;8.0;183.0;Tertiaire & Autres;Tertiaire;"[""COMMUNE DE MONTREUIL""]"
0930387R;HPRHHPWBYAXR;Ecole élémentaire  Joliot-Curie 1;093;école;ECOLE DE NIVEAU ELEMENTAIRE;Montreuil;1965-05-01;bdnb-bc-VJVW-JFDN-FBQP;bdnb-bg-YNLL-XFLK-G834;93;1811.0;7.2;Montreuil;;;;;;;;5.0;2850.0;;Tertiaire;
0930387R;8GDKJMD98RXV;Ecole élémentaire  Joliot-Curie 1;093;école;ECOLE DE NIVEAU ELEMENTAIRE;Montreuil;1965-05-01;bdnb-bc-Q1HR-3V8J-H5N3;bdnb-bg-YNLL-XFLK-G834;93;901.0;5.7;Montreuil;;;;;;;;5.0;2850.0;;Tertiaire;
0930399D;MFSKKRA4JY4B;Ecole élémentaire Anatole France;093;école;ECOLE DE NIVEAU ELEMENTAIRE;Epinay-sur-Seine;1965-05-01;bdnb-bc-Z2QU-L21X-FMGX;bdnb-bg-FJQ5-BJCR-FY46;93;2034.0;8.8;Épinay-sur-Seine;;;;;;;;8.0;2305.0;;Tertiaire;
0930405K;3MHFZEN35DMK;Ecole maternelle Anatole France;093;école;ECOLE MATERNELLE;Montreuil;1965-05-01;bdnb-bc-TM9N-7PB8-E125;bdnb-bg-KC9P-9Q9U-PNNT;93;1005.0;16.1;Montreuil;;;;;INDETERMINE;INDETERMINE;2.0;6.0;5890.0;Tertiaire & Autres;Tertiaire;"[""COMMUNE DE MONTREUIL""]"
0930415W;EA8NWYSFTF3M;Ecole maternelle Bayard;093;école;ECOLE MATERNELLE;Noisy-le-Sec;1965-05-01;bdnb-bc-3FBP-EGL3-3EZC;bdnb-bg-7D2Y-T7Y3-EVU4;93;1225.0;7.2;Noisy-le-Sec;1933.0;;;;BRIQUES - MEULIERE;TUILES;2.0;7.0;1225.0;Tertiaire & Autres;Tertiaire;"[""COMMUNE DE NOISY LE SEC""]"
0930432P;GFEXTEGCRF2T;Ecole maternelle Corbillon;093;école;ECOLE MATERNELLE;Saint-Denis;1965-05-01;bdnb-bc-LQ9G-Z6PF-VLRQ;bdnb-bg-P9QZ-5S6L-XCVQ;93;160.0;5.3;Saint-Denis;;;;;BETON - BRIQUES;BETON;5.0;10.0;3006.0;Tertiaire & Autres;Tertiaire;"[""COMMUNE DE SAINT-DENIS""]"
0930433R;6K5VTCW4KBX1;Ecole maternelle Nelson Mandela;093;école;ECOLE MATERNELLE;Dugny;1965-05-01;bdnb-bc-1Q8C-TP3F-CLZ5;bdnb-bg-F1NC-75S8-BT4N;93;1287.0;11.9;Dugny;2020.0;;;C;BRIQUES;BETON;2.0;5.0;3733.0;Tertiaire & Autres;Tertiaire;"[""COMMUNE DE DUGNY""]"
0930433R;KY574ZYFDQX3;Ecole maternelle Nelson Mandela;093;école;ECOLE MATERNELLE;Dugny;1965-05-01;bdnb-bc-7Z41-1TFR-HHEN;bdnb-bg-F1NC-75S8-BT4N;93;574.0;5.0;Dugny;2020.0;;;C;BRIQUES;BETON;2.0;5.0;3733.0;Tertiaire & Autres;Tertiaire;"[""COMMUNE DE DUGNY""]"
0930433R;HPHV7TZ8JXQT;Ecole maternelle Nelson Mandela;093;école;ECOLE MATERNELLE;Dugny;1965-05-01;bdnb-bc-ZSZY-95VU-CDGA;bdnb-bg-F1NC-75S8-BT4N;93;74.0;2.1;Dugny;2020.0;;;C;BRIQUES;BETON;2.0;5.0;3733.0;Tertiaire & Autres;Tertiaire;"[""COMMUNE DE DUGNY""]"
0930433R;DGTK36A16V5J;Ecole maternelle Nelson Mandela;093;école;ECOLE MATERNELLE;Dugny;1965-05-01;bdnb-bc-PYQJ-C7FZ-XSPK;bdnb-bg-F1NC-75S8-BT4N;93;474.0;3.9;Dugny;2020.0;;;C;BRIQUES;BETON;2.0;5.0;3733.0;Tertiaire & Autres;Tertiaire;"[""COMMUNE DE DUGNY""]"
0930433R;ZEBN2CAH58KB;Ecole maternelle Nelson Mandela;093;école;ECOLE MATERNELLE;Dugny;1965-05-01;bdnb-bc-S1WV-H85Z-SZ5X;bdnb-bg-F1NC-75S8-BT4N;93;123.0;6.0;Dugny;2020.0;;;C;BRIQUES;BETON;2.0;5.0;3733.0;Tertiaire & Autres;Tertiaire;"[""COMMUNE DE DUGNY""]"
0930433R;YTGDXETCHYKM;Ecole maternelle Nelson Mandela;093;école;ECOLE MATERNELLE;Dugny;1965-05-01;bdnb-bc-L7A1-RD7N-UC6W;bdnb-bg-F1NC-75S8-BT4N;93;753.0;3.8;Dugny;2020.0;;;C;BRIQUES;BETON;2.0;5.0;3733.0;Tertiaire & Autres;Tertiaire;"[""COMMUNE DE DUGNY""]"
0930433R;3YZWY1QXW3KS;Ecole maternelle Nelson Mandela;093;école;ECOLE MATERNELLE;Dugny;1965-05-01;bdnb-bc-2NEG-CEMC-73DC;bdnb-bg-F1NC-75S8-BT4N;93;235.0;3.6;Dugny;2020.0;;;C;BRIQUES;BETON;2.0;5.0;3733.0;Tertiaire & Autres;Tertiaire;"[""COMMUNE DE DUGNY""]"
0930433R;3S67QBM3HEYV;Ecole maternelle Nelson Mandela;093;école;ECOLE MATERNELLE;Dugny;1965-05-01;bdnb-bc-FT7S-G68G-C5MN;bdnb-bg-F1NC-75S8-BT4N;93;179.0;6.6;Dugny;2020.0;;;C;BRIQUES;BETON;2.0;5.0;3733.0;Tertiaire & Autres;Tertiaire;"[""COMMUNE DE DUGNY""]"
0930435T;8D17KKGPE138;Ecole maternelle Paul Langevin;093;école;ECOLE MATERNELLE;Drancy;1965-05-01;bdnb-bc-196L-P9DD-TTJK;bdnb-bg-2GEN-G6RT-MSSE;93;890.0;13.2;Drancy;1963.0;;;;INDETERMINE;INDETERMINE;2.0;13.0;890.0;Tertiaire & Autres;Tertiaire;"[""DEPARTEMENT DE LA SEINE SAINT DENIS""]"
0930435T;2F3PN8V48K6V;Ecole maternelle Paul Langevin;093;école;ECOLE MATERNELLE;Drancy;1965-05-01;bdnb-bc-NURH-BZGN-72ZP;bdnb-bg-NZBX-JCDQ-G9VW;93;122.0;7.2;Drancy;;;;;;;;7.0;662.0;;Tertiaire;
0930441Z;2XSFBE9C8EZS;Ecole maternelle Alexandre Dumas;093;école;ECOLE MATERNELLE;Epinay-sur-Seine;1965-05-01;bdnb-bc-96ND-FRP6-Y2WD;bdnb-bg-W4LV-MR8T-HDW6;93;2092.0;6.3;Épinay-sur-Seine;;;;;INDETERMINE;INDETERMINE;1.0;4.0;3860.0;Tertiaire & Autres;Tertiaire;"[""COMMUNE D EPINAY SUR SEINE""]"
0930454N;8MA7EZAFZYD5;Ecole maternelle Irène et Frédéric Joliot-Curie;093;école;ECOLE MATERNELLE;Bagnolet;1965-05-01;bdnb-bc-TT9L-DV8P-DTQM;bdnb-bg-9WB8-R1CN-G7HV;93;2509.0;10.0;Bagnolet;1960.0;;;;AGGLOMERE - BETON;ZINC ALUMINIUM;3.0;8.0;2923.0;Résidentiel collectif;Tertiaire;"[""COMMUNE DE BAGNOLET""]"
0930462X;SFK3KWJSM98D;Ecole maternelle Guy Môquet;093;école;ECOLE MATERNELLE;Montreuil;1965-05-01;bdnb-bc-KBVD-6D69-8ZWS;bdnb-bg-2LFB-95NQ-ZNK3;93;780.0;6.6;Montreuil;1967.0;;;;AGGLOMERE;AUTRES;1.0;7.0;780.0;Résidentiel individuel;Tertiaire;"[""COMMUNE DE MONTREUIL""]"
0930467C;1KBKTSM721CA;Ecole maternelle Joliot-Curie;093;école;ECOLE MATERNELLE;Montreuil;1965-05-01;bdnb-bc-GQXS-X36J-LRMX;bdnb-bg-2UMJ-UWJ9-W59X;93;183.0;7.7;Montreuil;2015.0;;;;INDETERMINE;INDETERMINE;1.0;8.0;183.0;Tertiaire & Autres;Tertiaire;"[""COMMUNE DE MONTREUIL""]"
0930467C;HPRHHPWBYAXR;Ecole maternelle Joliot-Curie;093;école;ECOLE MATERNELLE;Montreuil;1965-05-01;bdnb-bc-VJVW-JFDN-FBQP;bdnb-bg-YNLL-XFLK-G834;93;1811.0;7.2;Montreuil;;;;;;;;5.0;2850.0;;Tertiaire;
0930467C;VXQFH6RV5FS5;Ecole maternelle Joliot-Curie;093;école;ECOLE MATERNELLE;Montreuil;1965-05-01;bdnb-bc-BGG8-YKJJ-JXQ3;bdnb-bg-JDL8-VPML-F3K6;93;822.0;7.6;Montreuil;1961.0;;;;AGGLOMERE - BETON;ZINC ALUMINIUM;2.0;7.0;850.0;Résidentiel collectif;Tertiaire;"[""COMMUNE DE MONTREUIL""]"
0930467C;8GDKJMD98RXV;Ecole maternelle Joliot-Curie;093;école;ECOLE MATERNELLE;Montreuil;1965-05-01;bdnb-bc-Q1HR-3V8J-H5N3;bdnb-bg-YNLL-XFLK-G834;93;901.0;5.7;Montreuil;;;;;;;;5.0;2850.0;;Tertiaire;
0930467C;9Y6MBJN4PEC8;Ecole maternelle Joliot-Curie;093;école;ECOLE MATERNELLE;Montreuil;1965-05-01;bdnb-bc-EUGU-YX94-Y16N;bdnb-bg-YNLL-XFLK-G834;93;42.0;3.6;Montreuil;;;;;;;;5.0;2850.0;;Tertiaire;
0930470F;A871XGNPNKQR;Ecole maternelle Jean Jaurès;093;école;ECOLE MATERNELLE;Saint-Ouen-sur-Seine;1965-05-01;bdnb-bc-4R9M-TPX6-J5Z3;bdnb-bg-JD5B-NPYC-E3WZ;93;3892.0;14.1;Saint-Ouen-sur-Seine;2016.0;;;;BRIQUES;TUILES;3.0;11.0;5322.0;Tertiaire & Autres;Tertiaire;"[""COMMUNE DE ST OUEN-SUR-SEINE"", ""DEPARTEMENT DE LA SEINE SAINT DENIS""]"
0930472H;RQPVRTWCWA6W;Ecole maternelle Jean Jaurès;093;école;ECOLE MATERNELLE;Stains;1965-05-01;bdnb-bc-2ET9-NGWF-GZM8;bdnb-bg-A8B2-AMK1-YWXX;93;2715.0;10.5;Stains;;;;F;;;;7.0;2846.0;;Tertiaire;
0930472H;S4XW7SDCANZW;Ecole maternelle Jean Jaurès;093;école;ECOLE MATERNELLE;Stains;1965-05-01;bdnb-bc-HJTA-ZB9U-NWTF;bdnb-bg-A8B2-AMK1-YWXX;93;95.0;5.5;Stains;;;;F;;;;7.0;2846.0;;Tertiaire;
0930472H;JMTV3SCHGK14;Ecole maternelle Jean Jaurès;093;école;ECOLE MATERNELLE;Stains;1965-05-01;bdnb-bc-Q1EX-GKB6-46EL;bdnb-bg-Y54W-G2E9-4D6J;93;413.0;5.4;Stains;1934.0;;;F;BRIQUES;TUILES;2.0;5.0;413.0;Résidentiel collectif;Résidentiel collectif;"[""COMMUNE DE STAINS""]"
0930472H;ZN4WNZABZA3W;Ecole maternelle Jean Jaurès;093;école;ECOLE MATERNELLE;Stains;1965-05-01;bdnb-bc-2ESJ-ASQ9-PLA9;bdnb-bg-LGQ3-4NYW-YNA4;93;149.0;7.2;Stains;1934.0;;;F;MEULIERE;TUILES;2.0;7.0;149.0;Résidentiel collectif;Tertiaire;"[""COMMUNE DE STAINS""]"
0930472H;PQQCFFSBPPE2;Ecole maternelle Jean Jaurès;093;école;ECOLE MATERNELLE;Stains;1965-05-01;bdnb-bc-DP1Y-WHKU-5BJR;bdnb-bg-A8B2-AMK1-YWXX;93;36.0;5.8;Stains;;;;F;;;;7.0;2846.0;;Tertiaire;
0930473J;H1AXWQ2WV7GP;Ecole maternelle Noue Caillet;093;école;ECOLE MATERNELLE;Bondy;1965-05-01;bdnb-bc-5L89-44GR-XLMX;bdnb-bg-NUJG-4GZQ-CVAZ;93;2070.0;3.1;Bondy;;;;;;;;4.0;2414.0;;Tertiaire;
0930475L;X9EZYQVQ7KVX;Ecole maternelle Jules Michelet;093;école;ECOLE MATERNELLE;Saint-Ouen-sur-Seine;1965-05-01;bdnb-bc-G86Q-NB1A-YSJB;bdnb-bg-F55A-1W2J-5P7K;93;64.0;;Saint-Ouen-sur-Seine;1900.0;;E;;BRIQUES;TUILES;4.0;;64.0;Résidentiel collectif;Résidentiel collectif;"[""VIMA GESTION""]"
0930475L;X9EZYQVQ7KVX;Ecole maternelle Jules Michelet;093;école;ECOLE MATERNELLE;Saint-Ouen-sur-Seine;1965-05-01;bdnb-bc-MU5M-ABTY-Y1FT;bdnb-bg-WGYC-F477-4CMA;93;725.0;9.8;Saint-Ouen-sur-Seine;;;;;;;;9.0;1274.0;;Tertiaire;
0930478P;PG9XDCYE1NNS;Ecole maternelle Jules Ferry;093;école;ECOLE MATERNELLE;Bagnolet;1965-05-01;bdnb-bc-V9PX-FW9Q-MPSH;bdnb-bg-QLS8-R7TF-D341;93;77.0;8.1;Bagnolet;1886.0;;;;BRIQUES - MEULIERE;TUILES;4.0;8.0;1725.0;Résidentiel collectif;Tertiaire;"[""COMMUNE DE BAGNOLET""]"
0930485X;KJGTWCZD9RH5;Ecole maternelle Les Gueldres;093;école;ECOLE MATERNELLE;Saint-Denis;1965-05-01;bdnb-bc-ET4M-KQDH-Z7B4;bdnb-bg-RX63-U7WF-2J9U;93;1063.0;8.2;Saint-Denis;1950.0;;;;INDETERMINE;INDETERMINE;1.0;8.0;1081.0;Tertiaire & Autres;Tertiaire;"[""COMMUNE DE SAINT-DENIS""]"
0930492E;CY1AS1E485X7;Ecole maternelle Nanteuil;093;école;ECOLE MATERNELLE;Montreuil;1965-05-01;bdnb-bc-6FLU-WLGH-8LJJ;bdnb-bg-EWRP-6M3Z-3B1V;93;989.0;7.3;Noisy-le-Sec;1933.0;;;;BRIQUES;TUILES;2.0;7.0;989.0;Tertiaire & Autres;Tertiaire;"[""COMMUNE DE NOISY LE SEC"", ""ENEDIS""]"
0930509Y;85J9HS7DWY9V;Ecole maternelle Raymond Poincaré;093;école;ECOLE MATERNELLE;La Courneuve;1965-05-01;bdnb-bc-DEJZ-WS36-JPS8;bdnb-bg-Y488-221H-F5F3;93;2526.0;19.1;La Courneuve;1930.0;;;;BETON - BRIQUES;BETON;3.0;8.0;5104.0;Tertiaire & Autres;Tertiaire;"[""COMMUNE DE LA COURNEUVE"", ""DEPARTEMENT DE LA SEINE SAINT DENIS""]"
0930515E;VGKEGQCM413V;Ecole maternelle Roger Salengro;093;école;ECOLE MATERNELLE;Bondy;1965-05-01;bdnb-bc-SLE4-KFQM-LB79;bdnb-bg-J88X-QWR7-G5ZC;93;3732.0;11.1;Bondy;2012.0;;;;BETON - BRIQUES;BETON;2.0;11.0;3732.0;Tertiaire & Autres;Tertiaire;"[""COMMUNE DE BONDY""]"
0930517G;R2ZKVK8CTHRX;Ecole maternelle Romain Rolland;093;école;ECOLE MATERNELLE;Les Lilas;1965-05-01;bdnb-bc-GFSY-Q828-A75G;bdnb-bg-W1X7-HMZT-8EME;93;113.0;5.3;Les Lilas;1900.0;;;C;BRIQUES;TUILES;3.0;7.0;2882.0;Tertiaire & Autres;Tertiaire;"[""COMMUNE DES LILAS""]"
0930535B;446SXVM6RYGS;Ecole élémentaire Paul Lafargue;093;école;ECOLE DE NIVEAU ELEMENTAIRE;Montreuil;1966-09-30;bdnb-bc-ASR9-6Z6H-DZQA;bdnb-bg-7PLS-LJX8-PZHS;93;152.0;14.0;Montreuil;;;;;;;;11.0;1658.0;;Tertiaire;
0930539F;KD3CQEQX62AA;Ecole élémentaire Marcel Cachin;093;école;ECOLE DE NIVEAU ELEMENTAIRE;Romainville;1966-09-30;bdnb-bc-3845-MK6W-78JN;bdnb-bg-2F3V-FGFX-AKTW;93;856.0;4.4;Romainville;2018.0;;;;INDETERMINE;INDETERMINE;1.0;5.0;1947.0;Tertiaire & Autres;Tertiaire;"[""COMMUNE DE ROMAINVILLE""]"
0930539F;KD3CQEQX62AA;Ecole élémentaire Marcel Cachin;093;école;ECOLE DE NIVEAU ELEMENTAIRE;Romainville;1966-09-30;bdnb-bc-DDQF-61TB-8DAM;bdnb-bg-2F3V-FGFX-AKTW;93;754.0;4.4;Romainville;2018.0;;;;INDETERMINE;INDETERMINE;1.0;5.0;1947.0;Tertiaire & Autres;Tertiaire;"[""COMMUNE DE ROMAINVILLE""]"
0930541H;MSS67471RPMW;Ecole élémentaire Guillaume Apollinaire;093;école;ECOLE DE NIVEAU ELEMENTAIRE;Stains;1966-09-30;bdnb-bc-M1J7-8T84-9RQA;bdnb-bg-NYKS-7JJM-8BDP;93;735.0;7.0;Stains;1969.0;;D;;BETON;BETON;16.0;11.0;30227.0;Résidentiel collectif;Tertiaire;"[""COMMUNE DE STAINS"", ""DEPARTEMENT DE LA SEINE SAINT DENIS"", ""SEINE-SAINT-DENIS HABITAT""]"
0930541H;VJMBC1AXY619;Ecole élémentaire Guillaume Apollinaire;093;école;ECOLE DE NIVEAU ELEMENTAIRE;Stains;1966-09-30;bdnb-bc-NK53-G68H-AHFQ;bdnb-bg-NYKS-7JJM-8BDP;93;341.0;6.9;Stains;1969.0;;D;;BETON;BETON;16.0;11.0;30227.0;Résidentiel collectif;Tertiaire;"[""COMMUNE DE STAINS"", ""DEPARTEMENT DE LA SEINE SAINT DENIS"", ""SEINE-SAINT-DENIS HABITAT""]"
0930541H;GG3MYBQ9JYX4;Ecole élémentaire Guillaume Apollinaire;093;école;ECOLE DE NIVEAU ELEMENTAIRE;Stains;1966-09-30;bdnb-bc-DDCS-3A51-TAVY;bdnb-bg-NYKS-7JJM-8BDP;93;917.0;3.9;Stains;1969.0;;D;;BETON;BETON;16.0;11.0;30227.0;Résidentiel collectif;Tertiaire;"[""COMMUNE DE STAINS"", ""DEPARTEMENT DE LA SEINE SAINT DENIS"", ""SEINE-SAINT-DENIS HABITAT""]"
0930543K;3HD3W3MXEE7R;Ecole élémentaire Romain Rolland;093;école;ECOLE DE NIVEAU ELEMENTAIRE;Stains;1966-09-30;bdnb-bc-9RHU-PLBZ-H97J;bdnb-bg-NYKS-7JJM-8BDP;93;1782.0;8.4;Stains;1969.0;;D;;BETON;BETON;16.0;11.0;30227.0;Résidentiel collectif;Tertiaire;"[""COMMUNE DE STAINS"", ""DEPARTEMENT DE LA SEINE SAINT DENIS"", ""SEINE-SAINT-DENIS HABITAT""]"
0930544L;3HD3W3MXEE7R;Ecole maternelle Romain Rolland;093;école;ECOLE MATERNELLE;Stains;1966-09-30;bdnb-bc-9RHU-PLBZ-H97J;bdnb-bg-NYKS-7JJM-8BDP;93;1782.0;8.4;Stains;1969.0;;D;;BETON;BETON;16.0;11.0;30227.0;Résidentiel collectif;Tertiaire;"[""COMMUNE DE STAINS"", ""DEPARTEMENT DE LA SEINE SAINT DENIS"", ""SEINE-SAINT-DENIS HABITAT""]"
0930545M;XM8RDPWE4A2F;Ecole élémentaire Daniel Renoult;093;école;ECOLE DE NIVEAU ELEMENTAIRE;Montreuil;1965-05-01;bdnb-bc-JERD-DTL6-VNR1;bdnb-bg-5KMB-3PG3-4T8U;93;1859.0;5.2;Montreuil;;;;;;;;6.0;3018.0;;Tertiaire;
0930548R;T2BATBV2GF9E;Ecole élémentaire Félix Eboué;093;école;ECOLE DE NIVEAU ELEMENTAIRE;Rosny-sous-Bois;1965-05-01;bdnb-bc-7LA3-3RF4-LV8T;bdnb-bg-RE74-3XQ3-TLDZ;93;943.0;7.7;Rosny-sous-Bois;;;;C;INDETERMINE;INDETERMINE;1.0;7.0;3328.0;Tertiaire & Autres;Tertiaire;"[""COMMUNE DE ROSNY-SOUS-BOIS""]"
0930574U;2KJHRWPEVMTG;Ecole élémentaire André Boulloche;093;école;ECOLE DE NIVEAU ELEMENTAIRE;Bondy;1965-12-01;bdnb-bc-7LEV-8AMB-XFAM;bdnb-bg-R8RF-23QR-YV67;93;1810.0;12.9;Bondy;2010.0;;;B;INDETERMINE;INDETERMINE;1.0;13.0;1810.0;Tertiaire & Autres;Tertiaire;"[""COMMUNE DE BONDY""]"
0930658K;MMPZA7ZSDA9F;Ecole élémentaire Victor Hugo;093;école;ECOLE DE NIVEAU ELEMENTAIRE;Neuilly-Plaisance;1965-05-01;bdnb-bc-18XW-LW1K-KHJU;bdnb-bg-KJQM-XC58-GLDE;93;434.0;13.9;Neuilly-Plaisance;;;;;;;;8.0;504.0;;Tertiaire;
0930673B;FR8Z34TASPWQ;Ecole élémentaire Thiers;093;école;ECOLE DE NIVEAU ELEMENTAIRE;Le Raincy;1965-05-01;bdnb-bc-22Y8-JZRC-DZ85;bdnb-bg-FBK9-8K11-Q6LA;93;276.0;10.7;Le Raincy;;2013.0;B;;;;;7.0;6025.0;;Tertiaire;
0930673B;BQ3KERVB32NZ;Ecole élémentaire Thiers;093;école;ECOLE DE NIVEAU ELEMENTAIRE;Le Raincy;1965-05-01;bdnb-bc-2YD2-EGDE-FNAD;bdnb-bg-FBK9-8K11-Q6LA;93;106.0;5.0;Le Raincy;;2013.0;B;;;;;7.0;6025.0;;Tertiaire;
0930680J;WM8K48PRJNGK;Ecole élémentaire  Joliot-Curie 1;093;école;ECOLE DE NIVEAU ELEMENTAIRE;Clichy-sous-Bois;1965-05-01;bdnb-bc-ZBJ7-DPWL-5S2P;bdnb-bg-YWAD-9CFM-UR7J;93;305.0;9.8;Clichy-sous-Bois;;;;;;;;9.0;1757.0;;Tertiaire;
0930692X;VF9MC8BQCCVC;Ecole élémentaire Danton;093;école;ECOLE DE NIVEAU ELEMENTAIRE;Livry-Gargan;1965-05-01;bdnb-bc-HHN7-F14R-27TJ;bdnb-bg-UFD4-8WYB-6K6E;93;960.0;14.4;Livry-Gargan;1930.0;;;;BRIQUES - MEULIERE;TUILES;4.0;14.0;960.0;Résidentiel collectif;Tertiaire;"[""COMMUNE DE LIVRY GARGAN""]"
0930715X;NVC7592CCXP3;Ecole élémentaire Claude Bernard;093;école;ECOLE DE NIVEAU ELEMENTAIRE;Sevran;1965-05-01;bdnb-bc-NMC3-Q3FA-AH9F;bdnb-bg-QVWL-45D4-9M42;93;2062.0;3.9;Sevran;1960.0;;;;AGGLOMERE;ZINC ALUMINIUM;4.0;8.0;3902.0;Résidentiel collectif;Tertiaire;"[""COMMUNE DE SEVRAN""]"
0930726J;Q74M4R78E7MH;Ecole primaire Paul Langevin;093;école;ECOLE DE NIVEAU ELEMENTAIRE;Villepinte;1965-05-01;bdnb-bc-28C2-BNYT-KLM9;bdnb-bg-1T1S-2QHP-5FSU;93;627.0;2.3;Villepinte;2000.0;;D;;INDETERMINE;INDETERMINE;1.0;5.0;5992.0;Résidentiel collectif;Tertiaire;"[""COMMUNE DE VILLEPINTE""]"
0930736V;4PBAXGYK8FDN;Ecole élémentaire Paul Bert;093;école;ECOLE DE NIVEAU ELEMENTAIRE;Aulnay-sous-Bois;1965-05-01;bdnb-bc-SJCK-D6HC-Q6VW;bdnb-bg-Q2HK-4ESK-NZCE;93;453.0;12.5;Aulnay-sous-Bois;1933.0;;;;BRIQUES;TUILES;2.0;8.0;818.0;Résidentiel collectif;Tertiaire;"[""COMMUNE DE SEVRAN""]"
0930738X;V2SGX77F7DN1;Ecole élémentaire Bourg 1;093;école;ECOLE DE NIVEAU ELEMENTAIRE;Aulnay-sous-Bois;1965-05-01;bdnb-bc-4A26-2SGM-EPDZ;bdnb-bg-CAV1-NRJU-WKSM;93;462.0;9.1;Aulnay-sous-Bois;;;G;;INDETERMINE;TUILES;3.0;6.0;5859.0;Tertiaire & Autres;Tertiaire;"[""COMMUNE DE SEVRAN"", ""ASSOCIATION DIOCESAINE ST DENIS FRANCE""]"
0930741A;SZK8FZ1X8NGW;Ecole élémentaire Les Prévoyants;093;école;ECOLE DE NIVEAU ELEMENTAIRE;Aulnay-sous-Bois;1965-05-01;bdnb-bc-ZE3H-A6KW-KUNY;bdnb-bg-W8JA-4GDR-FFU1;93;601.0;17.6;Aulnay-sous-Bois;1930.0;;;;BRIQUES;TUILES;4.0;9.0;1491.0;Résidentiel collectif;Tertiaire;"[""COMMUNE DE SEVRAN""]"
0930741A;SCPZS5TCDKPN;Ecole élémentaire Les Prévoyants;093;école;ECOLE DE NIVEAU ELEMENTAIRE;Aulnay-sous-Bois;1965-05-01;bdnb-bc-6PVM-7QKL-UT6F;bdnb-bg-W8JA-4GDR-FFU1;93;282.0;5.0;Aulnay-sous-Bois;1930.0;;;;BRIQUES;TUILES;4.0;9.0;1491.0;Résidentiel collectif;Tertiaire;"[""COMMUNE DE SEVRAN""]"
0930741A;H3QGPMNXZDRK;Ecole élémentaire Les Prévoyants;093;école;ECOLE DE NIVEAU ELEMENTAIRE;Aulnay-sous-Bois;1965-05-01;bdnb-bc-PWYX-B2HZ-93KS;bdnb-bg-W8JA-4GDR-FFU1;93;354.0;5.0;Aulnay-sous-Bois;1930.0;;;;BRIQUES;TUILES;4.0;9.0;1491.0;Résidentiel collectif;Tertiaire;"[""COMMUNE DE SEVRAN""]"
0930741A;M23RDPYSSK62;Ecole élémentaire Les Prévoyants;093;école;ECOLE DE NIVEAU ELEMENTAIRE;Aulnay-sous-Bois;1965-05-01;bdnb-bc-Z8W2-MBQ5-M856;bdnb-bg-W8JA-4GDR-FFU1;93;254.0;3.5;Aulnay-sous-Bois;1930.0;;;;BRIQUES;TUILES;4.0;9.0;1491.0;Résidentiel collectif;Tertiaire;"[""COMMUNE DE SEVRAN""]"
0930744D;7TR3Q86ZYYYN;Ecole élémentaire Fontaine des Prés 1;093;école;ECOLE DE NIVEAU ELEMENTAIRE;Aulnay-sous-Bois;1965-05-01;bdnb-bc-D3F8-7G6G-5HC6;bdnb-bg-QCSF-1Y5B-L6AJ;93;1600.0;10.0;Aulnay-sous-Bois;1958.0;;;;AGGLOMERE;TUILES;3.0;5.0;3805.0;Résidentiel collectif;Tertiaire;"[""COMMUNE DE SEVRAN""]"
0930756S;5SEP315GETM1;Ecole élémentaire Jules Ferry;093;école;ECOLE DE NIVEAU ELEMENTAIRE;Le Blanc-Mesnil;1965-05-01;bdnb-bc-PVTU-78F1-NKEN;bdnb-bg-J2ZR-Z843-AAWD;93;749.0;5.2;Le Blanc-Mesnil;1950.0;;;;BRIQUES;TUILES;3.0;7.0;3211.0;Résidentiel collectif;Tertiaire;"[""COMMUNE DE DUGNY""]"
0930757T;RVSVH3NQ23TD;Ecole élémentaire Edouard Vaillant;093;école;ECOLE DE NIVEAU ELEMENTAIRE;Le Blanc-Mesnil;1965-05-01;bdnb-bc-6LSR-NLR2-2CJZ;bdnb-bg-VU4Z-WTFH-BRBD;93;563.0;18.9;Le Blanc-Mesnil;1958.0;;;;BRIQUES;BETON;4.0;12.0;2331.0;Tertiaire & Autres;Tertiaire;"[""COMMUNE DE DUGNY""]"
0930758U;CPKH7TWZ5T3D;Ecole élémentaire Jules Guesde;093;école;ECOLE DE NIVEAU ELEMENTAIRE;Le Blanc-Mesnil;1965-05-01;bdnb-bc-Y8TL-Z4J9-87JL;bdnb-bg-Y67L-DZYX-BPAY;93;825.0;2.8;Le Blanc-Mesnil;1958.0;;;;AGGLOMERE;BETON;4.0;4.0;1343.0;Résidentiel collectif;Tertiaire;"[""COMMUNE DE DUGNY""]"
0930769F;D5VBCY3ATDPM;Ecole maternelle Nonneville;093;école;ECOLE MATERNELLE;Aulnay-sous-Bois;1965-05-01;bdnb-bc-3RN6-E4XU-QGP7;bdnb-bg-GZAM-UML9-SMZN;93;1268.0;6.0;Aulnay-sous-Bois;1961.0;;;;AGGLOMERE;TUILES;1.0;6.0;2306.0;Tertiaire & Autres;Tertiaire;"[""COMMUNE DE SEVRAN""]"
0930769F;X7RARXXMGAAY;Ecole maternelle Nonneville;093;école;ECOLE MATERNELLE;Aulnay-sous-Bois;1965-05-01;bdnb-bc-CTYM-E4BW-MZ16;bdnb-bg-GZAM-UML9-SMZN;93;67.0;3.7;Aulnay-sous-Bois;1961.0;;;;AGGLOMERE;TUILES;1.0;6.0;2306.0;Tertiaire & Autres;Tertiaire;"[""COMMUNE DE SEVRAN""]"
0930769F;ZTFFNWQKPH3N;Ecole maternelle Nonneville;093;école;ECOLE MATERNELLE;Aulnay-sous-Bois;1965-05-01;bdnb-bc-XX4H-BF7B-X5NB;bdnb-bg-GZAM-UML9-SMZN;93;97.0;7.1;Aulnay-sous-Bois;1961.0;;;;AGGLOMERE;TUILES;1.0;6.0;2306.0;Tertiaire & Autres;Tertiaire;"[""COMMUNE DE SEVRAN""]"
0930780T;5SEP315GETM1;Ecole maternelle Jules Ferry;093;école;ECOLE MATERNELLE;Le Blanc-Mesnil;1965-05-01;bdnb-bc-PVTU-78F1-NKEN;bdnb-bg-J2ZR-Z843-AAWD;93;749.0;5.2;Le Blanc-Mesnil;1950.0;;;;BRIQUES;TUILES;3.0;7.0;3211.0;Résidentiel collectif;Tertiaire;"[""COMMUNE DE DUGNY""]"
0930789C;7DK1S8XAPPWN;Ecole maternelle Auguste Cretier;093;école;ECOLE MATERNELLE;Sevran;1965-05-01;bdnb-bc-4V9R-UEPF-7JCC;bdnb-bg-AG4A-B133-4XCB;93;1004.0;4.6;Sevran;;;;;;;;5.0;1631.0;;Tertiaire;
0930791E;NVC7592CCXP3;Ecole maternelle Jean Perrin;093;école;ECOLE MATERNELLE;Sevran;1965-05-01;bdnb-bc-NMC3-Q3FA-AH9F;bdnb-bg-QVWL-45D4-9M42;93;2062.0;3.9;Sevran;1960.0;;;;AGGLOMERE;ZINC ALUMINIUM;4.0;8.0;3902.0;Résidentiel collectif;Tertiaire;"[""COMMUNE DE SEVRAN""]"
0930793G;11NYQD3XXTNC;Ecole maternelle Marie Curie;093;école;ECOLE MATERNELLE;Tremblay-en-France;1965-05-01;bdnb-bc-6VUF-SR6W-55TV;bdnb-bg-13YT-KW6N-HSMM;93;1993.0;7.0;Tremblay-en-France;1958.0;;;;BRIQUES;TUILES;2.0;7.0;2724.0;Résidentiel collectif;Tertiaire;"[""COMMUNE DE TREMBLAY EN FRANCE""]"
0930796K;AYZWMBFNBF4H;Ecole maternelle Vert-Galant;093;école;ECOLE MATERNELLE;Villepinte;1965-05-01;bdnb-bc-W8LZ-THBT-B8TM;bdnb-bg-WFL3-EMSN-ZE1S;93;134.0;4.0;Villepinte;;;;;;;;6.0;1314.0;;Tertiaire;
0930801R;S99MBRXDZXFP;Ecole maternelle Joliot-Curie;093;école;ECOLE MATERNELLE;Clichy-sous-Bois;1965-05-01;bdnb-bc-HQA4-YZBD-VU3M;bdnb-bg-818J-9JTD-JDQQ;93;768.0;3.2;Clichy-sous-Bois;;;;;;;;7.0;6931.0;;Tertiaire;
0930805V;B511JE6BYWV2;Ecole maternelle Jean Jaurès;093;école;ECOLE MATERNELLE;Livry-Gargan;1965-05-01;bdnb-bc-T4ZF-PSA7-LBTN;bdnb-bg-WUGL-H1W3-9UDW;93;235.0;4.0;Livry-Gargan;;;;;;;;4.0;1826.0;;Tertiaire;
0930805V;T7DMDVQYZED7;Ecole maternelle Jean Jaurès;093;école;ECOLE MATERNELLE;Livry-Gargan;1965-05-01;bdnb-bc-3P69-6C13-EKUT;bdnb-bg-KC6F-F1PU-MMBL;93;41.0;5.0;Livry-Gargan;2003.0;;;;INDETERMINE;INDETERMINE;1.0;7.0;2090.0;Tertiaire & Autres;Tertiaire;"[""COMMUNE DE LIVRY GARGAN""]"
0930805V;P3FNNQQSYP92;Ecole maternelle Jean Jaurès;093;école;ECOLE MATERNELLE;Livry-Gargan;1965-05-01;bdnb-bc-HWVF-WAVU-KXFN;bdnb-bg-WUGL-H1W3-9UDW;93;94.0;3.8;Livry-Gargan;;;;;;;;4.0;1826.0;;Tertiaire;
0930808Y;35SZWD9B8A25;Ecole maternelle Jules Ferry;093;école;ECOLE MATERNELLE;Montfermeil;1965-05-01;bdnb-bc-5TXN-24W7-7F7P;bdnb-bg-LJGP-8R49-NMMW;93;863.0;5.0;Montfermeil;1926.0;;;D;BRIQUES - MEULIERE;TUILES;2.0;7.0;1431.0;Tertiaire & Autres;Tertiaire;"[""COMMUNE DE MONTFERMEIL""]"
0930820L;KBGCMS1T7BEF;Ecole maternelle Château;093;école;ECOLE MATERNELLE;Gournay-sur-Marne;1965-05-01;bdnb-bc-P345-DXN9-PFKM;bdnb-bg-J9M1-L253-YEE8;93;1389.0;7.1;Gournay-sur-Marne;;;;;INDETERMINE;INDETERMINE;1.0;7.0;1389.0;Tertiaire & Autres;Tertiaire;"[""COMMUNE DE GOURNAY-SUR-MARNE""]"
0930823P;H8TR4NWEXQC9;Ecole maternelle Paul Doumer;093;école;ECOLE MATERNELLE;Neuilly-Plaisance;1965-05-01;bdnb-bc-KR7L-JUQP-A5ES;bdnb-bg-6381-MUSY-SQKY;93;1123.0;4.3;Neuilly-Plaisance;1935.0;;E;;INDETERMINE;INDETERMINE;4.0;5.0;1682.0;Résidentiel collectif;Tertiaire;"[""COMMUNE DE NEUILLY PLAISANCE"", ""DEPARTEMENT DE LA SEINE SAINT DENIS""]"
0930826T;XKJ3G238T5NE;Ecole maternelle Robert Desnos;093;école;ECOLE MATERNELLE;Noisy-le-Grand;1965-05-01;bdnb-bc-RVXZ-TDHX-DGKE;bdnb-bg-KGT1-BNU6-318C;93;309.0;12.9;Noisy-le-Grand;1956.0;;;C;BETON;TUILES;4.0;10.0;3792.0;Résidentiel collectif;Tertiaire;"[""COMMUNE DE NOISY LE GRAND""]"
0930826T;ZYFRD2FRSH3A;Ecole maternelle Robert Desnos;093;école;ECOLE MATERNELLE;Noisy-le-Grand;1965-05-01;bdnb-bc-X5MN-S48Y-LPZM;bdnb-bg-KGT1-BNU6-318C;93;55.0;11.4;Noisy-le-Grand;1956.0;;;C;BETON;TUILES;4.0;10.0;3792.0;Résidentiel collectif;Tertiaire;"[""COMMUNE DE NOISY LE GRAND""]"
0930831Y;8N5GX8Y3EBXH;Lycée professionnel Aristide Briand - Lycée des métiers de l'industrie aéronautique 4.0;093;lycée;LYCEE PROFESSIONNEL;Le Blanc-Mesnil;1965-05-01;bdnb-bc-XR1Z-N8YL-SS69;bdnb-bg-UAZU-RWNQ-NRQE;93;1654.0;6.6;Le Blanc-Mesnil;1991.0;;;;INDETERMINE;INDETERMINE;2.0;9.0;3199.0;Résidentiel collectif;Tertiaire;"[""REGION ILE DE FRANCE""]"
0930831Y;D9A4DS13VGKQ;Lycée professionnel Aristide Briand - Lycée des métiers de l'industrie aéronautique 4.0;093;lycée;LYCEE PROFESSIONNEL;Le Blanc-Mesnil;1965-05-01;bdnb-bc-15P9-X3QR-VYRX;bdnb-bg-UAZU-RWNQ-NRQE;93;1546.0;10.4;Le Blanc-Mesnil;1991.0;;;;INDETERMINE;INDETERMINE;2.0;9.0;3199.0;Résidentiel collectif;Tertiaire;"[""REGION ILE DE FRANCE""]"
0930831Y;7C3F567SSX1F;Lycée professionnel Aristide Briand - Lycée des métiers de l'industrie aéronautique 4.0;093;lycée;LYCEE PROFESSIONNEL;Le Blanc-Mesnil;1965-05-01;bdnb-bc-WLKG-15WD-HAQR;bdnb-bg-ZVTD-D85M-YG5P;93;3578.0;3.4;Le Blanc-Mesnil;;;;;;;;3.0;3578.0;;Tertiaire;
0930835C;T13ARDQNY3NV;Ecole maternelle Ambourget;093;école;ECOLE MATERNELLE;Aulnay-sous-Bois;1965-07-01;bdnb-bc-R82N-V9YZ-Y239;bdnb-bg-9GAG-JUNJ-HFA2;93;1427.0;11.8;Aulnay-sous-Bois;2014.0;;D;;AGGLOMERE;BETON;4.0;8.0;6987.0;Tertiaire & Autres;Tertiaire;"[""COMMUNE DE SEVRAN""]"
0930836D;XDBPDTVYR81X;Ecole élémentaire Ambourget 2;093;école;ECOLE DE NIVEAU ELEMENTAIRE;Aulnay-sous-Bois;1965-07-01;bdnb-bc-WMUW-YQSJ-J634;bdnb-bg-9GAG-JUNJ-HFA2;93;439.0;6.4;Aulnay-sous-Bois;2014.0;;D;;AGGLOMERE;BETON;4.0;8.0;6987.0;Tertiaire & Autres;Tertiaire;"[""COMMUNE DE SEVRAN""]"
0930836D;SJBYPYGDVMN9;Ecole élémentaire Ambourget 2;093;école;ECOLE DE NIVEAU ELEMENTAIRE;Aulnay-sous-Bois;1965-07-01;bdnb-bc-DCNP-G2V8-JZVA;bdnb-bg-9GAG-JUNJ-HFA2;93;1372.0;5.3;Aulnay-sous-Bois;2014.0;;D;;AGGLOMERE;BETON;4.0;8.0;6987.0;Tertiaire & Autres;Tertiaire;"[""COMMUNE DE SEVRAN""]"
0930836D;24J5XS487VAQ;Ecole élémentaire Ambourget 2;093;école;ECOLE DE NIVEAU ELEMENTAIRE;Aulnay-sous-Bois;1965-07-01;bdnb-bc-LUS4-K9XJ-EFGL;bdnb-bg-9GAG-JUNJ-HFA2;93;159.0;5.7;Aulnay-sous-Bois;2014.0;;D;;AGGLOMERE;BETON;4.0;8.0;6987.0;Tertiaire & Autres;Tertiaire;"[""COMMUNE DE SEVRAN""]"
0930836D;T13ARDQNY3NV;Ecole élémentaire Ambourget 2;093;école;ECOLE DE NIVEAU ELEMENTAIRE;Aulnay-sous-Bois;1965-07-01;bdnb-bc-R82N-V9YZ-Y239;bdnb-bg-9GAG-JUNJ-HFA2;93;1427.0;11.8;Aulnay-sous-Bois;2014.0;;D;;AGGLOMERE;BETON;4.0;8.0;6987.0;Tertiaire & Autres;Tertiaire;"[""COMMUNE DE SEVRAN""]"
0930836D;1Y939AX15CV4;Ecole élémentaire Ambourget 2;093;école;ECOLE DE NIVEAU ELEMENTAIRE;Aulnay-sous-Bois;1965-07-01;bdnb-bc-H9EH-S5Z4-QMEC;bdnb-bg-9GAG-JUNJ-HFA2;93;338.0;6.7;Aulnay-sous-Bois;2014.0;;D;;AGGLOMERE;BETON;4.0;8.0;6987.0;Tertiaire & Autres;Tertiaire;"[""COMMUNE DE SEVRAN""]"
0930836D;J8GBFEQ9TTC7;Ecole élémentaire Ambourget 2;093;école;ECOLE DE NIVEAU ELEMENTAIRE;Aulnay-sous-Bois;1965-07-01;bdnb-bc-1ATD-KCEP-WW7J;bdnb-bg-9GAG-JUNJ-HFA2;93;62.0;4.9;Aulnay-sous-Bois;2014.0;;D;;AGGLOMERE;BETON;4.0;8.0;6987.0;Tertiaire & Autres;Tertiaire;"[""COMMUNE DE SEVRAN""]"
0930836D;728WTEPDRGTT;Ecole élémentaire Ambourget 2;093;école;ECOLE DE NIVEAU ELEMENTAIRE;Aulnay-sous-Bois;1965-07-01;bdnb-bc-D3UG-GU21-PKH3;bdnb-bg-9GAG-JUNJ-HFA2;93;283.0;13.8;Aulnay-sous-Bois;2014.0;;D;;AGGLOMERE;BETON;4.0;8.0;6987.0;Tertiaire & Autres;Tertiaire;"[""COMMUNE DE SEVRAN""]"
0930836D;1TFVSGYQJ4AS;Ecole élémentaire Ambourget 2;093;école;ECOLE DE NIVEAU ELEMENTAIRE;Aulnay-sous-Bois;1965-07-01;bdnb-bc-T3HX-EEWJ-S2KJ;bdnb-bg-9GAG-JUNJ-HFA2;93;287.0;7.7;Aulnay-sous-Bois;2014.0;;D;;AGGLOMERE;BETON;4.0;8.0;6987.0;Tertiaire & Autres;Tertiaire;"[""COMMUNE DE SEVRAN""]"
0930839G;67M2S8GCNXWJ;Ecole primaire Paul Vaillant couturier 1;093;école;ECOLE DE NIVEAU ELEMENTAIRE;Clichy-sous-Bois;1965-07-01;bdnb-bc-LZCG-ME26-BXN7;bdnb-bg-818J-9JTD-JDQQ;93;1226.0;12.0;Clichy-sous-Bois;;;;;;;;7.0;6931.0;;Tertiaire;
0930840H;QARNGBQYQER8;Ecole élémentaire Victor Hugo;093;école;ECOLE DE NIVEAU ELEMENTAIRE;Montfermeil;1965-07-01;bdnb-bc-YLTB-C7ZD-H9BQ;bdnb-bg-6ATF-GJW5-69T6;93;1425.0;11.1;Montfermeil;2022.0;;;;INDETERMINE;INDETERMINE;1.0;11.0;1425.0;Tertiaire & Autres;Tertiaire;"[""COMMUNE DE MONTFERMEIL""]"
0930858C;MCTA4P81FEKX;Collège Pablo Néruda;093;collège;COLLEGE;Gagny;1966-07-18;bdnb-bc-NBHE-1BLR-T7HK;bdnb-bg-2Z1Y-BEE9-5XMU;93;3103.0;9.6;Gagny;2004.0;;;;BETON - AUTRES;INDETERMINE;2.0;9.0;5343.0;Tertiaire & Autres;Tertiaire;"[""COMMUNE DE GAGNY""]"
0930892P;5QBDGEJNQB68;Collège Anatole France;093;collège;COLLEGE;Drancy;1968-04-25;bdnb-bc-Y2KX-JDR9-U3FB;bdnb-bg-7JXV-FSUB-9WX1;93;122.0;3.9;Drancy;1994.0;;;;AUTRES;AUTRES;1.0;6.0;3349.0;Tertiaire & Autres;Tertiaire;"[""DEPARTEMENT DE LA SEINE SAINT DENIS""]"
0932282A;VGMWBTRF6MV7;Lycée polyvalent Léo Lagrange;093;lycée;LYCEE POLYVALENT;Bondy;1998-09-01;bdnb-bc-5KWY-HNZW-37LR;bdnb-bg-X5QN-HWVC-H8R6;93;518.0;7.7;Bondy;1959.0;;;;BETON - BRIQUES;BETON;2.0;9.0;3631.0;Tertiaire & Autres;Tertiaire;"[""COMMUNE DE BONDY""]"
0932456P;JBDXT72CB9V4;Ecole primaire d'application Nelson Mandela;093;école;ECOLE ELEMENTAIRE D APPLICATION;Saint-Ouen-sur-Seine;2008-09-01;bdnb-bc-HECM-SHPU-NC4B;bdnb-bg-TFBU-U5DG-FU4H;93;2229.0;14.1;Saint-Ouen-sur-Seine;2009.0;;;;INDETERMINE;INDETERMINE;2.0;14.0;2229.0;Tertiaire & Autres;Tertiaire;"[""COMMUNE DE ST OUEN-SUR-SEINE""]"
0932500M;ANRFVB6FB7AC;Ecole élémentaire Maria Casarès;093;école;ECOLE DE NIVEAU ELEMENTAIRE;Saint-Denis;2011-09-01;bdnb-bc-G3EL-ZKK2-V6FY;bdnb-bg-KMKM-KDC5-DA4J;93;5014.0;29.2;Saint-Denis;2017.0;2017.0;C;;INDETERMINE;INDETERMINE;9.0;29.0;5014.0;Résidentiel collectif;Tertiaire;"[""OPH COMMUNAUTAIRE DE PLAINE COMMUNE""]"
0932501N;D4S8PPJ9TN95;Ecole élémentaire Albert Calmette;093;école;ECOLE DE NIVEAU ELEMENTAIRE;Le Blanc-Mesnil;2011-09-01;bdnb-bc-VEHP-JG3T-8U6X;bdnb-bg-8PJP-PURP-WQRG;93;1033.0;8.8;Le Blanc-Mesnil;2012.0;;;;INDETERMINE;INDETERMINE;1.0;6.0;1986.0;Tertiaire & Autres;Tertiaire;"[""COMMUNE DE DUGNY""]"
0932577W;WT7NXB92H91X;Lycée Germaine Tillion;093;lycée;LYCEE ENSEIGNT GENERAL ET TECHNOLOGIQUE;Le Bourget;2014-04-01;bdnb-bc-XQRU-A79C-LSKD;bdnb-bg-TW2H-1NEX-Y2G9;93;868.0;9.3;Le Bourget;1920.0;;;;BRIQUES;BETON;2.0;9.0;2424.0;Résidentiel collectif;Tertiaire;"[""REGION ILE DE FRANCE""]"
0932581A;ZKZHHQ5GR7MB;Collège International;093;collège;COLLEGE;Noisy-le-Grand;2014-09-01;bdnb-bc-FVA3-EPXF-6MYV;bdnb-bg-MPU3-NSYQ-ZL5D;93;1880.0;20.0;Noisy-le-Grand;2016.0;;;;INDETERMINE;INDETERMINE;4.0;9.0;3895.0;Tertiaire & Autres;Tertiaire;"[""DEPARTEMENT DE LA SEINE SAINT DENIS""]"
0932590K;KC1D92T62WT6;Ecole maternelle Les Zéfirottes;093;école;ECOLE MATERNELLE;Montreuil;2014-09-01;bdnb-bc-Q1WR-QM2H-ACB1;bdnb-bg-TT3C-U1VE-X77J;93;2427.0;11.7;Montreuil;;;;;;;;8.0;2550.0;;Tertiaire;
0932591L;KC1D92T62WT6;Ecole élémentaire Stéphane Hessel;093;école;ECOLE DE NIVEAU ELEMENTAIRE;Montreuil;2014-09-01;bdnb-bc-Q1WR-QM2H-ACB1;bdnb-bg-TT3C-U1VE-X77J;93;2427.0;11.7;Montreuil;;;;;;;;8.0;2550.0;;Tertiaire;
0932595R;8NQEJ4MCV81M;Ecole primaire La Roseraie - Jacqueline de Chambrun;093;école;ECOLE DE NIVEAU ELEMENTAIRE;Saint-Denis;2014-09-01;bdnb-bc-F8XS-6UUY-781Y;bdnb-bg-DEP6-LAAH-ABJS;93;1903.0;7.4;Saint-Denis;2014.0;2013.0;C;;INDETERMINE;INDETERMINE;6.0;13.0;2695.0;Tertiaire & Autres;Tertiaire;"[""ESPACIL HABITAT SA D'HABITATIONS A LOYER MODERE"", ""COMMUNE DE SAINT-DENIS""]"
0932622V;818CQZQDHKRC;Ecole élémentaire Petits Ormes;093;école;ECOLE DE NIVEAU ELEMENTAIRE;Aulnay-sous-Bois;2015-09-01;bdnb-bc-F58K-JPXF-TDCD;bdnb-bg-APSR-4EUF-MS8G;93;641.0;3.8;Aulnay-sous-Bois;1973.0;;;;BETON;AUTRES;3.0;8.0;2855.0;Résidentiel collectif;Tertiaire;"[""COMMUNE DE SEVRAN""]"
0932630D;P3A1X88WAC7Z;Ecole primaire Les Cosmonautes;093;école;ECOLE DE NIVEAU ELEMENTAIRE;Saint-Denis;2015-09-01;bdnb-bc-AE1E-HGMT-PG1B;bdnb-bg-R672-6798-TW79;93;382.0;6.9;Saint-Denis;;;;;;;;7.0;1598.0;;Tertiaire;
0932656G;ANRFVB6FB7AC;Ecole élémentaire Taos Amrouche;093;école;ECOLE DE NIVEAU ELEMENTAIRE;Saint-Denis;2016-09-01;bdnb-bc-G3EL-ZKK2-V6FY;bdnb-bg-KMKM-KDC5-DA4J;93;5014.0;29.2;Saint-Denis;2017.0;2017.0;C;;INDETERMINE;INDETERMINE;9.0;29.0;5014.0;Résidentiel collectif;Tertiaire;"[""OPH COMMUNAUTAIRE DE PLAINE COMMUNE""]"
0932665S;ANRFVB6FB7AC;Ecole maternelle Le Cordouan;093;école;ECOLE MATERNELLE;Saint-Denis;2016-09-01;bdnb-bc-G3EL-ZKK2-V6FY;bdnb-bg-KMKM-KDC5-DA4J;93;5014.0;29.2;Saint-Denis;2017.0;2017.0;C;;INDETERMINE;INDETERMINE;9.0;29.0;5014.0;Résidentiel collectif;Tertiaire;"[""OPH COMMUNAUTAIRE DE PLAINE COMMUNE""]"
0932684M;AP7MR9RZEXY6;Ecole primaire Petits Pianos - Lili Boulanger;093;école;ECOLE DE NIVEAU ELEMENTAIRE;Saint-Denis;2017-09-01;bdnb-bc-GCR5-2SZQ-DGXM;bdnb-bg-7D12-Z42X-GW8V;93;1361.0;7.3;Saint-Denis;;;;;;;;6.0;1777.0;;Tertiaire;
0932725G;HWKD4HZX24EM;Collège Françoise Héritier;093;collège;COLLEGE;Noisy-le-Sec;2019-09-01;bdnb-bc-ZBFQ-6575-RSU7;bdnb-bg-JA84-WFHU-BN4Z;93;2604.0;5.0;Noisy-le-Sec;2020.0;;;;INDETERMINE;INDETERMINE;2.0;13.0;3506.0;Tertiaire & Autres;Tertiaire;"[""DEPARTEMENT DE LA SEINE SAINT DENIS""]"
0932732P;NKVXAGERYCA1;Ecole élémentaire Christiane Coulon;093;école;ECOLE DE NIVEAU ELEMENTAIRE;Montfermeil;2019-09-01;bdnb-bc-N775-A5AA-Y7ES;bdnb-bg-2LN2-W9DY-TB2S;93;1541.0;5.0;Montfermeil;2019.0;;;;INDETERMINE;INDETERMINE;1.0;;1541.0;Résidentiel collectif;Tertiaire;"[""COMMUNE DE MONTFERMEIL""]"
0932735T;2K6VCJFAA5KZ;Ecole primaire Jean de la Fontaine;093;école;ECOLE DE NIVEAU ELEMENTAIRE;Saint-Ouen-sur-Seine;2019-09-01;bdnb-bc-9LRY-737N-GDB9;bdnb-bg-44Q6-97AF-FX6T;93;2452.0;5.0;Saint-Ouen-sur-Seine;2019.0;;;;INDETERMINE;INDETERMINE;1.0;5.0;2782.0;Tertiaire & Autres;Tertiaire;"[""COMMUNE DE ST OUEN-SUR-SEINE""]"
0932735T;3RA66NQFZNB8;Ecole primaire Jean de la Fontaine;093;école;ECOLE DE NIVEAU ELEMENTAIRE;Saint-Ouen-sur-Seine;2019-09-01;bdnb-bc-9BKS-R8RW-S6QW;bdnb-bg-44Q6-97AF-FX6T;93;330.0;5.3;Saint-Ouen-sur-Seine;2019.0;;;;INDETERMINE;INDETERMINE;1.0;5.0;2782.0;Tertiaire & Autres;Tertiaire;"[""COMMUNE DE ST OUEN-SUR-SEINE""]"
0932736U;BV7QADXCMENY;Ecole primaire Anne Frank;093;école;ECOLE DE NIVEAU ELEMENTAIRE;Villemomble;2019-09-01;bdnb-bc-PQ8J-9SNJ-8SK6;bdnb-bg-YHWU-UD2X-KTTG;93;3243.0;5.0;Villemomble;2011.0;;;;INDETERMINE;INDETERMINE;1.0;;3243.0;Tertiaire & Autres;Tertiaire;"[""COMMUNE DE VILLEMOMBLE""]"
0932783V;DS6FCAHEB49Z;Lycée polyvalent Joséphine Baker;093;lycée;LYCEE POLYVALENT;Saint-Denis;2021-09-01;bdnb-bc-H1AW-GHZ5-NZU9;bdnb-bg-RJLN-CT6V-N66P;93;310.0;5.0;Saint-Denis;;;;;;;;;310.0;;Tertiaire;
0932783V;DS6FCAHEB49Z;Lycée polyvalent Joséphine Baker;093;lycée;LYCEE POLYVALENT;Saint-Denis;2021-09-01;bdnb-bc-KDQF-YB39-WJW7;bdnb-bg-RFNF-CEEW-P3NP;93;4312.0;5.0;Saint-Denis;1914.0;1947.0;;;AGGLOMERE;TUILES;2.0;;4312.0;Résidentiel individuel;Tertiaire;"[""REGION ILE DE FRANCE""]"
0932790C;RH7WB1HJ1AQR;Ecole primaire Lucie Aubrac;093;école;ECOLE DE NIVEAU ELEMENTAIRE;Stains;2021-09-01;bdnb-bc-DYLE-TGX3-7Z1N;bdnb-bg-A1FK-41KS-Y1CE;93;1183.0;5.0;Stains;2022.0;;;C;INDETERMINE;INDETERMINE;1.0;;2656.0;Tertiaire & Autres;Tertiaire;"[""COMMUNE DE STAINS""]"
0930977G;MC6B4B9S2XG7;Ecole maternelle Jean Jaurès Sud;093;école;ECOLE MATERNELLE;Epinay-sur-Seine;1968-05-17;bdnb-bc-FYDP-35ZA-L41T;bdnb-bg-FDY4-UABF-Z34F;93;1167.0;1.9;Épinay-sur-Seine;;;;;;;;5.0;5980.0;;Tertiaire;
0930981L;85J9HS7DWY9V;Ecole maternelle  Robespierre;093;école;ECOLE MATERNELLE;La Courneuve;1968-05-17;bdnb-bc-DEJZ-WS36-JPS8;bdnb-bg-Y488-221H-F5F3;93;2526.0;19.1;La Courneuve;1930.0;;;;BETON - BRIQUES;BETON;3.0;8.0;5104.0;Tertiaire & Autres;Tertiaire;"[""COMMUNE DE LA COURNEUVE"", ""DEPARTEMENT DE LA SEINE SAINT DENIS""]"
0930983N;VTAYPZ8BTXCN;Ecole maternelle Hélène Cochennec;093;école;ECOLE MATERNELLE;Pantin;1968-05-17;bdnb-bc-L5X6-7XVE-TC1R;bdnb-bg-MRTS-S324-B6LT;93;441.0;7.5;Pantin;1961.0;;;D;BETON;BETON;6.0;7.0;1537.0;Résidentiel collectif;Tertiaire;"[""COMMUNE DE PANTIN"", ""OFFICE PUBLIC DE L HABITAT DE LA VILLE DE PANTIN"", ""PANTIN HABITAT  SOCIETE ANONYME COOPERATIVE D'INTERET COLLEC"", ""GRDF"", ""REGIE AUTONOME DES TRANSPORTS PARISIENS"", ""GRDF AGENCE COMPTABLE""]"
0930983N;JJMNQWHQ1GPH;Ecole maternelle Hélène Cochennec;093;école;ECOLE MATERNELLE;Pantin;1968-05-17;bdnb-bc-QFZR-VZEK-UV5M;bdnb-bg-MRTS-S324-B6LT;93;58.0;7.4;Pantin;1961.0;;;D;BETON;BETON;6.0;7.0;1537.0;Résidentiel collectif;Tertiaire;"[""COMMUNE DE PANTIN"", ""OFFICE PUBLIC DE L HABITAT DE LA VILLE DE PANTIN"", ""PANTIN HABITAT  SOCIETE ANONYME COOPERATIVE D'INTERET COLLEC"", ""GRDF"", ""REGIE AUTONOME DES TRANSPORTS PARISIENS"", ""GRDF AGENCE COMPTABLE""]"
0930987T;A2QEAHZA5BN2;Ecole élémentaire Robespierre;093;école;ECOLE DE NIVEAU ELEMENTAIRE;La Courneuve;1968-05-17;bdnb-bc-6EDU-EJUN-4J4Y;bdnb-bg-3TDM-9V36-6K8Y;93;546.0;9.2;La Courneuve;1967.0;2018.0;C;;BETON;ZINC ALUMINIUM;2.0;9.0;4674.0;Résidentiel collectif;Tertiaire;"[""COMMUNE DE LA COURNEUVE""]"
0930987T;BHFB71CBW92T;Ecole élémentaire Robespierre;093;école;ECOLE DE NIVEAU ELEMENTAIRE;La Courneuve;1968-05-17;bdnb-bc-RMVE-RWET-8MDZ;bdnb-bg-3TDM-9V36-6K8Y;93;186.0;6.0;La Courneuve;1967.0;2018.0;C;;BETON;ZINC ALUMINIUM;2.0;9.0;4674.0;Résidentiel collectif;Tertiaire;"[""COMMUNE DE LA COURNEUVE""]"
0930987T;W1BDQH3X7MXH;Ecole élémentaire Robespierre;093;école;ECOLE DE NIVEAU ELEMENTAIRE;La Courneuve;1968-05-17;bdnb-bc-CBTM-A8FF-VL3X;bdnb-bg-3TDM-9V36-6K8Y;93;2238.0;3.4;La Courneuve;1967.0;2018.0;C;;BETON;ZINC ALUMINIUM;2.0;9.0;4674.0;Résidentiel collectif;Tertiaire;"[""COMMUNE DE LA COURNEUVE""]"
0930987T;W41K8RA91ZP5;Ecole élémentaire Robespierre;093;école;ECOLE DE NIVEAU ELEMENTAIRE;La Courneuve;1968-05-17;bdnb-bc-TD1E-KS3D-NLLD;bdnb-bg-3TDM-9V36-6K8Y;93;463.0;14.5;La Courneuve;1967.0;2018.0;C;;BETON;ZINC ALUMINIUM;2.0;9.0;4674.0;Résidentiel collectif;Tertiaire;"[""COMMUNE DE LA COURNEUVE""]"
0930987T;1C2PZMPNYMS8;Ecole élémentaire Robespierre;093;école;ECOLE DE NIVEAU ELEMENTAIRE;La Courneuve;1968-05-17;bdnb-bc-3RNR-5FK9-B9MR;bdnb-bg-3TDM-9V36-6K8Y;93;48.0;3.4;La Courneuve;1967.0;2018.0;C;;BETON;ZINC ALUMINIUM;2.0;9.0;4674.0;Résidentiel collectif;Tertiaire;"[""COMMUNE DE LA COURNEUVE""]"
0930987T;VQ1PEXZ4WYHJ;Ecole élémentaire Robespierre;093;école;ECOLE DE NIVEAU ELEMENTAIRE;La Courneuve;1968-05-17;bdnb-bc-ABT7-39ZE-V7TZ;bdnb-bg-3TDM-9V36-6K8Y;93;447.0;14.8;La Courneuve;1967.0;2018.0;C;;BETON;ZINC ALUMINIUM;2.0;9.0;4674.0;Résidentiel collectif;Tertiaire;"[""COMMUNE DE LA COURNEUVE""]"
0930988U;7P48STKTFGZP;Ecole élémentaire Jean Jaurès 1;093;école;ECOLE DE NIVEAU ELEMENTAIRE;Epinay-sur-Seine;1968-05-17;bdnb-bc-ZKYR-1DAG-3VJA;bdnb-bg-FDY4-UABF-Z34F;93;436.0;9.4;Épinay-sur-Seine;;;;;;;;5.0;5980.0;;Tertiaire;
0931059W;ZA5PZDTPMS6C;Ecole maternelle Les Primevères;093;école;ECOLE MATERNELLE;Sevran;1969-03-18;bdnb-bc-N4HJ-3KLA-LTJ6;bdnb-bg-AUN5-KFHX-Q4S1;93;1321.0;3.9;Sevran;2011.0;;;;INDETERMINE;INDETERMINE;1.0;4.0;1321.0;Tertiaire & Autres;Tertiaire;"[""COMMUNE DE SEVRAN""]"
0931063A;GYPSTK9M9JD1;Ecole maternelle Véronique et Florestan;093;école;ECOLE MATERNELLE;Romainville;1969-03-18;bdnb-bc-GP6G-LWX6-8Q3Q;bdnb-bg-SRWM-93MC-LW6F;93;841.0;9.1;Romainville;2012.0;;;;INDETERMINE;INDETERMINE;1.0;7.0;4532.0;Tertiaire & Autres;Tertiaire;"[""COMMUNE DE ROMAINVILLE""]"
0931066D;QQRWH4QX9MAP;Ecole maternelle Jean-Baptiste Du Hamel;093;école;ECOLE MATERNELLE;Neuilly-sur-Marne;1970-06-09;bdnb-bc-F7ZD-PT2V-2WZ7;bdnb-bg-RVC9-MM2U-QDQ3;93;679.0;1.9;Neuilly-sur-Marne;2010.0;2019.0;B;;INDETERMINE;INDETERMINE;4.0;6.0;18889.0;Tertiaire & Autres;Tertiaire;"[""COMMUNE DE NEUILLY S-MARNE"", ""ORANGE""]"
0931071J;87A79YWJVEBM;Ecole maternelle Les Bleuets;093;école;ECOLE MATERNELLE;Noisy-le-Sec;1969-03-18;bdnb-bc-3SK9-T4CM-QGA5;bdnb-bg-BS5V-DY1T-ZM5T;93;965.0;4.2;Noisy-le-Sec;2018.0;;;;INDETERMINE;INDETERMINE;3.0;7.0;5210.0;Tertiaire & Autres;Tertiaire;"[""COMMUNE DE NOISY LE SEC""]"
0931071J;G99ZJ7WFRZXS;Ecole maternelle Les Bleuets;093;école;ECOLE MATERNELLE;Noisy-le-Sec;1969-03-18;bdnb-bc-GP97-Z1LB-EEBZ;bdnb-bg-BS5V-DY1T-ZM5T;93;214.0;9.8;Noisy-le-Sec;2018.0;;;;INDETERMINE;INDETERMINE;3.0;7.0;5210.0;Tertiaire & Autres;Tertiaire;"[""COMMUNE DE NOISY LE SEC""]"
0931071J;MT88VNM2RK2D;Ecole maternelle Les Bleuets;093;école;ECOLE MATERNELLE;Noisy-le-Sec;1969-03-18;bdnb-bc-D666-DBG7-9812;bdnb-bg-BS5V-DY1T-ZM5T;93;1588.0;9.1;Noisy-le-Sec;2018.0;;;;INDETERMINE;INDETERMINE;3.0;7.0;5210.0;Tertiaire & Autres;Tertiaire;"[""COMMUNE DE NOISY LE SEC""]"
0931071J;JYQVQKZFMAWK;Ecole maternelle Les Bleuets;093;école;ECOLE MATERNELLE;Noisy-le-Sec;1969-03-18;bdnb-bc-AS21-WT1M-M6R2;bdnb-bg-BS5V-DY1T-ZM5T;93;626.0;3.3;Noisy-le-Sec;2018.0;;;;INDETERMINE;INDETERMINE;3.0;7.0;5210.0;Tertiaire & Autres;Tertiaire;"[""COMMUNE DE NOISY LE SEC""]"
0931071J;7AQBAAPF24MH;Ecole maternelle Les Bleuets;093;école;ECOLE MATERNELLE;Noisy-le-Sec;1969-03-18;bdnb-bc-ZSTD-SSZJ-6QKE;bdnb-bg-BS5V-DY1T-ZM5T;93;1082.0;9.3;Noisy-le-Sec;2018.0;;;;INDETERMINE;INDETERMINE;3.0;7.0;5210.0;Tertiaire & Autres;Tertiaire;"[""COMMUNE DE NOISY LE SEC""]"
0931071J;2EF6WH9AXWMT;Ecole maternelle Les Bleuets;093;école;ECOLE MATERNELLE;Noisy-le-Sec;1969-03-18;bdnb-bc-HT5X-JKU3-SU1S;bdnb-bg-BS5V-DY1T-ZM5T;93;354.0;8.8;Noisy-le-Sec;2018.0;;;;INDETERMINE;INDETERMINE;3.0;7.0;5210.0;Tertiaire & Autres;Tertiaire;"[""COMMUNE DE NOISY LE SEC""]"
0931083X;9GCVEF7T4RA5;Ecole élémentaire Paul Langevin;093;école;ECOLE DE NIVEAU ELEMENTAIRE;Saint-Ouen-sur-Seine;1969-03-18;bdnb-bc-KEE7-L2X2-34W1;bdnb-bg-WWWE-XFJU-MHZ6;93;1369.0;4.3;Saint-Ouen-sur-Seine;;;;;;;;4.0;1369.0;;Tertiaire;
0931148T;P6V82NCRRK2R;Collège Georges Politzer;093;collège;COLLEGE;La Courneuve;1969-04-03;bdnb-bc-QCQ1-EGFV-5WA7;bdnb-bg-T9WR-Q3Q4-5QHD;93;988.0;3.9;La Courneuve;;1970.0;D;;;;;6.0;7479.0;;Tertiaire;
0931175X;D1SFHH3XS9ND;Ecole élémentaire Arthur Rimbaud;093;école;ECOLE DE NIVEAU ELEMENTAIRE;Noisy-le-Sec;1969-05-21;bdnb-bc-AHJP-WB5W-1QKK;bdnb-bg-4W9V-EV4K-2U49;93;849.0;3.5;Noisy-le-Sec;;;;;INDETERMINE;INDETERMINE;1.0;6.0;5088.0;Tertiaire & Autres;Tertiaire;"[""COMMUNE DE NOISY LE SEC""]"
0931182E;1TGGB5BA3A6R;Ecole maternelle France Bloch;093;école;ECOLE MATERNELLE;Drancy;1969-06-05;bdnb-bc-MC9L-P7YX-4LQN;bdnb-bg-FFML-E5V4-VAXR;93;784.0;4.0;Drancy;1990.0;;;;INDETERMINE;INDETERMINE;2.0;4.0;933.0;Résidentiel collectif;Tertiaire;"[""COMMUNE DE DRANCY""]"
0931184G;622AWSVTZPGH;Collège Jean Moulin;093;collège;COLLEGE;Aubervilliers;1970-03-25;bdnb-bc-CNKF-4NWE-5A37;bdnb-bg-C6HJ-Q8G4-U3Z3;93;1123.0;14.5;Aubervilliers;1991.0;;;;INDETERMINE;INDETERMINE;1.0;12.0;4607.0;Tertiaire & Autres;Tertiaire;"[""DEPARTEMENT DE LA SEINE SAINT DENIS""]"
0931184G;FRMKTSRAV8X3;Collège Jean Moulin;093;collège;COLLEGE;Aubervilliers;1970-03-25;bdnb-bc-6UDZ-PRH6-BUB3;bdnb-bg-C6HJ-Q8G4-U3Z3;93;399.0;8.0;Aubervilliers;1991.0;;;;INDETERMINE;INDETERMINE;1.0;12.0;4607.0;Tertiaire & Autres;Tertiaire;"[""DEPARTEMENT DE LA SEINE SAINT DENIS""]"
0931184G;17X3KA59ZTX6;Collège Jean Moulin;093;collège;COLLEGE;Aubervilliers;1970-03-25;bdnb-bc-LX8C-TFWA-232P;bdnb-bg-C6HJ-Q8G4-U3Z3;93;2147.0;17.5;Aubervilliers;1991.0;;;;INDETERMINE;INDETERMINE;1.0;12.0;4607.0;Tertiaire & Autres;Tertiaire;"[""DEPARTEMENT DE LA SEINE SAINT DENIS""]"
0931184G;9DH8E3JQXRQP;Collège Jean Moulin;093;collège;COLLEGE;Aubervilliers;1970-03-25;bdnb-bc-C3N6-BBPE-Z3VE;bdnb-bg-C6HJ-Q8G4-U3Z3;93;938.0;7.1;Aubervilliers;1991.0;;;;INDETERMINE;INDETERMINE;1.0;12.0;4607.0;Tertiaire & Autres;Tertiaire;"[""DEPARTEMENT DE LA SEINE SAINT DENIS""]"
0931206F;NWKYAABMRC91;Collège Jean Vilar;093;collège;COLLEGE;Villetaneuse;1970-03-25;bdnb-bc-JKFV-S7WP-KFT9;bdnb-bg-F47P-4YSS-AHBG;93;453.0;5.8;Villetaneuse;1960.0;;;C;AGGLOMERE;AUTRES;2.0;6.0;453.0;Résidentiel collectif;Tertiaire;"[""COMMUNE DE VILLETANEUSE""]"
0931206F;72QHH2DRQEQ1;Collège Jean Vilar;093;collège;COLLEGE;Villetaneuse;1970-03-25;bdnb-bc-6HYM-L3EB-4W57;bdnb-bg-T4CS-4KSA-QZBJ;93;707.0;2.5;Villetaneuse;;;;C;;;;7.0;2284.0;;Tertiaire;
0931206F;PE9C5J4EJY9K;Collège Jean Vilar;093;collège;COLLEGE;Villetaneuse;1970-03-25;bdnb-bc-YH93-FPJJ-VT4M;bdnb-bg-T4CS-4KSA-QZBJ;93;787.0;13.2;Villetaneuse;;;;C;;;;7.0;2284.0;;Tertiaire;
0931209J;FCSVSGM5Z1YJ;Collège Georges Politzer;093;collège;COLLEGE;Montreuil;1970-03-25;bdnb-bc-SEZ7-ZSGH-X3JT;bdnb-bg-AFNC-T3KG-2AW9;93;272.0;14.6;Montreuil;;;;D;;;;15.0;830.0;;Tertiaire;
0931223Z;XWFH7A8ZRG2Q;Collège Gustave Courbet;093;collège;COLLEGE;Saint-Denis;1970-03-25;bdnb-bc-QLHX-2F2B-TUVM;bdnb-bg-V3FY-1AJS-5N25;93;2822.0;16.8;Saint-Denis;1974.0;;;;BETON;BETON;4.0;14.0;5497.0;Résidentiel collectif;Tertiaire;"[""COMMUNE DE SAINT-DENIS""]"
0931223Z;YSAAAGDHJCRT;Collège Gustave Courbet;093;collège;COLLEGE;Saint-Denis;1970-03-25;bdnb-bc-PWSP-VCZR-5N77;bdnb-bg-V3FY-1AJS-5N25;93;1431.0;14.5;Saint-Denis;1974.0;;;;BETON;BETON;4.0;14.0;5497.0;Résidentiel collectif;Tertiaire;"[""COMMUNE DE SAINT-DENIS""]"
0931223Z;DB9STZJHWWF4;Collège Gustave Courbet;093;collège;COLLEGE;Saint-Denis;1970-03-25;bdnb-bc-UEUD-U4JM-3KSV;bdnb-bg-V3FY-1AJS-5N25;93;1010.0;9.1;Saint-Denis;1974.0;;;;BETON;BETON;4.0;14.0;5497.0;Résidentiel collectif;Tertiaire;"[""COMMUNE DE SAINT-DENIS""]"
0931223Z;2F8HTTFN1EKY;Collège Gustave Courbet;093;collège;COLLEGE;Saint-Denis;1970-03-25;bdnb-bc-4RTR-V1ZC-16VY;bdnb-bg-V3FY-1AJS-5N25;93;204.0;14.6;Saint-Denis;1974.0;;;;BETON;BETON;4.0;14.0;5497.0;Résidentiel collectif;Tertiaire;"[""COMMUNE DE SAINT-DENIS""]"
0931223Z;33P2TEVYXZFA;Collège Gustave Courbet;093;collège;COLLEGE;Saint-Denis;1970-03-25;bdnb-bc-95FL-TWGJ-DRUM;bdnb-bg-V3FY-1AJS-5N25;93;30.0;3.0;Saint-Denis;1974.0;;;;BETON;BETON;4.0;14.0;5497.0;Résidentiel collectif;Tertiaire;"[""COMMUNE DE SAINT-DENIS""]"
0931232J;H6DGP5QCK338;Collège Henri Barbusse;093;collège;COLLEGE;Saint-Denis;1970-03-25;bdnb-bc-28BJ-XND9-FMKR;bdnb-bg-MDL6-MLFK-B7ES;93;4243.0;5.0;Saint-Denis;1991.0;;;C;INDETERMINE;INDETERMINE;1.0;4.0;4646.0;Résidentiel individuel;Tertiaire;"[""DEPARTEMENT DE LA SEINE SAINT DENIS""]"
0931243W;YYFNFANG3M73;Ecole élémentaire Paul Eluard 2;093;école;ECOLE DE NIVEAU ELEMENTAIRE;Aulnay-sous-Bois;1970-05-08;bdnb-bc-99NE-E748-U618;bdnb-bg-DYMM-G84C-RWFK;93;1292.0;23.1;Aulnay-sous-Bois;;;;;;;;23.0;1292.0;;Tertiaire;
0931262S;Y3H51CAMJQHY;Ecole élémentaire Victor Hugo;093;école;ECOLE DE NIVEAU ELEMENTAIRE;Bobigny;1969-09-29;bdnb-bc-XS4J-EZVP-6KTS;bdnb-bg-75VR-HAXQ-J671;93;3833.0;8.1;Bobigny;1970.0;;;;BETON;BETON;3.0;7.0;4068.0;Résidentiel collectif;Tertiaire;"[""COMMUNE DE BOBIGNY""]"
0931284R;ABGXZ6JYB6MH;Ecole élémentaire d'application Danton;093;école;ECOLE ELEMENTAIRE D APPLICATION;Montreuil;1970-05-08;bdnb-bc-PRFS-5E2J-S38Q;bdnb-bg-P1YA-BB2B-Z4TG;93;1224.0;9.7;Montreuil;1930.0;;;;BRIQUES - MEULIERE;TUILES;2.0;8.0;1633.0;Résidentiel collectif;Tertiaire;"[""COMMUNE DE MONTREUIL""]"
0931287U;KP8Z2HZK82TG;Ecole élémentaire  Paul Bert;093;école;ECOLE DE NIVEAU ELEMENTAIRE;Montreuil;1970-05-08;bdnb-bc-B41N-DAB2-Y3WT;bdnb-bg-ZE9Z-KBMJ-W9LW;93;1106.0;7.6;Montreuil;;;;;;;;9.0;2505.0;;Tertiaire;
0931293A;2FC9D8CNQK2E;Ecole élémentaire Marcel Cachin;093;école;ECOLE DE NIVEAU ELEMENTAIRE;Neuilly-sur-Marne;1970-05-08;bdnb-bc-7H8S-VZLL-WQXN;bdnb-bg-AU8D-BA56-3T4W;93;919.0;9.1;Neuilly-sur-Marne;1993.0;;D;F;INDETERMINE;INDETERMINE;7.0;6.0;6506.0;Résidentiel collectif;Tertiaire;"[""COMMUNE DE NEUILLY S-MARNE"", ""ENEDIS""]"
0931298F;53DG61Z9BZ2W;Ecole élémentaire Carnot;093;école;ECOLE DE NIVEAU ELEMENTAIRE;Noisy-le-Sec;1970-05-08;bdnb-bc-3GJB-RJYE-4XWL;bdnb-bg-UM76-NBS8-8S53;93;557.0;16.1;Noisy-le-Sec;1914.0;;;;BRIQUES - MEULIERE;TUILES;4.0;8.0;3128.0;Tertiaire & Autres;Tertiaire;"[""COMMUNE DE NOISY LE SEC""]"
0931298F;EFGYTTJ85J9G;Ecole élémentaire Carnot;093;école;ECOLE DE NIVEAU ELEMENTAIRE;Noisy-le-Sec;1970-05-08;bdnb-bc-L8ZR-TCXT-VR19;bdnb-bg-UM76-NBS8-8S53;93;105.0;5.0;Noisy-le-Sec;1914.0;;;;BRIQUES - MEULIERE;TUILES;4.0;8.0;3128.0;Tertiaire & Autres;Tertiaire;"[""COMMUNE DE NOISY LE SEC""]"
0931298F;SJ532WT52QJZ;Ecole élémentaire Carnot;093;école;ECOLE DE NIVEAU ELEMENTAIRE;Noisy-le-Sec;1970-05-08;bdnb-bc-BYMZ-GTXY-21VA;bdnb-bg-UM76-NBS8-8S53;93;271.0;5.9;Noisy-le-Sec;1914.0;;;;BRIQUES - MEULIERE;TUILES;4.0;8.0;3128.0;Tertiaire & Autres;Tertiaire;"[""COMMUNE DE NOISY LE SEC""]"
0931298F;6V425PN2MRDM;Ecole élémentaire Carnot;093;école;ECOLE DE NIVEAU ELEMENTAIRE;Noisy-le-Sec;1970-05-08;bdnb-bc-R8F6-9QJA-R7TB;bdnb-bg-UM76-NBS8-8S53;93;112.0;3.9;Noisy-le-Sec;1914.0;;;;BRIQUES - MEULIERE;TUILES;4.0;8.0;3128.0;Tertiaire & Autres;Tertiaire;"[""COMMUNE DE NOISY LE SEC""]"
0931298F;FVKG2YB569ST;Ecole élémentaire Carnot;093;école;ECOLE DE NIVEAU ELEMENTAIRE;Noisy-le-Sec;1970-05-08;bdnb-bc-RNDE-TF33-1HAU;bdnb-bg-UM76-NBS8-8S53;93;223.0;4.2;Noisy-le-Sec;1914.0;;;;BRIQUES - MEULIERE;TUILES;4.0;8.0;3128.0;Tertiaire & Autres;Tertiaire;"[""COMMUNE DE NOISY LE SEC""]"
0931303L;7E6HK6WPT1A2;Ecole élémentaire Anatole France;093;école;ECOLE DE NIVEAU ELEMENTAIRE;Le Pré-Saint-Gervais;1970-05-08;bdnb-bc-7ZSJ-91M9-X9HB;bdnb-bg-AU8E-L5A2-7DCG;93;1387.0;5.0;Le Pré-Saint-Gervais;1900.0;;;;INDETERMINE;INDETERMINE;3.0;8.0;3157.0;Tertiaire & Autres;Tertiaire;"[""COMMUNE DE PRE SAINT GERVAIS""]"
0931308S;WMT5GAJQ11WV;Ecole élémentaire Anatole France;093;école;ECOLE DE NIVEAU ELEMENTAIRE;Saint-Denis;1970-05-08;bdnb-bc-XAN4-5JHV-8HZW;bdnb-bg-KDE7-GN3C-4B4N;93;941.0;8.8;Saint-Denis;1943.0;;;;INDETERMINE;INDETERMINE;3.0;9.0;941.0;Résidentiel collectif;Tertiaire;"[""COMMUNE DE SAINT-DENIS""]"
0931317B;QRSNJ26T8YVD;Ecole maternelle Honoré de Balzac;093;école;ECOLE MATERNELLE;Tremblay-en-France;1970-05-08;bdnb-bc-ZJ9V-85GP-BX68;bdnb-bg-KNJ1-QJ45-7WJZ;93;773.0;3.5;Tremblay-en-France;1972.0;;;;BETON;BETON;2.0;6.0;1803.0;Tertiaire & Autres;Tertiaire;"[""COMMUNE DE TREMBLAY EN FRANCE""]"
0931377S;AY8G5GJ976N7;Collège Jorissen;093;collège;COLLEGE;Drancy;1971-03-03;bdnb-bc-9NC5-NZ1K-D2VR;bdnb-bg-U426-TV4X-PBTD;93;1957.0;13.0;Drancy;;;;C;;;;13.0;1957.0;;Tertiaire;
0931381W;MRR1KH3WY563;Collège Gustave Courbet;093;collège;COLLEGE;Romainville;1971-03-03;bdnb-bc-V71N-X3EK-1Q4B;bdnb-bg-14G9-EKG4-SR3X;93;3621.0;10.8;Romainville;1973.0;;;C;BETON - BRIQUES;BETON;2.0;11.0;3770.0;Résidentiel collectif;Tertiaire;"[""COMMUNE DE ROMAINVILLE""]"
0931382X;VVRKJ4PFK32N;Collège Eugène Carrière;093;collège;COLLEGE;Gournay-sur-Marne;1971-03-03;bdnb-bc-JZDN-EK9V-2QF1;bdnb-bg-4M62-5M83-UR1F;93;24.0;3.0;Gournay-sur-Marne;;;;;BETON;INDETERMINE;3.0;13.0;1784.0;Tertiaire & Autres;Tertiaire;"[""DEPARTEMENT DE LA SEINE SAINT DENIS""]"
0931410C;E1MT9WWXGQMJ;Ecole Madeleine Riffaud;093;école;ECOLE MATERNELLE;Les Lilas;1973-01-08;bdnb-bc-537V-3X25-2PLV;bdnb-bg-256S-VUC2-U338;93;1137.0;4.0;Les Lilas;2007.0;;;;INDETERMINE;INDETERMINE;1.0;4.0;1137.0;Tertiaire & Autres;Tertiaire;"[""COMMUNE DES LILAS""]"
0931411D;6JMCNGXASRFY;Ecole maternelle Anne Frank;093;école;ECOLE MATERNELLE;Montreuil;1971-05-24;bdnb-bc-V6T4-UMVH-XUR3;bdnb-bg-1BWZ-3LDG-GDQ7;93;671.0;4.5;Montreuil;1991.0;;;;INDETERMINE;INDETERMINE;1.0;5.0;671.0;Résidentiel individuel;Tertiaire;"[""COMMUNE DE MONTREUIL""]"
0931417K;JBJYK4CGG4J5;Ecole élémentaire Jean Renoir;093;école;ECOLE DE NIVEAU ELEMENTAIRE;Noisy-le-Sec;1971-05-24;bdnb-bc-AXA8-H349-7ZNP;bdnb-bg-7PKP-D4XN-8ANM;93;2583.0;14.6;Noisy-le-Sec;2014.0;;;;AGGLOMERE;BETON;1.0;15.0;2583.0;Tertiaire & Autres;Tertiaire;"[""COMMUNE DE NOISY LE SEC""]"
0931451X;FXKYFZJB3JF1;Ecole maternelle Fontaine Mallet;093;école;ECOLE MATERNELLE;Villepinte;1972-06-06;bdnb-bc-BSWB-2NA3-UBN1;bdnb-bg-RH4F-ENNL-KXCS;93;1913.0;4.6;Villepinte;1973.0;;E;;BETON;BETON;3.0;5.0;5566.0;Résidentiel collectif;Tertiaire;"[""COMMUNE DE VILLEPINTE""]"
0931458E;81CKEE588QM5;Ecole maternelle Les Perrières;093;école;ECOLE MATERNELLE;Aulnay-sous-Bois;1972-06-06;bdnb-bc-2YR5-UQXB-RTM7;bdnb-bg-4FTN-9337-A7X3;93;543.0;11.2;Aulnay-sous-Bois;1971.0;;;;BETON;AUTRES;2.0;7.0;2280.0;Résidentiel collectif;Tertiaire;"[""COMMUNE DE SEVRAN"", ""ENEDIS""]"
0931459F;818CQZQDHKRC;Ecole maternelle Petits Ormes;093;école;ECOLE MATERNELLE;Aulnay-sous-Bois;1972-06-06;bdnb-bc-F58K-JPXF-TDCD;bdnb-bg-APSR-4EUF-MS8G;93;641.0;3.8;Aulnay-sous-Bois;1973.0;;;;BETON;AUTRES;3.0;8.0;2855.0;Résidentiel collectif;Tertiaire;"[""COMMUNE DE SEVRAN""]"
0931469S;81CKEE588QM5;Ecole élémentaire Les Perrières;093;école;ECOLE DE NIVEAU ELEMENTAIRE;Aulnay-sous-Bois;1972-06-06;bdnb-bc-2YR5-UQXB-RTM7;bdnb-bg-4FTN-9337-A7X3;93;543.0;11.2;Aulnay-sous-Bois;1971.0;;;;BETON;AUTRES;2.0;7.0;2280.0;Résidentiel collectif;Tertiaire;"[""COMMUNE DE SEVRAN"", ""ENEDIS""]"
0931479C;HB86W9MK1W3T;Ecole élémentaire Waldeck-Rousseau;093;école;ECOLE DE NIVEAU ELEMENTAIRE;Les Lilas;1972-06-06;bdnb-bc-63W3-5XX9-ZKZB;bdnb-bg-TXQN-3BAT-VEE7;93;1317.0;11.1;Les Lilas;;;;;INDETERMINE;INDETERMINE;1.0;11.0;1317.0;Tertiaire & Autres;Tertiaire;"[""COMMUNE DES LILAS""]"
0931479C;Z9W14HMB1DY4;Ecole élémentaire Waldeck-Rousseau;093;école;ECOLE DE NIVEAU ELEMENTAIRE;Les Lilas;1972-06-06;bdnb-bc-Q6PS-ES93-EZTC;bdnb-bg-7ZQ9-Z463-8K9H;93;154.0;5.8;Les Lilas;1920.0;;E;;PIERRE;TUILES;2.0;6.0;154.0;Résidentiel collectif;Tertiaire;"[""COMMUNE DES LILAS""]"
0931479C;5PY657YZ4CBG;Ecole élémentaire Waldeck-Rousseau;093;école;ECOLE DE NIVEAU ELEMENTAIRE;Les Lilas;1972-06-06;bdnb-bc-PLLJ-D98M-5V2T;bdnb-bg-QMX2-YF2J-MJRM;93;618.0;13.7;Les Lilas;;;;;;;;14.0;618.0;;Tertiaire;
0931480D;KFEKHE64GNA2;Ecole élémentaire Claude Rouget de Lisle;093;école;ECOLE DE NIVEAU ELEMENTAIRE;Neuilly-sur-Marne;1972-06-06;bdnb-bc-4NUB-PH54-KTPL;bdnb-bg-RVC9-MM2U-QDQ3;93;796.0;6.9;Neuilly-sur-Marne;2010.0;2019.0;B;;INDETERMINE;INDETERMINE;4.0;6.0;18889.0;Tertiaire & Autres;Tertiaire;"[""COMMUNE DE NEUILLY S-MARNE"", ""ORANGE""]"
0931520X;HG978NHZW7TV;Ecole élémentaire Auguste Renoir;093;école;ECOLE DE NIVEAU ELEMENTAIRE;Saint-Denis;1973-05-14;bdnb-bc-8J5T-WHPX-63R2;bdnb-bg-S5J4-TRUM-VRR8;93;430.0;12.1;Saint-Denis;;;;;INDETERMINE;INDETERMINE;1.0;8.0;17815.0;Tertiaire & Autres;Tertiaire;"[""DEPARTEMENT DE LA SEINE SAINT DENIS"", ""PLAINE COMMUNE ENERGIE"", ""COMMUNE DE SAINT-DENIS""]"
0931521Y;BY5BWPZVY24A;Ecole maternelle La Saussaie;093;école;ECOLE MATERNELLE;Saint-Denis;1973-05-14;bdnb-bc-M6VP-ZBJQ-HUTD;bdnb-bg-28CN-13YS-3QJ1;93;1292.0;2.8;Saint-Denis;;;;;;;;3.0;2025.0;;Tertiaire;
0931523A;J3N8GY72D3GA;Ecole maternelle Anatole France;093;école;ECOLE MATERNELLE;Sevran;1973-05-14;bdnb-bc-CKUG-EH2B-9R5Y;bdnb-bg-8YJ5-N3RW-S9DX;93;173.0;13.9;Sevran;2003.0;;;;BETON;BETON;5.0;5.0;4773.0;Tertiaire & Autres;Tertiaire;"[""COMMUNE DE SEVRAN""]"
0931525C;YRM4QQZ3KN5T;Ecole maternelle Jacqueline Quatremaire;093;école;ECOLE MATERNELLE;Villetaneuse;1973-05-14;bdnb-bc-88CB-9W2N-3PPK;bdnb-bg-4RD4-J5RC-D68T;93;1437.0;4.0;Villetaneuse;1974.0;1947.0;;;BETON - AUTRES;AUTRES;2.0;4.0;1437.0;Résidentiel collectif;Tertiaire;"[""COMMUNE DE VILLETANEUSE""]"
0931546A;GK5K5MZSHN5N;Collège Jean Jaurès;093;collège;COLLEGE;Montfermeil;1974-02-27;bdnb-bc-DU3R-387W-EMEP;bdnb-bg-3RU7-MPQE-5A7U;93;217.0;8.0;Montfermeil;1994.0;;;;INDETERMINE;INDETERMINE;3.0;8.0;4188.0;Tertiaire & Autres;Tertiaire;"[""DEPARTEMENT DE LA SEINE SAINT DENIS""]"
0931555K;AVCXYVJZAM93;Ecole primaire Chevalier de Saint Georges;093;école;ECOLE DE NIVEAU ELEMENTAIRE;Le Blanc-Mesnil;1974-05-14;bdnb-bc-GGAE-FLKQ-Q99G;bdnb-bg-J6M9-U7NV-NMUL;93;749.0;7.1;Le Blanc-Mesnil;2015.0;;;;INDETERMINE;ARDOISES;4.0;7.0;3135.0;Tertiaire & Autres;Tertiaire;"[""COMMUNE DE DUGNY""]"
0931558N;4XPFBZA5YASS;Ecole maternelle Christiane Coulon;093;école;ECOLE MATERNELLE;Montfermeil;1974-05-14;bdnb-bc-JNC4-YUV6-5QVR;bdnb-bg-GYZF-FJ9U-XWZU;93;1563.0;9.9;Montfermeil;2017.0;;;;INDETERMINE;INDETERMINE;1.0;10.0;1563.0;Secondaire;Tertiaire;"[""ENEDIS""]"
0931578K;R37DQ2DHYJ18;Ecole maternelle Montaigne;093;école;ECOLE MATERNELLE;Gagny;1975-05-02;bdnb-bc-J6TJ-X5GW-KBXH;bdnb-bg-VF49-V795-DV48;93;1032.0;9.1;Gagny;;1978.0;F;;INDETERMINE;INDETERMINE;1.0;7.0;2547.0;Tertiaire & Autres;Tertiaire;"[""COMMUNE DE GAGNY""]"
0931629R;1XFS379KV4KW;Ecole maternelle Jean Mermoz;093;école;ECOLE MATERNELLE;Le Bourget;1976-06-21;bdnb-bc-HECR-V2TH-DP3Q;bdnb-bg-9HNB-6E8N-Z1CZ;93;3768.0;3.4;Le Bourget;1986.0;;;;BETON;TUILES;1.0;3.0;5604.0;Résidentiel individuel;Tertiaire;"[""COMMUNE DU BOURGET""]"
0931635X;3E1N3XB4SHCD;Ecole maternelle Ethel et Julius Rosenberg;093;école;ECOLE MATERNELLE;La Courneuve;1976-06-22;;;;;;;;;;;;;;;;;;
0931639B;CEJT6T8FC99A;Ecole maternelle Louis Pasteur;093;école;ECOLE MATERNELLE;Villepinte;1976-06-22;bdnb-bc-Z35N-7GA2-MC82;bdnb-bg-TC8V-1XLN-F1TS;93;2442.0;7.7;Villepinte;;;;;;;;7.0;2470.0;;Tertiaire;
0931640C;MHWXW8SVRKZQ;Ecole maternelle Anne Frank;093;école;ECOLE MATERNELLE;Le Blanc-Mesnil;1976-10-11;bdnb-bc-JUJS-ML8G-8YKE;bdnb-bg-CQQC-4AZV-DSNU;93;1035.0;2.2;Le Blanc-Mesnil;1972.0;;;;AUTRES;AUTRES;1.0;2.0;1035.0;Résidentiel collectif;Tertiaire;"[""COMMUNE DE DUGNY""]"
0931715J;YX4CC7GGGDPR;Ecole maternelle Charlie Chaplin;093;école;ECOLE MATERNELLE;La Courneuve;1977-03-31;bdnb-bc-CFTT-E4DZ-YLHQ;bdnb-bg-2W5G-GJQY-T4L1;93;940.0;3.1;La Courneuve;1994.0;1979.0;D;;AUTRES;AUTRES;2.0;4.0;3805.0;Résidentiel collectif;Tertiaire;"[""COMMUNE DE LA COURNEUVE""]"
0931735F;9D91AQQCF51J;Lycée polyalent Louise Michel - Lycée des métiers de la vente et du commerce;093;lycée;LYCEE POLYVALENT;Epinay-sur-Seine;1978-09-01;bdnb-bc-GML9-E9K4-7XN2;bdnb-bg-AFZA-3B5R-52H1;93;3145.0;13.1;Épinay-sur-Seine;1964.0;;;;BETON - BRIQUES;BETON;3.0;7.0;7388.0;Tertiaire & Autres;Tertiaire;"[""COMMUNE D EPINAY SUR SEINE"", ""REGION ILE DE FRANCE""]"
0931745S;SDG1MV19FA5J;Ecole maternelle Arc-en-Ciel;093;école;ECOLE MATERNELLE;Neuilly-sur-Marne;1978-09-01;bdnb-bc-AKFY-UG2Q-GK21;bdnb-bg-2PLT-L6CG-VLAF;93;776.0;2.7;Neuilly-sur-Marne;;;;;INDETERMINE;INDETERMINE;1.0;4.0;3510.0;Tertiaire & Autres;Tertiaire;"[""COMMUNE DE NEUILLY S-MARNE""]"
0931745S;XRMDWXSKEXKB;Ecole maternelle Arc-en-Ciel;093;école;ECOLE MATERNELLE;Neuilly-sur-Marne;1978-09-01;bdnb-bc-SL27-BARG-P19S;bdnb-bg-2PLT-L6CG-VLAF;93;138.0;2.7;Neuilly-sur-Marne;;;;;INDETERMINE;INDETERMINE;1.0;4.0;3510.0;Tertiaire & Autres;Tertiaire;"[""COMMUNE DE NEUILLY S-MARNE""]"
0931748V;9GVTXHRH7KJ4;Ecole maternelle Delaunay-Belleville;093;école;ECOLE MATERNELLE;Saint-Denis;1978-09-01;bdnb-bc-YMNE-E9UA-61JR;bdnb-bg-U68J-KGZA-CYBC;93;815.0;4.5;Saint-Denis;;;;;;;;9.0;4695.0;;Tertiaire;
0931749W;G52JARW5S94A;Ecole maternelle Ethel Rosenberg;093;école;ECOLE MATERNELLE;Saint-Denis;1978-09-01;bdnb-bc-NWHN-JG2A-MVW8;bdnb-bg-DB9C-6X3N-KQQ9;93;27.0;6.3;Saint-Denis;2014.0;2006.0;;;INDETERMINE;INDETERMINE;2.0;5.0;1555.0;Résidentiel collectif;Tertiaire;"[""COMMUNE DE SAINT-DENIS""]"
0931749W;C7JER635AT25;Ecole maternelle Ethel Rosenberg;093;école;ECOLE MATERNELLE;Saint-Denis;1978-09-01;bdnb-bc-BJ4H-WUT5-LKHL;bdnb-bg-DB9C-6X3N-KQQ9;93;1238.0;3.9;Saint-Denis;2014.0;2006.0;;;INDETERMINE;INDETERMINE;2.0;5.0;1555.0;Résidentiel collectif;Tertiaire;"[""COMMUNE DE SAINT-DENIS""]"
0931749W;EATBPQWSR1AN;Ecole maternelle Ethel Rosenberg;093;école;ECOLE MATERNELLE;Saint-Denis;1978-09-01;bdnb-bc-RQKN-6G42-AKC7;bdnb-bg-DB9C-6X3N-KQQ9;93;72.0;4.2;Saint-Denis;2014.0;2006.0;;;INDETERMINE;INDETERMINE;2.0;5.0;1555.0;Résidentiel collectif;Tertiaire;"[""COMMUNE DE SAINT-DENIS""]"
0931749W;FS8YMTFNXSC2;Ecole maternelle Ethel Rosenberg;093;école;ECOLE MATERNELLE;Saint-Denis;1978-09-01;bdnb-bc-YRWP-B85R-YV3W;bdnb-bg-DB9C-6X3N-KQQ9;93;98.0;4.9;Saint-Denis;2014.0;2006.0;;;INDETERMINE;INDETERMINE;2.0;5.0;1555.0;Résidentiel collectif;Tertiaire;"[""COMMUNE DE SAINT-DENIS""]"
0931749W;1SQKXEA38QZE;Ecole maternelle Ethel Rosenberg;093;école;ECOLE MATERNELLE;Saint-Denis;1978-09-01;bdnb-bc-4973-18EY-24M6;bdnb-bg-DB9C-6X3N-KQQ9;93;106.0;5.1;Saint-Denis;2014.0;2006.0;;;INDETERMINE;INDETERMINE;2.0;5.0;1555.0;Résidentiel collectif;Tertiaire;"[""COMMUNE DE SAINT-DENIS""]"
0931753A;MY21GQH8FJTP;Ecole élémentaire Vincent Van Gogh;093;école;ECOLE DE NIVEAU ELEMENTAIRE;Noisy-le-Grand;1978-09-01;bdnb-bc-Z522-564Y-KM78;bdnb-bg-HGV3-DB4X-GUKQ;93;2694.0;2.7;Noisy-le-Grand;1981.0;;D;C;INDETERMINE;INDETERMINE;5.0;5.0;18319.0;Tertiaire & Autres;Tertiaire;"[""COMMUNE DE NOISY LE GRAND"", ""REGION ILE DE FRANCE""]"
0931758F;CEJT6T8FC99A;Ecole élémentaire Louis Pasteur;093;école;ECOLE DE NIVEAU ELEMENTAIRE;Villepinte;1978-09-01;bdnb-bc-Z35N-7GA2-MC82;bdnb-bg-TC8V-1XLN-F1TS;93;2442.0;7.7;Villepinte;;;;;;;;7.0;2470.0;;Tertiaire;
0931774Y;8QBJ5RJPFX8X;Ecole élémentaire Noyers;093;école;ECOLE DE NIVEAU ELEMENTAIRE;Noisy-le-Grand;1980-01-01;bdnb-bc-8JQP-4XJN-JU2N;bdnb-bg-XDV4-AK1V-HR45;93;2871.0;4.4;Noisy-le-Grand;;;D;C;INDETERMINE;INDETERMINE;1.0;8.0;3952.0;Résidentiel collectif;Tertiaire;"[""COMMUNE DE NOISY LE GRAND""]"
0931774Y;7YN551HYE4PZ;Ecole élémentaire Noyers;093;école;ECOLE DE NIVEAU ELEMENTAIRE;Noisy-le-Grand;1980-01-01;bdnb-bc-GM3X-ARZX-4AVJ;bdnb-bg-XDV4-AK1V-HR45;93;330.0;6.6;Noisy-le-Grand;;;D;C;INDETERMINE;INDETERMINE;1.0;8.0;3952.0;Résidentiel collectif;Tertiaire;"[""COMMUNE DE NOISY LE GRAND""]"
0931774Y;JETQSX6HH4G9;Ecole élémentaire Noyers;093;école;ECOLE DE NIVEAU ELEMENTAIRE;Noisy-le-Grand;1980-01-01;bdnb-bc-SCTB-BZHZ-H8XD;bdnb-bg-XDV4-AK1V-HR45;93;396.0;6.6;Noisy-le-Grand;;;D;C;INDETERMINE;INDETERMINE;1.0;8.0;3952.0;Résidentiel collectif;Tertiaire;"[""COMMUNE DE NOISY LE GRAND""]"
0931774Y;CHA7B6CVV13N;Ecole élémentaire Noyers;093;école;ECOLE DE NIVEAU ELEMENTAIRE;Noisy-le-Grand;1980-01-01;bdnb-bc-B5AP-JP93-VQ1C;bdnb-bg-XDV4-AK1V-HR45;93;355.0;13.2;Noisy-le-Grand;;;D;C;INDETERMINE;INDETERMINE;1.0;8.0;3952.0;Résidentiel collectif;Tertiaire;"[""COMMUNE DE NOISY LE GRAND""]"
0931860S;5111PNKDDX67;Collège Brossolette;093;collège;COLLEGE;Bondy;1981-09-01;bdnb-bc-QFD2-NV2U-T1L7;bdnb-bg-6W64-9BA2-DQA9;93;124.0;4.8;Bondy;;;;;;;;5.0;2759.0;;Tertiaire;
0931992K;M8H4P55VZ96C;Ecole élémentaire Alexandre Dumas;093;école;ECOLE DE NIVEAU ELEMENTAIRE;Noisy-le-Grand;1986-09-01;bdnb-bc-K27U-DACT-KJ6Z;bdnb-bg-YTBD-EWX3-WLVP;93;3190.0;5.9;Noisy-le-Grand;1970.0;1989.0;D;C;INDETERMINE;INDETERMINE;3.0;7.0;18458.0;Tertiaire & Autres;Tertiaire;"[""COMMUNE DE NOISY LE GRAND"", ""DEPARTEMENT DE LA SEINE SAINT DENIS""]"
0931993L;2RB334PJ37CY;Ecole maternelle Charlemagne;093;école;ECOLE MATERNELLE;Villepinte;1986-09-01;bdnb-bc-HES4-4EN7-A3GV;bdnb-bg-31AP-B814-PG5S;93;1635.0;3.9;Villepinte;1986.0;;E;;INDETERMINE;INDETERMINE;1.0;3.0;1692.0;Résidentiel individuel;Tertiaire;"[""COMMUNE DE VILLEPINTE""]"
0932001V;SYR6Y2JYWPAN;Ecole maternelle Charles Perrault;093;école;ECOLE MATERNELLE;Aulnay-sous-Bois;1987-09-01;bdnb-bc-4UAV-6JAB-NBQ9;bdnb-bg-FD9H-47LV-6SDA;93;1598.0;2.8;Aulnay-sous-Bois;1987.0;;;;BETON;BETON;1.0;7.0;2015.0;Tertiaire & Autres;Tertiaire;"[""COMMUNE DE SEVRAN""]"
0932051Z;RBZA6P9ASSMH;Ecole primaire Jules Vallès;093;école;ECOLE DE NIVEAU ELEMENTAIRE;Saint-Ouen-sur-Seine;1991-09-01;bdnb-bc-SZMB-L76V-BT53;bdnb-bg-VAZF-UTLS-PV34;93;1065.0;18.1;Saint-Ouen-sur-Seine;1991.0;;;;INDETERMINE;INDETERMINE;1.0;13.0;1258.0;Tertiaire & Autres;Tertiaire;"[""COMMUNE DE ST OUEN-SUR-SEINE""]"
0932054C;JM2BE6779H2D;Ecole maternelle Etienne Dolet;093;école;ECOLE MATERNELLE;Rosny-sous-Bois;1991-09-01;bdnb-bc-GK3G-T76Z-FPZZ;bdnb-bg-KPN4-WSLJ-JTYK;93;298.0;12.3;Montreuil;2014.0;2014.0;;;BOIS;AUTRES;3.0;12.0;479.0;Résidentiel collectif;Résidentiel collectif;"[""OFFICE PUBLIC DE L'HABITAT EST ENSEMBLE HABITAT""]"
0932068T;WFPB56QR2R2R;Ecole maternelle Jean Macé;093;école;ECOLE MATERNELLE;Clichy-sous-Bois;1992-09-01;bdnb-bc-NWKY-XRGH-JKQ5;bdnb-bg-TEJL-CGWZ-FC8G;93;80.0;5.1;Clichy-sous-Bois;1960.0;;;D;BRIQUES;TUILES;2.0;5.0;980.0;Résidentiel collectif;Tertiaire;"[""COMMUNE DE CLICHY-SOUS-BOIS""]"
0932068T;TYCJJHF3RMPB;Ecole maternelle Jean Macé;093;école;ECOLE MATERNELLE;Clichy-sous-Bois;1992-09-01;bdnb-bc-4H4T-UFHK-PXW8;bdnb-bg-TEJL-CGWZ-FC8G;93;532.0;5.4;Clichy-sous-Bois;1960.0;;;D;BRIQUES;TUILES;2.0;5.0;980.0;Résidentiel collectif;Tertiaire;"[""COMMUNE DE CLICHY-SOUS-BOIS""]"
0932068T;3VAWB7EQX7CQ;Ecole maternelle Jean Macé;093;école;ECOLE MATERNELLE;Clichy-sous-Bois;1992-09-01;bdnb-bc-HQTF-VEL1-T8GY;bdnb-bg-TEJL-CGWZ-FC8G;93;220.0;5.4;Clichy-sous-Bois;1960.0;;;D;BRIQUES;TUILES;2.0;5.0;980.0;Résidentiel collectif;Tertiaire;"[""COMMUNE DE CLICHY-SOUS-BOIS""]"
0932120Z;55JVAZHB8PQE;Lycée polyvalent Henri Sellier;093;lycée;LYCEE POLYVALENT;Livry-Gargan;1993-09-01;bdnb-bc-62MR-QAX3-JKBQ;bdnb-bg-X9WA-DRW6-EBC8;93;244.0;7.2;Livry-Gargan;1996.0;;;;BETON;ZINC ALUMINIUM;2.0;7.0;1760.0;Résidentiel individuel;Tertiaire;"[""REGION ILE DE FRANCE""]"
0931077R;RFER1973MGM2;Ecole élémentaire Emile Zola;093;école;ECOLE DE NIVEAU ELEMENTAIRE;Stains;1969-03-18;bdnb-bc-9HKF-4ZS4-VD8C;bdnb-bg-NYKS-7JJM-8BDP;93;1229.0;8.7;Stains;1969.0;;D;;BETON;BETON;16.0;11.0;30227.0;Résidentiel collectif;Tertiaire;"[""COMMUNE DE STAINS"", ""DEPARTEMENT DE LA SEINE SAINT DENIS"", ""SEINE-SAINT-DENIS HABITAT""]"
0931078S;A2QEAHZA5BN2;Ecole élémentaire Jules Vallès;093;école;ECOLE DE NIVEAU ELEMENTAIRE;La Courneuve;1969-03-18;bdnb-bc-6EDU-EJUN-4J4Y;bdnb-bg-3TDM-9V36-6K8Y;93;546.0;9.2;La Courneuve;1967.0;2018.0;C;;BETON;ZINC ALUMINIUM;2.0;9.0;4674.0;Résidentiel collectif;Tertiaire;"[""COMMUNE DE LA COURNEUVE""]"
0931078S;BHFB71CBW92T;Ecole élémentaire Jules Vallès;093;école;ECOLE DE NIVEAU ELEMENTAIRE;La Courneuve;1969-03-18;bdnb-bc-RMVE-RWET-8MDZ;bdnb-bg-3TDM-9V36-6K8Y;93;186.0;6.0;La Courneuve;1967.0;2018.0;C;;BETON;ZINC ALUMINIUM;2.0;9.0;4674.0;Résidentiel collectif;Tertiaire;"[""COMMUNE DE LA COURNEUVE""]"
0931078S;W1BDQH3X7MXH;Ecole élémentaire Jules Vallès;093;école;ECOLE DE NIVEAU ELEMENTAIRE;La Courneuve;1969-03-18;bdnb-bc-CBTM-A8FF-VL3X;bdnb-bg-3TDM-9V36-6K8Y;93;2238.0;3.4;La Courneuve;1967.0;2018.0;C;;BETON;ZINC ALUMINIUM;2.0;9.0;4674.0;Résidentiel collectif;Tertiaire;"[""COMMUNE DE LA COURNEUVE""]"
0931078S;W41K8RA91ZP5;Ecole élémentaire Jules Vallès;093;école;ECOLE DE NIVEAU ELEMENTAIRE;La Courneuve;1969-03-18;bdnb-bc-TD1E-KS3D-NLLD;bdnb-bg-3TDM-9V36-6K8Y;93;463.0;14.5;La Courneuve;1967.0;2018.0;C;;BETON;ZINC ALUMINIUM;2.0;9.0;4674.0;Résidentiel collectif;Tertiaire;"[""COMMUNE DE LA COURNEUVE""]"
0931078S;1C2PZMPNYMS8;Ecole élémentaire Jules Vallès;093;école;ECOLE DE NIVEAU ELEMENTAIRE;La Courneuve;1969-03-18;bdnb-bc-3RNR-5FK9-B9MR;bdnb-bg-3TDM-9V36-6K8Y;93;48.0;3.4;La Courneuve;1967.0;2018.0;C;;BETON;ZINC ALUMINIUM;2.0;9.0;4674.0;Résidentiel collectif;Tertiaire;"[""COMMUNE DE LA COURNEUVE""]"
0931078S;VQ1PEXZ4WYHJ;Ecole élémentaire Jules Vallès;093;école;ECOLE DE NIVEAU ELEMENTAIRE;La Courneuve;1969-03-18;bdnb-bc-ABT7-39ZE-V7TZ;bdnb-bg-3TDM-9V36-6K8Y;93;447.0;14.8;La Courneuve;1967.0;2018.0;C;;BETON;ZINC ALUMINIUM;2.0;9.0;4674.0;Résidentiel collectif;Tertiaire;"[""COMMUNE DE LA COURNEUVE""]"
0931143M;MY1PXW2DNHE8;Collège Jean Jaurès;093;collège;COLLEGE;Saint-Ouen-sur-Seine;1969-04-03;bdnb-bc-QM7R-QZTN-MXQJ;bdnb-bg-JD5B-NPYC-E3WZ;93;837.0;9.1;Saint-Ouen-sur-Seine;2016.0;;;;BRIQUES;TUILES;3.0;11.0;5322.0;Tertiaire & Autres;Tertiaire;"[""COMMUNE DE ST OUEN-SUR-SEINE"", ""DEPARTEMENT DE LA SEINE SAINT DENIS""]"
0931144N;N5K9KMNXAR4R;Collège Michelet;093;collège;COLLEGE;Saint-Ouen-sur-Seine;1969-04-03;bdnb-bc-PN73-DYHB-U1Q4;bdnb-bg-A87Z-WNJB-Y2MJ;93;3357.0;11.4;Saint-Ouen-sur-Seine;;;;;INDETERMINE;INDETERMINE;1.0;11.0;3368.0;Tertiaire & Autres;Tertiaire;"[""DEPARTEMENT DE LA SEINE SAINT DENIS""]"
0931188L;HEKWP23M6F1C;Collège Poincaré;093;collège;COLLEGE;La Courneuve;1970-03-25;bdnb-bc-B3KZ-8MJR-ZW6H;bdnb-bg-AJYC-QMY8-ZKZK;93;1021.0;3.2;La Courneuve;1950.0;;E;;INDETERMINE;INDETERMINE;1.0;4.0;1998.0;Tertiaire & Autres;Tertiaire;"[""COMMUNE DE LA COURNEUVE""]"
0931217T;A8MQEFP3BHPN;Collège Iréne et Frédéric Joliot Curie;093;collège;COLLEGE;Pantin;1970-03-25;bdnb-bc-RVYP-PB4X-P83R;bdnb-bg-5YBN-19WM-VHDU;93;2388.0;15.0;Pantin;1965.0;;;C;BETON;BETON;4.0;10.0;6197.0;Résidentiel collectif;Tertiaire;"[""COMMUNE DE PANTIN""]"
0931221X;8Z8XGD1GFQEA;Collège Louise Michel;093;collège;COLLEGE;Clichy-sous-Bois;1970-03-25;bdnb-bc-7GA4-DGRB-TCY4;bdnb-bg-DM2U-1VDW-TSJN;93;5365.0;13.0;Clichy-sous-Bois;2014.0;2015.0;;B;INDETERMINE;INDETERMINE;1.0;11.0;5988.0;Tertiaire & Autres;Tertiaire;"[""DEPARTEMENT DE LA SEINE SAINT DENIS""]"
0931221X;C3ZG41NZTXJ5;Collège Louise Michel;093;collège;COLLEGE;Clichy-sous-Bois;1970-03-25;bdnb-bc-P37H-PQNH-2141;bdnb-bg-DM2U-1VDW-TSJN;93;623.0;8.6;Clichy-sous-Bois;2014.0;2015.0;;B;INDETERMINE;INDETERMINE;1.0;11.0;5988.0;Tertiaire & Autres;Tertiaire;"[""DEPARTEMENT DE LA SEINE SAINT DENIS""]"
0931230G;SXD28NDCX4GY;Collège Elsa Triolet;093;collège;COLLEGE;Saint-Denis;1970-03-25;bdnb-bc-MS4A-7WTW-BSJJ;bdnb-bg-52BJ-YVQY-ZPV6;93;2649.0;17.7;Saint-Denis;1990.0;;;B;BETON;BETON;1.0;11.0;4327.0;Résidentiel collectif;Tertiaire;"[""DEPARTEMENT DE LA SEINE SAINT DENIS""]"
0931242V;YYFNFANG3M73;Ecole élémentaire Paul Eluard 1;093;école;ECOLE DE NIVEAU ELEMENTAIRE;Aulnay-sous-Bois;1970-05-08;bdnb-bc-99NE-E748-U618;bdnb-bg-DYMM-G84C-RWFK;93;1292.0;23.1;Aulnay-sous-Bois;;;;;;;;23.0;1292.0;;Tertiaire;
0931245Y;94NKPZ998VQK;Ecole élémentaire  Eugénie Cotton;093;école;ECOLE DE NIVEAU ELEMENTAIRE;Bagnolet;1970-05-08;bdnb-bc-RP9E-YJE1-MUS2;bdnb-bg-JRSF-NSD5-6KHW;93;396.0;17.1;Bagnolet;2014.0;2014.0;C;;INDETERMINE;INDETERMINE;6.0;17.0;396.0;Résidentiel collectif;Résidentiel collectif;"[""OFFICE PUBLIC DE L'HABITAT EST ENSEMBLE HABITAT""]"
0931280L;2XSFBE9C8EZS;Ecole élémentaire Alexandre Dumas;093;école;ECOLE DE NIVEAU ELEMENTAIRE;Epinay-sur-Seine;1970-05-08;bdnb-bc-96ND-FRP6-Y2WD;bdnb-bg-W4LV-MR8T-HDW6;93;2092.0;6.3;Épinay-sur-Seine;;;;;INDETERMINE;INDETERMINE;1.0;4.0;3860.0;Tertiaire & Autres;Tertiaire;"[""COMMUNE D EPINAY SUR SEINE""]"
0931286T;5DZJ9E35GD2E;Ecole élémentaire Marcelin Berthelot;093;école;ECOLE DE NIVEAU ELEMENTAIRE;Montreuil;1970-05-08;bdnb-bc-M78S-TZ5J-LNYL;bdnb-bg-EQMB-7GCC-3YT9;93;846.0;11.1;Montreuil;1925.0;;;D;MEULIERE;TUILES;2.0;11.0;846.0;Résidentiel collectif;Tertiaire;"[""COMMUNE DE MONTREUIL""]"
0931288V;PTP4ED3GW2JR;Ecole élémentaire Boissière;093;école;ECOLE DE NIVEAU ELEMENTAIRE;Montreuil;1970-05-08;bdnb-bc-85YU-T5BC-W1V7;bdnb-bg-AMJK-QDQH-X2YA;93;1873.0;10.5;Montreuil;1936.0;;;;BETON - BRIQUES;BETON;3.0;9.0;2416.0;Résidentiel collectif;Tertiaire;"[""DEPARTEMENT DE LA SEINE SAINT DENIS"", ""ETAT PAR DIRECTION DE L IMMOBILIER DE L ETAT""]"
0931296D;ZBVRYPMNY338;Ecole élémentaire Coteaux;093;école;ECOLE DE NIVEAU ELEMENTAIRE;Noisy-le-Grand;1970-05-08;bdnb-bc-JKXH-P4RA-2PGQ;bdnb-bg-2JTK-C3LL-5398;93;716.0;2.0;Noisy-le-Grand;;;;;;;;7.0;1512.0;;Tertiaire;
0931296D;GW995P7Q3QX5;Ecole élémentaire Coteaux;093;école;ECOLE DE NIVEAU ELEMENTAIRE;Noisy-le-Grand;1970-05-08;bdnb-bc-X8B8-AHZN-NN91;bdnb-bg-2JTK-C3LL-5398;93;81.0;4.5;Noisy-le-Grand;;;;;;;;7.0;1512.0;;Tertiaire;
0931305N;FQ5K6SB1FM7E;Ecole élémentaire Paul Vaillant-Couturier;093;école;ECOLE DE NIVEAU ELEMENTAIRE;Romainville;1970-05-08;bdnb-bc-LF98-BE5F-HX1W;bdnb-bg-CT6Z-347T-MAXD;93;1041.0;13.2;Romainville;2012.0;;;;INDETERMINE;INDETERMINE;1.0;11.0;4800.0;Tertiaire & Autres;Tertiaire;"[""COMMUNE DE ROMAINVILLE""]"
0931315Z;RDWKDSDXKS2B;Ecole élémentaire Auguste Cretier;093;école;ECOLE DE NIVEAU ELEMENTAIRE;Sevran;1970-05-08;bdnb-bc-PUP1-1LGE-T19V;bdnb-bg-M7HD-UYJR-6A22;93;528.0;7.9;Sevran;2013.0;2023.0;B;;INDETERMINE;INDETERMINE;2.0;6.0;2841.0;Tertiaire & Autres;Tertiaire;"[""COMMUNE DE SEVRAN""]"
0931315Z;463ZA7YVXN7J;Ecole élémentaire Auguste Cretier;093;école;ECOLE DE NIVEAU ELEMENTAIRE;Sevran;1970-05-08;bdnb-bc-WT8S-FRWQ-A9PL;bdnb-bg-M7HD-UYJR-6A22;93;192.0;3.9;Sevran;2013.0;2023.0;B;;INDETERMINE;INDETERMINE;2.0;6.0;2841.0;Tertiaire & Autres;Tertiaire;"[""COMMUNE DE SEVRAN""]"
0931315Z;1VH12THV1S9H;Ecole élémentaire Auguste Cretier;093;école;ECOLE DE NIVEAU ELEMENTAIRE;Sevran;1970-05-08;bdnb-bc-5TDD-FV96-BJR5;bdnb-bg-M7HD-UYJR-6A22;93;398.0;4.2;Sevran;2013.0;2023.0;B;;INDETERMINE;INDETERMINE;2.0;6.0;2841.0;Tertiaire & Autres;Tertiaire;"[""COMMUNE DE SEVRAN""]"
0931315Z;S5D1QQRTPKJN;Ecole élémentaire Auguste Cretier;093;école;ECOLE DE NIVEAU ELEMENTAIRE;Sevran;1970-05-08;bdnb-bc-TMLG-79U2-S3Q8;bdnb-bg-M7HD-UYJR-6A22;93;312.0;9.9;Sevran;2013.0;2023.0;B;;INDETERMINE;INDETERMINE;2.0;6.0;2841.0;Tertiaire & Autres;Tertiaire;"[""COMMUNE DE SEVRAN""]"
0931315Z;RRS5F5ZTTWCG;Ecole élémentaire Auguste Cretier;093;école;ECOLE DE NIVEAU ELEMENTAIRE;Sevran;1970-05-08;bdnb-bc-STL8-LVZL-VPS5;bdnb-bg-M7HD-UYJR-6A22;93;172.0;3.7;Sevran;2013.0;2023.0;B;;INDETERMINE;INDETERMINE;2.0;6.0;2841.0;Tertiaire & Autres;Tertiaire;"[""COMMUNE DE SEVRAN""]"
0931315Z;YGXXWNTQ5TRF;Ecole élémentaire Auguste Cretier;093;école;ECOLE DE NIVEAU ELEMENTAIRE;Sevran;1970-05-08;bdnb-bc-R4KT-2Z3M-EMSQ;bdnb-bg-M7HD-UYJR-6A22;93;60.0;9.8;Sevran;2013.0;2023.0;B;;INDETERMINE;INDETERMINE;2.0;6.0;2841.0;Tertiaire & Autres;Tertiaire;"[""COMMUNE DE SEVRAN""]"
0931315Z;55CXXT3AHG9Z;Ecole élémentaire Auguste Cretier;093;école;ECOLE DE NIVEAU ELEMENTAIRE;Sevran;1970-05-08;bdnb-bc-VA4P-XUCE-LF4S;bdnb-bg-M7HD-UYJR-6A22;93;45.0;4.7;Sevran;2013.0;2023.0;B;;INDETERMINE;INDETERMINE;2.0;6.0;2841.0;Tertiaire & Autres;Tertiaire;"[""COMMUNE DE SEVRAN""]"
0931315Z;8RPGPQSJ128H;Ecole élémentaire Auguste Cretier;093;école;ECOLE DE NIVEAU ELEMENTAIRE;Sevran;1970-05-08;bdnb-bc-V5BM-CTN2-X4Q1;bdnb-bg-M7HD-UYJR-6A22;93;185.0;8.1;Sevran;2013.0;2023.0;B;;INDETERMINE;INDETERMINE;2.0;6.0;2841.0;Tertiaire & Autres;Tertiaire;"[""COMMUNE DE SEVRAN""]"
0931315Z;SEQRBC6B8E4W;Ecole élémentaire Auguste Cretier;093;école;ECOLE DE NIVEAU ELEMENTAIRE;Sevran;1970-05-08;bdnb-bc-NFMU-Z2B5-2L1Q;bdnb-bg-M7HD-UYJR-6A22;93;107.0;5.2;Sevran;2013.0;2023.0;B;;INDETERMINE;INDETERMINE;2.0;6.0;2841.0;Tertiaire & Autres;Tertiaire;"[""COMMUNE DE SEVRAN""]"
0931315Z;959DQFG9YB4V;Ecole élémentaire Auguste Cretier;093;école;ECOLE DE NIVEAU ELEMENTAIRE;Sevran;1970-05-08;bdnb-bc-DS4B-W556-Y5N8;bdnb-bg-M7HD-UYJR-6A22;93;256.0;2.6;Sevran;2013.0;2023.0;B;;INDETERMINE;INDETERMINE;2.0;6.0;2841.0;Tertiaire & Autres;Tertiaire;"[""COMMUNE DE SEVRAN""]"
0931316A;BCCMART53A8A;Ecole élémentaire Joliot-Curie;093;école;ECOLE DE NIVEAU ELEMENTAIRE;Stains;1970-05-08;bdnb-bc-9AY6-XZ42-SG2L;bdnb-bg-FR4Z-CQHA-6Y3X;93;1021.0;13.1;Stains;;;;;;;;5.0;1471.0;;Tertiaire;
0931316A;VHYDA4XNXJ8B;Ecole élémentaire Joliot-Curie;093;école;ECOLE DE NIVEAU ELEMENTAIRE;Stains;1970-05-08;bdnb-bc-1WNW-E19F-E5KV;bdnb-bg-FR4Z-CQHA-6Y3X;93;102.0;1.3;Stains;;;;;;;;5.0;1471.0;;Tertiaire;
0931316A;3QFS79TV97R5;Ecole élémentaire Joliot-Curie;093;école;ECOLE DE NIVEAU ELEMENTAIRE;Stains;1970-05-08;bdnb-bc-X93P-X1XJ-MLHZ;bdnb-bg-FR4Z-CQHA-6Y3X;93;240.0;3.6;Stains;;;;;;;;5.0;1471.0;;Tertiaire;
0931316A;YYTVGFZV3WZ2;Ecole élémentaire Joliot-Curie;093;école;ECOLE DE NIVEAU ELEMENTAIRE;Stains;1970-05-08;bdnb-bc-5YDZ-RS8F-1P6U;bdnb-bg-F3MJ-QL4Q-98UK;93;52.0;4.8;Stains;1934.0;;;;MEULIERE;TUILES;2.0;5.0;52.0;Résidentiel individuel;Tertiaire;"[""COMMUNE DE STAINS""]"
0931316A;AMTF9B88VHXA;Ecole élémentaire Joliot-Curie;093;école;ECOLE DE NIVEAU ELEMENTAIRE;Stains;1970-05-08;bdnb-bc-NJ9K-BPHB-ZWWS;bdnb-bg-FR4Z-CQHA-6Y3X;93;108.0;2.5;Stains;;;;;;;;5.0;1471.0;;Tertiaire;
0931379U;P2BYJ57N2W4Q;Collège Pablo Néruda;093;collège;COLLEGE;Aulnay-sous-Bois;1971-03-03;bdnb-bc-NSPH-XCSR-C4CT;bdnb-bg-QCCU-3ZS9-M3GN;93;591.0;9.8;Aulnay-sous-Bois;1972.0;;;C;AUTRES;AUTRES;3.0;9.0;3326.0;Résidentiel collectif;Tertiaire;"[""DEPARTEMENT DE LA SEINE SAINT DENIS""]"
0931412E;2FC9D8CNQK2E;Ecole élémentaire Paul Valéry;093;école;ECOLE DE NIVEAU ELEMENTAIRE;Neuilly-sur-Marne;1971-05-24;bdnb-bc-7H8S-VZLL-WQXN;bdnb-bg-AU8D-BA56-3T4W;93;919.0;9.1;Neuilly-sur-Marne;1993.0;;D;F;INDETERMINE;INDETERMINE;7.0;6.0;6506.0;Résidentiel collectif;Tertiaire;"[""COMMUNE DE NEUILLY S-MARNE"", ""ENEDIS""]"
0931425U;PMAHM8BSERQY;Ecole élémentaire Jules Vallès;093;école;ECOLE DE NIVEAU ELEMENTAIRE;Villetaneuse;1971-05-24;bdnb-bc-BLC1-NXZ4-5K8F;bdnb-bg-K3ZA-FTZJ-UVYT;93;1002.0;9.6;Villetaneuse;;;;;INDETERMINE;INDETERMINE;1.0;6.0;2466.0;Tertiaire & Autres;Tertiaire;"[""COMMUNE DE VILLETANEUSE""]"
0931448U;6PAFP8PNG4PW;Collège Paul Eluard;093;collège;COLLEGE;Montreuil;1972-05-16;bdnb-bc-41EY-SU6N-CYUJ;bdnb-bg-UN6Y-TA6Q-34M1;93;330.0;10.5;Montreuil;;;;;;;;11.0;617.0;;Tertiaire;
0931453Z;VM3A23PE9QDP;Ecole maternelle Bellevue;093;école;ECOLE MATERNELLE;Livry-Gargan;1972-06-06;bdnb-bc-UYYX-AMX2-82DT;bdnb-bg-VH8R-VFN4-SSZM;93;431.0;3.2;Livry-Gargan;1976.0;;;;BETON - AUTRES;ZINC ALUMINIUM;2.0;6.0;2711.0;Résidentiel collectif;Tertiaire;"[""COMMUNE DE LIVRY GARGAN""]"
0931456C;R3BC23CDHHPB;Ecole maternelle les Fougères;093;école;ECOLE MATERNELLE;Le Raincy;1972-06-06;bdnb-bc-YE37-U2WA-TMWL;bdnb-bg-1NRX-Q7QU-2TWA;93;121.0;5.2;Le Raincy;1930.0;;;B;AGGLOMERE;TUILES;2.0;5.0;152.0;Résidentiel individuel;Tertiaire;"[""COMMUNE LE RAINCY""]"
0931456C;NY4CREZZ9CSG;Ecole maternelle les Fougères;093;école;ECOLE MATERNELLE;Le Raincy;1972-06-06;bdnb-bc-TE2S-SAPG-E49N;bdnb-bg-SNS7-UWU4-G9PA;93;305.0;11.7;Le Raincy;2010.0;;;B;INDETERMINE;INDETERMINE;1.0;12.0;305.0;Résidentiel individuel;Tertiaire;"[""COMMUNE LE RAINCY""]"
0931456C;P51TXNM1WY6N;Ecole maternelle les Fougères;093;école;ECOLE MATERNELLE;Le Raincy;1972-06-06;bdnb-bc-8J19-1414-4F4V;bdnb-bg-1NRX-Q7QU-2TWA;93;31.0;5.0;Le Raincy;1930.0;;;B;AGGLOMERE;TUILES;2.0;5.0;152.0;Résidentiel individuel;Tertiaire;"[""COMMUNE LE RAINCY""]"
0931463K;HN1SKQCPAP38;Ecole maternelle Nièpce;093;école;ECOLE MATERNELLE;Rosny-sous-Bois;1972-06-06;bdnb-bc-QNKF-LUUT-ZCJP;bdnb-bg-86CR-914N-C1NK;93;1303.0;3.5;Rosny-sous-Bois;1970.0;;;C;INDETERMINE;INDETERMINE;2.0;6.0;13955.0;Tertiaire & Autres;Tertiaire;"[""COMMUNE DE ROSNY-SOUS-BOIS""]"
0931478B;6JS954DA5GP6;Ecole élémentaire Louis Antoine Saint-Just;093;école;ECOLE DE NIVEAU ELEMENTAIRE;Saint-Denis;1972-06-06;bdnb-bc-FVBM-VZRH-3QYQ;bdnb-bg-VDW5-NUB2-WLT8;93;113.0;6.5;Saint-Denis;2020.0;;;;BRIQUES;TUILES;4.0;8.0;5571.0;Tertiaire & Autres;Tertiaire;"[""COMMUNE DE SAINT-DENIS""]"
0931486K;R3YZVEQ39PRK;Ecole maternelle Saint-Exupéry;093;école;ECOLE MATERNELLE;Villepinte;1972-10-02;bdnb-bc-TE1T-V9C4-EMU8;bdnb-bg-C2YK-H9KE-1HHM;93;1989.0;3.1;Villepinte;2017.0;;;;INDETERMINE;INDETERMINE;1.0;2.0;2056.0;Tertiaire & Autres;Tertiaire;"[""COMMUNE DE VILLEPINTE""]"
0931498Y;AXSGJ7AYMSQA;Ecole élémentaire Louis Aragon;093;école;ECOLE DE NIVEAU ELEMENTAIRE;Aulnay-sous-Bois;1973-05-14;bdnb-bc-89KL-LRDK-VLT8;bdnb-bg-MLEX-NGRJ-XGJ7;93;1562.0;3.9;Aulnay-sous-Bois;1972.0;;;;BETON;AUTRES;2.0;6.0;2616.0;Résidentiel collectif;Tertiaire;"[""COMMUNE DE SEVRAN""]"
0931503D;3KNTNPN5FBWE;Ecole élémentaire Marie Curie;093;école;ECOLE DE NIVEAU ELEMENTAIRE;Bobigny;1973-05-14;bdnb-bc-HRQC-YH2P-37T7;bdnb-bg-EL47-D9A6-3SHE;93;1655.0;8.6;Bobigny;1950.0;;F;;INDETERMINE;INDETERMINE;2.0;8.0;11407.0;Tertiaire & Autres;Tertiaire;"[""COMMUNE DE BOBIGNY""]"
0931506G;QH78GA5Y5A8C;Ecole maternelle Georges Mercier;093;école;ECOLE MATERNELLE;Coubron;1973-05-14;bdnb-bc-QHAA-BD7E-5B38;bdnb-bg-CHCN-HQEF-XZU6;93;860.0;4.1;Coubron;;;;;;;;4.0;1484.0;;Tertiaire;
0931506G;WRT49GQ9K17R;Ecole maternelle Georges Mercier;093;école;ECOLE MATERNELLE;Coubron;1973-05-14;bdnb-bc-VE15-CWWH-HT4E;bdnb-bg-CHCN-HQEF-XZU6;93;82.0;5.1;Coubron;;;;;;;;4.0;1484.0;;Tertiaire;
0931506G;SM4852BDG65P;Ecole maternelle Georges Mercier;093;école;ECOLE MATERNELLE;Coubron;1973-05-14;bdnb-bc-QQJG-831C-R3WC;bdnb-bg-CHCN-HQEF-XZU6;93;70.0;3.2;Coubron;;;;;;;;4.0;1484.0;;Tertiaire;
0931506G;H35MNN6FC37Q;Ecole maternelle Georges Mercier;093;école;ECOLE MATERNELLE;Coubron;1973-05-14;bdnb-bc-QX3J-5ADR-RCE9;bdnb-bg-HEVD-FR7M-TLQT;93;625.0;3.3;Coubron;1962.0;;;;BRIQUES;TUILES;2.0;3.0;625.0;Résidentiel collectif;Résidentiel collectif;"[""COMMUNE DE COUBRON""]"
0931506G;N7N9SZRXHQSE;Ecole maternelle Georges Mercier;093;école;ECOLE MATERNELLE;Coubron;1973-05-14;bdnb-bc-176X-13G3-FJT8;bdnb-bg-CHCN-HQEF-XZU6;93;152.0;3.2;Coubron;;;;;;;;4.0;1484.0;;Tertiaire;
0931506G;4B252A2TPZHM;Ecole maternelle Georges Mercier;093;école;ECOLE MATERNELLE;Coubron;1973-05-14;bdnb-bc-7YMD-N1AW-6QZ5;bdnb-bg-CHCN-HQEF-XZU6;93;86.0;3.1;Coubron;;;;;;;;4.0;1484.0;;Tertiaire;
0931506G;TXZ7C6EZ7M4X;Ecole maternelle Georges Mercier;093;école;ECOLE MATERNELLE;Coubron;1973-05-14;bdnb-bc-APY6-GWXY-CXZH;bdnb-bg-CHCN-HQEF-XZU6;93;113.0;5.0;Coubron;;;;;;;;4.0;1484.0;;Tertiaire;
0931506G;QGD6KE4SH1BG;Ecole maternelle Georges Mercier;093;école;ECOLE MATERNELLE;Coubron;1973-05-14;bdnb-bc-UHXL-839Y-FB8R;bdnb-bg-CHCN-HQEF-XZU6;93;88.0;6.8;Coubron;;;;;;;;4.0;1484.0;;Tertiaire;
0931506G;8TBXQYCYHT5S;Ecole maternelle Georges Mercier;093;école;ECOLE MATERNELLE;Coubron;1973-05-14;bdnb-bc-H3PG-AA15-EH6A;bdnb-bg-CHCN-HQEF-XZU6;93;33.0;3.2;Coubron;;;;;;;;4.0;1484.0;;Tertiaire;
0931507H;T8XTYZVDD1T2;Ecole élémentaire  Paul Bert;093;école;ECOLE DE NIVEAU ELEMENTAIRE;Coubron;1973-05-15;bdnb-bc-MWUK-SG54-5F3W;bdnb-bg-V5GF-EBYV-QBUP;93;502.0;5.9;Coubron;1935.0;;;;BRIQUES;TUILES;2.0;6.0;502.0;Résidentiel collectif;Tertiaire;"[""COMMUNE DE COUBRON""]"
0931508J;1KBKTSM721CA;Ecole élémentaire Joliot-Curie 2;093;école;ECOLE DE NIVEAU ELEMENTAIRE;Montreuil;1973-05-14;bdnb-bc-GQXS-X36J-LRMX;bdnb-bg-2UMJ-UWJ9-W59X;93;183.0;7.7;Montreuil;2015.0;;;;INDETERMINE;INDETERMINE;1.0;8.0;183.0;Tertiaire & Autres;Tertiaire;"[""COMMUNE DE MONTREUIL""]"
0931508J;HPRHHPWBYAXR;Ecole élémentaire Joliot-Curie 2;093;école;ECOLE DE NIVEAU ELEMENTAIRE;Montreuil;1973-05-14;bdnb-bc-VJVW-JFDN-FBQP;bdnb-bg-YNLL-XFLK-G834;93;1811.0;7.2;Montreuil;;;;;;;;5.0;2850.0;;Tertiaire;
0931508J;8GDKJMD98RXV;Ecole élémentaire Joliot-Curie 2;093;école;ECOLE DE NIVEAU ELEMENTAIRE;Montreuil;1973-05-14;bdnb-bc-Q1HR-3V8J-H5N3;bdnb-bg-YNLL-XFLK-G834;93;901.0;5.7;Montreuil;;;;;;;;5.0;2850.0;;Tertiaire;
0931512N;V3GSG7VGQKFA;Ecole maternelle André Chénier;093;école;ECOLE MATERNELLE;Neuilly-sur-Marne;1973-05-14;bdnb-bc-FWAE-9H5E-31CA;bdnb-bg-RVC9-MM2U-QDQ3;93;923.0;4.8;Neuilly-sur-Marne;2010.0;2019.0;B;;INDETERMINE;INDETERMINE;4.0;6.0;18889.0;Tertiaire & Autres;Tertiaire;"[""COMMUNE DE NEUILLY S-MARNE"", ""ORANGE""]"
0931522Z;AKCKH7J11997;Ecole élémentaire Victor Hugo;093;école;ECOLE DE NIVEAU ELEMENTAIRE;Saint-Ouen-sur-Seine;1973-05-15;bdnb-bc-DTSN-KPC4-YLNK;bdnb-bg-HHE6-RGMM-EW1B;93;119.0;4.9;Saint-Ouen-sur-Seine;1900.0;;;;PIERRE;TUILES;4.0;9.0;3343.0;Résidentiel collectif;Tertiaire;"[""COMMUNE DE ST OUEN-SUR-SEINE""]"
0931551F;M92FDDD6Z4SW;Ecole élémentaire Croix Saint-Marc;093;école;ECOLE DE NIVEAU ELEMENTAIRE;Aulnay-sous-Bois;1974-05-14;bdnb-bc-2AJ4-RE9V-FNP8;bdnb-bg-SYR1-U8NM-S4V6;93;1855.0;8.1;Aulnay-sous-Bois;2001.0;;C;C;INDETERMINE;INDETERMINE;2.0;6.0;21066.0;Tertiaire & Autres;Tertiaire;"[""COMMUNE DE SEVRAN"", ""DEPARTEMENT DE LA SEINE SAINT DENIS""]"
0931561S;EEXQ79VRA6SV;Ecole maternelle Elsa Triolet;093;école;ECOLE MATERNELLE;Tremblay-en-France;1974-05-14;bdnb-bc-47RH-T2VG-WHJC;bdnb-bg-PB1B-N2GD-AQJB;93;1623.0;5.5;Tremblay-en-France;;;;;;;;6.0;5088.0;;Tertiaire;
0931579L;6MPQM9XTV93M;Ecole élémentaire Eugénie Cotton;093;école;ECOLE DE NIVEAU ELEMENTAIRE;Rosny-sous-Bois;1975-04-30;bdnb-bc-FM6N-DT1R-UDDJ;bdnb-bg-86CR-914N-C1NK;93;3136.0;6.8;Rosny-sous-Bois;1970.0;;;C;INDETERMINE;INDETERMINE;2.0;6.0;13955.0;Tertiaire & Autres;Tertiaire;"[""COMMUNE DE ROSNY-SOUS-BOIS""]"
0931580M;PSA25YC1SYSF;Ecole maternelle André Lurçat;093;école;ECOLE MATERNELLE;Stains;1975-05-02;bdnb-bc-56KP-UUB9-PWVL;bdnb-bg-5Y7A-A4TP-7PNM;93;933.0;4.3;Stains;;;;;INDETERMINE;INDETERMINE;2.0;4.0;933.0;Résidentiel collectif;Tertiaire;"[""COMMUNE DE STAINS""]"
0931587V;MRRGAV8J6R82;Ecole maternelle Jacques Prévert;093;école;ECOLE MATERNELLE;Aubervilliers;1975-09-02;bdnb-bc-7WS3-VDTZ-8F94;bdnb-bg-9NJ3-JJE3-EUGK;93;1454.0;5.5;Aubervilliers;1977.0;1977.0;D;;BETON;AUTRES;19.0;24.0;6473.0;Résidentiel collectif;Tertiaire;"[""OFFICE PUBLIC HABITAT"", ""ENEDIS""]"
0931599H;5Y1MRPESX28Z;Ecole maternelle Diderot;093;école;ECOLE MATERNELLE;Pantin;1976-01-22;bdnb-bc-DFC5-JZKQ-QB1H;bdnb-bg-W3HC-Y3PD-TRQF;93;801.0;5.4;Pantin;2001.0;;;;INDETERMINE;INDETERMINE;1.0;4.0;2789.0;Tertiaire & Autres;Tertiaire;"[""COMMUNE DE PANTIN""]"
0931627N;R3YZVEQ39PRK;Ecole élémentaire Saint-Exupéry;093;école;ECOLE DE NIVEAU ELEMENTAIRE;Villepinte;1976-06-23;bdnb-bc-TE1T-V9C4-EMU8;bdnb-bg-C2YK-H9KE-1HHM;93;1989.0;3.1;Villepinte;2017.0;;;;INDETERMINE;INDETERMINE;1.0;2.0;2056.0;Tertiaire & Autres;Tertiaire;"[""COMMUNE DE VILLEPINTE""]"
0931710D;HJFMPSBMNEPA;Collège Olympe de Gouges;093;collège;COLLEGE;Noisy-le-Sec;1977-03-14;bdnb-bc-EK8V-6247-XB97;bdnb-bg-UAUF-Q9HD-23GT;93;89.0;1.9;Noisy-le-Sec;;;;;INDETERMINE;INDETERMINE;1.0;2.0;145.0;Tertiaire & Autres;Tertiaire;
0931714H;ZAA1N2RTPPKV;Ecole maternelle Jean Jaurès;093;école;ECOLE MATERNELLE;Drancy;1977-03-31;bdnb-bc-RWH4-DG4N-B5D4;bdnb-bg-BULP-WWXH-CF1Z;93;2288.0;6.4;Drancy;1933.0;;;;AUTRES;TUILES;2.0;6.0;2719.0;Résidentiel collectif;Tertiaire;"[""COMMUNE DE DRANCY""]"
0931739K;X1PWQG48FXE4;Lycée professionnel Jean Moulin;093;lycée;LYCEE PROFESSIONNEL;Rosny-sous-Bois;1978-09-01;;;;;;;;;;;;;;;;;;
0931770U;HN1SKQCPAP38;Ecole maternelle Raspail;093;école;ECOLE MATERNELLE;Rosny-sous-Bois;1979-09-01;bdnb-bc-QNKF-LUUT-ZCJP;bdnb-bg-86CR-914N-C1NK;93;1303.0;3.5;Rosny-sous-Bois;1970.0;;;C;INDETERMINE;INDETERMINE;2.0;6.0;13955.0;Tertiaire & Autres;Tertiaire;"[""COMMUNE DE ROSNY-SOUS-BOIS""]"
0750429J;MRE4QFK6ZR78;Collège Roland Dorgelès;075;collège;COLLEGE;Paris 18e  Arrondissement;1965-05-01;bdnb-bc-9KLN-AE1D-LB9Y;bdnb-bg-Q49F-S2UR-WCRR;75;1250.0;14.2;Paris 18e Arrondissement;1890.0;;;;PIERRE;ZINC ALUMINIUM;3.0;8.0;1573.0;Tertiaire & Autres;Tertiaire;"[""VILLE DE PARIS""]"
0750436S;VBJ44VP958BN;Lycée professionnel Claude Anthime Corbon;075;lycée;LYCEE PROFESSIONNEL;Paris 15e  Arrondissement;1965-05-01;bdnb-bc-XZ9G-8ED8-42N8;bdnb-bg-LSU1-EFEZ-AWMR;75;717.0;18.5;Paris 15e Arrondissement;1900.0;;E;;MEULIERE - PIERRE;TUILES;2.0;11.0;2833.0;Résidentiel collectif;Tertiaire;"[""VILLE DE PARIS""]"
0750436S;6DWQZQ47XGVA;Lycée professionnel Claude Anthime Corbon;075;lycée;LYCEE PROFESSIONNEL;Paris 15e  Arrondissement;1965-05-01;bdnb-bc-XS4C-Y179-P226;bdnb-bg-LSU1-EFEZ-AWMR;75;212.0;5.1;Paris 15e Arrondissement;1900.0;;E;;MEULIERE - PIERRE;TUILES;2.0;11.0;2833.0;Résidentiel collectif;Tertiaire;"[""VILLE DE PARIS""]"
0750436S;A2CTHEPMPFYY;Lycée professionnel Claude Anthime Corbon;075;lycée;LYCEE PROFESSIONNEL;Paris 15e  Arrondissement;1965-05-01;bdnb-bc-D3XK-2HG1-CP38;bdnb-bg-LSU1-EFEZ-AWMR;75;61.0;4.2;Paris 15e Arrondissement;1900.0;;E;;MEULIERE - PIERRE;TUILES;2.0;11.0;2833.0;Résidentiel collectif;Tertiaire;"[""VILLE DE PARIS""]"
0750436S;RVFVEJQ6RVGT;Lycée professionnel Claude Anthime Corbon;075;lycée;LYCEE PROFESSIONNEL;Paris 15e  Arrondissement;1965-05-01;bdnb-bc-RNPD-G1YZ-JQVN;bdnb-bg-LSU1-EFEZ-AWMR;75;54.0;14.1;Paris 15e Arrondissement;1900.0;;E;;MEULIERE - PIERRE;TUILES;2.0;11.0;2833.0;Résidentiel collectif;Tertiaire;"[""VILLE DE PARIS""]"
0750436S;E538Y7TRC66N;Lycée professionnel Claude Anthime Corbon;075;lycée;LYCEE PROFESSIONNEL;Paris 15e  Arrondissement;1965-05-01;bdnb-bc-63TN-NXSY-NE46;bdnb-bg-LSU1-EFEZ-AWMR;75;155.0;11.1;Paris 15e Arrondissement;1900.0;;E;;MEULIERE - PIERRE;TUILES;2.0;11.0;2833.0;Résidentiel collectif;Tertiaire;"[""VILLE DE PARIS""]"
0750507U;S3NNYQV8D9H7;Collège Georges Brassens;075;collège;COLLEGE;Paris 19e  Arrondissement;1965-05-01;bdnb-bc-KC5W-U4EF-QD88;bdnb-bg-A6YQ-S1CL-64Y4;75;317.0;13.8;Paris 19e Arrondissement;;;;;;;;14.0;1072.0;;Tertiaire;
0750525N;MJ88HH5XTGD7;Collège Moulin des Prés;075;collège;COLLEGE;Paris 13e  Arrondissement;1965-05-01;bdnb-bc-NYJC-FQ29-RJJ5;bdnb-bg-RE17-KSR5-6N25;75;484.0;12.3;Paris 13e Arrondissement;1990.0;;;;INDETERMINE;INDETERMINE;4.0;12.0;1335.0;Résidentiel collectif;Tertiaire;"[""VILLE DE PARIS""]"
0750525N;DYCXD7MNY2F2;Collège Moulin des Prés;075;collège;COLLEGE;Paris 13e  Arrondissement;1965-05-01;bdnb-bc-MHNA-VVKR-8QDM;bdnb-bg-XS41-H6D6-RV5P;75;206.0;7.2;Paris 13e Arrondissement;;;;;;;;7.0;206.0;;Tertiaire;
0750525N;ADA5HHHZVP4D;Collège Moulin des Prés;075;collège;COLLEGE;Paris 13e  Arrondissement;1965-05-01;bdnb-bc-N459-BN16-XWNP;bdnb-bg-RE17-KSR5-6N25;75;85.0;7.2;Paris 13e Arrondissement;1990.0;;;;INDETERMINE;INDETERMINE;4.0;12.0;1335.0;Résidentiel collectif;Tertiaire;"[""VILLE DE PARIS""]"
0750525N;2WDRRAHQHQD3;Collège Moulin des Prés;075;collège;COLLEGE;Paris 13e  Arrondissement;1965-05-01;bdnb-bc-14QG-JZZR-2KUZ;bdnb-bg-RE17-KSR5-6N25;75;335.0;16.4;Paris 13e Arrondissement;1990.0;;;;INDETERMINE;INDETERMINE;4.0;12.0;1335.0;Résidentiel collectif;Tertiaire;"[""VILLE DE PARIS""]"
0750525N;AXXTX2GAD5A9;Collège Moulin des Prés;075;collège;COLLEGE;Paris 13e  Arrondissement;1965-05-01;bdnb-bc-GBCF-AJUG-2R57;bdnb-bg-RE17-KSR5-6N25;75;431.0;13.9;Paris 13e Arrondissement;1990.0;;;;INDETERMINE;INDETERMINE;4.0;12.0;1335.0;Résidentiel collectif;Tertiaire;"[""VILLE DE PARIS""]"
0750575T;VR223Y9A6EYR;Collège Sonia Delaunay;075;collège;COLLEGE;Paris 19e  Arrondissement;1965-05-01;bdnb-bc-2JH2-J7QK-EFNK;bdnb-bg-L5WB-T7ZT-EQUC;75;493.0;18.6;Paris 19e Arrondissement;1960.0;;;;MEULIERE - PIERRE;TUILES - ZINC ALUMINIUM;1.0;12.0;2249.0;Tertiaire & Autres;Tertiaire;"[""VILLE DE PARIS""]"
0750584C;V47S1NKREDZ5;Collège Valmy;075;collège;COLLEGE;Paris 10e  Arrondissement;1965-05-01;bdnb-bc-1U3R-B7ML-H5Q9;bdnb-bg-9BYF-2C8G-VSFS;75;978.0;25.1;Paris 10e Arrondissement;2023.0;;;;BRIQUES;BETON;5.0;13.0;1069.0;Tertiaire & Autres;Tertiaire;"[""VILLE DE PARIS""]"
0750591K;YGDSH4468EMW;Collège Henri Matisse;075;collège;COLLEGE;Paris 20e  Arrondissement;1965-05-01;bdnb-bc-5NKU-VKLL-36VM;bdnb-bg-8RAR-GDTE-1CP6;75;261.0;14.4;Paris 20e Arrondissement;1900.0;;;;BRIQUES - AUTRES;TUILES - AUTRES;3.0;14.0;1302.0;Tertiaire & Autres;Tertiaire;"[""VILLE DE PARIS""]"
0750604Z;A63ZX6DDN48Z;E.M.PU ROCHECHOUART 22 rue de Rochechouart;075;école;ECOLE MATERNELLE;Paris  9e  Arrondissement;1969-03-18;bdnb-bc-SXU3-Q7BV-8CC9;bdnb-bg-Z7UW-J4N3-QQ9Z;75;507.0;24.0;Paris 9e Arrondissement;1927.0;;;;INDETERMINE;INDETERMINE;8.0;24.0;507.0;Tertiaire & Autres;Tertiaire;"[""VILLE DE PARIS"", ""MARCHAL SYNGEST"", ""L'ALLIER""]"
0750607C;AVPBSRVNYJ41;Collège Alain Fournier;075;collège;COLLEGE;Paris 11e  Arrondissement;1969-04-03;bdnb-bc-XHU8-N2GN-155N;bdnb-bg-Y4X2-37RB-HZ1C;75;1892.0;19.8;Paris 11e Arrondissement;2023.0;;;;INDETERMINE;INDETERMINE;5.0;10.0;2278.0;Tertiaire & Autres;Tertiaire;"[""VILLE DE PARIS""]"
0750607C;PRRFFWD9ABGK;Collège Alain Fournier;075;collège;COLLEGE;Paris 11e  Arrondissement;1969-04-03;bdnb-bc-KLDQ-ZZCH-WJLA;bdnb-bg-Y4X2-37RB-HZ1C;75;114.0;7.5;Paris 11e Arrondissement;2023.0;;;;INDETERMINE;INDETERMINE;5.0;10.0;2278.0;Tertiaire & Autres;Tertiaire;"[""VILLE DE PARIS""]"
0750654D;QYZQFK8R3FC6;Lycée général et technologique Henri IV;075;lycée;LYCEE ENSEIGNT GENERAL ET TECHNOLOGIQUE;Paris  5e  Arrondissement;1965-05-01;bdnb-bc-NW8K-8TYB-2STQ;bdnb-bg-XJR3-KSSP-4CY8;75;4713.0;15.3;Paris 5e Arrondissement;1900.0;;;;INDETERMINE;INDETERMINE;6.0;16.0;8339.0;Résidentiel collectif;Tertiaire;"[""LYCEE GENERAL ET TECHNOLOGIQUE HENRI IV"", ""VILLE DE PARIS"", ""ENEDIS""]"
0750658H;3YVEPS4W3VE1;Lycée général Saint Louis;075;lycée;LYCEE D ENSEIGNEMENT GENERAL;Paris  6e  Arrondissement;1965-05-01;bdnb-bc-M939-AENK-YVHK;bdnb-bg-D24Z-JNSA-3N4D;75;6742.0;21.3;Paris 6e Arrondissement;1800.0;;F;;INDETERMINE;INDETERMINE;7.0;17.0;6829.0;Résidentiel collectif;Tertiaire;"[""LYCEE GENERAL SAINT-LOUIS""]"
0750663N;YF77PVH43VTR;Lycée général et technologique Chaptal;075;lycée;LYCEE ENSEIGNT GENERAL ET TECHNOLOGIQUE;Paris  8e  Arrondissement;1965-05-01;bdnb-bc-YN53-61PB-XM3Y;bdnb-bg-5PKD-3E9V-DSZ8;75;628.0;9.8;Paris 8e Arrondissement;1860.0;;;;INDETERMINE;ARDOISES - ZINC ALUMINIUM;5.0;13.0;6881.0;Résidentiel collectif;Tertiaire;"[""REGION ILE DE FRANCE"", ""ENEDIS""]"
0750664P;1TN36WA69H9T;Lycée général et technologique Racine;075;lycée;LYCEE ENSEIGNT GENERAL ET TECHNOLOGIQUE;Paris  8e  Arrondissement;1965-05-01;bdnb-bc-6168-EJ4M-NVFT;bdnb-bg-TJMX-3LBR-AKN2;75;1260.0;22.4;Paris 8e Arrondissement;1887.0;;;;PIERRE;ZINC ALUMINIUM;5.0;22.0;1260.0;Résidentiel collectif;Tertiaire;"[""REGION ILE DE FRANCE""]"
0750668U;5FK9TPJK6WS7;Lycée général et technologisue Jacques Decour;075;lycée;LYCEE ENSEIGNT GENERAL ET TECHNOLOGIQUE;Paris  9e  Arrondissement;1965-05-01;bdnb-bc-XWZ3-QLUY-V8NM;bdnb-bg-YWVN-3KMA-W4CX;75;1044.0;19.4;Paris 9e Arrondissement;1997.0;;;;INDETERMINE;INDETERMINE;4.0;15.0;9435.0;Résidentiel collectif;Tertiaire;"[""VILLE DE PARIS""]"
0750670W;1CF773DF4VYE;Lycée général et technologique Lamartine;075;lycée;LYCEE ENSEIGNT GENERAL ET TECHNOLOGIQUE;Paris  9e  Arrondissement;1965-05-01;bdnb-bc-T4ZE-VSSP-KA8Q;bdnb-bg-NL9B-1H9B-7FYK;75;1832.0;19.8;Paris 9e Arrondissement;1891.0;;;;MEULIERE - PIERRE;ARDOISES - AUTRES;5.0;14.0;2077.0;Résidentiel collectif;Tertiaire;"[""DIRECTION DES SERVICES DEPARTEMENTAUX DE L EDUCATION NATIONA"", ""M LE PRINCIPAL DU COLLEGE LAMARTINE""]"
0750670W;P5RZPBXTZH43;Lycée général et technologique Lamartine;075;lycée;LYCEE ENSEIGNT GENERAL ET TECHNOLOGIQUE;Paris  9e  Arrondissement;1965-05-01;bdnb-bc-HD6E-6YFH-YVT6;bdnb-bg-NL9B-1H9B-7FYK;75;245.0;8.5;Paris 9e Arrondissement;1891.0;;;;MEULIERE - PIERRE;ARDOISES - AUTRES;5.0;14.0;2077.0;Résidentiel collectif;Tertiaire;"[""DIRECTION DES SERVICES DEPARTEMENTAUX DE L EDUCATION NATIONA"", ""M LE PRINCIPAL DU COLLEGE LAMARTINE""]"
0750673Z;SX82J5DE7XY5;Lycée général Colbert;075;lycée;LYCEE D ENSEIGNEMENT GENERAL;Paris 10e  Arrondissement;1965-05-01;bdnb-bc-VJ14-L84P-PN36;bdnb-bg-176A-JM3P-54X9;75;3965.0;14.9;Paris 10e Arrondissement;;;;;INDETERMINE;INDETERMINE;3.0;15.0;3965.0;Résidentiel collectif;Tertiaire;"[""DIRECTION DES SERVICES DEPARTEMENTAUX DE L EDUCATION NATIONA"", ""LYCEE GENERAL COLBERT""]"
0750676C;PKTEGSJY8EJF;Lycée polyvalent Caroline Dorian;075;lycée;LYCEE POLYVALENT;Paris 11e  Arrondissement;1965-05-01;bdnb-bc-5LUS-T2T5-CR66;bdnb-bg-HLJF-WFH9-BQB8;75;1604.0;17.0;Paris 11e Arrondissement;1850.0;;;;INDETERMINE;INDETERMINE;7.0;15.0;3547.0;Résidentiel collectif;Tertiaire;"[""REGION ILE DE FRANCE""]"
0750679F;EVNZVXM52TSG;Lycée général et technologique Paul Valéry;075;lycée;LYCEE ENSEIGNT GENERAL ET TECHNOLOGIQUE;Paris 12e  Arrondissement;1965-05-01;bdnb-bc-GMC1-Z8RW-DRPH;bdnb-bg-FMCF-FYV7-2J6F;75;2592.0;14.4;Paris 12e Arrondissement;;;;;INDETERMINE;INDETERMINE;8.0;7.0;4502.0;Résidentiel collectif;Tertiaire;"[""REGION ILE DE FRANCE"", ""REGIE AUTONOME DES TRANSPORTS PARISIENS""]"
0750679F;EVNZVXM52TSG;Lycée général et technologique Paul Valéry;075;lycée;LYCEE ENSEIGNT GENERAL ET TECHNOLOGIQUE;Paris 12e  Arrondissement;1965-05-01;bdnb-bc-HTEA-HWBS-D81S;bdnb-bg-FMCF-FYV7-2J6F;75;1023.0;5.7;Paris 12e Arrondissement;;;;;INDETERMINE;INDETERMINE;8.0;7.0;4502.0;Résidentiel collectif;Tertiaire;"[""REGION ILE DE FRANCE"", ""REGIE AUTONOME DES TRANSPORTS PARISIENS""]"
0750679F;EVNZVXM52TSG;Lycée général et technologique Paul Valéry;075;lycée;LYCEE ENSEIGNT GENERAL ET TECHNOLOGIQUE;Paris 12e  Arrondissement;1965-05-01;bdnb-bc-S2GF-6Q1Z-FSHV;bdnb-bg-FMCF-FYV7-2J6F;75;508.0;6.9;Paris 12e Arrondissement;;;;;INDETERMINE;INDETERMINE;8.0;7.0;4502.0;Résidentiel collectif;Tertiaire;"[""REGION ILE DE FRANCE"", ""REGIE AUTONOME DES TRANSPORTS PARISIENS""]"
0750679F;EVNZVXM52TSG;Lycée général et technologique Paul Valéry;075;lycée;LYCEE ENSEIGNT GENERAL ET TECHNOLOGIQUE;Paris 12e  Arrondissement;1965-05-01;bdnb-bc-U7UY-7H53-2MQP;bdnb-bg-FMCF-FYV7-2J6F;75;97.0;2.8;Paris 12e Arrondissement;;;;;INDETERMINE;INDETERMINE;8.0;7.0;4502.0;Résidentiel collectif;Tertiaire;"[""REGION ILE DE FRANCE"", ""REGIE AUTONOME DES TRANSPORTS PARISIENS""]"
0750680G;R14NA6ZT6CS3;Lycée général et technologique Arago;075;lycée;LYCEE ENSEIGNT GENERAL ET TECHNOLOGIQUE;Paris 12e  Arrondissement;1965-05-01;bdnb-bc-Q97H-HR1L-WFCJ;bdnb-bg-9ZZC-US74-1DVJ;75;2629.0;9.8;Paris 12e Arrondissement;;;;;INDETERMINE;INDETERMINE;4.0;10.0;2629.0;Tertiaire & Autres;Tertiaire;"[""VILLE DE PARIS"", ""ENEDIS""]"
0750684L;8FCQQ42HZ1K5;Lycée général et technologique Gabriel Fauré;075;lycée;LYCEE ENSEIGNT GENERAL ET TECHNOLOGIQUE;Paris 13e  Arrondissement;1965-05-01;bdnb-bc-2DEB-FKHA-BUPX;bdnb-bg-MAL3-3TSH-7ZU3;75;2737.0;20.7;Paris 13e Arrondissement;2021.0;;;;BETON;BETON;7.0;13.0;6204.0;Résidentiel collectif;Tertiaire;"[""MOBILIER NATIONAL-MANUFACTURES NATIONALES GOBELINS  BEAUVAIS"", ""ETAT PAR DIRECTION DE L IMMOBILIER DE L ETAT""]"
0750684L;K97S6X7RZKZ3;Lycée général et technologique Gabriel Fauré;075;lycée;LYCEE ENSEIGNT GENERAL ET TECHNOLOGIQUE;Paris 13e  Arrondissement;1965-05-01;;;;;;;;;;;;;;;;;;
0750686N;KSKWS7XDD4VP;Ecole Estienne Ecole supérieure des Arts et Industries Graphiques;075;lycée;LYCEE D ENSEIGNEMENT TECHNOLOGIQUE;Paris 13e  Arrondissement;1965-05-01;bdnb-bc-LVCV-HRBU-CSUT;bdnb-bg-JKXW-PA1B-3ZQ3;75;6343.0;13.8;Paris 13e Arrondissement;1914.0;;;D;BRIQUES - PIERRE;TUILES;3.0;9.0;15039.0;Tertiaire & Autres;Tertiaire;"[""VILLE DE PARIS""]"
0750690T;6PFAYKH83SFK;Lycée Polyvalent François Villon;075;lycée;LYCEE POLYVALENT;Paris 14e  Arrondissement;1965-05-01;bdnb-bc-WRQ3-U1ZP-BGJA;bdnb-bg-8ECH-KFBN-P4L6;75;5026.0;20.0;Paris 14e Arrondissement;1963.0;;;D;BETON;BETON;11.0;17.0;7664.0;Résidentiel collectif;Tertiaire;"[""LYCEE GENERAL ET TECHNOLOGIQUE F VILLON""]"
0750697A;BDRCJRNV1MMY;Lycée polyvalent Bâtiment-Saint-Lambert;075;lycée;LYCEE POLYVALENT;Paris 19e  Arrondissement;1965-05-01;bdnb-bc-TFCM-CG9G-V5PB;bdnb-bg-LAYE-6QB6-U9G3;75;1928.0;11.4;Paris 19e Arrondissement;1993.0;;;;INDETERMINE;INDETERMINE;5.0;17.0;2433.0;Résidentiel collectif;Tertiaire;"[""REGION ILE DE FRANCE""]"
0750703G;P8KDBT3ZTJ7A;Lycée général Molière;075;lycée;LYCEE D ENSEIGNEMENT GENERAL;Paris 16e  Arrondissement;1965-05-01;bdnb-bc-J7R8-X584-X142;bdnb-bg-3WZ4-N1ZE-DML1;75;4291.0;20.9;Paris 16e Arrondissement;1888.0;;;;BRIQUES - PIERRE;ARDOISES;3.0;12.0;4833.0;Résidentiel collectif;Tertiaire;"[""MINISTERE DE L'EDUCATION NATIONALE  DE L'ENSEIGNEMENT SUPERI"", ""LYCEE GENERAL MOLIERE""]"
0750776L;6GDH9K32VY9D;Lycée professionnel Marie Laurencin - Lycée des métiers éco-responsables de la mode et du commerce;075;lycée;LYCEE PROFESSIONNEL;Paris 10e  Arrondissement;1965-05-01;bdnb-bc-23BP-57Z2-DJJP;bdnb-bg-9KAZ-YU1C-XG2E;75;563.0;20.8;Paris 10e Arrondissement;1960.0;;;;BRIQUES;BETON - ZINC ALUMINIUM;4.0;16.0;964.0;Résidentiel collectif;Tertiaire;"[""REGION ILE DE FRANCE""]"
0750776L;BAPKSXN8W7Z9;Lycée professionnel Marie Laurencin - Lycée des métiers éco-responsables de la mode et du commerce;075;lycée;LYCEE PROFESSIONNEL;Paris 10e  Arrondissement;1965-05-01;bdnb-bc-BU3E-2WJJ-4RF3;bdnb-bg-9KAZ-YU1C-XG2E;75;401.0;10.4;Paris 10e Arrondissement;1960.0;;;;BRIQUES;BETON - ZINC ALUMINIUM;4.0;16.0;964.0;Résidentiel collectif;Tertiaire;"[""REGION ILE DE FRANCE""]"
0752531U;VECGRJTYN6DA;Collège Lavoisier;075;collège;COLLEGE;Paris  5e  Arrondissement;1977-03-11;bdnb-bc-B7F5-9VM9-G3AP;bdnb-bg-S4FH-75WP-EJHW;75;1520.0;15.2;Paris 5e Arrondissement;2021.0;1960.0;E;;INDETERMINE;INDETERMINE;4.0;9.0;2239.0;Tertiaire & Autres;Tertiaire;"[""MINISTERE DE L'EDUCATION NATIONALE  DE L'ENSEIGNEMENT SUPERI"", ""ETAT PAR DIRECTION DE L IMMOBILIER DE L ETAT""]"
0752534X;1CF773DF4VYE;Collège Lamartine;075;collège;COLLEGE;Paris  9e  Arrondissement;1977-03-11;bdnb-bc-T4ZE-VSSP-KA8Q;bdnb-bg-NL9B-1H9B-7FYK;75;1832.0;19.8;Paris 9e Arrondissement;1891.0;;;;MEULIERE - PIERRE;ARDOISES - AUTRES;5.0;14.0;2077.0;Résidentiel collectif;Tertiaire;"[""DIRECTION DES SERVICES DEPARTEMENTAUX DE L EDUCATION NATIONA"", ""M LE PRINCIPAL DU COLLEGE LAMARTINE""]"
0752550P;V5C2YQP9DZBC;Collège Jean de La Fontaine;075;collège;COLLEGE;Paris 16e  Arrondissement;1977-03-11;bdnb-bc-YKZ3-S752-LNH4;bdnb-bg-PUQP-MLYU-8BE6;75;2743.0;27.9;Paris 16e Arrondissement;1937.0;;;;BETON;BETON;7.0;17.0;3527.0;Tertiaire & Autres;Tertiaire;"[""MINISTERE DE L'EDUCATION NATIONALE  DE L'ENSEIGNEMENT SUPERI"", ""LYCEE GENERAL ET TECHNOLOGIQUE JEAN DE LA FONTAINE"", ""ENEDIS"", ""ETAT PAR DIRECTION DE L IMMOBILIER DE L ETAT""]"
0752555V;YGD16ZPMFDD4;Collège Henri Bergson;075;collège;COLLEGE;Paris 19e  Arrondissement;1977-03-11;bdnb-bc-WK9B-5WGX-5UBL;bdnb-bg-Q3CJ-G7QN-NQKP;75;4067.0;14.6;Paris 19e Arrondissement;1967.0;1974.0;;;BRIQUES;BETON;7.0;15.0;4202.0;Résidentiel collectif;Tertiaire;"[""REGION ILE DE FRANCE"", ""ETAT PAR DIRECTION DE L IMMOBILIER DE L ETAT""]"
0752555V;SRFK8WHZM43Q;Collège Henri Bergson;075;collège;COLLEGE;Paris 19e  Arrondissement;1977-03-11;bdnb-bc-1CWJ-8E8W-XNKG;bdnb-bg-Q3CJ-G7QN-NQKP;75;97.0;5.0;Paris 19e Arrondissement;1967.0;1974.0;;;BRIQUES;BETON;7.0;15.0;4202.0;Résidentiel collectif;Tertiaire;"[""REGION ILE DE FRANCE"", ""ETAT PAR DIRECTION DE L IMMOBILIER DE L ETAT""]"
0752557X;PM9BVG22636J;Collège Maurice Ravel;075;collège;COLLEGE;Paris 20e  Arrondissement;1977-03-11;bdnb-bc-2HK1-5FMD-2FQ8;bdnb-bg-BADB-VELT-GLJX;75;432.0;6.2;Paris 20e Arrondissement;;;E;;BETON - PIERRE;BETON;8.0;11.0;4421.0;Tertiaire & Autres;Tertiaire;"[""REGION ILE DE FRANCE"", ""REGIE AUTONOME DES TRANSPORTS PARISIENS""]"
0752566G;C12Z7BXS6F5H;E.M.PU CHATEAU DES RENTIERS G 103 rue du Château des Rentiers;075;école;ECOLE MATERNELLE;Paris 13e  Arrondissement;1977-06-09;bdnb-bc-RUNK-T85Y-JKJ1;bdnb-bg-62W8-VKM7-9VXD;75;871.0;7.7;Paris 13e Arrondissement;;;;;INDETERMINE;INDETERMINE;2.0;8.0;871.0;Résidentiel collectif;Tertiaire;"[""VILLE DE PARIS""]"
0752606A;RRSMYVFKCE2F;Collège Georges Méliès;075;collège;COLLEGE;Paris 19e  Arrondissement;1978-09-01;bdnb-bc-MNSF-VH4K-JPSX;bdnb-bg-CUY8-QY9K-24ZL;75;1954.0;10.9;Paris 19e Arrondissement;2023.0;1948.0;C;;INDETERMINE;INDETERMINE;5.0;10.0;4991.0;Tertiaire & Autres;Tertiaire;"[""VILLE DE PARIS""]"
0752622T;6D7MFCDJYBMZ;E.M.PU BRILLAT SAVARIN 87 rue Brillat Savarin;075;école;ECOLE MATERNELLE;Paris 13e  Arrondissement;1978-01-30;bdnb-bc-J6QY-XDGL-8WSY;bdnb-bg-YF5X-7NDS-79FW;75;777.0;4.5;Paris 13e Arrondissement;2017.0;2007.0;C;;INDETERMINE;INDETERMINE;3.0;6.0;2066.0;Tertiaire & Autres;Tertiaire;"[""VILLE DE PARIS""]"
0752623U;28B52RHNC129;E.M.PU LONGUES RAIES 29 rue des Longues Raies;075;école;ECOLE MATERNELLE;Paris 13e  Arrondissement;1978-09-01;bdnb-bc-GNR6-7MN6-ABPJ;bdnb-bg-X52W-E552-TRTA;75;600.0;6.1;Paris 13e Arrondissement;1978.0;;;;INDETERMINE;INDETERMINE;3.0;6.0;1702.0;Tertiaire & Autres;Tertiaire;"[""VILLE DE PARIS""]"
0752623U;TA3WXSD12VX9;E.M.PU LONGUES RAIES 29 rue des Longues Raies;075;école;ECOLE MATERNELLE;Paris 13e  Arrondissement;1978-09-01;bdnb-bc-9TQN-WV4C-EH7Z;bdnb-bg-X52W-E552-TRTA;75;1102.0;4.9;Paris 13e Arrondissement;1978.0;;;;INDETERMINE;INDETERMINE;3.0;6.0;1702.0;Tertiaire & Autres;Tertiaire;"[""VILLE DE PARIS""]"
0752636H;G571GEEAWC4H;E.E.A.PU BLANCHE H 9 rue Blanche;075;école;ECOLE ELEMENTAIRE D APPLICATION;Paris  9e  Arrondissement;1978-09-01;bdnb-bc-LUM9-S9ED-N8WF;bdnb-bg-VVZY-44NC-UZAF;75;3335.0;19.6;Paris 9e Arrondissement;1980.0;;;D;BETON;ZINC ALUMINIUM;7.0;20.0;3335.0;Tertiaire & Autres;Tertiaire;"[""VILLE DE PARIS"", ""CENTRE D'ACTION SOCIALE DE LA VILLE DE PARIS"", ""DE L'HOTEL DROUOT"", ""BNP PARIBAS"", ""INTERPARKING FRANCE"", ""SCI DROUOT GRANGE BATELIERE""]"
0752642P;96REFNK7H6EW;E.E.A.PU BESSIERES P 92 boulevard Bessières;075;école;ECOLE ELEMENTAIRE D APPLICATION;Paris 17e  Arrondissement;1978-09-01;bdnb-bc-858R-BXXA-F37K;bdnb-bg-ST3H-CEDL-7K92;75;131.0;9.9;Paris 17e Arrondissement;1938.0;;;;BRIQUES;BETON;3.0;8.0;163.0;Tertiaire & Autres;Tertiaire;"[""VILLE DE PARIS""]"
0752642P;BVMMQXCG5TD6;E.E.A.PU BESSIERES P 92 boulevard Bessières;075;école;ECOLE ELEMENTAIRE D APPLICATION;Paris 17e  Arrondissement;1978-09-01;bdnb-bc-7TD6-3LYR-4BWP;bdnb-bg-ST3H-CEDL-7K92;75;32.0;6.8;Paris 17e Arrondissement;1938.0;;;;BRIQUES;BETON;3.0;8.0;163.0;Tertiaire & Autres;Tertiaire;"[""VILLE DE PARIS""]"
0752643R;P3AZ8PTY3FJZ;E.E.PU MANIN EB 30 rue Manin;075;école;ECOLE DE NIVEAU ELEMENTAIRE;Paris 19e  Arrondissement;1978-09-01;bdnb-bc-DK2E-DLBQ-P2Z8;bdnb-bg-44QK-M61Y-KF5M;75;394.0;11.7;Paris 19e Arrondissement;2023.0;;;;INDETERMINE;INDETERMINE;1.0;12.0;394.0;Tertiaire & Autres;Tertiaire;"[""VILLE DE PARIS""]"
0752766Z;DTGWKX3XTM59;E.M.PU FESSART Z 36 rue Fessart;075;école;ECOLE MATERNELLE;Paris 19e  Arrondissement;1979-09-01;bdnb-bc-3R6C-DAB1-DQJF;bdnb-bg-J7EL-389E-UH88;75;542.0;6.6;Paris 19e Arrondissement;2023.0;;;;INDETERMINE;INDETERMINE;8.0;14.0;1321.0;Tertiaire & Autres;Tertiaire;"[""VILLE DE PARIS""]"
0752774H;DE4R2JDKMKNN;E.M.PU CONSTANTIN PECQUEUR 1 place Constantin Pecqueur;075;école;ECOLE MATERNELLE;Paris 18e  Arrondissement;1979-09-01;bdnb-bc-XDCE-CKGW-2524;bdnb-bg-PX1Y-8JM1-EUFT;75;449.0;17.0;Paris 18e Arrondissement;2023.0;;;;INDETERMINE;INDETERMINE;4.0;9.0;629.0;Tertiaire & Autres;Tertiaire;"[""VILLE DE PARIS""]"
0752774H;RB9BCMV9W5DD;E.M.PU CONSTANTIN PECQUEUR 1 place Constantin Pecqueur;075;école;ECOLE MATERNELLE;Paris 18e  Arrondissement;1979-09-01;bdnb-bc-3SKC-ZTU4-Z6X1;bdnb-bg-PX1Y-8JM1-EUFT;75;157.0;0.8;Paris 18e Arrondissement;2023.0;;;;INDETERMINE;INDETERMINE;4.0;9.0;629.0;Tertiaire & Autres;Tertiaire;"[""VILLE DE PARIS""]"
0752774H;HPX623WEZ2MC;E.M.PU CONSTANTIN PECQUEUR 1 place Constantin Pecqueur;075;école;ECOLE MATERNELLE;Paris 18e  Arrondissement;1979-09-01;bdnb-bc-B4WJ-WS79-2H5D;bdnb-bg-PX1Y-8JM1-EUFT;75;24.0;3.0;Paris 18e Arrondissement;2023.0;;;;INDETERMINE;INDETERMINE;4.0;9.0;629.0;Tertiaire & Autres;Tertiaire;"[""VILLE DE PARIS""]"
0752799K;MBZN2RNEFTX4;Etablissement régional d'enseignement adapté Crocé Spinelli;075;lycée;ETAB REGIONAL/LYCEE ENSEIGNEMENT ADAPTE;Paris 14e  Arrondissement;1979-09-01;bdnb-bc-V7W5-GCYC-8L2C;bdnb-bg-3SLH-R3F9-8Y2V;75;1531.0;11.3;Paris 14e Arrondissement;1880.0;;;;BETON;ARDOISES;2.0;11.0;1531.0;Résidentiel individuel;Résidentiel individuel;"[""ASSISTANCE PUBLIQUE HOPITAUX DE PARIS"", ""SERVICE LOGEMENT DE L'AP-HP""]"
0752832W;T9H4CZ64GJS8;E.M.PU EMERIAU W 16 rue Emeriau;075;école;ECOLE MATERNELLE;Paris 15e  Arrondissement;1980-09-01;bdnb-bc-EWJY-1G5C-8HVV;bdnb-bg-M5U1-WW1B-N13P;75;2424.0;9.2;Paris 15e Arrondissement;2023.0;;;;INDETERMINE;INDETERMINE;1.0;9.0;2424.0;Tertiaire & Autres;Tertiaire;"[""VILLE DE PARIS""]"
0752841F;AQ4D2Q6QDMEV;E.P.PU POISSONNIERS 142 rue des Poissonniers;075;école;ECOLE DE NIVEAU ELEMENTAIRE;Paris 18e  Arrondissement;1980-09-01;bdnb-bc-LBGH-GN23-3ZGK;bdnb-bg-KGDH-BYVS-9N4D;75;30.0;8.5;Paris 18e Arrondissement;1995.0;;;;INDETERMINE;INDETERMINE;2.0;7.0;1837.0;Tertiaire & Autres;Tertiaire;"[""VILLE DE PARIS""]"
0752957G;A3CVAKHQCSKR;Collège Georges Braque;075;collège;COLLEGE;Paris 13e  Arrondissement;1981-09-01;bdnb-bc-BUQ7-WR5A-X4TP;bdnb-bg-YF5X-7NDS-79FW;75;1100.0;14.1;Paris 13e Arrondissement;2017.0;2007.0;C;;INDETERMINE;INDETERMINE;3.0;6.0;2066.0;Tertiaire & Autres;Tertiaire;"[""VILLE DE PARIS""]"
0752961L;9A88V63JM3GZ;Lycée professionnel Gustave Eiffel;075;lycée;LYCEE PROFESSIONNEL;Paris  7e  Arrondissement;1981-09-01;bdnb-bc-SEH3-33ZW-R7CK;bdnb-bg-2KN5-1TPK-8GKP;75;1279.0;14.9;Paris 7e Arrondissement;1887.0;;;;PIERRE;ZINC ALUMINIUM;3.0;11.0;2514.0;Résidentiel collectif;Tertiaire;"[""VILLE DE PARIS""]"
0752961L;4BSXCNTW7F5N;Lycée professionnel Gustave Eiffel;075;lycée;LYCEE PROFESSIONNEL;Paris  7e  Arrondissement;1981-09-01;bdnb-bc-XFJF-V55Q-JY2E;bdnb-bg-2KN5-1TPK-8GKP;75;89.0;7.0;Paris 7e Arrondissement;1887.0;;;;PIERRE;ZINC ALUMINIUM;3.0;11.0;2514.0;Résidentiel collectif;Tertiaire;"[""VILLE DE PARIS""]"
0752961L;31YMK93JM4FV;Lycée professionnel Gustave Eiffel;075;lycée;LYCEE PROFESSIONNEL;Paris  7e  Arrondissement;1981-09-01;bdnb-bc-BZB9-QHML-GKX1;bdnb-bg-2KN5-1TPK-8GKP;75;336.0;14.9;Paris 7e Arrondissement;1887.0;;;;PIERRE;ZINC ALUMINIUM;3.0;11.0;2514.0;Résidentiel collectif;Tertiaire;"[""VILLE DE PARIS""]"
0753048F;VQP8M7XP5JWH;E.M.PU BIENFAISANCE F 12 rue de la Bienfaisance;075;école;ECOLE MATERNELLE;Paris  8e  Arrondissement;1982-09-01;bdnb-bc-X6KS-S7LG-M4RY;bdnb-bg-HHT6-WWR8-FVCA;75;996.0;20.5;Paris 8e Arrondissement;1880.0;;;;BETON - PIERRE;TUILES;5.0;21.0;1138.0;Tertiaire & Autres;Tertiaire;"[""VILLE DE PARIS""]"
0753048F;YB6BJAB66MX3;E.M.PU BIENFAISANCE F 12 rue de la Bienfaisance;075;école;ECOLE MATERNELLE;Paris  8e  Arrondissement;1982-09-01;bdnb-bc-2WNQ-HRRX-K7KG;bdnb-bg-HHT6-WWR8-FVCA;75;142.0;5.0;Paris 8e Arrondissement;1880.0;;;;BETON - PIERRE;TUILES;5.0;21.0;1138.0;Tertiaire & Autres;Tertiaire;"[""VILLE DE PARIS""]"
0753051J;GVE739ND3X46;E.M.PU MAURICE RIPOCHE 55 rue Maurice Ripoche;075;école;ECOLE MATERNELLE;Paris 14e  Arrondissement;1982-09-01;bdnb-bc-51UN-B99D-DVS6;bdnb-bg-824Y-3CDL-2198;75;795.0;6.8;Paris 14e Arrondissement;1975.0;;;;BETON;AUTRES;4.0;7.0;795.0;Résidentiel collectif;Tertiaire;"[""VILLE DE PARIS""]"
0753125P;ZGT2KP58VNPB;E.E.PU IVRY EB 47 avenue d'Ivry;075;école;ECOLE DE NIVEAU ELEMENTAIRE;Paris 13e  Arrondissement;1983-09-01;bdnb-bc-YTW1-H4TG-R8RP;bdnb-bg-SZJA-CQ69-KE2S;75;254.0;2.2;Paris 13e Arrondissement;;;D;;BETON;ZINC ALUMINIUM;2.0;7.0;2487.0;Résidentiel collectif;Tertiaire;"[""VILLE DE PARIS""]"
0753125P;RZK3Q42S3PCQ;E.E.PU IVRY EB 47 avenue d'Ivry;075;école;ECOLE DE NIVEAU ELEMENTAIRE;Paris 13e  Arrondissement;1983-09-01;bdnb-bc-MV59-7YCT-1UHA;bdnb-bg-SZJA-CQ69-KE2S;75;1199.0;15.1;Paris 13e Arrondissement;;;D;;BETON;ZINC ALUMINIUM;2.0;7.0;2487.0;Résidentiel collectif;Tertiaire;"[""VILLE DE PARIS""]"
0753125P;JQF188K6PSCF;E.E.PU IVRY EB 47 avenue d'Ivry;075;école;ECOLE DE NIVEAU ELEMENTAIRE;Paris 13e  Arrondissement;1983-09-01;bdnb-bc-8V4X-ZLG6-P8DF;bdnb-bg-SZJA-CQ69-KE2S;75;203.0;4.7;Paris 13e Arrondissement;;;D;;BETON;ZINC ALUMINIUM;2.0;7.0;2487.0;Résidentiel collectif;Tertiaire;"[""VILLE DE PARIS""]"
0753125P;AN1Y8ZJ1EG9V;E.E.PU IVRY EB 47 avenue d'Ivry;075;école;ECOLE DE NIVEAU ELEMENTAIRE;Paris 13e  Arrondissement;1983-09-01;bdnb-bc-RLEL-24HK-ZX8S;bdnb-bg-SZJA-CQ69-KE2S;75;831.0;7.8;Paris 13e Arrondissement;;;D;;BETON;ZINC ALUMINIUM;2.0;7.0;2487.0;Résidentiel collectif;Tertiaire;"[""VILLE DE PARIS""]"
0753129U;V5TVTN92ST84;E.M.A.PU FONTARABIE 12 rue Fontarabie;075;école;ECOLE MATERNELLE D APPLICATION;Paris 20e  Arrondissement;1983-09-01;bdnb-bc-2US5-DV93-7CZ5;bdnb-bg-VVSX-BWU7-HBET;75;45.0;3.4;Paris 20e Arrondissement;1984.0;1983.0;C;;BETON - AUTRES;BETON - AUTRES;5.0;8.0;909.0;Résidentiel collectif;Tertiaire;"[""VILLE DE PARIS"", ""L HABITAT SOCIAL FRANCAIS""]"
0753194P;ZGS3GD2A3M4E;E.M.PU CHRISTINE DE PISAN 24 rue Christine de Pisan;075;école;ECOLE MATERNELLE;Paris 17e  Arrondissement;1984-09-01;bdnb-bc-UWQF-WXQM-XFHU;bdnb-bg-WXSE-NEQH-6H2W;75;1406.0;3.3;Paris 17e Arrondissement;2023.0;;;;INDETERMINE;INDETERMINE;1.0;17.0;5043.0;Tertiaire & Autres;Tertiaire;"[""PARIS HABITAT-OPH""]"
0753258J;C5ESYJY1BSMF;E.M.PU DE LA SAIDA OLIVIER DE SERRES J 20 rue de la Saïda;075;école;ECOLE MATERNELLE;Paris 15e  Arrondissement;1965-10-31;bdnb-bc-1JM6-KRJ3-EA82;bdnb-bg-9EMA-UCEP-YWEP;75;141.0;17.7;Paris 15e Arrondissement;2013.0;;;;BETON;BETON;5.0;10.0;3032.0;Tertiaire & Autres;Tertiaire;"[""VILLE DE PARIS""]"
0753258J;S56T7GN33X15;E.M.PU DE LA SAIDA OLIVIER DE SERRES J 20 rue de la Saïda;075;école;ECOLE MATERNELLE;Paris 15e  Arrondissement;1965-10-31;bdnb-bc-NEXH-K7XW-NNZL;bdnb-bg-9EMA-UCEP-YWEP;75;124.0;15.5;Paris 15e Arrondissement;2013.0;;;;BETON;BETON;5.0;10.0;3032.0;Tertiaire & Autres;Tertiaire;"[""VILLE DE PARIS""]"
0753258J;YEEG6JTS3TS2;E.M.PU DE LA SAIDA OLIVIER DE SERRES J 20 rue de la Saïda;075;école;ECOLE MATERNELLE;Paris 15e  Arrondissement;1965-10-31;bdnb-bc-84HR-U1DV-8974;bdnb-bg-9EMA-UCEP-YWEP;75;1712.0;12.8;Paris 15e Arrondissement;2013.0;;;;BETON;BETON;5.0;10.0;3032.0;Tertiaire & Autres;Tertiaire;"[""VILLE DE PARIS""]"
0753258J;1R7C5T7MSBVG;E.M.PU DE LA SAIDA OLIVIER DE SERRES J 20 rue de la Saïda;075;école;ECOLE MATERNELLE;Paris 15e  Arrondissement;1965-10-31;bdnb-bc-9YRV-G3Q1-N5RE;bdnb-bg-9EMA-UCEP-YWEP;75;115.0;4.9;Paris 15e Arrondissement;2013.0;;;;BETON;BETON;5.0;10.0;3032.0;Tertiaire & Autres;Tertiaire;"[""VILLE DE PARIS""]"
0753258J;TMS78T3SWE22;E.M.PU DE LA SAIDA OLIVIER DE SERRES J 20 rue de la Saïda;075;école;ECOLE MATERNELLE;Paris 15e  Arrondissement;1965-10-31;bdnb-bc-KTYQ-CEGM-5XNW;bdnb-bg-9EMA-UCEP-YWEP;75;162.0;4.8;Paris 15e Arrondissement;2013.0;;;;BETON;BETON;5.0;10.0;3032.0;Tertiaire & Autres;Tertiaire;"[""VILLE DE PARIS""]"
0753258J;EJZ4CQBBPH2H;E.M.PU DE LA SAIDA OLIVIER DE SERRES J 20 rue de la Saïda;075;école;ECOLE MATERNELLE;Paris 15e  Arrondissement;1965-10-31;bdnb-bc-1S1B-WT3E-HDM4;bdnb-bg-9EMA-UCEP-YWEP;75;778.0;1.3;Paris 15e Arrondissement;2013.0;;;;BETON;BETON;5.0;10.0;3032.0;Tertiaire & Autres;Tertiaire;"[""VILLE DE PARIS""]"
0753259K;TZZXF1ZMEN8D;E.M.PU FRANCOIS COPPEE K 10 rue François Coppée;075;école;ECOLE MATERNELLE;Paris 15e  Arrondissement;1965-10-31;bdnb-bc-S391-WEGC-T47J;bdnb-bg-J8HS-TT5E-5UU8;75;1694.0;5.5;Paris 15e Arrondissement;2023.0;;;;INDETERMINE;INDETERMINE;2.0;5.0;1807.0;Tertiaire & Autres;Tertiaire;"[""VILLE DE PARIS""]"
0753262N;3EZR9X6H49EZ;E.M.A.PU ERLANGER 58 rue Erlanger;075;école;ECOLE MATERNELLE D APPLICATION;Paris 16e  Arrondissement;1985-09-01;bdnb-bc-VGAG-YN56-DLNC;bdnb-bg-3RRT-ZNM8-LBA3;75;243.0;5.0;Paris 16e Arrondissement;1955.0;;;;BETON - BRIQUES;ARDOISES - ZINC ALUMINIUM;4.0;4.0;3011.0;Tertiaire & Autres;Tertiaire;"[""VILLE DE PARIS""]"
0753265S;KCQPFR32911K;E.M.PU REUNION 91 rue de la Réunion;075;école;ECOLE MATERNELLE;Paris 20e  Arrondissement;1985-09-01;bdnb-bc-2YFX-NCDB-PDZ2;bdnb-bg-4XJ5-555X-K9D9;75;957.0;19.3;Paris 20e Arrondissement;1985.0;1985.0;C;;BETON - AUTRES;BETON - AUTRES;9.0;19.0;2269.0;Résidentiel collectif;Tertiaire;"[""VILLE DE PARIS"", ""SEQENS SOCIETE ANONYME D'HABITATIONS A LOYER MODERE"", ""IN'LI""]"
0753336U;9W31BWKA1MPP;E.M.PU GUSTAVE DORE 3 rue Gustave Doré;075;école;ECOLE MATERNELLE;Paris 17e  Arrondissement;1986-09-01;bdnb-bc-8Y7U-ERQ7-7S1T;bdnb-bg-RZBM-ZJYQ-3VXR;75;862.0;7.9;Paris 17e Arrondissement;1986.0;;;;BETON;BETON;2.0;8.0;862.0;Tertiaire & Autres;Tertiaire;"[""VILLE DE PARIS""]"
0753350J;A7NCRBHCPPFB;Lycée professionnel Maria Deraismes;075;lycée;LYCEE PROFESSIONNEL;Paris 17e  Arrondissement;1986-09-01;bdnb-bc-TCC9-7LD3-SN18;bdnb-bg-JNM5-ZX76-B24F;75;287.0;4.5;Paris 17e Arrondissement;1900.0;;;;BETON - MEULIERE;TUILES;5.0;11.0;1612.0;Résidentiel collectif;Tertiaire;"[""VILLE DE PARIS""]"
0754253R;TGZSC16YP4M7;Collège Saint-Exupéry;075;collège;COLLEGE;Paris 14e  Arrondissement;1968-08-22;bdnb-bc-7G1L-B5K8-UTCK;bdnb-bg-679B-WMTQ-ZJHL;75;1283.0;14.6;Paris 14e Arrondissement;1882.0;;;;PIERRE;ARDOISES - TUILES;3.0;13.0;1522.0;Résidentiel collectif;Tertiaire;"[""VILLE DE PARIS""]"
0754305X;XHMN9RF3KQN6;Collège André Citroën;075;collège;COLLEGE;Paris 15e  Arrondissement;1989-09-01;bdnb-bc-N71F-1EQT-76SX;bdnb-bg-GXX3-3FQS-V9UW;75;52.0;5.0;Paris 15e Arrondissement;1991.0;;;;INDETERMINE;INDETERMINE;4.0;10.0;2911.0;Résidentiel collectif;Tertiaire;"[""VILLE DE PARIS""]"
0754305X;7W2D2DGZF9G6;Collège André Citroën;075;collège;COLLEGE;Paris 15e  Arrondissement;1989-09-01;bdnb-bc-7S68-JLTE-Y277;bdnb-bg-GXX3-3FQS-V9UW;75;881.0;10.8;Paris 15e Arrondissement;1991.0;;;;INDETERMINE;INDETERMINE;4.0;10.0;2911.0;Résidentiel collectif;Tertiaire;"[""VILLE DE PARIS""]"
0754309B;J29KW9AN38VE;E.M.PU MAROC 34 rue du Maroc;075;école;ECOLE MATERNELLE;Paris 19e  Arrondissement;1989-09-01;bdnb-bc-4JG1-LHLS-9L9S;bdnb-bg-DJ19-Z3Z2-VVND;75;756.0;7.8;Paris 19e Arrondissement;2023.0;;;;INDETERMINE;INDETERMINE;2.0;13.0;933.0;Tertiaire & Autres;Tertiaire;"[""VILLE DE PARIS""]"
0754309B;MDJY9JBSF931;E.M.PU MAROC 34 rue du Maroc;075;école;ECOLE MATERNELLE;Paris 19e  Arrondissement;1989-09-01;bdnb-bc-UECB-8J95-R9S4;bdnb-bg-DJ19-Z3Z2-VVND;75;109.0;18.3;Paris 19e Arrondissement;2023.0;;;;INDETERMINE;INDETERMINE;2.0;13.0;933.0;Tertiaire & Autres;Tertiaire;"[""VILLE DE PARIS""]"
0754309B;HVTR9WB65SQ9;E.M.PU MAROC 34 rue du Maroc;075;école;ECOLE MATERNELLE;Paris 19e  Arrondissement;1989-09-01;bdnb-bc-YVN1-2FK8-BQXD;bdnb-bg-DJ19-Z3Z2-VVND;75;61.0;18.5;Paris 19e Arrondissement;2023.0;;;;INDETERMINE;INDETERMINE;2.0;13.0;933.0;Tertiaire & Autres;Tertiaire;"[""VILLE DE PARIS""]"
0754528P;48NMPRMSRMG1;Collège Pilâtre de Rozier;075;collège;COLLEGE;Paris 11e  Arrondissement;1993-09-01;bdnb-bc-PQUC-2CRS-4DU6;bdnb-bg-5GXQ-G88R-MRE8;75;927.0;23.1;Paris 11e Arrondissement;1994.0;;;;INDETERMINE;INDETERMINE;4.0;17.0;998.0;Tertiaire & Autres;Tertiaire;"[""VILLE DE PARIS""]"
0754699A;MA1Q5X8EP9QB;E.M.PU LOUIS BLANC 49 rue Louis Blanc;075;école;ECOLE MATERNELLE;Paris 10e  Arrondissement;1994-09-01;bdnb-bc-6U1G-BNAL-N1C6;bdnb-bg-EZLM-G9NL-W8LE;75;915.0;26.6;Paris 10e Arrondissement;2023.0;;;;INDETERMINE;INDETERMINE;4.0;18.0;1167.0;Tertiaire & Autres;Tertiaire;"[""VILLE DE PARIS""]"
0754983J;P175VF883YMK;E.M.PU PAUL ABADIE 1 rue Paul Abadie;075;école;ECOLE MATERNELLE;Paris 18e  Arrondissement;2000-09-01;bdnb-bc-JYBD-148Z-FC1S;bdnb-bg-WGG7-AZUF-2TN8;75;123.0;5.0;Paris 18e Arrondissement;2000.0;1880.0;D;;PIERRE;TUILES;3.0;;123.0;Tertiaire & Autres;Tertiaire;"[""VILLE DE PARIS""]"
0754983J;P6P3NWAVHBWE;E.M.PU PAUL ABADIE 1 rue Paul Abadie;075;école;ECOLE MATERNELLE;Paris 18e  Arrondissement;2000-09-01;bdnb-bc-W2ZB-6VSU-H4RG;bdnb-bg-QSW5-NTCR-GJW6;75;648.0;5.0;Paris 18e Arrondissement;;;;F;;;;4.0;666.0;;Tertiaire;
0754984K;BKFNC3QST2Z5;E.M.PU SEPTIEME ART 2 cours du 7ème Art;075;école;ECOLE MATERNELLE;Paris 19e  Arrondissement;2001-09-01;bdnb-bc-87LM-EMMQ-T98U;bdnb-bg-Y3GK-L5UC-CXXV;75;834.0;10.2;Paris 19e Arrondissement;2023.0;;;;INDETERMINE;INDETERMINE;1.0;7.0;2064.0;Tertiaire & Autres;Tertiaire;"[""VILLE DE PARIS""]"
0755037T;32BAQ92R9ESF;E.P.PU HENRI NOGUERES 10 rue Henri Nogueres;075;école;ECOLE DE NIVEAU ELEMENTAIRE;Paris 19e  Arrondissement;2002-09-01;bdnb-bc-VE6T-LJ1Z-P9FZ;bdnb-bg-BH6X-2FFW-6H31;75;1268.0;13.1;Paris 19e Arrondissement;2023.0;;;;INDETERMINE;INDETERMINE;2.0;11.0;2181.0;Tertiaire & Autres;Tertiaire;"[""VILLE DE PARIS""]"
0755039V;F1XR98XWG5VY;E.P.PU MADELEINE PAULIAC - Ecole polyvalente 34 rue Buffault;075;école;ECOLE DE NIVEAU ELEMENTAIRE;Paris  9e  Arrondissement;2002-09-01;bdnb-bc-GAH6-JA2P-G8KV;bdnb-bg-Z55F-54PB-S45M;75;734.0;11.5;Paris 9e Arrondissement;2023.0;;;;INDETERMINE;INDETERMINE;1.0;12.0;734.0;Tertiaire & Autres;Tertiaire;"[""VILLE DE PARIS"", ""ENEDIS"", ""ERDF AGENCE COMPTABLE TULLE""]"
0755062V;NNW77ZMMBGA7;E.P.PU PRIMO LEVI 21 rue Primo Levi;075;école;ECOLE DE NIVEAU ELEMENTAIRE;Paris 13e  Arrondissement;2003-09-01;bdnb-bc-HRZD-YSLH-9VX7;bdnb-bg-45TJ-67P1-PQ57;75;691.0;13.3;Paris 13e Arrondissement;2003.0;2003.0;D;;INDETERMINE;INDETERMINE;9.0;17.0;1319.0;Résidentiel collectif;Tertiaire;"[""VILLE DE PARIS"", ""PARIS HABITAT-OPH"", ""SOC ETUDE MAITRISE OUVRAGE AMENAGEMENT PARISIENNE""]"
0755064X;PJYHG8AS6E3X;E.P.PU TOURELLES 9 rue des Tourelles;075;école;ECOLE DE NIVEAU ELEMENTAIRE;Paris 20e  Arrondissement;2003-09-01;bdnb-bc-G5CB-LSML-Z944;bdnb-bg-9KWJ-C7CJ-71PX;75;174.0;9.2;Paris 20e Arrondissement;2024.0;1920.0;;;INDETERMINE;INDETERMINE;2.0;10.0;1158.0;Tertiaire & Autres;Tertiaire;"[""VILLE DE PARIS""]"
0755095F;PCHXE51SQST6;Collège Edgar Varèse;075;collège;COLLEGE;Paris 19e  Arrondissement;2005-09-01;bdnb-bc-LFCW-PS7E-DVGY;bdnb-bg-LFND-S48D-JRJ8;75;1725.0;15.0;Paris 19e Arrondissement;2023.0;;;;INDETERMINE;INDETERMINE;5.0;15.0;1725.0;Tertiaire & Autres;Tertiaire;"[""VILLE DE PARIS""]"
0755103P;M91PEH4CYA19;E.P.PU PAJOL 11 rue Pajol;075;école;ECOLE DE NIVEAU ELEMENTAIRE;Paris 18e  Arrondissement;2004-09-01;bdnb-bc-NUXX-UYF1-CEK6;bdnb-bg-2Z8Z-GCVL-Y25P;75;116.0;12.0;Paris 18e Arrondissement;2004.0;;;;INDETERMINE;INDETERMINE;3.0;10.0;749.0;Tertiaire & Autres;Tertiaire;"[""VILLE DE PARIS""]"
0755103P;GTAF677ZBPYF;E.P.PU PAJOL 11 rue Pajol;075;école;ECOLE DE NIVEAU ELEMENTAIRE;Paris 18e  Arrondissement;2004-09-01;bdnb-bc-MSWE-R8YL-DWK6;bdnb-bg-2Z8Z-GCVL-Y25P;75;533.0;12.8;Paris 18e Arrondissement;2004.0;;;;INDETERMINE;INDETERMINE;3.0;10.0;749.0;Tertiaire & Autres;Tertiaire;"[""VILLE DE PARIS""]"
0755103P;3NVMZTTCN3AC;E.P.PU PAJOL 11 rue Pajol;075;école;ECOLE DE NIVEAU ELEMENTAIRE;Paris 18e  Arrondissement;2004-09-01;bdnb-bc-645R-Y4NH-8MNS;bdnb-bg-2Z8Z-GCVL-Y25P;75;100.0;4.6;Paris 18e Arrondissement;2004.0;;;;INDETERMINE;INDETERMINE;3.0;10.0;749.0;Tertiaire & Autres;Tertiaire;"[""VILLE DE PARIS""]"
0755433Y;GQXP115XSX32;Collège Aimé Césaire;075;collège;COLLEGE;Paris 18e  Arrondissement;2009-09-01;bdnb-bc-GAGF-FC6M-9Y61;bdnb-bg-ESY7-R53Z-T32E;75;2509.0;17.3;Paris 18e Arrondissement;;;;;;;;17.0;2509.0;;Tertiaire;
0755433Y;GQXP115XSX32;Collège Aimé Césaire;075;collège;COLLEGE;Paris 18e  Arrondissement;2009-09-01;bdnb-bc-NFM3-2JSV-Z4WG;bdnb-bg-VZEC-BQVX-AM3C;75;2237.0;17.3;Paris 18e Arrondissement;2010.0;;;C;INDETERMINE;INDETERMINE;3.0;17.0;2237.0;Tertiaire & Autres;Tertiaire;"[""VILLE DE PARIS""]"
0755590U;R4ATMWBP93D8;E.E.PU CLICHY 10 rue de Clichy;075;école;ECOLE DE NIVEAU ELEMENTAIRE;Paris  9e  Arrondissement;2011-03-01;bdnb-bc-JF2D-QRED-7LEQ;bdnb-bg-321U-VNL4-2ZTM;75;770.0;17.5;Paris 9e Arrondissement;1865.0;;;;INDETERMINE;ARDOISES - ZINC ALUMINIUM;5.0;18.0;770.0;Tertiaire & Autres;Tertiaire;"[""VILLE DE PARIS"", ""ENEDIS"", ""ERDF AGENCE COMPTABLE TULLE""]"
0755762F;W5F2V19ZPK1K;E.P.PU DOMBASLE 28 rue Dombasle;075;école;ECOLE DE NIVEAU ELEMENTAIRE;Paris 15e  Arrondissement;2014-09-01;bdnb-bc-FYFV-4L5N-DRSR;bdnb-bg-PAVU-Y7ZZ-6UWL;75;987.0;11.4;Paris 15e Arrondissement;1920.0;;;;BRIQUES;BETON;4.0;12.0;2216.0;Tertiaire & Autres;Tertiaire;"[""VILLE DE PARIS""]"
0755842T;322QPVBMPVZ2;E.P.PU Cesária Evora 141 boulevard MacDonald;075;école;ECOLE DE NIVEAU ELEMENTAIRE;Paris 19e  Arrondissement;2016-09-01;bdnb-bc-HRD7-HPEW-F3VB;bdnb-bg-PQYG-FM7Z-1F2X;75;5644.0;30.2;Paris 19e Arrondissement;2015.0;;C;B;INDETERMINE;INDETERMINE;7.0;22.0;34660.0;Résidentiel collectif;Résidentiel collectif;"[""VILLE DE PARIS"", ""SOC ECONOMIE MIXTE AMENAGEMENT"", ""PARIS HABITAT-OPH"", ""BIENCHILY"", ""SCI DE LA PLACE"", ""CDEP"", ""LISOJUEL"", ""SCI MARTIN DALEAU"", ""ELEMENT"", ""SCI ELYSEES 0326"", ""SCI DIONYSA"", ""SNC PARIS MACDONALD PROMOTION"", ""SNC MACDONALD COMMERCES"", ""CLV IMMO"", ""3 C"", ""FP PARIS 19"", ""REGIE IMMOBILIERE DE LA VILLE DE PARIS"", ""CDC HABITAT SOCIAL SOCIETE ANONYME D'HABITATIONS A LOYER MOD"", ""IMMOBILIERE 3F"", ""RLF - RESIDENCES LE LOGEMENT DES FONCTIONNAIRES  SOCIETE AN"", ""FONCIA PARIS RIVE DROITE"", ""IN'LI"", ""MY SYNDIC"", ""FONDATION D'AGUESSEAU"", ""FONDATION AMICIE LEBAUDY"", ""FEDERATION INTERCO CFDT"", ""SCI WELDINVEST"", ""UNG"", ""MEDICAL ROSA PARKS"", ""LE TESSERACT 2 0"", ""SCI PARIS 2L"", ""SCI MILLY"", ""COPROPRIETAIRES DU 74-80 RUE CESARIA EVORA"", ""ASSOCIATION SYNDICALE LIBRE DE L'ENSEMBLE IMMOBILIER MACDONA""]"
0750785W;K2HCVBQRT1X2;Lycée professionnel Galilée;075;lycée;LYCEE PROFESSIONNEL;Paris 13e  Arrondissement;1965-05-01;bdnb-bc-NTKA-PR14-KWXF;bdnb-bg-G692-WRXY-R7TY;75;2296.0;10.5;Paris 13e Arrondissement;1948.0;;;;MEULIERE;TUILES;5.0;11.0;2296.0;Résidentiel collectif;Tertiaire;"[""VILLE DE PARIS""]"
0750831W;F6C578H9T35K;E.E.PU BERTHIER 112 boulevard Berthier;075;école;ECOLE DE NIVEAU ELEMENTAIRE;Paris 17e  Arrondissement;1965-05-01;bdnb-bc-M6QS-KKUT-GNGG;bdnb-bg-ZUZK-2FT6-LASP;75;746.0;17.6;Paris 17e Arrondissement;1939.0;;E;;BETON - BRIQUES;BETON;4.0;11.0;943.0;Tertiaire & Autres;Tertiaire;"[""VILLE DE PARIS""]"
0750842H;93C6G83WZCCS;E.E.PU BRETONNEAU 9 rue Bretonneau;075;école;ECOLE DE NIVEAU ELEMENTAIRE;Paris 20e  Arrondissement;1965-05-01;bdnb-bc-H6HD-77QT-FY19;bdnb-bg-ABL5-RK81-RQUH;75;419.0;20.3;Paris 20e Arrondissement;2024.0;;;;INDETERMINE;INDETERMINE;4.0;14.0;2147.0;Tertiaire & Autres;Tertiaire;"[""VILLE DE PARIS""]"
0750847N;DS6PZ9NHPE7Y;E.E.PU CHAMPIONNET 7 rue Championnet;075;école;ECOLE DE NIVEAU ELEMENTAIRE;Paris 18e  Arrondissement;1965-05-01;bdnb-bc-SNFV-BC46-95D2;bdnb-bg-WDT5-3JRN-VL34;75;1364.0;17.6;Paris 18e Arrondissement;1890.0;;;;PIERRE;TUILES;4.0;10.0;1990.0;Tertiaire & Autres;Tertiaire;"[""VILLE DE PARIS""]"
0750853V;MBR85KV7DMKN;E.E.PU CHEMINETS 16 rue des Cheminets;075;école;ECOLE DE NIVEAU ELEMENTAIRE;Paris 19e  Arrondissement;1965-05-01;bdnb-bc-2V6L-LWJA-TRXB;bdnb-bg-7KCR-XKYE-FJUN;75;5229.0;5.9;Paris 19e Arrondissement;2023.0;;;;INDETERMINE;INDETERMINE;3.0;5.0;5311.0;Tertiaire & Autres;Tertiaire;"[""VILLE DE PARIS""]"
0750856Y;KYXVZG1VBBK7;E.E.PU CHOISY 103 avenue de Choisy;075;école;ECOLE DE NIVEAU ELEMENTAIRE;Paris 13e  Arrondissement;1965-05-01;bdnb-bc-BF7S-9FS4-RTKY;bdnb-bg-MXVB-3KG9-1ELR;75;141.0;15.2;Paris 13e Arrondissement;2017.0;;;;INDETERMINE;INDETERMINE;4.0;15.0;3861.0;Tertiaire & Autres;Tertiaire;"[""VILLE DE PARIS""]"
0750865H;JN8TSH9W6PXT;E.E.PU DAMREMONT EA 67 rue Damrémont;075;école;ECOLE DE NIVEAU ELEMENTAIRE;Paris 18e  Arrondissement;1965-05-01;bdnb-bc-3DTC-HLLE-N1DH;bdnb-bg-Q6EB-TGTZ-Z1XP;75;930.0;19.8;Paris 18e Arrondissement;2002.0;;;;PIERRE;TUILES;2.0;10.0;1951.0;Tertiaire & Autres;Tertiaire;"[""VILLE DE PARIS""]"
0750886F;4986QR25ZHXB;E.E.PU FLORENCE 4 rue de Florence;075;école;ECOLE DE NIVEAU ELEMENTAIRE;Paris  8e  Arrondissement;1965-05-01;bdnb-bc-E1JJ-LWSQ-WU7T;bdnb-bg-B7J2-KL6G-4CYT;75;283.0;18.5;Paris 8e Arrondissement;2022.0;;;;INDETERMINE;INDETERMINE;4.0;19.0;314.0;Tertiaire & Autres;Tertiaire;"[""VILLE DE PARIS""]"
0750886F;AV78NKN4MEGB;E.E.PU FLORENCE 4 rue de Florence;075;école;ECOLE DE NIVEAU ELEMENTAIRE;Paris  8e  Arrondissement;1965-05-01;bdnb-bc-44B1-EDPE-HBTT;bdnb-bg-B7J2-KL6G-4CYT;75;31.0;5.0;Paris 8e Arrondissement;2022.0;;;;INDETERMINE;INDETERMINE;4.0;19.0;314.0;Tertiaire & Autres;Tertiaire;"[""VILLE DE PARIS""]"
0750889J;J15KJ8CEHMZ4;E.E.PU FOYATIER 1 rue Foyatier;075;école;ECOLE DE NIVEAU ELEMENTAIRE;Paris 18e  Arrondissement;1965-05-01;bdnb-bc-FD43-KSRQ-CHHL;bdnb-bg-DTRR-NYBZ-5URC;75;555.0;21.7;Paris 18e Arrondissement;1882.0;;;;PIERRE;ZINC ALUMINIUM;2.0;22.0;555.0;Tertiaire & Autres;Tertiaire;"[""VILLE DE PARIS"", ""ENEDIS""]"
0750894P;KHTET9ETRV2W;E.E.PU MICHEL BIZOT 83 avenue du Général Bizot;075;école;ECOLE DE NIVEAU ELEMENTAIRE;Paris 12e  Arrondissement;1965-05-01;bdnb-bc-NC1U-EHSK-8QPE;bdnb-bg-HZJT-C8FU-VHK8;75;108.0;5.2;Paris 12e Arrondissement;1899.0;;;;BRIQUES;TUILES;3.0;11.0;1985.0;Résidentiel collectif;Tertiaire;"[""VILLE DE PARIS""]"
0750897T;QNJBG8NQB3BX;E.E.PU GUADELOUPE 2 rue de la Guadeloupe;075;école;ECOLE DE NIVEAU ELEMENTAIRE;Paris 18e  Arrondissement;1965-05-01;bdnb-bc-FVT8-K5CS-L9RV;bdnb-bg-S8GV-VZ35-JHS4;75;1320.0;16.2;Paris 18e Arrondissement;1864.0;;;;BRIQUES - PIERRE;TUILES;2.0;9.0;1737.0;Tertiaire & Autres;Tertiaire;"[""VILLE DE PARIS""]"
0750915M;M3W22J8A5NPF;E.E.PU KUSS EA 8 rue Kuss;075;école;ECOLE DE NIVEAU ELEMENTAIRE;Paris 13e  Arrondissement;1965-05-01;bdnb-bc-AKBT-C4FB-6WGW;bdnb-bg-75H8-RGH9-JUV8;75;890.0;9.4;Paris 13e Arrondissement;1940.0;;;;PIERRE;ARDOISES;4.0;13.0;1955.0;Résidentiel collectif;Tertiaire;"[""VILLE DE PARIS""]"
0750915M;EK1ME56SC8H4;E.E.PU KUSS EA 8 rue Kuss;075;école;ECOLE DE NIVEAU ELEMENTAIRE;Paris 13e  Arrondissement;1965-05-01;bdnb-bc-FPND-5FMW-FVN2;bdnb-bg-75H8-RGH9-JUV8;75;958.0;22.5;Paris 13e Arrondissement;1940.0;;;;PIERRE;ARDOISES;4.0;13.0;1955.0;Résidentiel collectif;Tertiaire;"[""VILLE DE PARIS""]"
0750915M;Y56KEW5NZE27;E.E.PU KUSS EA 8 rue Kuss;075;école;ECOLE DE NIVEAU ELEMENTAIRE;Paris 13e  Arrondissement;1965-05-01;bdnb-bc-GDSS-46GT-3PG2;bdnb-bg-75H8-RGH9-JUV8;75;107.0;5.8;Paris 13e Arrondissement;1940.0;;;;PIERRE;ARDOISES;4.0;13.0;1955.0;Résidentiel collectif;Tertiaire;"[""VILLE DE PARIS""]"
0750948Y;8W5YNQQC51HM;E.E.PU OLIVIER DE SERRES Y 27 rue Olivier de Serres;075;école;ECOLE DE NIVEAU ELEMENTAIRE;Paris 15e  Arrondissement;1965-05-01;bdnb-bc-XYAR-GKJM-GB6A;bdnb-bg-PAVU-Y7ZZ-6UWL;75;1229.0;12.9;Paris 15e Arrondissement;1920.0;;;;BRIQUES;BETON;4.0;12.0;2216.0;Tertiaire & Autres;Tertiaire;"[""VILLE DE PARIS""]"
0750961M;3RGYQ682Z56A;E.E.PU PIERRE BROSSOLETTE 2 rue Pierre Brossolette;075;école;ECOLE DE NIVEAU ELEMENTAIRE;Paris  5e  Arrondissement;1965-05-01;bdnb-bc-ZALA-L6TB-MHQJ;bdnb-bg-96N1-8X1H-1C87;75;665.0;7.9;Paris 5e Arrondissement;1924.0;;;;MEULIERE - PIERRE;TUILES;2.0;8.0;893.0;Résidentiel collectif;Tertiaire;"[""MINISTERE DE L'EDUCATION NATIONALE  DE L'ENSEIGNEMENT SUPERI"", ""INSTITUT CURIE""]"
0750961M;9XT73Z7XAYGN;E.E.PU PIERRE BROSSOLETTE 2 rue Pierre Brossolette;075;école;ECOLE DE NIVEAU ELEMENTAIRE;Paris  5e  Arrondissement;1965-05-01;bdnb-bc-Q1PZ-KNLT-ELEN;bdnb-bg-96N1-8X1H-1C87;75;228.0;8.0;Paris 5e Arrondissement;1924.0;;;;MEULIERE - PIERRE;TUILES;2.0;8.0;893.0;Résidentiel collectif;Tertiaire;"[""MINISTERE DE L'EDUCATION NATIONALE  DE L'ENSEIGNEMENT SUPERI"", ""INSTITUT CURIE""]"
0750964R;YM16KSBSF6EP;E.E.PU TANDOU 9 rue Tandou;075;école;ECOLE DE NIVEAU ELEMENTAIRE;Paris 19e  Arrondissement;1965-05-01;bdnb-bc-766M-F7FP-QT25;bdnb-bg-SDJQ-CCZJ-5VKQ;75;1047.0;11.3;Paris 19e Arrondissement;2023.0;;;;BETON;INDETERMINE;5.0;6.0;1997.0;Tertiaire & Autres;Tertiaire;"[""VILLE DE PARIS""]"
0750969W;ANWHNC59G32G;E.E.PU POMMARD 4 rue Pommard;075;école;ECOLE DE NIVEAU ELEMENTAIRE;Paris 12e  Arrondissement;1965-05-01;bdnb-bc-BJB2-SKUW-F9R9;bdnb-bg-Y7S8-MY9G-RVBD;75;870.0;18.2;Paris 12e Arrondissement;1883.0;;;;PIERRE;TUILES;4.0;9.0;1181.0;Résidentiel collectif;Tertiaire;"[""VILLE DE PARIS""]"
0750972Z;WH781YXM8AWM;E.E.PU POUCHET 42 rue Pouchet;075;école;ECOLE DE NIVEAU ELEMENTAIRE;Paris 17e  Arrondissement;1965-05-01;bdnb-bc-BT6S-YS9U-T26E;bdnb-bg-HCEL-ACU2-WL3J;75;792.0;13.8;Paris 17e Arrondissement;2023.0;;;;INDETERMINE;INDETERMINE;4.0;14.0;792.0;Tertiaire & Autres;Tertiaire;"[""VILLE DE PARIS"", ""ENEDIS""]"
0750991V;YCS2S2ZXHXRW;E.E.A.PU REPUBLIQUE A 98 avenue de la République;075;école;ECOLE ELEMENTAIRE D APPLICATION;Paris 11e  Arrondissement;1965-05-01;bdnb-bc-6AH6-Q7JW-92PQ;bdnb-bg-WUVQ-HV1Y-GLYH;75;150.0;5.5;Paris 11e Arrondissement;1950.0;1982.0;;;PIERRE;ARDOISES;3.0;9.0;3248.0;Tertiaire & Autres;Tertiaire;"[""VILLE DE PARIS""]"
0751002G;7KR7S2SK177M;E.P.PU ST MARTIN 211 rue Saint Martin;075;école;ECOLE DE NIVEAU ELEMENTAIRE;Paris  3e  Arrondissement;1965-05-01;bdnb-bc-7EPP-5UH5-9ZYR;bdnb-bg-ZSDB-KQTE-XSZ9;75;1082.0;29.6;Paris 3e Arrondissement;1996.0;;;;INDETERMINE;INDETERMINE;5.0;11.0;15684.0;Tertiaire & Autres;Tertiaire;"[""CONSERVATOIRE NATIONAL DES ARTS ET METIERS""]"
0751004J;BHVZCRY51KW6;E.E.PU ST MAUR J 200 rue Saint Maur;075;école;ECOLE DE NIVEAU ELEMENTAIRE;Paris 10e  Arrondissement;1965-05-01;bdnb-bc-ZYVF-8ESC-DPL9;bdnb-bg-59PS-K37A-BP2K;75;684.0;13.6;Paris 10e Arrondissement;1890.0;;;;MEULIERE - PIERRE;TUILES;4.0;10.0;931.0;Tertiaire & Autres;Tertiaire;"[""VILLE DE PARIS""]"
0751005K;GEVQMVVXTE82;E.E.PU RENARD 16 rue du Renard;075;école;ECOLE DE NIVEAU ELEMENTAIRE;Paris  4e  Arrondissement;1965-05-01;bdnb-bc-W6HU-BJ93-K7Z2;bdnb-bg-1X9U-JMGS-AKPN;75;694.0;15.9;Paris 4e Arrondissement;2023.0;;;;INDETERMINE;INDETERMINE;1.0;16.0;2491.0;Tertiaire & Autres;Tertiaire;"[""VILLE DE PARIS""]"
0751013U;Q97DQ4PGY1NQ;E.P.PU TRUFFAUT 15 rue Truffaut;075;école;ECOLE DE NIVEAU ELEMENTAIRE;Paris 17e  Arrondissement;1965-05-01;bdnb-bc-K4NM-PDRD-MBNR;bdnb-bg-REEB-QV5A-AETD;75;635.0;16.3;Paris 17e Arrondissement;1936.0;;;;BETON - BRIQUES;BETON;3.0;10.0;700.0;Tertiaire & Autres;Tertiaire;"[""VILLE DE PARIS""]"
0751067C;QX1SKEHKT4JN;E.E.PU CHABROL 41 rue de Chabrol;075;école;ECOLE DE NIVEAU ELEMENTAIRE;Paris 10e  Arrondissement;1965-05-01;bdnb-bc-FFGT-QYRT-KHA8;bdnb-bg-4VVG-YXEB-H7SL;75;1021.0;26.9;Paris 10e Arrondissement;1900.0;;;;BOIS - PIERRE;ZINC ALUMINIUM;4.0;15.0;1114.0;Tertiaire & Autres;Tertiaire;"[""VILLE DE PARIS""]"
0751072H;KWTPE7NAQY4N;E.P.PU CHARLES HERMITE 4 rue Charles Hermite;075;école;ECOLE DE NIVEAU ELEMENTAIRE;Paris 18e  Arrondissement;1965-05-01;bdnb-bc-U7PH-2FVJ-5NF9;bdnb-bg-Q4VH-4JFN-U7C9;75;498.0;21.2;Paris 18e Arrondissement;1950.0;;;;PIERRE;ARDOISES;4.0;9.0;4677.0;Tertiaire & Autres;Tertiaire;"[""VILLE DE PARIS""]"
0751086Y;JN8TSH9W6PXT;E.P.PU DAMREMONT EB 65 rue Damrémont;075;école;ECOLE DE NIVEAU ELEMENTAIRE;Paris 18e  Arrondissement;1965-05-01;bdnb-bc-3DTC-HLLE-N1DH;bdnb-bg-Q6EB-TGTZ-Z1XP;75;930.0;19.8;Paris 18e Arrondissement;2002.0;;;;PIERRE;TUILES;2.0;10.0;1951.0;Tertiaire & Autres;Tertiaire;"[""VILLE DE PARIS""]"
0751103S;AKCVNPZMZENW;E.E.PU FELIX FAURE 56 avenue Félix Faure;075;école;ECOLE DE NIVEAU ELEMENTAIRE;Paris 15e  Arrondissement;1965-05-01;bdnb-bc-DN17-PLHW-PXY7;bdnb-bg-D8LB-P7MX-497C;75;846.0;10.3;Paris 15e Arrondissement;2023.0;;;;BETON;BETON - ZINC ALUMINIUM;3.0;10.0;936.0;Tertiaire & Autres;Tertiaire;"[""VILLE DE PARIS""]"
0751103S;VHK99WMHXY5D;E.E.PU FELIX FAURE 56 avenue Félix Faure;075;école;ECOLE DE NIVEAU ELEMENTAIRE;Paris 15e  Arrondissement;1965-05-01;bdnb-bc-BJ4G-U1FR-NK2Z;bdnb-bg-D8LB-P7MX-497C;75;71.0;5.0;Paris 15e Arrondissement;2023.0;;;;BETON;BETON - ZINC ALUMINIUM;3.0;10.0;936.0;Tertiaire & Autres;Tertiaire;"[""VILLE DE PARIS""]"
0751106V;4V7T12TQFARV;E.E.PU FESSART 4 rue Fessart;075;école;ECOLE DE NIVEAU ELEMENTAIRE;Paris 19e  Arrondissement;1965-05-01;bdnb-bc-WKM3-WXEW-WPKK;bdnb-bg-NWNH-8SMS-JDSS;75;77.0;3.1;Paris 19e Arrondissement;2023.0;;;;INDETERMINE;INDETERMINE;3.0;9.0;1495.0;Tertiaire & Autres;Tertiaire;"[""VILLE DE PARIS""]"
0751107W;M64FGEZPNRBQ;E.M.PU FERNAND LABORI 19 rue Fernand Labori;075;école;ECOLE MATERNELLE;Paris 18e  Arrondissement;1965-05-01;bdnb-bc-3FE5-4MYR-SM1X;bdnb-bg-KW95-J1SF-6TRC;75;212.0;4.6;Paris 18e Arrondissement;1928.0;;G;C;BETON - BRIQUES;TUILES - ZINC ALUMINIUM;7.0;5.0;957.0;Résidentiel individuel;Tertiaire;"[""VILLE DE PARIS""]"
0751107W;ESCJZ4ZNHGW2;E.M.PU FERNAND LABORI 19 rue Fernand Labori;075;école;ECOLE MATERNELLE;Paris 18e  Arrondissement;1965-05-01;bdnb-bc-XSMX-PV26-YGZX;bdnb-bg-KW95-J1SF-6TRC;75;571.0;5.2;Paris 18e Arrondissement;1928.0;;G;C;BETON - BRIQUES;TUILES - ZINC ALUMINIUM;7.0;5.0;957.0;Résidentiel individuel;Tertiaire;"[""VILLE DE PARIS""]"
0751107W;MGGQBM3GTEEW;E.M.PU FERNAND LABORI 19 rue Fernand Labori;075;école;ECOLE MATERNELLE;Paris 18e  Arrondissement;1965-05-01;bdnb-bc-CPWV-WA2Q-HYQ6;bdnb-bg-KW95-J1SF-6TRC;75;31.0;4.8;Paris 18e Arrondissement;1928.0;;G;C;BETON - BRIQUES;TUILES - ZINC ALUMINIUM;7.0;5.0;957.0;Résidentiel individuel;Tertiaire;"[""VILLE DE PARIS""]"
0751107W;XFZMEJDQ235N;E.M.PU FERNAND LABORI 19 rue Fernand Labori;075;école;ECOLE MATERNELLE;Paris 18e  Arrondissement;1965-05-01;bdnb-bc-5FUZ-EWNE-KH2U;bdnb-bg-KW95-J1SF-6TRC;75;142.0;4.4;Paris 18e Arrondissement;1928.0;;G;C;BETON - BRIQUES;TUILES - ZINC ALUMINIUM;7.0;5.0;957.0;Résidentiel individuel;Tertiaire;"[""VILLE DE PARIS""]"
0751111A;A1H78DA4JER6;E.E.PU GAMBETTA 103 avenue Gambetta;075;école;ECOLE DE NIVEAU ELEMENTAIRE;Paris 20e  Arrondissement;1965-05-01;bdnb-bc-BVQ9-AVPS-6JYN;bdnb-bg-YXNY-P31L-1NMD;75;614.0;14.3;Paris 20e Arrondissement;1965.0;;;;BETON - MEULIERE;ZINC ALUMINIUM;5.0;10.0;831.0;Tertiaire & Autres;Tertiaire;"[""VILLE DE PARIS""]"
0751111A;5NJ6XK43NY58;E.E.PU GAMBETTA 103 avenue Gambetta;075;école;ECOLE DE NIVEAU ELEMENTAIRE;Paris 20e  Arrondissement;1965-05-01;bdnb-bc-NM3X-MBUA-EY5Q;bdnb-bg-YXNY-P31L-1NMD;75;217.0;6.5;Paris 20e Arrondissement;1965.0;;;;BETON - MEULIERE;ZINC ALUMINIUM;5.0;10.0;831.0;Tertiaire & Autres;Tertiaire;"[""VILLE DE PARIS""]"
0751112B;E3B7FRCKYXWB;E.E.PU GENERAL BRUNET 7 rue du Général Brunet;075;école;ECOLE DE NIVEAU ELEMENTAIRE;Paris 19e  Arrondissement;1965-05-01;bdnb-bc-EKPL-RJT3-MMLK;bdnb-bg-YZKH-SYTV-S5RT;75;1095.0;15.0;Paris 19e Arrondissement;2023.0;;;;INDETERMINE;INDETERMINE;5.0;9.0;1862.0;Tertiaire & Autres;Tertiaire;"[""VILLE DE PARIS""]"
0751117G;FX66H9RVPDXT;E.P.PU VOSGES-TOURNELLES 12 places des Vosges;075;école;ECOLE DE NIVEAU ELEMENTAIRE;Paris  4e  Arrondissement;1965-05-01;bdnb-bc-M7KH-8LSS-GP79;bdnb-bg-5FE9-XY87-YGYG;75;835.0;15.0;Paris 4e Arrondissement;2023.0;;;;AGGLOMERE - BETON;INDETERMINE;4.0;15.0;835.0;Tertiaire & Autres;Tertiaire;"[""VILLE DE PARIS""]"
0751118H;CX88RYNP84A5;E.E.PU BAUCHES H 10 rue des Bauches;075;école;ECOLE DE NIVEAU ELEMENTAIRE;Paris 16e  Arrondissement;1965-05-01;bdnb-bc-2BM9-H12F-NTWF;bdnb-bg-YSNU-A4DH-HTV7;75;362.0;22.8;Paris 16e Arrondissement;2023.0;;;;BRIQUES;INDETERMINE;6.0;12.0;880.0;Tertiaire & Autres;Tertiaire;"[""VILLE DE PARIS""]"
0751118H;TZX23VJ3GHN5;E.E.PU BAUCHES H 10 rue des Bauches;075;école;ECOLE DE NIVEAU ELEMENTAIRE;Paris 16e  Arrondissement;1965-05-01;bdnb-bc-HJ4J-R65R-68WV;bdnb-bg-YSNU-A4DH-HTV7;75;449.0;4.5;Paris 16e Arrondissement;2023.0;;;;BRIQUES;INDETERMINE;6.0;12.0;880.0;Tertiaire & Autres;Tertiaire;"[""VILLE DE PARIS""]"
0751118H;83RADE2S8WAX;E.E.PU BAUCHES H 10 rue des Bauches;075;école;ECOLE DE NIVEAU ELEMENTAIRE;Paris 16e  Arrondissement;1965-05-01;bdnb-bc-P4VU-MN51-8ZP4;bdnb-bg-YSNU-A4DH-HTV7;75;69.0;8.1;Paris 16e Arrondissement;2023.0;;;;BRIQUES;INDETERMINE;6.0;12.0;880.0;Tertiaire & Autres;Tertiaire;"[""VILLE DE PARIS""]"
0751126S;X9K7E1JWG4AS;E.E.PU JEANNE D'ARC EB 30 place Jeanne d'Arc;075;école;ECOLE DE NIVEAU ELEMENTAIRE;Paris 13e  Arrondissement;1965-05-01;bdnb-bc-LS5L-DCE1-4PNQ;bdnb-bg-9QT6-LXPU-R1VQ;75;91.0;5.9;Paris 13e Arrondissement;;;;;INDETERMINE;INDETERMINE;3.0;14.0;1921.0;Résidentiel collectif;Tertiaire;"[""VILLE DE PARIS""]"
0751126S;ZB7VFAMT1FYK;E.E.PU JEANNE D'ARC EB 30 place Jeanne d'Arc;075;école;ECOLE DE NIVEAU ELEMENTAIRE;Paris 13e  Arrondissement;1965-05-01;bdnb-bc-LG41-1RBH-QFLL;bdnb-bg-9QT6-LXPU-R1VQ;75;1210.0;11.1;Paris 13e Arrondissement;;;;;INDETERMINE;INDETERMINE;3.0;14.0;1921.0;Résidentiel collectif;Tertiaire;"[""VILLE DE PARIS""]"
0751126S;QJEWY9KD3QFY;E.E.PU JEANNE D'ARC EB 30 place Jeanne d'Arc;075;école;ECOLE DE NIVEAU ELEMENTAIRE;Paris 13e  Arrondissement;1965-05-01;bdnb-bc-W88M-28P8-112A;bdnb-bg-9QT6-LXPU-R1VQ;75;619.0;23.7;Paris 13e Arrondissement;;;;;INDETERMINE;INDETERMINE;3.0;14.0;1921.0;Résidentiel collectif;Tertiaire;"[""VILLE DE PARIS""]"
0751128U;7K1SVTD6ME2P;E.E.PU JENNER EB 46 rue Jenner;075;école;ECOLE DE NIVEAU ELEMENTAIRE;Paris 13e  Arrondissement;1965-05-01;bdnb-bc-6TKT-639X-1671;bdnb-bg-VAUR-YJSD-5A19;75;2081.0;14.8;Paris 13e Arrondissement;1900.0;;;;BETON;TUILES;4.0;9.0;2157.0;Tertiaire & Autres;Tertiaire;"[""ASSISTANCE PUBLIQUE HOPITAUX DE PARIS"", ""SERVICE LOGEMENT DE L'AP-HP""]"
0751135B;95SAPNZBKGE1;E.E.A.PU LA FONTAINE 41 bis rue la Fontaine;075;école;ECOLE ELEMENTAIRE D APPLICATION;Paris 16e  Arrondissement;1965-05-01;bdnb-bc-VAR7-GXEL-GW9W;bdnb-bg-WJDF-U7RK-WYU2;75;192.0;19.2;Paris 16e Arrondissement;1887.0;1948.0;;D;MEULIERE - PIERRE;ZINC ALUMINIUM;7.0;19.0;192.0;Résidentiel collectif;Résidentiel collectif;"[""PRESTIGERE"", ""VOLUBILIS"", ""SCI TREFLE INVEST""]"
0751139F;YWDAHX9BR6MT;E.P.PU LAS CASES 27 rue Las Cases;075;école;ECOLE DE NIVEAU ELEMENTAIRE;Paris  7e  Arrondissement;1965-05-01;bdnb-bc-TF68-LETP-FU4V;bdnb-bg-4RWY-GUPX-HGET;75;477.0;20.2;Paris 7e Arrondissement;1860.0;;;;MEULIERE;ARDOISES - ZINC ALUMINIUM;5.0;20.0;477.0;Résidentiel collectif;Tertiaire;"[""VILLE DE PARIS""]"
0751140G;EDAW4P6AAHAY;E.E.PU LESSEPS EB 9 rue de Lesseps;075;école;ECOLE DE NIVEAU ELEMENTAIRE;Paris 20e  Arrondissement;1965-05-01;bdnb-bc-5JYU-2EWX-XESD;bdnb-bg-JY11-4RJG-34ZT;75;968.0;17.9;Paris 20e Arrondissement;1900.0;;;;PIERRE;ARDOISES;4.0;20.0;1616.0;Tertiaire & Autres;Tertiaire;"[""VILLE DE PARIS""]"
0751143K;K9E9GWNZFFPV;E.E.PU LITTRE 6 rue Littré;075;école;ECOLE DE NIVEAU ELEMENTAIRE;Paris  6e  Arrondissement;1965-05-01;bdnb-bc-EG5U-3C88-96YC;bdnb-bg-HRF6-CKLK-8BLV;75;552.0;8.9;Paris 6e Arrondissement;1930.0;;;B;BRIQUES;TUILES;4.0;13.0;2616.0;Résidentiel collectif;Tertiaire;"[""VILLE DE PARIS""]"
0751143K;V1VSRYPAZPPP;E.E.PU LITTRE 6 rue Littré;075;école;ECOLE DE NIVEAU ELEMENTAIRE;Paris  6e  Arrondissement;1965-05-01;bdnb-bc-HVXK-CDY2-RWPY;bdnb-bg-HRF6-CKLK-8BLV;75;711.0;22.8;Paris 6e Arrondissement;1930.0;;;B;BRIQUES;TUILES;4.0;13.0;2616.0;Résidentiel collectif;Tertiaire;"[""VILLE DE PARIS""]"
0751143K;7N3AYMYVPXMY;E.E.PU LITTRE 6 rue Littré;075;école;ECOLE DE NIVEAU ELEMENTAIRE;Paris  6e  Arrondissement;1965-05-01;bdnb-bc-KSJ6-ZNW9-X25B;bdnb-bg-HRF6-CKLK-8BLV;75;674.0;13.9;Paris 6e Arrondissement;1930.0;;;B;BRIQUES;TUILES;4.0;13.0;2616.0;Résidentiel collectif;Tertiaire;"[""VILLE DE PARIS""]"
0751143K;MN5E6PTP5E62;E.E.PU LITTRE 6 rue Littré;075;école;ECOLE DE NIVEAU ELEMENTAIRE;Paris  6e  Arrondissement;1965-05-01;;;;;;;;;;;;;;;;;;
0751143K;DTR2MFXP7Y7A;E.E.PU LITTRE 6 rue Littré;075;école;ECOLE DE NIVEAU ELEMENTAIRE;Paris  6e  Arrondissement;1965-05-01;bdnb-bc-5UJC-H34Z-1BA7;bdnb-bg-HRF6-CKLK-8BLV;75;173.0;8.3;Paris 6e Arrondissement;1930.0;;;B;BRIQUES;TUILES;4.0;13.0;2616.0;Résidentiel collectif;Tertiaire;"[""VILLE DE PARIS""]"
0751143K;SHM73J8C44SD;E.E.PU LITTRE 6 rue Littré;075;école;ECOLE DE NIVEAU ELEMENTAIRE;Paris  6e  Arrondissement;1965-05-01;bdnb-bc-3A6Z-3CBS-4ZXW;bdnb-bg-HRF6-CKLK-8BLV;75;22.0;3.0;Paris 6e Arrondissement;1930.0;;;B;BRIQUES;TUILES;4.0;13.0;2616.0;Résidentiel collectif;Tertiaire;"[""VILLE DE PARIS""]"
0751156Z;NAABN5R2D1SS;E.E.A.PU MICHEL ANGE 51 rue Michel Ange;075;école;ECOLE ELEMENTAIRE D APPLICATION;Paris 16e  Arrondissement;1965-05-01;bdnb-bc-3HM9-ZXAG-BX55;bdnb-bg-VPW9-QL9H-HYUG;75;290.0;13.6;Paris 16e Arrondissement;2023.0;;;;INDETERMINE;INDETERMINE;2.0;7.0;888.0;Tertiaire & Autres;Tertiaire;"[""VILLE DE PARIS""]"
0751156Z;T9WXXFEFYE3T;E.E.A.PU MICHEL ANGE 51 rue Michel Ange;075;école;ECOLE ELEMENTAIRE D APPLICATION;Paris 16e  Arrondissement;1965-05-01;bdnb-bc-XH4C-B55A-DFJJ;bdnb-bg-VPW9-QL9H-HYUG;75;258.0;7.2;Paris 16e Arrondissement;2023.0;;;;INDETERMINE;INDETERMINE;2.0;7.0;888.0;Tertiaire & Autres;Tertiaire;"[""VILLE DE PARIS""]"
0751156Z;JEDCDYA5W7K5;E.E.A.PU MICHEL ANGE 51 rue Michel Ange;075;école;ECOLE ELEMENTAIRE D APPLICATION;Paris 16e  Arrondissement;1965-05-01;bdnb-bc-7TB4-W4WR-TM8F;bdnb-bg-VPW9-QL9H-HYUG;75;244.0;3.9;Paris 16e Arrondissement;2023.0;;;;INDETERMINE;INDETERMINE;2.0;7.0;888.0;Tertiaire & Autres;Tertiaire;"[""VILLE DE PARIS""]"
0751156Z;V68HPC8J2W7N;E.E.A.PU MICHEL ANGE 51 rue Michel Ange;075;école;ECOLE ELEMENTAIRE D APPLICATION;Paris 16e  Arrondissement;1965-05-01;bdnb-bc-DLF5-JBEB-UF13;bdnb-bg-VPW9-QL9H-HYUG;75;39.0;5.0;Paris 16e Arrondissement;2023.0;;;;INDETERMINE;INDETERMINE;2.0;7.0;888.0;Tertiaire & Autres;Tertiaire;"[""VILLE DE PARIS""]"
0751156Z;NHFZ235NZ2MD;E.E.A.PU MICHEL ANGE 51 rue Michel Ange;075;école;ECOLE ELEMENTAIRE D APPLICATION;Paris 16e  Arrondissement;1965-05-01;bdnb-bc-YVMP-6QKY-S4Z6;bdnb-bg-VPW9-QL9H-HYUG;75;57.0;2.8;Paris 16e Arrondissement;2023.0;;;;INDETERMINE;INDETERMINE;2.0;7.0;888.0;Tertiaire & Autres;Tertiaire;"[""VILLE DE PARIS""]"
0751165J;E3JE81RBWW2S;E.E.PU OLIVIER METRA EB 22 rue Olivier Métra;075;école;ECOLE DE NIVEAU ELEMENTAIRE;Paris 20e  Arrondissement;1965-05-01;bdnb-bc-8SA1-96NJ-7YTH;bdnb-bg-P87H-XEEG-KX6U;75;451.0;5.0;Paris 20e Arrondissement;2024.0;;;;INDETERMINE;INDETERMINE;2.0;15.0;1574.0;Tertiaire & Autres;Tertiaire;"[""VILLE DE PARIS""]"
0751171R;66JDXR5PCYCQ;E.E.PU ANNETTE ZAIDMAN - Ecole élémentaire 159 avenue Parmentier;075;école;ECOLE DE NIVEAU ELEMENTAIRE;Paris 10e  Arrondissement;1965-05-01;bdnb-bc-E7ZH-EWXF-9Q37;bdnb-bg-CPJ6-6DFL-9CSH;75;469.0;12.7;Paris 10e Arrondissement;1900.0;;;;INDETERMINE;INDETERMINE;4.0;13.0;1965.0;Tertiaire & Autres;Tertiaire;"[""VILLE DE PARIS""]"
0751171R;4PRDBZT3G3YV;E.E.PU ANNETTE ZAIDMAN - Ecole élémentaire 159 avenue Parmentier;075;école;ECOLE DE NIVEAU ELEMENTAIRE;Paris 10e  Arrondissement;1965-05-01;bdnb-bc-XVGH-ZM9L-4SGW;bdnb-bg-CPJ6-6DFL-9CSH;75;1425.0;12.7;Paris 10e Arrondissement;1900.0;;;;INDETERMINE;INDETERMINE;4.0;13.0;1965.0;Tertiaire & Autres;Tertiaire;"[""VILLE DE PARIS""]"
0751171R;BVY69EC6KTHQ;E.E.PU ANNETTE ZAIDMAN - Ecole élémentaire 159 avenue Parmentier;075;école;ECOLE DE NIVEAU ELEMENTAIRE;Paris 10e  Arrondissement;1965-05-01;bdnb-bc-47AA-8EQ6-8G68;bdnb-bg-CPJ6-6DFL-9CSH;75;71.0;12.7;Paris 10e Arrondissement;1900.0;;;;INDETERMINE;INDETERMINE;4.0;13.0;1965.0;Tertiaire & Autres;Tertiaire;"[""VILLE DE PARIS""]"
0751180A;KF4P4FK7R66C;E.E.PU PLANCHAT 54 rue Planchat;075;école;ECOLE DE NIVEAU ELEMENTAIRE;Paris 20e  Arrondissement;1965-05-01;bdnb-bc-ZRVK-8FRG-3MS3;bdnb-bg-M6GL-Y8XJ-USYT;75;1242.0;12.1;Paris 20e Arrondissement;2024.0;;;;INDETERMINE;INDETERMINE;1.0;12.0;1242.0;Tertiaire & Autres;Tertiaire;"[""VILLE DE PARIS""]"
0751183D;953TG9TPX9FS;E.P.PU CHARLES AZNAVOUR - Ecole Polyvalente 21 rue de Pontoise;075;école;ECOLE DE NIVEAU ELEMENTAIRE;Paris  5e  Arrondissement;1965-05-01;bdnb-bc-83EZ-6SSS-GLYP;bdnb-bg-ETGL-HHZ2-CRF7;75;1273.0;12.7;Paris 5e Arrondissement;1933.0;;;;INDETERMINE;INDETERMINE;3.0;9.0;1620.0;Tertiaire & Autres;Tertiaire;"[""VILLE DE PARIS""]"
0751198V;JRC5N3R7DR31;E.E.PU RIBLETTE EB 14 rue Riblette;075;école;ECOLE DE NIVEAU ELEMENTAIRE;Paris 20e  Arrondissement;1965-05-01;bdnb-bc-EHHW-84CC-HUMT;bdnb-bg-KZM2-DUYR-3UMK;75;2143.0;8.9;Paris 20e Arrondissement;2024.0;;;;INDETERMINE;INDETERMINE;3.0;6.0;2296.0;Tertiaire & Autres;Tertiaire;"[""VILLE DE PARIS""]"
0751203A;T9H4CZ64GJS8;E.E.PU EMERIAU 10 rue Emeriau;075;école;ECOLE DE NIVEAU ELEMENTAIRE;Paris 15e  Arrondissement;1965-05-01;bdnb-bc-EWJY-1G5C-8HVV;bdnb-bg-M5U1-WW1B-N13P;75;2424.0;9.2;Paris 15e Arrondissement;2023.0;;;;INDETERMINE;INDETERMINE;1.0;9.0;2424.0;Tertiaire & Autres;Tertiaire;"[""VILLE DE PARIS""]"
0751205C;1F3XRX88TSDN;E.E.PU SERVAN 29 rue Servan;075;école;ECOLE DE NIVEAU ELEMENTAIRE;Paris 11e  Arrondissement;1965-05-01;bdnb-bc-YAX6-J4WA-VHMW;bdnb-bg-94DK-HGFQ-KW4M;75;553.0;7.7;Paris 11e Arrondissement;1911.0;;;;BRIQUES;TUILES;3.0;12.0;1857.0;Tertiaire & Autres;Tertiaire;"[""VILLE DE PARIS""]"
0751215N;14KYM41Y7M56;E.E.PU ST LAMBERT EB 12 rue Saint Lambert;075;école;ECOLE DE NIVEAU ELEMENTAIRE;Paris 15e  Arrondissement;1965-05-01;bdnb-bc-SXWL-JJNN-JPLN;bdnb-bg-M2VC-MZ7M-V76X;75;2916.0;24.1;Paris 15e Arrondissement;1934.0;1933.0;E;;INDETERMINE;INDETERMINE;9.0;24.0;2916.0;Résidentiel collectif;Résidentiel collectif;"[""VILLE DE PARIS"", ""PARIS HABITAT-OPH"", ""ENEDIS""]"
0751223X;SS64S883379B;E.E.PU TLEMCEN 9 rue de Tlemcen;075;école;ECOLE DE NIVEAU ELEMENTAIRE;Paris 20e  Arrondissement;1965-05-01;bdnb-bc-RU37-6RM5-KG4P;bdnb-bg-4QLH-3RG7-CPCY;75;714.0;13.1;Paris 20e Arrondissement;2024.0;;;;INDETERMINE;INDETERMINE;3.0;11.0;2371.0;Tertiaire & Autres;Tertiaire;"[""VILLE DE PARIS""]"
0751223X;1RH62QV66NXB;E.E.PU TLEMCEN 9 rue de Tlemcen;075;école;ECOLE DE NIVEAU ELEMENTAIRE;Paris 20e  Arrondissement;1965-05-01;bdnb-bc-WHDS-NADH-TEEQ;bdnb-bg-4QLH-3RG7-CPCY;75;931.0;9.4;Paris 20e Arrondissement;2024.0;;;;INDETERMINE;INDETERMINE;3.0;11.0;2371.0;Tertiaire & Autres;Tertiaire;"[""VILLE DE PARIS""]"
0751251C;3A65SM28QNR5;E.M.PU AQUEDUC C 39 rue de l'Aqueduc;075;école;ECOLE MATERNELLE;Paris 10e  Arrondissement;1965-05-01;bdnb-bc-WSGM-LG8M-5JRD;bdnb-bg-QL8T-MWNV-4THM;75;1243.0;13.0;Paris 10e Arrondissement;2023.0;;;;BETON;INDETERMINE;4.0;15.0;2071.0;Tertiaire & Autres;Tertiaire;"[""VILLE DE PARIS""]"
0751251C;8SBACNBTATA7;E.M.PU AQUEDUC C 39 rue de l'Aqueduc;075;école;ECOLE MATERNELLE;Paris 10e  Arrondissement;1965-05-01;bdnb-bc-86DJ-BHT7-VMQK;bdnb-bg-QL8T-MWNV-4THM;75;171.0;9.7;Paris 10e Arrondissement;2023.0;;;;BETON;INDETERMINE;4.0;15.0;2071.0;Tertiaire & Autres;Tertiaire;"[""VILLE DE PARIS""]"
0751251C;GBFPCVY8EN55;E.M.PU AQUEDUC C 39 rue de l'Aqueduc;075;école;ECOLE MATERNELLE;Paris 10e  Arrondissement;1965-05-01;bdnb-bc-8QHY-SJ16-JJAQ;bdnb-bg-QL8T-MWNV-4THM;75;264.0;24.0;Paris 10e Arrondissement;2023.0;;;;BETON;INDETERMINE;4.0;15.0;2071.0;Tertiaire & Autres;Tertiaire;"[""VILLE DE PARIS""]"
0751251C;MSHBSF7TSVXV;E.M.PU AQUEDUC C 39 rue de l'Aqueduc;075;école;ECOLE MATERNELLE;Paris 10e  Arrondissement;1965-05-01;bdnb-bc-BRT2-1YTC-KDEJ;bdnb-bg-QL8T-MWNV-4THM;75;296.0;13.0;Paris 10e Arrondissement;2023.0;;;;BETON;INDETERMINE;4.0;15.0;2071.0;Tertiaire & Autres;Tertiaire;"[""VILLE DE PARIS""]"
0751251C;ZRXEHB4R25NZ;E.M.PU AQUEDUC C 39 rue de l'Aqueduc;075;école;ECOLE MATERNELLE;Paris 10e  Arrondissement;1965-05-01;bdnb-bc-73DQ-C56Q-QE4W;bdnb-bg-QL8T-MWNV-4THM;75;40.0;13.0;Paris 10e Arrondissement;2023.0;;;;BETON;INDETERMINE;4.0;15.0;2071.0;Tertiaire & Autres;Tertiaire;"[""VILLE DE PARIS""]"
0751251C;6EKCZSHEJ574;E.M.PU AQUEDUC C 39 rue de l'Aqueduc;075;école;ECOLE MATERNELLE;Paris 10e  Arrondissement;1965-05-01;bdnb-bc-BL24-M3C7-Q28Z;bdnb-bg-QL8T-MWNV-4THM;75;57.0;5.0;Paris 10e Arrondissement;2023.0;;;;BETON;INDETERMINE;4.0;15.0;2071.0;Tertiaire & Autres;Tertiaire;"[""VILLE DE PARIS""]"
0751273B;D9E2DRKJKFZQ;E.M.PU JACQUELINE MANICOM - Ecole maternelle 20 rue des Cendriers;075;école;ECOLE MATERNELLE;Paris 20e  Arrondissement;1965-05-01;bdnb-bc-M2FL-4GEP-C5HK;bdnb-bg-4QLH-3RG7-CPCY;75;634.0;9.9;Paris 20e Arrondissement;2024.0;;;;INDETERMINE;INDETERMINE;3.0;11.0;2371.0;Tertiaire & Autres;Tertiaire;"[""VILLE DE PARIS""]"
0751275D;8GPFFTCMP5TC;E.M.PU CHAMPIONNET D 72 rue Championnet;075;école;ECOLE MATERNELLE;Paris 18e  Arrondissement;1965-05-01;bdnb-bc-RK1F-CR4Q-ASPL;bdnb-bg-26WX-LKAP-T2X2;75;536.0;11.0;Paris 18e Arrondissement;1894.0;;;;BRIQUES - MEULIERE;TUILES;3.0;11.0;569.0;Tertiaire & Autres;Tertiaire;"[""VILLE DE PARIS""]"
0751276E;VCE21YKDTTY9;E.M.PU CHAPON 25 rue Chapon;075;école;ECOLE MATERNELLE;Paris  3e  Arrondissement;1965-05-01;bdnb-bc-Y3PG-A8CZ-BPZ5;bdnb-bg-NCB4-54QV-79AX;75;518.0;19.3;Paris 3e Arrondissement;2023.0;;;;INDETERMINE;INDETERMINE;4.0;19.0;518.0;Tertiaire & Autres;Tertiaire;"[""VILLE DE PARIS"", ""ENEDIS""]"
0751287S;NAT4BXJ774AK;E.M.PU DAUMESNIL S 253 bis avenue Daumesnil;075;école;ECOLE MATERNELLE;Paris 12e  Arrondissement;1965-05-01;bdnb-bc-SRL3-Y9HA-BKWL;bdnb-bg-HZJT-C8FU-VHK8;75;1619.0;19.8;Paris 12e Arrondissement;1899.0;;;;BRIQUES;TUILES;3.0;11.0;1985.0;Résidentiel collectif;Tertiaire;"[""VILLE DE PARIS""]"
0751297C;C67FWJBNJWAS;E.P.PU EBLE 14 rue Eblé;075;école;ECOLE DE NIVEAU ELEMENTAIRE;Paris  7e  Arrondissement;1965-05-01;bdnb-bc-2E29-Y5YT-SZCS;bdnb-bg-TD9Z-MN19-FLCA;75;616.0;18.7;Paris 7e Arrondissement;1895.0;;;;PIERRE;ZINC ALUMINIUM;4.0;14.0;1438.0;Résidentiel collectif;Tertiaire;"[""VILLE DE PARIS""]"
0751313V;9TYBGW8RE4D6;E.M.PU GRANDS CHAMPS 12 rue des Grands Champs;075;école;ECOLE MATERNELLE;Paris 20e  Arrondissement;1965-05-01;bdnb-bc-EDU1-PKCP-SLNA;bdnb-bg-Y31P-HPHU-WV4V;75;245.0;4.2;Paris 20e Arrondissement;1893.0;;;;PIERRE;TUILES;4.0;9.0;3139.0;Tertiaire & Autres;Tertiaire;"[""VILLE DE PARIS""]"
0751321D;TWVYVC7XZ1M9;E.M.PU JENNER D 46 rue Jenner;075;école;ECOLE MATERNELLE;Paris 13e  Arrondissement;1965-05-01;bdnb-bc-VSDH-J5ZN-NNGV;bdnb-bg-NHB3-GA3Y-E6QE;75;52.0;5.0;Paris 13e Arrondissement;2007.0;1948.0;D;F;PIERRE;TUILES;4.0;10.0;102884.0;Tertiaire & Autres;Tertiaire;"[""ASSISTANCE PUBLIQUE HOPITAUX DE PARIS"", ""CDC HABITAT SOCIAL SOCIETE ANONYME D'HABITATIONS A LOYER MOD"", ""GHU SORBONNE UNIVERSITE HOP SAINT ANTOINE BUREAU DES ACHATS""]"
0751339Y;AVGN3DH3781W;E.M.PU EUPATORIA 15 rue d'Eupatoria;075;école;ECOLE MATERNELLE;Paris 20e  Arrondissement;1965-05-01;bdnb-bc-1S34-79V4-TYV8;bdnb-bg-YJAK-NGQ2-MDEV;75;977.0;7.3;Paris 20e Arrondissement;2024.0;;;;INDETERMINE;INDETERMINE;5.0;7.0;1096.0;Tertiaire & Autres;Tertiaire;"[""VILLE DE PARIS""]"
0751344D;AK15TT9BWHC3;E.M.PU MENILMONTANT 10 rue de Ménilmontant;075;école;ECOLE MATERNELLE;Paris 20e  Arrondissement;1965-05-01;bdnb-bc-YLNT-1KEJ-AXEU;bdnb-bg-XLW3-QWZY-DQ65;75;97.0;9.6;Paris 20e Arrondissement;2024.0;;;C;INDETERMINE;INDETERMINE;5.0;9.0;2807.0;Tertiaire & Autres;Tertiaire;"[""VILLE DE PARIS""]"
0751344D;ZHKQHF4T8NJ2;E.M.PU MENILMONTANT 10 rue de Ménilmontant;075;école;ECOLE MATERNELLE;Paris 20e  Arrondissement;1965-05-01;bdnb-bc-45Q5-75F6-8BBX;bdnb-bg-XLW3-QWZY-DQ65;75;41.0;10.2;Paris 20e Arrondissement;2024.0;;;C;INDETERMINE;INDETERMINE;5.0;9.0;2807.0;Tertiaire & Autres;Tertiaire;"[""VILLE DE PARIS""]"
0751344D;ZPNNVMGG3N28;E.M.PU MENILMONTANT 10 rue de Ménilmontant;075;école;ECOLE MATERNELLE;Paris 20e  Arrondissement;1965-05-01;bdnb-bc-DUZZ-DKDA-U3NU;bdnb-bg-XLW3-QWZY-DQ65;75;128.0;5.2;Paris 20e Arrondissement;2024.0;;;C;INDETERMINE;INDETERMINE;5.0;9.0;2807.0;Tertiaire & Autres;Tertiaire;"[""VILLE DE PARIS""]"
0751344D;3PXHVX88GPJQ;E.M.PU MENILMONTANT 10 rue de Ménilmontant;075;école;ECOLE MATERNELLE;Paris 20e  Arrondissement;1965-05-01;bdnb-bc-U389-U3K9-VKZ7;bdnb-bg-XLW3-QWZY-DQ65;75;86.0;3.3;Paris 20e Arrondissement;2024.0;;;C;INDETERMINE;INDETERMINE;5.0;9.0;2807.0;Tertiaire & Autres;Tertiaire;"[""VILLE DE PARIS""]"
0751344D;ZT6N2R3ETH9A;E.M.PU MENILMONTANT 10 rue de Ménilmontant;075;école;ECOLE MATERNELLE;Paris 20e  Arrondissement;1965-05-01;bdnb-bc-TL5M-5GTD-VZZN;bdnb-bg-XLW3-QWZY-DQ65;75;389.0;4.6;Paris 20e Arrondissement;2024.0;;;C;INDETERMINE;INDETERMINE;5.0;9.0;2807.0;Tertiaire & Autres;Tertiaire;"[""VILLE DE PARIS""]"
0751353N;7CSNC8SESVX3;E.M.PU OLIVIER DE SERRES N 34 rue Olivier de Serres;075;école;ECOLE MATERNELLE;Paris 15e  Arrondissement;1965-05-01;bdnb-bc-GZBG-CJSG-MCKP;bdnb-bg-J8GR-QP92-3VYG;75;832.0;10.3;Paris 15e Arrondissement;2023.0;;;;INDETERMINE;INDETERMINE;1.0;8.0;910.0;Tertiaire & Autres;Tertiaire;"[""VILLE DE PARIS""]"
0751353N;8NJ67DE8S8XM;E.M.PU OLIVIER DE SERRES N 34 rue Olivier de Serres;075;école;ECOLE MATERNELLE;Paris 15e  Arrondissement;1965-05-01;bdnb-bc-W4G8-2DDY-PTFZ;bdnb-bg-J8GR-QP92-3VYG;75;78.0;5.4;Paris 15e Arrondissement;2023.0;;;;INDETERMINE;INDETERMINE;1.0;8.0;910.0;Tertiaire & Autres;Tertiaire;"[""VILLE DE PARIS""]"
0751358U;4WMKD3W4M86F;E.M.PU FRANCOIS DE LABOUCHERE - Ecole maternelle 27 avenue du Parc des Princes;075;école;ECOLE MATERNELLE;Paris 16e  Arrondissement;1965-05-01;bdnb-bc-3S5H-A9JB-F63A;bdnb-bg-NCVH-PV7J-NJZV;75;776.0;12.0;Paris 16e Arrondissement;1930.0;;;;BRIQUES;TUILES;2.0;14.0;2086.0;Résidentiel collectif;Tertiaire;"[""VILLE DE PARIS""]"
0751358U;WDYMV5GTBBBK;E.M.PU FRANCOIS DE LABOUCHERE - Ecole maternelle 27 avenue du Parc des Princes;075;école;ECOLE MATERNELLE;Paris 16e  Arrondissement;1965-05-01;bdnb-bc-CQ7S-3VPX-EETU;bdnb-bg-NCVH-PV7J-NJZV;75;753.0;19.0;Paris 16e Arrondissement;1930.0;;;;BRIQUES;TUILES;2.0;14.0;2086.0;Résidentiel collectif;Tertiaire;"[""VILLE DE PARIS""]"
0751358U;WPD7YZCJJA5J;E.M.PU FRANCOIS DE LABOUCHERE - Ecole maternelle 27 avenue du Parc des Princes;075;école;ECOLE MATERNELLE;Paris 16e  Arrondissement;1965-05-01;bdnb-bc-JP7W-TPDB-DBVG;bdnb-bg-NCVH-PV7J-NJZV;75;364.0;12.4;Paris 16e Arrondissement;1930.0;;;;BRIQUES;TUILES;2.0;14.0;2086.0;Résidentiel collectif;Tertiaire;"[""VILLE DE PARIS""]"
0751372J;M92BXM1YGWE6;E.M.PU POPINCOURT 9 rue Popincourt;075;école;ECOLE MATERNELLE;Paris 11e  Arrondissement;1965-05-01;bdnb-bc-2S2A-T7HH-WLRS;bdnb-bg-R971-WFS7-PY7W;75;1180.0;7.7;Paris 11e Arrondissement;2023.0;;;;BRIQUES - PIERRE;ARDOISES;2.0;8.0;1206.0;Tertiaire & Autres;Tertiaire;"[""VILLE DE PARIS""]"
0751374L;YZ941S6ATRAW;E.M.PU PORTE BRANCION 5 avenue de la Porte Brancion;075;école;ECOLE MATERNELLE;Paris 15e  Arrondissement;1965-05-01;bdnb-bc-RRL8-D96V-J697;bdnb-bg-W52D-3HJA-B8HS;75;160.0;6.8;Paris 15e Arrondissement;2023.0;;;;BETON - BRIQUES;BETON - AUTRES;2.0;8.0;2420.0;Tertiaire & Autres;Tertiaire;"[""VILLE DE PARIS""]"
0751374L;YWGJQENJG7GS;E.M.PU PORTE BRANCION 5 avenue de la Porte Brancion;075;école;ECOLE MATERNELLE;Paris 15e  Arrondissement;1965-05-01;bdnb-bc-EMQ7-226G-BL59;bdnb-bg-W52D-3HJA-B8HS;75;290.0;4.9;Paris 15e Arrondissement;2023.0;;;;BETON - BRIQUES;BETON - AUTRES;2.0;8.0;2420.0;Tertiaire & Autres;Tertiaire;"[""VILLE DE PARIS""]"
0751374L;QXWYA7KJDAMV;E.M.PU PORTE BRANCION 5 avenue de la Porte Brancion;075;école;ECOLE MATERNELLE;Paris 15e  Arrondissement;1965-05-01;bdnb-bc-YB3F-2VYQ-YTNS;bdnb-bg-W52D-3HJA-B8HS;75;616.0;13.5;Paris 15e Arrondissement;2023.0;;;;BETON - BRIQUES;BETON - AUTRES;2.0;8.0;2420.0;Tertiaire & Autres;Tertiaire;"[""VILLE DE PARIS""]"
0751374L;6FNVPQ37CDS5;E.M.PU PORTE BRANCION 5 avenue de la Porte Brancion;075;école;ECOLE MATERNELLE;Paris 15e  Arrondissement;1965-05-01;bdnb-bc-QZ49-Y65Z-3DKC;bdnb-bg-W52D-3HJA-B8HS;75;668.0;12.1;Paris 15e Arrondissement;2023.0;;;;BETON - BRIQUES;BETON - AUTRES;2.0;8.0;2420.0;Tertiaire & Autres;Tertiaire;"[""VILLE DE PARIS""]"
0751374L;M7M11JS3A54W;E.M.PU PORTE BRANCION 5 avenue de la Porte Brancion;075;école;ECOLE MATERNELLE;Paris 15e  Arrondissement;1965-05-01;bdnb-bc-HKLU-HLA8-KWXY;bdnb-bg-W52D-3HJA-B8HS;75;553.0;8.5;Paris 15e Arrondissement;2023.0;;;;BETON - BRIQUES;BETON - AUTRES;2.0;8.0;2420.0;Tertiaire & Autres;Tertiaire;"[""VILLE DE PARIS""]"
0751374L;TDGR5XZ22DQT;E.M.PU PORTE BRANCION 5 avenue de la Porte Brancion;075;école;ECOLE MATERNELLE;Paris 15e  Arrondissement;1965-05-01;bdnb-bc-7GAR-UTSB-VZDB;bdnb-bg-W52D-3HJA-B8HS;75;133.0;3.8;Paris 15e Arrondissement;2023.0;;;;BETON - BRIQUES;BETON - AUTRES;2.0;8.0;2420.0;Tertiaire & Autres;Tertiaire;"[""VILLE DE PARIS""]"
0751376N;TJMRVB8R5S5V;E.P.PU POULLETIER 18 rue Poulletier;075;école;ECOLE DE NIVEAU ELEMENTAIRE;Paris  4e  Arrondissement;1965-05-01;bdnb-bc-H12A-G2ML-4ZBN;bdnb-bg-YBA8-FVHM-SHZE;75;316.0;8.3;Paris 4e Arrondissement;1900.0;;;;INDETERMINE;INDETERMINE;5.0;13.0;908.0;Tertiaire & Autres;Tertiaire;"[""VILLE DE PARIS""]"
0751377P;7Y3WYNYGMXJ1;E.P.PU PYRENEES 99 rue des Pyrénées;075;école;ECOLE DE NIVEAU ELEMENTAIRE;Paris 20e  Arrondissement;1965-05-01;bdnb-bc-EFZD-PT29-ERQP;bdnb-bg-111T-SLS8-3DLP;75;333.0;11.0;Paris 20e Arrondissement;2024.0;;;;INDETERMINE;INDETERMINE;2.0;12.0;1646.0;Tertiaire & Autres;Tertiaire;"[""VILLE DE PARIS""]"
0751387A;7DM236PFD2J4;E.M.PU ROQUETTE 144 rue de la Roquette;075;école;ECOLE MATERNELLE;Paris 11e  Arrondissement;1965-05-01;bdnb-bc-FQCN-VKVP-2WMA;bdnb-bg-Y4X2-37RB-HZ1C;75;37.0;4.3;Paris 11e Arrondissement;2023.0;;;;INDETERMINE;INDETERMINE;5.0;10.0;2278.0;Tertiaire & Autres;Tertiaire;"[""VILLE DE PARIS""]"
0751387A;M8NK3FTW4QDF;E.M.PU ROQUETTE 144 rue de la Roquette;075;école;ECOLE MATERNELLE;Paris 11e  Arrondissement;1965-05-01;bdnb-bc-DAR6-F3DH-5HW4;bdnb-bg-Y4X2-37RB-HZ1C;75;236.0;7.3;Paris 11e Arrondissement;2023.0;;;;INDETERMINE;INDETERMINE;5.0;10.0;2278.0;Tertiaire & Autres;Tertiaire;"[""VILLE DE PARIS""]"
0751388B;B8BB13DRA7EC;E.M.PU MADEMOISELLE B 83 rue Mademoiselle;075;école;ECOLE MATERNELLE;Paris 15e  Arrondissement;1965-05-01;bdnb-bc-P952-N758-N3S2;bdnb-bg-5HGU-RE28-GNTJ;75;287.0;23.9;Paris 15e Arrondissement;1912.0;;E;;PIERRE;ZINC ALUMINIUM;8.0;24.0;287.0;Résidentiel collectif;Résidentiel collectif;"[""VILLE DE PARIS"", ""ABBE GROULT VAUGIRARD"", ""ENEDIS"", ""CABINET G  CARDINAL"", ""LENGO 86""]"
0751390D;NRTE3VMJ2QYK;E.M.PU SAUSSURE 48 rue de Saussure;075;école;ECOLE MATERNELLE;Paris 17e  Arrondissement;1965-05-01;bdnb-bc-MQNV-DLNA-RRWG;bdnb-bg-A1XV-8ELL-Y1EA;75;893.0;17.9;Paris 17e Arrondissement;2023.0;;;;INDETERMINE;INDETERMINE;4.0;18.0;893.0;Tertiaire & Autres;Tertiaire;"[""VILLE DE PARIS"", ""ENEDIS""]"
0751396K;522S45W7FFHP;E.M.PU SOURDIERE 27 rue de la Sourdière;075;école;ECOLE MATERNELLE;Paris  1er Arrondissement;1965-05-01;bdnb-bc-XQXY-N8SN-HPVY;bdnb-bg-Q4KB-ZQCC-MLEV;75;610.0;20.2;Paris 1er Arrondissement;1988.0;1988.0;;;INDETERMINE;ARDOISES;6.0;20.0;610.0;Résidentiel collectif;Tertiaire;"[""VILLE DE PARIS"", ""REGIE IMMOBILIERE DE LA VILLE DE PARIS"", ""SOCIETE ANONYME DE GESTION IMMOBILIERE""]"
0751399N;5GFFHNPWVTJG;E.M.PU ST BERNARD N 39 rue Saint Bernard;075;école;ECOLE MATERNELLE;Paris 11e  Arrondissement;1965-05-01;bdnb-bc-3L1Q-FXXW-DPK7;bdnb-bg-QFND-56CP-LDDN;75;391.0;16.2;Paris 11e Arrondissement;1910.0;;D;;INDETERMINE;INDETERMINE;6.0;16.0;391.0;Résidentiel collectif;Résidentiel collectif;"[""SCI PARDES PATRIMOINE"", ""DACIM"", ""MDB IN"", ""SCI MAREVI""]"
0751411B;N1MAB12VVA7E;E.M.PU TOMBE ISSOIRE 77 rue de la Tombe Issoire;075;école;ECOLE MATERNELLE;Paris 14e  Arrondissement;1965-05-01;bdnb-bc-8RH7-TSCT-GEKS;bdnb-bg-Y87Q-9R8F-45K5;75;2374.0;18.3;Paris 14e Arrondissement;1978.0;;;;BRIQUES;INDETERMINE;4.0;18.0;2374.0;Tertiaire & Autres;Tertiaire;"[""VILLE DE PARIS"", ""ENEDIS""]"
0751418J;FCQC3P2193PH;E.M.PU VARET 9 rue Varet;075;école;ECOLE MATERNELLE;Paris 15e  Arrondissement;1965-05-01;bdnb-bc-RNQN-6DCQ-EZPU;bdnb-bg-BES9-PH5Q-A9ED;75;92.0;4.5;Paris 15e Arrondissement;2023.0;;;;INDETERMINE;INDETERMINE;1.0;4.0;155.0;Tertiaire & Autres;Tertiaire;"[""VILLE DE PARIS""]"
0751419K;XPV19SFVENC8;E.M.PU VANEAU 48 rue Vaneau;075;école;ECOLE MATERNELLE;Paris  7e  Arrondissement;1965-05-01;bdnb-bc-3D7F-MSGH-MWW3;bdnb-bg-72KC-JTNF-LCD8;75;529.0;5.9;Paris 7e Arrondissement;1880.0;;;;INDETERMINE;INDETERMINE;1.0;6.0;628.0;Résidentiel individuel;Tertiaire;"[""VILLE DE PARIS""]"
0751419K;F8SNNS41QSXR;E.M.PU VANEAU 48 rue Vaneau;075;école;ECOLE MATERNELLE;Paris  7e  Arrondissement;1965-05-01;bdnb-bc-K6A5-7Q52-55VV;bdnb-bg-72KC-JTNF-LCD8;75;79.0;5.9;Paris 7e Arrondissement;1880.0;;;;INDETERMINE;INDETERMINE;1.0;6.0;628.0;Résidentiel individuel;Tertiaire;"[""VILLE DE PARIS""]"
0751443L;JCSQ4SE7X8KZ;E.E.PU FRANCOISE DORLEAC EA 8 place Francoise Dorléac;075;école;ECOLE DE NIVEAU ELEMENTAIRE;Paris 18e  Arrondissement;1965-05-01;bdnb-bc-HYJN-NBUS-16P9;bdnb-bg-K6KX-Z8MD-CMKZ;75;121.0;10.1;Paris 18e Arrondissement;2023.0;;;;INDETERMINE;INDETERMINE;1.0;8.0;2071.0;Tertiaire & Autres;Tertiaire;"[""VILLE DE PARIS""]"
0751663A;NR4TJB5ZDSYH;E.M.PU SARRETTE A 55 rue Sarrette;075;école;ECOLE MATERNELLE;Paris 14e  Arrondissement;1969-10-17;bdnb-bc-5FDP-1XY4-95JL;bdnb-bg-5UAM-DSSH-2Y6M;75;983.0;8.7;Paris 14e Arrondissement;1970.0;;;;BRIQUES;BETON;3.0;9.0;983.0;Résidentiel collectif;Tertiaire;"[""VILLE DE PARIS""]"
0751703U;WJRX2X8JEBP6;Collège Jean-Baptiste Poquelin;075;collège;COLLEGE;Paris  1er Arrondissement;1970-03-18;bdnb-bc-U3ZX-YE5Y-139E;bdnb-bg-MCSE-C8H6-8TVY;75;1165.0;21.0;Paris 1er Arrondissement;2023.0;;C;C;INDETERMINE;INDETERMINE;6.0;21.0;1165.0;Tertiaire & Autres;Tertiaire;"[""VILLE DE PARIS"", ""ELOGIE - SIEMP""]"
0751707Y;WB1BDZFPVVT8;Collège Edouard Pailleron;075;collège;COLLEGE;Paris 19e  Arrondissement;1970-03-19;bdnb-bc-5KU5-8X5R-ZTT3;bdnb-bg-QFY3-GG2X-XWZ9;75;2419.0;7.7;Paris 19e Arrondissement;2023.0;;C;;INDETERMINE;INDETERMINE;4.0;7.0;3128.0;Tertiaire & Autres;Tertiaire;"[""VILLE DE PARIS""]"
0751728W;AP9S69N983JC;E.E.PU COLETTE MAGNY A 15 rue Colette Magny;075;école;ECOLE DE NIVEAU ELEMENTAIRE;Paris 19e  Arrondissement;1970-04-15;bdnb-bc-XSKQ-BZRD-CYT5;bdnb-bg-N5GU-SGQ5-L7ZP;75;442.0;7.3;Paris 19e Arrondissement;2023.0;;;;INDETERMINE;INDETERMINE;1.0;7.0;1409.0;Tertiaire & Autres;Tertiaire;"[""VILLE DE PARIS""]"
0752195D;2SFNAJTSG6QW;Collège Gérard Philipe;075;collège;COLLEGE;Paris 18e  Arrondissement;1973-04-11;bdnb-bc-XSED-G3EK-TTCA;bdnb-bg-K8B5-BWVH-78U1;75;46.0;5.1;Paris 18e Arrondissement;2003.0;;;;INDETERMINE;INDETERMINE;1.0;11.0;442.0;Tertiaire & Autres;Tertiaire;"[""VILLE DE PARIS""]"
0752195D;7X2EWGTEWB4M;Collège Gérard Philipe;075;collège;COLLEGE;Paris 18e  Arrondissement;1973-04-11;bdnb-bc-SLJB-3C9F-VE86;bdnb-bg-K8B5-BWVH-78U1;75;396.0;16.5;Paris 18e Arrondissement;2003.0;;;;INDETERMINE;INDETERMINE;1.0;11.0;442.0;Tertiaire & Autres;Tertiaire;"[""VILLE DE PARIS""]"
0752212X;ZZ8C5PBXMF1H;E.M.PU FAIDHERBE 18 rue Faidherbe;075;école;ECOLE MATERNELLE;Paris 11e  Arrondissement;1973-06-18;bdnb-bc-R169-D1ZU-NEUL;bdnb-bg-XKH5-9MCE-GL35;75;593.0;4.8;Paris 11e Arrondissement;2023.0;;;;INDETERMINE;INDETERMINE;7.0;13.0;804.0;Tertiaire & Autres;Tertiaire;"[""VILLE DE PARIS""]"
0752212X;RPKXH92RM82H;E.M.PU FAIDHERBE 18 rue Faidherbe;075;école;ECOLE MATERNELLE;Paris 11e  Arrondissement;1973-06-18;bdnb-bc-7JGW-7SPA-M419;bdnb-bg-XKH5-9MCE-GL35;75;210.0;21.4;Paris 11e Arrondissement;2023.0;;;;INDETERMINE;INDETERMINE;7.0;13.0;804.0;Tertiaire & Autres;Tertiaire;"[""VILLE DE PARIS""]"
0752214Z;Z1TAHVD6ZDXN;E.P.PU REIMS 38 boulevard de Reims;075;école;ECOLE DE NIVEAU ELEMENTAIRE;Paris 17e  Arrondissement;1973-06-18;bdnb-bc-KKVD-RRM6-CFU2;bdnb-bg-45HS-BLE7-CATR;75;1733.0;15.6;Paris 17e Arrondissement;2002.0;;;;INDETERMINE;INDETERMINE;4.0;12.0;3190.0;Tertiaire & Autres;Tertiaire;"[""VILLE DE PARIS""]"
0752249M;MYFG9WYYE4M8;Collège Jules Romains;075;collège;COLLEGE;Paris  7e  Arrondissement;1974-05-08;bdnb-bc-QZ1A-5B8A-UHMX;bdnb-bg-HNLZ-4T7Y-UEJD;75;140.0;9.3;Paris 7e Arrondissement;1895.0;;;;PIERRE;TUILES;4.0;10.0;2405.0;Résidentiel collectif;Tertiaire;"[""VILLE DE PARIS""]"
0752249M;633969TNMFSR;Collège Jules Romains;075;collège;COLLEGE;Paris  7e  Arrondissement;1974-05-08;bdnb-bc-QD2E-CZ4L-D11Y;bdnb-bg-HNLZ-4T7Y-UEJD;75;401.0;5.1;Paris 7e Arrondissement;1895.0;;;;PIERRE;TUILES;4.0;10.0;2405.0;Résidentiel collectif;Tertiaire;"[""VILLE DE PARIS""]"
0752316K;AQ443HWHX35M;Collège George Sand;075;collège;COLLEGE;Paris 13e  Arrondissement;1975-04-08;bdnb-bc-H58Z-2KXA-8RTY;bdnb-bg-AE4M-GAL7-EBP8;75;126.0;3.6;Paris 13e Arrondissement;1886.0;;;;BRIQUES - PIERRE;ZINC ALUMINIUM;4.0;7.0;2914.0;Résidentiel collectif;Tertiaire;"[""VILLE DE PARIS""]"
0752329Z;7H98YESP1GJ2;E.M.PU ALPHONSE BAUDIN Z 19 rue Alphonse Baudin;075;école;ECOLE MATERNELLE;Paris 11e  Arrondissement;1975-05-09;bdnb-bc-NYCM-TABX-M8DL;bdnb-bg-2S5V-9AKQ-GMHC;75;957.0;15.4;Paris 11e Arrondissement;2023.0;;;;INDETERMINE;INDETERMINE;4.0;13.0;1546.0;Tertiaire & Autres;Tertiaire;"[""VILLE DE PARIS"", ""ENEDIS""]"
0752329Z;MW7MVCM17TEA;E.M.PU ALPHONSE BAUDIN Z 19 rue Alphonse Baudin;075;école;ECOLE MATERNELLE;Paris 11e  Arrondissement;1975-05-09;bdnb-bc-MYKX-CSH4-G9C4;bdnb-bg-29U4-Q1Y7-G2PS;75;52.0;2.8;Paris 11e Arrondissement;2023.0;;;;INDETERMINE;INDETERMINE;1.0;3.0;52.0;Tertiaire & Autres;Tertiaire;"[""VILLE DE PARIS""]"
0752332C;SC536QK1JRXT;E.P.PU MIOLLIS 33 bis rue Miollis;075;école;ECOLE DE NIVEAU ELEMENTAIRE;Paris 15e  Arrondissement;1975-05-13;bdnb-bc-1P76-Y4ZA-KSFP;bdnb-bg-C2S3-25J5-C5QB;75;213.0;50.9;Paris 15e Arrondissement;1970.0;;D;;INDETERMINE;INDETERMINE;5.0;36.0;3450.0;Résidentiel collectif;Résidentiel collectif;"[""GEC 7""]"
0752387M;NR5GJ2P2BJ7Z;Collège André Malraux;075;collège;COLLEGE;Paris 17e  Arrondissement;1976-02-26;bdnb-bc-4FH6-KQSE-5TMD;bdnb-bg-5UYV-FPCN-BEUB;75;646.0;15.9;Paris 17e Arrondissement;1900.0;;;;MEULIERE - PIERRE;TUILES;4.0;11.0;1332.0;Tertiaire & Autres;Tertiaire;"[""VILLE DE PARIS""]"
0755968E;7XHDVJS8SPA2;Ecole maternelle publique Jeanne d'Arc;075;école;ECOLE MATERNELLE;Paris 13e  Arrondissement;2019-09-01;;;;;;;;;;;;;;;;;;
0930900Y;6XZ86J4WDA95;Collège Jean-Pierre Timbaud;093;collège;COLLEGE;Bobigny;1968-04-25;bdnb-bc-SA3L-CLW8-CCQE;bdnb-bg-A4ZH-9JCY-C96U;93;1435.0;10.2;Bobigny;2004.0;;;C;INDETERMINE;INDETERMINE;1.0;7.0;3355.0;Tertiaire & Autres;Tertiaire;"[""COMMUNE DE BOBIGNY""]"
0931198X;793BTMBN5Q12;Lycée professionnel Alfred Costes - Lycée des métiers d'arts graphiques, de l'industrie et de la communication;093;lycée;LYCEE PROFESSIONNEL;Bobigny;1970-03-25;bdnb-bc-TG3H-GSLT-6T58;bdnb-bg-8EBG-DQ1V-6YBE;93;1800.0;4.8;Bobigny;2010.0;;;;INDETERMINE;INDETERMINE;2.0;5.0;2076.0;Tertiaire & Autres;Tertiaire;"[""COMMUNE DE BOBIGNY""]"
0931198X;A4FE59P4MPZ3;Lycée professionnel Alfred Costes - Lycée des métiers d'arts graphiques, de l'industrie et de la communication;093;lycée;LYCEE PROFESSIONNEL;Bobigny;1970-03-25;bdnb-bc-RC5Y-CZLY-NRUK;bdnb-bg-8EBG-DQ1V-6YBE;93;146.0;6.8;Bobigny;2010.0;;;;INDETERMINE;INDETERMINE;2.0;5.0;2076.0;Tertiaire & Autres;Tertiaire;"[""COMMUNE DE BOBIGNY""]"
0931198X;QW5DEEFEX291;Lycée professionnel Alfred Costes - Lycée des métiers d'arts graphiques, de l'industrie et de la communication;093;lycée;LYCEE PROFESSIONNEL;Bobigny;1970-03-25;bdnb-bc-RU55-Q28E-3SFM;bdnb-bg-8EBG-DQ1V-6YBE;93;131.0;4.5;Bobigny;2010.0;;;;INDETERMINE;INDETERMINE;2.0;5.0;2076.0;Tertiaire & Autres;Tertiaire;"[""COMMUNE DE BOBIGNY""]"
0932272P;QFZS2W7JW4FB;Collège Rosa Luxemburg;093;collège;COLLEGE;Aubervilliers;1998-09-01;bdnb-bc-9ZK8-9AMR-93RH;bdnb-bg-9N5V-MDMU-3APK;93;3739.0;6.4;Aubervilliers;1998.0;;;;INDETERMINE;INDETERMINE;3.0;11.0;5075.0;Tertiaire & Autres;Tertiaire;"[""DEPARTEMENT DE LA SEINE SAINT DENIS""]"
0930178N;7NQ1WAGF7EBA;Ecole élémentaire Edgar Quinet;093;école;ECOLE DE NIVEAU ELEMENTAIRE;Aubervilliers;1965-05-01;bdnb-bc-1CR5-W1ND-S525;bdnb-bg-KQY8-P92R-75MA;93;3023.0;7.8;Aubervilliers;2009.0;;;;BRIQUES;INDETERMINE;2.0;7.0;4786.0;Tertiaire & Autres;Tertiaire;"[""COMMUNE DE SAINT-DENIS""]"
0930256Y;63B41SC7P7XM;Ecole élémentaire Paul Langevin;093;école;ECOLE DE NIVEAU ELEMENTAIRE;L'Ile-Saint-Denis;1965-05-01;bdnb-bc-AJ33-YC65-62EU;bdnb-bg-47DJ-ULYE-PMPD;93;1748.0;11.7;L'Île-Saint-Denis;1970.0;;;;AGGLOMERE;INDETERMINE;4.0;10.0;3958.0;Résidentiel collectif;Tertiaire;"[""COMMUNE DE L ILE ST DENIS""]"
0930256Y;FQ72S4YD2VTA;Ecole élémentaire Paul Langevin;093;école;ECOLE DE NIVEAU ELEMENTAIRE;L'Ile-Saint-Denis;1965-05-01;bdnb-bc-GZTQ-RG88-L7US;bdnb-bg-47DJ-ULYE-PMPD;93;53.0;9.2;L'Île-Saint-Denis;1970.0;;;;AGGLOMERE;INDETERMINE;4.0;10.0;3958.0;Résidentiel collectif;Tertiaire;"[""COMMUNE DE L ILE ST DENIS""]"
0930256Y;KDNAXPZ8A5RZ;Ecole élémentaire Paul Langevin;093;école;ECOLE DE NIVEAU ELEMENTAIRE;L'Ile-Saint-Denis;1965-05-01;bdnb-bc-BJZE-GGFZ-3YXD;bdnb-bg-47DJ-ULYE-PMPD;93;411.0;11.7;L'Île-Saint-Denis;1970.0;;;;AGGLOMERE;INDETERMINE;4.0;10.0;3958.0;Résidentiel collectif;Tertiaire;"[""COMMUNE DE L ILE ST DENIS""]"
0930256Y;CRX1M4A37PT1;Ecole élémentaire Paul Langevin;093;école;ECOLE DE NIVEAU ELEMENTAIRE;L'Ile-Saint-Denis;1965-05-01;bdnb-bc-4HD9-CD72-2Z61;bdnb-bg-47DJ-ULYE-PMPD;93;880.0;11.9;L'Île-Saint-Denis;1970.0;;;;AGGLOMERE;INDETERMINE;4.0;10.0;3958.0;Résidentiel collectif;Tertiaire;"[""COMMUNE DE L ILE ST DENIS""]"
0930256Y;3G13XH1NW15J;Ecole élémentaire Paul Langevin;093;école;ECOLE DE NIVEAU ELEMENTAIRE;L'Ile-Saint-Denis;1965-05-01;bdnb-bc-9FST-Q2F7-B5L4;bdnb-bg-47DJ-ULYE-PMPD;93;735.0;6.4;L'Île-Saint-Denis;1970.0;;;;AGGLOMERE;INDETERMINE;4.0;10.0;3958.0;Résidentiel collectif;Tertiaire;"[""COMMUNE DE L ILE ST DENIS""]"
0930256Y;93H16VB82RAV;Ecole élémentaire Paul Langevin;093;école;ECOLE DE NIVEAU ELEMENTAIRE;L'Ile-Saint-Denis;1965-05-01;bdnb-bc-P5TZ-336N-4JN4;bdnb-bg-47DJ-ULYE-PMPD;93;106.0;13.8;L'Île-Saint-Denis;1970.0;;;;AGGLOMERE;INDETERMINE;4.0;10.0;3958.0;Résidentiel collectif;Tertiaire;"[""COMMUNE DE L ILE ST DENIS""]"
0930336K;ADVHEEVDGJ7N;Ecole élémentaire Paul Langevin;093;école;ECOLE DE NIVEAU ELEMENTAIRE;Aubervilliers;1965-05-01;bdnb-bc-GZ3F-625Y-BDAX;bdnb-bg-7N3S-VSEY-CHMZ;93;838.0;14.6;Aubervilliers;;;;;;;;11.0;1563.0;;Tertiaire;
0930336K;CBDE337HFGNT;Ecole élémentaire Paul Langevin;093;école;ECOLE DE NIVEAU ELEMENTAIRE;Aubervilliers;1965-05-01;bdnb-bc-FUJD-AAT8-ZARH;bdnb-bg-7N3S-VSEY-CHMZ;93;725.0;7.8;Aubervilliers;;;;;;;;11.0;1563.0;;Tertiaire;
0930336K;6297GVHV9C38;Ecole élémentaire Paul Langevin;093;école;ECOLE DE NIVEAU ELEMENTAIRE;Aubervilliers;1965-05-01;bdnb-bc-7JSE-X29Q-EHVD;bdnb-bg-6XEX-HLLT-JH69;93;139.0;7.2;Aubervilliers;1958.0;;;;BETON;BETON;4.0;7.0;139.0;Résidentiel individuel;Tertiaire;"[""COMMUNE DE SAINT-DENIS""]"
0930484W;HB25A4JZCQBK;Ecole maternelle Marcel Cachin;093;école;ECOLE MATERNELLE;Bobigny;1965-05-01;bdnb-bc-P1R6-MF26-J4FY;bdnb-bg-695T-CM5M-AUDE;93;700.0;5.7;Bobigny;2010.0;;F;;AUTRES;AUTRES;4.0;7.0;5890.0;Tertiaire & Autres;Tertiaire;"[""COMMUNE DE BOBIGNY""]"
0930520K;PQVTZYS3PW6W;Ecole maternelle Samira Bellil;093;école;ECOLE MATERNELLE;L'Ile-Saint-Denis;1965-05-01;bdnb-bc-ENDU-585X-PPWJ;bdnb-bg-WN2N-6CAB-P9HD;93;450.0;12.7;L'Île-Saint-Denis;2014.0;;;;INDETERMINE;INDETERMINE;1.0;15.0;1285.0;Tertiaire & Autres;Tertiaire;"[""COMMUNE DE L ILE ST DENIS""]"
0930520K;7AX4RCAX32DY;Ecole maternelle Samira Bellil;093;école;ECOLE MATERNELLE;L'Ile-Saint-Denis;1965-05-01;bdnb-bc-S8LX-RQ2Y-54Z8;bdnb-bg-WN2N-6CAB-P9HD;93;687.0;13.8;L'Île-Saint-Denis;2014.0;;;;INDETERMINE;INDETERMINE;1.0;15.0;1285.0;Tertiaire & Autres;Tertiaire;"[""COMMUNE DE L ILE ST DENIS""]"
0930520K;52J522FTYA9H;Ecole maternelle Samira Bellil;093;école;ECOLE MATERNELLE;L'Ile-Saint-Denis;1965-05-01;bdnb-bc-TQAK-XHPB-J5FA;bdnb-bg-WN2N-6CAB-P9HD;93;148.0;18.8;L'Île-Saint-Denis;2014.0;;;;INDETERMINE;INDETERMINE;1.0;15.0;1285.0;Tertiaire & Autres;Tertiaire;"[""COMMUNE DE L ILE ST DENIS""]"
0930520K;K15S5C5AT32E;Ecole maternelle Samira Bellil;093;école;ECOLE MATERNELLE;L'Ile-Saint-Denis;1965-05-01;bdnb-bc-MR5V-DG2D-83HF;bdnb-bg-WXH9-5KGE-7C62;93;26.0;1.2;L'Île-Saint-Denis;;;;;;;;1.0;26.0;;;
0930520K;TZDV14AYYVD8;Ecole maternelle Samira Bellil;093;école;ECOLE MATERNELLE;L'Ile-Saint-Denis;1965-05-01;bdnb-bc-JSAQ-MLB4-1L8D;bdnb-bg-2Q4F-GQZS-BDRV;93;409.0;8.4;L'Île-Saint-Denis;;;;;;;;7.0;1433.0;;Tertiaire;
0930520K;9BZZZF3EAH7Y;Ecole maternelle Samira Bellil;093;école;ECOLE MATERNELLE;L'Ile-Saint-Denis;1965-05-01;bdnb-bc-1L4V-HED5-GLXC;bdnb-bg-2Q4F-GQZS-BDRV;93;690.0;6.9;L'Île-Saint-Denis;;;;;;;;7.0;1433.0;;Tertiaire;
0930520K;S3GKT4C7VBPB;Ecole maternelle Samira Bellil;093;école;ECOLE MATERNELLE;L'Ile-Saint-Denis;1965-05-01;bdnb-bc-QRYG-XV6D-78QZ;bdnb-bg-2Q4F-GQZS-BDRV;93;294.0;5.7;L'Île-Saint-Denis;;;;;;;;7.0;1433.0;;Tertiaire;
0930529V;K56E8CQBSZM1;Ecole maternelle Stendhal;093;école;ECOLE MATERNELLE;Aubervilliers;1965-05-01;bdnb-bc-9PKK-Q54C-5ECU;bdnb-bg-QL1B-11TL-7YQX;93;280.0;6.8;Aubervilliers;1900.0;;;;BRIQUES - MEULIERE;TUILES;2.0;7.0;280.0;Tertiaire & Autres;Tertiaire;"[""SCI VICTOR HUGO 150""]"
0931024H;581WVZATP4D1;Lycée professionnel Jean-Pierre Timbaud - Lycée des métiers de l'environnement et de l'écologie industrielle;093;lycée;LYCEE PROFESSIONNEL;Aubervilliers;1968-12-06;bdnb-bc-ML6J-6ESK-3QDH;bdnb-bg-25Z7-8L2K-9TQA;93;6203.0;6.4;Aubervilliers;;;;;INDETERMINE;INDETERMINE;3.0;7.0;7861.0;Résidentiel collectif;Tertiaire;"[""LYCEE PROFESSIONEL JEAN-PIERRE TIMBAUD"", ""REGION ILE DE FRANCE""]"
0931055S;63B41SC7P7XM;Ecole maternelle Paul Langevin;093;école;ECOLE MATERNELLE;L'Ile-Saint-Denis;1969-03-18;bdnb-bc-AJ33-YC65-62EU;bdnb-bg-47DJ-ULYE-PMPD;93;1748.0;11.7;L'Île-Saint-Denis;1970.0;;;;AGGLOMERE;INDETERMINE;4.0;10.0;3958.0;Résidentiel collectif;Tertiaire;"[""COMMUNE DE L ILE ST DENIS""]"
0931055S;FQ72S4YD2VTA;Ecole maternelle Paul Langevin;093;école;ECOLE MATERNELLE;L'Ile-Saint-Denis;1969-03-18;bdnb-bc-GZTQ-RG88-L7US;bdnb-bg-47DJ-ULYE-PMPD;93;53.0;9.2;L'Île-Saint-Denis;1970.0;;;;AGGLOMERE;INDETERMINE;4.0;10.0;3958.0;Résidentiel collectif;Tertiaire;"[""COMMUNE DE L ILE ST DENIS""]"
0931055S;KDNAXPZ8A5RZ;Ecole maternelle Paul Langevin;093;école;ECOLE MATERNELLE;L'Ile-Saint-Denis;1969-03-18;bdnb-bc-BJZE-GGFZ-3YXD;bdnb-bg-47DJ-ULYE-PMPD;93;411.0;11.7;L'Île-Saint-Denis;1970.0;;;;AGGLOMERE;INDETERMINE;4.0;10.0;3958.0;Résidentiel collectif;Tertiaire;"[""COMMUNE DE L ILE ST DENIS""]"
0931055S;CRX1M4A37PT1;Ecole maternelle Paul Langevin;093;école;ECOLE MATERNELLE;L'Ile-Saint-Denis;1969-03-18;bdnb-bc-4HD9-CD72-2Z61;bdnb-bg-47DJ-ULYE-PMPD;93;880.0;11.9;L'Île-Saint-Denis;1970.0;;;;AGGLOMERE;INDETERMINE;4.0;10.0;3958.0;Résidentiel collectif;Tertiaire;"[""COMMUNE DE L ILE ST DENIS""]"
0931055S;3G13XH1NW15J;Ecole maternelle Paul Langevin;093;école;ECOLE MATERNELLE;L'Ile-Saint-Denis;1969-03-18;bdnb-bc-9FST-Q2F7-B5L4;bdnb-bg-47DJ-ULYE-PMPD;93;735.0;6.4;L'Île-Saint-Denis;1970.0;;;;AGGLOMERE;INDETERMINE;4.0;10.0;3958.0;Résidentiel collectif;Tertiaire;"[""COMMUNE DE L ILE ST DENIS""]"
0931055S;93H16VB82RAV;Ecole maternelle Paul Langevin;093;école;ECOLE MATERNELLE;L'Ile-Saint-Denis;1969-03-18;bdnb-bc-P5TZ-336N-4JN4;bdnb-bg-47DJ-ULYE-PMPD;93;106.0;13.8;L'Île-Saint-Denis;1970.0;;;;AGGLOMERE;INDETERMINE;4.0;10.0;3958.0;Résidentiel collectif;Tertiaire;"[""COMMUNE DE L ILE ST DENIS""]"
0931395L;49C4REEN3EX3;Ecole maternelle Gérard Philipe;093;école;ECOLE MATERNELLE;Aubervilliers;1971-04-15;bdnb-bc-V7LF-WBBN-7PJD;bdnb-bg-4GX9-SUDE-2KG4;93;1115.0;5.0;Aubervilliers;2008.0;;;;INDETERMINE;INDETERMINE;1.0;5.0;2479.0;Tertiaire & Autres;Tertiaire;"[""COMMUNE DE SAINT-DENIS""]"
0931582P;8N5HV6K2TDAF;Ecole maternelle Les Econdeaux;093;école;ECOLE MATERNELLE;Epinay-sur-Seine;1975-04-30;bdnb-bc-PLQ6-C4ZR-H79Q;bdnb-bg-PK82-SST3-E4W7;93;863.0;3.3;Épinay-sur-Seine;;;;;INDETERMINE;INDETERMINE;1.0;5.0;2291.0;Tertiaire & Autres;Tertiaire;"[""COMMUNE D EPINAY SUR SEINE""]"
0931818W;8PN6HN5HSBN4;Ecole élémentaire Georges Martin;093;école;ECOLE DE NIVEAU ELEMENTAIRE;Epinay-sur-Seine;1980-09-01;bdnb-bc-Z5K5-VYYK-C16V;bdnb-bg-82SE-12XB-YHAZ;93;577.0;13.1;Épinay-sur-Seine;1960.0;;;;BETON;ZINC ALUMINIUM;2.0;13.0;577.0;Résidentiel collectif;Tertiaire;"[""COMMUNE D EPINAY SUR SEINE""]"
0930120A;GET3NDQRMQ9K;Lycée général et technologique Jacques Feyder;093;lycée;LYCEE ENSEIGNT GENERAL ET TECHNOLOGIQUE;Epinay-sur-Seine;1965-05-01;bdnb-bc-8UQ5-PR29-VBUM;bdnb-bg-8S8X-GJTQ-ZSE2;93;26.0;3.0;Épinay-sur-Seine;1975.0;1950.0;C;B;BETON;BETON;5.0;11.0;5474.0;Tertiaire & Autres;Tertiaire;"[""REGION ILE DE FRANCE""]"
0930120A;ATY981PXDWVJ;Lycée général et technologique Jacques Feyder;093;lycée;LYCEE ENSEIGNT GENERAL ET TECHNOLOGIQUE;Epinay-sur-Seine;1965-05-01;bdnb-bc-57X6-3V74-YPCG;bdnb-bg-8S8X-GJTQ-ZSE2;93;321.0;8.1;Épinay-sur-Seine;1975.0;1950.0;C;B;BETON;BETON;5.0;11.0;5474.0;Tertiaire & Autres;Tertiaire;"[""REGION ILE DE FRANCE""]"
0930120A;YV5FM89ED4FY;Lycée général et technologique Jacques Feyder;093;lycée;LYCEE ENSEIGNT GENERAL ET TECHNOLOGIQUE;Epinay-sur-Seine;1965-05-01;bdnb-bc-9V85-KBTX-R55Y;bdnb-bg-8S8X-GJTQ-ZSE2;93;995.0;5.0;Épinay-sur-Seine;1975.0;1950.0;C;B;BETON;BETON;5.0;11.0;5474.0;Tertiaire & Autres;Tertiaire;"[""REGION ILE DE FRANCE""]"
0930120A;KRDW55Y1KPNE;Lycée général et technologique Jacques Feyder;093;lycée;LYCEE ENSEIGNT GENERAL ET TECHNOLOGIQUE;Epinay-sur-Seine;1965-05-01;bdnb-bc-1Z5Q-HZSL-WCY7;bdnb-bg-AWMD-QSR7-HYUB;93;112.0;4.4;Épinay-sur-Seine;;;;;;;;4.0;112.0;;Tertiaire;
0930120A;61149K23CEPW;Lycée général et technologique Jacques Feyder;093;lycée;LYCEE ENSEIGNT GENERAL ET TECHNOLOGIQUE;Epinay-sur-Seine;1965-05-01;bdnb-bc-2NGD-ML21-EFK6;bdnb-bg-8S8X-GJTQ-ZSE2;93;607.0;9.8;Épinay-sur-Seine;1975.0;1950.0;C;B;BETON;BETON;5.0;11.0;5474.0;Tertiaire & Autres;Tertiaire;"[""REGION ILE DE FRANCE""]"
0930120A;TXKZ6R5QKN29;Lycée général et technologique Jacques Feyder;093;lycée;LYCEE ENSEIGNT GENERAL ET TECHNOLOGIQUE;Epinay-sur-Seine;1965-05-01;bdnb-bc-J63D-MBL7-VZP4;bdnb-bg-8S8X-GJTQ-ZSE2;93;952.0;9.1;Épinay-sur-Seine;1975.0;1950.0;C;B;BETON;BETON;5.0;11.0;5474.0;Tertiaire & Autres;Tertiaire;"[""REGION ILE DE FRANCE""]"
0930120A;EPCQBS6WHK2J;Lycée général et technologique Jacques Feyder;093;lycée;LYCEE ENSEIGNT GENERAL ET TECHNOLOGIQUE;Epinay-sur-Seine;1965-05-01;;;;;;;;;;;;;;;;;;
0930120A;N411KV3TJ93V;Lycée général et technologique Jacques Feyder;093;lycée;LYCEE ENSEIGNT GENERAL ET TECHNOLOGIQUE;Epinay-sur-Seine;1965-05-01;bdnb-bc-3M8C-YRGK-ZXN2;bdnb-bg-KJV7-C46B-L4FK;93;210.0;14.6;Épinay-sur-Seine;;;;;;;;15.0;210.0;;Tertiaire;
0930120A;YKNQSH7SVTV9;Lycée général et technologique Jacques Feyder;093;lycée;LYCEE ENSEIGNT GENERAL ET TECHNOLOGIQUE;Epinay-sur-Seine;1965-05-01;bdnb-bc-257W-2SQY-YKB3;bdnb-bg-8S8X-GJTQ-ZSE2;93;248.0;14.6;Épinay-sur-Seine;1975.0;1950.0;C;B;BETON;BETON;5.0;11.0;5474.0;Tertiaire & Autres;Tertiaire;"[""REGION ILE DE FRANCE""]"
0930120A;TW1NM8S4FXZZ;Lycée général et technologique Jacques Feyder;093;lycée;LYCEE ENSEIGNT GENERAL ET TECHNOLOGIQUE;Epinay-sur-Seine;1965-05-01;bdnb-bc-DDQ8-HB75-TTAJ;bdnb-bg-8S8X-GJTQ-ZSE2;93;1524.0;5.0;Épinay-sur-Seine;1975.0;1950.0;C;B;BETON;BETON;5.0;11.0;5474.0;Tertiaire & Autres;Tertiaire;"[""REGION ILE DE FRANCE""]"
0930120A;VY2WGJQD8WJT;Lycée général et technologique Jacques Feyder;093;lycée;LYCEE ENSEIGNT GENERAL ET TECHNOLOGIQUE;Epinay-sur-Seine;1965-05-01;bdnb-bc-NJJ9-MRBD-DK9B;bdnb-bg-8S8X-GJTQ-ZSE2;93;778.0;11.2;Épinay-sur-Seine;1975.0;1950.0;C;B;BETON;BETON;5.0;11.0;5474.0;Tertiaire & Autres;Tertiaire;"[""REGION ILE DE FRANCE""]"
0930138V;PJEX7PPNNT9T;Lycée professionnel Frédéric Bartholdi - Lycée des métiers des structures métalliques et de l'énergie;093;lycée;LYCEE PROFESSIONNEL;Saint-Denis;1965-05-01;bdnb-bc-E4A4-9XKR-4DW7;bdnb-bg-GERM-Q3DY-8H4R;93;1075.0;11.5;Saint-Denis;;;;;;;;9.0;2292.0;;Tertiaire;
0930138V;RGDFKGDRC3TW;Lycée professionnel Frédéric Bartholdi - Lycée des métiers des structures métalliques et de l'énergie;093;lycée;LYCEE PROFESSIONNEL;Saint-Denis;1965-05-01;bdnb-bc-GXX2-FSNX-DSN8;bdnb-bg-JUCT-1WHP-RALC;93;383.0;4.8;Saint-Denis;1989.0;;;;AGGLOMERE - BETON;AUTRES;1.0;5.0;383.0;Résidentiel individuel;Tertiaire;"[""REGION ILE DE FRANCE""]"
0930138V;BBW9G4499N14;Lycée professionnel Frédéric Bartholdi - Lycée des métiers des structures métalliques et de l'énergie;093;lycée;LYCEE PROFESSIONNEL;Saint-Denis;1965-05-01;bdnb-bc-9ZQB-59DQ-Q5KL;bdnb-bg-GERM-Q3DY-8H4R;93;1217.0;6.6;Saint-Denis;;;;;;;;9.0;2292.0;;Tertiaire;
0930149G;EZXY4YKW3Q4Y;Ecole élémentaire Jean Rostand;093;école;ECOLE DE NIVEAU ELEMENTAIRE;Bondy;1965-05-01;bdnb-bc-REMW-PPXX-8SCG;bdnb-bg-LEY9-S8TF-NS7B;93;138.0;6.1;Bondy;1958.0;;;C;AUTRES;TUILES;2.0;6.0;138.0;Résidentiel individuel;Résidentiel individuel;"[""PAPDO MBIANDA REAL ESTATE""]"
0930202P;RQPVRTWCWA6W;Ecole élémentaire Jean Jaurès;093;école;ECOLE DE NIVEAU ELEMENTAIRE;Stains;1965-05-01;bdnb-bc-2ET9-NGWF-GZM8;bdnb-bg-A8B2-AMK1-YWXX;93;2715.0;10.5;Stains;;;;F;;;;7.0;2846.0;;Tertiaire;
0930202P;S4XW7SDCANZW;Ecole élémentaire Jean Jaurès;093;école;ECOLE DE NIVEAU ELEMENTAIRE;Stains;1965-05-01;bdnb-bc-HJTA-ZB9U-NWTF;bdnb-bg-A8B2-AMK1-YWXX;93;95.0;5.5;Stains;;;;F;;;;7.0;2846.0;;Tertiaire;
0930202P;JMTV3SCHGK14;Ecole élémentaire Jean Jaurès;093;école;ECOLE DE NIVEAU ELEMENTAIRE;Stains;1965-05-01;bdnb-bc-Q1EX-GKB6-46EL;bdnb-bg-Y54W-G2E9-4D6J;93;413.0;5.4;Stains;1934.0;;;F;BRIQUES;TUILES;2.0;5.0;413.0;Résidentiel collectif;Résidentiel collectif;"[""COMMUNE DE STAINS""]"
0930202P;ZN4WNZABZA3W;Ecole élémentaire Jean Jaurès;093;école;ECOLE DE NIVEAU ELEMENTAIRE;Stains;1965-05-01;bdnb-bc-2ESJ-ASQ9-PLA9;bdnb-bg-LGQ3-4NYW-YNA4;93;149.0;7.2;Stains;1934.0;;;F;MEULIERE;TUILES;2.0;7.0;149.0;Résidentiel collectif;Tertiaire;"[""COMMUNE DE STAINS""]"
0930202P;PQQCFFSBPPE2;Ecole élémentaire Jean Jaurès;093;école;ECOLE DE NIVEAU ELEMENTAIRE;Stains;1965-05-01;bdnb-bc-DP1Y-WHKU-5BJR;bdnb-bg-A8B2-AMK1-YWXX;93;36.0;5.8;Stains;;;;F;;;;7.0;2846.0;;Tertiaire;
0930205T;WE4YNGNTAERP;Ecole élémentaire d'application Roger Sémat;093;école;ECOLE ELEMENTAIRE D APPLICATION;Saint-Denis;1965-05-01;bdnb-bc-RXVN-JEGQ-BU9Y;bdnb-bg-DF5S-Y1CV-HDPU;93;1736.0;11.3;Saint-Denis;1962.0;;;;BETON;BETON;2.0;9.0;2259.0;Résidentiel collectif;Tertiaire;"[""COMMUNE DE SAINT-DENIS""]"
0930223M;Y36MVDMYW5FH;Ecole élémentaire Louis Blériot;093;école;ECOLE DE NIVEAU ELEMENTAIRE;Saint-Denis;1965-05-01;bdnb-bc-9R8Y-PPZU-XJHK;bdnb-bg-PU6T-PEUV-5KTZ;93;2807.0;6.5;Saint-Denis;1935.0;;;;BRIQUES;TUILES;3.0;5.0;3040.0;Résidentiel collectif;Tertiaire;"[""COMMUNE DE SAINT-DENIS""]"
0930237C;VGKEGQCM413V;Ecole élémentaire Mainguy-Guehenno;093;école;ECOLE DE NIVEAU ELEMENTAIRE;Bondy;1965-05-01;bdnb-bc-SLE4-KFQM-LB79;bdnb-bg-J88X-QWR7-G5ZC;93;3732.0;11.1;Bondy;2012.0;;;;BETON - BRIQUES;BETON;2.0;11.0;3732.0;Tertiaire & Autres;Tertiaire;"[""COMMUNE DE BONDY""]"
0930239E;KX4ZHDEJXVQH;Ecole élémentaire Pierre Brossolette;093;école;ECOLE DE NIVEAU ELEMENTAIRE;Les Pavillons-sous-Bois;1965-05-01;bdnb-bc-R6N2-B8ZU-YWBT;bdnb-bg-WFFZ-BSW4-FRUY;93;103.0;5.7;Les Pavillons-sous-Bois;1996.0;;;;INDETERMINE;INDETERMINE;2.0;6.0;2250.0;Tertiaire & Autres;Tertiaire;"[""COMMUNE DE PAVILLONS SOUS BOIS""]"
0930239E;4N9JG1QCEYFN;Ecole élémentaire Pierre Brossolette;093;école;ECOLE DE NIVEAU ELEMENTAIRE;Les Pavillons-sous-Bois;1965-05-01;bdnb-bc-Q9EC-87Z1-FTHA;bdnb-bg-WFFZ-BSW4-FRUY;93;1169.0;7.3;Les Pavillons-sous-Bois;1996.0;;;;INDETERMINE;INDETERMINE;2.0;6.0;2250.0;Tertiaire & Autres;Tertiaire;"[""COMMUNE DE PAVILLONS SOUS BOIS""]"
0930239E;C2WQZ871VBC3;Ecole élémentaire Pierre Brossolette;093;école;ECOLE DE NIVEAU ELEMENTAIRE;Les Pavillons-sous-Bois;1965-05-01;bdnb-bc-9G7D-BV12-HQCH;bdnb-bg-WFFZ-BSW4-FRUY;93;821.0;4.7;Les Pavillons-sous-Bois;1996.0;;;;INDETERMINE;INDETERMINE;2.0;6.0;2250.0;Tertiaire & Autres;Tertiaire;"[""COMMUNE DE PAVILLONS SOUS BOIS""]"
0930239E;VJCYYN6ZR2EA;Ecole élémentaire Pierre Brossolette;093;école;ECOLE DE NIVEAU ELEMENTAIRE;Les Pavillons-sous-Bois;1965-05-01;bdnb-bc-EZCX-8B3W-ENFF;bdnb-bg-WFFZ-BSW4-FRUY;93;107.0;6.3;Les Pavillons-sous-Bois;1996.0;;;;INDETERMINE;INDETERMINE;2.0;6.0;2250.0;Tertiaire & Autres;Tertiaire;"[""COMMUNE DE PAVILLONS SOUS BOIS""]"
0930240F;C2JT5PXFBN9A;Ecole élémentaire Pierre Brossolette;093;école;ECOLE DE NIVEAU ELEMENTAIRE;Noisy-le-Sec;1965-05-01;bdnb-bc-XBAY-298S-2YJY;bdnb-bg-YTVG-84WF-XAGB;93;496.0;8.3;Noisy-le-Sec;2007.0;;;;BRIQUES - MEULIERE;INDETERMINE;2.0;5.0;1801.0;Résidentiel individuel;Tertiaire;"[""COMMUNE DE NOISY LE SEC""]"
0930306C;VCNNRB2JGT5Z;Ecole élémentaire Daniel Sorano;093;école;ECOLE DE NIVEAU ELEMENTAIRE;Saint-Denis;1965-05-01;bdnb-bc-H5VK-WSFA-LWYN;bdnb-bg-KQPM-R16B-SML7;93;2481.0;12.1;Saint-Denis;1935.0;;;;INDETERMINE;INDETERMINE;2.0;12.0;3553.0;Tertiaire & Autres;Tertiaire;"[""COMMUNE DE SAINT-DENIS""]"
0930322V;QC3D463E4V9F;Ecole élémentaire Pablo Picasso;093;école;ECOLE DE NIVEAU ELEMENTAIRE;Drancy;1983-09-01;bdnb-bc-EQVK-CRAW-T9EC;bdnb-bg-QT8V-VC23-WU9K;93;1630.0;14.9;Drancy;;;;;;;;15.0;1630.0;;Tertiaire;
0930322V;2ZEQC954QRFX;Ecole élémentaire Pablo Picasso;093;école;ECOLE DE NIVEAU ELEMENTAIRE;Drancy;1983-09-01;bdnb-bc-9NS3-Y7SZ-YLHJ;bdnb-bg-WN92-KX8P-TXAL;93;1382.0;12.0;Drancy;1930.0;;;;AGGLOMERE - BRIQUES;TUILES;3.0;12.0;1382.0;Résidentiel collectif;Tertiaire;"[""COMMUNE DE DRANCY""]"
0930353D;5S2EWQM8JTDH;Ecole élémentaire Diderot 2;093;école;ECOLE DE NIVEAU ELEMENTAIRE;Montreuil;1965-05-01;bdnb-bc-7G7D-9VS9-Q4JS;bdnb-bg-H3GE-W7BW-7PWE;93;859.0;10.4;Montreuil;1961.0;1974.0;D;;BETON;BETON;3.0;13.0;2391.0;Résidentiel collectif;Tertiaire;"[""COMMUNE DE MONTREUIL""]"
0930366T;VGKEGQCM413V;Ecole élémentaire Jacques Bethinger;093;école;ECOLE DE NIVEAU ELEMENTAIRE;Bondy;1965-05-01;bdnb-bc-SLE4-KFQM-LB79;bdnb-bg-J88X-QWR7-G5ZC;93;3732.0;11.1;Bondy;2012.0;;;;BETON - BRIQUES;BETON;2.0;11.0;3732.0;Tertiaire & Autres;Tertiaire;"[""COMMUNE DE BONDY""]"
0930374B;1G8RZ3G2W6GV;Ecole élémentaire Sadi Carnot;093;école;ECOLE DE NIVEAU ELEMENTAIRE;Pantin;1965-05-01;bdnb-bc-S43U-8FFM-7M83;bdnb-bg-4L7N-EZWF-ZE1J;93;2328.0;9.9;Pantin;1890.0;;;C;PIERRE;TUILES;4.0;10.0;2353.0;Résidentiel collectif;Tertiaire;"[""COMMUNE DE PANTIN""]"
0930383L;A245RAF2QBWW;Ecole élémentaire Jean Jaurès;093;école;ECOLE DE NIVEAU ELEMENTAIRE;Montreuil;1965-05-01;bdnb-bc-29DN-WW7R-6SGZ;bdnb-bg-9L15-UJZG-XXL7;93;963.0;13.7;Montreuil;;;;;;;;8.0;1434.0;;Tertiaire;
0930383L;NWNPQS6WM9Y6;Ecole élémentaire Jean Jaurès;093;école;ECOLE DE NIVEAU ELEMENTAIRE;Montreuil;1965-05-01;bdnb-bc-Y52U-4QH2-QLUW;bdnb-bg-9L15-UJZG-XXL7;93;28.0;6.1;Montreuil;;;;;;;;8.0;1434.0;;Tertiaire;
0930383L;HK5F14Q8WKTB;Ecole élémentaire Jean Jaurès;093;école;ECOLE DE NIVEAU ELEMENTAIRE;Montreuil;1965-05-01;bdnb-bc-PNA6-8724-3PF8;bdnb-bg-9L15-UJZG-XXL7;93;125.0;6.7;Montreuil;;;;;;;;8.0;1434.0;;Tertiaire;
0930383L;E1A8K3Z53T8Z;Ecole élémentaire Jean Jaurès;093;école;ECOLE DE NIVEAU ELEMENTAIRE;Montreuil;1965-05-01;bdnb-bc-SN4Y-71FQ-M9TS;bdnb-bg-9L15-UJZG-XXL7;93;65.0;7.6;Montreuil;;;;;;;;8.0;1434.0;;Tertiaire;
0930383L;BP4Y6Q963GNN;Ecole élémentaire Jean Jaurès;093;école;ECOLE DE NIVEAU ELEMENTAIRE;Montreuil;1965-05-01;bdnb-bc-9N1E-6UJZ-9FB5;bdnb-bg-9L15-UJZG-XXL7;93;188.0;7.5;Montreuil;;;;;;;;8.0;1434.0;;Tertiaire;
0930389T;6K5VTCW4KBX1;Ecole élémentaire Jean Jaurès;093;école;ECOLE DE NIVEAU ELEMENTAIRE;Dugny;1965-05-01;bdnb-bc-1Q8C-TP3F-CLZ5;bdnb-bg-F1NC-75S8-BT4N;93;1287.0;11.9;Dugny;2020.0;;;C;BRIQUES;BETON;2.0;5.0;3733.0;Tertiaire & Autres;Tertiaire;"[""COMMUNE DE DUGNY""]"
0930390U;PTP4ED3GW2JR;Ecole élémentaire  Fabien;093;école;ECOLE DE NIVEAU ELEMENTAIRE;Montreuil;1965-05-01;bdnb-bc-85YU-T5BC-W1V7;bdnb-bg-AMJK-QDQH-X2YA;93;1873.0;10.5;Montreuil;1936.0;;;;BETON - BRIQUES;BETON;3.0;9.0;2416.0;Résidentiel collectif;Tertiaire;"[""DEPARTEMENT DE LA SEINE SAINT DENIS"", ""ETAT PAR DIRECTION DE L IMMOBILIER DE L ETAT""]"
0930391V;X1EKE2S6F2K5;Ecole primaire Colonel Fabien;093;école;ECOLE DE NIVEAU ELEMENTAIRE;Dugny;1965-05-01;;;;;;;;;;;;;;;;;;
0930391V;84TFKH88T3ZY;Ecole primaire Colonel Fabien;093;école;ECOLE DE NIVEAU ELEMENTAIRE;Dugny;1965-05-01;bdnb-bc-66BR-1L2G-BD34;bdnb-bg-BLMH-H95P-Q9ME;93;562.0;7.5;Dugny;;;;;;;;5.0;1312.0;;Tertiaire;
0930391V;EZJDJTAQ634T;Ecole primaire Colonel Fabien;093;école;ECOLE DE NIVEAU ELEMENTAIRE;Dugny;1965-05-01;;;;;;;;;;;;;;;;;;
0930391V;M8T57SWC9KW3;Ecole primaire Colonel Fabien;093;école;ECOLE DE NIVEAU ELEMENTAIRE;Dugny;1965-05-01;;;;;;;;;;;;;;;;;;
0930391V;BH6TH625WN9G;Ecole primaire Colonel Fabien;093;école;ECOLE DE NIVEAU ELEMENTAIRE;Dugny;1965-05-01;bdnb-bc-BHTE-NQSR-XQWP;bdnb-bg-BLMH-H95P-Q9ME;93;428.0;4.1;Dugny;;;;;;;;5.0;1312.0;;Tertiaire;
0930391V;GD73ASXXE14N;Ecole primaire Colonel Fabien;093;école;ECOLE DE NIVEAU ELEMENTAIRE;Dugny;1965-05-01;;;;;;;;;;;;;;;;;;
0930391V;WBCA1RMY8GHH;Ecole primaire Colonel Fabien;093;école;ECOLE DE NIVEAU ELEMENTAIRE;Dugny;1965-05-01;;;;;;;;;;;;;;;;;;
0930400E;ZWVDGHYX131K;Ecole élémentaire Charlie Chaplin;093;école;ECOLE DE NIVEAU ELEMENTAIRE;La Courneuve;1965-05-01;bdnb-bc-RHGG-U6GD-CUEL;bdnb-bg-2W5G-GJQY-T4L1;93;1353.0;3.7;La Courneuve;1994.0;1979.0;D;;AUTRES;AUTRES;2.0;4.0;3805.0;Résidentiel collectif;Tertiaire;"[""COMMUNE DE LA COURNEUVE""]"
0930418Z;5QH1Q7M16PTS;Ecole maternelle Romain Rolland;093;école;ECOLE MATERNELLE;Montreuil;1965-05-01;bdnb-bc-W44B-TDJB-GZWR;bdnb-bg-MQSP-P2RG-Q7UT;93;180.0;7.0;Montreuil;;;;;;;;9.0;4252.0;;Tertiaire;
0930418Z;24XVJSPAHVCM;Ecole maternelle Romain Rolland;093;école;ECOLE MATERNELLE;Montreuil;1965-05-01;bdnb-bc-M92S-TMMM-WJGY;bdnb-bg-MQSP-P2RG-Q7UT;93;2598.0;10.8;Montreuil;;;;;;;;9.0;4252.0;;Tertiaire;
0930418Z;5A9RD68CH1KT;Ecole maternelle Romain Rolland;093;école;ECOLE MATERNELLE;Montreuil;1965-05-01;bdnb-bc-FB4E-G4BH-7KMB;bdnb-bg-MQSP-P2RG-Q7UT;93;221.0;15.2;Montreuil;;;;;;;;9.0;4252.0;;Tertiaire;
0930418Z;1MH19FMF4RB8;Ecole maternelle Romain Rolland;093;école;ECOLE MATERNELLE;Montreuil;1965-05-01;bdnb-bc-CALT-MXKJ-PUEG;bdnb-bg-MQSP-P2RG-Q7UT;93;836.0;8.2;Montreuil;;;;;;;;9.0;4252.0;;Tertiaire;
0930418Z;ZSZ5PSVDNSNQ;Ecole maternelle Romain Rolland;093;école;ECOLE MATERNELLE;Montreuil;1965-05-01;bdnb-bc-1SS7-ED8Y-9SEK;bdnb-bg-MQSP-P2RG-Q7UT;93;65.0;4.3;Montreuil;;;;;;;;9.0;4252.0;;Tertiaire;
0930418Z;BHEWKVWMFWJ2;Ecole maternelle Romain Rolland;093;école;ECOLE MATERNELLE;Montreuil;1965-05-01;bdnb-bc-GZKG-K2RK-63JJ;bdnb-bg-MQSP-P2RG-Q7UT;93;306.0;9.7;Montreuil;;;;;;;;9.0;4252.0;;Tertiaire;
0930418Z;D7GD8XAB4YRD;Ecole maternelle Romain Rolland;093;école;ECOLE MATERNELLE;Montreuil;1965-05-01;bdnb-bc-F97S-4FEP-YQCU;bdnb-bg-MQSP-P2RG-Q7UT;93;35.0;5.8;Montreuil;;;;;;;;9.0;4252.0;;Tertiaire;
0930418Z;DEAM7K6RFNG8;Ecole maternelle Romain Rolland;093;école;ECOLE MATERNELLE;Montreuil;1965-05-01;bdnb-bc-N6HR-LG6T-A2MK;bdnb-bg-FFG4-3BXD-D5F6;93;244.0;5.9;Montreuil;1959.0;;;;AGGLOMERE - BETON;BETON;2.0;6.0;295.0;Résidentiel collectif;Résidentiel collectif;"[""COMMUNE DE MONTREUIL""]"
0930418Z;YEHDYG1NHHHX;Ecole maternelle Romain Rolland;093;école;ECOLE MATERNELLE;Montreuil;1965-05-01;bdnb-bc-6QHA-YEP7-3WSS;bdnb-bg-FFG4-3BXD-D5F6;93;51.0;5.9;Montreuil;1959.0;;;;AGGLOMERE - BETON;BETON;2.0;6.0;295.0;Résidentiel collectif;Résidentiel collectif;"[""COMMUNE DE MONTREUIL""]"
0930420B;J434KKD97E15;Ecole maternelle Marcel Cachin;093;école;ECOLE MATERNELLE;Drancy;1965-05-01;bdnb-bc-CVZ1-4A13-F62B;bdnb-bg-GUA2-397W-UQKN;93;733.0;3.8;Le Blanc-Mesnil;1971.0;;;C;BETON;BETON;4.0;8.0;4269.0;Résidentiel collectif;Tertiaire;"[""COMMUNE DE DUGNY""]"
0930421C;WFW8RTNQ9H7E;Ecole maternelle Francine Fromond;093;école;ECOLE MATERNELLE;Aubervilliers;1965-05-01;bdnb-bc-KXAJ-QNHS-TJDR;bdnb-bg-WPUB-RWFF-4K8X;93;1716.0;7.2;Aubervilliers;1950.0;;;;BRIQUES;TUILES;2.0;7.0;1716.0;Résidentiel individuel;Tertiaire;"[""COMMUNE DE SAINT-DENIS""]"
0930423E;SDBE85GNTYJG;Ecole maternelle Pauline Kergomard;093;école;ECOLE MATERNELLE;Rosny-sous-Bois;1965-05-01;bdnb-bc-8ZXB-H9ZA-X1LH;bdnb-bg-EDPF-32LC-X5J7;93;2045.0;6.5;Rosny-sous-Bois;1928.0;;;C;BETON - PIERRE;BETON;2.0;6.0;2735.0;Tertiaire & Autres;Tertiaire;"[""COMMUNE DE ROSNY-SOUS-BOIS""]"
0930429L;RGP899X7RC44;Ecole maternelle Jean-Jacques Rousseau;093;école;ECOLE MATERNELLE;Epinay-sur-Seine;1965-05-01;bdnb-bc-1LE4-PW95-9XSY;bdnb-bg-9E3F-CVKU-4RRM;93;1043.0;3.0;Épinay-sur-Seine;1958.0;1957.0;D;;BETON;AUTRES;2.0;3.0;1043.0;Résidentiel collectif;Tertiaire;"[""COMMUNE D EPINAY SUR SEINE""]"
0930434S;2C93X2DXM1VB;Ecole maternelle Moulin Basset;093;école;ECOLE MATERNELLE;Saint-Denis;1965-05-01;bdnb-bc-7RXL-J4EJ-YU3B;bdnb-bg-PNTF-BX25-74DJ;93;873.0;7.9;Saint-Denis;1993.0;;;;PIERRE;TUILES;1.0;11.0;3925.0;Résidentiel individuel;Tertiaire;"[""COMMUNE DE SAINT-DENIS""]"
0930439X;BEPMW9BRPMA6;Ecole maternelle Danielle Casanova;093;école;ECOLE MATERNELLE;Montreuil;1965-05-01;bdnb-bc-JZ67-Y4SH-T4AH;bdnb-bg-GP8R-2M92-42VV;93;1000.0;7.3;Montreuil;1955.0;;;;BRIQUES;ZINC ALUMINIUM;1.0;7.0;1000.0;Résidentiel individuel;Tertiaire;"[""COMMUNE DE MONTREUIL""]"
0930450J;1K8F1PGTKY2N;Ecole maternelle Jean Jaurès;093;école;ECOLE MATERNELLE;Bobigny;1965-05-01;bdnb-bc-UP8Q-G9VD-XFGC;bdnb-bg-C3D9-ADN3-F3ZU;93;3858.0;11.7;Bobigny;2020.0;;;;INDETERMINE;INDETERMINE;1.0;9.0;5803.0;Tertiaire & Autres;Tertiaire;"[""COMMUNE DE BOBIGNY"", ""DEPARTEMENT DE LA SEINE SAINT DENIS""]"
0930455P;T5KWT8K4BQTC;Ecole maternelle Léon Gambetta;093;école;ECOLE MATERNELLE;Noisy-le-Sec;1965-05-01;bdnb-bc-8DYQ-XWXG-HU8G;bdnb-bg-TQP5-C6VG-XW6E;93;879.0;4.0;Noisy-le-Sec;1963.0;;;;BRIQUES;TUILES;2.0;4.0;879.0;Résidentiel collectif;Tertiaire;"[""COMMUNE DE NOISY LE SEC""]"
0930456R;MCJ68AGYN1NH;Ecole maternelle Louis Pasteur;093;école;ECOLE MATERNELLE;Bondy;1965-05-01;bdnb-bc-CJ3L-J8UT-BXWF;bdnb-bg-V4LS-ZBTD-ZLGT;93;4120.0;7.4;Bondy;1930.0;;;C;MEULIERE;TUILES;2.0;4.0;4575.0;Tertiaire & Autres;Tertiaire;"[""COMMUNE DE BONDY""]"
0930466B;3V34159481X6;Ecole maternelle Henri Wallon;093;école;ECOLE MATERNELLE;Villetaneuse;1965-05-01;bdnb-bc-824Q-GGC3-K5ZD;bdnb-bg-T4CS-4KSA-QZBJ;93;686.0;7.4;Villetaneuse;;;;C;;;;7.0;2284.0;;Tertiaire;
0930468D;SA79DAAVE2Z2;Ecole maternelle Jacqueline Quatremaire;093;école;ECOLE MATERNELLE;Drancy;1965-05-01;bdnb-bc-V6VK-WFE7-E1BX;bdnb-bg-BTG1-FA97-FPVS;93;1445.0;8.2;Drancy;;;;;AUTRES;AUTRES;1.0;31.0;1569.0;Résidentiel collectif;Tertiaire;"[""COMMUNE DE DRANCY""]"
0930500N;AHWB1VJRVXXY;Ecole maternelle Paul Vaillant-Couturier;093;école;ECOLE MATERNELLE;Stains;1965-05-01;bdnb-bc-MXMH-ACDJ-AY1L;bdnb-bg-9C6Z-F9XG-JU87;93;1524.0;6.6;Stains;1934.0;;;;BRIQUES - MEULIERE;TUILES;2.0;5.0;1744.0;Tertiaire & Autres;Tertiaire;"[""COMMUNE DE STAINS""]"
0930500N;8HPJSQRWKCQ5;Ecole maternelle Paul Vaillant-Couturier;093;école;ECOLE MATERNELLE;Stains;1965-05-01;bdnb-bc-U8XD-VAE7-9VT3;bdnb-bg-9C6Z-F9XG-JU87;93;220.0;4.1;Stains;1934.0;;;;BRIQUES - MEULIERE;TUILES;2.0;5.0;1744.0;Tertiaire & Autres;Tertiaire;"[""COMMUNE DE STAINS""]"
0930510Z;CNYPBRHJ3EN2;Ecole maternelle Louis Pasteur;093;école;ECOLE MATERNELLE;Epinay-sur-Seine;1965-05-01;bdnb-bc-HQCY-AVGW-VWEE;bdnb-bg-NUBA-N1GS-E96A;93;2366.0;11.8;Épinay-sur-Seine;1900.0;;;;BRIQUES;TUILES;3.0;5.0;3803.0;Résidentiel collectif;Tertiaire;"[""COMMUNE D EPINAY SUR SEINE""]"
0930512B;T9VDQFE1DRV8;Ecole maternelle Paul Langevin;093;école;ECOLE MATERNELLE;Bagnolet;1965-05-01;bdnb-bc-HENM-X6SN-KNT6;bdnb-bg-7NPU-H1CG-QXY2;93;762.0;5.0;Bagnolet;1960.0;;;;AGGLOMERE - BETON;ZINC ALUMINIUM;2.0;;837.0;Résidentiel collectif;Tertiaire;"[""COMMUNE DE BAGNOLET""]"
0930512B;A4WGJFHAW5D9;Ecole maternelle Paul Langevin;093;école;ECOLE MATERNELLE;Bagnolet;1965-05-01;bdnb-bc-1CLD-3FFT-NW8Y;bdnb-bg-7NPU-H1CG-QXY2;93;75.0;5.0;Bagnolet;1960.0;;;;AGGLOMERE - BETON;ZINC ALUMINIUM;2.0;;837.0;Résidentiel collectif;Tertiaire;"[""COMMUNE DE BAGNOLET""]"
0930521L;BY5BWPZVY24A;Ecole maternelle Floréal;093;école;ECOLE MATERNELLE;Saint-Denis;1965-05-01;bdnb-bc-M6VP-ZBJQ-HUTD;bdnb-bg-28CN-13YS-3QJ1;93;1292.0;2.8;Saint-Denis;;;;;;;;3.0;2025.0;;Tertiaire;
0930524P;MFSKKRA4JY4B;Ecole maternelle Anatole France;093;école;ECOLE MATERNELLE;Epinay-sur-Seine;1965-05-01;bdnb-bc-Z2QU-L21X-FMGX;bdnb-bg-FJQ5-BJCR-FY46;93;2034.0;8.8;Épinay-sur-Seine;;;;;;;;8.0;2305.0;;Tertiaire;
0930527T;XQXNDXHPQTQR;Ecole maternelle Diderot;093;école;ECOLE MATERNELLE;Montreuil;1965-05-01;bdnb-bc-ZJP5-92J2-4FMZ;bdnb-bg-GL45-A1T8-7WFN;93;842.0;7.3;Montreuil;;1974.0;D;;;;;6.0;878.0;;Tertiaire;
0930531X;D821M8MHVFEV;Ecole maternelle Pierre Curie;093;école;ECOLE MATERNELLE;Bondy;1965-05-01;bdnb-bc-952W-7EW8-YYWT;bdnb-bg-7UA8-JASK-U84Z;93;1012.0;1.3;Bondy;;;;;;;;5.0;4167.0;;Tertiaire;
0930532Y;A245RAF2QBWW;Ecole maternelle Jean Jaurès;093;école;ECOLE MATERNELLE;Montreuil;1965-05-01;bdnb-bc-29DN-WW7R-6SGZ;bdnb-bg-9L15-UJZG-XXL7;93;963.0;13.7;Montreuil;;;;;;;;8.0;1434.0;;Tertiaire;
0930532Y;NWNPQS6WM9Y6;Ecole maternelle Jean Jaurès;093;école;ECOLE MATERNELLE;Montreuil;1965-05-01;bdnb-bc-Y52U-4QH2-QLUW;bdnb-bg-9L15-UJZG-XXL7;93;28.0;6.1;Montreuil;;;;;;;;8.0;1434.0;;Tertiaire;
0930532Y;HK5F14Q8WKTB;Ecole maternelle Jean Jaurès;093;école;ECOLE MATERNELLE;Montreuil;1965-05-01;bdnb-bc-PNA6-8724-3PF8;bdnb-bg-9L15-UJZG-XXL7;93;125.0;6.7;Montreuil;;;;;;;;8.0;1434.0;;Tertiaire;
0930532Y;E1A8K3Z53T8Z;Ecole maternelle Jean Jaurès;093;école;ECOLE MATERNELLE;Montreuil;1965-05-01;bdnb-bc-SN4Y-71FQ-M9TS;bdnb-bg-9L15-UJZG-XXL7;93;65.0;7.6;Montreuil;;;;;;;;8.0;1434.0;;Tertiaire;
0930532Y;BP4Y6Q963GNN;Ecole maternelle Jean Jaurès;093;école;ECOLE MATERNELLE;Montreuil;1965-05-01;bdnb-bc-9N1E-6UJZ-9FB5;bdnb-bg-9L15-UJZG-XXL7;93;188.0;7.5;Montreuil;;;;;;;;8.0;1434.0;;Tertiaire;
0930533Z;QV7M6467BSB5;Ecole maternelle Voltaire;093;école;ECOLE MATERNELLE;Montreuil;1965-05-01;bdnb-bc-UGVK-HHFL-3EAM;bdnb-bg-2B81-9PZC-ZT24;93;1304.0;11.8;Montreuil;1964.0;;;;BRIQUES;TUILES;2.0;15.0;3726.0;Tertiaire & Autres;Tertiaire;"[""COMMUNE DE MONTREUIL""]"
0930546N;MCJ68AGYN1NH;Ecole élémentaire d'application Louis Pasteur;093;école;ECOLE ELEMENTAIRE D APPLICATION;Bondy;1965-05-01;bdnb-bc-CJ3L-J8UT-BXWF;bdnb-bg-V4LS-ZBTD-ZLGT;93;4120.0;7.4;Bondy;1930.0;;;C;MEULIERE;TUILES;2.0;4.0;4575.0;Tertiaire & Autres;Tertiaire;"[""COMMUNE DE BONDY""]"
0930572S;Q11SR6A4DVKY;Ecole élémentaire Jean Jaurès 2;093;école;ECOLE DE NIVEAU ELEMENTAIRE;Epinay-sur-Seine;1966-09-30;bdnb-bc-RQ1T-AAT6-XTNT;bdnb-bg-FDY4-UABF-Z34F;93;710.0;7.9;Épinay-sur-Seine;;;;;;;;5.0;5980.0;;Tertiaire;
0930572S;VDCFD5W18GJD;Ecole élémentaire Jean Jaurès 2;093;école;ECOLE DE NIVEAU ELEMENTAIRE;Epinay-sur-Seine;1966-09-30;;;;;;;;;;;;;;;;;;
0930572S;EM6PKZFP5D8P;Ecole élémentaire Jean Jaurès 2;093;école;ECOLE DE NIVEAU ELEMENTAIRE;Epinay-sur-Seine;1966-09-30;;;;;;;;;;;;;;;;;;
0930572S;54MC1NS6JVW4;Ecole élémentaire Jean Jaurès 2;093;école;ECOLE DE NIVEAU ELEMENTAIRE;Epinay-sur-Seine;1966-09-30;;;;;;;;;;;;;;;;;;
0930572S;1E23BWDYNESG;Ecole élémentaire Jean Jaurès 2;093;école;ECOLE DE NIVEAU ELEMENTAIRE;Epinay-sur-Seine;1966-09-30;bdnb-bc-PPVH-9P5N-RK88;bdnb-bg-FDY4-UABF-Z34F;93;128.0;4.9;Épinay-sur-Seine;;;;;;;;5.0;5980.0;;Tertiaire;
0930572S;N7NRYTRPSMS2;Ecole élémentaire Jean Jaurès 2;093;école;ECOLE DE NIVEAU ELEMENTAIRE;Epinay-sur-Seine;1966-09-30;bdnb-bc-5N85-SLG7-6DGR;bdnb-bg-FDY4-UABF-Z34F;93;801.0;2.8;Épinay-sur-Seine;;;;;;;;5.0;5980.0;;Tertiaire;
0930572S;EAH9Q5GYDCEK;Ecole élémentaire Jean Jaurès 2;093;école;ECOLE DE NIVEAU ELEMENTAIRE;Epinay-sur-Seine;1966-09-30;bdnb-bc-VA71-LWEM-MM7A;bdnb-bg-FDY4-UABF-Z34F;93;95.0;3.8;Épinay-sur-Seine;;;;;;;;5.0;5980.0;;Tertiaire;
0930582C;79Q7A8BB47V6;Ecole maternelle Jean Moulin;093;école;ECOLE MATERNELLE;Montreuil;1965-12-01;bdnb-bc-56YA-C8EA-7SGD;bdnb-bg-AEQ3-VT7L-N1B8;93;1136.0;3.3;Montreuil;1900.0;;;;PIERRE;TUILES;1.0;3.0;1136.0;Résidentiel individuel;Tertiaire;"[""COMMUNE DE MONTREUIL""]"
0930585F;TX1KPD8TGXCD;Ecole maternelle Pré Gentil;093;école;ECOLE MATERNELLE;Rosny-sous-Bois;1965-12-01;bdnb-bc-XLHT-2BAM-MTGX;bdnb-bg-RL6Y-AV8N-8459;93;893.0;6.0;Rosny-sous-Bois;1964.0;;;;BETON;BETON;2.0;7.0;5026.0;Résidentiel collectif;Tertiaire;"[""COMMUNE DE ROSNY-SOUS-BOIS""]"
0930587H;KG7B4YNJEHGW;Ecole maternelle L'Hermitage;093;école;ECOLE MATERNELLE;Saint-Denis;1965-12-01;bdnb-bc-SF7C-UKF6-7Z3H;bdnb-bg-RFFF-LHN9-M1A9;93;686.0;7.0;Saint-Denis;1905.0;;;;BRIQUES;AUTRES;2.0;6.0;2905.0;Résidentiel collectif;Tertiaire;"[""COMMUNE DE SAINT-DENIS""]"
0930611J;M6SRJVNZKF6A;Collège Nelson Mandela;093;collège;COLLEGE;Le Blanc-Mesnil;1965-05-01;bdnb-bc-KCHU-FVHU-17CC;bdnb-bg-7DY5-1CRM-HB32;93;3076.0;8.6;Le Blanc-Mesnil;1994.0;;;;AUTRES;AUTRES;1.0;7.0;3648.0;Résidentiel collectif;Tertiaire;"[""DEPARTEMENT DE LA SEINE SAINT DENIS""]"
0930619T;KZKC18CA7ZXP;Collège Edouard Herriot;093;collège;COLLEGE;Livry-Gargan;1965-05-01;bdnb-bc-7HCN-7YY1-VLPD;bdnb-bg-DTDY-WC1X-DAV9;93;72.0;3.3;Livry-Gargan;;;;;;;;3.0;72.0;;Tertiaire;
0930619T;2ZTTBZRT4BKV;Collège Edouard Herriot;093;collège;COLLEGE;Livry-Gargan;1965-05-01;bdnb-bc-4AED-5MPK-A7V7;bdnb-bg-R4JF-ZZ2M-J7XR;93;1134.0;3.5;Livry-Gargan;1998.0;;;;INDETERMINE;INDETERMINE;1.0;4.0;1134.0;Résidentiel collectif;Tertiaire;"[""DEPARTEMENT DE LA SEINE SAINT DENIS""]"
0930619T;VFE9BDDZ536A;Collège Edouard Herriot;093;collège;COLLEGE;Livry-Gargan;1965-05-01;bdnb-bc-CTYU-ATNJ-RFMM;bdnb-bg-FEHA-XJZL-WVY9;93;285.0;3.7;Livry-Gargan;1973.0;;;;AUTRES;AUTRES;3.0;4.0;285.0;Résidentiel collectif;Tertiaire;"[""DEPARTEMENT DE LA SEINE SAINT DENIS""]"
0930619T;4BCAXV8MMWQ2;Collège Edouard Herriot;093;collège;COLLEGE;Livry-Gargan;1965-05-01;bdnb-bc-LQZK-2GYD-GGEN;bdnb-bg-G5GY-S834-VK62;93;25.0;3.0;Livry-Gargan;;;;;;;;9.0;4970.0;;Tertiaire;
0930623X;HEFN6AGPC4K2;Collège Jean Moulin;093;collège;COLLEGE;Neuilly-Plaisance;1965-11-05;bdnb-bc-VS6C-7E5J-L98U;bdnb-bg-RXQ2-YZDF-LPJF;93;392.0;5.2;Neuilly-Plaisance;2008.0;;E;;INDETERMINE;INDETERMINE;3.0;7.0;6369.0;Tertiaire & Autres;Tertiaire;"[""COMMUNE DE NEUILLY PLAISANCE""]"
0930623X;8AN74V5PNBMG;Collège Jean Moulin;093;collège;COLLEGE;Neuilly-Plaisance;1965-11-05;bdnb-bc-JQUL-BT8Q-1Q8A;bdnb-bg-RXQ2-YZDF-LPJF;93;129.0;6.2;Neuilly-Plaisance;2008.0;;E;;INDETERMINE;INDETERMINE;3.0;7.0;6369.0;Tertiaire & Autres;Tertiaire;"[""COMMUNE DE NEUILLY PLAISANCE""]"
0930623X;VNYFQGAAW619;Collège Jean Moulin;093;collège;COLLEGE;Neuilly-Plaisance;1965-11-05;bdnb-bc-QLHH-MNA9-7TGW;bdnb-bg-RXQ2-YZDF-LPJF;93;73.0;5.4;Neuilly-Plaisance;2008.0;;E;;INDETERMINE;INDETERMINE;3.0;7.0;6369.0;Tertiaire & Autres;Tertiaire;"[""COMMUNE DE NEUILLY PLAISANCE""]"
0930634J;QG4KQ3CZ15ZG;Ecole élémentaire Antoine de Saint-Exupéry;093;école;ECOLE DE NIVEAU ELEMENTAIRE;Gagny;1965-05-01;bdnb-bc-WY8X-2G1D-99DM;bdnb-bg-7V7G-497B-K1PB;93;764.0;11.7;Gagny;2017.0;;;;AUTRES;TUILES;1.0;12.0;764.0;Résidentiel individuel;Tertiaire;"[""COMMUNE DE GAGNY""]"
0930656H;FFCXEE1GNNC6;Ecole élémentaire Joffre;093;école;ECOLE DE NIVEAU ELEMENTAIRE;Neuilly-Plaisance;1965-05-01;bdnb-bc-M1XV-MSZJ-BRH3;bdnb-bg-M4UC-NEYQ-9ES8;93;52.0;7.8;Neuilly-Plaisance;;;;;;;;8.0;52.0;;Tertiaire;
0930656H;MYTE2EBKC5G8;Ecole élémentaire Joffre;093;école;ECOLE DE NIVEAU ELEMENTAIRE;Neuilly-Plaisance;1965-05-01;bdnb-bc-5JVL-JZR8-5NB8;bdnb-bg-GQYK-RYKN-9E3B;93;51.0;5.0;Neuilly-Plaisance;1930.0;;F;;MEULIERE;TUILES;2.0;;51.0;Résidentiel individuel;Tertiaire;"[""COMMUNE DE NEUILLY PLAISANCE""]"
0930656H;RK3YN1T7EPCB;Ecole élémentaire Joffre;093;école;ECOLE DE NIVEAU ELEMENTAIRE;Neuilly-Plaisance;1965-05-01;bdnb-bc-8RJQ-LPM4-VGBA;bdnb-bg-561P-MHD7-GEQE;93;54.0;4.4;Neuilly-Plaisance;1930.0;;E;;MEULIERE;TUILES;4.0;7.0;1169.0;Résidentiel collectif;Tertiaire;"[""COMMUNE DE NEUILLY PLAISANCE""]"
0930656H;S7PXN5WJ1P8Y;Ecole élémentaire Joffre;093;école;ECOLE DE NIVEAU ELEMENTAIRE;Neuilly-Plaisance;1965-05-01;bdnb-bc-5UPX-PQH1-A4TC;bdnb-bg-561P-MHD7-GEQE;93;171.0;5.0;Neuilly-Plaisance;1930.0;;E;;MEULIERE;TUILES;4.0;7.0;1169.0;Résidentiel collectif;Tertiaire;"[""COMMUNE DE NEUILLY PLAISANCE""]"
0930656H;XQW2223YVJS9;Ecole élémentaire Joffre;093;école;ECOLE DE NIVEAU ELEMENTAIRE;Neuilly-Plaisance;1965-05-01;bdnb-bc-QW82-D255-BLS4;bdnb-bg-561P-MHD7-GEQE;93;246.0;4.6;Neuilly-Plaisance;1930.0;;E;;MEULIERE;TUILES;4.0;7.0;1169.0;Résidentiel collectif;Tertiaire;"[""COMMUNE DE NEUILLY PLAISANCE""]"
0930656H;R3KS9A5NDARY;Ecole élémentaire Joffre;093;école;ECOLE DE NIVEAU ELEMENTAIRE;Neuilly-Plaisance;1965-05-01;bdnb-bc-Y4BM-YBXB-KFCW;bdnb-bg-561P-MHD7-GEQE;93;620.0;14.9;Neuilly-Plaisance;1930.0;;E;;MEULIERE;TUILES;4.0;7.0;1169.0;Résidentiel collectif;Tertiaire;"[""COMMUNE DE NEUILLY PLAISANCE""]"
0930656H;7VJP9A2P5SHK;Ecole élémentaire Joffre;093;école;ECOLE DE NIVEAU ELEMENTAIRE;Neuilly-Plaisance;1965-05-01;bdnb-bc-PL3H-7N7C-3YLN;bdnb-bg-561P-MHD7-GEQE;93;46.0;4.4;Neuilly-Plaisance;1930.0;;E;;MEULIERE;TUILES;4.0;7.0;1169.0;Résidentiel collectif;Tertiaire;"[""COMMUNE DE NEUILLY PLAISANCE""]"
0930660M;QFARPHXTGWPS;Ecole élémentaire Cahouettes;093;école;ECOLE DE NIVEAU ELEMENTAIRE;Neuilly-Plaisance;1965-05-01;bdnb-bc-FYN9-JWXF-Y7PB;bdnb-bg-RXQ2-YZDF-LPJF;93;1536.0;8.0;Neuilly-Plaisance;2008.0;;E;;INDETERMINE;INDETERMINE;3.0;7.0;6369.0;Tertiaire & Autres;Tertiaire;"[""COMMUNE DE NEUILLY PLAISANCE""]"
0930667V;455JNJBGYYXW;Ecole élémentaire Paul Serelle;093;école;ECOLE DE NIVEAU ELEMENTAIRE;Noisy-le-Grand;1965-05-01;bdnb-bc-R8UM-VGLQ-SET2;bdnb-bg-W38L-BKDS-TUQB;93;585.0;10.6;Noisy-le-Grand;2009.0;;;;INDETERMINE;INDETERMINE;2.0;5.0;1713.0;Tertiaire & Autres;Tertiaire;"[""COMMUNE DE NOISY LE GRAND""]"
0930694Z;Y3MWXQNKNBGG;Ecole élémentaire Bayard;093;école;ECOLE DE NIVEAU ELEMENTAIRE;Livry-Gargan;1965-05-01;bdnb-bc-6EUK-7Z9Z-BB8P;bdnb-bg-KN69-CW4B-5JGZ;93;416.0;5.9;Livry-Gargan;1931.0;;;G;BRIQUES - MEULIERE;TUILES;3.0;7.0;4317.0;Résidentiel collectif;Tertiaire;"[""COMMUNE DE LIVRY GARGAN"", ""ENEDIS""]"
0930704K;MTXHFQJR4F96;Ecole élémentaire Joliot-Curie;093;école;ECOLE DE NIVEAU ELEMENTAIRE;Montfermeil;1965-05-01;bdnb-bc-BSLX-3SKN-TCWC;bdnb-bg-S7A7-2PR7-YNKW;93;386.0;3.6;Montfermeil;1956.0;1974.0;;C;BETON;TUILES;2.0;5.0;911.0;Résidentiel individuel;Tertiaire;"[""COMMUNE DE MONTFERMEIL""]"
0930704K;SW395X92RTR2;Ecole élémentaire Joliot-Curie;093;école;ECOLE DE NIVEAU ELEMENTAIRE;Montfermeil;1965-05-01;bdnb-bc-GHYD-PCDF-B1VT;bdnb-bg-S7A7-2PR7-YNKW;93;198.0;5.8;Montfermeil;1956.0;1974.0;;C;BETON;TUILES;2.0;5.0;911.0;Résidentiel individuel;Tertiaire;"[""COMMUNE DE MONTFERMEIL""]"
0930704K;Q1KM8996BEAW;Ecole élémentaire Joliot-Curie;093;école;ECOLE DE NIVEAU ELEMENTAIRE;Montfermeil;1965-05-01;bdnb-bc-5TQM-1R24-FGQ8;bdnb-bg-S7A7-2PR7-YNKW;93;279.0;3.2;Montfermeil;1956.0;1974.0;;C;BETON;TUILES;2.0;5.0;911.0;Résidentiel individuel;Tertiaire;"[""COMMUNE DE MONTFERMEIL""]"
0930704K;4K9NCJ5D1193;Ecole élémentaire Joliot-Curie;093;école;ECOLE DE NIVEAU ELEMENTAIRE;Montfermeil;1965-05-01;bdnb-bc-D2KP-H9MM-LE38;bdnb-bg-S7A7-2PR7-YNKW;93;41.0;5.0;Montfermeil;1956.0;1974.0;;C;BETON;TUILES;2.0;5.0;911.0;Résidentiel individuel;Tertiaire;"[""COMMUNE DE MONTFERMEIL""]"
0930724G;164J5HZTXVK4;Ecole élémentaire Jean Jaurès;093;école;ECOLE DE NIVEAU ELEMENTAIRE;Tremblay-en-France;1965-05-01;bdnb-bc-XKU5-ADSN-MBTK;bdnb-bg-TCJ7-F35H-JYZD;93;1028.0;9.3;Tremblay-en-France;1935.0;1930.0;F;;BRIQUES - MEULIERE;TUILES;4.0;6.0;1913.0;Résidentiel collectif;Tertiaire;"[""COMMUNE DE TREMBLAY EN FRANCE""]"
0930729M;T8ZZWGTHDXVW;Ecole élémentaire Vert Galant 2;093;école;ECOLE DE NIVEAU ELEMENTAIRE;Villepinte;1965-05-01;bdnb-bc-BYXX-BF6X-GH1Y;bdnb-bg-6W8M-1XGQ-EXPC;93;600.0;14.8;Villepinte;1962.0;1962.0;C;;BETON - BRIQUES;BETON - AUTRES;5.0;15.0;911.0;Résidentiel collectif;Résidentiel collectif;"[""CDC HABITAT SOCIAL SOCIETE ANONYME D'HABITATIONS A LOYER MOD""]"
0930734T;611HG84TASBB;Ecole élémentaire Nonneville 1;093;école;ECOLE DE NIVEAU ELEMENTAIRE;Aulnay-sous-Bois;1965-05-01;bdnb-bc-TFU7-4RFB-EE3U;bdnb-bg-L4W1-VBCU-T1MS;93;532.0;10.9;Aulnay-sous-Bois;1930.0;;;;BRIQUES;TUILES;2.0;9.0;2353.0;Résidentiel collectif;Tertiaire;"[""COMMUNE DE SEVRAN""]"
0930747G;CXN9BQAN5Z5A;Ecole élémentaire Croix Rouge 2;093;école;ECOLE DE NIVEAU ELEMENTAIRE;Aulnay-sous-Bois;1965-05-01;bdnb-bc-517R-2M2S-BBPG;bdnb-bg-BS5X-F2P3-BJ7M;93;2470.0;5.2;Aulnay-sous-Bois;2001.0;;;;INDETERMINE;INDETERMINE;3.0;5.0;2659.0;Tertiaire & Autres;Tertiaire;"[""COMMUNE DE SEVRAN""]"
0930748H;T13ARDQNY3NV;Ecole élémentaire Ormeteau;093;école;ECOLE DE NIVEAU ELEMENTAIRE;Aulnay-sous-Bois;1965-05-01;bdnb-bc-R82N-V9YZ-Y239;bdnb-bg-9GAG-JUNJ-HFA2;93;1427.0;11.8;Aulnay-sous-Bois;2014.0;;D;;AGGLOMERE;BETON;4.0;8.0;6987.0;Tertiaire & Autres;Tertiaire;"[""COMMUNE DE SEVRAN""]"
0930771H;S23ENTR7PS76;Ecole maternelle Le Bourg;093;école;ECOLE MATERNELLE;Aulnay-sous-Bois;1965-05-01;bdnb-bc-FXBR-UKP4-CV6X;bdnb-bg-6FVS-AZ4Q-ZSVV;93;518.0;4.6;Aulnay-sous-Bois;1952.0;;;;BRIQUES;TUILES;2.0;2.0;1574.0;Résidentiel individuel;Tertiaire;"[""COMMUNE DE SEVRAN""]"
0930774L;VK6AM41TJ9K4;Ecole maternelle Vercingétorix;093;école;ECOLE MATERNELLE;Aulnay-sous-Bois;1965-05-01;bdnb-bc-FJ68-PVYY-5B6A;bdnb-bg-EEJT-CPQR-K8WX;93;25.0;1.9;Aulnay-sous-Bois;;;;;;;;2.0;1228.0;;Tertiaire;
0930777P;S23ENTR7PS76;Ecole maternelle Ormeteau;093;école;ECOLE MATERNELLE;Aulnay-sous-Bois;1965-05-01;bdnb-bc-FXBR-UKP4-CV6X;bdnb-bg-6FVS-AZ4Q-ZSVV;93;518.0;4.6;Aulnay-sous-Bois;1952.0;;;;BRIQUES;TUILES;2.0;2.0;1574.0;Résidentiel individuel;Tertiaire;"[""COMMUNE DE SEVRAN""]"
0930792F;4WERBJF9VHMR;Ecole maternelle Anatole France;093;école;ECOLE MATERNELLE;Tremblay-en-France;1965-05-01;bdnb-bc-D8U4-3N4E-DR18;bdnb-bg-UG1W-HCWC-7LYK;93;1894.0;9.7;Tremblay-en-France;2004.0;;;;INDETERMINE;INDETERMINE;1.0;10.0;1894.0;Tertiaire & Autres;Tertiaire;"[""COMMUNE DE TREMBLAY EN FRANCE""]"
0930794H;K7XF6NCW41D1;Ecole maternelle Danielle Casanova;093;école;ECOLE MATERNELLE;Tremblay-en-France;1965-05-01;bdnb-bc-228M-WB1L-XFKH;bdnb-bg-E4TH-KEHH-625F;93;250.0;7.0;Tremblay-en-France;;;;;;;;7.0;250.0;;Tertiaire;
0930794H;GD4EMEYR4WKS;Ecole maternelle Danielle Casanova;093;école;ECOLE MATERNELLE;Tremblay-en-France;1965-05-01;bdnb-bc-MVS6-ZZ3G-U7C1;bdnb-bg-WVXF-TSZ9-ESB8;93;33.0;8.6;Tremblay-en-France;1957.0;;;;INDETERMINE;INDETERMINE;1.0;8.0;635.0;Tertiaire & Autres;Tertiaire;"[""COMMUNE DE TREMBLAY EN FRANCE""]"
0930794H;T26F5MGN7APX;Ecole maternelle Danielle Casanova;093;école;ECOLE MATERNELLE;Tremblay-en-France;1965-05-01;bdnb-bc-7KBU-3C8H-NXCN;bdnb-bg-WVXF-TSZ9-ESB8;93;567.0;6.8;Tremblay-en-France;1957.0;;;;INDETERMINE;INDETERMINE;1.0;8.0;635.0;Tertiaire & Autres;Tertiaire;"[""COMMUNE DE TREMBLAY EN FRANCE""]"
0930794H;KBZN1XEPN76J;Ecole maternelle Danielle Casanova;093;école;ECOLE MATERNELLE;Tremblay-en-France;1965-05-01;bdnb-bc-X5AN-63YF-GH9Y;bdnb-bg-WVXF-TSZ9-ESB8;93;36.0;5.0;Tremblay-en-France;1957.0;;;;INDETERMINE;INDETERMINE;1.0;8.0;635.0;Tertiaire & Autres;Tertiaire;"[""COMMUNE DE TREMBLAY EN FRANCE""]"
0930795J;3W88JJ1HKVWE;Ecole maternelle Suzanne Buisson;093;école;ECOLE MATERNELLE;Tremblay-en-France;1965-05-01;bdnb-bc-XU1W-32K9-WB44;bdnb-bg-ZZ3H-QAY2-Q67B;93;155.0;4.7;Tremblay-en-France;1950.0;;;;AUTRES;TUILES;1.0;5.0;155.0;Résidentiel individuel;Résidentiel individuel;"[""COMMUNE DE TREMBLAY EN FRANCE"", ""ENEDIS""]"
0930803T;61GSH1B7K5M6;Ecole maternelle Jacob;093;école;ECOLE MATERNELLE;Livry-Gargan;1965-05-01;bdnb-bc-ZAHL-XGMQ-EGG7;bdnb-bg-F3CJ-RUAJ-QCGW;93;1094.0;7.0;Livry-Gargan;2012.0;;;;INDETERMINE;INDETERMINE;1.0;8.0;5588.0;Tertiaire & Autres;Tertiaire;"[""COMMUNE DE LIVRY GARGAN""]"
0930803T;WF9K41YZRMBP;Ecole maternelle Jacob;093;école;ECOLE MATERNELLE;Livry-Gargan;1965-05-01;bdnb-bc-4XJA-MAYU-B6LJ;bdnb-bg-F3CJ-RUAJ-QCGW;93;272.0;8.0;Livry-Gargan;2012.0;;;;INDETERMINE;INDETERMINE;1.0;8.0;5588.0;Tertiaire & Autres;Tertiaire;"[""COMMUNE DE LIVRY GARGAN""]"
0930803T;VHJBEVD96DPM;Ecole maternelle Jacob;093;école;ECOLE MATERNELLE;Livry-Gargan;1965-05-01;bdnb-bc-WGZZ-8DHA-XV68;bdnb-bg-F3CJ-RUAJ-QCGW;93;1450.0;9.8;Livry-Gargan;2012.0;;;;INDETERMINE;INDETERMINE;1.0;8.0;5588.0;Tertiaire & Autres;Tertiaire;"[""COMMUNE DE LIVRY GARGAN""]"
0930804U;MH8M4NRKW4MP;Ecole maternelle Bayard;093;école;ECOLE MATERNELLE;Livry-Gargan;1965-05-01;bdnb-bc-49K2-VQMR-A5NT;bdnb-bg-KN69-CW4B-5JGZ;93;857.0;5.6;Livry-Gargan;1931.0;;;G;BRIQUES - MEULIERE;TUILES;3.0;7.0;4317.0;Résidentiel collectif;Tertiaire;"[""COMMUNE DE LIVRY GARGAN"", ""ENEDIS""]"
0930812C;CEQFC46XDF42;Ecole maternelle Paul Letombe;093;école;ECOLE MATERNELLE;Neuilly-Plaisance;1965-05-01;bdnb-bc-EGLL-HC8Y-X6W8;bdnb-bg-MMBY-ZFXL-TVGH;93;788.0;4.4;Neuilly-Plaisance;2008.0;;;;INDETERMINE;INDETERMINE;1.0;7.0;1496.0;Tertiaire & Autres;Tertiaire;"[""COMMUNE DE NEUILLY PLAISANCE"", ""ENEDIS""]"
0930814E;V1YTKKE8VWGF;Ecole maternelle Jean De La Fonraine;093;école;ECOLE MATERNELLE;Gagny;1965-05-01;bdnb-bc-HFRE-5DQT-5AZ3;bdnb-bg-EANJ-6L4R-892M;93;2009.0;14.2;Gagny;;;;;;;;13.0;2176.0;;Tertiaire;
0930817H;4PZXQGETGK6G;Ecole maternelle  Lamartine;093;école;ECOLE MATERNELLE;Gagny;1965-05-01;bdnb-bc-W1TN-Q45C-U8VU;bdnb-bg-AMG4-YC46-H16R;93;522.0;16.0;Gagny;1960.0;;;;BETON;BETON;5.0;16.0;1032.0;Résidentiel collectif;Résidentiel collectif;"[""IMMOBILIERE 3F""]"
0930818J;TYBSJ9VQ8QT6;Ecole maternelle Cote Emile;093;école;ECOLE MATERNELLE;Gagny;1965-05-01;bdnb-bc-6WGM-BSLB-7UW8;bdnb-bg-C9N1-1SJT-BE4M;93;1029.0;6.0;Gagny;;;;;;;;9.0;1588.0;;Tertiaire;
0930827U;S5WM392Y6G5W;Ecole maternelle Richardets;093;école;ECOLE MATERNELLE;Noisy-le-Grand;1965-05-01;bdnb-bc-L39C-RNJS-PTCA;bdnb-bg-W38L-BKDS-TUQB;93;564.0;5.8;Noisy-le-Grand;2009.0;;;;INDETERMINE;INDETERMINE;2.0;5.0;1713.0;Tertiaire & Autres;Tertiaire;"[""COMMUNE DE NOISY LE GRAND""]"
0930845N;S3581HRKQDS8;Ecole maternelle Irène et Frédéric Joliot-Curie;093;école;ECOLE MATERNELLE;Le Blanc-Mesnil;1965-07-01;bdnb-bc-CYS3-LXZN-VUW8;bdnb-bg-R5NT-SN96-WH7S;93;586.0;7.6;Le Blanc-Mesnil;1965.0;;;;AGGLOMERE;BETON;5.0;10.0;2630.0;Résidentiel collectif;Tertiaire;"[""COMMUNE DE DUGNY""]"
0930868N;1D88ZYSHACGF;Ecole élémentaire Merisier 2;093;école;ECOLE DE NIVEAU ELEMENTAIRE;Aulnay-sous-Bois;1967-10-13;bdnb-bc-QSMK-88YE-8GP5;bdnb-bg-TPJ7-AV37-T995;93;565.0;5.3;Aulnay-sous-Bois;;;;;;;;5.0;565.0;;Tertiaire;
0930882D;DJH38HXVJX5N;Ecole maternelle Paul Lafargue;093;école;ECOLE MATERNELLE;Montreuil;1967-10-13;bdnb-bc-31KR-1DGW-TPCZ;bdnb-bg-U2FG-NLAM-37GG;93;109.0;7.4;Montreuil;;;;;;;;6.0;889.0;;Tertiaire;
0930885G;GJ7ZYVA4S4C5;Eole maternelle Odyssée;093;école;ECOLE MATERNELLE;Neuilly-sur-Marne;1967-11-29;bdnb-bc-E7VK-Y2UK-GZ4L;bdnb-bg-BBZ1-5Y1P-X2XJ;93;874.0;3.8;Neuilly-sur-Marne;1930.0;;;;BRIQUES;TUILES;1.0;5.0;1390.0;Tertiaire & Autres;Tertiaire;"[""COMMUNE DE NEUILLY S-MARNE""]"
0930885G;BFSGJ2HZB5EF;Eole maternelle Odyssée;093;école;ECOLE MATERNELLE;Neuilly-sur-Marne;1967-11-29;bdnb-bc-RFNF-DQUU-YV9Y;bdnb-bg-BBZ1-5Y1P-X2XJ;93;93.0;3.2;Neuilly-sur-Marne;1930.0;;;;BRIQUES;TUILES;1.0;5.0;1390.0;Tertiaire & Autres;Tertiaire;"[""COMMUNE DE NEUILLY S-MARNE""]"
0930885G;914CA3XAV72D;Eole maternelle Odyssée;093;école;ECOLE MATERNELLE;Neuilly-sur-Marne;1967-11-29;bdnb-bc-VR4K-PRJX-SDYU;bdnb-bg-BBZ1-5Y1P-X2XJ;93;379.0;10.3;Neuilly-sur-Marne;1930.0;;;;BRIQUES;TUILES;1.0;5.0;1390.0;Tertiaire & Autres;Tertiaire;"[""COMMUNE DE NEUILLY S-MARNE""]"
0930885G;CNS7JVSEH72B;Eole maternelle Odyssée;093;école;ECOLE MATERNELLE;Neuilly-sur-Marne;1967-11-29;bdnb-bc-KH39-MTFL-9FST;bdnb-bg-BBZ1-5Y1P-X2XJ;93;25.0;3.0;Neuilly-sur-Marne;1930.0;;;;BRIQUES;TUILES;1.0;5.0;1390.0;Tertiaire & Autres;Tertiaire;"[""COMMUNE DE NEUILLY S-MARNE""]"
0930891N;G46Q16ZGP4EB;Collège Victor Hugo;093;collège;COLLEGE;Aulnay-sous-Bois;1968-04-25;bdnb-bc-PPMR-6ND5-DRYA;bdnb-bg-SYR1-U8NM-S4V6;93;609.0;7.2;Aulnay-sous-Bois;2001.0;;C;C;INDETERMINE;INDETERMINE;2.0;6.0;21066.0;Tertiaire & Autres;Tertiaire;"[""COMMUNE DE SEVRAN"", ""DEPARTEMENT DE LA SEINE SAINT DENIS""]"
0930891N;N653685Y6BHD;Collège Victor Hugo;093;collège;COLLEGE;Aulnay-sous-Bois;1968-04-25;bdnb-bc-K9A1-YM4Y-L1AA;bdnb-bg-SYR1-U8NM-S4V6;93;74.0;3.7;Aulnay-sous-Bois;2001.0;;C;C;INDETERMINE;INDETERMINE;2.0;6.0;21066.0;Tertiaire & Autres;Tertiaire;"[""COMMUNE DE SEVRAN"", ""DEPARTEMENT DE LA SEINE SAINT DENIS""]"
0930956J;SV65SGDGYRKT;Ecole élémentaire Yvris;093;école;ECOLE DE NIVEAU ELEMENTAIRE;Noisy-le-Grand;1968-07-04;bdnb-bc-T7EK-2PUZ-81AP;bdnb-bg-NVR5-8Q2E-4J4H;93;956.0;4.8;Noisy-le-Grand;1995.0;1982.0;;E;INDETERMINE;INDETERMINE;4.0;8.0;4364.0;Tertiaire & Autres;Tertiaire;"[""COMMUNE DE NOISY LE GRAND"", ""DEPARTEMENT DE LA SEINE SAINT DENIS""]"
0930979J;7DJ2AV7HZD3F;Ecole maternelle Jean de la Fontaine;093;école;ECOLE MATERNELLE;Neuilly-sur-Marne;1968-05-17;bdnb-bc-JSJN-UGCA-K63Y;bdnb-bg-LNKZ-J7KT-P6C3;93;697.0;7.1;Neuilly-sur-Marne;2009.0;;;;INDETERMINE;INDETERMINE;1.0;8.0;2724.0;Tertiaire & Autres;Tertiaire;"[""COMMUNE DE NEUILLY S-MARNE""]"
0930982M;KXTG2GN62HG3;Ecole maternelle Blaise Pascal;093;école;ECOLE MATERNELLE;Gagny;1968-05-17;bdnb-bc-A766-A29J-P6W2;bdnb-bg-UL6E-8EBK-Y1XV;93;1622.0;7.4;Gagny;;;;;INDETERMINE;INDETERMINE;1.0;7.0;1628.0;Tertiaire & Autres;Tertiaire;"[""COMMUNE DE GAGNY""]"
0930984P;NW7A42Y9V9AT;Ecole maternelle Eugénie Cotton;093;école;ECOLE MATERNELLE;Tremblay-en-France;1968-05-17;bdnb-bc-Z1HN-QHWP-2YF4;bdnb-bg-EPJF-QSHX-6J1U;93;1197.0;4.4;Tremblay-en-France;1969.0;1970.0;C;;BETON;AUTRES;5.0;10.0;3480.0;Résidentiel collectif;Tertiaire;"[""COMMUNE DE TREMBLAY EN FRANCE"", ""CDC HABITAT SOCIAL SOCIETE ANONYME D'HABITATIONS A LOYER MOD""]"
0930985R;FXHDATSVCSFT;Ecole maternelle d'application Jean-Baptiste Clément;093;école;ECOLE MATERNELLE D APPLICATION;Montfermeil;1968-05-17;bdnb-bc-WD7D-G5DV-N8WX;bdnb-bg-VPU4-FAHV-TUV2;93;636.0;7.6;Montfermeil;;;;;;;;8.0;1580.0;;Tertiaire;
0931000G;K7PQQ99XMHKG;Ecole élémentaire Paul Langevin;093;école;ECOLE DE NIVEAU ELEMENTAIRE;Villetaneuse;1968-05-17;bdnb-bc-D9N3-59K8-YNCM;bdnb-bg-85PC-V6TG-D1KC;93;107.0;4.3;Villetaneuse;;;;;;;;4.0;107.0;;;
0931068F;1WHXAEECDCX8;Ecole maternelle Bel Air;093;école;ECOLE MATERNELLE;Neuilly-Plaisance;1969-03-18;bdnb-bc-8YNA-B192-EXJS;bdnb-bg-XLBR-GAK8-WRQR;93;182.0;10.1;Neuilly-Plaisance;;;;;;;;10.0;182.0;;Tertiaire;
0931068F;5MK5PZPZTC9N;Ecole maternelle Bel Air;093;école;ECOLE MATERNELLE;Neuilly-Plaisance;1969-03-18;bdnb-bc-HE64-PKMA-8CHJ;bdnb-bg-ZT9T-Q6WL-ZB6V;93;589.0;4.0;Neuilly-Plaisance;1970.0;;E;;AGGLOMERE - BETON;BETON;3.0;4.0;647.0;Résidentiel collectif;Tertiaire;"[""COMMUNE DE NEUILLY PLAISANCE""]"
0931068F;P9YQXAYEBDSJ;Ecole maternelle Bel Air;093;école;ECOLE MATERNELLE;Neuilly-Plaisance;1969-03-18;bdnb-bc-SJK5-VNRM-JNQL;bdnb-bg-Z5AU-J5JD-AV6Z;93;31.0;4.1;Neuilly-Plaisance;;;;;;;;6.0;1121.0;;Tertiaire;
0931068F;SQ3E6SKJ5X9Y;Ecole maternelle Bel Air;093;école;ECOLE MATERNELLE;Neuilly-Plaisance;1969-03-18;bdnb-bc-Q42G-RJ6J-9YLY;bdnb-bg-ZT9T-Q6WL-ZB6V;93;58.0;5.0;Neuilly-Plaisance;1970.0;;E;;AGGLOMERE - BETON;BETON;3.0;4.0;647.0;Résidentiel collectif;Tertiaire;"[""COMMUNE DE NEUILLY PLAISANCE""]"
0931190N;TGZAB2SY362N;Collège Evariste Galois;093;collège;COLLEGE;Sevran;1970-03-25;bdnb-bc-G54U-97YG-9AQR;bdnb-bg-2CL6-X66X-4J5F;93;87.0;2.8;Sevran;2004.0;1992.0;B;C;INDETERMINE;INDETERMINE;4.0;8.0;4959.0;Tertiaire & Autres;Tertiaire;"[""COMMUNE DE SEVRAN""]"
0931193S;8K3KFKZ5YTW3;Lycée professionnel Hélène Boucher;093;lycée;LYCEE PROFESSIONNEL;Tremblay-en-France;1970-03-25;bdnb-bc-CELG-FRZJ-1ZXL;bdnb-bg-RGE1-SE9U-E25S;93;224.0;10.2;Tremblay-en-France;1972.0;;;;BETON;BETON;3.0;10.0;252.0;Résidentiel collectif;Tertiaire;"[""REGION ILE DE FRANCE""]"
0931193S;HVVR36GEE29P;Lycée professionnel Hélène Boucher;093;lycée;LYCEE PROFESSIONNEL;Tremblay-en-France;1970-03-25;bdnb-bc-J51G-YGTS-4W1N;bdnb-bg-49RX-W4TM-9CLB;93;2117.0;9.5;Tremblay-en-France;1993.0;;;C;INDETERMINE;INDETERMINE;1.0;7.0;10438.0;Résidentiel collectif;Tertiaire;"[""COMMUNE DE TREMBLAY EN FRANCE""]"
0931193S;ZJRKAGPQAWTV;Lycée professionnel Hélène Boucher;093;lycée;LYCEE PROFESSIONNEL;Tremblay-en-France;1970-03-25;bdnb-bc-N21K-ADRD-1FD5;bdnb-bg-RGE1-SE9U-E25S;93;28.0;3.0;Tremblay-en-France;1972.0;;;;BETON;BETON;3.0;10.0;252.0;Résidentiel collectif;Tertiaire;"[""REGION ILE DE FRANCE""]"
0931193S;6V6C62AEMPM4;Lycée professionnel Hélène Boucher;093;lycée;LYCEE PROFESSIONNEL;Tremblay-en-France;1970-03-25;bdnb-bc-PFYH-QQME-4HL4;bdnb-bg-49RX-W4TM-9CLB;93;83.0;3.7;Tremblay-en-France;1993.0;;;C;INDETERMINE;INDETERMINE;1.0;7.0;10438.0;Résidentiel collectif;Tertiaire;"[""COMMUNE DE TREMBLAY EN FRANCE""]"
0931193S;Y9CRT8JE3FHA;Lycée professionnel Hélène Boucher;093;lycée;LYCEE PROFESSIONNEL;Tremblay-en-France;1970-03-25;bdnb-bc-3A7W-EHH1-4VWV;bdnb-bg-49RX-W4TM-9CLB;93;82.0;5.0;Tremblay-en-France;1993.0;;;C;INDETERMINE;INDETERMINE;1.0;7.0;10438.0;Résidentiel collectif;Tertiaire;"[""COMMUNE DE TREMBLAY EN FRANCE""]"
0931213N;CSHAERP5V3GD;Collège Colonel Fabien;093;collège;COLLEGE;Montreuil;1970-03-25;bdnb-bc-YJAV-8J4M-J2LG;bdnb-bg-QP46-BXNX-2YWR;93;2053.0;12.0;Montreuil;;;;C;INDETERMINE;INDETERMINE;1.0;8.0;2560.0;Tertiaire & Autres;Tertiaire;"[""DEPARTEMENT DE LA SEINE SAINT DENIS""]"
0931878L;GD967YZQPCQ5;Ecole maternelle Célestin Freinet;093;école;ECOLE MATERNELLE;Noisy-le-Grand;1981-09-01;bdnb-bc-MHA9-HH7H-GMNF;bdnb-bg-LMQL-LFPQ-SN7F;93;3289.0;5.1;Noisy-le-Grand;;;D;C;INDETERMINE;INDETERMINE;2.0;3.0;3338.0;Résidentiel collectif;Tertiaire;"[""COMMUNE DE NOISY LE GRAND""]"
0931883S;MSB2658GPQ9J;Collège René Cassin;093;collège;COLLEGE;Noisy-le-Sec;1982-09-15;bdnb-bc-2N9Y-US24-W8NC;bdnb-bg-56VH-KS6R-USGL;93;571.0;12.5;Noisy-le-Sec;1933.0;;;C;BRIQUES - MEULIERE;TUILES;4.0;9.0;1555.0;Résidentiel collectif;Tertiaire;"[""DEPARTEMENT DE LA SEINE SAINT DENIS""]"
0931883S;9ZZWFVJAXX4F;Collège René Cassin;093;collège;COLLEGE;Noisy-le-Sec;1982-09-15;bdnb-bc-3K8X-X8BB-7C9M;bdnb-bg-56VH-KS6R-USGL;93;256.0;12.7;Noisy-le-Sec;1933.0;;;C;BRIQUES - MEULIERE;TUILES;4.0;9.0;1555.0;Résidentiel collectif;Tertiaire;"[""DEPARTEMENT DE LA SEINE SAINT DENIS""]"
0931883S;QM9AHS4SXX2V;Collège René Cassin;093;collège;COLLEGE;Noisy-le-Sec;1982-09-15;bdnb-bc-MECX-JNUG-2N65;bdnb-bg-56VH-KS6R-USGL;93;629.0;9.3;Noisy-le-Sec;1933.0;;;C;BRIQUES - MEULIERE;TUILES;4.0;9.0;1555.0;Résidentiel collectif;Tertiaire;"[""DEPARTEMENT DE LA SEINE SAINT DENIS""]"
0931883S;E826SMYQ1E1H;Collège René Cassin;093;collège;COLLEGE;Noisy-le-Sec;1982-09-15;bdnb-bc-8VSC-GJ1Y-NG1Y;bdnb-bg-56VH-KS6R-USGL;93;65.0;2.6;Noisy-le-Sec;1933.0;;;C;BRIQUES - MEULIERE;TUILES;4.0;9.0;1555.0;Résidentiel collectif;Tertiaire;"[""DEPARTEMENT DE LA SEINE SAINT DENIS""]"
0931885U;DRX38J531C97;Ecole maternelle d'application Georges Brassens;093;école;ECOLE MATERNELLE D APPLICATION;Noisy-le-Grand;1982-09-01;bdnb-bc-T8FE-HVFE-VNW5;bdnb-bg-YTBD-EWX3-WLVP;93;43.0;1.8;Noisy-le-Grand;1970.0;1989.0;D;C;INDETERMINE;INDETERMINE;3.0;7.0;18458.0;Tertiaire & Autres;Tertiaire;"[""COMMUNE DE NOISY LE GRAND"", ""DEPARTEMENT DE LA SEINE SAINT DENIS""]"
0931885U;Q52GPDBEFMM5;Ecole maternelle d'application Georges Brassens;093;école;ECOLE MATERNELLE D APPLICATION;Noisy-le-Grand;1982-09-01;bdnb-bc-5VWY-PQNF-TMCL;bdnb-bg-YTBD-EWX3-WLVP;93;1660.0;4.9;Noisy-le-Grand;1970.0;1989.0;D;C;INDETERMINE;INDETERMINE;3.0;7.0;18458.0;Tertiaire & Autres;Tertiaire;"[""COMMUNE DE NOISY LE GRAND"", ""DEPARTEMENT DE LA SEINE SAINT DENIS""]"
0931885U;X2WYZYNSP9M2;Ecole maternelle d'application Georges Brassens;093;école;ECOLE MATERNELLE D APPLICATION;Noisy-le-Grand;1982-09-01;bdnb-bc-MED6-D5P4-WWJG;bdnb-bg-YTBD-EWX3-WLVP;93;187.0;2.5;Noisy-le-Grand;1970.0;1989.0;D;C;INDETERMINE;INDETERMINE;3.0;7.0;18458.0;Tertiaire & Autres;Tertiaire;"[""COMMUNE DE NOISY LE GRAND"", ""DEPARTEMENT DE LA SEINE SAINT DENIS""]"
0931910W;4KSX9EBNHYJ4;Ecole élémentaire Henri Wallon;093;école;ECOLE DE NIVEAU ELEMENTAIRE;Pantin;1983-09-01;bdnb-bc-Q3GV-PCAM-67GQ;bdnb-bg-5741-X9L3-EPQ8;93;554.0;4.0;Pantin;2018.0;;;D;PIERRE;ARDOISES;1.0;4.0;584.0;Tertiaire & Autres;Tertiaire;"[""COMMUNE DE PANTIN""]"
0931979W;SAZ141NZDKVH;Collège Georges Brassens;093;collège;COLLEGE;Sevran;1985-09-01;bdnb-bc-UX53-MLS6-95GZ;bdnb-bg-SHKW-BR1H-19A9;93;2499.0;8.2;Sevran;1985.0;;;;INDETERMINE;INDETERMINE;1.0;8.0;3069.0;Résidentiel collectif;Tertiaire;"[""DEPARTEMENT DE LA SEINE SAINT DENIS""]"
0932000U;8QE9QYK14BTA;Ecole maternelle Georges Brassens;093;école;ECOLE MATERNELLE;Pantin;1987-09-01;bdnb-bc-JEPX-EZKV-7ZEM;bdnb-bg-E63U-ABEZ-8LX3;93;551.0;5.0;Pantin;2017.0;1970.0;F;C;INDETERMINE;INDETERMINE;1.0;4.0;2110.0;Tertiaire & Autres;Tertiaire;"[""COMMUNE DE PANTIN""]"
0932031C;KMZ579H5Q72F;Lycée général et technologique Charles de Gaulle;093;lycée;LYCEE ENSEIGNT GENERAL ET TECHNOLOGIQUE;Rosny-sous-Bois;1990-09-01;bdnb-bc-XLEM-KH4Y-TA4A;bdnb-bg-B555-1THT-WGAP;93;645.0;15.8;Rosny-sous-Bois;;;;;BRIQUES;TUILES;2.0;7.0;6774.0;Tertiaire & Autres;Tertiaire;"[""COMMUNE DE ROSNY-SOUS-BOIS""]"
0932121A;EWWY3Y456EDB;Lycée polyvalent Suger - Lycée des métiers de l'image et du son;093;lycée;LYCEE POLYVALENT;Saint-Denis;1993-09-01;bdnb-bc-1UYA-GCEE-T63K;bdnb-bg-AWEM-BMR7-H6XB;93;2987.0;11.0;Saint-Denis;;2016.0;;;INDETERMINE;INDETERMINE;1.0;8.0;5124.0;Tertiaire & Autres;Tertiaire;"[""REGION ILE DE FRANCE""]"
0932121A;NPHXC73WMGR3;Lycée polyvalent Suger - Lycée des métiers de l'image et du son;093;lycée;LYCEE POLYVALENT;Saint-Denis;1993-09-01;bdnb-bc-1VJX-RTYT-2GGL;bdnb-bg-AWEM-BMR7-H6XB;93;49.0;5.8;Saint-Denis;;2016.0;;;INDETERMINE;INDETERMINE;1.0;8.0;5124.0;Tertiaire & Autres;Tertiaire;"[""REGION ILE DE FRANCE""]"
0932121A;G5RPCFB3NG6R;Lycée polyvalent Suger - Lycée des métiers de l'image et du son;093;lycée;LYCEE POLYVALENT;Saint-Denis;1993-09-01;;;;;;;;;;;;;;;;;;
0932301W;5N9BQKZ194Q1;Collège Henri IV;093;collège;COLLEGE;Vaujours;1999-09-01;bdnb-bc-2BLL-3YGQ-ZVRB;bdnb-bg-YFC5-7FNL-QMB7;93;1700.0;5.7;Vaujours;1999.0;;;;AUTRES;AUTRES;3.0;7.0;3960.0;Tertiaire & Autres;Tertiaire;"[""DEPARTEMENT DE LA SEINE SAINT DENIS""]"
0932443A;R4VV6KESVDNP;Ecole élémentaire Joséphine Baker;093;école;ECOLE DE NIVEAU ELEMENTAIRE;Pantin;2007-09-01;bdnb-bc-PPE5-Z4LW-USDY;bdnb-bg-X8J4-HH9D-JUZC;93;1623.0;12.7;Pantin;2022.0;;;;INDETERMINE;INDETERMINE;1.0;14.0;3941.0;Tertiaire & Autres;Tertiaire;"[""COMMUNE DE PANTIN""]"
0932449G;7FAVH7EVVYWF;Ecole primaire Jean Monnet;093;école;ECOLE DE NIVEAU ELEMENTAIRE;Drancy;2007-09-01;bdnb-bc-L9DC-GUG5-9N3V;bdnb-bg-U1N4-28Z7-KAMZ;93;2606.0;11.4;Drancy;2007.0;;;;INDETERMINE;INDETERMINE;1.0;11.0;2606.0;Tertiaire & Autres;Tertiaire;"[""COMMUNE DE DRANCY""]"
0932502P;Y36SVZTD2ZMJ;Ecole maternelle Robert Doisneau;093;école;ECOLE MATERNELLE;Saint-Denis;2011-09-01;bdnb-bc-WHHM-5FE7-7QUK;bdnb-bg-AKZ7-5F8Z-MDZC;93;3466.0;14.7;Saint-Denis;2011.0;;;;INDETERMINE;INDETERMINE;1.0;15.0;3466.0;Tertiaire & Autres;Tertiaire;"[""ENEDIS"", ""COMMUNE DE SAINT-DENIS""]"
0932572R;23PJFW8XFXX1;Ecole primaire Pef;093;école;ECOLE DE NIVEAU ELEMENTAIRE;Saint-Ouen-sur-Seine;2013-09-01;bdnb-bc-Y211-L3NP-Z9AX;bdnb-bg-HL3V-AN7W-15U9;93;2047.0;3.2;Saint-Ouen-sur-Seine;1900.0;;;;AUTRES;AUTRES;1.0;3.0;2278.0;Résidentiel individuel;Tertiaire;"[""COMMUNE DE ST OUEN-SUR-SEINE"", ""ENEDIS"", ""SEMISO ECO MIXTE CONSTR RENOV ST OUEN""]"
0932579Y;1162B3W2QJCD;Collège Cesaria Evora;093;collège;COLLEGE;Montreuil;2014-09-01;bdnb-bc-QJF5-FRA6-V5JR;bdnb-bg-URQW-1368-569K;93;5344.0;18.9;Montreuil;2014.0;;;;INDETERMINE;INDETERMINE;5.0;19.0;5344.0;Résidentiel collectif;Tertiaire;"[""DEPARTEMENT DE LA SEINE SAINT DENIS""]"
0932592M;Y4SCQJPPZXJD;Ecole maternelle Les Boutours - Karin Nacache;093;école;ECOLE MATERNELLE;Rosny-sous-Bois;2014-09-01;bdnb-bc-KH4D-MD53-D9SQ;bdnb-bg-4QLX-FP22-YXVD;93;2569.0;7.9;Rosny-sous-Bois;2018.0;;;C;INDETERMINE;INDETERMINE;1.0;8.0;2569.0;Tertiaire & Autres;Tertiaire;"[""COMMUNE DE ROSNY-SOUS-BOIS""]"
0932593N;MYMGFZFJ3AZF;Ecole maternelle Danielle Mitterrand;093;école;ECOLE MATERNELLE;Saint-Denis;2014-09-01;bdnb-bc-VEXJ-L17L-ZFPV;bdnb-bg-FKDZ-L6LG-TFF1;93;509.0;5.2;Saint-Denis;2015.0;;;;INDETERMINE;INDETERMINE;1.0;8.0;4826.0;Tertiaire & Autres;Tertiaire;"[""COMMUNE DE SAINT-DENIS""]"
0932593N;K1ZEVTSRYJYD;Ecole maternelle Danielle Mitterrand;093;école;ECOLE MATERNELLE;Saint-Denis;2014-09-01;bdnb-bc-VTQ4-MXC8-V5Z1;bdnb-bg-FKDZ-L6LG-TFF1;93;1312.0;10.9;Saint-Denis;2015.0;;;;INDETERMINE;INDETERMINE;1.0;8.0;4826.0;Tertiaire & Autres;Tertiaire;"[""COMMUNE DE SAINT-DENIS""]"
0932593N;8P6NPANP5GJK;Ecole maternelle Danielle Mitterrand;093;école;ECOLE MATERNELLE;Saint-Denis;2014-09-01;bdnb-bc-RPBZ-ZA25-1P97;bdnb-bg-FKDZ-L6LG-TFF1;93;1483.0;5.7;Saint-Denis;2015.0;;;;INDETERMINE;INDETERMINE;1.0;8.0;4826.0;Tertiaire & Autres;Tertiaire;"[""COMMUNE DE SAINT-DENIS""]"
0932594P;MYMGFZFJ3AZF;Ecole élémentaire d'application Danielle Mitterrand 1;093;école;ECOLE ELEMENTAIRE D APPLICATION;Saint-Denis;2014-09-01;bdnb-bc-VEXJ-L17L-ZFPV;bdnb-bg-FKDZ-L6LG-TFF1;93;509.0;5.2;Saint-Denis;2015.0;;;;INDETERMINE;INDETERMINE;1.0;8.0;4826.0;Tertiaire & Autres;Tertiaire;"[""COMMUNE DE SAINT-DENIS""]"
0932594P;K1ZEVTSRYJYD;Ecole élémentaire d'application Danielle Mitterrand 1;093;école;ECOLE ELEMENTAIRE D APPLICATION;Saint-Denis;2014-09-01;bdnb-bc-VTQ4-MXC8-V5Z1;bdnb-bg-FKDZ-L6LG-TFF1;93;1312.0;10.9;Saint-Denis;2015.0;;;;INDETERMINE;INDETERMINE;1.0;8.0;4826.0;Tertiaire & Autres;Tertiaire;"[""COMMUNE DE SAINT-DENIS""]"
0932594P;8P6NPANP5GJK;Ecole élémentaire d'application Danielle Mitterrand 1;093;école;ECOLE ELEMENTAIRE D APPLICATION;Saint-Denis;2014-09-01;bdnb-bc-RPBZ-ZA25-1P97;bdnb-bg-FKDZ-L6LG-TFF1;93;1483.0;5.7;Saint-Denis;2015.0;;;;INDETERMINE;INDETERMINE;1.0;8.0;4826.0;Tertiaire & Autres;Tertiaire;"[""COMMUNE DE SAINT-DENIS""]"
0932613K;1J83AZ8VE513;Ecole élémentaire Pina Bausch;093;école;ECOLE DE NIVEAU ELEMENTAIRE;Saint-Denis;2015-09-01;bdnb-bc-Y34Z-V29L-XJCD;bdnb-bg-NBFB-Y4CE-RDXE;93;1857.0;19.4;Saint-Denis;2014.0;;;;INDETERMINE;INDETERMINE;1.0;19.0;2964.0;Tertiaire & Autres;Tertiaire;"[""COMMUNE DE SAINT-DENIS""]"
0932631E;MXC38FY87QX3;Ecole Elémentaire Denise Albert;093;école;ECOLE DE NIVEAU ELEMENTAIRE;Sevran;2015-09-01;bdnb-bc-JZ5B-9CBL-91D3;bdnb-bg-3THL-D4DW-6W9M;93;2829.0;8.5;Sevran;;;;;;;;9.0;2829.0;;Tertiaire;
0932638M;JTW2Y141KPPF;Lycée polyvalent International de l'Est Parisien;093;lycée;LYCEE POLYVALENT;Noisy-le-Grand;2015-09-01;bdnb-bc-G113-C24X-GTP5;bdnb-bg-NPYX-UD3T-EM9D;94;2286.0;12.2;Bry-sur-Marne;2016.0;;;;INDETERMINE;INDETERMINE;1.0;11.0;2730.0;Tertiaire & Autres;Tertiaire;"[""REGION ILE DE FRANCE""]"
0932658J;TWFJK5GMYKKA;Ecole élémentaire Jean Macé;093;école;ECOLE DE NIVEAU ELEMENTAIRE;Les Pavillons-sous-Bois;2016-09-01;bdnb-bc-NT9Z-SAXR-144L;bdnb-bg-HSVJ-XL2P-GBUA;93;279.0;4.6;Les Pavillons-sous-Bois;2019.0;;;;INDETERMINE;INDETERMINE;1.0;10.0;909.0;Tertiaire & Autres;Tertiaire;"[""COMMUNE DE PAVILLONS SOUS BOIS""]"
0932658J;TWFJK5GMYKKA;Ecole élémentaire Jean Macé;093;école;ECOLE DE NIVEAU ELEMENTAIRE;Les Pavillons-sous-Bois;2016-09-01;bdnb-bc-SRYK-JGVJ-LV24;bdnb-bg-HSVJ-XL2P-GBUA;93;630.0;16.0;Les Pavillons-sous-Bois;2019.0;;;;INDETERMINE;INDETERMINE;1.0;10.0;909.0;Tertiaire & Autres;Tertiaire;"[""COMMUNE DE PAVILLONS SOUS BOIS""]"
0932658J;SG2HQHK28MMV;Ecole élémentaire Jean Macé;093;école;ECOLE DE NIVEAU ELEMENTAIRE;Les Pavillons-sous-Bois;2016-09-01;bdnb-bc-11NE-2KN3-T6B7;bdnb-bg-DTA5-8E84-255J;93;421.0;5.6;Les Pavillons-sous-Bois;1930.0;;;;BRIQUES;TUILES;2.0;7.0;3961.0;Résidentiel individuel;Tertiaire;"[""COMMUNE DE PAVILLONS SOUS BOIS""]"
0932696A;81EWT4BDSMNY;Collège Solveig Anspach;093;collège;COLLEGE;Montreuil;2018-01-01;bdnb-bc-RQK6-K5EK-RLM4;bdnb-bg-7NT9-WBBH-B664;93;3539.0;18.3;Montreuil;2018.0;;;;INDETERMINE;INDETERMINE;3.0;18.0;5027.0;Résidentiel collectif;Tertiaire;"[""DEPARTEMENT DE LA SEINE SAINT DENIS""]"
0932700E;HWCKNWABQAG1;Ecole maternelle Camille Claudel Bondy;093;école;ECOLE MATERNELLE;Bondy;2018-09-01;;;;;;;;;;;;;;;;;;
0932705K;7VZ3NXSHXRKY;Ecole maternelle Samuel Wallis;093;école;ECOLE MATERNELLE;Noisy-le-Grand;2018-09-01;bdnb-bc-55TY-3RQB-H9GJ;bdnb-bg-N4XR-JZDE-DS17;93;3660.0;19.5;Noisy-le-Grand;2018.0;;;C;INDETERMINE;INDETERMINE;1.0;20.0;3660.0;Tertiaire & Autres;Tertiaire;"[""COMMUNE DE NOISY LE GRAND""]"
0932718Z;V111T19695FR;Ecole maternelle Louis et Madeleine Odru;093;école;ECOLE MATERNELLE;Montreuil;2018-09-01;bdnb-bc-VLJP-QJK7-PYK3;bdnb-bg-AE2B-57BL-FGV1;93;2655.0;4.3;Montreuil;;;;;INDETERMINE;INDETERMINE;1.0;4.0;2869.0;Secondaire;Tertiaire;"[""COMMUNE DE MONTREUIL""]"
0932731N;6ZNRDGYNEFVS;Ecole maternelle Joséphine Baker;093;école;ECOLE MATERNELLE;Livry-Gargan;2019-09-01;bdnb-bc-P2DG-TTB2-W6R7;bdnb-bg-TLMC-8RE6-9E2Y;93;1401.0;5.0;Livry-Gargan;2004.0;;;;INDETERMINE;INDETERMINE;4.0;8.0;4221.0;Tertiaire & Autres;Tertiaire;"[""COMMUNE DE LIVRY GARGAN""]"
0932733R;1FTDSFPXDY55;Ecole maternelle Angela Davis;093;école;ECOLE MATERNELLE;Montreuil;2019-09-01;bdnb-bc-8VX8-EJWM-PYR4;bdnb-bg-6ANG-ZGN6-8P51;93;1165.0;14.8;Montreuil;;;;;INDETERMINE;INDETERMINE;1.0;9.0;1432.0;Tertiaire & Autres;Tertiaire;"[""COMMUNE DE MONTREUIL""]"
0932765A;GPREAN8HJAGF;Ecole primaire La Pépinière;093;école;ECOLE DE NIVEAU ELEMENTAIRE;Villepinte;2020-09-01;bdnb-bc-S2HU-XXZ3-SE26;bdnb-bg-RGGF-SSMB-NA3M;93;2305.0;5.0;Villepinte;;;;;;;;;2305.0;;Tertiaire;
0932789B;VMN6TSM3PFQ7;Ecole élémentaire Florence Arthaud;093;école;ECOLE DE NIVEAU ELEMENTAIRE;Livry-Gargan;2021-09-01;bdnb-bc-2X2N-72HZ-F2RU;bdnb-bg-SYFB-L3KT-QE2G;93;539.0;5.0;Livry-Gargan;;;;;;;;;539.0;;Tertiaire;
0932869N;6B5WATFX86NY;Ecole maternelle Colette Besson;093;école;ECOLE MATERNELLE;Saint-Ouen-sur-Seine;2023-09-01;bdnb-bc-P3VR-TSP9-T3UJ;bdnb-bg-79Y6-CTYS-E91F;93;258.0;12.7;Saint-Ouen-sur-Seine;;;D;;INDETERMINE;INDETERMINE;5.0;12.0;523.0;Résidentiel collectif;Résidentiel collectif;"[""SEMISO ECO MIXTE CONSTR RENOV ST OUEN""]"
0932875V;6K5VTCW4KBX1;ECOLE ELEMENTAIRE LUCIE AUBRAC;093;école;ECOLE DE NIVEAU ELEMENTAIRE;Dugny;2023-09-01;bdnb-bc-1Q8C-TP3F-CLZ5;bdnb-bg-F1NC-75S8-BT4N;93;1287.0;11.9;Dugny;2020.0;;;C;BRIQUES;BETON;2.0;5.0;3733.0;Tertiaire & Autres;Tertiaire;"[""COMMUNE DE DUGNY""]"
0932875V;KY574ZYFDQX3;ECOLE ELEMENTAIRE LUCIE AUBRAC;093;école;ECOLE DE NIVEAU ELEMENTAIRE;Dugny;2023-09-01;bdnb-bc-7Z41-1TFR-HHEN;bdnb-bg-F1NC-75S8-BT4N;93;574.0;5.0;Dugny;2020.0;;;C;BRIQUES;BETON;2.0;5.0;3733.0;Tertiaire & Autres;Tertiaire;"[""COMMUNE DE DUGNY""]"
0932875V;HPHV7TZ8JXQT;ECOLE ELEMENTAIRE LUCIE AUBRAC;093;école;ECOLE DE NIVEAU ELEMENTAIRE;Dugny;2023-09-01;bdnb-bc-ZSZY-95VU-CDGA;bdnb-bg-F1NC-75S8-BT4N;93;74.0;2.1;Dugny;2020.0;;;C;BRIQUES;BETON;2.0;5.0;3733.0;Tertiaire & Autres;Tertiaire;"[""COMMUNE DE DUGNY""]"
0932875V;DGTK36A16V5J;ECOLE ELEMENTAIRE LUCIE AUBRAC;093;école;ECOLE DE NIVEAU ELEMENTAIRE;Dugny;2023-09-01;bdnb-bc-PYQJ-C7FZ-XSPK;bdnb-bg-F1NC-75S8-BT4N;93;474.0;3.9;Dugny;2020.0;;;C;BRIQUES;BETON;2.0;5.0;3733.0;Tertiaire & Autres;Tertiaire;"[""COMMUNE DE DUGNY""]"
0932875V;ZEBN2CAH58KB;ECOLE ELEMENTAIRE LUCIE AUBRAC;093;école;ECOLE DE NIVEAU ELEMENTAIRE;Dugny;2023-09-01;bdnb-bc-S1WV-H85Z-SZ5X;bdnb-bg-F1NC-75S8-BT4N;93;123.0;6.0;Dugny;2020.0;;;C;BRIQUES;BETON;2.0;5.0;3733.0;Tertiaire & Autres;Tertiaire;"[""COMMUNE DE DUGNY""]"
0932875V;YTGDXETCHYKM;ECOLE ELEMENTAIRE LUCIE AUBRAC;093;école;ECOLE DE NIVEAU ELEMENTAIRE;Dugny;2023-09-01;bdnb-bc-L7A1-RD7N-UC6W;bdnb-bg-F1NC-75S8-BT4N;93;753.0;3.8;Dugny;2020.0;;;C;BRIQUES;BETON;2.0;5.0;3733.0;Tertiaire & Autres;Tertiaire;"[""COMMUNE DE DUGNY""]"
0932875V;3YZWY1QXW3KS;ECOLE ELEMENTAIRE LUCIE AUBRAC;093;école;ECOLE DE NIVEAU ELEMENTAIRE;Dugny;2023-09-01;bdnb-bc-2NEG-CEMC-73DC;bdnb-bg-F1NC-75S8-BT4N;93;235.0;3.6;Dugny;2020.0;;;C;BRIQUES;BETON;2.0;5.0;3733.0;Tertiaire & Autres;Tertiaire;"[""COMMUNE DE DUGNY""]"
0932875V;3S67QBM3HEYV;ECOLE ELEMENTAIRE LUCIE AUBRAC;093;école;ECOLE DE NIVEAU ELEMENTAIRE;Dugny;2023-09-01;bdnb-bc-FT7S-G68G-C5MN;bdnb-bg-F1NC-75S8-BT4N;93;179.0;6.6;Dugny;2020.0;;;C;BRIQUES;BETON;2.0;5.0;3733.0;Tertiaire & Autres;Tertiaire;"[""COMMUNE DE DUGNY""]"
0932975D;S23ENTR7PS76;Ecole maternelle Savigny;093;école;ECOLE MATERNELLE;Aulnay-sous-Bois;2025-09-01;bdnb-bc-FXBR-UKP4-CV6X;bdnb-bg-6FVS-AZ4Q-ZSVV;93;518.0;4.6;Aulnay-sous-Bois;1952.0;;;;BRIQUES;TUILES;2.0;2.0;1574.0;Résidentiel individuel;Tertiaire;"[""COMMUNE DE SEVRAN""]"
0930894S;A8YQGSACA83K;Collège Honoré de Balzac;093;collège;COLLEGE;Neuilly-sur-Marne;1968-04-25;bdnb-bc-XX5G-6E77-YFZR;bdnb-bg-JUR2-XJ6X-6THZ;93;958.0;15.3;Neuilly-sur-Marne;;;E;;INDETERMINE;INDETERMINE;4.0;6.0;5695.0;Tertiaire & Autres;Tertiaire;"[""COMMUNE DE NEUILLY S-MARNE"", ""DEPARTEMENT DE LA SEINE SAINT DENIS""]"
0931070H;87A79YWJVEBM;Ecole maternelle Anémones;093;école;ECOLE MATERNELLE;Noisy-le-Sec;1969-03-18;bdnb-bc-3SK9-T4CM-QGA5;bdnb-bg-BS5V-DY1T-ZM5T;93;965.0;4.2;Noisy-le-Sec;2018.0;;;;INDETERMINE;INDETERMINE;3.0;7.0;5210.0;Tertiaire & Autres;Tertiaire;"[""COMMUNE DE NOISY LE SEC""]"
0931070H;G99ZJ7WFRZXS;Ecole maternelle Anémones;093;école;ECOLE MATERNELLE;Noisy-le-Sec;1969-03-18;bdnb-bc-GP97-Z1LB-EEBZ;bdnb-bg-BS5V-DY1T-ZM5T;93;214.0;9.8;Noisy-le-Sec;2018.0;;;;INDETERMINE;INDETERMINE;3.0;7.0;5210.0;Tertiaire & Autres;Tertiaire;"[""COMMUNE DE NOISY LE SEC""]"
0931070H;MT88VNM2RK2D;Ecole maternelle Anémones;093;école;ECOLE MATERNELLE;Noisy-le-Sec;1969-03-18;bdnb-bc-D666-DBG7-9812;bdnb-bg-BS5V-DY1T-ZM5T;93;1588.0;9.1;Noisy-le-Sec;2018.0;;;;INDETERMINE;INDETERMINE;3.0;7.0;5210.0;Tertiaire & Autres;Tertiaire;"[""COMMUNE DE NOISY LE SEC""]"
0931070H;JYQVQKZFMAWK;Ecole maternelle Anémones;093;école;ECOLE MATERNELLE;Noisy-le-Sec;1969-03-18;bdnb-bc-AS21-WT1M-M6R2;bdnb-bg-BS5V-DY1T-ZM5T;93;626.0;3.3;Noisy-le-Sec;2018.0;;;;INDETERMINE;INDETERMINE;3.0;7.0;5210.0;Tertiaire & Autres;Tertiaire;"[""COMMUNE DE NOISY LE SEC""]"
0931070H;7AQBAAPF24MH;Ecole maternelle Anémones;093;école;ECOLE MATERNELLE;Noisy-le-Sec;1969-03-18;bdnb-bc-ZSTD-SSZJ-6QKE;bdnb-bg-BS5V-DY1T-ZM5T;93;1082.0;9.3;Noisy-le-Sec;2018.0;;;;INDETERMINE;INDETERMINE;3.0;7.0;5210.0;Tertiaire & Autres;Tertiaire;"[""COMMUNE DE NOISY LE SEC""]"
0931070H;2EF6WH9AXWMT;Ecole maternelle Anémones;093;école;ECOLE MATERNELLE;Noisy-le-Sec;1969-03-18;bdnb-bc-HT5X-JKU3-SU1S;bdnb-bg-BS5V-DY1T-ZM5T;93;354.0;8.8;Noisy-le-Sec;2018.0;;;;INDETERMINE;INDETERMINE;3.0;7.0;5210.0;Tertiaire & Autres;Tertiaire;"[""COMMUNE DE NOISY LE SEC""]"
0931079T;KQNV6BB5KM73;Ecole élémentaire Savigny 1;093;école;ECOLE DE NIVEAU ELEMENTAIRE;Aulnay-sous-Bois;1969-03-18;bdnb-bc-HRGX-KGWJ-29AN;bdnb-bg-9GAG-JUNJ-HFA2;93;794.0;12.0;Aulnay-sous-Bois;2014.0;;D;;AGGLOMERE;BETON;4.0;8.0;6987.0;Tertiaire & Autres;Tertiaire;"[""COMMUNE DE SEVRAN""]"
0931079T;8Q11JJM6BMSZ;Ecole élémentaire Savigny 1;093;école;ECOLE DE NIVEAU ELEMENTAIRE;Aulnay-sous-Bois;1969-03-18;bdnb-bc-PUJP-SDH6-19RK;bdnb-bg-9GAG-JUNJ-HFA2;93;745.0;10.6;Aulnay-sous-Bois;2014.0;;D;;AGGLOMERE;BETON;4.0;8.0;6987.0;Tertiaire & Autres;Tertiaire;"[""COMMUNE DE SEVRAN""]"
0931145P;92WHVNWF249Y;Collège Robespierre;093;collège;COLLEGE;Epinay-sur-Seine;1969-04-03;bdnb-bc-YSQG-8TLS-Z1UC;bdnb-bg-79DM-8X5L-VH2V;93;868.0;7.2;Épinay-sur-Seine;1976.0;;;C;BETON - AUTRES;ZINC ALUMINIUM;2.0;7.0;5555.0;Résidentiel collectif;Tertiaire;"[""DEPARTEMENT DE LA SEINE SAINT DENIS""]"
0931149U;W5N63AJ9C74G;Collège Pierre de Ronsard;093;collège;COLLEGE;Tremblay-en-France;1969-04-03;bdnb-bc-KBNE-QWT4-KWTF;bdnb-bg-E7QJ-JFYC-TZHA;93;2982.0;7.4;Tremblay-en-France;1972.0;;;;INDETERMINE;INDETERMINE;3.0;9.0;4953.0;Tertiaire & Autres;Tertiaire;"[""DEPARTEMENT DE LA SEINE SAINT DENIS""]"
0931187K;2XA6PWYNF9ZW;Collège Didier Daurat;093;collège;COLLEGE;Le Bourget;1970-03-25;;;;;;;;;;;;;;;;;;
0931189M;YC95R468NN7R;Collège le Parc;093;collège;COLLEGE;Aulnay-sous-Bois;1970-03-25;bdnb-bc-96LE-91PP-81D8;bdnb-bg-P7L3-BQ7L-2X81;93;761.0;16.9;Aulnay-sous-Bois;1904.0;;;C;MEULIERE;TUILES;2.0;12.0;2196.0;Résidentiel collectif;Tertiaire;"[""DEPARTEMENT DE LA SEINE SAINT DENIS""]"
0931191P;W8JQN84MSZXJ;Collège Romain Rolland;093;collège;COLLEGE;Tremblay-en-France;1970-03-25;bdnb-bc-AGMJ-1WLB-VNJY;bdnb-bg-XKKR-UC4B-SYJK;93;2098.0;5.0;Tremblay-en-France;2018.0;;;C;AGGLOMERE - BRIQUES;INDETERMINE;2.0;;2098.0;Tertiaire & Autres;Tertiaire;"[""DEPARTEMENT DE LA SEINE SAINT DENIS""]"
0931192R;1MT6DQTXRNY5;Collège les Mousseaux;093;collège;COLLEGE;Villepinte;1970-03-25;bdnb-bc-MHCT-8KWG-YQU4;bdnb-bg-54U8-DEH3-5TDA;93;2183.0;6.7;Villepinte;;;;;;;;6.0;8793.0;;Tertiaire;
0931194T;CGT6KRCAVPWG;Collège République;093;collège;COLLEGE;Bobigny;1970-03-25;bdnb-bc-9WJB-CEM9-PKDM;bdnb-bg-AJMP-QA5B-5AF1;93;779.0;13.5;Bobigny;;;;C;;;;8.0;3530.0;;Tertiaire;
0931214P;3V4DX35F4FVG;Collège Clos Saint Vincent;093;collège;COLLEGE;Noisy-le-Grand;1970-03-25;bdnb-bc-2HP3-LTAJ-QJBQ;bdnb-bg-CGVB-X2KR-9R2Z;93;3087.0;11.2;Noisy-le-Grand;2002.0;;;;INDETERMINE;INDETERMINE;1.0;12.0;3157.0;Résidentiel individuel;Tertiaire;"[""DEPARTEMENT DE LA SEINE SAINT DENIS""]"
0931220W;YK1H96PNQ1XT;Collège du Travail;093;collège;COLLEGE;Bagnolet;1970-03-25;bdnb-bc-2CNM-B2SG-6U2S;bdnb-bg-PJFJ-E5WJ-8QXX;93;2641.0;12.2;Bagnolet;1931.0;;;C;AUTRES;AUTRES;4.0;11.0;2739.0;Résidentiel collectif;Tertiaire;"[""DEPARTEMENT DE LA SEINE SAINT DENIS""]"
0931227D;A7WS8ZP6VCK9;Collège Pasteur;093;collège;COLLEGE;Villemomble;1970-03-25;bdnb-bc-NFW9-ZBZ8-W2YM;bdnb-bg-5HNN-ZRFP-FJZX;93;124.0;11.5;Villemomble;;;;;;;;12.0;124.0;;Tertiaire;
0931240T;8ATP6SHM1KA9;Ecole maternelle Paul Eluard;093;école;ECOLE MATERNELLE;Aulnay-sous-Bois;1970-05-08;bdnb-bc-P31G-P8NV-TTV1;bdnb-bg-4D97-KTA9-NMJQ;93;595.0;5.0;Aulnay-sous-Bois;;;;;;;;;595.0;;Tertiaire;
0931240T;6KXZW41ZZ3CX;Ecole maternelle Paul Eluard;093;école;ECOLE MATERNELLE;Aulnay-sous-Bois;1970-05-08;bdnb-bc-QR7S-A1G9-L1DG;bdnb-bg-DUA9-CJBN-2WL1;93;1253.0;5.3;Aulnay-sous-Bois;;;;;;;;5.0;1253.0;;Tertiaire;
0931253G;BD16GM16VH7F;Ecole élémentaire Léo Lagrange;093;école;ECOLE DE NIVEAU ELEMENTAIRE;Bondy;1970-05-08;bdnb-bc-HM8U-DJ8Z-A3SF;bdnb-bg-X5QN-HWVC-H8R6;93;1339.0;11.3;Bondy;1959.0;;;;BETON - BRIQUES;BETON;2.0;9.0;3631.0;Tertiaire & Autres;Tertiaire;"[""COMMUNE DE BONDY""]"
0931263T;AWD6QVQQPHN6;Ecole maternelle Varenne;093;école;ECOLE MATERNELLE;Noisy-le-Grand;1969-09-29;bdnb-bc-P5MJ-AJ9D-NQDH;bdnb-bg-46TJ-R8L5-JUFL;93;3001.0;12.0;Noisy-le-Grand;1934.0;;;;BRIQUES;TUILES;3.0;14.0;4766.0;Résidentiel collectif;Tertiaire;"[""COMMUNE DE NOISY LE GRAND""]"
0931272C;J9Z2Y432WD9D;Lycée général et technologique Gustave Eiffel;093;lycée;LYCEE ENSEIGNT GENERAL ET TECHNOLOGIQUE;Gagny;1969-10-13;bdnb-bc-H4XD-26Q7-1KAC;bdnb-bg-Y8JS-MCU6-4TC1;93;48.0;4.1;Gagny;;;;;;;;12.0;7455.0;;Tertiaire;
0931272C;VSSV5CX7SS56;Lycée général et technologique Gustave Eiffel;093;lycée;LYCEE ENSEIGNT GENERAL ET TECHNOLOGIQUE;Gagny;1969-10-13;bdnb-bc-2RXK-B51S-9KV8;bdnb-bg-KAR1-GKQG-DUDN;93;1530.0;7.7;Gagny;1983.0;;;;BETON - BRIQUES;BETON;1.0;8.0;1530.0;Résidentiel collectif;Tertiaire;"[""REGION ILE DE FRANCE""]"
0931272C;VD6YRQ9YT9DX;Lycée général et technologique Gustave Eiffel;093;lycée;LYCEE ENSEIGNT GENERAL ET TECHNOLOGIQUE;Gagny;1969-10-13;bdnb-bc-RXA4-LXG9-A8D6;bdnb-bg-Y8JS-MCU6-4TC1;93;6431.0;19.4;Gagny;;;;;;;;12.0;7455.0;;Tertiaire;
0931272C;NAZ5ZFWMNDAQ;Lycée général et technologique Gustave Eiffel;093;lycée;LYCEE ENSEIGNT GENERAL ET TECHNOLOGIQUE;Gagny;1969-10-13;bdnb-bc-M16D-SA87-3L78;bdnb-bg-Y8JS-MCU6-4TC1;93;613.0;8.1;Gagny;;;;;;;;12.0;7455.0;;Tertiaire;
0931272C;HE5XV25D6SE8;Lycée général et technologique Gustave Eiffel;093;lycée;LYCEE ENSEIGNT GENERAL ET TECHNOLOGIQUE;Gagny;1969-10-13;bdnb-bc-P52R-TMLA-PTRC;bdnb-bg-Y8JS-MCU6-4TC1;93;335.0;15.9;Gagny;;;;;;;;12.0;7455.0;;Tertiaire;
0931272C;WDSY839PAKRA;Lycée général et technologique Gustave Eiffel;093;lycée;LYCEE ENSEIGNT GENERAL ET TECHNOLOGIQUE;Gagny;1969-10-13;bdnb-bc-48FF-KS49-MRN7;bdnb-bg-UVR7-KM74-AP57;93;247.0;6.5;Gagny;2008.0;;;;INDETERMINE;INDETERMINE;1.0;7.0;247.0;Tertiaire & Autres;Tertiaire;"[""REGION ILE DE FRANCE""]"
0931272C;KK3VZH1949KP;Lycée général et technologique Gustave Eiffel;093;lycée;LYCEE ENSEIGNT GENERAL ET TECHNOLOGIQUE;Gagny;1969-10-13;bdnb-bc-3JRU-4GQY-4XBM;bdnb-bg-Y8JS-MCU6-4TC1;93;28.0;3.0;Gagny;;;;;;;;12.0;7455.0;;Tertiaire;
0931282N;5FKDYGXJ493M;Ecole élémentaire Paul Eluard;093;école;ECOLE DE NIVEAU ELEMENTAIRE;Montfermeil;1970-05-08;bdnb-bc-24NH-E6BN-K3V3;bdnb-bg-BGRJ-L4YN-Q4D8;93;1382.0;6.1;Montfermeil;;;;;;;;5.0;1641.0;;Tertiaire;
0931282N;Z93ABAV8JBCR;Ecole élémentaire Paul Eluard;093;école;ECOLE DE NIVEAU ELEMENTAIRE;Montfermeil;1970-05-08;bdnb-bc-WXJK-L44J-4XVP;bdnb-bg-HCNZ-H51R-BSXQ;93;169.0;3.3;Montfermeil;2012.0;;;;INDETERMINE;INDETERMINE;1.0;3.0;169.0;Tertiaire & Autres;Tertiaire;"[""COMMUNE DE MONTFERMEIL""]"
0931282N;JR3Y5VN1YHCK;Ecole élémentaire Paul Eluard;093;école;ECOLE DE NIVEAU ELEMENTAIRE;Montfermeil;1970-05-08;bdnb-bc-5KD4-6HMB-CVFW;bdnb-bg-6VUY-ZRSE-Y8XM;93;396.0;3.4;Montfermeil;;;;;;;;3.0;396.0;;Tertiaire;
0931282N;FGAXS9FV2RK2;Ecole élémentaire Paul Eluard;093;école;ECOLE DE NIVEAU ELEMENTAIRE;Montfermeil;1970-05-08;bdnb-bc-VT85-WL37-HA6F;bdnb-bg-BGRJ-L4YN-Q4D8;93;70.0;2.1;Montfermeil;;;;;;;;5.0;1641.0;;Tertiaire;
0931282N;NFF7XCPTGPSF;Ecole élémentaire Paul Eluard;093;école;ECOLE DE NIVEAU ELEMENTAIRE;Montfermeil;1970-05-08;bdnb-bc-1R57-MX16-8NHW;bdnb-bg-LJ2S-Y989-JF89;93;73.0;5.0;Montfermeil;1995.0;;;;INDETERMINE;INDETERMINE;2.0;10.0;1958.0;Tertiaire & Autres;Tertiaire;"[""COMMUNE DE MONTFERMEIL""]"
0931282N;8QG6P487E4NF;Ecole élémentaire Paul Eluard;093;école;ECOLE DE NIVEAU ELEMENTAIRE;Montfermeil;1970-05-08;bdnb-bc-G6FH-97CR-MNXZ;bdnb-bg-LJ2S-Y989-JF89;93;1185.0;8.8;Montfermeil;1995.0;;;;INDETERMINE;INDETERMINE;2.0;10.0;1958.0;Tertiaire & Autres;Tertiaire;"[""COMMUNE DE MONTFERMEIL""]"
0931282N;N4PXP78VMJC8;Ecole élémentaire Paul Eluard;093;école;ECOLE DE NIVEAU ELEMENTAIRE;Montfermeil;1970-05-08;bdnb-bc-Q7JU-G37J-H125;bdnb-bg-LJ2S-Y989-JF89;93;359.0;9.4;Montfermeil;1995.0;;;;INDETERMINE;INDETERMINE;2.0;10.0;1958.0;Tertiaire & Autres;Tertiaire;"[""COMMUNE DE MONTFERMEIL""]"
0931282N;P4ZYH4GWY3F6;Ecole élémentaire Paul Eluard;093;école;ECOLE DE NIVEAU ELEMENTAIRE;Montfermeil;1970-05-08;bdnb-bc-DL9H-74HB-QPT9;bdnb-bg-LJ2S-Y989-JF89;93;341.0;10.5;Montfermeil;1995.0;;;;INDETERMINE;INDETERMINE;2.0;10.0;1958.0;Tertiaire & Autres;Tertiaire;"[""COMMUNE DE MONTFERMEIL""]"
0931309T;4ZE9ZKE53DAP;Ecole élémentaire Marcel Sembat;093;école;ECOLE DE NIVEAU ELEMENTAIRE;Saint-Denis;1970-05-08;bdnb-bc-JKMQ-RN8V-1HE7;bdnb-bg-4NG6-S412-VSZM;93;1751.0;9.3;Saint-Denis;1900.0;;;;MEULIERE;ARDOISES;2.0;9.0;1751.0;Tertiaire & Autres;Tertiaire;"[""COMMUNE DE SAINT-DENIS""]"
0931311V;9GCVEF7T4RA5;Ecole maternelle Paul Langevin;093;école;ECOLE MATERNELLE;Saint-Ouen-sur-Seine;1970-05-08;bdnb-bc-KEE7-L2X2-34W1;bdnb-bg-WWWE-XFJU-MHZ6;93;1369.0;4.3;Saint-Ouen-sur-Seine;;;;;;;;4.0;1369.0;;Tertiaire;
0931404W;H9DR88WYXV7T;Ecole maternelle Timbaud-Dewerpe;093;école;ECOLE MATERNELLE;Drancy;1971-05-24;bdnb-bc-G21H-CVFY-VQWU;bdnb-bg-TFGW-LZX3-FZTK;93;1562.0;3.7;Drancy;2017.0;;;;INDETERMINE;INDETERMINE;1.0;5.0;3555.0;Tertiaire & Autres;Tertiaire;"[""COMMUNE DE DRANCY""]"
0931407Z;RT5WE3RSVY25;Ecole maternelle Marcel Cachin;093;école;ECOLE MATERNELLE;Dugny;1971-05-24;bdnb-bc-J5QV-2H38-919Q;bdnb-bg-9KLX-ZHGU-VVTL;93;2053.0;4.0;Dugny;1970.0;;;;BRIQUES - AUTRES;ZINC ALUMINIUM - AUTRES;3.0;4.0;2053.0;Résidentiel collectif;Tertiaire;"[""COMMUNE DE DUGNY""]"
0931408A;ZGZG95Y42RZV;Ecole maternelle Romain Rolland;093;école;ECOLE MATERNELLE;Epinay-sur-Seine;1971-05-24;bdnb-bc-WPJE-KD1D-TPCU;bdnb-bg-6DZX-5XZT-CRCQ;93;1806.0;11.7;Épinay-sur-Seine;1972.0;;;;BETON - BRIQUES;BETON;1.0;9.0;3173.0;Tertiaire & Autres;Tertiaire;"[""COMMUNE D EPINAY SUR SEINE""]"
0931416J;D54DP2Z3TBYY;Ecole maternelle Arthur Rimbaud;093;école;ECOLE MATERNELLE;Noisy-le-Sec;1971-05-24;bdnb-bc-X3SR-68GY-QMUB;bdnb-bg-4W9V-EV4K-2U49;93;2814.0;7.6;Noisy-le-Sec;;;;;INDETERMINE;INDETERMINE;1.0;6.0;5088.0;Tertiaire & Autres;Tertiaire;"[""COMMUNE DE NOISY LE SEC""]"
0931462J;KFEKHE64GNA2;Ecole maternelle Claude Rouget de Lisle;093;école;ECOLE MATERNELLE;Neuilly-sur-Marne;1972-06-06;bdnb-bc-4NUB-PH54-KTPL;bdnb-bg-RVC9-MM2U-QDQ3;93;796.0;6.9;Neuilly-sur-Marne;2010.0;2019.0;B;;INDETERMINE;INDETERMINE;4.0;6.0;18889.0;Tertiaire & Autres;Tertiaire;"[""COMMUNE DE NEUILLY S-MARNE"", ""ORANGE""]"
0931505F;N4XC45HQH3N7;Ecole maternelle Courcoux;093;école;ECOLE MATERNELLE;Les Lilas;1973-05-14;bdnb-bc-SUV5-ZCBN-G75Y;bdnb-bg-8NBH-WLSX-U7GC;93;708.0;4.6;Les Lilas;;;;;;;;5.0;708.0;;Tertiaire;
0931517U;K9TY31YJEPY3;Ecole maternelle Henri Wallon;093;école;ECOLE MATERNELLE;Saint-Denis;1973-05-14;bdnb-bc-M7CP-ZARE-G7QR;bdnb-bg-KNAN-C9WR-H7G1;93;45.0;2.2;Saint-Denis;;;;;INDETERMINE;INDETERMINE;1.0;3.0;371.0;Tertiaire & Autres;Tertiaire;
0931772W;14KNA998SD6H;Ecole élémentaire Gavroche;093;école;ECOLE DE NIVEAU ELEMENTAIRE;Noisy-le-Grand;1979-09-01;bdnb-bc-R8FY-FH28-B3LC;bdnb-bg-F1EQ-HW1X-3DUD;77;1671.0;6.6;Champs-sur-Marne;1988.0;1988.0;;;INDETERMINE;INDETERMINE;1.0;6.0;2131.0;Résidentiel collectif;Tertiaire;"[""COMMUNE CHAMPS SUR MARNE""]"
0931777B;GGCQJB4269DD;Ecole maternelle Les Marlieres;093;école;ECOLE MATERNELLE;Vaujours;1980-01-01;bdnb-bc-4HW6-NML3-RY8B;bdnb-bg-JY5L-BKGE-XW3K;93;1234.0;3.2;Vaujours;;1978.0;;;INDETERMINE;INDETERMINE;2.0;5.0;4213.0;Résidentiel collectif;Tertiaire;"[""COMMUNE DE VAUJOURS""]"
0931879M;HF4RYNFFY7ZH;Ecole maternelle Jacques Prévert;093;école;ECOLE MATERNELLE;Tremblay-en-France;1981-09-01;bdnb-bc-UKXN-BWFL-4DUF;bdnb-bg-B5RX-2SUG-ZBEW;93;1178.0;4.8;Tremblay-en-France;;;;;;;;7.0;2347.0;;Tertiaire;
0931886V;DRX38J531C97;Ecole élémentaire Georges Brassens;093;école;ECOLE DE NIVEAU ELEMENTAIRE;Noisy-le-Grand;1982-09-01;bdnb-bc-T8FE-HVFE-VNW5;bdnb-bg-YTBD-EWX3-WLVP;93;43.0;1.8;Noisy-le-Grand;1970.0;1989.0;D;C;INDETERMINE;INDETERMINE;3.0;7.0;18458.0;Tertiaire & Autres;Tertiaire;"[""COMMUNE DE NOISY LE GRAND"", ""DEPARTEMENT DE LA SEINE SAINT DENIS""]"
0931886V;Q52GPDBEFMM5;Ecole élémentaire Georges Brassens;093;école;ECOLE DE NIVEAU ELEMENTAIRE;Noisy-le-Grand;1982-09-01;bdnb-bc-5VWY-PQNF-TMCL;bdnb-bg-YTBD-EWX3-WLVP;93;1660.0;4.9;Noisy-le-Grand;1970.0;1989.0;D;C;INDETERMINE;INDETERMINE;3.0;7.0;18458.0;Tertiaire & Autres;Tertiaire;"[""COMMUNE DE NOISY LE GRAND"", ""DEPARTEMENT DE LA SEINE SAINT DENIS""]"
0931886V;X2WYZYNSP9M2;Ecole élémentaire Georges Brassens;093;école;ECOLE DE NIVEAU ELEMENTAIRE;Noisy-le-Grand;1982-09-01;bdnb-bc-MED6-D5P4-WWJG;bdnb-bg-YTBD-EWX3-WLVP;93;187.0;2.5;Noisy-le-Grand;1970.0;1989.0;D;C;INDETERMINE;INDETERMINE;3.0;7.0;18458.0;Tertiaire & Autres;Tertiaire;"[""COMMUNE DE NOISY LE GRAND"", ""DEPARTEMENT DE LA SEINE SAINT DENIS""]"
0931887W;34DDM5N1B2HY;Ecole maternelle Jacques Prévert;093;école;ECOLE MATERNELLE;Saint-Denis;1984-09-05;bdnb-bc-7FE7-NRN1-YGNT;bdnb-bg-R6W6-VQ3R-TJCS;93;137.0;2.4;Saint-Denis;1982.0;;;;BETON;AUTRES;1.0;4.0;2193.0;Tertiaire & Autres;Tertiaire;"[""COMMUNE DE SAINT-DENIS""]"
0931972N;SMXA4X13EZDW;Ecole maternelle Maxime Henriet;093;école;ECOLE MATERNELLE;Clichy-sous-Bois;1985-09-01;bdnb-bc-M7GW-ST7F-52AF;bdnb-bg-UGJM-V7MB-2UUL;93;1160.0;2.7;Clichy-sous-Bois;;;;;;;;3.0;1196.0;;Tertiaire;
0931975S;RM1NNJFV7J2R;Ecole élémentaire Jules Verne;093;école;ECOLE DE NIVEAU ELEMENTAIRE;Noisy-le-Grand;1985-09-01;bdnb-bc-SAFP-HFEL-XETW;bdnb-bg-YTBD-EWX3-WLVP;93;2971.0;6.5;Noisy-le-Grand;1970.0;1989.0;D;C;INDETERMINE;INDETERMINE;3.0;7.0;18458.0;Tertiaire & Autres;Tertiaire;"[""COMMUNE DE NOISY LE GRAND"", ""DEPARTEMENT DE LA SEINE SAINT DENIS""]"
0932026X;48XMH619KRAR;Lycée polyvalent Alfred Nobel;093;lycée;LYCEE POLYVALENT;Clichy-sous-Bois;1989-09-01;;;;;;;;;;;;;;;;;;
0752526N;QYZQFK8R3FC6;Collège Henri IV;075;collège;COLLEGE;Paris  5e  Arrondissement;1977-03-11;bdnb-bc-NW8K-8TYB-2STQ;bdnb-bg-XJR3-KSSP-4CY8;75;4713.0;15.3;Paris 5e Arrondissement;1900.0;;;;INDETERMINE;INDETERMINE;6.0;16.0;8339.0;Résidentiel collectif;Tertiaire;"[""LYCEE GENERAL ET TECHNOLOGIQUE HENRI IV"", ""VILLE DE PARIS"", ""ENEDIS""]"
0752530T;F12YS5RWBN58;Collège Octave Gréard;075;collège;COLLEGE;Paris  8e  Arrondissement;1977-03-11;bdnb-bc-DWS4-LL1C-JL5H;bdnb-bg-8D4V-A487-T2N5;75;1441.0;17.1;Paris 8e Arrondissement;1890.0;;;E;PIERRE;ZINC ALUMINIUM;4.0;17.0;1505.0;Tertiaire & Autres;Tertiaire;"[""DIRECTION DES SERVICES DEPARTEMENTAUX DE L EDUCATION NATIONA"", ""ETAT PAR DIRECTION DE L IMMOBILIER DE L ETAT""]"
0752530T;H1QK7P89VPV9;Collège Octave Gréard;075;collège;COLLEGE;Paris  8e  Arrondissement;1977-03-11;;;;;;;;;;;;;;;;;;
0752530T;5SYJGM6WVHNX;Collège Octave Gréard;075;collège;COLLEGE;Paris  8e  Arrondissement;1977-03-11;bdnb-bc-89FG-QRMJ-PNZY;bdnb-bg-8D4V-A487-T2N5;75;64.0;5.0;Paris 8e Arrondissement;1890.0;;;E;PIERRE;ZINC ALUMINIUM;4.0;17.0;1505.0;Tertiaire & Autres;Tertiaire;"[""DIRECTION DES SERVICES DEPARTEMENTAUX DE L EDUCATION NATIONA"", ""ETAT PAR DIRECTION DE L IMMOBILIER DE L ETAT""]"
0752537A;9NT2N596D9SE;Collège Paul Valéry;075;collège;COLLEGE;Paris 12e  Arrondissement;1977-03-11;bdnb-bc-RGU9-96WG-7GXA;bdnb-bg-LYKR-RY7T-W37F;75;556.0;5.0;Paris 12e Arrondissement;;;;;;;;26.0;2371.0;;Tertiaire;
0752542F;VTWHVQKNZJK2;Collège Jean François Oeben;075;collège;COLLEGE;Paris 12e  Arrondissement;1977-03-11;bdnb-bc-GYHS-1T51-B8ZG;bdnb-bg-FL57-723Y-X6UT;75;901.0;4.4;Paris 12e Arrondissement;;;;;;;;11.0;1436.0;;Tertiaire;
0752544H;6PFAYKH83SFK;Collège François Villon;075;collège;COLLEGE;Paris 14e  Arrondissement;1977-03-11;bdnb-bc-WRQ3-U1ZP-BGJA;bdnb-bg-8ECH-KFBN-P4L6;75;5026.0;20.0;Paris 14e Arrondissement;1963.0;;;D;BETON;BETON;11.0;17.0;7664.0;Résidentiel collectif;Tertiaire;"[""LYCEE GENERAL ET TECHNOLOGIQUE F VILLON""]"
0752552S;23MNQQP3YS3T;Collège Carnot;075;collège;COLLEGE;Paris 17e  Arrondissement;1977-03-11;bdnb-bc-XQM8-MSCQ-RC6W;bdnb-bg-U245-D3ML-N5DJ;75;5849.0;15.0;Paris 17e Arrondissement;1900.0;;;;BRIQUES - PIERRE;ZINC ALUMINIUM;5.0;14.0;6858.0;Résidentiel collectif;Tertiaire;"[""VILLE DE PARIS""]"
0752552S;CFECBK6S84CE;Collège Carnot;075;collège;COLLEGE;Paris 17e  Arrondissement;1977-03-11;;;;;;;;;;;;;;;;;;
0752552S;JZ2RRC3XDF76;Collège Carnot;075;collège;COLLEGE;Paris 17e  Arrondissement;1977-03-11;bdnb-bc-PU2Y-ULM3-U71K;bdnb-bg-U245-D3ML-N5DJ;75;954.0;20.0;Paris 17e Arrondissement;1900.0;;;;BRIQUES - PIERRE;ZINC ALUMINIUM;5.0;14.0;6858.0;Résidentiel collectif;Tertiaire;"[""VILLE DE PARIS""]"
0752552S;6T3KPP9HH2KF;Collège Carnot;075;collège;COLLEGE;Paris 17e  Arrondissement;1977-03-11;bdnb-bc-YUMX-BVEY-MDWZ;bdnb-bg-U245-D3ML-N5DJ;75;54.0;6.0;Paris 17e Arrondissement;1900.0;;;;BRIQUES - PIERRE;ZINC ALUMINIUM;5.0;14.0;6858.0;Résidentiel collectif;Tertiaire;"[""VILLE DE PARIS""]"
0752567H;ASXBB218P9F3;E.M.PU JACQUIER 23 rue Jacquier;075;école;ECOLE MATERNELLE;Paris 14e  Arrondissement;1977-06-09;bdnb-bc-1KZM-2UX6-R6KM;bdnb-bg-DYEP-748L-66Q6;75;1207.0;2.7;Paris 14e Arrondissement;1900.0;;;;INDETERMINE;INDETERMINE;2.0;3.0;1207.0;Résidentiel collectif;Tertiaire;"[""VILLE DE PARIS""]"
0752608C;3TGAPE1YK2N6;Lycée professionnel Belliard - Lycée des métiers de la Gastronomie durable;075;lycée;LYCEE PROFESSIONNEL;Paris 18e  Arrondissement;1978-09-01;bdnb-bc-D2NB-7BNP-134S;bdnb-bg-QLBE-HKHW-R92N;75;656.0;15.8;Paris 18e Arrondissement;;;;;;;;11.0;1061.0;;Tertiaire;
0752608C;DGGCH7P6ARPT;Lycée professionnel Belliard - Lycée des métiers de la Gastronomie durable;075;lycée;LYCEE PROFESSIONNEL;Paris 18e  Arrondissement;1978-09-01;bdnb-bc-V1KX-L2B6-RJ57;bdnb-bg-QLBE-HKHW-R92N;75;161.0;13.4;Paris 18e Arrondissement;;;;;;;;11.0;1061.0;;Tertiaire;
0752608C;JY9BD65EVE7S;Lycée professionnel Belliard - Lycée des métiers de la Gastronomie durable;075;lycée;LYCEE PROFESSIONNEL;Paris 18e  Arrondissement;1978-09-01;bdnb-bc-RNAY-F6MK-M75Y;bdnb-bg-YXH5-JA9V-SW6U;75;131.0;7.8;Paris 18e Arrondissement;;;;;INDETERMINE;INDETERMINE;3.0;8.0;131.0;Résidentiel collectif;Tertiaire;"[""VILLE DE PARIS""]"
0752608C;27CNGBYT4WK6;Lycée professionnel Belliard - Lycée des métiers de la Gastronomie durable;075;lycée;LYCEE PROFESSIONNEL;Paris 18e  Arrondissement;1978-09-01;bdnb-bc-GKXY-NU4K-H2K7;bdnb-bg-QLBE-HKHW-R92N;75;243.0;4.6;Paris 18e Arrondissement;;;;;;;;11.0;1061.0;;Tertiaire;
0752617M;6TNXJND8ZDG5;E.M.PU MOUFFETARD M 97 rue Mouffetard;075;école;ECOLE MATERNELLE;Paris  5e  Arrondissement;1978-09-01;bdnb-bc-A665-NMHD-QZTJ;bdnb-bg-4DM5-62MA-CL2P;75;146.0;20.0;Paris 5e Arrondissement;1800.0;;D;;BRIQUES - PIERRE;INDETERMINE;6.0;20.0;146.0;Résidentiel collectif;Tertiaire;"[""S C I LYNCH""]"
0752634F;7E39VVH7AN5W;E.P.PU BERANGER 3 rue Béranger;075;école;ECOLE DE NIVEAU ELEMENTAIRE;Paris  3e  Arrondissement;1978-09-01;bdnb-bc-Z6LA-B5S1-5HTT;bdnb-bg-ZWSJ-C4M1-AAJS;75;1666.0;15.7;Paris 3e Arrondissement;1850.0;;D;;BETON - BRIQUES;ZINC ALUMINIUM;5.0;16.0;1666.0;Tertiaire & Autres;Tertiaire;"[""PREFECTURE DE PARIS   DIRECTION DE L ENSEIGNEMENT SOUS DIREC""]"
0752639L;X2CVXQCXM5NZ;E.E.PU DUNOIS L 64 rue dunois;075;école;ECOLE DE NIVEAU ELEMENTAIRE;Paris 13e  Arrondissement;1978-09-01;bdnb-bc-JDER-UNV4-CFTD;bdnb-bg-5ED4-VUC4-KYW8;75;1792.0;6.2;Paris 13e Arrondissement;;;E;;INDETERMINE;INDETERMINE;1.0;9.0;4121.0;Résidentiel collectif;Tertiaire;"[""VILLE DE PARIS""]"
0752640M;ZGT2KP58VNPB;E.E.PU IVRY EA 47 avenue d'Ivry;075;école;ECOLE DE NIVEAU ELEMENTAIRE;Paris 13e  Arrondissement;1978-09-01;bdnb-bc-YTW1-H4TG-R8RP;bdnb-bg-SZJA-CQ69-KE2S;75;254.0;2.2;Paris 13e Arrondissement;;;D;;BETON;ZINC ALUMINIUM;2.0;7.0;2487.0;Résidentiel collectif;Tertiaire;"[""VILLE DE PARIS""]"
0752640M;RZK3Q42S3PCQ;E.E.PU IVRY EA 47 avenue d'Ivry;075;école;ECOLE DE NIVEAU ELEMENTAIRE;Paris 13e  Arrondissement;1978-09-01;bdnb-bc-MV59-7YCT-1UHA;bdnb-bg-SZJA-CQ69-KE2S;75;1199.0;15.1;Paris 13e Arrondissement;;;D;;BETON;ZINC ALUMINIUM;2.0;7.0;2487.0;Résidentiel collectif;Tertiaire;"[""VILLE DE PARIS""]"
0752640M;JQF188K6PSCF;E.E.PU IVRY EA 47 avenue d'Ivry;075;école;ECOLE DE NIVEAU ELEMENTAIRE;Paris 13e  Arrondissement;1978-09-01;bdnb-bc-8V4X-ZLG6-P8DF;bdnb-bg-SZJA-CQ69-KE2S;75;203.0;4.7;Paris 13e Arrondissement;;;D;;BETON;ZINC ALUMINIUM;2.0;7.0;2487.0;Résidentiel collectif;Tertiaire;"[""VILLE DE PARIS""]"
0752640M;AN1Y8ZJ1EG9V;E.E.PU IVRY EA 47 avenue d'Ivry;075;école;ECOLE DE NIVEAU ELEMENTAIRE;Paris 13e  Arrondissement;1978-09-01;bdnb-bc-RLEL-24HK-ZX8S;bdnb-bg-SZJA-CQ69-KE2S;75;831.0;7.8;Paris 13e Arrondissement;;;D;;BETON;ZINC ALUMINIUM;2.0;7.0;2487.0;Résidentiel collectif;Tertiaire;"[""VILLE DE PARIS""]"
0752696Y;E69D4W3P9H5D;Collège Léon Gambetta;075;collège;COLLEGE;Paris 20e  Arrondissement;1979-09-01;bdnb-bc-9X2G-J4RA-LPRE;bdnb-bg-Y8BU-QURA-4XUL;75;1038.0;19.4;Paris 20e Arrondissement;2024.0;;;;BRIQUES;INDETERMINE;3.0;9.0;2484.0;Tertiaire & Autres;Tertiaire;"[""VILLE DE PARIS""]"
0752763W;16QSVWCM8BRJ;E.M.PU BALEINE 5 impasse de la Baleine;075;école;ECOLE MATERNELLE;Paris 11e  Arrondissement;1979-09-01;bdnb-bc-ESU8-4WKB-TFDH;bdnb-bg-78QC-7W45-149K;75;998.0;11.8;Paris 11e Arrondissement;2023.0;;;;INDETERMINE;INDETERMINE;2.0;12.0;998.0;Tertiaire & Autres;Tertiaire;"[""VILLE DE PARIS""]"
0752836A;28MHAG95QKQM;E.M.PU RAMPAL A 5 rue Rampal;075;école;ECOLE MATERNELLE;Paris 19e  Arrondissement;1980-09-01;bdnb-bc-AWMR-WU9R-QNSJ;bdnb-bg-EYTR-2RFR-6UB6;75;929.0;6.7;Paris 19e Arrondissement;2023.0;;;;INDETERMINE;INDETERMINE;1.0;7.0;929.0;Tertiaire & Autres;Tertiaire;"[""VILLE DE PARIS""]"
0752958H;BHT42Y6SE4JY;Collège Boris Vian;075;collège;COLLEGE;Paris 17e  Arrondissement;1981-09-01;bdnb-bc-T7FM-C3TG-AFYS;bdnb-bg-VQJA-J89C-AHKB;75;944.0;19.9;Paris 17e Arrondissement;2023.0;;;;BRIQUES;BETON;4.0;20.0;944.0;Tertiaire & Autres;Tertiaire;"[""VILLE DE PARIS""]"
0753047E;D5JPTXT1KJWJ;Collège La Grange aux Belles;075;collège;COLLEGE;Paris 10e  Arrondissement;1982-09-01;bdnb-bc-3B3D-YDJS-CA1R;bdnb-bg-N2UY-XY7X-UNNY;75;3027.0;6.6;Paris 10e Arrondissement;1990.0;;;;INDETERMINE;INDETERMINE;4.0;6.0;3300.0;Tertiaire & Autres;Tertiaire;"[""VILLE DE PARIS""]"
0753123M;EVCZNN3MHEJ4;E.M.PU CHAT.DES RENTIERS 40 rue Château des Rentiers;075;école;ECOLE MATERNELLE;Paris 13e  Arrondissement;1983-09-01;bdnb-bc-AGBJ-G2QD-NXS4;bdnb-bg-BKPV-WUFJ-CBV2;75;1098.0;10.3;Paris 13e Arrondissement;2023.0;;C;;INDETERMINE;INDETERMINE;1.0;10.0;1098.0;Tertiaire & Autres;Tertiaire;"[""VILLE DE PARIS""]"
0753124N;R927PAJ5YFNJ;E.E.PU CHATEAU DES RENTIERS N 37 rue Château des Rentiers;075;école;ECOLE DE NIVEAU ELEMENTAIRE;Paris 13e  Arrondissement;1983-09-01;bdnb-bc-CQMJ-T7UX-DDDU;bdnb-bg-FFE3-UJM9-NXPM;75;1024.0;9.6;Paris 13e Arrondissement;;;;;INDETERMINE;INDETERMINE;2.0;9.0;2099.0;Résidentiel collectif;Tertiaire;"[""VILLE DE PARIS""]"
0753188H;S2MRFJXPXS1B;E.M.PU DUNOIS H 71 rue dunois;075;école;ECOLE MATERNELLE;Paris 13e  Arrondissement;1984-09-01;bdnb-bc-EB12-Z54Q-QQ3B;bdnb-bg-EGA3-52G1-GFBS;75;207.0;8.8;Paris 13e Arrondissement;1964.0;1975.0;C;;BETON;BETON;19.0;36.0;5399.0;Résidentiel collectif;Résidentiel collectif;"[""AEW PARIS COMMERCES"", ""REGIE IMMOBILIERE DE LA VILLE DE PARIS""]"
0753189J;DDJ4HS5KJJKG;E.M.PU SIMONE WEIL 5 rue Simone Weil;075;école;ECOLE MATERNELLE;Paris 13e  Arrondissement;1984-09-01;bdnb-bc-AWU6-A27M-D1C4;bdnb-bg-TAKC-HBFP-RFKL;75;687.0;6.2;Paris 13e Arrondissement;1984.0;;;;BETON;BETON;2.0;6.0;687.0;Tertiaire & Autres;Tertiaire;"[""VILLE DE PARIS""]"
0753190K;QKSHPHSHT5EG;E.M.PU SEXTIUS MICHEL 22 rue Sextius Michel;075;école;ECOLE MATERNELLE;Paris 15e  Arrondissement;1984-09-01;bdnb-bc-A6MN-FQPU-XBMF;bdnb-bg-AZXS-VMVC-AJ3L;75;1560.0;14.6;Paris 15e Arrondissement;1912.0;;;;BRIQUES;TUILES;4.0;15.0;1560.0;Résidentiel collectif;Tertiaire;"[""VILLE DE PARIS""]"
0753195R;BQ561BY4144Q;E.M.PU TCHAIKOVSKI 7 rue Tchaikovski;075;école;ECOLE MATERNELLE;Paris 18e  Arrondissement;1984-09-01;bdnb-bc-65RY-7TF1-C8GP;bdnb-bg-FV5A-W796-84KL;75;986.0;8.7;Paris 18e Arrondissement;1901.0;;D;;INDETERMINE;INDETERMINE;2.0;11.0;4876.0;Tertiaire & Autres;Tertiaire;"[""VILLE DE PARIS""]"
0753196S;YMT98BVHCXAH;E.M.PU VITRUVE S 68 rue Vitruve;075;école;ECOLE MATERNELLE;Paris 20e  Arrondissement;1984-09-01;bdnb-bc-H15R-WP37-4MEG;bdnb-bg-QEZJ-XZB2-3B1D;75;1061.0;9.4;Paris 20e Arrondissement;1990.0;;;;PIERRE;ARDOISES;2.0;8.0;1501.0;Tertiaire & Autres;Tertiaire;"[""VILLE DE PARIS""]"
0753197T;GB4V4EV845DT;E.E.PU MOURAUD T 5 rue Mouraud;075;école;ECOLE DE NIVEAU ELEMENTAIRE;Paris 20e  Arrondissement;1985-09-01;bdnb-bc-MKZM-3E8T-GHU4;bdnb-bg-FNGG-4JXU-KEUG;75;226.0;7.2;Paris 20e Arrondissement;1985.0;;;;INDETERMINE;INDETERMINE;4.0;9.0;2600.0;Tertiaire & Autres;Tertiaire;"[""VILLE DE PARIS""]"
0753197T;4Y1BFB4FE3FV;E.E.PU MOURAUD T 5 rue Mouraud;075;école;ECOLE DE NIVEAU ELEMENTAIRE;Paris 20e  Arrondissement;1985-09-01;bdnb-bc-F5GC-QWK8-XRHG;bdnb-bg-FNGG-4JXU-KEUG;75;74.0;8.4;Paris 20e Arrondissement;1985.0;;;;INDETERMINE;INDETERMINE;4.0;9.0;2600.0;Tertiaire & Autres;Tertiaire;"[""VILLE DE PARIS""]"
0753197T;FQX31PD5E7YV;E.E.PU MOURAUD T 5 rue Mouraud;075;école;ECOLE DE NIVEAU ELEMENTAIRE;Paris 20e  Arrondissement;1985-09-01;bdnb-bc-RF7R-76MK-XQZA;bdnb-bg-FNGG-4JXU-KEUG;75;1252.0;11.2;Paris 20e Arrondissement;1985.0;;;;INDETERMINE;INDETERMINE;4.0;9.0;2600.0;Tertiaire & Autres;Tertiaire;"[""VILLE DE PARIS""]"
0753197T;TB45NC1K645H;E.E.PU MOURAUD T 5 rue Mouraud;075;école;ECOLE DE NIVEAU ELEMENTAIRE;Paris 20e  Arrondissement;1985-09-01;bdnb-bc-212G-TL2X-DW5A;bdnb-bg-FNGG-4JXU-KEUG;75;162.0;6.5;Paris 20e Arrondissement;1985.0;;;;INDETERMINE;INDETERMINE;4.0;9.0;2600.0;Tertiaire & Autres;Tertiaire;"[""VILLE DE PARIS""]"
0753197T;GXVGPX12EKT3;E.E.PU MOURAUD T 5 rue Mouraud;075;école;ECOLE DE NIVEAU ELEMENTAIRE;Paris 20e  Arrondissement;1985-09-01;bdnb-bc-9BMX-AVSC-DNWD;bdnb-bg-FNGG-4JXU-KEUG;75;690.0;9.1;Paris 20e Arrondissement;1985.0;;;;INDETERMINE;INDETERMINE;4.0;9.0;2600.0;Tertiaire & Autres;Tertiaire;"[""VILLE DE PARIS""]"
0753197T;Q38RH19R71G5;E.E.PU MOURAUD T 5 rue Mouraud;075;école;ECOLE DE NIVEAU ELEMENTAIRE;Paris 20e  Arrondissement;1985-09-01;bdnb-bc-E93A-LU1B-SBS6;bdnb-bg-FNGG-4JXU-KEUG;75;196.0;10.3;Paris 20e Arrondissement;1985.0;;;;INDETERMINE;INDETERMINE;4.0;9.0;2600.0;Tertiaire & Autres;Tertiaire;"[""VILLE DE PARIS""]"
0753266T;ZWF9BJJN71PG;E.P.PU ALQUIER DEBROUSSE 12 allée Alquier debrousse;075;école;ECOLE DE NIVEAU ELEMENTAIRE;Paris 20e  Arrondissement;1985-09-01;bdnb-bc-K155-GJR3-TKMW;bdnb-bg-KZTS-UJRD-WGSW;75;1075.0;8.4;Paris 20e Arrondissement;2024.0;;;;INDETERMINE;INDETERMINE;1.0;8.0;1075.0;Tertiaire & Autres;Tertiaire;"[""VILLE DE PARIS""]"
0753268V;T5XKKMKAEMXR;Lycée polyvalent Jean Lurçat - Lycée des métiers du management, de la communication et de la relation cleint;075;lycée;LYCEE POLYVALENT;Paris 13e  Arrondissement;1966-09-30;bdnb-bc-5QQ3-L2XR-BR64;bdnb-bg-KUX4-RM15-GMFN;75;2139.0;16.6;Paris 13e Arrondissement;1962.0;;;;BRIQUES;BETON;5.0;11.0;2741.0;Tertiaire & Autres;Tertiaire;"[""VILLE DE PARIS""]"
0753281J;WP4YAD6PZ7QQ;E.P.PU GROS 18 rue Gros;075;école;ECOLE DE NIVEAU ELEMENTAIRE;Paris 16e  Arrondissement;1985-09-01;bdnb-bc-VBY2-5Q5V-F4PE;bdnb-bg-WL7Y-GEE4-Q6AD;75;28.0;3.0;Paris 16e Arrondissement;2018.0;;;;INDETERMINE;INDETERMINE;1.0;10.0;1016.0;Tertiaire & Autres;Tertiaire;"[""VILLE DE PARIS""]"
0753283L;8K5XTD1NC2DH;E.E.PU JEAN JAURES 160 avenue Jean Jaurès;075;école;ECOLE DE NIVEAU ELEMENTAIRE;Paris 19e  Arrondissement;1985-09-01;bdnb-bc-WPN3-UL85-XS9A;bdnb-bg-YXNL-47CA-FZT5;75;180.0;27.0;Paris 19e Arrondissement;1800.0;;;;INDETERMINE;INDETERMINE;4.0;14.0;862.0;Tertiaire & Autres;Tertiaire;"[""VILLE DE PARIS"", ""REGIE IMMOBILIERE DE LA VILLE DE PARIS""]"
0753283L;2SCPZ7172Y22;E.E.PU JEAN JAURES 160 avenue Jean Jaurès;075;école;ECOLE DE NIVEAU ELEMENTAIRE;Paris 19e  Arrondissement;1985-09-01;bdnb-bc-GW1F-KBMA-VXVE;bdnb-bg-YXNL-47CA-FZT5;75;651.0;12.2;Paris 19e Arrondissement;1800.0;;;;INDETERMINE;INDETERMINE;4.0;14.0;862.0;Tertiaire & Autres;Tertiaire;"[""VILLE DE PARIS"", ""REGIE IMMOBILIERE DE LA VILLE DE PARIS""]"
0753283L;GJ79BMXYD8DV;E.E.PU JEAN JAURES 160 avenue Jean Jaurès;075;école;ECOLE DE NIVEAU ELEMENTAIRE;Paris 19e  Arrondissement;1985-09-01;bdnb-bc-59SC-3H1G-MYW4;bdnb-bg-YXNL-47CA-FZT5;75;31.0;1.7;Paris 19e Arrondissement;1800.0;;;;INDETERMINE;INDETERMINE;4.0;14.0;862.0;Tertiaire & Autres;Tertiaire;"[""VILLE DE PARIS"", ""REGIE IMMOBILIERE DE LA VILLE DE PARIS""]"
0753338W;BT7PM8JQJ4B2;E.M.PU MERLIN 14 rue Merlin;075;école;ECOLE MATERNELLE;Paris 11e  Arrondissement;1986-09-01;bdnb-bc-KSLL-N92L-WFYF;bdnb-bg-U2AM-EKMJ-XDUX;75;1106.0;16.6;Paris 11e Arrondissement;1986.0;1986.0;D;;BETON;BETON;7.0;9.0;1377.0;Résidentiel collectif;Tertiaire;"[""VILLE DE PARIS"", ""ASSISTANCE PUBLIQUE HOPITAUX DE PARIS"", ""REGIE IMMOBILIERE DE LA VILLE DE PARIS""]"
0753345D;X5S5RVPZRYGJ;Collège Edmond Michelet;075;collège;COLLEGE;Paris 19e  Arrondissement;1986-09-01;bdnb-bc-AHAW-V51V-2YU5;bdnb-bg-2BL4-NT6X-XFK6;75;1775.0;14.3;Paris 19e Arrondissement;;;;;;;;11.0;2394.0;;Tertiaire;
0753416F;KEPN3B4KPN1R;E.M.PU BAYEN 56 rue Bayen;075;école;ECOLE MATERNELLE;Paris 17e  Arrondissement;1987-09-01;bdnb-bc-WB4P-Q8DP-89SJ;bdnb-bg-M9XL-LX45-M984;75;486.0;15.0;Paris 17e Arrondissement;2023.0;;;;AUTRES;AUTRES;4.0;15.0;486.0;Tertiaire & Autres;Tertiaire;"[""VILLE DE PARIS""]"
0753418H;4ZH9FVKGXN4R;E.P.PU MAURICE GENEVOIX 3 rue Maurice Genevoix;075;école;ECOLE DE NIVEAU ELEMENTAIRE;Paris 18e  Arrondissement;1989-09-01;;;;;;;;;;;;;;;;;;
0753565T;P694G4Y2ETZB;E.E.PU AMANDIERS T 103 rue des Amandiers;075;école;ECOLE DE NIVEAU ELEMENTAIRE;Paris 20e  Arrondissement;1988-09-05;bdnb-bc-GEFV-3648-9YJS;bdnb-bg-HXNN-MQZS-8CRK;75;396.0;4.2;Paris 20e Arrondissement;1990.0;;;;INDETERMINE;INDETERMINE;4.0;12.0;638.0;Tertiaire & Autres;Tertiaire;"[""VILLE DE PARIS""]"
0753577F;P4XH7Y4WJFPB;E.M.PU FRANCOIS DE MENTHON - Ecole maternelle 18 rue Serge Prokofiev;075;école;ECOLE MATERNELLE;Paris 16e  Arrondissement;1988-09-01;bdnb-bc-6WXU-U8ZA-K319;bdnb-bg-WFYH-PMLM-61QT;75;518.0;7.4;Paris 16e Arrondissement;1988.0;1988.0;C;E;INDETERMINE;INDETERMINE;9.0;13.0;5097.0;Résidentiel collectif;Tertiaire;"[""MINISTERE DE L'INTERIEUR"", ""VILLE DE PARIS"", ""REGIE IMMOBILIERE DE LA VILLE DE PARIS"", ""REGIE AUTONOME DES TRANSPORTS PARISIENS"", ""ETAT PAR DIRECTION DE L IMMOBILIER DE L ETAT""]"
0753577F;AJBHE2488DBZ;E.M.PU FRANCOIS DE MENTHON - Ecole maternelle 18 rue Serge Prokofiev;075;école;ECOLE MATERNELLE;Paris 16e  Arrondissement;1988-09-01;bdnb-bc-FCMG-BA8M-FWFG;bdnb-bg-WFYH-PMLM-61QT;75;21.0;4.3;Paris 16e Arrondissement;1988.0;1988.0;C;E;INDETERMINE;INDETERMINE;9.0;13.0;5097.0;Résidentiel collectif;Tertiaire;"[""MINISTERE DE L'INTERIEUR"", ""VILLE DE PARIS"", ""REGIE IMMOBILIERE DE LA VILLE DE PARIS"", ""REGIE AUTONOME DES TRANSPORTS PARISIENS"", ""ETAT PAR DIRECTION DE L IMMOBILIER DE L ETAT""]"
0753580J;YE56R5J79PBD;E.M.PU LOUIS VIERNE 4 rue Louis Vierne;075;école;ECOLE MATERNELLE;Paris 17e  Arrondissement;1989-09-01;bdnb-bc-1X3K-438Q-ZBD5;bdnb-bg-JHG9-P9JX-676R;75;1681.0;22.7;Paris 17e Arrondissement;1988.0;1988.0;D;;INDETERMINE;INDETERMINE;8.0;23.0;1681.0;Résidentiel collectif;Résidentiel collectif;"[""VILLE DE PARIS"", ""REGIE IMMOBILIERE DE LA VILLE DE PARIS""]"
0753580J;X8AVVQ91KR5X;E.M.PU LOUIS VIERNE 4 rue Louis Vierne;075;école;ECOLE MATERNELLE;Paris 17e  Arrondissement;1989-09-01;bdnb-bc-L7X1-H1LU-JT3R;bdnb-bg-1AXH-41AJ-8VCT;75;779.0;6.4;Paris 17e Arrondissement;2023.0;;;;INDETERMINE;INDETERMINE;1.0;6.0;779.0;Tertiaire & Autres;Tertiaire;"[""REGIE IMMOBILIERE DE LA VILLE DE PARIS""]"
0753581K;PM4YZP1Y1RCA;E.M.PU RUISSEAU 6 rue du Ruisseau;075;école;ECOLE MATERNELLE;Paris 18e  Arrondissement;1988-09-01;bdnb-bc-9YSF-WF5G-X7JE;bdnb-bg-3LR5-W5YB-5DEF;75;103.0;18.6;Paris 18e Arrondissement;1989.0;;;;INDETERMINE;INDETERMINE;3.0;19.0;103.0;Tertiaire & Autres;Tertiaire;"[""VILLE DE PARIS""]"
0753737E;JCSQ4SE7X8KZ;E.E.PU FRANCOISE DORLEAC EB 8 place Francoise Dorléac;075;école;ECOLE DE NIVEAU ELEMENTAIRE;Paris 18e  Arrondissement;1967-10-09;bdnb-bc-HYJN-NBUS-16P9;bdnb-bg-K6KX-Z8MD-CMKZ;75;121.0;10.1;Paris 18e Arrondissement;2023.0;;;;INDETERMINE;INDETERMINE;1.0;8.0;2071.0;Tertiaire & Autres;Tertiaire;"[""VILLE DE PARIS""]"
0754244F;6KEVFX7Z1PPX;E.M.PU JOSEPH DE MAISTRE 94 rue Joseph de Maistre;075;école;ECOLE MATERNELLE;Paris 18e  Arrondissement;1968-05-13;bdnb-bc-TNBA-VEPK-QQ1A;bdnb-bg-ESJB-XRQZ-T4NG;75;117.0;6.9;Paris 18e Arrondissement;2023.0;;;;INDETERMINE;INDETERMINE;2.0;5.0;1140.0;Tertiaire & Autres;Tertiaire;"[""VILLE DE PARIS""]"
0754244F;H4PG6CMW3EQD;E.M.PU JOSEPH DE MAISTRE 94 rue Joseph de Maistre;075;école;ECOLE MATERNELLE;Paris 18e  Arrondissement;1968-05-13;bdnb-bc-21QY-A9U4-F41D;bdnb-bg-ESJB-XRQZ-T4NG;75;909.0;6.2;Paris 18e Arrondissement;2023.0;;;;INDETERMINE;INDETERMINE;2.0;5.0;1140.0;Tertiaire & Autres;Tertiaire;"[""VILLE DE PARIS""]"
0754244F;TXJTNA6WZASN;E.M.PU JOSEPH DE MAISTRE 94 rue Joseph de Maistre;075;école;ECOLE MATERNELLE;Paris 18e  Arrondissement;1968-05-13;bdnb-bc-U373-5BYF-T8SF;bdnb-bg-ESJB-XRQZ-T4NG;75;95.0;3.3;Paris 18e Arrondissement;2023.0;;;;INDETERMINE;INDETERMINE;2.0;5.0;1140.0;Tertiaire & Autres;Tertiaire;"[""VILLE DE PARIS""]"
0754322R;T89WHHJ8HKXW;E.E.PU CHAMPERRET 7 avenue de la Porte Champerret;075;école;ECOLE DE NIVEAU ELEMENTAIRE;Paris 17e  Arrondissement;1989-09-01;bdnb-bc-V37U-R5BA-2B89;bdnb-bg-7W3X-Y2CV-1DGH;75;1342.0;3.5;Paris 17e Arrondissement;2023.0;;;;INDETERMINE;INDETERMINE;1.0;4.0;2573.0;Tertiaire & Autres;Tertiaire;"[""VILLE DE PARIS""]"
0754401B;Q747KS85R7ZE;Lycée Innovant de Paris;075;lycée;LYCEE EXPERIMENTAL;Paris 15e  Arrondissement;1990-01-01;bdnb-bc-J7CF-EJW4-VXLH;bdnb-bg-Z5BN-5AQD-X7JX;75;1784.0;15.5;Paris 15e Arrondissement;1996.0;;;D;INDETERMINE;INDETERMINE;5.0;9.0;1848.0;Résidentiel collectif;Tertiaire;"[""UNIVERSITE PARIS 1 PANTHEON-SORBONNE"", ""ETAT PAR DIRECTION DE L IMMOBILIER DE L ETAT""]"
0754475G;G2F5XSHYFP6G;Lycée polyvalent Léonard de Vinci - Lycée des métiers du bois, des techniques des arts du spectacle, acteur de la transition écologique;075;lycée;LYCEE POLYVALENT;Paris 15e  Arrondissement;1992-09-01;bdnb-bc-N9AX-28AJ-HK7U;bdnb-bg-Z833-XFUF-511D;75;43.0;3.7;Paris 15e Arrondissement;1920.0;;;;BRIQUES - PIERRE;ZINC ALUMINIUM;4.0;6.0;3749.0;Résidentiel collectif;Tertiaire;"[""REGION ILE DE FRANCE""]"
0754475G;N253FDEW5WZE;Lycée polyvalent Léonard de Vinci - Lycée des métiers du bois, des techniques des arts du spectacle, acteur de la transition écologique;075;lycée;LYCEE POLYVALENT;Paris 15e  Arrondissement;1992-09-01;bdnb-bc-79Z9-FLGH-E8EQ;bdnb-bg-Z833-XFUF-511D;75;358.0;4.5;Paris 15e Arrondissement;1920.0;;;;BRIQUES - PIERRE;ZINC ALUMINIUM;4.0;6.0;3749.0;Résidentiel collectif;Tertiaire;"[""REGION ILE DE FRANCE""]"
0754486U;4YKSSYHNR5Y4;E.E.PU GLACIERE 100 rue de la Glacière;075;école;ECOLE DE NIVEAU ELEMENTAIRE;Paris 13e  Arrondissement;1992-09-01;;;;;;;;;;;;;;;;;;
0754688N;XQMD9AXFY75S;E.M.PU POMMARD N 33 rue Pommard;075;école;ECOLE MATERNELLE;Paris 12e  Arrondissement;1994-09-01;bdnb-bc-X6XT-J1M2-HLU2;bdnb-bg-P89H-HTXC-TXKS;75;792.0;15.1;Paris 12e Arrondissement;1900.0;;;;INDETERMINE;INDETERMINE;3.0;15.0;876.0;Tertiaire & Autres;Tertiaire;"[""VILLE DE PARIS""]"
0754695W;NXA7T3DWBR3Q;E.E.PU ORAN 18 rue d'Oran;075;école;ECOLE DE NIVEAU ELEMENTAIRE;Paris 18e  Arrondissement;1994-09-01;bdnb-bc-U4ZX-BS5E-PC5K;bdnb-bg-J51N-W88Y-GXNF;75;148.0;15.3;Paris 18e Arrondissement;2023.0;;;;INDETERMINE;INDETERMINE;1.0;15.0;148.0;Tertiaire & Autres;Tertiaire;"[""VILLE DE PARIS""]"
0755000C;WZ9FSYQSD7N4;Collège Thomas Mann;075;collège;COLLEGE;Paris 13e  Arrondissement;2002-09-01;bdnb-bc-BAYG-MZ7N-Q3LU;bdnb-bg-QQWM-FU69-18P8;75;1302.0;15.9;Paris 13e Arrondissement;2002.0;;;;INDETERMINE;INDETERMINE;6.0;14.0;2688.0;Tertiaire & Autres;Tertiaire;"[""VILLE DE PARIS""]"
0755035R;XK8SA1A3SB6G;E.P.PU CUGNOT 28 rue Cugnot;075;école;ECOLE DE NIVEAU ELEMENTAIRE;Paris 18e  Arrondissement;2002-09-01;bdnb-bc-ZKHA-3K2J-12LE;bdnb-bg-4R99-5W6U-PKXM;75;3420.0;20.3;Paris 18e Arrondissement;2002.0;;;;INDETERMINE;INDETERMINE;7.0;20.0;3420.0;Tertiaire & Autres;Tertiaire;"[""VILLE DE PARIS""]"
0755065Y;EDPRZCBHXA5S;E.P.PU CHAMPAGNE 17 cité Champagne;075;école;ECOLE DE NIVEAU ELEMENTAIRE;Paris 20e  Arrondissement;2006-09-01;bdnb-bc-13KC-SRWF-WE8B;bdnb-bg-ZXQS-Z3TP-E8CW;75;92.0;10.6;Paris 20e Arrondissement;2024.0;;;;INDETERMINE;INDETERMINE;1.0;11.0;92.0;Tertiaire & Autres;Tertiaire;"[""VILLE DE PARIS""]"
0755241P;CTF4WJNJBEYX;Collège Colette Besson;075;collège;COLLEGE;Paris 20e  Arrondissement;2007-09-01;bdnb-bc-RPZX-5KWS-GKH8;bdnb-bg-XLW3-QWZY-DQ65;75;735.0;22.7;Paris 20e Arrondissement;2024.0;;;C;INDETERMINE;INDETERMINE;5.0;9.0;2807.0;Tertiaire & Autres;Tertiaire;"[""VILLE DE PARIS""]"
0755591V;W8T6BER4DAD3;E.P.PU CLAUDE BERNARD 118 boulevard Mac Donald;075;école;ECOLE DE NIVEAU ELEMENTAIRE;Paris 19e  Arrondissement;2011-03-01;bdnb-bc-6ZZK-M85C-JPJU;bdnb-bg-HE57-B8MP-VZ99;75;1473.0;31.8;Paris 19e Arrondissement;2012.0;;;C;INDETERMINE;INDETERMINE;4.0;32.0;1473.0;Tertiaire & Autres;Tertiaire;"[""VILLE DE PARIS""]"
0755747P;3HCDB17Z5AE8;Collège Suzanne LACORE;075;collège;COLLEGE;Paris 19e  Arrondissement;2014-09-01;bdnb-bc-T9XW-HH5W-PL8H;bdnb-bg-VUBQ-F4RF-DGXG;75;4234.0;33.6;Paris 19e Arrondissement;2018.0;;;;INDETERMINE;INDETERMINE;4.0;20.0;5382.0;Tertiaire & Autres;Tertiaire;"[""VILLE DE PARIS""]"
0931195U;NR4SJCZHBHZ3;Collège Delaune;093;collège;COLLEGE;Bobigny;1970-03-25;bdnb-bc-VZE6-NZ75-XC61;bdnb-bg-MVTY-N1T3-FY2Q;93;5268.0;13.8;Bobigny;2010.0;;;;INDETERMINE;INDETERMINE;1.0;9.0;6811.0;Tertiaire & Autres;Tertiaire;"[""COMMUNE DE BOBIGNY""]"
0932119Y;2V2YCZGNCNN3;Lycée polyvalent Eugène Hénaff - Lycée des métiers d'art, de la construction et de l'efficacité énergétique;093;lycée;LYCEE POLYVALENT;Bagnolet;1987-09-01;bdnb-bc-8T7C-CLHD-UAHC;bdnb-bg-T87A-TEU2-C4TT;93;156.0;14.0;Bagnolet;;;;;;;;11.0;2553.0;;Tertiaire;
0930277W;PQVTZYS3PW6W;Ecole élémentaire Samira Bellil;093;école;ECOLE DE NIVEAU ELEMENTAIRE;L'Ile-Saint-Denis;1965-05-01;bdnb-bc-ENDU-585X-PPWJ;bdnb-bg-WN2N-6CAB-P9HD;93;450.0;12.7;L'Île-Saint-Denis;2014.0;;;;INDETERMINE;INDETERMINE;1.0;15.0;1285.0;Tertiaire & Autres;Tertiaire;"[""COMMUNE DE L ILE ST DENIS""]"
0930277W;7AX4RCAX32DY;Ecole élémentaire Samira Bellil;093;école;ECOLE DE NIVEAU ELEMENTAIRE;L'Ile-Saint-Denis;1965-05-01;bdnb-bc-S8LX-RQ2Y-54Z8;bdnb-bg-WN2N-6CAB-P9HD;93;687.0;13.8;L'Île-Saint-Denis;2014.0;;;;INDETERMINE;INDETERMINE;1.0;15.0;1285.0;Tertiaire & Autres;Tertiaire;"[""COMMUNE DE L ILE ST DENIS""]"
0930277W;52J522FTYA9H;Ecole élémentaire Samira Bellil;093;école;ECOLE DE NIVEAU ELEMENTAIRE;L'Ile-Saint-Denis;1965-05-01;bdnb-bc-TQAK-XHPB-J5FA;bdnb-bg-WN2N-6CAB-P9HD;93;148.0;18.8;L'Île-Saint-Denis;2014.0;;;;INDETERMINE;INDETERMINE;1.0;15.0;1285.0;Tertiaire & Autres;Tertiaire;"[""COMMUNE DE L ILE ST DENIS""]"
0930277W;K15S5C5AT32E;Ecole élémentaire Samira Bellil;093;école;ECOLE DE NIVEAU ELEMENTAIRE;L'Ile-Saint-Denis;1965-05-01;bdnb-bc-MR5V-DG2D-83HF;bdnb-bg-WXH9-5KGE-7C62;93;26.0;1.2;L'Île-Saint-Denis;;;;;;;;1.0;26.0;;;
0930277W;TZDV14AYYVD8;Ecole élémentaire Samira Bellil;093;école;ECOLE DE NIVEAU ELEMENTAIRE;L'Ile-Saint-Denis;1965-05-01;bdnb-bc-JSAQ-MLB4-1L8D;bdnb-bg-2Q4F-GQZS-BDRV;93;409.0;8.4;L'Île-Saint-Denis;;;;;;;;7.0;1433.0;;Tertiaire;
0930277W;9BZZZF3EAH7Y;Ecole élémentaire Samira Bellil;093;école;ECOLE DE NIVEAU ELEMENTAIRE;L'Ile-Saint-Denis;1965-05-01;bdnb-bc-1L4V-HED5-GLXC;bdnb-bg-2Q4F-GQZS-BDRV;93;690.0;6.9;L'Île-Saint-Denis;;;;;;;;7.0;1433.0;;Tertiaire;
0930277W;S3GKT4C7VBPB;Ecole élémentaire Samira Bellil;093;école;ECOLE DE NIVEAU ELEMENTAIRE;L'Ile-Saint-Denis;1965-05-01;bdnb-bc-QRYG-XV6D-78QZ;bdnb-bg-2Q4F-GQZS-BDRV;93;294.0;5.7;L'Île-Saint-Denis;;;;;;;;7.0;1433.0;;Tertiaire;
0930357H;ZWVDGHYX131K;Ecole élémentaire Babeuf;093;école;ECOLE DE NIVEAU ELEMENTAIRE;Aubervilliers;1965-05-01;bdnb-bc-RHGG-U6GD-CUEL;bdnb-bg-2W5G-GJQY-T4L1;93;1353.0;3.7;La Courneuve;1994.0;1979.0;D;;AUTRES;AUTRES;2.0;4.0;3805.0;Résidentiel collectif;Tertiaire;"[""COMMUNE DE LA COURNEUVE""]"
0930369W;AYMZB825EAFT;Ecole élémentaire Edouard Vaillant;093;école;ECOLE DE NIVEAU ELEMENTAIRE;Bobigny;1965-05-01;bdnb-bc-SEK4-BMCL-M2TG;bdnb-bg-HMSZ-2CT6-Y6MW;93;1006.0;10.7;Bobigny;1936.0;2026.0;C;;BRIQUES;TUILES;3.0;13.0;3381.0;Résidentiel collectif;Tertiaire;"[""COMMUNE DE BOBIGNY""]"
0930408N;PFS7SCDV2VVG;Ecole maternelle Paul Langevin;093;école;ECOLE MATERNELLE;Bobigny;1965-05-01;bdnb-bc-59N8-NTBM-FYF7;bdnb-bg-ZYM6-U2Y8-5P7N;93;792.0;5.8;Bobigny;1955.0;;;;BETON;TUILES;3.0;6.0;1308.0;Tertiaire & Autres;Tertiaire;"[""COMMUNE DE BOBIGNY""]"
0930463Y;B79SA8QAT8A4;Ecole maternelle Pierre Brossolette;093;école;ECOLE MATERNELLE;Aubervilliers;1965-05-01;bdnb-bc-PHU7-RUJ4-YVTV;bdnb-bg-ZLPF-J8D9-7UGJ;93;1281.0;5.1;Aubervilliers;;;;D;;;;5.0;5748.0;;Tertiaire;
0930508X;GPEG9VKJ1993;Ecole maternelle La Venelle;093;école;ECOLE MATERNELLE;Epinay-sur-Seine;1965-05-01;bdnb-bc-5BG2-82WA-1GXA;bdnb-bg-WWT2-9D9Y-55LJ;95;1613.0;3.9;Deuil-la-Barre;1994.0;;D;;PIERRE;TUILES;1.0;4.0;1632.0;Tertiaire & Autres;Tertiaire;"[""COMMUNE DE DEUIL LA BARRE""]"
0930518H;AYMZB825EAFT;Ecole maternelle Anne Sylvestre;093;école;ECOLE MATERNELLE;Bobigny;1965-05-01;bdnb-bc-SEK4-BMCL-M2TG;bdnb-bg-HMSZ-2CT6-Y6MW;93;1006.0;10.7;Bobigny;1936.0;2026.0;C;;BRIQUES;TUILES;3.0;13.0;3381.0;Résidentiel collectif;Tertiaire;"[""COMMUNE DE BOBIGNY""]"
0930990W;TXGW72APZGH8;Ecole primaire Jean Lurçat;093;école;ECOLE DE NIVEAU ELEMENTAIRE;L'Ile-Saint-Denis;1968-05-17;bdnb-bc-UPQG-69BL-VSFV;bdnb-bg-YHH3-ARU4-MB2J;93;2083.0;5.0;L'Île-Saint-Denis;2019.0;;;;AGGLOMERE;BETON;2.0;;2083.0;Tertiaire & Autres;Tertiaire;"[""COMMUNE DE L ILE ST DENIS""]"
0931249C;GJQQ3DV8CAXM;Ecole élémentaire Paul Vaillant-Couturier;093;école;ECOLE DE NIVEAU ELEMENTAIRE;Bobigny;1970-05-08;bdnb-bc-7JFV-9CQU-T7A8;bdnb-bg-VDZS-VAP6-EFZX;93;724.0;6.7;Bobigny;1970.0;;;;AGGLOMERE - BRIQUES;ZINC ALUMINIUM;2.0;8.0;3158.0;Tertiaire & Autres;Tertiaire;"[""COMMUNE DE BOBIGNY""]"
0931312W;NX12H1Y6KQER;Ecole maternelle Marie Curie;093;école;ECOLE MATERNELLE;Sevran;1970-05-08;bdnb-bc-YTH4-X1F8-Y8YC;bdnb-bg-PJAT-569L-3HAV;93;2008.0;5.5;Sevran;1970.0;1969.0;D;B;BETON - BRIQUES;BETON - ZINC ALUMINIUM;5.0;5.0;2830.0;Résidentiel collectif;Tertiaire;"[""COMMUNE DE SEVRAN""]"
0931454A;PZVTA363TS3Y;Ecole maternelle François Villon;093;école;ECOLE MATERNELLE;Sevran;1972-06-06;bdnb-bc-GSZP-SCP8-TMUH;bdnb-bg-5F5Q-RJFF-VTUW;93;325.0;3.7;Sevran;;;;C;INDETERMINE;INDETERMINE;1.0;12.0;7245.0;Résidentiel individuel;Tertiaire;"[""COMMUNE DE SEVRAN"", ""GRTGAZ"", ""LOGEMENT GEST IMMOBILIERE REG PARISIENNE""]"
0931590Y;ST8VC75NQZFZ;Ecole élémentaire Montaigne;093;école;ECOLE DE NIVEAU ELEMENTAIRE;Sevran;1975-09-02;bdnb-bc-U3VF-WQG5-DA47;bdnb-bg-CS2E-7SCJ-G4E7;93;1919.0;4.7;Sevran;;;;C;;;;4.0;3685.0;;Tertiaire;
0931625L;GN64NN618Z6P;Ecole élémentaire Lacepède 1;093;école;ECOLE DE NIVEAU ELEMENTAIRE;Epinay-sur-Seine;1976-06-23;bdnb-bc-H3YH-QH8H-7DA7;bdnb-bg-738A-MK75-7V3R;93;1494.0;2.6;Épinay-sur-Seine;2009.0;;;;INDETERMINE;INDETERMINE;1.0;3.0;1494.0;Tertiaire & Autres;Tertiaire;"[""COMMUNE D EPINAY SUR SEINE""]"
0932073Y;HPNNTKE2P6VJ;Lycée polyvalent Paul Robert;093;lycée;LYCEE POLYVALENT;Les Lilas;1992-09-01;bdnb-bc-YBDB-NQZQ-JTJX;bdnb-bg-AGJT-8W9T-7FNK;93;4095.0;10.1;Les Lilas;1994.0;;;;INDETERMINE;INDETERMINE;3.0;11.0;4325.0;Tertiaire & Autres;Tertiaire;"[""REGION ILE DE FRANCE""]"
0932663P;S7S8XZ2PP48E;Ecole élémentaire Publique Frida Kahlo;093;école;ECOLE DE NIVEAU ELEMENTAIRE;Aubervilliers;2016-09-01;;;;;;;;;;;;;;;;;;
0750387N;BK35NZM18PSQ;Collège Pierre Jean de Béranger;075;collège;COLLEGE;Paris  3e  Arrondissement;1965-05-01;bdnb-bc-EM9D-HLRZ-Z8D2;bdnb-bg-6D5A-M4NT-BJ5Q;75;311.0;14.3;Paris 3e Arrondissement;1900.0;;F;E;INDETERMINE;INDETERMINE;5.0;11.0;605.0;Résidentiel collectif;Résidentiel collectif;
0750553U;2WBCQDVQYQ8X;Lycée professionel Gaston Bachelard;075;lycée;LYCEE PROFESSIONNEL;Paris 13e  Arrondissement;1965-05-01;bdnb-bc-GF7R-N9H1-3YJC;bdnb-bg-X4N2-NM7S-9FQE;75;388.0;6.9;Paris 13e Arrondissement;1945.0;;;;BRIQUES;BETON;4.0;7.0;1985.0;Résidentiel collectif;Tertiaire;"[""VILLE DE PARIS""]"
0750553U;VMETXA3HXH7V;Lycée professionel Gaston Bachelard;075;lycée;LYCEE PROFESSIONNEL;Paris 13e  Arrondissement;1965-05-01;bdnb-bc-LLZS-XCNF-PZ4V;bdnb-bg-X4N2-NM7S-9FQE;75;60.0;3.9;Paris 13e Arrondissement;1945.0;;;;BRIQUES;BETON;4.0;7.0;1985.0;Résidentiel collectif;Tertiaire;"[""VILLE DE PARIS""]"
0750553U;TRWKBYPXDBDM;Lycée professionel Gaston Bachelard;075;lycée;LYCEE PROFESSIONNEL;Paris 13e  Arrondissement;1965-05-01;bdnb-bc-HPSE-4N97-C4EX;bdnb-bg-X4N2-NM7S-9FQE;75;1143.0;18.9;Paris 13e Arrondissement;1945.0;;;;BRIQUES;BETON;4.0;7.0;1985.0;Résidentiel collectif;Tertiaire;"[""VILLE DE PARIS""]"
0750553U;521RDRGGD2TG;Lycée professionel Gaston Bachelard;075;lycée;LYCEE PROFESSIONNEL;Paris 13e  Arrondissement;1965-05-01;bdnb-bc-MWAA-YH3K-VB5H;bdnb-bg-X4N2-NM7S-9FQE;75;146.0;5.8;Paris 13e Arrondissement;1945.0;;;;BRIQUES;BETON;4.0;7.0;1985.0;Résidentiel collectif;Tertiaire;"[""VILLE DE PARIS""]"
0750553U;G9HTRCVJ4HX4;Lycée professionel Gaston Bachelard;075;lycée;LYCEE PROFESSIONNEL;Paris 13e  Arrondissement;1965-05-01;bdnb-bc-KDHE-9AG8-R9D3;bdnb-bg-X4N2-NM7S-9FQE;75;77.0;1.4;Paris 13e Arrondissement;1945.0;;;;BRIQUES;BETON;4.0;7.0;1985.0;Résidentiel collectif;Tertiaire;"[""VILLE DE PARIS""]"
0750553U;81EZ6GEAKFPM;Lycée professionel Gaston Bachelard;075;lycée;LYCEE PROFESSIONNEL;Paris 13e  Arrondissement;1965-05-01;bdnb-bc-LWHY-7RHH-7YSR;bdnb-bg-X4N2-NM7S-9FQE;75;100.0;4.6;Paris 13e Arrondissement;1945.0;;;;BRIQUES;BETON;4.0;7.0;1985.0;Résidentiel collectif;Tertiaire;"[""VILLE DE PARIS""]"
0750553U;B9KZ5GRJ61MA;Lycée professionel Gaston Bachelard;075;lycée;LYCEE PROFESSIONNEL;Paris 13e  Arrondissement;1965-05-01;bdnb-bc-CHW2-KNT9-JDCR;bdnb-bg-X4N2-NM7S-9FQE;75;71.0;5.6;Paris 13e Arrondissement;1945.0;;;;BRIQUES;BETON;4.0;7.0;1985.0;Résidentiel collectif;Tertiaire;"[""VILLE DE PARIS""]"
0750602X;C5ESYJY1BSMF;E.E.PU DE LA SAIDA 20 rue de la Saïda;075;école;ECOLE DE NIVEAU ELEMENTAIRE;Paris 15e  Arrondissement;1969-03-18;bdnb-bc-1JM6-KRJ3-EA82;bdnb-bg-9EMA-UCEP-YWEP;75;141.0;17.7;Paris 15e Arrondissement;2013.0;;;;BETON;BETON;5.0;10.0;3032.0;Tertiaire & Autres;Tertiaire;"[""VILLE DE PARIS""]"
0750602X;S56T7GN33X15;E.E.PU DE LA SAIDA 20 rue de la Saïda;075;école;ECOLE DE NIVEAU ELEMENTAIRE;Paris 15e  Arrondissement;1969-03-18;bdnb-bc-NEXH-K7XW-NNZL;bdnb-bg-9EMA-UCEP-YWEP;75;124.0;15.5;Paris 15e Arrondissement;2013.0;;;;BETON;BETON;5.0;10.0;3032.0;Tertiaire & Autres;Tertiaire;"[""VILLE DE PARIS""]"
0750602X;YEEG6JTS3TS2;E.E.PU DE LA SAIDA 20 rue de la Saïda;075;école;ECOLE DE NIVEAU ELEMENTAIRE;Paris 15e  Arrondissement;1969-03-18;bdnb-bc-84HR-U1DV-8974;bdnb-bg-9EMA-UCEP-YWEP;75;1712.0;12.8;Paris 15e Arrondissement;2013.0;;;;BETON;BETON;5.0;10.0;3032.0;Tertiaire & Autres;Tertiaire;"[""VILLE DE PARIS""]"
0750602X;1R7C5T7MSBVG;E.E.PU DE LA SAIDA 20 rue de la Saïda;075;école;ECOLE DE NIVEAU ELEMENTAIRE;Paris 15e  Arrondissement;1969-03-18;bdnb-bc-9YRV-G3Q1-N5RE;bdnb-bg-9EMA-UCEP-YWEP;75;115.0;4.9;Paris 15e Arrondissement;2013.0;;;;BETON;BETON;5.0;10.0;3032.0;Tertiaire & Autres;Tertiaire;"[""VILLE DE PARIS""]"
0750602X;TMS78T3SWE22;E.E.PU DE LA SAIDA 20 rue de la Saïda;075;école;ECOLE DE NIVEAU ELEMENTAIRE;Paris 15e  Arrondissement;1969-03-18;bdnb-bc-KTYQ-CEGM-5XNW;bdnb-bg-9EMA-UCEP-YWEP;75;162.0;4.8;Paris 15e Arrondissement;2013.0;;;;BETON;BETON;5.0;10.0;3032.0;Tertiaire & Autres;Tertiaire;"[""VILLE DE PARIS""]"
0750602X;EJZ4CQBBPH2H;E.E.PU DE LA SAIDA 20 rue de la Saïda;075;école;ECOLE DE NIVEAU ELEMENTAIRE;Paris 15e  Arrondissement;1969-03-18;bdnb-bc-1S1B-WT3E-HDM4;bdnb-bg-9EMA-UCEP-YWEP;75;778.0;1.3;Paris 15e Arrondissement;2013.0;;;;BETON;BETON;5.0;10.0;3032.0;Tertiaire & Autres;Tertiaire;"[""VILLE DE PARIS""]"
0750611G;PYNQV9VTDNJ6;Collège Jean Moulin;075;collège;COLLEGE;Paris 14e  Arrondissement;1969-04-03;bdnb-bc-VQXQ-56LY-8LPR;bdnb-bg-WWPT-W9Y9-62WX;75;1155.0;18.4;Paris 14e Arrondissement;1969.0;;;;BETON - BRIQUES;BETON - TUILES;5.0;8.0;2080.0;Résidentiel collectif;Tertiaire;"[""VILLE DE PARIS""]"
0750651A;11DC7HMXVD8V;Lycée polyvalent Simone Weil;075;lycée;LYCEE POLYVALENT;Paris  3e  Arrondissement;1965-05-01;bdnb-bc-8462-GJSK-YBJU;bdnb-bg-9DWD-E71B-164L;75;781.0;19.2;Paris 3e Arrondissement;;;;;INDETERMINE;INDETERMINE;6.0;19.0;781.0;Résidentiel collectif;Tertiaire;"[""VILLE DE PARIS""]"
0750656F;VECGRJTYN6DA;Lycée général Lavoisier;075;lycée;LYCEE D ENSEIGNEMENT GENERAL;Paris  5e  Arrondissement;1965-05-01;bdnb-bc-B7F5-9VM9-G3AP;bdnb-bg-S4FH-75WP-EJHW;75;1520.0;15.2;Paris 5e Arrondissement;2021.0;1960.0;E;;INDETERMINE;INDETERMINE;4.0;9.0;2239.0;Tertiaire & Autres;Tertiaire;"[""MINISTERE DE L'EDUCATION NATIONALE  DE L'ENSEIGNEMENT SUPERI"", ""ETAT PAR DIRECTION DE L IMMOBILIER DE L ETAT""]"
0750660K;JV9JQ47NR6ZT;Lycée général Fénelon;075;lycée;LYCEE D ENSEIGNEMENT GENERAL;Paris  6e  Arrondissement;1965-05-01;bdnb-bc-PAHR-BYUU-PFAX;bdnb-bg-HYR9-ZP98-SPH5;75;1927.0;13.8;Paris 6e Arrondissement;1680.0;;;;PIERRE;ARDOISES;5.0;14.0;1927.0;Résidentiel collectif;Tertiaire;"[""REGION ILE DE FRANCE""]"
0750669V;J7SE1QRFFWC3;Lycée général et technologique Jules Ferry;075;lycée;LYCEE ENSEIGNT GENERAL ET TECHNOLOGIQUE;Paris  9e  Arrondissement;1965-05-01;bdnb-bc-R3B3-KQAA-YJNS;bdnb-bg-SCMJ-9T4D-9FML;75;3154.0;18.5;Paris 9e Arrondissement;1880.0;;;;INDETERMINE;BETON;5.0;19.0;3154.0;Résidentiel collectif;Tertiaire;"[""DIRECTION DES SERVICES DEPARTEMENTAUX DE L EDUCATION NATIONA"", ""ENEDIS"", ""ERDF AGENCE COMPTABLE TULLE""]"
0750672Y;AC7TFT22Q9A9;Lycée technologique Duperré Ecole Supérieure des Arts Appliqués;075;lycée;LYCEE D ENSEIGNEMENT TECHNOLOGIQUE;Paris  3e  Arrondissement;1965-05-01;bdnb-bc-46ZF-QRAD-9R25;bdnb-bg-8UQT-BZBF-FJ2Q;75;1291.0;21.6;Paris 3e Arrondissement;;;;;INDETERMINE;INDETERMINE;7.0;22.0;1291.0;Résidentiel collectif;Tertiaire;"[""VILLE DE PARIS""]"
0750694X;4DSP4M4N8W9R;Lycée général Camille Sée;075;lycée;LYCEE D ENSEIGNEMENT GENERAL;Paris 15e  Arrondissement;1965-05-01;bdnb-bc-6CTG-31CP-T8ZA;bdnb-bg-ABQF-LP9S-924R;75;3267.0;23.8;Paris 15e Arrondissement;1934.0;;;;BETON;BETON;4.0;15.0;3767.0;Résidentiel collectif;Tertiaire;"[""MINISTERE DE L'EDUCATION NATIONALE  DE L'ENSEIGNEMENT SUPERI"", ""ETAT PAR DIRECTION DE L IMMOBILIER DE L ETAT""]"
0750710P;MZCPRW7XVBAP;Lycée technologique Auguste Renoir;075;lycée;LYCEE D ENSEIGNEMENT TECHNOLOGIQUE;Paris 18e  Arrondissement;1965-05-01;bdnb-bc-XHL1-XLNA-RC3C;bdnb-bg-M418-S6GN-KN5E;75;106.0;1.4;Paris 18e Arrondissement;1900.0;;;;INDETERMINE;INDETERMINE;2.0;12.0;1179.0;Résidentiel collectif;Tertiaire;"[""VILLE DE PARIS""]"
0750710P;N8299JEWXV6E;Lycée technologique Auguste Renoir;075;lycée;LYCEE D ENSEIGNEMENT TECHNOLOGIQUE;Paris 18e  Arrondissement;1965-05-01;bdnb-bc-9VDU-WVZD-1YZD;bdnb-bg-M418-S6GN-KN5E;75;133.0;11.5;Paris 18e Arrondissement;1900.0;;;;INDETERMINE;INDETERMINE;2.0;12.0;1179.0;Résidentiel collectif;Tertiaire;"[""VILLE DE PARIS""]"
0750710P;HDGEEJS75RFV;Lycée technologique Auguste Renoir;075;lycée;LYCEE D ENSEIGNEMENT TECHNOLOGIQUE;Paris 18e  Arrondissement;1965-05-01;bdnb-bc-CGN7-DJ1C-PPL4;bdnb-bg-M418-S6GN-KN5E;75;26.0;3.9;Paris 18e Arrondissement;1900.0;;;;INDETERMINE;INDETERMINE;2.0;12.0;1179.0;Résidentiel collectif;Tertiaire;"[""VILLE DE PARIS""]"
0750811Z;1ZFD33DNMK78;E.E.PU ALEXANDRE DUMAS 39 rue Alexandre Dumas;075;école;ECOLE DE NIVEAU ELEMENTAIRE;Paris 11e  Arrondissement;1965-05-01;bdnb-bc-DWZ2-PKEA-R925;bdnb-bg-D4LN-L6Y5-FAJV;75;628.0;12.2;Paris 11e Arrondissement;2023.0;;;;INDETERMINE;INDETERMINE;2.0;7.0;1738.0;Tertiaire & Autres;Tertiaire;"[""VILLE DE PARIS""]"
0750811Z;XSAA57DNYQ7G;E.E.PU ALEXANDRE DUMAS 39 rue Alexandre Dumas;075;école;ECOLE DE NIVEAU ELEMENTAIRE;Paris 11e  Arrondissement;1965-05-01;bdnb-bc-RN8K-S2S5-1KA3;bdnb-bg-D4LN-L6Y5-FAJV;75;199.0;4.0;Paris 11e Arrondissement;2023.0;;;;INDETERMINE;INDETERMINE;2.0;7.0;1738.0;Tertiaire & Autres;Tertiaire;"[""VILLE DE PARIS""]"
0750811Z;CXZGVWFXGP6M;E.E.PU ALEXANDRE DUMAS 39 rue Alexandre Dumas;075;école;ECOLE DE NIVEAU ELEMENTAIRE;Paris 11e  Arrondissement;1965-05-01;bdnb-bc-5KJ7-VA7D-9F6Z;bdnb-bg-D4LN-L6Y5-FAJV;75;911.0;4.5;Paris 11e Arrondissement;2023.0;;;;INDETERMINE;INDETERMINE;2.0;7.0;1738.0;Tertiaire & Autres;Tertiaire;"[""VILLE DE PARIS""]"
0750818G;NZJWHKTGQM4S;E.E.PU SUZANNE SPAAK - Ecole élémentaire 11 rue d'Argenteuil;075;école;ECOLE DE NIVEAU ELEMENTAIRE;Paris  1er Arrondissement;1965-05-01;bdnb-bc-DV8M-MB1L-VGA3;bdnb-bg-3RNN-TMPZ-4SYH;75;330.0;21.3;Paris 1er Arrondissement;1880.0;;;;MEULIERE;ARDOISES - ZINC ALUMINIUM;4.0;15.0;479.0;Tertiaire & Autres;Tertiaire;"[""VILLE DE PARIS""]"
0750818G;6MYBW79YWGZA;E.E.PU SUZANNE SPAAK - Ecole élémentaire 11 rue d'Argenteuil;075;école;ECOLE DE NIVEAU ELEMENTAIRE;Paris  1er Arrondissement;1965-05-01;bdnb-bc-CDMB-JRLZ-SKAX;bdnb-bg-3RNN-TMPZ-4SYH;75;94.0;14.4;Paris 1er Arrondissement;1880.0;;;;MEULIERE;ARDOISES - ZINC ALUMINIUM;4.0;15.0;479.0;Tertiaire & Autres;Tertiaire;"[""VILLE DE PARIS""]"
0750818G;AZZJ59ND5QCX;E.E.PU SUZANNE SPAAK - Ecole élémentaire 11 rue d'Argenteuil;075;école;ECOLE DE NIVEAU ELEMENTAIRE;Paris  1er Arrondissement;1965-05-01;bdnb-bc-X5SQ-6K4Y-F3P2;bdnb-bg-3RNN-TMPZ-4SYH;75;55.0;8.3;Paris 1er Arrondissement;1880.0;;;;MEULIERE;ARDOISES - ZINC ALUMINIUM;4.0;15.0;479.0;Tertiaire & Autres;Tertiaire;"[""VILLE DE PARIS""]"
0750828T;2Q8GDEQH1D7X;Etablissement régional d'enseignement adapté Edith Piaf;075;lycée;ETAB REGIONAL/LYCEE ENSEIGNEMENT ADAPTE;Paris 20e  Arrondissement;1965-05-01;bdnb-bc-6KN1-5MTR-XNFD;bdnb-bg-7KHJ-64QZ-VWC5;75;1338.0;14.2;Paris 20e Arrondissement;1974.0;;;;INDETERMINE;INDETERMINE;5.0;15.0;1406.0;Résidentiel collectif;Résidentiel collectif;"[""REGION ILE DE FRANCE""]"
0750828T;XF9AC6TK611A;Etablissement régional d'enseignement adapté Edith Piaf;075;lycée;ETAB REGIONAL/LYCEE ENSEIGNEMENT ADAPTE;Paris 20e  Arrondissement;1965-05-01;bdnb-bc-Y9EB-BEKM-AKSE;bdnb-bg-7KHJ-64QZ-VWC5;75;30.0;19.7;Paris 20e Arrondissement;1974.0;;;;INDETERMINE;INDETERMINE;5.0;15.0;1406.0;Résidentiel collectif;Résidentiel collectif;"[""REGION ILE DE FRANCE""]"
0750828T;7Y7H7KHJVH34;Etablissement régional d'enseignement adapté Edith Piaf;075;lycée;ETAB REGIONAL/LYCEE ENSEIGNEMENT ADAPTE;Paris 20e  Arrondissement;1965-05-01;bdnb-bc-W8P4-NBBJ-YMXV;bdnb-bg-7KHJ-64QZ-VWC5;75;38.0;9.6;Paris 20e Arrondissement;1974.0;;;;INDETERMINE;INDETERMINE;5.0;15.0;1406.0;Résidentiel collectif;Résidentiel collectif;"[""REGION ILE DE FRANCE""]"
0750828T;2P534ME3CNC9;Etablissement régional d'enseignement adapté Edith Piaf;075;lycée;ETAB REGIONAL/LYCEE ENSEIGNEMENT ADAPTE;Paris 20e  Arrondissement;1965-05-01;;;;;;;;;;;;;;;;;;
0750848P;8E3KDTPC9PN3;E.E.PU CHARENTON 51 rue de Charenton;075;école;ECOLE DE NIVEAU ELEMENTAIRE;Paris 12e  Arrondissement;1965-05-01;bdnb-bc-AT33-ESM1-QBQH;bdnb-bg-8QAB-SNG7-BUW3;75;1222.0;13.1;Paris 12e Arrondissement;1890.0;;;;BETON - BRIQUES;TUILES - ZINC ALUMINIUM;4.0;13.0;1222.0;Tertiaire & Autres;Tertiaire;"[""VILLE DE PARIS""]"
0750850S;YYCQDNTDYPWR;E.E.PU CHARENTON S 315 rue de Charenton;075;école;ECOLE DE NIVEAU ELEMENTAIRE;Paris 12e  Arrondissement;1965-05-01;bdnb-bc-42AK-EU7L-S3Y2;bdnb-bg-YXM2-87V5-L5YN;75;811.0;17.8;Paris 12e Arrondissement;1900.0;;;;BETON;ZINC ALUMINIUM;3.0;18.0;811.0;Résidentiel collectif;Tertiaire;"[""VILLE DE PARIS"", ""ETAT PAR DIRECTION DE L IMMOBILIER DE L ETAT""]"
0750854W;HE49EYNTCRM2;E.E.PU CHERBOURG 15 rue de Cherbourg;075;école;ECOLE DE NIVEAU ELEMENTAIRE;Paris 15e  Arrondissement;1965-05-01;bdnb-bc-BGR4-BMSQ-5GN4;bdnb-bg-L95M-7DHG-MCHH;75;247.0;13.5;Paris 15e Arrondissement;2023.0;;;;INDETERMINE;INDETERMINE;3.0;11.0;2162.0;Tertiaire & Autres;Tertiaire;"[""VILLE DE PARIS""]"
0750854W;F8BSRT5328ZZ;E.E.PU CHERBOURG 15 rue de Cherbourg;075;école;ECOLE DE NIVEAU ELEMENTAIRE;Paris 15e  Arrondissement;1965-05-01;bdnb-bc-4LXZ-ZLAM-BY9E;bdnb-bg-L95M-7DHG-MCHH;75;126.0;6.0;Paris 15e Arrondissement;2023.0;;;;INDETERMINE;INDETERMINE;3.0;11.0;2162.0;Tertiaire & Autres;Tertiaire;"[""VILLE DE PARIS""]"
0750863F;S819DPV44G9D;E.E.PU CORBON 3 rue Corbon;075;école;ECOLE DE NIVEAU ELEMENTAIRE;Paris 15e  Arrondissement;1965-05-01;bdnb-bc-P8AM-888W-1XWN;bdnb-bg-LSU1-EFEZ-AWMR;75;1532.0;14.1;Paris 15e Arrondissement;1900.0;;E;;MEULIERE - PIERRE;TUILES;2.0;11.0;2833.0;Résidentiel collectif;Tertiaire;"[""VILLE DE PARIS""]"
0750872R;YQ1KK3YY94WR;E.E.PU DUQUESNE 42 avenue duquesne;075;école;ECOLE DE NIVEAU ELEMENTAIRE;Paris  7e  Arrondissement;1965-05-01;bdnb-bc-SLSV-UU56-692J;bdnb-bg-TD9Z-MN19-FLCA;75;508.0;17.7;Paris 7e Arrondissement;1895.0;;;;PIERRE;ZINC ALUMINIUM;4.0;14.0;1438.0;Résidentiel collectif;Tertiaire;"[""VILLE DE PARIS""]"
0750872R;JRBYKGHP8AV5;E.E.PU DUQUESNE 42 avenue duquesne;075;école;ECOLE DE NIVEAU ELEMENTAIRE;Paris  7e  Arrondissement;1965-05-01;bdnb-bc-2VYN-F74X-NBVZ;bdnb-bg-TD9Z-MN19-FLCA;75;53.0;5.0;Paris 7e Arrondissement;1895.0;;;;PIERRE;ZINC ALUMINIUM;4.0;14.0;1438.0;Résidentiel collectif;Tertiaire;"[""VILLE DE PARIS""]"
0750872R;446DAE6VQVG4;E.E.PU DUQUESNE 42 avenue duquesne;075;école;ECOLE DE NIVEAU ELEMENTAIRE;Paris  7e  Arrondissement;1965-05-01;;;;;;;;;;;;;;;;;;
0750872R;P494RQRX6ET1;E.E.PU DUQUESNE 42 avenue duquesne;075;école;ECOLE DE NIVEAU ELEMENTAIRE;Paris  7e  Arrondissement;1965-05-01;bdnb-bc-SBB3-ML8K-VE3Y;bdnb-bg-TD9Z-MN19-FLCA;75;88.0;5.0;Paris 7e Arrondissement;1895.0;;;;PIERRE;ZINC ALUMINIUM;4.0;14.0;1438.0;Résidentiel collectif;Tertiaire;"[""VILLE DE PARIS""]"
0750872R;P494RQRX6ET1;E.E.PU DUQUESNE 42 avenue duquesne;075;école;ECOLE DE NIVEAU ELEMENTAIRE;Paris  7e  Arrondissement;1965-05-01;bdnb-bc-SPWM-SRYR-DW85;bdnb-bg-TD9Z-MN19-FLCA;75;174.0;4.7;Paris 7e Arrondissement;1895.0;;;;PIERRE;ZINC ALUMINIUM;4.0;14.0;1438.0;Résidentiel collectif;Tertiaire;"[""VILLE DE PARIS""]"
0750873S;362792T3Z3Z9;E.P.PU DUSSOUBS 42 rue dussoubs;075;école;ECOLE DE NIVEAU ELEMENTAIRE;Paris  2e  Arrondissement;1965-05-01;bdnb-bc-4CPN-8AEC-PMNV;bdnb-bg-B4RJ-EQYE-R21H;75;623.0;18.7;Paris 2e Arrondissement;1870.0;;;;BRIQUES - MEULIERE;ARDOISES;4.0;13.0;1811.0;Résidentiel collectif;Tertiaire;"[""VILLE DE PARIS""]"
0750873S;BGY3BGD355Q4;E.P.PU DUSSOUBS 42 rue dussoubs;075;école;ECOLE DE NIVEAU ELEMENTAIRE;Paris  2e  Arrondissement;1965-05-01;bdnb-bc-S6YT-JDXP-HZ9Q;bdnb-bg-B4RJ-EQYE-R21H;75;639.0;18.8;Paris 2e Arrondissement;1870.0;;;;BRIQUES - MEULIERE;ARDOISES;4.0;13.0;1811.0;Résidentiel collectif;Tertiaire;"[""VILLE DE PARIS""]"
0750873S;PCM3C6ZTE44V;E.P.PU DUSSOUBS 42 rue dussoubs;075;école;ECOLE DE NIVEAU ELEMENTAIRE;Paris  2e  Arrondissement;1965-05-01;bdnb-bc-MDQD-LLJA-SWTS;bdnb-bg-B4RJ-EQYE-R21H;75;113.0;6.1;Paris 2e Arrondissement;1870.0;;;;BRIQUES - MEULIERE;ARDOISES;4.0;13.0;1811.0;Résidentiel collectif;Tertiaire;"[""VILLE DE PARIS""]"
0750896S;HSYMJKQ2BA9Z;E.E.PU GODEFROY CAVAIGNAC 35 rue Godefroy Cavaignac;075;école;ECOLE DE NIVEAU ELEMENTAIRE;Paris 11e  Arrondissement;1965-05-01;bdnb-bc-T97Y-SCXW-GBQT;bdnb-bg-J8T3-1BDF-NGRK;75;252.0;17.3;Paris 11e Arrondissement;2023.0;;D;;INDETERMINE;INDETERMINE;5.0;17.0;286.0;Tertiaire & Autres;Tertiaire;"[""VILLE DE PARIS""]"
0750896S;SPCPT7GFNYYP;E.E.PU GODEFROY CAVAIGNAC 35 rue Godefroy Cavaignac;075;école;ECOLE DE NIVEAU ELEMENTAIRE;Paris 11e  Arrondissement;1965-05-01;bdnb-bc-W69S-MMUW-2JLY;bdnb-bg-J8T3-1BDF-NGRK;75;34.0;5.0;Paris 11e Arrondissement;2023.0;;D;;INDETERMINE;INDETERMINE;5.0;17.0;286.0;Tertiaire & Autres;Tertiaire;"[""VILLE DE PARIS""]"
0750903Z;929XBD93DJGS;E.E.PU JACQUES KELLNER 5 rue Jacques Kellner;075;école;ECOLE DE NIVEAU ELEMENTAIRE;Paris 17e  Arrondissement;1965-05-01;bdnb-bc-7ADA-2FFE-NQDU;bdnb-bg-27MP-6YFM-Q6AL;75;1663.0;16.0;Paris 17e Arrondissement;2023.0;;;;INDETERMINE;INDETERMINE;4.0;8.0;1854.0;Tertiaire & Autres;Tertiaire;"[""VILLE DE PARIS""]"
0750906C;Z9HSP7XNPA7T;E.E.PU JEANNE D'ARC EA 33 place Jeanne d'Arc;075;école;ECOLE DE NIVEAU ELEMENTAIRE;Paris 13e  Arrondissement;1965-05-01;bdnb-bc-983X-TD8F-DF4Q;bdnb-bg-8EZZ-RET1-7MLE;75;629.0;7.5;Paris 13e Arrondissement;2017.0;;;;INDETERMINE;INDETERMINE;2.0;6.0;2275.0;Tertiaire & Autres;Tertiaire;"[""VILLE DE PARIS""]"
0750906C;SG2WGTMG8ZQQ;E.E.PU JEANNE D'ARC EA 33 place Jeanne d'Arc;075;école;ECOLE DE NIVEAU ELEMENTAIRE;Paris 13e  Arrondissement;1965-05-01;bdnb-bc-DPC1-5ZQS-5ZDL;bdnb-bg-8EZZ-RET1-7MLE;75;1232.0;7.9;Paris 13e Arrondissement;2017.0;;;;INDETERMINE;INDETERMINE;2.0;6.0;2275.0;Tertiaire & Autres;Tertiaire;"[""VILLE DE PARIS""]"
0750906C;GM4VEPP8JVVC;E.E.PU JEANNE D'ARC EA 33 place Jeanne d'Arc;075;école;ECOLE DE NIVEAU ELEMENTAIRE;Paris 13e  Arrondissement;1965-05-01;bdnb-bc-MWU1-HUY6-UJYU;bdnb-bg-8EZZ-RET1-7MLE;75;367.0;5.9;Paris 13e Arrondissement;2017.0;;;;INDETERMINE;INDETERMINE;2.0;6.0;2275.0;Tertiaire & Autres;Tertiaire;"[""VILLE DE PARIS""]"
0750906C;GXKCWKEGQK6C;E.E.PU JEANNE D'ARC EA 33 place Jeanne d'Arc;075;école;ECOLE DE NIVEAU ELEMENTAIRE;Paris 13e  Arrondissement;1965-05-01;bdnb-bc-9GXN-C3X6-CK7M;bdnb-bg-8EZZ-RET1-7MLE;75;47.0;2.9;Paris 13e Arrondissement;2017.0;;;;INDETERMINE;INDETERMINE;2.0;6.0;2275.0;Tertiaire & Autres;Tertiaire;"[""VILLE DE PARIS""]"
0750923W;Z4S3CGMGX6P2;E.E.PU POULBOT - Ecole élémentaire 62 rue LepicEPIC;075;école;ECOLE DE NIVEAU ELEMENTAIRE;Paris 18e  Arrondissement;1965-05-01;bdnb-bc-V3Y5-4288-PV1W;bdnb-bg-HB8U-8MRM-HPJR;75;428.0;16.2;Paris 18e Arrondissement;1900.0;;E;;MEULIERE;ZINC ALUMINIUM;3.0;10.0;1258.0;Tertiaire & Autres;Tertiaire;"[""VILLE DE PARIS""]"
0750925Y;2B5B8AMG296S;E.E.PU LEMERCIER 105 rue Lemercier;075;école;ECOLE DE NIVEAU ELEMENTAIRE;Paris 17e  Arrondissement;1965-05-01;bdnb-bc-JX2S-RHK9-P3SU;bdnb-bg-GYTC-VEGU-ANHT;75;418.0;16.4;Paris 17e Arrondissement;2023.0;;;;BRIQUES - PIERRE;INDETERMINE;3.0;16.0;498.0;Tertiaire & Autres;Tertiaire;"[""VILLE DE PARIS""]"
0750928B;TAJSKCY9WV9N;E.E.PU LEVERT 1 rue Levert;075;école;ECOLE DE NIVEAU ELEMENTAIRE;Paris 20e  Arrondissement;1965-05-01;bdnb-bc-27T4-C3Q8-NM9W;bdnb-bg-LLER-4U72-9GSL;75;559.0;13.6;Paris 20e Arrondissement;2024.0;;;;BRIQUES - PIERRE;INDETERMINE;4.0;8.0;595.0;Tertiaire & Autres;Tertiaire;"[""VILLE DE PARIS""]"
0750928B;N46AKXVTW1KX;E.E.PU LEVERT 1 rue Levert;075;école;ECOLE DE NIVEAU ELEMENTAIRE;Paris 20e  Arrondissement;1965-05-01;bdnb-bc-W76T-UNLQ-E8Y2;bdnb-bg-LLER-4U72-9GSL;75;36.0;1.7;Paris 20e Arrondissement;2024.0;;;;BRIQUES - PIERRE;INDETERMINE;4.0;8.0;595.0;Tertiaire & Autres;Tertiaire;"[""VILLE DE PARIS""]"
0750937L;1SG8SHKZ96ZJ;E.P.PU MILTON 5 rue Milton;075;école;ECOLE DE NIVEAU ELEMENTAIRE;Paris  9e  Arrondissement;1965-05-01;bdnb-bc-A65V-9S2A-4XPZ;bdnb-bg-VUEZ-VAVW-G8KE;75;1203.0;8.3;Paris 9e Arrondissement;2023.0;;;;INDETERMINE;INDETERMINE;3.0;8.0;1203.0;Tertiaire & Autres;Tertiaire;"[""VILLE DE PARIS"", ""ENEDIS"", ""ERDF AGENCE COMPTABLE TULLE""]"
0750944U;6Z86NXPBJHEA;E.P.A.PU MURAT 164 boulevard Murat;075;école;ECOLE ELEMENTAIRE D APPLICATION;Paris 16e  Arrondissement;1965-05-01;bdnb-bc-6MDZ-J7QD-XM4M;bdnb-bg-3RRT-ZNM8-LBA3;75;1670.0;6.1;Paris 16e Arrondissement;1955.0;;;;BETON - BRIQUES;ARDOISES - ZINC ALUMINIUM;4.0;4.0;3011.0;Tertiaire & Autres;Tertiaire;"[""VILLE DE PARIS""]"
0750981J;AMJ7722HE87D;E.E.PU RECOLLETS 19 passage des Récollets;075;école;ECOLE DE NIVEAU ELEMENTAIRE;Paris 10e  Arrondissement;1965-05-01;bdnb-bc-GYYF-H1MY-JW8H;bdnb-bg-D4FP-Y5E3-66JU;75;336.0;12.1;Paris 10e Arrondissement;1961.0;;;;BETON - BRIQUES;BETON;3.0;10.0;4421.0;Tertiaire & Autres;Tertiaire;"[""VILLE DE PARIS""]"
0750981J;P4TPFHTTDXKF;E.E.PU RECOLLETS 19 passage des Récollets;075;école;ECOLE DE NIVEAU ELEMENTAIRE;Paris 10e  Arrondissement;1965-05-01;bdnb-bc-7M7R-CUJG-EBQL;bdnb-bg-D4FP-Y5E3-66JU;75;744.0;4.6;Paris 10e Arrondissement;1961.0;;;;BETON - BRIQUES;BETON;3.0;10.0;4421.0;Tertiaire & Autres;Tertiaire;"[""VILLE DE PARIS""]"
0750981J;AAMM11YHX2JE;E.E.PU RECOLLETS 19 passage des Récollets;075;école;ECOLE DE NIVEAU ELEMENTAIRE;Paris 10e  Arrondissement;1965-05-01;bdnb-bc-UXQ5-K93B-TPGR;bdnb-bg-D4FP-Y5E3-66JU;75;840.0;20.1;Paris 10e Arrondissement;1961.0;;;;BETON - BRIQUES;BETON;3.0;10.0;4421.0;Tertiaire & Autres;Tertiaire;"[""VILLE DE PARIS""]"
0750981J;P98X9S1M2Y1A;E.E.PU RECOLLETS 19 passage des Récollets;075;école;ECOLE DE NIVEAU ELEMENTAIRE;Paris 10e  Arrondissement;1965-05-01;bdnb-bc-DYM9-LNL1-TVB4;bdnb-bg-D4FP-Y5E3-66JU;75;110.0;7.9;Paris 10e Arrondissement;1961.0;;;;BETON - BRIQUES;BETON;3.0;10.0;4421.0;Tertiaire & Autres;Tertiaire;"[""VILLE DE PARIS""]"
0750982K;C98WBZY156WW;E.E.PU REUILLY 27 rue de Reuilly;075;école;ECOLE DE NIVEAU ELEMENTAIRE;Paris 12e  Arrondissement;1965-05-01;bdnb-bc-XR95-P2ZA-MY3C;bdnb-bg-FL57-723Y-X6UT;75;535.0;18.2;Paris 12e Arrondissement;;;;;;;;11.0;1436.0;;Tertiaire;
0750987R;P2W3XJWBZEAV;E.E.PU ROLLIN 10 rue Rollin;075;école;ECOLE DE NIVEAU ELEMENTAIRE;Paris  5e  Arrondissement;1965-05-01;bdnb-bc-LTYN-L689-FNAP;bdnb-bg-WRKJ-Y9TB-TL4X;75;41.0;4.7;Paris 5e Arrondissement;1934.0;;;;BRIQUES;ARDOISES - AUTRES;4.0;11.0;797.0;Résidentiel collectif;Tertiaire;"[""VILLE DE PARIS""]"
0750987R;DMY1GXRKA9MK;E.E.PU ROLLIN 10 rue Rollin;075;école;ECOLE DE NIVEAU ELEMENTAIRE;Paris  5e  Arrondissement;1965-05-01;bdnb-bc-9F6U-5PDL-JCP9;bdnb-bg-WRKJ-Y9TB-TL4X;75;49.0;6.5;Paris 5e Arrondissement;1934.0;;;;BRIQUES;ARDOISES - AUTRES;4.0;11.0;797.0;Résidentiel collectif;Tertiaire;"[""VILLE DE PARIS""]"
0750987R;FJMF6RYDBAMF;E.E.PU ROLLIN 10 rue Rollin;075;école;ECOLE DE NIVEAU ELEMENTAIRE;Paris  5e  Arrondissement;1965-05-01;bdnb-bc-4J3X-5KLM-WH9Y;bdnb-bg-WRKJ-Y9TB-TL4X;75;708.0;20.4;Paris 5e Arrondissement;1934.0;;;;BRIQUES;ARDOISES - AUTRES;4.0;11.0;797.0;Résidentiel collectif;Tertiaire;"[""VILLE DE PARIS""]"
0750995Z;E34R6ND1772M;E.P.PU ST BENOIT 12 rue Saint Benoît;075;école;ECOLE DE NIVEAU ELEMENTAIRE;Paris  6e  Arrondissement;1965-05-01;bdnb-bc-XL9U-QW3N-NK8G;bdnb-bg-KGM8-EMAV-FBX7;75;243.0;16.7;Paris 6e Arrondissement;;;;;;;;11.0;1384.0;;Tertiaire;
0751015W;9H7ZXWSKCDE1;E.E.PU TURGOT 15 rue Turgot;075;école;ECOLE DE NIVEAU ELEMENTAIRE;Paris  9e  Arrondissement;1965-05-01;bdnb-bc-L52J-3XMZ-LKF6;bdnb-bg-LUGE-2X92-99WF;75;774.0;12.2;Paris 9e Arrondissement;2023.0;;;;INDETERMINE;INDETERMINE;2.0;12.0;774.0;Tertiaire & Autres;Tertiaire;"[""VILLE DE PARIS""]"
0751017Y;EJY4QY6ST6V1;E.E.PU VICTOIRE 16 rue de la Victoire;075;école;ECOLE DE NIVEAU ELEMENTAIRE;Paris  9e  Arrondissement;1965-05-01;bdnb-bc-NXJP-9C9U-YB9Q;bdnb-bg-KKH5-8E4S-MSFM;75;1570.0;22.8;Paris 9e Arrondissement;1910.0;;;;BRIQUES - PIERRE;ZINC ALUMINIUM;5.0;11.0;2185.0;Résidentiel collectif;Résidentiel collectif;"[""VILLE DE PARIS""]"
0751018Z;MNX9A9MCTBQ8;E.P.PU VICTOR COUSIN 14 rue Victor Cousin;075;école;ECOLE DE NIVEAU ELEMENTAIRE;Paris  5e  Arrondissement;1965-05-01;bdnb-bc-U11Z-UR45-3QJK;bdnb-bg-6YXS-WZUW-AW6D;75;259.0;18.5;Paris 5e Arrondissement;2023.0;;;;INDETERMINE;INDETERMINE;3.0;15.0;1498.0;Tertiaire & Autres;Tertiaire;"[""VILLE DE PARIS""]"
0751018Z;5M36B11WQ242;E.P.PU VICTOR COUSIN 14 rue Victor Cousin;075;école;ECOLE DE NIVEAU ELEMENTAIRE;Paris  5e  Arrondissement;1965-05-01;bdnb-bc-BEHU-M5WL-238F;bdnb-bg-6YXS-WZUW-AW6D;75;36.0;8.3;Paris 5e Arrondissement;2023.0;;;;INDETERMINE;INDETERMINE;3.0;15.0;1498.0;Tertiaire & Autres;Tertiaire;"[""VILLE DE PARIS""]"
0751020B;Q8GFF5Q38V77;E.E.PU JOSSEAUME 3 passage Josseaume;075;école;ECOLE DE NIVEAU ELEMENTAIRE;Paris 20e  Arrondissement;1965-05-01;bdnb-bc-9156-XVY7-EX3T;bdnb-bg-UUXR-GBEA-1N22;75;77.0;14.4;Paris 20e Arrondissement;1992.0;;;;INDETERMINE;INDETERMINE;2.0;14.0;1056.0;Tertiaire & Autres;Tertiaire;"[""VILLE DE PARIS""]"
0751020B;GC4SQP43H6PZ;E.E.PU JOSSEAUME 3 passage Josseaume;075;école;ECOLE DE NIVEAU ELEMENTAIRE;Paris 20e  Arrondissement;1965-05-01;bdnb-bc-242C-MPAD-B5AP;bdnb-bg-UUXR-GBEA-1N22;75;239.0;13.9;Paris 20e Arrondissement;1992.0;;;;INDETERMINE;INDETERMINE;2.0;14.0;1056.0;Tertiaire & Autres;Tertiaire;"[""VILLE DE PARIS""]"
0751020B;EM6F2BDJBB4S;E.E.PU JOSSEAUME 3 passage Josseaume;075;école;ECOLE DE NIVEAU ELEMENTAIRE;Paris 20e  Arrondissement;1965-05-01;bdnb-bc-ELD7-EFMM-2NDF;bdnb-bg-UUXR-GBEA-1N22;75;324.0;15.0;Paris 20e Arrondissement;1992.0;;;;INDETERMINE;INDETERMINE;2.0;14.0;1056.0;Tertiaire & Autres;Tertiaire;"[""VILLE DE PARIS""]"
0751020B;JBX1YJCSE2S7;E.E.PU JOSSEAUME 3 passage Josseaume;075;école;ECOLE DE NIVEAU ELEMENTAIRE;Paris 20e  Arrondissement;1965-05-01;bdnb-bc-CPCR-NF5Y-5B5X;bdnb-bg-UUXR-GBEA-1N22;75;145.0;15.0;Paris 20e Arrondissement;1992.0;;;;INDETERMINE;INDETERMINE;2.0;14.0;1056.0;Tertiaire & Autres;Tertiaire;"[""VILLE DE PARIS""]"
0751020B;X7966545YQ6E;E.E.PU JOSSEAUME 3 passage Josseaume;075;école;ECOLE DE NIVEAU ELEMENTAIRE;Paris 20e  Arrondissement;1965-05-01;bdnb-bc-8KAP-YHAW-S4NX;bdnb-bg-UUXR-GBEA-1N22;75;70.0;12.9;Paris 20e Arrondissement;1992.0;;;;INDETERMINE;INDETERMINE;2.0;14.0;1056.0;Tertiaire & Autres;Tertiaire;"[""VILLE DE PARIS""]"
0751020B;35QZ5RZ4EBFA;E.E.PU JOSSEAUME 3 passage Josseaume;075;école;ECOLE DE NIVEAU ELEMENTAIRE;Paris 20e  Arrondissement;1965-05-01;bdnb-bc-NGPY-MYC7-L8S6;bdnb-bg-UUXR-GBEA-1N22;75;102.0;14.2;Paris 20e Arrondissement;1992.0;;;;INDETERMINE;INDETERMINE;2.0;14.0;1056.0;Tertiaire & Autres;Tertiaire;"[""VILLE DE PARIS""]"
0751020B;H19QSJNYATBH;E.E.PU JOSSEAUME 3 passage Josseaume;075;école;ECOLE DE NIVEAU ELEMENTAIRE;Paris 20e  Arrondissement;1965-05-01;bdnb-bc-36HB-6M69-LS3S;bdnb-bg-UUXR-GBEA-1N22;75;70.0;13.1;Paris 20e Arrondissement;1992.0;;;;INDETERMINE;INDETERMINE;2.0;14.0;1056.0;Tertiaire & Autres;Tertiaire;"[""VILLE DE PARIS""]"
0751023E;ZP161Y5E2ZFG;E.E.PU ALESIA E 3 rue d'Alésia;075;école;ECOLE DE NIVEAU ELEMENTAIRE;Paris 14e  Arrondissement;1965-05-01;bdnb-bc-P77X-46FY-YYWR;bdnb-bg-49Z2-2FKC-YDJX;75;569.0;16.6;Paris 14e Arrondissement;1977.0;;;;BETON - PIERRE;BETON;5.0;17.0;569.0;Résidentiel individuel;Tertiaire;"[""VILLE DE PARIS""]"
0751032P;HNBEK7SCC1QZ;E.E.PU ARBALETE 41 rue de l'Arbalète;075;école;ECOLE DE NIVEAU ELEMENTAIRE;Paris  5e  Arrondissement;1965-05-01;bdnb-bc-WE2H-V7C3-D4JA;bdnb-bg-B5EB-GWA7-8616;75;570.0;28.3;Paris 5e Arrondissement;2023.0;;;;INDETERMINE;INDETERMINE;4.0;23.0;2569.0;Tertiaire & Autres;Tertiaire;"[""VILLE DE PARIS""]"
0751038W;JJ71553JNNCP;E.E.PU BAUDRICOURT EB 55 rue Baudricourt;075;école;ECOLE DE NIVEAU ELEMENTAIRE;Paris 13e  Arrondissement;1965-05-01;bdnb-bc-HSTN-NZ28-2MJA;bdnb-bg-Q8U1-NYRL-8T3K;75;1109.0;20.2;Paris 13e Arrondissement;;;;;BRIQUES - PIERRE;INDETERMINE;3.0;20.0;1109.0;Tertiaire & Autres;Tertiaire;"[""VILLE DE PARIS""]"
0751041Z;AYR625MJC6A9;E.E.PU BELLIARD 129 rue Belliard;075;école;ECOLE DE NIVEAU ELEMENTAIRE;Paris 18e  Arrondissement;1965-05-01;bdnb-bc-DWCZ-7YPZ-HTWD;bdnb-bg-38LC-PFYJ-DVTK;75;863.0;15.2;Paris 18e Arrondissement;1900.0;;;;PIERRE;TUILES;4.0;7.0;1054.0;Tertiaire & Autres;Tertiaire;"[""VILLE DE PARIS"", ""ENEDIS""]"
0751053M;6KQ4NMT956BV;E.P.PU BOISSIERE 56 rue Boissière;075;école;ECOLE DE NIVEAU ELEMENTAIRE;Paris 16e  Arrondissement;1965-05-01;bdnb-bc-2SL8-HX3B-WE24;bdnb-bg-PKLN-LVWJ-TUD6;75;95.0;14.4;Paris 16e Arrondissement;2023.0;;;;BRIQUES - PIERRE;ARDOISES;2.0;16.0;1083.0;Tertiaire & Autres;Tertiaire;"[""VILLE DE PARIS""]"
0751076M;AWK8V77WN92D;E.E.PU AUGUSTE PERRET 9 rue Auguste Perret;075;école;ECOLE DE NIVEAU ELEMENTAIRE;Paris 13e  Arrondissement;1965-05-01;bdnb-bc-C523-3KCV-7XV5;bdnb-bg-MXVB-3KG9-1ELR;75;1625.0;18.1;Paris 13e Arrondissement;2017.0;;;;INDETERMINE;INDETERMINE;4.0;15.0;3861.0;Tertiaire & Autres;Tertiaire;"[""VILLE DE PARIS""]"
0751089B;NM6ZRXT2VSNX;E.E.PU WURTZ 16 rue Wurtz;075;école;ECOLE DE NIVEAU ELEMENTAIRE;Paris 13e  Arrondissement;1965-05-01;bdnb-bc-NQPM-6F6H-NPT8;bdnb-bg-NTNH-7PJ1-W9L4;75;724.0;7.4;Paris 13e Arrondissement;;;;;;;;7.0;1496.0;;Tertiaire;
0751089B;7KCZA57CMP55;E.E.PU WURTZ 16 rue Wurtz;075;école;ECOLE DE NIVEAU ELEMENTAIRE;Paris 13e  Arrondissement;1965-05-01;bdnb-bc-HALR-7WHY-1XPW;bdnb-bg-JKKP-LR6A-SRXU;75;205.0;6.2;Paris 13e Arrondissement;1964.0;;;;INDETERMINE;INDETERMINE;1.0;9.0;1176.0;Tertiaire & Autres;Tertiaire;"[""VILLE DE PARIS""]"
0751089B;1MVA6YGFBHR8;E.E.PU WURTZ 16 rue Wurtz;075;école;ECOLE DE NIVEAU ELEMENTAIRE;Paris 13e  Arrondissement;1965-05-01;bdnb-bc-FYWZ-P5CE-H5K1;bdnb-bg-JKKP-LR6A-SRXU;75;971.0;12.6;Paris 13e Arrondissement;1964.0;;;;INDETERMINE;INDETERMINE;1.0;9.0;1176.0;Tertiaire & Autres;Tertiaire;"[""VILLE DE PARIS""]"
0751089B;NXF1SR8X36ZS;E.E.PU WURTZ 16 rue Wurtz;075;école;ECOLE DE NIVEAU ELEMENTAIRE;Paris 13e  Arrondissement;1965-05-01;bdnb-bc-2WJZ-MR55-73XW;bdnb-bg-NTNH-7PJ1-W9L4;75;370.0;3.7;Paris 13e Arrondissement;;;;;;;;7.0;1496.0;;Tertiaire;
0751089B;C111N8YZC2D3;E.E.PU WURTZ 16 rue Wurtz;075;école;ECOLE DE NIVEAU ELEMENTAIRE;Paris 13e  Arrondissement;1965-05-01;bdnb-bc-FWYZ-C79Y-Q5SW;bdnb-bg-1L1L-RECL-BKF9;75;1152.0;7.3;Paris 13e Arrondissement;1967.0;;;;BETON;BETON;4.0;7.0;1152.0;Tertiaire & Autres;Tertiaire;"[""VILLE DE PARIS""]"
0751089B;GZBK5VZFWFS4;E.E.PU WURTZ 16 rue Wurtz;075;école;ECOLE DE NIVEAU ELEMENTAIRE;Paris 13e  Arrondissement;1965-05-01;bdnb-bc-UBEM-RNT1-G4S1;bdnb-bg-NTNH-7PJ1-W9L4;75;150.0;6.0;Paris 13e Arrondissement;;;;;;;;7.0;1496.0;;Tertiaire;
0751099M;T1M1VT2FV24W;E.E.PU ETIENNE DOLET 31 rue Etienne Dolet;075;école;ECOLE DE NIVEAU ELEMENTAIRE;Paris 20e  Arrondissement;1965-05-01;bdnb-bc-HDNW-EU31-8T8G;bdnb-bg-18PY-EMUH-LQQU;75;544.0;19.2;Paris 20e Arrondissement;2024.0;;;;INDETERMINE;INDETERMINE;4.0;12.0;1166.0;Tertiaire & Autres;Tertiaire;"[""VILLE DE PARIS"", ""ENEDIS""]"
0751136C;91FTY4ZJS2XZ;E.E.PU LEONIE WANNER-Ecole élémentaire 8 avenue Lamoricière;075;école;ECOLE DE NIVEAU ELEMENTAIRE;Paris 12e  Arrondissement;1965-05-01;bdnb-bc-44LD-UK1F-58BE;bdnb-bg-7AE7-S9AW-6R6V;75;2645.0;16.5;Paris 12e Arrondissement;2011.0;;;;INDETERMINE;INDETERMINE;3.0;13.0;2764.0;Tertiaire & Autres;Tertiaire;"[""VILLE DE PARIS""]"
0751145M;3A65SM28QNR5;E.E.PU AQUEDUC 39 rue de l'Aqueduc;075;école;ECOLE DE NIVEAU ELEMENTAIRE;Paris 10e  Arrondissement;1965-05-01;bdnb-bc-WSGM-LG8M-5JRD;bdnb-bg-QL8T-MWNV-4THM;75;1243.0;13.0;Paris 10e Arrondissement;2023.0;;;;BETON;INDETERMINE;4.0;15.0;2071.0;Tertiaire & Autres;Tertiaire;"[""VILLE DE PARIS""]"
0751145M;8SBACNBTATA7;E.E.PU AQUEDUC 39 rue de l'Aqueduc;075;école;ECOLE DE NIVEAU ELEMENTAIRE;Paris 10e  Arrondissement;1965-05-01;bdnb-bc-86DJ-BHT7-VMQK;bdnb-bg-QL8T-MWNV-4THM;75;171.0;9.7;Paris 10e Arrondissement;2023.0;;;;BETON;INDETERMINE;4.0;15.0;2071.0;Tertiaire & Autres;Tertiaire;"[""VILLE DE PARIS""]"
0751145M;GBFPCVY8EN55;E.E.PU AQUEDUC 39 rue de l'Aqueduc;075;école;ECOLE DE NIVEAU ELEMENTAIRE;Paris 10e  Arrondissement;1965-05-01;bdnb-bc-8QHY-SJ16-JJAQ;bdnb-bg-QL8T-MWNV-4THM;75;264.0;24.0;Paris 10e Arrondissement;2023.0;;;;BETON;INDETERMINE;4.0;15.0;2071.0;Tertiaire & Autres;Tertiaire;"[""VILLE DE PARIS""]"
0751145M;MSHBSF7TSVXV;E.E.PU AQUEDUC 39 rue de l'Aqueduc;075;école;ECOLE DE NIVEAU ELEMENTAIRE;Paris 10e  Arrondissement;1965-05-01;bdnb-bc-BRT2-1YTC-KDEJ;bdnb-bg-QL8T-MWNV-4THM;75;296.0;13.0;Paris 10e Arrondissement;2023.0;;;;BETON;INDETERMINE;4.0;15.0;2071.0;Tertiaire & Autres;Tertiaire;"[""VILLE DE PARIS""]"
0751145M;ZRXEHB4R25NZ;E.E.PU AQUEDUC 39 rue de l'Aqueduc;075;école;ECOLE DE NIVEAU ELEMENTAIRE;Paris 10e  Arrondissement;1965-05-01;bdnb-bc-73DQ-C56Q-QE4W;bdnb-bg-QL8T-MWNV-4THM;75;40.0;13.0;Paris 10e Arrondissement;2023.0;;;;BETON;INDETERMINE;4.0;15.0;2071.0;Tertiaire & Autres;Tertiaire;"[""VILLE DE PARIS""]"
0751145M;6EKCZSHEJ574;E.E.PU AQUEDUC 39 rue de l'Aqueduc;075;école;ECOLE DE NIVEAU ELEMENTAIRE;Paris 10e  Arrondissement;1965-05-01;bdnb-bc-BL24-M3C7-Q28Z;bdnb-bg-QL8T-MWNV-4THM;75;57.0;5.0;Paris 10e Arrondissement;2023.0;;;;BETON;INDETERMINE;4.0;15.0;2071.0;Tertiaire & Autres;Tertiaire;"[""VILLE DE PARIS""]"
0751190L;XFJG2ER2ZCKX;E.E.PU PYRENEES EB 291 rue des Pyrénées;075;école;ECOLE DE NIVEAU ELEMENTAIRE;Paris 20e  Arrondissement;1965-05-01;bdnb-bc-XYS5-S3C8-112T;bdnb-bg-C9KH-84VF-TB7A;75;505.0;17.0;Paris 20e Arrondissement;2024.0;;;;INDETERMINE;INDETERMINE;4.0;8.0;993.0;Tertiaire & Autres;Tertiaire;"[""VILLE DE PARIS""]"
0751190L;SYW67C7AZARR;E.E.PU PYRENEES EB 291 rue des Pyrénées;075;école;ECOLE DE NIVEAU ELEMENTAIRE;Paris 20e  Arrondissement;1965-05-01;bdnb-bc-Z3KF-J4QJ-Q7RS;bdnb-bg-C9KH-84VF-TB7A;75;40.0;5.3;Paris 20e Arrondissement;2024.0;;;;INDETERMINE;INDETERMINE;4.0;8.0;993.0;Tertiaire & Autres;Tertiaire;"[""VILLE DE PARIS""]"
0751190L;XARMKQZXS31G;E.E.PU PYRENEES EB 291 rue des Pyrénées;075;école;ECOLE DE NIVEAU ELEMENTAIRE;Paris 20e  Arrondissement;1965-05-01;bdnb-bc-NTAN-GSX5-B717;bdnb-bg-C9KH-84VF-TB7A;75;45.0;4.4;Paris 20e Arrondissement;2024.0;;;;INDETERMINE;INDETERMINE;4.0;8.0;993.0;Tertiaire & Autres;Tertiaire;"[""VILLE DE PARIS""]"
0751190L;N34S55DV2RK6;E.E.PU PYRENEES EB 291 rue des Pyrénées;075;école;ECOLE DE NIVEAU ELEMENTAIRE;Paris 20e  Arrondissement;1965-05-01;bdnb-bc-9URZ-4UG8-6G3M;bdnb-bg-4Y81-R8XF-ZU5D;75;337.0;20.1;Paris 20e Arrondissement;2024.0;;;;INDETERMINE;INDETERMINE;1.0;15.0;1569.0;Tertiaire & Autres;Tertiaire;"[""VILLE DE PARIS""]"
0751191M;8DK1BR4CTAK2;E.E.PU PROVIDENCE EB 7 rue de la Providence;075;école;ECOLE DE NIVEAU ELEMENTAIRE;Paris 13e  Arrondissement;1965-05-01;bdnb-bc-AC8W-EHCD-HVME;bdnb-bg-85CV-2SUC-L5E2;75;488.0;17.7;Paris 13e Arrondissement;1912.0;;;;BRIQUES;TUILES;4.0;11.0;2115.0;Résidentiel collectif;Tertiaire;"[""VILLE DE PARIS""]"
0751212K;PZ68P8JTQVYN;E.E.PU ST CHARLES 195 rue Saint Charles;075;école;ECOLE DE NIVEAU ELEMENTAIRE;Paris 15e  Arrondissement;1965-05-01;bdnb-bc-ERZ4-EJA9-HDJS;bdnb-bg-YHQJ-KF15-M374;75;1494.0;15.7;Paris 15e Arrondissement;2023.0;;;;BETON - PIERRE;BETON;4.0;16.0;1494.0;Tertiaire & Autres;Tertiaire;"[""VILLE DE PARIS""]"
0751226A;QVME9FKWJ91Q;E.E.PU TOURTILLE 38 rue de Tourtille;075;école;ECOLE DE NIVEAU ELEMENTAIRE;Paris 20e  Arrondissement;1965-05-01;bdnb-bc-A4MZ-96TL-QAL4;bdnb-bg-UF8C-HK7W-5G9K;75;507.0;15.4;Paris 20e Arrondissement;2024.0;;;;INDETERMINE;INDETERMINE;4.0;13.0;902.0;Tertiaire & Autres;Tertiaire;"[""VILLE DE PARIS""]"
0751226A;Y3Q3GXWCBM8A;E.E.PU TOURTILLE 38 rue de Tourtille;075;école;ECOLE DE NIVEAU ELEMENTAIRE;Paris 20e  Arrondissement;1965-05-01;bdnb-bc-HLSJ-LHUK-635L;bdnb-bg-UF8C-HK7W-5G9K;75;46.0;5.0;Paris 20e Arrondissement;2024.0;;;;INDETERMINE;INDETERMINE;4.0;13.0;902.0;Tertiaire & Autres;Tertiaire;"[""VILLE DE PARIS""]"
0751227B;QE6MW5J93PJP;E.E.PU TROIS BORNES 39 rue des trois Bornes;075;école;ECOLE DE NIVEAU ELEMENTAIRE;Paris 11e  Arrondissement;1965-05-01;bdnb-bc-G7AJ-LMK2-UF1Y;bdnb-bg-2AQQ-KZFW-W769;75;46.0;5.0;Paris 11e Arrondissement;2023.0;;;;BRIQUES;INDETERMINE;4.0;13.0;1300.0;Tertiaire & Autres;Tertiaire;"[""VILLE DE PARIS""]"
0751227B;5F4N87WHRREC;E.E.PU TROIS BORNES 39 rue des trois Bornes;075;école;ECOLE DE NIVEAU ELEMENTAIRE;Paris 11e  Arrondissement;1965-05-01;bdnb-bc-3PQK-XEJ4-RVKJ;bdnb-bg-2AQQ-KZFW-W769;75;1254.0;13.0;Paris 11e Arrondissement;2023.0;;;;BRIQUES;INDETERMINE;4.0;13.0;1300.0;Tertiaire & Autres;Tertiaire;"[""VILLE DE PARIS""]"
0751231F;VN14H2Q6APFK;E.E.PU VAUVENARGUES 50 rue Vauvenargues;075;école;ECOLE DE NIVEAU ELEMENTAIRE;Paris 18e  Arrondissement;1965-05-01;bdnb-bc-EP9P-CD2B-955Y;bdnb-bg-EV4Z-H9XB-S63M;75;1557.0;7.7;Paris 18e Arrondissement;1900.0;;;;MEULIERE;ZINC ALUMINIUM;4.0;9.0;3774.0;Tertiaire & Autres;Tertiaire;"[""VILLE DE PARIS""]"
0751231F;93VT6SY2CMT4;E.E.PU VAUVENARGUES 50 rue Vauvenargues;075;école;ECOLE DE NIVEAU ELEMENTAIRE;Paris 18e  Arrondissement;1965-05-01;bdnb-bc-DMW5-8YXL-2314;bdnb-bg-EV4Z-H9XB-S63M;75;745.0;11.4;Paris 18e Arrondissement;1900.0;;;;MEULIERE;ZINC ALUMINIUM;4.0;9.0;3774.0;Tertiaire & Autres;Tertiaire;"[""VILLE DE PARIS""]"
0751231F;Y9VHK2WMFPZ5;E.E.PU VAUVENARGUES 50 rue Vauvenargues;075;école;ECOLE DE NIVEAU ELEMENTAIRE;Paris 18e  Arrondissement;1965-05-01;bdnb-bc-86H6-581X-QZ9F;bdnb-bg-EV4Z-H9XB-S63M;75;84.0;6.2;Paris 18e Arrondissement;1900.0;;;;MEULIERE;ZINC ALUMINIUM;4.0;9.0;3774.0;Tertiaire & Autres;Tertiaire;"[""VILLE DE PARIS""]"
0751246X;B9DHZ39V4JDF;E.M.PU SARRETTE 34 rue Sarrette;075;école;ECOLE MATERNELLE;Paris 14e  Arrondissement;1965-05-01;bdnb-bc-YESH-7WFT-YN6J;bdnb-bg-48Q7-ZCJ6-SQ58;75;67.0;6.0;Paris 14e Arrondissement;1913.0;;;;BETON - PIERRE;BETON - ZINC ALUMINIUM;5.0;12.0;840.0;Tertiaire & Autres;Tertiaire;"[""VILLE DE PARIS""]"
0751246X;9GNENM26CAK5;E.M.PU SARRETTE 34 rue Sarrette;075;école;ECOLE MATERNELLE;Paris 14e  Arrondissement;1965-05-01;bdnb-bc-1QQQ-NEXL-ZSEK;bdnb-bg-48Q7-ZCJ6-SQ58;75;427.0;21.1;Paris 14e Arrondissement;1913.0;;;;BETON - PIERRE;BETON - ZINC ALUMINIUM;5.0;12.0;840.0;Tertiaire & Autres;Tertiaire;"[""VILLE DE PARIS""]"
0751246X;GRSEGXEC3QQ9;E.M.PU SARRETTE 34 rue Sarrette;075;école;ECOLE MATERNELLE;Paris 14e  Arrondissement;1965-05-01;bdnb-bc-BAH8-CTYK-AG4Z;bdnb-bg-48Q7-ZCJ6-SQ58;75;298.0;5.3;Paris 14e Arrondissement;1913.0;;;;BETON - PIERRE;BETON - ZINC ALUMINIUM;5.0;12.0;840.0;Tertiaire & Autres;Tertiaire;"[""VILLE DE PARIS""]"
0751246X;X4EENW7VYW8M;E.M.PU SARRETTE 34 rue Sarrette;075;école;ECOLE MATERNELLE;Paris 14e  Arrondissement;1965-05-01;bdnb-bc-5M51-VQ49-7RT9;bdnb-bg-48Q7-ZCJ6-SQ58;75;21.0;14.3;Paris 14e Arrondissement;1913.0;;;;BETON - PIERRE;BETON - ZINC ALUMINIUM;5.0;12.0;840.0;Tertiaire & Autres;Tertiaire;"[""VILLE DE PARIS""]"
0751249A;9RDVVT73MKE1;E.M.PU ANDRE DEL SARTE 11 rue André Del Sarte;075;école;ECOLE MATERNELLE;Paris 18e  Arrondissement;1965-05-01;bdnb-bc-BSGC-UHNJ-S3DR;bdnb-bg-7XSV-XF1W-N92T;75;174.0;20.1;Paris 18e Arrondissement;1850.0;;;;MEULIERE;ZINC ALUMINIUM;5.0;13.0;728.0;Tertiaire & Autres;Tertiaire;"[""VILLE DE PARIS""]"
0751249A;FEBBCS9JXCSA;E.M.PU ANDRE DEL SARTE 11 rue André Del Sarte;075;école;ECOLE MATERNELLE;Paris 18e  Arrondissement;1965-05-01;bdnb-bc-FM2H-94WQ-XH45;bdnb-bg-7XSV-XF1W-N92T;75;495.0;12.4;Paris 18e Arrondissement;1850.0;;;;MEULIERE;ZINC ALUMINIUM;5.0;13.0;728.0;Tertiaire & Autres;Tertiaire;"[""VILLE DE PARIS""]"
0751249A;NMPBKR13ETMW;E.M.PU ANDRE DEL SARTE 11 rue André Del Sarte;075;école;ECOLE MATERNELLE;Paris 18e  Arrondissement;1965-05-01;bdnb-bc-6KMA-CUZ5-GM89;bdnb-bg-7XSV-XF1W-N92T;75;43.0;10.0;Paris 18e Arrondissement;1850.0;;;;MEULIERE;ZINC ALUMINIUM;5.0;13.0;728.0;Tertiaire & Autres;Tertiaire;"[""VILLE DE PARIS""]"
0751253E;3EDHBWCDT2VD;E.M.PU ARMAND CARREL E 47 rue Armand Carrel;075;école;ECOLE MATERNELLE;Paris 19e  Arrondissement;1965-05-01;bdnb-bc-JH8X-8VH5-QVGG;bdnb-bg-VJXY-XWM3-HSEF;75;351.0;4.2;Paris 19e Arrondissement;2023.0;;;;INDETERMINE;INDETERMINE;4.0;7.0;2458.0;Tertiaire & Autres;Tertiaire;"[""VILLE DE PARIS""]"
0751253E;TKKQAV4T65BJ;E.M.PU ARMAND CARREL E 47 rue Armand Carrel;075;école;ECOLE MATERNELLE;Paris 19e  Arrondissement;1965-05-01;bdnb-bc-5FRM-NZ2Y-AKE3;bdnb-bg-VJXY-XWM3-HSEF;75;35.0;4.2;Paris 19e Arrondissement;2023.0;;;;INDETERMINE;INDETERMINE;4.0;7.0;2458.0;Tertiaire & Autres;Tertiaire;"[""VILLE DE PARIS""]"
0751262P;V6JVPF84PRZ6;E.M.PU BESSIERES 90 boulevard Bessières;075;école;ECOLE MATERNELLE;Paris 17e  Arrondissement;1965-05-01;bdnb-bc-V6VV-G9NR-XLYK;bdnb-bg-KCCL-V8ND-E3Q9;75;1580.0;16.9;Paris 17e Arrondissement;2023.0;;;;INDETERMINE;INDETERMINE;1.0;6.0;3486.0;Tertiaire & Autres;Tertiaire;"[""VILLE DE PARIS""]"
0751262P;B4D7P2CSWZCT;E.M.PU BESSIERES 90 boulevard Bessières;075;école;ECOLE MATERNELLE;Paris 17e  Arrondissement;1965-05-01;bdnb-bc-6XVW-26LL-MAKM;bdnb-bg-KCCL-V8ND-E3Q9;75;98.0;5.7;Paris 17e Arrondissement;2023.0;;;;INDETERMINE;INDETERMINE;1.0;6.0;3486.0;Tertiaire & Autres;Tertiaire;"[""VILLE DE PARIS""]"
0751262P;G23BJ51K2HT6;E.M.PU BESSIERES 90 boulevard Bessières;075;école;ECOLE MATERNELLE;Paris 17e  Arrondissement;1965-05-01;bdnb-bc-E3ZV-JK3E-T4VW;bdnb-bg-KCCL-V8ND-E3Q9;75;548.0;7.5;Paris 17e Arrondissement;2023.0;;;;INDETERMINE;INDETERMINE;1.0;6.0;3486.0;Tertiaire & Autres;Tertiaire;"[""VILLE DE PARIS""]"
0751262P;2AW9ZPWJETZW;E.M.PU BESSIERES 90 boulevard Bessières;075;école;ECOLE MATERNELLE;Paris 17e  Arrondissement;1965-05-01;bdnb-bc-23UF-MV6A-H9P6;bdnb-bg-KCCL-V8ND-E3Q9;75;119.0;3.2;Paris 17e Arrondissement;2023.0;;;;INDETERMINE;INDETERMINE;1.0;6.0;3486.0;Tertiaire & Autres;Tertiaire;"[""VILLE DE PARIS""]"
0751262P;5DTKVAEKTH4F;E.M.PU BESSIERES 90 boulevard Bessières;075;école;ECOLE MATERNELLE;Paris 17e  Arrondissement;1965-05-01;bdnb-bc-M65B-MW3D-1VVL;bdnb-bg-KCCL-V8ND-E3Q9;75;125.0;3.7;Paris 17e Arrondissement;2023.0;;;;INDETERMINE;INDETERMINE;1.0;6.0;3486.0;Tertiaire & Autres;Tertiaire;"[""VILLE DE PARIS""]"
0751262P;ZTR3S9ZTKAJS;E.M.PU BESSIERES 90 boulevard Bessières;075;école;ECOLE MATERNELLE;Paris 17e  Arrondissement;1965-05-01;bdnb-bc-8AE9-SVA4-8G5H;bdnb-bg-KCCL-V8ND-E3Q9;75;126.0;4.5;Paris 17e Arrondissement;2023.0;;;;INDETERMINE;INDETERMINE;1.0;6.0;3486.0;Tertiaire & Autres;Tertiaire;"[""VILLE DE PARIS""]"
0751262P;DAWSBTJPSYBT;E.M.PU BESSIERES 90 boulevard Bessières;075;école;ECOLE MATERNELLE;Paris 17e  Arrondissement;1965-05-01;bdnb-bc-1D53-P81N-UXML;bdnb-bg-KCCL-V8ND-E3Q9;75;231.0;5.0;Paris 17e Arrondissement;2023.0;;;;INDETERMINE;INDETERMINE;1.0;6.0;3486.0;Tertiaire & Autres;Tertiaire;"[""VILLE DE PARIS""]"
0751262P;AW61FA8BQVK3;E.M.PU BESSIERES 90 boulevard Bessières;075;école;ECOLE MATERNELLE;Paris 17e  Arrondissement;1965-05-01;bdnb-bc-DCKZ-Y6H7-1XQJ;bdnb-bg-KCCL-V8ND-E3Q9;75;152.0;5.8;Paris 17e Arrondissement;2023.0;;;;INDETERMINE;INDETERMINE;1.0;6.0;3486.0;Tertiaire & Autres;Tertiaire;"[""VILLE DE PARIS""]"
0751262P;5ZVA7R44E5RJ;E.M.PU BESSIERES 90 boulevard Bessières;075;école;ECOLE MATERNELLE;Paris 17e  Arrondissement;1965-05-01;bdnb-bc-2HQV-HYS9-41LQ;bdnb-bg-KCCL-V8ND-E3Q9;75;507.0;3.5;Paris 17e Arrondissement;2023.0;;;;INDETERMINE;INDETERMINE;1.0;6.0;3486.0;Tertiaire & Autres;Tertiaire;"[""VILLE DE PARIS""]"
0751264S;DCB61PJYYMJY;E.M.PU E. COTTON 20 rue Eugénie Cotton;075;école;ECOLE MATERNELLE;Paris 19e  Arrondissement;1965-05-01;bdnb-bc-QAPH-BDTS-YNH9;bdnb-bg-KFBF-43NB-C757;75;2623.0;7.2;Paris 19e Arrondissement;2023.0;1947.0;;;INDETERMINE;INDETERMINE;3.0;13.0;3855.0;Tertiaire & Autres;Tertiaire;"[""VILLE DE PARIS""]"
0751268W;GXN1139V1KSS;E.P.PU ST MERRI 11 rue Saint Merri;075;école;ECOLE DE NIVEAU ELEMENTAIRE;Paris  4e  Arrondissement;1965-05-01;bdnb-bc-HZ11-GTHK-2NJK;bdnb-bg-5866-PY9B-8T59;75;1622.0;12.9;Paris 4e Arrondissement;;;;;;;;18.0;2042.0;;Tertiaire;
0751277F;T296RPFHM6RH;E.M.PU CHARDON LAGACHE 64 rue Chardon Lagache;075;école;ECOLE MATERNELLE;Paris 16e  Arrondissement;1965-05-01;bdnb-bc-8SRM-XC1U-Z4MV;bdnb-bg-F24W-9VSQ-2K5E;75;48.0;5.4;Paris 16e Arrondissement;2023.0;;;;BRIQUES - PIERRE;INDETERMINE;3.0;6.0;780.0;Tertiaire & Autres;Tertiaire;"[""VILLE DE PARIS""]"
0751277F;VP1P6KECZDWA;E.M.PU CHARDON LAGACHE 64 rue Chardon Lagache;075;école;ECOLE MATERNELLE;Paris 16e  Arrondissement;1965-05-01;bdnb-bc-L7FJ-H7T9-7J9W;bdnb-bg-F24W-9VSQ-2K5E;75;27.0;4.7;Paris 16e Arrondissement;2023.0;;;;BRIQUES - PIERRE;INDETERMINE;3.0;6.0;780.0;Tertiaire & Autres;Tertiaire;"[""VILLE DE PARIS""]"
0751286R;5B57PXKQP7BZ;E.M.PU COURONNES 94 rue des Couronnes;075;école;ECOLE MATERNELLE;Paris 20e  Arrondissement;1965-05-01;bdnb-bc-3ERV-TPQA-W18A;bdnb-bg-SN8W-BSZF-1Z5S;75;521.0;13.0;Paris 20e Arrondissement;2024.0;;;;INDETERMINE;INDETERMINE;2.0;10.0;1094.0;Tertiaire & Autres;Tertiaire;"[""VILLE DE PARIS""]"
0751288T;NESZF7W9RBMH;E.M.PU DAUTANCOURT 16 rue Dautancourt;075;école;ECOLE MATERNELLE;Paris 17e  Arrondissement;1965-05-01;bdnb-bc-UYUF-C9DP-9KJP;bdnb-bg-X4UP-R2WE-C5AA;75;1845.0;26.7;Paris 17e Arrondissement;2023.0;;;;BRIQUES - PIERRE;ARDOISES - ZINC ALUMINIUM;3.0;20.0;3869.0;Tertiaire & Autres;Tertiaire;"[""VILLE DE PARIS""]"
0751288T;VFRRNB6PSYNC;E.M.PU DAUTANCOURT 16 rue Dautancourt;075;école;ECOLE MATERNELLE;Paris 17e  Arrondissement;1965-05-01;bdnb-bc-YYRY-AYX2-36D8;bdnb-bg-X4UP-R2WE-C5AA;75;77.0;15.4;Paris 17e Arrondissement;2023.0;;;;BRIQUES - PIERRE;ARDOISES - ZINC ALUMINIUM;3.0;20.0;3869.0;Tertiaire & Autres;Tertiaire;"[""VILLE DE PARIS""]"
0751288T;TRECFZ14NTYJ;E.M.PU DAUTANCOURT 16 rue Dautancourt;075;école;ECOLE MATERNELLE;Paris 17e  Arrondissement;1965-05-01;bdnb-bc-45E7-43MJ-Z5WN;bdnb-bg-X4UP-R2WE-C5AA;75;1528.0;15.4;Paris 17e Arrondissement;2023.0;;;;BRIQUES - PIERRE;ARDOISES - ZINC ALUMINIUM;3.0;20.0;3869.0;Tertiaire & Autres;Tertiaire;"[""VILLE DE PARIS""]"
0751288T;9MJKVBX8D85H;E.M.PU DAUTANCOURT 16 rue Dautancourt;075;école;ECOLE MATERNELLE;Paris 17e  Arrondissement;1965-05-01;bdnb-bc-T3Q7-NN3C-EQ9A;bdnb-bg-X4UP-R2WE-C5AA;75;193.0;15.4;Paris 17e Arrondissement;2023.0;;;;BRIQUES - PIERRE;ARDOISES - ZINC ALUMINIUM;3.0;20.0;3869.0;Tertiaire & Autres;Tertiaire;"[""VILLE DE PARIS""]"
0751288T;CDSPTHAR8F6K;E.M.PU DAUTANCOURT 16 rue Dautancourt;075;école;ECOLE MATERNELLE;Paris 17e  Arrondissement;1965-05-01;bdnb-bc-38V4-U5PA-JPQS;bdnb-bg-X4UP-R2WE-C5AA;75;77.0;5.0;Paris 17e Arrondissement;2023.0;;;;BRIQUES - PIERRE;ARDOISES - ZINC ALUMINIUM;3.0;20.0;3869.0;Tertiaire & Autres;Tertiaire;"[""VILLE DE PARIS""]"
0751288T;4TFRD516ZSTZ;E.M.PU DAUTANCOURT 16 rue Dautancourt;075;école;ECOLE MATERNELLE;Paris 17e  Arrondissement;1965-05-01;bdnb-bc-D9ZS-H5UD-TAXG;bdnb-bg-X4UP-R2WE-C5AA;75;49.0;34.5;Paris 17e Arrondissement;2023.0;;;;BRIQUES - PIERRE;ARDOISES - ZINC ALUMINIUM;3.0;20.0;3869.0;Tertiaire & Autres;Tertiaire;"[""VILLE DE PARIS""]"
0751298D;8G1YKF42FHAN;E.M.PU ELISA LEMONNIER 15 rue Elisa Lemonnier;075;école;ECOLE MATERNELLE;Paris 12e  Arrondissement;1965-05-01;bdnb-bc-5JMQ-CMJ4-RZNU;bdnb-bg-CCNB-2K6S-RE6S;75;1504.0;14.5;Paris 12e Arrondissement;1886.0;;;;PIERRE;TUILES - ZINC ALUMINIUM;3.0;7.0;2490.0;Résidentiel collectif;Tertiaire;"[""VILLE DE PARIS"", ""ENEDIS""]"
0751312U;8NGRWP8PRPE9;E.M.PU GERBERT 6 rue Gerbert;075;école;ECOLE MATERNELLE;Paris 15e  Arrondissement;1965-05-01;bdnb-bc-75J9-VL1S-4PL3;bdnb-bg-JLMX-XHXJ-WNL9;75;524.0;12.1;Paris 15e Arrondissement;1930.0;;;;PIERRE;TUILES;2.0;8.0;771.0;Tertiaire & Autres;Tertiaire;"[""VILLE DE PARIS""]"
0751312U;CJ75AHG6NJNC;E.M.PU GERBERT 6 rue Gerbert;075;école;ECOLE MATERNELLE;Paris 15e  Arrondissement;1965-05-01;bdnb-bc-P3AY-BFWD-SGA2;bdnb-bg-JLMX-XHXJ-WNL9;75;147.0;3.1;Paris 15e Arrondissement;1930.0;;;;PIERRE;TUILES;2.0;8.0;771.0;Tertiaire & Autres;Tertiaire;"[""VILLE DE PARIS""]"
0751312U;PFDQY6CQCNBD;E.M.PU GERBERT 6 rue Gerbert;075;école;ECOLE MATERNELLE;Paris 15e  Arrondissement;1965-05-01;bdnb-bc-T7MB-L8TJ-JKG3;bdnb-bg-JLMX-XHXJ-WNL9;75;21.0;3.0;Paris 15e Arrondissement;1930.0;;;;PIERRE;TUILES;2.0;8.0;771.0;Tertiaire & Autres;Tertiaire;"[""VILLE DE PARIS""]"
0751312U;T119HJ2KYE9F;E.M.PU GERBERT 6 rue Gerbert;075;école;ECOLE MATERNELLE;Paris 15e  Arrondissement;1965-05-01;bdnb-bc-FT2E-G8QQ-W6CM;bdnb-bg-JLMX-XHXJ-WNL9;75;79.0;5.0;Paris 15e Arrondissement;1930.0;;;;PIERRE;TUILES;2.0;8.0;771.0;Tertiaire & Autres;Tertiaire;"[""VILLE DE PARIS""]"
0751319B;ZB7VFAMT1FYK;E.M.PU PLACE JEANNE D'ARC 32 place Jeanne d'Arc;075;école;ECOLE MATERNELLE;Paris 13e  Arrondissement;1965-05-01;bdnb-bc-LG41-1RBH-QFLL;bdnb-bg-9QT6-LXPU-R1VQ;75;1210.0;11.1;Paris 13e Arrondissement;;;;;INDETERMINE;INDETERMINE;3.0;14.0;1921.0;Résidentiel collectif;Tertiaire;"[""VILLE DE PARIS""]"
0751327K;3VMKPNVSTJAE;E.M.PU LAMARCK 4 square Lamarck;075;école;ECOLE MATERNELLE;Paris 18e  Arrondissement;1965-05-01;bdnb-bc-NE5E-Y7ZR-XMVE;bdnb-bg-2V3Z-GJ6W-ZTD6;75;503.0;8.5;Paris 18e Arrondissement;1967.0;;;;BETON - BRIQUES;ZINC ALUMINIUM;3.0;9.0;503.0;Tertiaire & Autres;Tertiaire;"[""VILLE DE PARIS""]"
0751328L;91FTY4ZJS2XZ;E.M.PU CARNOT 16 boulevard Carnot;075;école;ECOLE MATERNELLE;Paris 12e  Arrondissement;1965-05-01;bdnb-bc-44LD-UK1F-58BE;bdnb-bg-7AE7-S9AW-6R6V;75;2645.0;16.5;Paris 12e Arrondissement;2011.0;;;;INDETERMINE;INDETERMINE;3.0;13.0;2764.0;Tertiaire & Autres;Tertiaire;"[""VILLE DE PARIS""]"
0751328L;X441KWY6NTJY;E.M.PU CARNOT 16 boulevard Carnot;075;école;ECOLE MATERNELLE;Paris 12e  Arrondissement;1965-05-01;bdnb-bc-F29V-ZTAH-YNS7;bdnb-bg-7AE7-S9AW-6R6V;75;119.0;10.0;Paris 12e Arrondissement;2011.0;;;;INDETERMINE;INDETERMINE;3.0;13.0;2764.0;Tertiaire & Autres;Tertiaire;"[""VILLE DE PARIS""]"
0751329M;EDAW4P6AAHAY;E.M.PU LESSEPS M 9 rue de Lesseps;075;école;ECOLE MATERNELLE;Paris 20e  Arrondissement;1965-05-01;bdnb-bc-5JYU-2EWX-XESD;bdnb-bg-JY11-4RJG-34ZT;75;968.0;17.9;Paris 20e Arrondissement;1900.0;;;;PIERRE;ARDOISES;4.0;20.0;1616.0;Tertiaire & Autres;Tertiaire;"[""VILLE DE PARIS""]"
0751329M;E52ZDBZ8FV7Y;E.M.PU LESSEPS M 9 rue de Lesseps;075;école;ECOLE MATERNELLE;Paris 20e  Arrondissement;1965-05-01;bdnb-bc-2TVX-EYZT-BP2G;bdnb-bg-JY11-4RJG-34ZT;75;21.0;3.0;Paris 20e Arrondissement;1900.0;;;;PIERRE;ARDOISES;4.0;20.0;1616.0;Tertiaire & Autres;Tertiaire;"[""VILLE DE PARIS""]"
0751330N;QX6E379QE5ZG;E.M.PU L. M NORDMANN 140 rue Léon-Maurice Nordmann;075;école;ECOLE MATERNELLE;Paris 13e  Arrondissement;1965-05-01;bdnb-bc-8MDY-4J54-QSW6;bdnb-bg-3DN4-7FWH-DNDG;75;384.0;10.8;Paris 13e Arrondissement;1890.0;;;;PIERRE;ZINC ALUMINIUM;4.0;11.0;828.0;Résidentiel collectif;Tertiaire;"[""VILLE DE PARIS""]"
0751330N;SSZF5JPHG74X;E.M.PU L. M NORDMANN 140 rue Léon-Maurice Nordmann;075;école;ECOLE MATERNELLE;Paris 13e  Arrondissement;1965-05-01;bdnb-bc-SKAP-KWF4-5D6S;bdnb-bg-3DN4-7FWH-DNDG;75;444.0;11.2;Paris 13e Arrondissement;1890.0;;;;PIERRE;ZINC ALUMINIUM;4.0;11.0;828.0;Résidentiel collectif;Tertiaire;"[""VILLE DE PARIS""]"
0751336V;X1Q6SXPKPQPF;E.M.PU MANIN 34 rue Manin;075;école;ECOLE MATERNELLE;Paris 19e  Arrondissement;1965-05-01;bdnb-bc-QJKD-AVQX-5RT9;bdnb-bg-EP44-FPWC-W7QY;75;416.0;12.5;Paris 19e Arrondissement;2023.0;;;;INDETERMINE;INDETERMINE;5.0;13.0;416.0;Tertiaire & Autres;Tertiaire;"[""VILLE DE PARIS""]"
0751336V;D2QW8XS2AMRQ;E.M.PU MANIN 34 rue Manin;075;école;ECOLE MATERNELLE;Paris 19e  Arrondissement;1965-05-01;bdnb-bc-TBNA-S2SQ-ETKZ;bdnb-bg-NMZK-CVKD-9Y83;75;460.0;2.1;Paris 19e Arrondissement;;;;D;INDETERMINE;INDETERMINE;1.0;5.0;749.0;Résidentiel individuel;Résidentiel individuel;"[""VILLE DE PARIS""]"
0751349J;WDNF6P92F747;E.M.PU MORILLONS 40 rue des Morillons;075;école;ECOLE MATERNELLE;Paris 15e  Arrondissement;1965-05-01;bdnb-bc-J7TP-7TQT-7GY3;bdnb-bg-T9GC-7XPL-NJG8;75;94.0;7.3;Paris 15e Arrondissement;1983.0;;;;AGGLOMERE - PIERRE;BETON - AUTRES;2.0;8.0;6321.0;Tertiaire & Autres;Tertiaire;"[""VILLE DE PARIS"", ""ENEDIS""]"
0751352M;Z24Z6Z2Z9MA9;E.M.PU NOYER DURAND 5 rue du Noyer durand;075;école;ECOLE MATERNELLE;Paris 19e  Arrondissement;1965-05-01;bdnb-bc-QH9F-NV78-S8EE;bdnb-bg-7KCR-XKYE-FJUN;75;82.0;3.4;Paris 19e Arrondissement;2023.0;;;;INDETERMINE;INDETERMINE;3.0;5.0;5311.0;Tertiaire & Autres;Tertiaire;"[""VILLE DE PARIS""]"
0751360W;E6ZVZWXFFGGM;E.M.PU PALESTINE 1 rue de Palestine;075;école;ECOLE MATERNELLE;Paris 19e  Arrondissement;1965-05-01;bdnb-bc-QE6E-DX73-UVM2;bdnb-bg-NWNH-8SMS-JDSS;75;1325.0;15.5;Paris 19e Arrondissement;2023.0;;;;INDETERMINE;INDETERMINE;3.0;9.0;1495.0;Tertiaire & Autres;Tertiaire;"[""VILLE DE PARIS""]"
0751365B;NF7ZSCE87JXZ;E.M.PU PAUL GERVAIS 2 rue Paul Gervais;075;école;ECOLE MATERNELLE;Paris 13e  Arrondissement;1965-05-01;bdnb-bc-289P-ZWAU-K3HY;bdnb-bg-5LES-RV2Y-K85A;75;221.0;7.8;Paris 13e Arrondissement;1913.0;;C;;BRIQUES;TUILES;4.0;11.0;2259.0;Tertiaire & Autres;Tertiaire;"[""VILLE DE PARIS""]"
0751368E;7N4SQQPZ1FGX;E.M.PU PERCHAMPS 38 rue des Perchamps;075;école;ECOLE MATERNELLE;Paris 16e  Arrondissement;1965-05-01;bdnb-bc-ZW2F-1GHB-59LB;bdnb-bg-81T4-RGFT-ZFA7;75;856.0;5.3;Paris 16e Arrondissement;1959.0;;;;BETON;BETON;3.0;5.0;1104.0;Résidentiel collectif;Tertiaire;"[""VILLE DE PARIS""]"
0751368E;H224CTBSVDMP;E.M.PU PERCHAMPS 38 rue des Perchamps;075;école;ECOLE MATERNELLE;Paris 16e  Arrondissement;1965-05-01;bdnb-bc-3HAA-AKKW-U8CV;bdnb-bg-81T4-RGFT-ZFA7;75;248.0;4.5;Paris 16e Arrondissement;1959.0;;;;BETON;BETON;3.0;5.0;1104.0;Résidentiel collectif;Tertiaire;"[""VILLE DE PARIS""]"
0751369F;VSKRWH11NXS5;E.M.PU PICPUS F 56 rue de Picpus;075;école;ECOLE MATERNELLE;Paris 12e  Arrondissement;1965-05-01;bdnb-bc-UEVZ-1PHH-FFZZ;bdnb-bg-PUMT-D3ZL-R89L;75;116.0;20.6;Paris 12e Arrondissement;1966.0;;C;;BETON;AUTRES;5.0;10.0;3670.0;Résidentiel collectif;Tertiaire;"[""VILLE DE PARIS""]"
0751369F;JC8DQ4EANVSY;E.M.PU PICPUS F 56 rue de Picpus;075;école;ECOLE MATERNELLE;Paris 12e  Arrondissement;1965-05-01;bdnb-bc-LN4G-R3GC-CYRC;bdnb-bg-PUMT-D3ZL-R89L;75;86.0;9.5;Paris 12e Arrondissement;1966.0;;C;;BETON;AUTRES;5.0;10.0;3670.0;Résidentiel collectif;Tertiaire;"[""VILLE DE PARIS""]"
0751369F;ZVSEB53ARXF4;E.M.PU PICPUS F 56 rue de Picpus;075;école;ECOLE MATERNELLE;Paris 12e  Arrondissement;1965-05-01;bdnb-bc-78KV-HEY5-XM72;bdnb-bg-PUMT-D3ZL-R89L;75;50.0;11.3;Paris 12e Arrondissement;1966.0;;C;;BETON;AUTRES;5.0;10.0;3670.0;Résidentiel collectif;Tertiaire;"[""VILLE DE PARIS""]"
0751369F;GJ74FD3D46WS;E.M.PU PICPUS F 56 rue de Picpus;075;école;ECOLE MATERNELLE;Paris 12e  Arrondissement;1965-05-01;bdnb-bc-91UH-UXWN-CVNJ;bdnb-bg-PUMT-D3ZL-R89L;75;1405.0;4.7;Paris 12e Arrondissement;1966.0;;C;;BETON;AUTRES;5.0;10.0;3670.0;Résidentiel collectif;Tertiaire;"[""VILLE DE PARIS""]"
0751369F;ECRZJT6J4ECJ;E.M.PU PICPUS F 56 rue de Picpus;075;école;ECOLE MATERNELLE;Paris 12e  Arrondissement;1965-05-01;bdnb-bc-6Y27-ZGD3-JAXF;bdnb-bg-PUMT-D3ZL-R89L;75;496.0;11.6;Paris 12e Arrondissement;1966.0;;C;;BETON;AUTRES;5.0;10.0;3670.0;Résidentiel collectif;Tertiaire;"[""VILLE DE PARIS""]"
0751369F;7TW1Y6YTKTE9;E.M.PU PICPUS F 56 rue de Picpus;075;école;ECOLE MATERNELLE;Paris 12e  Arrondissement;1965-05-01;bdnb-bc-BK99-KJJG-6DB3;bdnb-bg-PUMT-D3ZL-R89L;75;537.0;15.1;Paris 12e Arrondissement;1966.0;;C;;BETON;AUTRES;5.0;10.0;3670.0;Résidentiel collectif;Tertiaire;"[""VILLE DE PARIS""]"
0751369F;8S8G2SZ2YWFR;E.M.PU PICPUS F 56 rue de Picpus;075;école;ECOLE MATERNELLE;Paris 12e  Arrondissement;1965-05-01;bdnb-bc-HAB2-5LXF-PVEZ;bdnb-bg-PUMT-D3ZL-R89L;75;892.0;4.6;Paris 12e Arrondissement;1966.0;;C;;BETON;AUTRES;5.0;10.0;3670.0;Résidentiel collectif;Tertiaire;"[""VILLE DE PARIS""]"
0751370G;682DXDMRGHWN;E.M.PU MILA RACINE - Ecole maternelle 4 rue Pierre Bullet;075;école;ECOLE MATERNELLE;Paris 10e  Arrondissement;1965-05-01;bdnb-bc-4HR4-Z11B-UG1N;bdnb-bg-1YU7-4DY1-SB7J;75;429.0;16.6;Paris 10e Arrondissement;2023.0;;;;BRIQUES - PIERRE;INDETERMINE;3.0;17.0;429.0;Tertiaire & Autres;Tertiaire;"[""VILLE DE PARIS""]"
0751373K;KF4P4FK7R66C;E.M.PU PLANCHAT K 52 rue Planchat;075;école;ECOLE MATERNELLE;Paris 20e  Arrondissement;1965-05-01;bdnb-bc-ZRVK-8FRG-3MS3;bdnb-bg-M6GL-Y8XJ-USYT;75;1242.0;12.1;Paris 20e Arrondissement;2024.0;;;;INDETERMINE;INDETERMINE;1.0;12.0;1242.0;Tertiaire & Autres;Tertiaire;"[""VILLE DE PARIS""]"
0751375M;Q4VSXBET11F9;E.M.PU PORTE D'IVRY M 53 avenue de la Porte d'Ivry;075;école;ECOLE MATERNELLE;Paris 13e  Arrondissement;1965-05-01;bdnb-bc-LHJY-32P1-L8AG;bdnb-bg-V9MF-FQTF-664Y;75;2540.0;8.2;Paris 13e Arrondissement;2022.0;;;;INDETERMINE;INDETERMINE;4.0;6.0;3123.0;Tertiaire & Autres;Tertiaire;"[""VILLE DE PARIS""]"
0751378R;19FD1A44TDCA;E.P.PU RAPP 28 avenue Rapp;075;école;ECOLE DE NIVEAU ELEMENTAIRE;Paris  7e  Arrondissement;1965-05-01;bdnb-bc-EN86-LXTT-W4SM;bdnb-bg-2KN5-1TPK-8GKP;75;789.0;9.1;Paris 7e Arrondissement;1887.0;;;;PIERRE;ZINC ALUMINIUM;3.0;11.0;2514.0;Résidentiel collectif;Tertiaire;"[""VILLE DE PARIS""]"
0751383W;YPNRPRRSYXXZ;E.M.PU RODIER 30 rue Rodier;075;école;ECOLE MATERNELLE;Paris  9e  Arrondissement;1965-05-01;bdnb-bc-Y6NM-VHQ5-N18K;bdnb-bg-XEBW-EV5N-8R1F;75;404.0;12.4;Paris 9e Arrondissement;1900.0;;;;INDETERMINE;INDETERMINE;6.0;11.0;471.0;Tertiaire & Autres;Tertiaire;"[""VILLE DE PARIS"", ""ENEDIS"", ""ERDF AGENCE COMPTABLE TULLE""]"
0751383W;5EM7JCJZNSJF;E.M.PU RODIER 30 rue Rodier;075;école;ECOLE MATERNELLE;Paris  9e  Arrondissement;1965-05-01;bdnb-bc-2XNY-P7QU-RVX9;bdnb-bg-XEBW-EV5N-8R1F;75;67.0;9.2;Paris 9e Arrondissement;1900.0;;;;INDETERMINE;INDETERMINE;6.0;11.0;471.0;Tertiaire & Autres;Tertiaire;"[""VILLE DE PARIS"", ""ENEDIS"", ""ERDF AGENCE COMPTABLE TULLE""]"
0751385Y;3SS9YV975ZEG;E.M.PU ROMAINVILLE Y 59 bis rue de Romainville;075;école;ECOLE MATERNELLE;Paris 19e  Arrondissement;1965-05-01;bdnb-bc-SVHG-VPZH-LJUM;bdnb-bg-6TGK-6LQN-17KB;75;1066.0;15.7;Paris 19e Arrondissement;2023.0;;;;INDETERMINE;INDETERMINE;4.0;13.0;1742.0;Tertiaire & Autres;Tertiaire;"[""VILLE DE PARIS""]"
0751389C;GW16RY8A1X64;E.M.PU SADI LECOINTE 8 rue Sadi Lecointe;075;école;ECOLE MATERNELLE;Paris 19e  Arrondissement;1965-05-01;bdnb-bc-BXUY-PGQU-XPP9;bdnb-bg-WYT9-K3ER-38PN;75;1608.0;20.8;Paris 19e Arrondissement;2023.0;;;;INDETERMINE;INDETERMINE;5.0;10.0;2044.0;Tertiaire & Autres;Tertiaire;"[""VILLE DE PARIS""]"
0751389C;4FT2X6V4DG7K;E.M.PU SADI LECOINTE 8 rue Sadi Lecointe;075;école;ECOLE MATERNELLE;Paris 19e  Arrondissement;1965-05-01;bdnb-bc-7C46-3AVC-2J57;bdnb-bg-WYT9-K3ER-38PN;75;39.0;10.0;Paris 19e Arrondissement;2023.0;;;;INDETERMINE;INDETERMINE;5.0;10.0;2044.0;Tertiaire & Autres;Tertiaire;"[""VILLE DE PARIS""]"
0751389C;FQD5F2G2JWKN;E.M.PU SADI LECOINTE 8 rue Sadi Lecointe;075;école;ECOLE MATERNELLE;Paris 19e  Arrondissement;1965-05-01;bdnb-bc-S88V-D3NP-NCL2;bdnb-bg-WYT9-K3ER-38PN;75;149.0;5.4;Paris 19e Arrondissement;2023.0;;;;INDETERMINE;INDETERMINE;5.0;10.0;2044.0;Tertiaire & Autres;Tertiaire;"[""VILLE DE PARIS""]"
0751394H;XDDZFPBETNHD;E.M.PU SIMON BOLIVAR H 65 avenue Simon Bolivar;075;école;ECOLE MATERNELLE;Paris 19e  Arrondissement;1965-05-01;bdnb-bc-5R42-18N4-QGCH;bdnb-bg-9KAE-2KH2-KS6J;75;1369.0;11.7;Paris 19e Arrondissement;2023.0;;;;INDETERMINE;INDETERMINE;4.0;7.0;2269.0;Tertiaire & Autres;Tertiaire;"[""VILLE DE PARIS""]"
0751404U;ZSSJR4AKP178;E.M.PU ST LUC 3 rue Saint Luc;075;école;ECOLE MATERNELLE;Paris 18e  Arrondissement;1965-05-01;bdnb-bc-3G27-Z8KG-4SLE;bdnb-bg-ZE65-MATQ-5Q5E;75;652.0;15.1;Paris 18e Arrondissement;1880.0;;;;PIERRE;ARDOISES - TUILES;2.0;11.0;746.0;Tertiaire & Autres;Tertiaire;"[""VILLE DE PARIS"", ""ENEDIS""]"
0751404U;5TYC9X83Z154;E.M.PU ST LUC 3 rue Saint Luc;075;école;ECOLE MATERNELLE;Paris 18e  Arrondissement;1965-05-01;bdnb-bc-QFJW-HCDF-65WF;bdnb-bg-ZE65-MATQ-5Q5E;75;94.0;6.0;Paris 18e Arrondissement;1880.0;;;;PIERRE;ARDOISES - TUILES;2.0;11.0;746.0;Tertiaire & Autres;Tertiaire;"[""VILLE DE PARIS"", ""ENEDIS""]"
0751404U;SAVDBYND72F6;E.M.PU ST LUC 3 rue Saint Luc;075;école;ECOLE MATERNELLE;Paris 18e  Arrondissement;1965-05-01;bdnb-bc-PPJ9-GMCH-62YR;bdnb-bg-LJXM-8JDG-H3JR;75;212.0;6.0;Paris 18e Arrondissement;;;;;;;;7.0;300.0;;Tertiaire;
0751408Y;EWR1XYPESR61;E.M.PU THEODORE DECK 2 rue Théodore deck;075;école;ECOLE MATERNELLE;Paris 15e  Arrondissement;1965-05-01;bdnb-bc-2QRR-MW5B-VDLQ;bdnb-bg-AZZP-9RX5-1QNL;75;329.0;9.0;Paris 15e Arrondissement;;;;;INDETERMINE;INDETERMINE;1.0;6.0;336.0;Résidentiel individuel;Tertiaire;"[""VILLE DE PARIS""]"
0751409Z;VPHMK48815J8;E.M.PU SOUZY 4 cité Souzy;075;école;ECOLE MATERNELLE;Paris 11e  Arrondissement;1965-05-01;bdnb-bc-UU68-J99L-74CW;bdnb-bg-M11P-9ZPP-ZTUH;75;1383.0;8.7;Paris 11e Arrondissement;1950.0;;;;INDETERMINE;INDETERMINE;3.0;10.0;3991.0;Tertiaire & Autres;Tertiaire;"[""VILLE DE PARIS""]"
0751416G;CFE9172CP2ES;E.M.PU TURENNE 52 rue de Turenne;075;école;ECOLE MATERNELLE;Paris  3e  Arrondissement;1965-05-01;bdnb-bc-K78J-B2CB-JAUS;bdnb-bg-XVWF-B25G-7RFH;75;794.0;16.6;Paris 3e Arrondissement;2023.0;;;;INDETERMINE;INDETERMINE;2.0;11.0;1287.0;Tertiaire & Autres;Tertiaire;"[""VILLE DE PARIS""]"
0751416G;N7A2GQ6RSQ9G;E.M.PU TURENNE 52 rue de Turenne;075;école;ECOLE MATERNELLE;Paris  3e  Arrondissement;1965-05-01;;;;;;;;;;;;;;;;;;
0751416G;JZ744AGRM2NT;E.M.PU TURENNE 52 rue de Turenne;075;école;ECOLE MATERNELLE;Paris  3e  Arrondissement;1965-05-01;bdnb-bc-9QNW-DUKP-ZRMA;bdnb-bg-XVWF-B25G-7RFH;75;430.0;13.0;Paris 3e Arrondissement;2023.0;;;;INDETERMINE;INDETERMINE;2.0;11.0;1287.0;Tertiaire & Autres;Tertiaire;"[""VILLE DE PARIS""]"
0751420L;HTC4KJFY6RV8;E.M.PU VAUGIRARD 149 bis rue de Vaugirard;075;école;ECOLE MATERNELLE;Paris 15e  Arrondissement;1965-05-01;bdnb-bc-5VXZ-5EKA-S561;bdnb-bg-6399-WH9D-X49R;75;942.0;26.9;Paris 15e Arrondissement;1989.0;;;;INDETERMINE;INDETERMINE;1.0;13.0;4549.0;Tertiaire & Autres;Tertiaire;"[""SOCIETE NATIONALE SNCF""]"
0751423P;VN14H2Q6APFK;E.M.PU VAUVENARGUES P 52 rue Vauvenargues;075;école;ECOLE MATERNELLE;Paris 18e  Arrondissement;1965-05-01;bdnb-bc-EP9P-CD2B-955Y;bdnb-bg-EV4Z-H9XB-S63M;75;1557.0;7.7;Paris 18e Arrondissement;1900.0;;;;MEULIERE;ZINC ALUMINIUM;4.0;9.0;3774.0;Tertiaire & Autres;Tertiaire;"[""VILLE DE PARIS""]"
0751426T;NBE45DGPQYR1;E.M.PU VIOLET 38 rue Violet;075;école;ECOLE MATERNELLE;Paris 15e  Arrondissement;1965-05-01;bdnb-bc-2LP7-HWVZ-WDG6;bdnb-bg-MPT8-JSGL-T5PS;75;87.0;1.8;Paris 15e Arrondissement;1880.0;;;;PIERRE;TUILES;3.0;7.0;3271.0;Tertiaire & Autres;Tertiaire;"[""VILLE DE PARIS""]"
0751428V;K52AVV7GYAMM;E.M.PU VOLONTAIRES 17 rue des Volontaires;075;école;ECOLE MATERNELLE;Paris 15e  Arrondissement;1965-05-01;bdnb-bc-92AJ-1T7M-H92F;bdnb-bg-3WQH-1HLT-5T9Z;75;3400.0;8.2;Paris 15e Arrondissement;1960.0;;;;BETON - MEULIERE;TUILES - ZINC ALUMINIUM;3.0;5.0;3563.0;Résidentiel collectif;Tertiaire;"[""VILLE DE PARIS""]"
0751428V;G591X8ZVJ5FD;E.M.PU VOLONTAIRES 17 rue des Volontaires;075;école;ECOLE MATERNELLE;Paris 15e  Arrondissement;1965-05-01;bdnb-bc-HQAG-1U28-NUFF;bdnb-bg-3WQH-1HLT-5T9Z;75;60.0;5.0;Paris 15e Arrondissement;1960.0;;;;BETON - MEULIERE;TUILES - ZINC ALUMINIUM;3.0;5.0;3563.0;Résidentiel collectif;Tertiaire;"[""VILLE DE PARIS""]"
0751431Y;6QZC9G9C7DTJ;E.M.PU AMPERE 18 rue Ampère;075;école;ECOLE MATERNELLE;Paris 17e  Arrondissement;1965-05-01;bdnb-bc-H6G7-W1DJ-EKY5;bdnb-bg-45H3-K62E-4GJX;75;2856.0;13.4;Paris 17e Arrondissement;1900.0;;;;PIERRE;ZINC ALUMINIUM;6.0;6.0;3459.0;Tertiaire & Autres;Tertiaire;"[""VILLE DE PARIS""]"
0751431Y;ESPADBT5A5EV;E.M.PU AMPERE 18 rue Ampère;075;école;ECOLE MATERNELLE;Paris 17e  Arrondissement;1965-05-01;bdnb-bc-636L-43ZG-KEXU;bdnb-bg-45H3-K62E-4GJX;75;82.0;2.2;Paris 17e Arrondissement;1900.0;;;;PIERRE;ZINC ALUMINIUM;6.0;6.0;3459.0;Tertiaire & Autres;Tertiaire;"[""VILLE DE PARIS""]"
0751431Y;BM3XVF99H593;E.M.PU AMPERE 18 rue Ampère;075;école;ECOLE MATERNELLE;Paris 17e  Arrondissement;1965-05-01;bdnb-bc-Z8TV-16EF-5435;bdnb-bg-45H3-K62E-4GJX;75;521.0;2.1;Paris 17e Arrondissement;1900.0;;;;PIERRE;ZINC ALUMINIUM;6.0;6.0;3459.0;Tertiaire & Autres;Tertiaire;"[""VILLE DE PARIS""]"
0751437E;VDMABMKM8F8H;E.E.PU CARDINAL LEMOINE 24 rue du Cardinal Lemoine;075;école;ECOLE DE NIVEAU ELEMENTAIRE;Paris  5e  Arrondissement;1965-05-01;bdnb-bc-ENPH-4KXG-2K25;bdnb-bg-1B5Y-EDQX-TCVS;75;1362.0;15.1;Paris 5e Arrondissement;1890.0;;;;BRIQUES - PIERRE;ARDOISES;4.0;15.0;1494.0;Résidentiel collectif;Tertiaire;"[""VILLE DE PARIS""]"
0752079C;MDV4Q9CCKBH4;E.E.PU PHILIPPE DE GIRARD 58 rue Philippe de Girard;075;école;ECOLE DE NIVEAU ELEMENTAIRE;Paris 18e  Arrondissement;1971-06-21;bdnb-bc-MBAQ-VY6G-5W9G;bdnb-bg-ETK4-H8QM-GQBS;75;381.0;18.7;Paris 18e Arrondissement;1880.0;;;;MEULIERE;ZINC ALUMINIUM;2.0;11.0;1332.0;Tertiaire & Autres;Tertiaire;"[""VILLE DE PARIS""]"
0752108J;P3MSKQ4DG5YC;Collège Yvonne Le Tac;075;collège;COLLEGE;Paris 18e  Arrondissement;1972-02-17;bdnb-bc-KNYL-ZB88-5J3V;bdnb-bg-MCU6-57FN-7VLL;75;1523.0;11.9;Paris 18e Arrondissement;1900.0;1947.0;F;;BETON;ZINC ALUMINIUM;2.0;12.0;1523.0;Tertiaire & Autres;Tertiaire;"[""VILLE DE PARIS""]"
0752165W;AP9S69N983JC;E.E.PU COLETTE MAGNY B 17 rue Colette Magny;075;école;ECOLE DE NIVEAU ELEMENTAIRE;Paris 19e  Arrondissement;1972-06-12;bdnb-bc-XSKQ-BZRD-CYT5;bdnb-bg-N5GU-SGQ5-L7ZP;75;442.0;7.3;Paris 19e Arrondissement;2023.0;;;;INDETERMINE;INDETERMINE;1.0;7.0;1409.0;Tertiaire & Autres;Tertiaire;"[""VILLE DE PARIS""]"
0752251P;1FY5N2VMBX7N;Collège Louise Michel;075;collège;COLLEGE;Paris 10e  Arrondissement;1974-05-08;bdnb-bc-XXQ8-JHZF-VUR2;bdnb-bg-5ENP-2CN9-6KN7;75;1226.0;18.0;Paris 10e Arrondissement;1943.0;;;;BETON - BRIQUES;ZINC ALUMINIUM;5.0;10.0;1653.0;Tertiaire & Autres;Tertiaire;"[""VILLE DE PARIS""]"
0752252R;R9677XP6V6TK;Collège Hector Berlioz;075;collège;COLLEGE;Paris 18e  Arrondissement;1974-05-08;bdnb-bc-U316-RM17-5111;bdnb-bg-EV4Z-H9XB-S63M;75;977.0;6.8;Paris 18e Arrondissement;1900.0;;;;MEULIERE;ZINC ALUMINIUM;4.0;9.0;3774.0;Tertiaire & Autres;Tertiaire;"[""VILLE DE PARIS""]"
0752263C;JNC5Q2BQ3KA7;E.E.PU BUFFON C 21 rue Buffon;075;école;ECOLE DE NIVEAU ELEMENTAIRE;Paris  5e  Arrondissement;1974-05-03;bdnb-bc-FHND-5MM5-FJL7;bdnb-bg-ZB6C-H9YW-8928;75;793.0;16.6;Paris 5e Arrondissement;1908.0;;;;PIERRE;TUILES - ZINC ALUMINIUM;4.0;17.0;827.0;Résidentiel collectif;Tertiaire;"[""VILLE DE PARIS""]"
0752263C;SBCR2SXSBJQE;E.E.PU BUFFON C 21 rue Buffon;075;école;ECOLE DE NIVEAU ELEMENTAIRE;Paris  5e  Arrondissement;1974-05-03;bdnb-bc-SC59-6EHJ-MV14;bdnb-bg-ZB6C-H9YW-8928;75;34.0;5.0;Paris 5e Arrondissement;1908.0;;;;PIERRE;TUILES - ZINC ALUMINIUM;4.0;17.0;827.0;Résidentiel collectif;Tertiaire;"[""VILLE DE PARIS""]"
0752265E;XE777HFH9XRY;E.M.PU BULLOURDE 4 passage Bullourde;075;école;ECOLE MATERNELLE;Paris 11e  Arrondissement;1974-05-20;bdnb-bc-5L9J-XJH3-3L55;bdnb-bg-6VAM-QSKV-4D13;75;567.0;11.2;Paris 11e Arrondissement;1961.0;1960.0;F;C;BETON;BETON;12.0;13.0;1607.0;Tertiaire & Autres;Tertiaire;"[""VILLE DE PARIS"", ""REGIE IMMOBILIERE DE LA VILLE DE PARIS""]"
0752317L;EQTQK6B9KSF3;Collège Claude Debussy;075;collège;COLLEGE;Paris 15e  Arrondissement;1975-04-08;bdnb-bc-TUPZ-WFS4-6US9;bdnb-bg-1EWX-SWHC-BK5P;75;1001.0;14.8;Paris 15e Arrondissement;1900.0;;;;BETON - BRIQUES;ARDOISES;2.0;13.0;1075.0;Résidentiel collectif;Tertiaire;"[""VILLE DE PARIS"", ""ENEDIS""]"
0752319N;SKDYH14TXTKS;Collège Antoine Coysevox;075;collège;COLLEGE;Paris 18e  Arrondissement;1975-04-09;bdnb-bc-GZM4-GLFH-CC3U;bdnb-bg-WFH9-GQDN-XH54;75;514.0;4.7;Paris 18e Arrondissement;1920.0;;;;MEULIERE;ZINC ALUMINIUM;3.0;9.0;2454.0;Tertiaire & Autres;Tertiaire;"[""VILLE DE PARIS"", ""ENEDIS""]"
0752319N;PHPR2RXSGCBZ;Collège Antoine Coysevox;075;collège;COLLEGE;Paris 18e  Arrondissement;1975-04-09;bdnb-bc-5W9Y-JJY2-Z3B3;bdnb-bg-WFH9-GQDN-XH54;75;431.0;1.2;Paris 18e Arrondissement;1920.0;;;;MEULIERE;ZINC ALUMINIUM;3.0;9.0;2454.0;Tertiaire & Autres;Tertiaire;"[""VILLE DE PARIS"", ""ENEDIS""]"
0752319N;XZZCZ4W18QYP;Collège Antoine Coysevox;075;collège;COLLEGE;Paris 18e  Arrondissement;1975-04-09;bdnb-bc-83N8-FNRV-LLHU;bdnb-bg-WFH9-GQDN-XH54;75;203.0;6.7;Paris 18e Arrondissement;1920.0;;;;MEULIERE;ZINC ALUMINIUM;3.0;9.0;2454.0;Tertiaire & Autres;Tertiaire;"[""VILLE DE PARIS"", ""ENEDIS""]"
0752319N;R1QM8EBBWSHA;Collège Antoine Coysevox;075;collège;COLLEGE;Paris 18e  Arrondissement;1975-04-09;bdnb-bc-C8VF-J74Q-BY4Y;bdnb-bg-WFH9-GQDN-XH54;75;239.0;5.4;Paris 18e Arrondissement;1920.0;;;;MEULIERE;ZINC ALUMINIUM;3.0;9.0;2454.0;Tertiaire & Autres;Tertiaire;"[""VILLE DE PARIS"", ""ENEDIS""]"
0752333D;4JH9WAG7E2P2;E.M.PU EMILE ZOLA 35 avenue Emile Zola;075;école;ECOLE MATERNELLE;Paris 15e  Arrondissement;1975-05-12;bdnb-bc-C9EZ-U1FE-41WR;bdnb-bg-KWF6-AVS3-3ZF5;75;217.0;12.5;Paris 15e Arrondissement;1990.0;;;;INDETERMINE;INDETERMINE;4.0;11.0;2016.0;Résidentiel collectif;Tertiaire;"[""VILLE DE PARIS""]"
0752333D;MTPCRP4QZA7H;E.M.PU EMILE ZOLA 35 avenue Emile Zola;075;école;ECOLE MATERNELLE;Paris 15e  Arrondissement;1975-05-12;bdnb-bc-EZEA-DU2R-GSPQ;bdnb-bg-KWF6-AVS3-3ZF5;75;1030.0;7.3;Paris 15e Arrondissement;1990.0;;;;INDETERMINE;INDETERMINE;4.0;11.0;2016.0;Résidentiel collectif;Tertiaire;"[""VILLE DE PARIS""]"
0752333D;FRS4738JAPS6;E.M.PU EMILE ZOLA 35 avenue Emile Zola;075;école;ECOLE MATERNELLE;Paris 15e  Arrondissement;1975-05-12;bdnb-bc-AEST-CT9G-CSJM;bdnb-bg-KWF6-AVS3-3ZF5;75;29.0;3.0;Paris 15e Arrondissement;1990.0;;;;INDETERMINE;INDETERMINE;4.0;11.0;2016.0;Résidentiel collectif;Tertiaire;"[""VILLE DE PARIS""]"
0752333D;GJRHZ33AVFNQ;E.M.PU EMILE ZOLA 35 avenue Emile Zola;075;école;ECOLE MATERNELLE;Paris 15e  Arrondissement;1975-05-12;bdnb-bc-MPGY-LSF5-KPRQ;bdnb-bg-KWF6-AVS3-3ZF5;75;659.0;12.6;Paris 15e Arrondissement;1990.0;;;;INDETERMINE;INDETERMINE;4.0;11.0;2016.0;Résidentiel collectif;Tertiaire;"[""VILLE DE PARIS""]"
0752369T;B1WY1RJF82CY;E.E.PU Yvonne Hagnauer 40 rue des Pyrénées;075;école;ECOLE DE NIVEAU ELEMENTAIRE;Paris 20e  Arrondissement;1975-09-02;bdnb-bc-H6ZX-UNXB-CWLE;bdnb-bg-RTVR-2T78-DBNS;75;1028.0;15.0;Paris 20e Arrondissement;2024.0;;;;INDETERMINE;INDETERMINE;4.0;15.0;1868.0;Tertiaire & Autres;Tertiaire;"[""VILLE DE PARIS""]"
0752401C;44MBRYGBVP24;E.E.PU ARBRE SEC 15 rue de l'Arbre Sec;075;école;ECOLE DE NIVEAU ELEMENTAIRE;Paris  1er Arrondissement;1976-05-07;bdnb-bc-RCGQ-22BE-ZWKT;bdnb-bg-ZFPP-LA4J-SKGS;75;828.0;17.2;Paris 1er Arrondissement;2023.0;;;;INDETERMINE;ARDOISES - ZINC ALUMINIUM;3.0;17.0;930.0;Tertiaire & Autres;Tertiaire;"[""DIRECTION DES SERVICES DEPARTEMENTAUX DE L EDUCATION NATIONA""]"
0752407J;NN49QGNJD7MS;E.M.PU LES OLYMPIADES 30 rue du Disque;075;école;ECOLE MATERNELLE;Paris 13e  Arrondissement;1976-05-13;bdnb-bc-JHQT-GALQ-GG38;bdnb-bg-ABWK-2VWT-FLW7;75;194.0;8.4;Paris 13e Arrondissement;2011.0;1972.0;D;D;INDETERMINE;INDETERMINE;1.0;38.0;20804.0;Tertiaire & Autres;Tertiaire;"[""VILLE DE PARIS"", ""SOCIETE NATIONALE SNCF""]"
0752523K;113Y674N4KPH;Collège Montgolfier;075;collège;COLLEGE;Paris  3e  Arrondissement;1977-03-11;bdnb-bc-7XAZ-T4GZ-YH2S;bdnb-bg-DDQ8-W9QB-WKEL;75;506.0;18.6;Paris 3e Arrondissement;;;;;;;;19.0;506.0;;Tertiaire;
0752524L;K29E3KE62G5K;Collège Victor Hugo;075;collège;COLLEGE;Paris  3e  Arrondissement;1977-03-11;bdnb-bc-D4TF-5EED-Q95P;bdnb-bg-229F-P2QZ-GHE3;75;635.0;15.7;Paris 3e Arrondissement;;;;;INDETERMINE;INDETERMINE;4.0;16.0;635.0;Résidentiel collectif;Tertiaire;"[""VILLE DE PARIS""]"
0752525M;SWJFGB9MBY9F;Collège Charlemagne;075;collège;COLLEGE;Paris  4e  Arrondissement;1977-03-11;bdnb-bc-AHT3-EAR3-DJ4M;bdnb-bg-F151-N1FH-A7EJ;75;1914.0;17.3;Paris 4e Arrondissement;1890.0;;;;BETON - AUTRES;TUILES - AUTRES;4.0;17.0;1914.0;Résidentiel collectif;Tertiaire;"[""VILLE DE PARIS""]"
0755969F;YH27WXVCPBF9;Ecole primaire publique Eva Kotchever;075;école;ECOLE DE NIVEAU ELEMENTAIRE;Paris 18e  Arrondissement;2019-09-01;bdnb-bc-TCEZ-332L-RMRV;bdnb-bg-MAND-UQA5-QF1J;75;1758.0;21.1;Paris 18e Arrondissement;2020.0;;;;INDETERMINE;INDETERMINE;2.0;21.0;1758.0;Tertiaire & Autres;Tertiaire;"[""VILLE DE PARIS""]"
0755969F;FB9T69TZ8J1K;Ecole primaire publique Eva Kotchever;075;école;ECOLE DE NIVEAU ELEMENTAIRE;Paris 18e  Arrondissement;2019-09-01;;;;;;;;;;;;;;;;;;
0756196C;EMYVMVC9Y47X;Ecole primaire publique Général Jean Simon (31);075;école;ECOLE DE NIVEAU ELEMENTAIRE;Paris 13e  Arrondissement;2021-09-01;bdnb-bc-4QPF-3FK6-A5ER;bdnb-bg-RQNK-RLEH-6DML;75;78.0;6.9;Paris 13e Arrondissement;2021.0;2023.0;B;;INDETERMINE;INDETERMINE;1.0;9.0;2323.0;Tertiaire & Autres;Tertiaire;"[""SNCF VOYAGEURS""]"
0756196C;EMYVMVC9Y47X;Ecole primaire publique Général Jean Simon (31);075;école;ECOLE DE NIVEAU ELEMENTAIRE;Paris 13e  Arrondissement;2021-09-01;bdnb-bc-CRL7-DSMW-VY3L;bdnb-bg-RQNK-RLEH-6DML;75;509.0;6.9;Paris 13e Arrondissement;2021.0;2023.0;B;;INDETERMINE;INDETERMINE;1.0;9.0;2323.0;Tertiaire & Autres;Tertiaire;"[""SNCF VOYAGEURS""]"
0756196C;EMYVMVC9Y47X;Ecole primaire publique Général Jean Simon (31);075;école;ECOLE DE NIVEAU ELEMENTAIRE;Paris 13e  Arrondissement;2021-09-01;bdnb-bc-QZ2A-X33X-W2Q3;bdnb-bg-RQNK-RLEH-6DML;75;1019.0;14.5;Paris 13e Arrondissement;2021.0;2023.0;B;;INDETERMINE;INDETERMINE;1.0;9.0;2323.0;Tertiaire & Autres;Tertiaire;"[""SNCF VOYAGEURS""]"
0930089S;ABDAHR88KPKV;Collège Anatole-France;093;collège;COLLEGE;Les Pavillons-sous-Bois;1965-05-01;bdnb-bc-D1VF-18WF-X6BB;bdnb-bg-FM5Y-T22N-8P7Q;93;2916.0;13.1;Les Pavillons-sous-Bois;2014.0;;C;;INDETERMINE;INDETERMINE;4.0;10.0;5656.0;Tertiaire & Autres;Tertiaire;"[""DEPARTEMENT DE LA SEINE SAINT DENIS""]"
0930118Y;5E8H8D4STCBG;Lycée général et technologique Jean Renoir;093;lycée;LYCEE ENSEIGNT GENERAL ET TECHNOLOGIQUE;Bondy;1965-05-01;bdnb-bc-QU3X-SPYK-B6KY;bdnb-bg-6NUS-2ND6-ZHCA;93;2617.0;9.0;Bondy;;;;;;;;6.0;6624.0;;Tertiaire;
0930126G;TBWTPEW7PVFH;Lycée polyvalent Auguste Blanqui;093;lycée;LYCEE POLYVALENT;Saint-Ouen-sur-Seine;1965-05-01;bdnb-bc-D518-T9R3-52LG;bdnb-bg-2N59-QJRC-152G;93;109.0;4.2;Saint-Ouen-sur-Seine;1991.0;;;;BETON;BETON;2.0;11.0;3023.0;Résidentiel individuel;Tertiaire;"[""PARIS ILE DE FRANCE AGENCE REGION DEVELO""]"
0930127H;M6EDMXV5XW3T;Lycée général et technologique Clémenceau;093;lycée;LYCEE ENSEIGNT GENERAL ET TECHNOLOGIQUE;Villemomble;1965-05-01;bdnb-bc-6U3D-FJY7-CFZ1;bdnb-bg-6149-51ZT-DYEH;93;148.0;6.5;Villemomble;;;;;INDETERMINE;INDETERMINE;1.0;7.0;148.0;Tertiaire & Autres;Tertiaire;"[""REGION ILE DE FRANCE""]"
0930127H;NYQ1GR3G8ZCX;Lycée général et technologique Clémenceau;093;lycée;LYCEE ENSEIGNT GENERAL ET TECHNOLOGIQUE;Villemomble;1965-05-01;bdnb-bc-BUWB-KQAL-Y4PW;bdnb-bg-NM5S-HZ46-49AX;93;3087.0;18.0;Villemomble;1944.0;;;;BETON - BRIQUES;AUTRES;4.0;18.0;3118.0;Résidentiel collectif;Tertiaire;"[""REGION ILE DE FRANCE""]"
0930128J;T8ZFJTT8K9CW;Lycée professionnel Denis Papin;093;lycée;LYCEE PROFESSIONNEL;La Courneuve;1965-05-01;bdnb-bc-6LCG-QJ5Y-79BU;bdnb-bg-8KX3-H8YA-DBN4;93;747.0;5.9;La Courneuve;;;;;;;;6.0;747.0;;Tertiaire;
0930133P;QDFG1G33SDWF;Lycée professionnel Théodore Monod;093;lycée;LYCEE PROFESSIONNEL;Noisy-le-Sec;1965-05-01;bdnb-bc-QYA9-V8BL-DRV7;bdnb-bg-Y4D2-X83R-EK7X;93;801.0;8.0;Noisy-le-Sec;1970.0;;;;INDETERMINE;INDETERMINE;4.0;7.0;16136.0;Tertiaire & Autres;Tertiaire;"[""MINISTERE DE L EDUCATION NATIONALE DE L ENSEIGNEMENT SUPERIE"", ""ETAT PAR DIRECTION DE L IMMOBILIER DE L ETAT""]"
0930133P;B72K9J2WGXSQ;Lycée professionnel Théodore Monod;093;lycée;LYCEE PROFESSIONNEL;Noisy-le-Sec;1965-05-01;bdnb-bc-EGMV-8XKS-LG1B;bdnb-bg-Y4D2-X83R-EK7X;93;97.0;7.0;Noisy-le-Sec;1970.0;;;;INDETERMINE;INDETERMINE;4.0;7.0;16136.0;Tertiaire & Autres;Tertiaire;"[""MINISTERE DE L EDUCATION NATIONALE DE L ENSEIGNEMENT SUPERIE"", ""ETAT PAR DIRECTION DE L IMMOBILIER DE L ETAT""]"
0930133P;ZK2D7B45M5RT;Lycée professionnel Théodore Monod;093;lycée;LYCEE PROFESSIONNEL;Noisy-le-Sec;1965-05-01;bdnb-bc-WKXA-1B3W-QBJ6;bdnb-bg-Y4D2-X83R-EK7X;93;2576.0;5.4;Noisy-le-Sec;1970.0;;;;INDETERMINE;INDETERMINE;4.0;7.0;16136.0;Tertiaire & Autres;Tertiaire;"[""MINISTERE DE L EDUCATION NATIONALE DE L ENSEIGNEMENT SUPERIE"", ""ETAT PAR DIRECTION DE L IMMOBILIER DE L ETAT""]"
0930133P;E2G9FXBS714Y;Lycée professionnel Théodore Monod;093;lycée;LYCEE PROFESSIONNEL;Noisy-le-Sec;1965-05-01;bdnb-bc-NSQD-4NFP-U6A8;bdnb-bg-Y4D2-X83R-EK7X;93;2259.0;6.0;Noisy-le-Sec;1970.0;;;;INDETERMINE;INDETERMINE;4.0;7.0;16136.0;Tertiaire & Autres;Tertiaire;"[""MINISTERE DE L EDUCATION NATIONALE DE L ENSEIGNEMENT SUPERIE"", ""ETAT PAR DIRECTION DE L IMMOBILIER DE L ETAT""]"
0930133P;8EWQMMQ7TJDM;Lycée professionnel Théodore Monod;093;lycée;LYCEE PROFESSIONNEL;Noisy-le-Sec;1965-05-01;bdnb-bc-DK49-KZYY-1T7N;bdnb-bg-Y4D2-X83R-EK7X;93;60.0;7.2;Noisy-le-Sec;1970.0;;;;INDETERMINE;INDETERMINE;4.0;7.0;16136.0;Tertiaire & Autres;Tertiaire;"[""MINISTERE DE L EDUCATION NATIONALE DE L ENSEIGNEMENT SUPERIE"", ""ETAT PAR DIRECTION DE L IMMOBILIER DE L ETAT""]"
0930133P;E4F64BFQ7RGM;Lycée professionnel Théodore Monod;093;lycée;LYCEE PROFESSIONNEL;Noisy-le-Sec;1965-05-01;;;;;;;;;;;;;;;;;;
0930147E;N93Y29WZR4G1;Ecole élémentaire Julie-Victoire Daubié;093;école;ECOLE DE NIVEAU ELEMENTAIRE;Les Pavillons-sous-Bois;1965-05-01;bdnb-bc-S8EA-5WCU-NPZQ;bdnb-bg-DTA5-8E84-255J;93;2185.0;11.5;Les Pavillons-sous-Bois;1930.0;;;;BRIQUES;TUILES;2.0;7.0;3961.0;Résidentiel individuel;Tertiaire;"[""COMMUNE DE PAVILLONS SOUS BOIS""]"
0930159T;Y3767HEDCM8B;Ecole élémentaire Langevin-Wallon;093;école;ECOLE DE NIVEAU ELEMENTAIRE;Romainville;1965-05-01;bdnb-bc-6A6N-AMBS-E8ZJ;bdnb-bg-SRWM-93MC-LW6F;93;1212.0;9.8;Romainville;2012.0;;;;INDETERMINE;INDETERMINE;1.0;7.0;4532.0;Tertiaire & Autres;Tertiaire;"[""COMMUNE DE ROMAINVILLE""]"
0930161V;RGP899X7RC44;Ecole élémentaire Jean-Jacques  Rousseau 1;093;école;ECOLE DE NIVEAU ELEMENTAIRE;Epinay-sur-Seine;1965-05-01;bdnb-bc-1LE4-PW95-9XSY;bdnb-bg-9E3F-CVKU-4RRM;93;1043.0;3.0;Épinay-sur-Seine;1958.0;1957.0;D;;BETON;AUTRES;2.0;3.0;1043.0;Résidentiel collectif;Tertiaire;"[""COMMUNE D EPINAY SUR SEINE""]"
0930165Z;YR8B1ND64E9G;Ecole élémentaire Irène et Frédéric Joliot-Curie;093;école;ECOLE DE NIVEAU ELEMENTAIRE;Saint-Denis;1965-05-01;bdnb-bc-ELT7-4KV8-2X9C;bdnb-bg-PNTF-BX25-74DJ;93;60.0;5.0;Saint-Denis;1993.0;;;;PIERRE;TUILES;1.0;11.0;3925.0;Résidentiel individuel;Tertiaire;"[""COMMUNE DE SAINT-DENIS""]"
0930165Z;9AZDW8ZKAT9A;Ecole élémentaire Irène et Frédéric Joliot-Curie;093;école;ECOLE DE NIVEAU ELEMENTAIRE;Saint-Denis;1965-05-01;bdnb-bc-ANH8-56T3-5JGX;bdnb-bg-PNTF-BX25-74DJ;93;648.0;10.8;Saint-Denis;1993.0;;;;PIERRE;TUILES;1.0;11.0;3925.0;Résidentiel individuel;Tertiaire;"[""COMMUNE DE SAINT-DENIS""]"
0930165Z;MK92A6GXVH1M;Ecole élémentaire Irène et Frédéric Joliot-Curie;093;école;ECOLE DE NIVEAU ELEMENTAIRE;Saint-Denis;1965-05-01;;;;;;;;;;;;;;;;;;
0930165Z;2C93X2DXM1VB;Ecole élémentaire Irène et Frédéric Joliot-Curie;093;école;ECOLE DE NIVEAU ELEMENTAIRE;Saint-Denis;1965-05-01;bdnb-bc-7RXL-J4EJ-YU3B;bdnb-bg-PNTF-BX25-74DJ;93;873.0;7.9;Saint-Denis;1993.0;;;;PIERRE;TUILES;1.0;11.0;3925.0;Résidentiel individuel;Tertiaire;"[""COMMUNE DE SAINT-DENIS""]"
0930165Z;Y9453H1JRXSA;Ecole élémentaire Irène et Frédéric Joliot-Curie;093;école;ECOLE DE NIVEAU ELEMENTAIRE;Saint-Denis;1965-05-01;bdnb-bc-3H4J-TAUL-SM43;bdnb-bg-PNTF-BX25-74DJ;93;1263.0;19.9;Saint-Denis;1993.0;;;;PIERRE;TUILES;1.0;11.0;3925.0;Résidentiel individuel;Tertiaire;"[""COMMUNE DE SAINT-DENIS""]"
0930165Z;55V2SVBXFFZ1;Ecole élémentaire Irène et Frédéric Joliot-Curie;093;école;ECOLE DE NIVEAU ELEMENTAIRE;Saint-Denis;1965-05-01;bdnb-bc-L2XA-HND5-JHUD;bdnb-bg-PNTF-BX25-74DJ;93;145.0;6.3;Saint-Denis;1993.0;;;;PIERRE;TUILES;1.0;11.0;3925.0;Résidentiel individuel;Tertiaire;"[""COMMUNE DE SAINT-DENIS""]"
0930165Z;GMC7DYKDFZ3P;Ecole élémentaire Irène et Frédéric Joliot-Curie;093;école;ECOLE DE NIVEAU ELEMENTAIRE;Saint-Denis;1965-05-01;;;;;;;;;;;;;;;;;;
0930165Z;JYPNMNGNPYGV;Ecole élémentaire Irène et Frédéric Joliot-Curie;093;école;ECOLE DE NIVEAU ELEMENTAIRE;Saint-Denis;1965-05-01;;;;;;;;;;;;;;;;;;
0930165Z;Z9BT8E5CPCJA;Ecole élémentaire Irène et Frédéric Joliot-Curie;093;école;ECOLE DE NIVEAU ELEMENTAIRE;Saint-Denis;1965-05-01;bdnb-bc-5CJS-RLCN-S29T;bdnb-bg-PNTF-BX25-74DJ;93;888.0;16.7;Saint-Denis;1993.0;;;;PIERRE;TUILES;1.0;11.0;3925.0;Résidentiel individuel;Tertiaire;"[""COMMUNE DE SAINT-DENIS""]"
0930183U;19C52E4DFGDZ;Ecole élémentaire Emile Zola;093;école;ECOLE DE NIVEAU ELEMENTAIRE;Saint-Ouen-sur-Seine;1965-05-01;bdnb-bc-W1XA-6JK2-7R1R;bdnb-bg-AQKD-4ZSB-KEU7;93;2943.0;7.6;Saint-Ouen-sur-Seine;1900.0;;F;;AUTRES;AUTRES;2.0;10.0;3502.0;Résidentiel collectif;Tertiaire;"[""COMMUNE DE ST OUEN-SUR-SEINE""]"
0930203R;H1AXWQ2WV7GP;Ecole élémentaire Noue Caillet;093;école;ECOLE DE NIVEAU ELEMENTAIRE;Bondy;1965-05-01;bdnb-bc-5L89-44GR-XLMX;bdnb-bg-NUJG-4GZQ-CVAZ;93;2070.0;3.1;Bondy;;;;;;;;4.0;2414.0;;Tertiaire;
0930208W;5KKAHYHAJ4VK;Ecole élémentaire Jules Guesde;093;école;ECOLE DE NIVEAU ELEMENTAIRE;Saint-Denis;1965-05-01;bdnb-bc-Q6ZD-3HSX-NZF3;bdnb-bg-DXA2-3MK5-D1XC;93;891.0;9.7;Saint-Denis;1996.0;;;;INDETERMINE;INDETERMINE;4.0;12.0;1228.0;Tertiaire & Autres;Tertiaire;"[""COMMUNE DE SAINT-DENIS""]"
0930225P;589QJXGKJ13X;Ecole élémentaire Jules Ferry 1;093;école;ECOLE DE NIVEAU ELEMENTAIRE;Montreuil;1965-05-01;bdnb-bc-5M97-57DP-R2SB;bdnb-bg-257Q-8F72-7UJZ;93;1639.0;9.9;Montreuil;1925.0;;;;MEULIERE;TUILES;2.0;7.0;3189.0;Tertiaire & Autres;Tertiaire;"[""COMMUNE DE MONTREUIL""]"
0930232X;JZFY4GKXQ4WY;Ecole élémentaire Jean Jaurès;093;école;ECOLE DE NIVEAU ELEMENTAIRE;Aubervilliers;1965-05-01;bdnb-bc-6ZK8-55W6-5MYP;bdnb-bg-BDPJ-NEQL-4VH1;93;3103.0;7.7;Aubervilliers;;;;;;;;8.0;3103.0;;Tertiaire;
0930233Y;M1EEZH5GXWMM;Ecole élémentaire Paul Doumer;093;école;ECOLE DE NIVEAU ELEMENTAIRE;La Courneuve;1965-05-01;bdnb-bc-1JPY-PXDA-L2TS;bdnb-bg-4ZYM-SH6F-9YAH;93;408.0;5.7;La Courneuve;1925.0;1925.0;F;;BRIQUES;TUILES;2.0;6.0;3092.0;Résidentiel collectif;Tertiaire;"[""COMMUNE DE LA COURNEUVE""]"
0930233Y;294AHA9AJ5AW;Ecole élémentaire Paul Doumer;093;école;ECOLE DE NIVEAU ELEMENTAIRE;La Courneuve;1965-05-01;bdnb-bc-Q8DR-MNZA-9HZ6;bdnb-bg-4ZYM-SH6F-9YAH;93;39.0;5.0;La Courneuve;1925.0;1925.0;F;;BRIQUES;TUILES;2.0;6.0;3092.0;Résidentiel collectif;Tertiaire;"[""COMMUNE DE LA COURNEUVE""]"
0930233Y;S479ZDZD9PH2;Ecole élémentaire Paul Doumer;093;école;ECOLE DE NIVEAU ELEMENTAIRE;La Courneuve;1965-05-01;bdnb-bc-P4NT-AZ1R-9GQV;bdnb-bg-4ZYM-SH6F-9YAH;93;21.0;3.0;La Courneuve;1925.0;1925.0;F;;BRIQUES;TUILES;2.0;6.0;3092.0;Résidentiel collectif;Tertiaire;"[""COMMUNE DE LA COURNEUVE""]"
0930273S;EN38BBXFRT7A;Ecole élémentaire Honoré de Balzac;093;école;ECOLE DE NIVEAU ELEMENTAIRE;Saint-Denis;1965-05-01;bdnb-bc-LCX9-QJY5-1DJ9;bdnb-bg-RFFF-LHN9-M1A9;93;1476.0;11.5;Saint-Denis;1905.0;;;;BRIQUES;AUTRES;2.0;6.0;2905.0;Résidentiel collectif;Tertiaire;"[""COMMUNE DE SAINT-DENIS""]"
0930281A;EJHQKKGMN772;Ecole maternelle Françoise Dolto;093;école;ECOLE MATERNELLE;Montreuil;1965-12-01;bdnb-bc-6ZLV-S87Z-86UA;bdnb-bg-ZE9Z-KBMJ-W9LW;93;697.0;6.9;Montreuil;;;;;;;;9.0;2505.0;;Tertiaire;
0930298U;BTK6KDFY35VJ;Ecole élémentaire Henri Quatremaire;093;école;ECOLE DE NIVEAU ELEMENTAIRE;Noisy-le-Sec;1965-05-01;bdnb-bc-75DC-NTSC-XZGB;bdnb-bg-5RZZ-5XXE-YQUM;93;629.0;10.7;Noisy-le-Sec;2014.0;;;;INDETERMINE;INDETERMINE;1.0;11.0;629.0;Tertiaire & Autres;Tertiaire;"[""COMMUNE DE NOISY LE SEC""]"
0930318R;C9WMHJNNG48D;Ecole élémentaire Jean Charcot;093;école;ECOLE DE NIVEAU ELEMENTAIRE;Romainville;1965-05-01;bdnb-bc-SW38-2PEB-3AM4;bdnb-bg-QKHS-74T2-SRPY;93;244.0;9.0;Romainville;;;;;INDETERMINE;INDETERMINE;1.0;9.0;1961.0;Tertiaire & Autres;Tertiaire;"[""COMMUNE DE ROMAINVILLE""]"
0930318R;6AVZM2S3SN3M;Ecole élémentaire Jean Charcot;093;école;ECOLE DE NIVEAU ELEMENTAIRE;Romainville;1965-05-01;bdnb-bc-KCQA-DD6R-EVZ4;bdnb-bg-QKHS-74T2-SRPY;93;57.0;5.0;Romainville;;;;;INDETERMINE;INDETERMINE;1.0;9.0;1961.0;Tertiaire & Autres;Tertiaire;"[""COMMUNE DE ROMAINVILLE""]"
0930318R;3AFVDKWGZDRC;Ecole élémentaire Jean Charcot;093;école;ECOLE DE NIVEAU ELEMENTAIRE;Romainville;1965-05-01;bdnb-bc-C1EG-T11B-S42K;bdnb-bg-QKHS-74T2-SRPY;93;719.0;7.6;Romainville;;;;;INDETERMINE;INDETERMINE;1.0;9.0;1961.0;Tertiaire & Autres;Tertiaire;"[""COMMUNE DE ROMAINVILLE""]"
0930318R;PC8JQ63C8VRX;Ecole élémentaire Jean Charcot;093;école;ECOLE DE NIVEAU ELEMENTAIRE;Romainville;1965-05-01;bdnb-bc-DF1Q-VSDJ-PK1E;bdnb-bg-QKHS-74T2-SRPY;93;166.0;5.0;Romainville;;;;;INDETERMINE;INDETERMINE;1.0;9.0;1961.0;Tertiaire & Autres;Tertiaire;"[""COMMUNE DE ROMAINVILLE""]"
0930318R;D9VSDX1Z9GDV;Ecole élémentaire Jean Charcot;093;école;ECOLE DE NIVEAU ELEMENTAIRE;Romainville;1965-05-01;bdnb-bc-1XDJ-W7VQ-2PBR;bdnb-bg-QKHS-74T2-SRPY;93;678.0;17.3;Romainville;;;;;INDETERMINE;INDETERMINE;1.0;9.0;1961.0;Tertiaire & Autres;Tertiaire;"[""COMMUNE DE ROMAINVILLE""]"
0930318R;V9XTRHP7HGW6;Ecole élémentaire Jean Charcot;093;école;ECOLE DE NIVEAU ELEMENTAIRE;Romainville;1965-05-01;bdnb-bc-WS94-T7DA-ZTYR;bdnb-bg-QKHS-74T2-SRPY;93;69.0;3.6;Romainville;;;;;INDETERMINE;INDETERMINE;1.0;9.0;1961.0;Tertiaire & Autres;Tertiaire;"[""COMMUNE DE ROMAINVILLE""]"
0930329C;AXW7SB7MKRFQ;Ecole élémentaire Eugène Varlin;093;école;ECOLE DE NIVEAU ELEMENTAIRE;Saint-Denis;1965-05-01;bdnb-bc-U7L5-96YY-CDBG;bdnb-bg-EX51-HYTP-A71P;93;3194.0;10.1;Saint-Denis;2018.0;;;;INDETERMINE;INDETERMINE;2.0;10.0;3194.0;Tertiaire & Autres;Tertiaire;"[""COMMUNE DE SAINT-DENIS""]"
0930335J;E8MV3J5BXKHY;Ecole élémentaire Jean Jaurès;093;école;ECOLE DE NIVEAU ELEMENTAIRE;Bagnolet;1965-05-01;bdnb-bc-XC7Z-22SE-YK1L;bdnb-bg-VZ2T-DWJV-M7DR;93;1451.0;7.3;Bagnolet;1960.0;;;;AGGLOMERE - BETON;ZINC ALUMINIUM;2.0;5.0;3414.0;Résidentiel collectif;Tertiaire;"[""COMMUNE DE BAGNOLET""]"
0930335J;563MVFNGYFZ5;Ecole élémentaire Jean Jaurès;093;école;ECOLE DE NIVEAU ELEMENTAIRE;Bagnolet;1965-05-01;bdnb-bc-RZAB-9YTZ-ZYMD;bdnb-bg-VZ2T-DWJV-M7DR;93;230.0;3.4;Bagnolet;1960.0;;;;AGGLOMERE - BETON;ZINC ALUMINIUM;2.0;5.0;3414.0;Résidentiel collectif;Tertiaire;"[""COMMUNE DE BAGNOLET""]"
0930335J;8YWQD45RV821;Ecole élémentaire Jean Jaurès;093;école;ECOLE DE NIVEAU ELEMENTAIRE;Bagnolet;1965-05-01;bdnb-bc-RXMA-Z1BF-Y4EJ;bdnb-bg-VZ2T-DWJV-M7DR;93;357.0;6.0;Bagnolet;1960.0;;;;AGGLOMERE - BETON;ZINC ALUMINIUM;2.0;5.0;3414.0;Résidentiel collectif;Tertiaire;"[""COMMUNE DE BAGNOLET""]"
0930368V;R2ZKVK8CTHRX;Ecole élémentaire Romain Rolland;093;école;ECOLE DE NIVEAU ELEMENTAIRE;Les Lilas;1965-05-01;bdnb-bc-GFSY-Q828-A75G;bdnb-bg-W1X7-HMZT-8EME;93;113.0;5.3;Les Lilas;1900.0;;;C;BRIQUES;TUILES;3.0;7.0;2882.0;Tertiaire & Autres;Tertiaire;"[""COMMUNE DES LILAS""]"
0930393X;5B6V8VV8BMQV;Ecole élémentaire Paul Langevin;093;école;ECOLE DE NIVEAU ELEMENTAIRE;Saint-Denis;1965-05-01;bdnb-bc-1U61-L767-K546;bdnb-bg-N5ZM-YWHV-RL78;93;845.0;6.9;Saint-Denis;1996.0;;;;INDETERMINE;INDETERMINE;1.0;8.0;7214.0;Tertiaire & Autres;Tertiaire;"[""COMMUNE DE SAINT-DENIS""]"
0930393X;C9616SBDRHH2;Ecole élémentaire Paul Langevin;093;école;ECOLE DE NIVEAU ELEMENTAIRE;Saint-Denis;1965-05-01;bdnb-bc-D9N6-KDPB-YAE7;bdnb-bg-N5ZM-YWHV-RL78;93;1221.0;5.9;Saint-Denis;1996.0;;;;INDETERMINE;INDETERMINE;1.0;8.0;7214.0;Tertiaire & Autres;Tertiaire;"[""COMMUNE DE SAINT-DENIS""]"
0930393X;EAXW8ZGM8M4K;Ecole élémentaire Paul Langevin;093;école;ECOLE DE NIVEAU ELEMENTAIRE;Saint-Denis;1965-05-01;bdnb-bc-KSMW-EGE1-CGEV;bdnb-bg-N5ZM-YWHV-RL78;93;128.0;10.9;Saint-Denis;1996.0;;;;INDETERMINE;INDETERMINE;1.0;8.0;7214.0;Tertiaire & Autres;Tertiaire;"[""COMMUNE DE SAINT-DENIS""]"
0930393X;Y2AWGBF5Y53A;Ecole élémentaire Paul Langevin;093;école;ECOLE DE NIVEAU ELEMENTAIRE;Saint-Denis;1965-05-01;bdnb-bc-YSWS-R648-561T;bdnb-bg-N5ZM-YWHV-RL78;93;663.0;4.5;Saint-Denis;1996.0;;;;INDETERMINE;INDETERMINE;1.0;8.0;7214.0;Tertiaire & Autres;Tertiaire;"[""COMMUNE DE SAINT-DENIS""]"
0930393X;D1CKGGK5YYHT;Ecole élémentaire Paul Langevin;093;école;ECOLE DE NIVEAU ELEMENTAIRE;Saint-Denis;1965-05-01;bdnb-bc-BQNJ-XETV-93LU;bdnb-bg-N5ZM-YWHV-RL78;93;670.0;3.7;Saint-Denis;1996.0;;;;INDETERMINE;INDETERMINE;1.0;8.0;7214.0;Tertiaire & Autres;Tertiaire;"[""COMMUNE DE SAINT-DENIS""]"
0930396A;QPB4XG7772NN;Ecole élémentaire d'application Raspail;093;école;ECOLE ELEMENTAIRE D APPLICATION;Rosny-sous-Bois;1965-05-01;bdnb-bc-FG79-TVW1-VVEN;bdnb-bg-86CR-914N-C1NK;93;1047.0;7.4;Rosny-sous-Bois;1970.0;;;C;INDETERMINE;INDETERMINE;2.0;6.0;13955.0;Tertiaire & Autres;Tertiaire;"[""COMMUNE DE ROSNY-SOUS-BOIS""]"
0930396A;2SXMS7B8T3GQ;Ecole élémentaire d'application Raspail;093;école;ECOLE ELEMENTAIRE D APPLICATION;Rosny-sous-Bois;1965-05-01;bdnb-bc-XWYG-683A-SCD6;bdnb-bg-86CR-914N-C1NK;93;60.0;5.0;Rosny-sous-Bois;1970.0;;;C;INDETERMINE;INDETERMINE;2.0;6.0;13955.0;Tertiaire & Autres;Tertiaire;"[""COMMUNE DE ROSNY-SOUS-BOIS""]"
0930396A;F74W7WNQATKK;Ecole élémentaire d'application Raspail;093;école;ECOLE ELEMENTAIRE D APPLICATION;Rosny-sous-Bois;1965-05-01;bdnb-bc-8R7K-25EZ-HP9U;bdnb-bg-86CR-914N-C1NK;93;21.0;3.0;Rosny-sous-Bois;1970.0;;;C;INDETERMINE;INDETERMINE;2.0;6.0;13955.0;Tertiaire & Autres;Tertiaire;"[""COMMUNE DE ROSNY-SOUS-BOIS""]"
0930406L;TTCSNSD2FDQG;Ecole maternelle Anatole France;093;école;ECOLE MATERNELLE;La Courneuve;1965-05-01;bdnb-bc-8LT6-2ZQ9-TP2Z;bdnb-bg-FJQ3-1B87-38NC;93;146.0;11.2;La Courneuve;1991.0;;;;INDETERMINE;INDETERMINE;1.0;6.0;1241.0;Tertiaire & Autres;Tertiaire;"[""ASSOCIATION DIOCESAINE ST DENIS FRANCE""]"
0930407M;ETSJ7D3B5SJ3;Ecole maternelle Jean Jaurès;093;école;ECOLE MATERNELLE;Bagnolet;1965-05-01;bdnb-bc-RBFC-TKVS-CKWK;bdnb-bg-VZ2T-DWJV-M7DR;93;969.0;5.0;Bagnolet;1960.0;;;;AGGLOMERE - BETON;ZINC ALUMINIUM;2.0;5.0;3414.0;Résidentiel collectif;Tertiaire;"[""COMMUNE DE BAGNOLET""]"
0930416X;R5CVXN6MS58A;Ecole maternelle Henri Wallon;093;école;ECOLE MATERNELLE;Montreuil;1965-05-01;bdnb-bc-MZQH-Z66D-PKVQ;bdnb-bg-7P3F-SAB3-WKV3;93;756.0;6.5;Montreuil;1967.0;;;;AGGLOMERE - BETON;BETON;2.0;5.0;794.0;Résidentiel collectif;Tertiaire;"[""COMMUNE DE MONTREUIL""]"
0930426H;QEXDTGV2S6X6;Ecole maternelle Anatole France;093;école;ECOLE MATERNELLE;Stains;1965-05-01;bdnb-bc-7ZPJ-3Q8L-J3QV;bdnb-bg-N7B2-JYYE-KXL4;93;626.0;8.2;Stains;;;;;;;;7.0;3677.0;;Tertiaire;
0930426H;PAYKZGS4Z3BT;Ecole maternelle Anatole France;093;école;ECOLE MATERNELLE;Stains;1965-05-01;bdnb-bc-N1V3-9X5S-FJ72;bdnb-bg-N7B2-JYYE-KXL4;93;181.0;7.0;Stains;;;;;;;;7.0;3677.0;;Tertiaire;
0930426H;SZ7WAKY3JK14;Ecole maternelle Anatole France;093;école;ECOLE MATERNELLE;Stains;1965-05-01;bdnb-bc-GAQL-1T5Y-TSMX;bdnb-bg-N7B2-JYYE-KXL4;93;74.0;3.5;Stains;;;;;;;;7.0;3677.0;;Tertiaire;
0930426H;ZNEBF9WYCDWD;Ecole maternelle Anatole France;093;école;ECOLE MATERNELLE;Stains;1965-05-01;bdnb-bc-WW22-SQJ5-L2SF;bdnb-bg-N7B2-JYYE-KXL4;93;91.0;5.7;Stains;;;;;;;;7.0;3677.0;;Tertiaire;
0930426H;GTQXXXNAFFEQ;Ecole maternelle Anatole France;093;école;ECOLE MATERNELLE;Stains;1965-05-01;bdnb-bc-E1QZ-6CQL-5BZX;bdnb-bg-N7B2-JYYE-KXL4;93;276.0;5.9;Stains;;;;;;;;7.0;3677.0;;Tertiaire;
0930426H;JQ1DBFB5PF2G;Ecole maternelle Anatole France;093;école;ECOLE MATERNELLE;Stains;1965-05-01;bdnb-bc-YMH6-Y6C8-M72V;bdnb-bg-N7B2-JYYE-KXL4;93;1224.0;7.8;Stains;;;;;;;;7.0;3677.0;;Tertiaire;
0930426H;FRGP7CTBN4FC;Ecole maternelle Anatole France;093;école;ECOLE MATERNELLE;Stains;1965-05-01;bdnb-bc-RCSR-695U-1WL3;bdnb-bg-N7B2-JYYE-KXL4;93;385.0;6.4;Stains;;;;;;;;7.0;3677.0;;Tertiaire;
0930426H;TJ8BDZP6Q4CA;Ecole maternelle Anatole France;093;école;ECOLE MATERNELLE;Stains;1965-05-01;bdnb-bc-4AWV-WJ6N-TRKV;bdnb-bg-6WEX-UHYD-LCUD;93;58.0;5.7;Stains;1958.0;;;;BRIQUES;TUILES;1.0;6.0;58.0;Résidentiel individuel;Tertiaire;"[""COMMUNE DE STAINS""]"
0930426H;1JKAWHVS15G3;Ecole maternelle Anatole France;093;école;ECOLE MATERNELLE;Stains;1965-05-01;bdnb-bc-C5PB-GBHL-R62Y;bdnb-bg-N7B2-JYYE-KXL4;93;104.0;8.8;Stains;;;;;;;;7.0;3677.0;;Tertiaire;
0930426H;VG7A1F182GCC;Ecole maternelle Anatole France;093;école;ECOLE MATERNELLE;Stains;1965-05-01;bdnb-bc-KM2T-3V7P-ZJCU;bdnb-bg-N7B2-JYYE-KXL4;93;68.0;4.7;Stains;;;;;;;;7.0;3677.0;;Tertiaire;
0930426H;CECQYHBT5RTD;Ecole maternelle Anatole France;093;école;ECOLE MATERNELLE;Stains;1965-05-01;bdnb-bc-LPR8-VA3Q-1RMJ;bdnb-bg-N7B2-JYYE-KXL4;93;648.0;10.8;Stains;;;;;;;;7.0;3677.0;;Tertiaire;
0930436U;38SX7X2SEDMJ;Ecole maternelle du Stade;093;école;ECOLE MATERNELLE;Saint-Denis;1965-05-01;bdnb-bc-FHL9-F9VS-ZTRP;bdnb-bg-YHFV-D54Q-A2DZ;93;2215.0;9.2;Saint-Denis;1958.0;;;;BETON;BETON;3.0;9.0;2647.0;Résidentiel collectif;Tertiaire;"[""COMMUNE DE SAINT-DENIS""]"
0930444C;ATWTJFB3AG9H;Ecole maternelle Anatole France;093;école;ECOLE MATERNELLE;Saint-Denis;1965-05-01;bdnb-bc-RJ3G-DCL7-LGRT;bdnb-bg-L7AF-8AKF-2C5J;93;2452.0;6.8;Saint-Denis;1907.0;;;;BRIQUES - MEULIERE;TUILES;3.0;5.0;2545.0;Résidentiel collectif;Tertiaire;"[""COMMUNE DE SAINT-DENIS""]"
0930444C;DPKRV3YHGQJG;Ecole maternelle Anatole France;093;école;ECOLE MATERNELLE;Saint-Denis;1965-05-01;bdnb-bc-FW35-Y6ZV-LLPT;bdnb-bg-L7AF-8AKF-2C5J;93;82.0;4.1;Saint-Denis;1907.0;;;;BRIQUES - MEULIERE;TUILES;3.0;5.0;2545.0;Résidentiel collectif;Tertiaire;"[""COMMUNE DE SAINT-DENIS""]"
0930444C;XCWKVK1M7TFA;Ecole maternelle Anatole France;093;école;ECOLE MATERNELLE;Saint-Denis;1965-05-01;;;;;;;;;;;;;;;;;;
0930446E;ZEFVBGX1KXCM;Ecole maternelle Saint Exupéry;093;école;ECOLE MATERNELLE;Le Bourget;1965-05-01;bdnb-bc-SYXL-JMDG-2U7H;bdnb-bg-KGPA-HCGC-WTQP;93;181.0;5.4;Le Bourget;1993.0;;;;INDETERMINE;INDETERMINE;1.0;4.0;1293.0;Résidentiel individuel;Tertiaire;"[""COMMUNE DU BOURGET""]"
0930446E;9V59KRBFB2FA;Ecole maternelle Saint Exupéry;093;école;ECOLE MATERNELLE;Le Bourget;1965-05-01;bdnb-bc-EP3X-2C9H-8UR3;bdnb-bg-KGPA-HCGC-WTQP;93;786.0;3.6;Le Bourget;1993.0;;;;INDETERMINE;INDETERMINE;1.0;4.0;1293.0;Résidentiel individuel;Tertiaire;"[""COMMUNE DU BOURGET""]"
0930446E;3CNX91C8AZ9S;Ecole maternelle Saint Exupéry;093;école;ECOLE MATERNELLE;Le Bourget;1965-05-01;bdnb-bc-MWVE-Q5W2-VSDX;bdnb-bg-KGPA-HCGC-WTQP;93;43.0;5.0;Le Bourget;1993.0;;;;INDETERMINE;INDETERMINE;1.0;4.0;1293.0;Résidentiel individuel;Tertiaire;"[""COMMUNE DU BOURGET""]"
0930446E;YE4BGCE9EVMK;Ecole maternelle Saint Exupéry;093;école;ECOLE MATERNELLE;Le Bourget;1965-05-01;bdnb-bc-CTMR-XS5T-GS45;bdnb-bg-KGPA-HCGC-WTQP;93;181.0;3.6;Le Bourget;1993.0;;;;INDETERMINE;INDETERMINE;1.0;4.0;1293.0;Résidentiel individuel;Tertiaire;"[""COMMUNE DU BOURGET""]"
0930446E;6S6Q28F1D68J;Ecole maternelle Saint Exupéry;093;école;ECOLE MATERNELLE;Le Bourget;1965-05-01;bdnb-bc-YB9V-6FDE-1NX1;bdnb-bg-KGPA-HCGC-WTQP;93;69.0;3.3;Le Bourget;1993.0;;;;INDETERMINE;INDETERMINE;1.0;4.0;1293.0;Résidentiel individuel;Tertiaire;"[""COMMUNE DU BOURGET""]"
0930447F;Y5YD32ARX2YR;Ecole maternelle Jean Jaurès;093;école;ECOLE MATERNELLE;Pantin;1965-05-01;bdnb-bc-4MUC-RS3L-51YD;bdnb-bg-7B97-XM6H-3XYK;93;3775.0;7.0;Pantin;1960.0;;;C;AGGLOMERE - BETON;AUTRES;3.0;8.0;4838.0;Tertiaire & Autres;Tertiaire;"[""COMMUNE DE PANTIN""]"
0930448G;19C52E4DFGDZ;Ecole maternelle Emile Zola;093;école;ECOLE MATERNELLE;Saint-Ouen-sur-Seine;1965-05-01;bdnb-bc-W1XA-6JK2-7R1R;bdnb-bg-AQKD-4ZSB-KEU7;93;2943.0;7.6;Saint-Ouen-sur-Seine;1900.0;;F;;AUTRES;AUTRES;2.0;10.0;3502.0;Résidentiel collectif;Tertiaire;"[""COMMUNE DE ST OUEN-SUR-SEINE""]"
0930451K;9D31D2TAKGB9;Ecole maternelle Puy Pensot;093;école;ECOLE MATERNELLE;Saint-Denis;1965-05-01;bdnb-bc-ZWXF-RR1V-XGXV;bdnb-bg-74WZ-UF57-26HW;93;708.0;11.4;Saint-Denis;;;;;;;;7.0;918.0;;Tertiaire;
0930451K;QTV6GJ92QTBR;Ecole maternelle Puy Pensot;093;école;ECOLE MATERNELLE;Saint-Denis;1965-05-01;bdnb-bc-4LZA-Q89M-KF7V;bdnb-bg-74WZ-UF57-26HW;93;68.0;5.4;Saint-Denis;;;;;;;;7.0;918.0;;Tertiaire;
0930451K;RCWAA8YGBSQF;Ecole maternelle Puy Pensot;093;école;ECOLE MATERNELLE;Saint-Denis;1965-05-01;bdnb-bc-JFVE-B1CH-V5ZZ;bdnb-bg-74WZ-UF57-26HW;93;90.0;4.9;Saint-Denis;;;;;;;;7.0;918.0;;Tertiaire;
0930457S;MR38VESFNJJJ;Ecole maternelle La Marine;093;école;ECOLE MATERNELLE;Pantin;1965-05-01;bdnb-bc-ZCA6-4VZX-7KYA;bdnb-bg-7SWS-DFP6-PYT4;93;1107.0;11.1;Pantin;;;;B;;;;12.0;2958.0;;Tertiaire;
0930458T;15PT4E3G4TJT;Ecole maternelle Léo Lagrange;093;école;ECOLE MATERNELLE;Bondy;1965-05-01;bdnb-bc-YT28-XUWF-BHTF;bdnb-bg-Q2CH-YUAP-UU61;93;1326.0;7.5;Bondy;1959.0;;;;BETON - BRIQUES;BETON;2.0;9.0;1680.0;Résidentiel collectif;Tertiaire;"[""COMMUNE DE BONDY""]"
0930461W;763FJF7DNA1E;Ecole maternelle Louis Pasteur;093;école;ECOLE MATERNELLE;Villemomble;1965-05-01;bdnb-bc-GFEE-15KX-J6VU;bdnb-bg-29GC-ZQ1V-CGB3;93;1727.0;12.9;Villemomble;;;;;BETON - PIERRE;INDETERMINE;3.0;7.0;1963.0;Tertiaire & Autres;Tertiaire;"[""COMMUNE DE VILLEMOMBLE""]"
0930479R;ZMYYWJ6CS31K;Ecole maternelle Suzanne Lacore;093;école;ECOLE MATERNELLE;Le Pré-Saint-Gervais;1965-05-01;bdnb-bc-KKXH-4T97-MW1R;bdnb-bg-2RJ9-1CFC-H1GF;93;195.0;5.7;Le Pré-Saint-Gervais;1970.0;;;;INDETERMINE;INDETERMINE;1.0;8.0;526.0;Tertiaire & Autres;Tertiaire;"[""COMMUNE DE PRE SAINT GERVAIS""]"
0930493F;YWJJMWCVRPAG;Ecole maternelle Saint-Exupéry;093;école;ECOLE MATERNELLE;Villemomble;1965-05-01;bdnb-bc-GKX3-VN4Z-KNB7;bdnb-bg-BXVQ-PTZ9-Q11M;93;839.0;6.5;Villemomble;2012.0;;;;INDETERMINE;INDETERMINE;1.0;5.0;861.0;Tertiaire & Autres;Tertiaire;"[""COMMUNE DE VILLEMOMBLE""]"
0930497K;4ZP2EMMCWVAS;Ecole maternelle Paul Doumer;093;école;ECOLE MATERNELLE;La Courneuve;1965-05-01;bdnb-bc-CX52-ZXR7-7JBJ;bdnb-bg-2JYD-FLNZ-4FSB;93;386.0;5.9;La Courneuve;;;;;;;;6.0;386.0;;Tertiaire;
0930530W;4DMXTSXHPNJ1;Ecole maternelle Victor Hugo;093;école;ECOLE MATERNELLE;Epinay-sur-Seine;1965-05-01;bdnb-bc-Z9Q2-6GDR-XRAT;bdnb-bg-AFZA-3B5R-52H1;93;980.0;5.4;Épinay-sur-Seine;1964.0;;;;BETON - BRIQUES;BETON;3.0;7.0;7388.0;Tertiaire & Autres;Tertiaire;"[""COMMUNE D EPINAY SUR SEINE"", ""REGION ILE DE FRANCE""]"
0930530W;VRP1J9HBXXZR;Ecole maternelle Victor Hugo;093;école;ECOLE MATERNELLE;Epinay-sur-Seine;1965-05-01;bdnb-bc-YWQU-VH5N-DP21;bdnb-bg-AFZA-3B5R-52H1;93;184.0;3.2;Épinay-sur-Seine;1964.0;;;;BETON - BRIQUES;BETON;3.0;7.0;7388.0;Tertiaire & Autres;Tertiaire;"[""COMMUNE D EPINAY SUR SEINE"", ""REGION ILE DE FRANCE""]"
0930530W;QPET89TWD31F;Ecole maternelle Victor Hugo;093;école;ECOLE MATERNELLE;Epinay-sur-Seine;1965-05-01;bdnb-bc-KYRY-YWBL-SXHV;bdnb-bg-AFZA-3B5R-52H1;93;256.0;4.1;Épinay-sur-Seine;1964.0;;;;BETON - BRIQUES;BETON;3.0;7.0;7388.0;Tertiaire & Autres;Tertiaire;"[""COMMUNE D EPINAY SUR SEINE"", ""REGION ILE DE FRANCE""]"
0930530W;K5CV16X5Z1RR;Ecole maternelle Victor Hugo;093;école;ECOLE MATERNELLE;Epinay-sur-Seine;1965-05-01;bdnb-bc-MG4M-5TCQ-S5NP;bdnb-bg-AFZA-3B5R-52H1;93;305.0;5.3;Épinay-sur-Seine;1964.0;;;;BETON - BRIQUES;BETON;3.0;7.0;7388.0;Tertiaire & Autres;Tertiaire;"[""COMMUNE D EPINAY SUR SEINE"", ""REGION ILE DE FRANCE""]"
0930530W;TD6TYWGMK7MR;Ecole maternelle Victor Hugo;093;école;ECOLE MATERNELLE;Epinay-sur-Seine;1965-05-01;bdnb-bc-KVPA-F3XD-YMGW;bdnb-bg-AFZA-3B5R-52H1;93;29.0;4.5;Épinay-sur-Seine;1964.0;;;;BETON - BRIQUES;BETON;3.0;7.0;7388.0;Tertiaire & Autres;Tertiaire;"[""COMMUNE D EPINAY SUR SEINE"", ""REGION ILE DE FRANCE""]"
0930530W;WJEVVVJWD62D;Ecole maternelle Victor Hugo;093;école;ECOLE MATERNELLE;Epinay-sur-Seine;1965-05-01;bdnb-bc-HVJU-9DS4-BW7S;bdnb-bg-AFZA-3B5R-52H1;93;45.0;4.6;Épinay-sur-Seine;1964.0;;;;BETON - BRIQUES;BETON;3.0;7.0;7388.0;Tertiaire & Autres;Tertiaire;"[""COMMUNE D EPINAY SUR SEINE"", ""REGION ILE DE FRANCE""]"
0930530W;E8MG4PXH9AAC;Ecole maternelle Victor Hugo;093;école;ECOLE MATERNELLE;Epinay-sur-Seine;1965-05-01;bdnb-bc-MQPA-AHGJ-QLZJ;bdnb-bg-AFZA-3B5R-52H1;93;970.0;16.9;Épinay-sur-Seine;1964.0;;;;BETON - BRIQUES;BETON;3.0;7.0;7388.0;Tertiaire & Autres;Tertiaire;"[""COMMUNE D EPINAY SUR SEINE"", ""REGION ILE DE FRANCE""]"
0930530W;5D3PFZZRPN4E;Ecole maternelle Victor Hugo;093;école;ECOLE MATERNELLE;Epinay-sur-Seine;1965-05-01;bdnb-bc-TU41-5NS1-RHLP;bdnb-bg-AFZA-3B5R-52H1;93;707.0;4.4;Épinay-sur-Seine;1964.0;;;;BETON - BRIQUES;BETON;3.0;7.0;7388.0;Tertiaire & Autres;Tertiaire;"[""COMMUNE D EPINAY SUR SEINE"", ""REGION ILE DE FRANCE""]"
0930530W;PDW77QMVHHM9;Ecole maternelle Victor Hugo;093;école;ECOLE MATERNELLE;Epinay-sur-Seine;1965-05-01;bdnb-bc-CN7B-QXT5-1JGV;bdnb-bg-AFZA-3B5R-52H1;93;151.0;5.0;Épinay-sur-Seine;1964.0;;;;BETON - BRIQUES;BETON;3.0;7.0;7388.0;Tertiaire & Autres;Tertiaire;"[""COMMUNE D EPINAY SUR SEINE"", ""REGION ILE DE FRANCE""]"
0930530W;57XXVX6R33EW;Ecole maternelle Victor Hugo;093;école;ECOLE MATERNELLE;Epinay-sur-Seine;1965-05-01;bdnb-bc-SU19-GM4J-YAQV;bdnb-bg-AFZA-3B5R-52H1;93;614.0;6.4;Épinay-sur-Seine;1964.0;;;;BETON - BRIQUES;BETON;3.0;7.0;7388.0;Tertiaire & Autres;Tertiaire;"[""COMMUNE D EPINAY SUR SEINE"", ""REGION ILE DE FRANCE""]"
0930559C;8RE68VRDS26G;Ecole élémentaire Jules Verne;093;école;ECOLE DE NIVEAU ELEMENTAIRE;Bagnolet;1965-05-01;bdnb-bc-AA8Z-FS98-9TY4;bdnb-bg-Y3RZ-2RYN-3R23;93;199.0;8.9;Bagnolet;1964.0;;;;BETON;BETON;4.0;5.0;4739.0;Résidentiel collectif;Tertiaire;"[""COMMUNE DE BAGNOLET""]"
0930559C;XCFN9Q2NMKQ2;Ecole élémentaire Jules Verne;093;école;ECOLE DE NIVEAU ELEMENTAIRE;Bagnolet;1965-05-01;bdnb-bc-E9PA-JJH9-3U7W;bdnb-bg-Y3RZ-2RYN-3R23;93;237.0;4.7;Bagnolet;1964.0;;;;BETON;BETON;4.0;5.0;4739.0;Résidentiel collectif;Tertiaire;"[""COMMUNE DE BAGNOLET""]"
0930559C;RKF7HQ6WSR6Q;Ecole élémentaire Jules Verne;093;école;ECOLE DE NIVEAU ELEMENTAIRE;Bagnolet;1965-05-01;bdnb-bc-8X7S-AV95-U344;bdnb-bg-Y3RZ-2RYN-3R23;93;456.0;3.8;Bagnolet;1964.0;;;;BETON;BETON;4.0;5.0;4739.0;Résidentiel collectif;Tertiaire;"[""COMMUNE DE BAGNOLET""]"
0930559C;G887JV4HPQC3;Ecole élémentaire Jules Verne;093;école;ECOLE DE NIVEAU ELEMENTAIRE;Bagnolet;1965-05-01;bdnb-bc-RS11-F1KU-PE3U;bdnb-bg-Y3RZ-2RYN-3R23;93;337.0;4.3;Bagnolet;1964.0;;;;BETON;BETON;4.0;5.0;4739.0;Résidentiel collectif;Tertiaire;"[""COMMUNE DE BAGNOLET""]"
0930559C;TDTWKZHFY8NA;Ecole élémentaire Jules Verne;093;école;ECOLE DE NIVEAU ELEMENTAIRE;Bagnolet;1965-05-01;bdnb-bc-2W24-F9F8-65WN;bdnb-bg-Y3RZ-2RYN-3R23;93;1744.0;6.1;Bagnolet;1964.0;;;;BETON;BETON;4.0;5.0;4739.0;Résidentiel collectif;Tertiaire;"[""COMMUNE DE BAGNOLET""]"
0930559C;788JK1WXS2R6;Ecole élémentaire Jules Verne;093;école;ECOLE DE NIVEAU ELEMENTAIRE;Bagnolet;1965-05-01;bdnb-bc-5KCG-6HAH-S8YA;bdnb-bg-Y3RZ-2RYN-3R23;93;333.0;5.1;Bagnolet;1964.0;;;;BETON;BETON;4.0;5.0;4739.0;Résidentiel collectif;Tertiaire;"[""COMMUNE DE BAGNOLET""]"
0930559C;SV4X5PKJZV5J;Ecole élémentaire Jules Verne;093;école;ECOLE DE NIVEAU ELEMENTAIRE;Bagnolet;1965-05-01;bdnb-bc-K8L9-HKFA-N2LA;bdnb-bg-Y3RZ-2RYN-3R23;93;669.0;5.1;Bagnolet;1964.0;;;;BETON;BETON;4.0;5.0;4739.0;Résidentiel collectif;Tertiaire;"[""COMMUNE DE BAGNOLET""]"
0930559C;SEDDZ11161S9;Ecole élémentaire Jules Verne;093;école;ECOLE DE NIVEAU ELEMENTAIRE;Bagnolet;1965-05-01;bdnb-bc-ZGLY-Q3GZ-4S3H;bdnb-bg-Y3RZ-2RYN-3R23;93;387.0;7.3;Bagnolet;1964.0;;;;BETON;BETON;4.0;5.0;4739.0;Résidentiel collectif;Tertiaire;"[""COMMUNE DE BAGNOLET""]"
0930560D;9TM87FDQCHZ4;Ecole maternelle Joliot-Curie;093;école;ECOLE MATERNELLE;Pantin;1965-05-01;bdnb-bc-7SCM-1RQ2-BBRD;bdnb-bg-5YBN-19WM-VHDU;93;79.0;7.6;Pantin;1965.0;;;C;BETON;BETON;4.0;10.0;6197.0;Résidentiel collectif;Tertiaire;"[""COMMUNE DE PANTIN""]"
0930560D;J2VDMWAZVEV6;Ecole maternelle Joliot-Curie;093;école;ECOLE MATERNELLE;Pantin;1965-05-01;bdnb-bc-8BX4-P1BR-GUPB;bdnb-bg-5YBN-19WM-VHDU;93;229.0;8.2;Pantin;1965.0;;;C;BETON;BETON;4.0;10.0;6197.0;Résidentiel collectif;Tertiaire;"[""COMMUNE DE PANTIN""]"
0930560D;NPRX29GWBKDD;Ecole maternelle Joliot-Curie;093;école;ECOLE MATERNELLE;Pantin;1965-05-01;bdnb-bc-WLWS-9RS4-JH1F;bdnb-bg-5YBN-19WM-VHDU;93;774.0;9.6;Pantin;1965.0;;;C;BETON;BETON;4.0;10.0;6197.0;Résidentiel collectif;Tertiaire;"[""COMMUNE DE PANTIN""]"
0930560D;1EAWR4NAKTCE;Ecole maternelle Joliot-Curie;093;école;ECOLE MATERNELLE;Pantin;1965-05-01;bdnb-bc-QRL7-2414-BQJS;bdnb-bg-5YBN-19WM-VHDU;93;46.0;7.7;Pantin;1965.0;;;C;BETON;BETON;4.0;10.0;6197.0;Résidentiel collectif;Tertiaire;"[""COMMUNE DE PANTIN""]"
0930560D;6RS16WFS4EH4;Ecole maternelle Joliot-Curie;093;école;ECOLE MATERNELLE;Pantin;1965-05-01;bdnb-bc-7RTT-B7PB-TNK9;bdnb-bg-5YBN-19WM-VHDU;93;46.0;7.8;Pantin;1965.0;;;C;BETON;BETON;4.0;10.0;6197.0;Résidentiel collectif;Tertiaire;"[""COMMUNE DE PANTIN""]"
0930560D;RCHTPXQRWEF6;Ecole maternelle Joliot-Curie;093;école;ECOLE MATERNELLE;Pantin;1965-05-01;bdnb-bc-7DLA-7Q5J-4MVX;bdnb-bg-5YBN-19WM-VHDU;93;106.0;9.6;Pantin;1965.0;;;C;BETON;BETON;4.0;10.0;6197.0;Résidentiel collectif;Tertiaire;"[""COMMUNE DE PANTIN""]"
0930560D;1PG6EQDSWKCS;Ecole maternelle Joliot-Curie;093;école;ECOLE MATERNELLE;Pantin;1965-05-01;bdnb-bc-QS4U-511L-5HFQ;bdnb-bg-5YBN-19WM-VHDU;93;26.0;8.1;Pantin;1965.0;;;C;BETON;BETON;4.0;10.0;6197.0;Résidentiel collectif;Tertiaire;"[""COMMUNE DE PANTIN""]"
0930560D;PJMTER5S2GBN;Ecole maternelle Joliot-Curie;093;école;ECOLE MATERNELLE;Pantin;1965-05-01;bdnb-bc-2H1C-8M7K-YKFX;bdnb-bg-5YBN-19WM-VHDU;93;49.0;8.1;Pantin;1965.0;;;C;BETON;BETON;4.0;10.0;6197.0;Résidentiel collectif;Tertiaire;"[""COMMUNE DE PANTIN""]"
0930560D;S9NX1KHBXAPT;Ecole maternelle Joliot-Curie;093;école;ECOLE MATERNELLE;Pantin;1965-05-01;bdnb-bc-DMD2-BLBX-71JX;bdnb-bg-5YBN-19WM-VHDU;93;42.0;9.6;Pantin;1965.0;;;C;BETON;BETON;4.0;10.0;6197.0;Résidentiel collectif;Tertiaire;"[""COMMUNE DE PANTIN""]"
0930563G;VG4PCADRKQG2;Ecole maternelle Henri Barbusse;093;école;ECOLE MATERNELLE;Bobigny;1965-05-01;bdnb-bc-QZWQ-UBV8-7NFA;bdnb-bg-Q8CN-AS7W-EV18;93;571.0;8.2;Bobigny;2010.0;;;;INDETERMINE;INDETERMINE;1.0;8.0;911.0;Tertiaire & Autres;Tertiaire;"[""COMMUNE DE BOBIGNY""]"
0930571R;15HGYT671XHK;Ecole maternelle Jaurès Nord;093;école;ECOLE MATERNELLE;Epinay-sur-Seine;1966-09-30;bdnb-bc-P1PJ-K853-XJ84;bdnb-bg-FDY4-UABF-Z34F;93;875.0;3.3;Épinay-sur-Seine;;;;;;;;5.0;5980.0;;Tertiaire;
0930576W;2KJHRWPEVMTG;Ecole maternelle Terre Saint-Blaise;093;école;ECOLE MATERNELLE;Bondy;1965-12-01;bdnb-bc-7LEV-8AMB-XFAM;bdnb-bg-R8RF-23QR-YV67;93;1810.0;12.9;Bondy;2010.0;;;B;INDETERMINE;INDETERMINE;1.0;13.0;1810.0;Tertiaire & Autres;Tertiaire;"[""COMMUNE DE BONDY""]"
0930580A;T8MMVVNPTZYR;Ecole élémentaire Romain Rolland;093;école;ECOLE DE NIVEAU ELEMENTAIRE;Drancy;1965-12-01;bdnb-bc-VGE6-YDSC-5JDX;bdnb-bg-N1KL-Q34Y-QPS3;93;661.0;6.5;Drancy;2011.0;;;;AUTRES;AUTRES;3.0;8.0;2642.0;Tertiaire & Autres;Tertiaire;"[""COMMUNE DE DRANCY"", ""DEPARTEMENT DE LA SEINE SAINT DENIS""]"
0930586G;BM94GGP5GE3R;Collège Albert Camus;093;collège;COLLEGE;Rosny-sous-Bois;1965-12-15;bdnb-bc-SRMG-BTNC-HGSG;bdnb-bg-86CR-914N-C1NK;93;943.0;9.4;Rosny-sous-Bois;1970.0;;;C;INDETERMINE;INDETERMINE;2.0;6.0;13955.0;Tertiaire & Autres;Tertiaire;"[""COMMUNE DE ROSNY-SOUS-BOIS""]"
0930620U;XFG522J9P7NF;Collège Léon Jouhaux;093;collège;COLLEGE;Livry-Gargan;1965-05-01;bdnb-bc-MZJV-95A5-MVZW;bdnb-bg-G5GY-S834-VK62;93;1337.0;9.3;Livry-Gargan;;;;;;;;9.0;4970.0;;Tertiaire;
0930620U;ABEZEV9JJXSK;Collège Léon Jouhaux;093;collège;COLLEGE;Livry-Gargan;1965-05-01;bdnb-bc-R7CY-SH18-JX44;bdnb-bg-G5GY-S834-VK62;93;524.0;13.8;Livry-Gargan;;;;;;;;9.0;4970.0;;Tertiaire;
0930620U;DAZFFX94CT6G;Collège Léon Jouhaux;093;collège;COLLEGE;Livry-Gargan;1965-05-01;bdnb-bc-ZFFG-8K3H-WQ65;bdnb-bg-G5GY-S834-VK62;93;72.0;2.9;Livry-Gargan;;;;;;;;9.0;4970.0;;Tertiaire;
0930620U;P3GQPP1K1GD2;Collège Léon Jouhaux;093;collège;COLLEGE;Livry-Gargan;1965-05-01;bdnb-bc-HNYY-7FC1-JQ45;bdnb-bg-G5GY-S834-VK62;93;871.0;12.8;Livry-Gargan;;;;;;;;9.0;4970.0;;Tertiaire;
0930620U;9MMC9XCHPHD1;Collège Léon Jouhaux;093;collège;COLLEGE;Livry-Gargan;1965-05-01;bdnb-bc-MPGS-5NBE-3G34;bdnb-bg-G5GY-S834-VK62;93;933.0;3.5;Livry-Gargan;;;;;;;;9.0;4970.0;;Tertiaire;
0930620U;2MNCGAWB6S87;Collège Léon Jouhaux;093;collège;COLLEGE;Livry-Gargan;1965-05-01;bdnb-bc-WB3H-RDVQ-X1H6;bdnb-bg-G5GY-S834-VK62;93;353.0;2.7;Livry-Gargan;;;;;;;;9.0;4970.0;;Tertiaire;
0930629D;KPR5TDFZ6S2F;Collège Jean-Baptiste Corot;093;collège;COLLEGE;Le Raincy;1965-05-01;bdnb-bc-FH4W-6M1Z-ZCB5;bdnb-bg-ATSG-QFNP-U4CR;93;1720.0;16.5;Le Raincy;;;;;;;;8.0;2425.0;;Tertiaire;
0930637M;5A4M9N5ZB7BT;Ecole élémentaire Louis  Pasteur;093;école;ECOLE DE NIVEAU ELEMENTAIRE;Gagny;1965-05-01;bdnb-bc-2H4B-M9NN-275L;bdnb-bg-4MG6-WMWS-ZKD5;93;2560.0;18.0;Gagny;1930.0;;;;AGGLOMERE - BRIQUES;TUILES;3.0;9.0;3387.0;Résidentiel collectif;Tertiaire;"[""COMMUNE DE GAGNY""]"
0930641S;SA28JGH2DM94;Ecole élémentaire Marius Morin;093;école;ECOLE DE NIVEAU ELEMENTAIRE;Gagny;1965-05-01;bdnb-bc-BDEY-BRLY-HGA4;bdnb-bg-ZFUG-7BUN-J9D9;93;95.0;9.2;Gagny;2004.0;;;;AGGLOMERE;TUILES;2.0;9.0;95.0;Résidentiel individuel;Résidentiel individuel;
0930644V;JXQ5HYEVEYWX;Ecole élémentaire Les Pâquerettes;093;école;ECOLE DE NIVEAU ELEMENTAIRE;Gournay-sur-Marne;1965-05-01;bdnb-bc-W4RS-Z1W2-66KZ;bdnb-bg-6X5Q-A7XG-5Q68;93;619.0;13.6;Gournay-sur-Marne;2012.0;;C;;INDETERMINE;INDETERMINE;4.0;9.0;635.0;Résidentiel collectif;Résidentiel collectif;"[""FRC"", ""SEQENS SOCIETE ANONYME D'HABITATIONS A LOYER MODERE""]"
0930648Z;GJ7ZYVA4S4C5;Ecole élémentaire Jean Jaurès;093;école;ECOLE DE NIVEAU ELEMENTAIRE;Neuilly-sur-Marne;1965-05-01;bdnb-bc-E7VK-Y2UK-GZ4L;bdnb-bg-BBZ1-5Y1P-X2XJ;93;874.0;3.8;Neuilly-sur-Marne;1930.0;;;;BRIQUES;TUILES;1.0;5.0;1390.0;Tertiaire & Autres;Tertiaire;"[""COMMUNE DE NEUILLY S-MARNE""]"
0930648Z;BFSGJ2HZB5EF;Ecole élémentaire Jean Jaurès;093;école;ECOLE DE NIVEAU ELEMENTAIRE;Neuilly-sur-Marne;1965-05-01;bdnb-bc-RFNF-DQUU-YV9Y;bdnb-bg-BBZ1-5Y1P-X2XJ;93;93.0;3.2;Neuilly-sur-Marne;1930.0;;;;BRIQUES;TUILES;1.0;5.0;1390.0;Tertiaire & Autres;Tertiaire;"[""COMMUNE DE NEUILLY S-MARNE""]"
0930648Z;914CA3XAV72D;Ecole élémentaire Jean Jaurès;093;école;ECOLE DE NIVEAU ELEMENTAIRE;Neuilly-sur-Marne;1965-05-01;bdnb-bc-VR4K-PRJX-SDYU;bdnb-bg-BBZ1-5Y1P-X2XJ;93;379.0;10.3;Neuilly-sur-Marne;1930.0;;;;BRIQUES;TUILES;1.0;5.0;1390.0;Tertiaire & Autres;Tertiaire;"[""COMMUNE DE NEUILLY S-MARNE""]"
0930648Z;CNS7JVSEH72B;Ecole élémentaire Jean Jaurès;093;école;ECOLE DE NIVEAU ELEMENTAIRE;Neuilly-sur-Marne;1965-05-01;bdnb-bc-KH39-MTFL-9FST;bdnb-bg-BBZ1-5Y1P-X2XJ;93;25.0;3.0;Neuilly-sur-Marne;1930.0;;;;BRIQUES;TUILES;1.0;5.0;1390.0;Tertiaire & Autres;Tertiaire;"[""COMMUNE DE NEUILLY S-MARNE""]"
0930698D;4HKGDJKEVGEY;Ecole élémentaire Jean Jaurès;093;école;ECOLE DE NIVEAU ELEMENTAIRE;Livry-Gargan;1965-05-01;bdnb-bc-CD83-AJWB-8CF1;bdnb-bg-KC6F-F1PU-MMBL;93;843.0;7.7;Livry-Gargan;2003.0;;;;INDETERMINE;INDETERMINE;1.0;7.0;2090.0;Tertiaire & Autres;Tertiaire;"[""COMMUNE DE LIVRY GARGAN""]"
0930706M;JZQ5PXR52PQM;Ecole élémentaire Jules Ferry;093;école;ECOLE DE NIVEAU ELEMENTAIRE;Vaujours;1965-05-01;bdnb-bc-7TZM-ZZUS-CUHX;bdnb-bg-1S3V-DBAA-YT8T;93;257.0;8.3;Vaujours;;;;;;;;7.0;1431.0;;Tertiaire;
0930706M;57AS6A2RNKQF;Ecole élémentaire Jules Ferry;093;école;ECOLE DE NIVEAU ELEMENTAIRE;Vaujours;1965-05-01;bdnb-bc-NSGV-5MFP-5Z44;bdnb-bg-1S3V-DBAA-YT8T;93;429.0;8.3;Vaujours;;;;;;;;7.0;1431.0;;Tertiaire;
0930706M;MET1SP5W99RY;Ecole élémentaire Jules Ferry;093;école;ECOLE DE NIVEAU ELEMENTAIRE;Vaujours;1965-05-01;bdnb-bc-Z9AP-GEUH-Y7K2;bdnb-bg-2KF2-MH8X-PM1Z;93;233.0;5.0;Vaujours;1961.0;;;;AGGLOMERE - BRIQUES;TUILES;2.0;;233.0;Résidentiel collectif;Tertiaire;"[""COMMUNE DE VAUJOURS""]"
0930706M;EKHRGWP178WQ;Ecole élémentaire Jules Ferry;093;école;ECOLE DE NIVEAU ELEMENTAIRE;Vaujours;1965-05-01;bdnb-bc-ZE38-LFSS-TDWG;bdnb-bg-1S3V-DBAA-YT8T;93;449.0;7.9;Vaujours;;;;;;;;7.0;1431.0;;Tertiaire;
0930706M;AJSJGR354AT1;Ecole élémentaire Jules Ferry;093;école;ECOLE DE NIVEAU ELEMENTAIRE;Vaujours;1965-05-01;bdnb-bc-69XR-CV36-BVS8;bdnb-bg-1S3V-DBAA-YT8T;93;215.0;6.9;Vaujours;;;;;;;;7.0;1431.0;;Tertiaire;
0930706M;WMM784Z1TQS7;Ecole élémentaire Jules Ferry;093;école;ECOLE DE NIVEAU ELEMENTAIRE;Vaujours;1965-05-01;bdnb-bc-Z2QG-D2Y2-HMEU;bdnb-bg-CRMD-R2LV-1Q31;93;1958.0;5.9;Vaujours;;;;;;;;6.0;1958.0;;Tertiaire;
0930706M;MKK6SW7CXEGH;Ecole élémentaire Jules Ferry;093;école;ECOLE DE NIVEAU ELEMENTAIRE;Vaujours;1965-05-01;bdnb-bc-NQHM-8CPN-5XMF;bdnb-bg-1S3V-DBAA-YT8T;93;82.0;5.6;Vaujours;;;;;;;;7.0;1431.0;;Tertiaire;
0930720C;2FE72MSH1RW4;Ecole élémentaire Eugène Varlin;093;école;ECOLE DE NIVEAU ELEMENTAIRE;Tremblay-en-France;1965-05-01;bdnb-bc-268F-BC8M-C8E8;bdnb-bg-E3HM-1UKP-8L6Z;93;435.0;4.1;Tremblay-en-France;1958.0;;;;AGGLOMERE;INDETERMINE;2.0;8.0;2186.0;Résidentiel collectif;Tertiaire;"[""COMMUNE DE TREMBLAY EN FRANCE""]"
0930725H;6BHSQQKGR4SC;Ecole élémentaire Marie Curie;093;école;ECOLE DE NIVEAU ELEMENTAIRE;Tremblay-en-France;1965-05-01;bdnb-bc-8CZU-9K6D-NEQC;bdnb-bg-13YT-KW6N-HSMM;93;731.0;6.7;Tremblay-en-France;1958.0;;;;BRIQUES;TUILES;2.0;7.0;2724.0;Résidentiel collectif;Tertiaire;"[""COMMUNE DE TREMBLAY EN FRANCE""]"
0930725H;MTGTKHSWT727;Ecole élémentaire Marie Curie;093;école;ECOLE DE NIVEAU ELEMENTAIRE;Tremblay-en-France;1965-05-01;bdnb-bc-Y4FF-52NY-K611;bdnb-bg-P1TC-B8NY-13ZD;93;248.0;6.7;Tremblay-en-France;;;;;;;;7.0;533.0;;Tertiaire;
0930767D;GKW82N9P63BX;Ecole maternelle Victor Hugo;093;école;ECOLE MATERNELLE;Villepinte;1965-05-01;bdnb-bc-J5DU-HQER-Y28A;bdnb-bg-Z58E-BSQC-EC3P;93;776.0;3.7;Villepinte;;;;;;;;9.0;935.0;;Tertiaire;
0930782V;M65B1WTC25K8;Ecole maternelle Victor Hugo;093;école;ECOLE MATERNELLE;Le Blanc-Mesnil;1965-05-01;bdnb-bc-EEWQ-4GJ2-9AFA;bdnb-bg-6HAF-WXXF-17QE;93;205.0;11.3;Le Blanc-Mesnil;1954.0;;F;;BETON;BETON;3.0;7.0;3204.0;Tertiaire & Autres;Tertiaire;"[""COMMUNE DE DUGNY""]"
0930785Y;DPX9SC3XBXHT;Ecole maternelle Jacques Decour;093;école;ECOLE MATERNELLE;Le Blanc-Mesnil;1965-05-01;bdnb-bc-4C7S-XKU7-355Z;bdnb-bg-3PUZ-JZ5E-ZWEV;93;734.0;5.8;Le Blanc-Mesnil;1962.0;;;;AGGLOMERE;INDETERMINE;1.0;6.0;734.0;Résidentiel individuel;Tertiaire;"[""COMMUNE DE DUGNY""]"
0930799N;5HHXTMJNR7BK;Ecole maternelle Thiers;093;école;ECOLE MATERNELLE;Le Raincy;1965-05-01;bdnb-bc-BQBP-4X3L-V11Y;bdnb-bg-BHZX-PS2D-82M4;93;1114.0;4.0;Le Raincy;;;;;;;;6.0;2813.0;;Tertiaire;
0930802S;S99MBRXDZXFP;Ecole maternelle Paul Langevin;093;école;ECOLE MATERNELLE;Clichy-sous-Bois;1965-05-01;bdnb-bc-HQA4-YZBD-VU3M;bdnb-bg-818J-9JTD-JDQQ;93;768.0;3.2;Clichy-sous-Bois;;;;;;;;7.0;6931.0;;Tertiaire;
0930809Z;Q1KM8996BEAW;Ecole maternelle Joliot-Curie;093;école;ECOLE MATERNELLE;Montfermeil;1965-05-01;bdnb-bc-5TQM-1R24-FGQ8;bdnb-bg-S7A7-2PR7-YNKW;93;279.0;3.2;Montfermeil;1956.0;1974.0;;C;BETON;TUILES;2.0;5.0;911.0;Résidentiel individuel;Tertiaire;"[""COMMUNE DE MONTFERMEIL""]"
0930810A;YX6P92WFTX6J;Ecole maternelle Jean de La Fontaine;093;école;ECOLE MATERNELLE;Vaujours;1965-05-01;bdnb-bc-7J8M-8DRW-6M9R;bdnb-bg-1DZB-PA5X-RHZ9;93;317.0;7.3;Vaujours;2003.0;;;;BETON;INDETERMINE;2.0;9.0;532.0;Tertiaire & Autres;Tertiaire;"[""COMMUNE DE VAUJOURS""]"
0930810A;Y7NZPPSJ8DZH;Ecole maternelle Jean de La Fontaine;093;école;ECOLE MATERNELLE;Vaujours;1965-05-01;bdnb-bc-EZTY-BY9C-Z362;bdnb-bg-1DZB-PA5X-RHZ9;93;82.0;9.2;Vaujours;2003.0;;;;BETON;INDETERMINE;2.0;9.0;532.0;Tertiaire & Autres;Tertiaire;"[""COMMUNE DE VAUJOURS""]"
0930810A;RTHC1QME5R38;Ecole maternelle Jean de La Fontaine;093;école;ECOLE MATERNELLE;Vaujours;1965-05-01;bdnb-bc-3AD3-5EQW-Y2NP;bdnb-bg-1DZB-PA5X-RHZ9;93;100.0;9.4;Vaujours;2003.0;;;;BETON;INDETERMINE;2.0;9.0;532.0;Tertiaire & Autres;Tertiaire;"[""COMMUNE DE VAUJOURS""]"
0930810A;8Q197KF3C9CP;Ecole maternelle Jean de La Fontaine;093;école;ECOLE MATERNELLE;Vaujours;1965-05-01;bdnb-bc-PGKU-5314-UDKX;bdnb-bg-9WC5-8Z4Z-TZE2;93;632.0;5.5;Vaujours;1920.0;1947.0;;;BRIQUES - PIERRE;TUILES;2.0;8.0;1516.0;Résidentiel individuel;Tertiaire;"[""COMMUNE DE VAUJOURS""]"
0930810A;ET6X8PE4YT2J;Ecole maternelle Jean de La Fontaine;093;école;ECOLE MATERNELLE;Vaujours;1965-05-01;bdnb-bc-YBS7-PA3H-74HD;bdnb-bg-9WC5-8Z4Z-TZE2;93;223.0;5.3;Vaujours;1920.0;1947.0;;;BRIQUES - PIERRE;TUILES;2.0;8.0;1516.0;Résidentiel individuel;Tertiaire;"[""COMMUNE DE VAUJOURS""]"
0930810A;81773ABZWDJY;Ecole maternelle Jean de La Fontaine;093;école;ECOLE MATERNELLE;Vaujours;1965-05-01;bdnb-bc-BN8H-RASE-L1SQ;bdnb-bg-9WC5-8Z4Z-TZE2;93;418.0;11.5;Vaujours;1920.0;1947.0;;;BRIQUES - PIERRE;TUILES;2.0;8.0;1516.0;Résidentiel individuel;Tertiaire;"[""COMMUNE DE VAUJOURS""]"
0930810A;JQ339T67YZ4V;Ecole maternelle Jean de La Fontaine;093;école;ECOLE MATERNELLE;Vaujours;1965-05-01;bdnb-bc-NSS4-7GGP-M2CB;bdnb-bg-9WC5-8Z4Z-TZE2;93;139.0;11.2;Vaujours;1920.0;1947.0;;;BRIQUES - PIERRE;TUILES;2.0;8.0;1516.0;Résidentiel individuel;Tertiaire;"[""COMMUNE DE VAUJOURS""]"
0930811B;ZBVRYPMNY338;Ecole maternelle Coteaux;093;école;ECOLE MATERNELLE;Noisy-le-Grand;1965-05-01;bdnb-bc-JKXH-P4RA-2PGQ;bdnb-bg-2JTK-C3LL-5398;93;716.0;2.0;Noisy-le-Grand;;;;;;;;7.0;1512.0;;Tertiaire;
0930811B;GW995P7Q3QX5;Ecole maternelle Coteaux;093;école;ECOLE MATERNELLE;Noisy-le-Grand;1965-05-01;bdnb-bc-X8B8-AHZN-NN91;bdnb-bg-2JTK-C3LL-5398;93;81.0;4.5;Noisy-le-Grand;;;;;;;;7.0;1512.0;;Tertiaire;
0930816G;5SCAP27VKZZY;Ecole maternelle Jules Ferry;093;école;ECOLE MATERNELLE;Gagny;1965-05-01;bdnb-bc-P24R-869B-6Q48;bdnb-bg-UT59-H8RL-BRP9;93;145.0;3.8;Gagny;1957.0;;;;BETON - BRIQUES;ZINC ALUMINIUM;2.0;7.0;3685.0;Résidentiel collectif;Tertiaire;"[""COMMUNE DE GAGNY""]"
0930821M;RWDRQZ7R8NJ3;Ecole maternelle Louis Amiard;093;école;ECOLE MATERNELLE;Neuilly-sur-Marne;1965-05-01;bdnb-bc-Z23Z-7X6D-VJUC;bdnb-bg-HWDL-E3L9-CX92;93;2582.0;5.4;Neuilly-sur-Marne;;;G;C;INDETERMINE;INDETERMINE;4.0;5.0;6620.0;Tertiaire & Autres;Tertiaire;"[""COMMUNE DE NEUILLY S-MARNE"", ""DEPARTEMENT DE LA SEINE SAINT DENIS""]"
0930824R;QHG6CQZJM5BF;Ecole maternelle Victor Hugo;093;école;ECOLE MATERNELLE;Neuilly-Plaisance;1965-05-01;bdnb-bc-LFV5-MB5D-WC6M;bdnb-bg-GQQ4-CMH9-P423;93;126.0;2.8;Neuilly-Plaisance;1900.0;1948.0;E;;INDETERMINE;INDETERMINE;2.0;4.0;1009.0;Tertiaire & Autres;Tertiaire;"[""COMMUNE DE NEUILLY PLAISANCE""]"
0930824R;ZP5XG5RM3H37;Ecole maternelle Victor Hugo;093;école;ECOLE MATERNELLE;Neuilly-Plaisance;1965-05-01;bdnb-bc-RXJW-279J-MQSW;bdnb-bg-GQQ4-CMH9-P423;93;66.0;1.9;Neuilly-Plaisance;1900.0;1948.0;E;;INDETERMINE;INDETERMINE;2.0;4.0;1009.0;Tertiaire & Autres;Tertiaire;"[""COMMUNE DE NEUILLY PLAISANCE""]"
0930824R;84RXFF315E6K;Ecole maternelle Victor Hugo;093;école;ECOLE MATERNELLE;Neuilly-Plaisance;1965-05-01;bdnb-bc-P4T4-VLMV-Y4C9;bdnb-bg-GQQ4-CMH9-P423;93;295.0;5.9;Neuilly-Plaisance;1900.0;1948.0;E;;INDETERMINE;INDETERMINE;2.0;4.0;1009.0;Tertiaire & Autres;Tertiaire;"[""COMMUNE DE NEUILLY PLAISANCE""]"
0930824R;96BAK54PDBDS;Ecole maternelle Victor Hugo;093;école;ECOLE MATERNELLE;Neuilly-Plaisance;1965-05-01;bdnb-bc-KBPK-D4NW-PVYN;bdnb-bg-GQQ4-CMH9-P423;93;423.0;3.6;Neuilly-Plaisance;1900.0;1948.0;E;;INDETERMINE;INDETERMINE;2.0;4.0;1009.0;Tertiaire & Autres;Tertiaire;"[""COMMUNE DE NEUILLY PLAISANCE""]"
0930824R;WVBZ1WGX1WD1;Ecole maternelle Victor Hugo;093;école;ECOLE MATERNELLE;Neuilly-Plaisance;1965-05-01;bdnb-bc-94S4-E7QP-9V96;bdnb-bg-GQQ4-CMH9-P423;93;98.0;6.3;Neuilly-Plaisance;1900.0;1948.0;E;;INDETERMINE;INDETERMINE;2.0;4.0;1009.0;Tertiaire & Autres;Tertiaire;"[""COMMUNE DE NEUILLY PLAISANCE""]"
0930824R;MMPZA7ZSDA9F;Ecole maternelle Victor Hugo;093;école;ECOLE MATERNELLE;Neuilly-Plaisance;1965-05-01;bdnb-bc-18XW-LW1K-KHJU;bdnb-bg-KJQM-XC58-GLDE;93;434.0;13.9;Neuilly-Plaisance;;;;;;;;8.0;504.0;;Tertiaire;
0930824R;FTK9AQDD5KCV;Ecole maternelle Victor Hugo;093;école;ECOLE MATERNELLE;Neuilly-Plaisance;1965-05-01;bdnb-bc-W999-VARR-9U5N;bdnb-bg-KJQM-XC58-GLDE;93;37.0;2.8;Neuilly-Plaisance;;;;;;;;8.0;504.0;;Tertiaire;
0930830X;HKGD51QZ3EH5;Lycée général et technologique Albert Schweitzer;093;lycée;LYCEE ENSEIGNT GENERAL ET TECHNOLOGIQUE;Le Raincy;1956-10-01;bdnb-bc-SVB3-D43H-HZWS;bdnb-bg-B4WV-YRP2-SJNT;93;6021.0;18.8;Le Raincy;;;;;;;;19.0;6021.0;;Tertiaire;
0930830X;B5VNT5AWQPWR;Lycée général et technologique Albert Schweitzer;093;lycée;LYCEE ENSEIGNT GENERAL ET TECHNOLOGIQUE;Le Raincy;1956-10-01;bdnb-bc-WV8K-P3F7-BX2M;bdnb-bg-E2EZ-1X5D-F377;93;99.0;8.5;Le Raincy;1956.0;;;;BETON - PIERRE;ZINC ALUMINIUM;2.0;8.0;814.0;Résidentiel collectif;Tertiaire;"[""REGION ILE DE FRANCE""]"
0930830X;ZCRMBV7ABGPC;Lycée général et technologique Albert Schweitzer;093;lycée;LYCEE ENSEIGNT GENERAL ET TECHNOLOGIQUE;Le Raincy;1956-10-01;bdnb-bc-XX1B-8CAL-K1LW;bdnb-bg-E2EZ-1X5D-F377;93;715.0;8.4;Le Raincy;1956.0;;;;BETON - PIERRE;ZINC ALUMINIUM;2.0;8.0;814.0;Résidentiel collectif;Tertiaire;"[""REGION ILE DE FRANCE""]"
0930830X;3CDWJDSM4T39;Lycée général et technologique Albert Schweitzer;093;lycée;LYCEE ENSEIGNT GENERAL ET TECHNOLOGIQUE;Le Raincy;1956-10-01;bdnb-bc-43MX-KC8Y-E3X2;bdnb-bg-79WW-WQFN-UVMZ;93;185.0;3.5;Le Raincy;1956.0;;;;BETON - PIERRE;ZINC ALUMINIUM;2.0;4.0;185.0;Résidentiel individuel;Tertiaire;"[""REGION ILE DE FRANCE""]"
0930830X;HN6Q366GMGFV;Lycée général et technologique Albert Schweitzer;093;lycée;LYCEE ENSEIGNT GENERAL ET TECHNOLOGIQUE;Le Raincy;1956-10-01;bdnb-bc-YHAU-571U-HUPJ;bdnb-bg-P2JC-7DRT-NSDA;93;340.0;2.6;Le Raincy;1956.0;;;;BETON - PIERRE;ZINC ALUMINIUM;1.0;3.0;340.0;Résidentiel collectif;Tertiaire;"[""REGION ILE DE FRANCE""]"
0930830X;HHB6TC9NJ4N2;Lycée général et technologique Albert Schweitzer;093;lycée;LYCEE ENSEIGNT GENERAL ET TECHNOLOGIQUE;Le Raincy;1956-10-01;bdnb-bc-534V-B9UN-WE32;bdnb-bg-VUKC-DUYB-M2TT;93;1221.0;7.4;Le Raincy;;;;;INDETERMINE;INDETERMINE;2.0;7.0;1221.0;Résidentiel collectif;Tertiaire;"[""REGION ILE DE FRANCE""]"
0930863H;23RX6XPEWT3C;Maison de la Légion d'Honneur de Saint-Denis;093;lycée;LYCEE D ENSEIGNEMENT GENERAL;Saint-Denis;1967-08-23;bdnb-bc-H1CW-CF83-D9UG;bdnb-bg-FN23-YD3B-2R2E;93;799.0;2.9;Saint-Denis;1991.0;;;;MEULIERE;ARDOISES;4.0;11.0;19844.0;Tertiaire & Autres;Tertiaire;"[""MAISON D'EDUCATION DE LA LEGION D'HONNEUR""]"
0930869P;JZFY4GKXQ4WY;Ecole élémentaire Jules Vallès;093;école;ECOLE DE NIVEAU ELEMENTAIRE;Aubervilliers;1967-10-13;bdnb-bc-6ZK8-55W6-5MYP;bdnb-bg-BDPJ-NEQL-4VH1;93;3103.0;7.7;Aubervilliers;;;;;;;;8.0;3103.0;;Tertiaire;
0930878Z;GAP7PM35FHPJ;Ecole maternelle Jean Jaurès;093;école;ECOLE MATERNELLE;Clichy-sous-Bois;1967-10-13;bdnb-bc-LLR8-J3NK-UCYR;bdnb-bg-VKUS-2NBS-Y6P7;93;635.0;5.5;Clichy-sous-Bois;;;;;;;;9.0;1041.0;;Tertiaire;
0930879A;A9ZQMZ7T3YMT;Ecole élémentaire  Jean Jaurès 1;093;école;ECOLE DE NIVEAU ELEMENTAIRE;Clichy-sous-Bois;1967-10-13;bdnb-bc-5Y1L-57SM-XG8F;bdnb-bg-9DGG-UF51-PPNR;93;924.0;14.2;Clichy-sous-Bois;1972.0;;E;;AGGLOMERE;BETON;5.0;14.0;924.0;Résidentiel collectif;Tertiaire;"[""COMMUNE DE CLICHY-SOUS-BOIS""]"
0930881C;67M2S8GCNXWJ;Ecole primaire Paul Vaillant-Couturier 2;093;école;ECOLE DE NIVEAU ELEMENTAIRE;Clichy-sous-Bois;1967-10-13;bdnb-bc-LZCG-ME26-BXN7;bdnb-bg-818J-9JTD-JDQQ;93;1226.0;12.0;Clichy-sous-Bois;;;;;;;;7.0;6931.0;;Tertiaire;
0931058V;EY1B6JHF2HHC;Ecole maternelle Paul Eluard;093;école;ECOLE MATERNELLE;Montfermeil;1969-03-18;bdnb-bc-UH88-ZTKT-A5GN;bdnb-bg-EAUS-ARS9-FK52;93;904.0;10.0;Montfermeil;1994.0;;;D;AUTRES;INDETERMINE;2.0;10.0;904.0;Tertiaire & Autres;Tertiaire;"[""COMMUNE DE MONTFERMEIL""]"
0931064B;149DY5GWM9HY;Ecole maternelle Marceau;093;école;ECOLE MATERNELLE;Montreuil;1969-03-18;;;;;;;;;;;;;;;;;;
0931067E;QQRWH4QX9MAP;Ecole maternelle Paul Valéry;093;école;ECOLE MATERNELLE;Neuilly-sur-Marne;1970-06-09;bdnb-bc-F7ZD-PT2V-2WZ7;bdnb-bg-RVC9-MM2U-QDQ3;93;679.0;1.9;Neuilly-sur-Marne;2010.0;2019.0;B;;INDETERMINE;INDETERMINE;4.0;6.0;18889.0;Tertiaire & Autres;Tertiaire;"[""COMMUNE DE NEUILLY S-MARNE"", ""ORANGE""]"
0931228E;KMTJJ96KYVRW;Collège Albert Camus;093;collège;COLLEGE;Neuilly-sur-Marne;1970-03-27;bdnb-bc-RSJE-EC96-7USM;bdnb-bg-HWDL-E3L9-CX92;93;1540.0;7.2;Neuilly-sur-Marne;;;G;C;INDETERMINE;INDETERMINE;4.0;5.0;6620.0;Tertiaire & Autres;Tertiaire;"[""COMMUNE DE NEUILLY S-MARNE"", ""DEPARTEMENT DE LA SEINE SAINT DENIS""]"
0931228E;DJEZQ61R1TJF;Collège Albert Camus;093;collège;COLLEGE;Neuilly-sur-Marne;1970-03-27;bdnb-bc-F3EP-LRBS-KNDH;bdnb-bg-HWDL-E3L9-CX92;93;146.0;2.9;Neuilly-sur-Marne;;;G;C;INDETERMINE;INDETERMINE;4.0;5.0;6620.0;Tertiaire & Autres;Tertiaire;"[""COMMUNE DE NEUILLY S-MARNE"", ""DEPARTEMENT DE LA SEINE SAINT DENIS""]"
0931228E;AJEY2PB2GC1J;Collège Albert Camus;093;collège;COLLEGE;Neuilly-sur-Marne;1970-03-27;bdnb-bc-LGQP-S6X7-QMKY;bdnb-bg-HWDL-E3L9-CX92;93;73.0;1.9;Neuilly-sur-Marne;;;G;C;INDETERMINE;INDETERMINE;4.0;5.0;6620.0;Tertiaire & Autres;Tertiaire;"[""COMMUNE DE NEUILLY S-MARNE"", ""DEPARTEMENT DE LA SEINE SAINT DENIS""]"
0931294B;RWDRQZ7R8NJ3;Ecole élémentaire Louis Amiard;093;école;ECOLE DE NIVEAU ELEMENTAIRE;Neuilly-sur-Marne;1970-05-08;bdnb-bc-Z23Z-7X6D-VJUC;bdnb-bg-HWDL-E3L9-CX92;93;2582.0;5.4;Neuilly-sur-Marne;;;G;C;INDETERMINE;INDETERMINE;4.0;5.0;6620.0;Tertiaire & Autres;Tertiaire;"[""COMMUNE DE NEUILLY S-MARNE"", ""DEPARTEMENT DE LA SEINE SAINT DENIS""]"
0931299G;9TM87FDQCHZ4;Ecole élémentaire Joliot-Curie;093;école;ECOLE DE NIVEAU ELEMENTAIRE;Pantin;1970-05-08;bdnb-bc-7SCM-1RQ2-BBRD;bdnb-bg-5YBN-19WM-VHDU;93;79.0;7.6;Pantin;1965.0;;;C;BETON;BETON;4.0;10.0;6197.0;Résidentiel collectif;Tertiaire;"[""COMMUNE DE PANTIN""]"
0931299G;J2VDMWAZVEV6;Ecole élémentaire Joliot-Curie;093;école;ECOLE DE NIVEAU ELEMENTAIRE;Pantin;1970-05-08;bdnb-bc-8BX4-P1BR-GUPB;bdnb-bg-5YBN-19WM-VHDU;93;229.0;8.2;Pantin;1965.0;;;C;BETON;BETON;4.0;10.0;6197.0;Résidentiel collectif;Tertiaire;"[""COMMUNE DE PANTIN""]"
0931299G;NPRX29GWBKDD;Ecole élémentaire Joliot-Curie;093;école;ECOLE DE NIVEAU ELEMENTAIRE;Pantin;1970-05-08;bdnb-bc-WLWS-9RS4-JH1F;bdnb-bg-5YBN-19WM-VHDU;93;774.0;9.6;Pantin;1965.0;;;C;BETON;BETON;4.0;10.0;6197.0;Résidentiel collectif;Tertiaire;"[""COMMUNE DE PANTIN""]"
0931299G;1EAWR4NAKTCE;Ecole élémentaire Joliot-Curie;093;école;ECOLE DE NIVEAU ELEMENTAIRE;Pantin;1970-05-08;bdnb-bc-QRL7-2414-BQJS;bdnb-bg-5YBN-19WM-VHDU;93;46.0;7.7;Pantin;1965.0;;;C;BETON;BETON;4.0;10.0;6197.0;Résidentiel collectif;Tertiaire;"[""COMMUNE DE PANTIN""]"
0931299G;6RS16WFS4EH4;Ecole élémentaire Joliot-Curie;093;école;ECOLE DE NIVEAU ELEMENTAIRE;Pantin;1970-05-08;bdnb-bc-7RTT-B7PB-TNK9;bdnb-bg-5YBN-19WM-VHDU;93;46.0;7.8;Pantin;1965.0;;;C;BETON;BETON;4.0;10.0;6197.0;Résidentiel collectif;Tertiaire;"[""COMMUNE DE PANTIN""]"
0931299G;RCHTPXQRWEF6;Ecole élémentaire Joliot-Curie;093;école;ECOLE DE NIVEAU ELEMENTAIRE;Pantin;1970-05-08;bdnb-bc-7DLA-7Q5J-4MVX;bdnb-bg-5YBN-19WM-VHDU;93;106.0;9.6;Pantin;1965.0;;;C;BETON;BETON;4.0;10.0;6197.0;Résidentiel collectif;Tertiaire;"[""COMMUNE DE PANTIN""]"
0931299G;1PG6EQDSWKCS;Ecole élémentaire Joliot-Curie;093;école;ECOLE DE NIVEAU ELEMENTAIRE;Pantin;1970-05-08;bdnb-bc-QS4U-511L-5HFQ;bdnb-bg-5YBN-19WM-VHDU;93;26.0;8.1;Pantin;1965.0;;;C;BETON;BETON;4.0;10.0;6197.0;Résidentiel collectif;Tertiaire;"[""COMMUNE DE PANTIN""]"
0931299G;PJMTER5S2GBN;Ecole élémentaire Joliot-Curie;093;école;ECOLE DE NIVEAU ELEMENTAIRE;Pantin;1970-05-08;bdnb-bc-2H1C-8M7K-YKFX;bdnb-bg-5YBN-19WM-VHDU;93;49.0;8.1;Pantin;1965.0;;;C;BETON;BETON;4.0;10.0;6197.0;Résidentiel collectif;Tertiaire;"[""COMMUNE DE PANTIN""]"
0931299G;S9NX1KHBXAPT;Ecole élémentaire Joliot-Curie;093;école;ECOLE DE NIVEAU ELEMENTAIRE;Pantin;1970-05-08;bdnb-bc-DMD2-BLBX-71JX;bdnb-bg-5YBN-19WM-VHDU;93;42.0;9.6;Pantin;1965.0;;;C;BETON;BETON;4.0;10.0;6197.0;Résidentiel collectif;Tertiaire;"[""COMMUNE DE PANTIN""]"
0931300H;F7EGYB8THN82;Ecole élémentaire Jean Jaurès;093;école;ECOLE DE NIVEAU ELEMENTAIRE;Pantin;1970-05-08;bdnb-bc-FH11-WHDX-7W8F;bdnb-bg-7B97-XM6H-3XYK;93;721.0;7.0;Pantin;1960.0;;;C;AGGLOMERE - BETON;AUTRES;3.0;8.0;4838.0;Tertiaire & Autres;Tertiaire;"[""COMMUNE DE PANTIN""]"
0931300H;2VYF2GTTC2VW;Ecole élémentaire Jean Jaurès;093;école;ECOLE DE NIVEAU ELEMENTAIRE;Pantin;1970-05-08;bdnb-bc-VYJR-V74M-ZC6S;bdnb-bg-7B97-XM6H-3XYK;93;96.0;6.3;Pantin;1960.0;;;C;AGGLOMERE - BETON;AUTRES;3.0;8.0;4838.0;Tertiaire & Autres;Tertiaire;"[""COMMUNE DE PANTIN""]"
0931430Z;PR6QCJ1HEPY2;Lycée général et technologique Jacques Brel;093;lycée;LYCEE ENSEIGNT GENERAL ET TECHNOLOGIQUE;La Courneuve;1972-02-22;bdnb-bc-53F6-ZKP2-UA23;bdnb-bg-5H67-QKS3-XQ8X;93;116.0;4.7;La Courneuve;;;;;;;;5.0;324.0;;Tertiaire;
0931468R;8VTC9ZXB878J;Ecole élémentaire Auguste Rodin;093;école;ECOLE DE NIVEAU ELEMENTAIRE;Saint-Denis;1972-06-06;bdnb-bc-11TX-TJKK-W34U;bdnb-bg-S5J4-TRUM-VRR8;93;667.0;11.8;Saint-Denis;;;;;INDETERMINE;INDETERMINE;1.0;8.0;17815.0;Tertiaire & Autres;Tertiaire;"[""DEPARTEMENT DE LA SEINE SAINT DENIS"", ""PLAINE COMMUNE ENERGIE"", ""COMMUNE DE SAINT-DENIS""]"
0931490P;T1H4XTH9HXJ3;Collège la Courtille;093;collège;COLLEGE;Saint-Denis;1973-04-04;bdnb-bc-1JWA-B4J8-NUPK;bdnb-bg-AKRU-Y6GY-TD3S;93;116.0;5.0;Saint-Denis;1977.0;;;C;AUTRES;AUTRES;3.0;8.0;1954.0;Résidentiel collectif;Tertiaire;"[""DEPARTEMENT DE LA SEINE SAINT DENIS""]"
0931554J;M92FDDD6Z4SW;Ecole maternelle Croix Saint-Marc;093;école;ECOLE MATERNELLE;Aulnay-sous-Bois;1974-05-14;bdnb-bc-2AJ4-RE9V-FNP8;bdnb-bg-SYR1-U8NM-S4V6;93;1855.0;8.1;Aulnay-sous-Bois;2001.0;;C;C;INDETERMINE;INDETERMINE;2.0;6.0;21066.0;Tertiaire & Autres;Tertiaire;"[""COMMUNE DE SEVRAN"", ""DEPARTEMENT DE LA SEINE SAINT DENIS""]"
0931568Z;DSHC8PFMME1H;Ecole maternelle Jeanne Labourbe;093;école;ECOLE MATERNELLE;Tremblay-en-France;1974-10-21;bdnb-bc-K9L6-ZDNQ-PEVE;bdnb-bg-PB1B-N2GD-AQJB;93;891.0;4.7;Tremblay-en-France;;;;;;;;6.0;5088.0;;Tertiaire;
0931585T;2DMC2YR2STSJ;Lycée général et technologique André Boulloche;093;lycée;LYCEE ENSEIGNT GENERAL ET TECHNOLOGIQUE;Livry-Gargan;1975-07-16;bdnb-bc-1PSZ-37DU-152A;bdnb-bg-CT1J-S2F3-DT1F;93;218.0;13.1;Livry-Gargan;;;;;;;;13.0;1905.0;;Tertiaire;
0931591Z;Z6E6PGS5TSK3;Ecole élémentaire René Descartes;093;école;ECOLE DE NIVEAU ELEMENTAIRE;Saint-Denis;1975-09-02;bdnb-bc-9MR3-J3TB-RD9Z;bdnb-bg-S5J4-TRUM-VRR8;93;1776.0;4.9;Saint-Denis;;;;;INDETERMINE;INDETERMINE;1.0;8.0;17815.0;Tertiaire & Autres;Tertiaire;"[""DEPARTEMENT DE LA SEINE SAINT DENIS"", ""PLAINE COMMUNE ENERGIE"", ""COMMUNE DE SAINT-DENIS""]"
0931607S;XVTTR63GE53G;Collège Jean Jaurès;093;collège;COLLEGE;Villepinte;1976-02-24;bdnb-bc-TYVP-RJJF-VC3F;bdnb-bg-ZKUQ-GHBD-JGK4;93;182.0;6.5;Villepinte;;;;;;;;8.0;4049.0;;Tertiaire;
0931610V;1CY9B6CJDZ9E;Collège Jacques Prévert;093;collège;COLLEGE;Noisy-le-Sec;1976-02-24;bdnb-bc-NDK1-GLJB-Z2WZ;bdnb-bg-B1SL-61KJ-TZR8;93;2565.0;10.3;Noisy-le-Sec;1990.0;;;C;INDETERMINE;INDETERMINE;3.0;8.0;2960.0;Résidentiel collectif;Tertiaire;"[""COMMUNE DE NOISY LE SEC""]"
0931621G;1XFS379KV4KW;Ecole élémentaire Jean Mermoz;093;école;ECOLE DE NIVEAU ELEMENTAIRE;Le Bourget;1976-06-23;bdnb-bc-HECR-V2TH-DP3Q;bdnb-bg-9HNB-6E8N-Z1CZ;93;3768.0;3.4;Le Bourget;1986.0;;;;BETON;TUILES;1.0;3.0;5604.0;Résidentiel individuel;Tertiaire;"[""COMMUNE DU BOURGET""]"
0931626M;ST8VC75NQZFZ;Ecole élémentaire Voltaire;093;école;ECOLE DE NIVEAU ELEMENTAIRE;Sevran;1976-06-23;bdnb-bc-U3VF-WQG5-DA47;bdnb-bg-CS2E-7SCJ-G4E7;93;1919.0;4.7;Sevran;;;;C;;;;4.0;3685.0;;Tertiaire;
0931631T;JW9RWA75JEH3;Ecole maternelle Les Papillons;093;école;ECOLE MATERNELLE;Neuilly-sur-Marne;1976-06-22;bdnb-bc-AXP3-W9VP-WMRK;bdnb-bg-AU8D-BA56-3T4W;93;1067.0;2.8;Neuilly-sur-Marne;1993.0;;D;F;INDETERMINE;INDETERMINE;7.0;6.0;6506.0;Résidentiel collectif;Tertiaire;"[""COMMUNE DE NEUILLY S-MARNE"", ""ENEDIS""]"
0931632U;6HRGQ6QC5HYX;Ecole maternelle Abeilles;093;école;ECOLE MATERNELLE;Noisy-le-Grand;1976-06-22;bdnb-bc-P3UA-65M3-JPDH;bdnb-bg-HGV3-DB4X-GUKQ;93;1054.0;6.5;Noisy-le-Grand;1981.0;;D;C;INDETERMINE;INDETERMINE;5.0;5.0;18319.0;Tertiaire & Autres;Tertiaire;"[""COMMUNE DE NOISY LE GRAND"", ""REGION ILE DE FRANCE""]"
0931637Z;BCFTCV77Q4R8;Ecole maternelle Robert Desnos;093;école;ECOLE MATERNELLE;Tremblay-en-France;1976-06-22;bdnb-bc-6EPS-S8YZ-GZUJ;bdnb-bg-C15N-CL4K-S49Z;93;52.0;4.0;Tremblay-en-France;1993.0;;;;AUTRES;TUILES;2.0;4.0;2721.0;Tertiaire & Autres;Tertiaire;"[""COMMUNE DE TREMBLAY EN FRANCE""]"
0931641D;WJJZRC6KVFQT;Ecole maternelle Eugénie Cotton;093;école;ECOLE MATERNELLE;Pantin;1976-10-11;bdnb-bc-53RK-YBWX-RH8P;bdnb-bg-K1Q1-ARNG-SA8Z;93;667.0;4.4;Pantin;1976.0;1976.0;C;D;INDETERMINE;INDETERMINE;23.0;29.0;5876.0;Résidentiel collectif;Tertiaire;"[""PANTIN HABITAT  SOCIETE ANONYME COOPERATIVE D'INTERET COLLEC"", ""GROUP ETUDE GESTION RATION ENTRE PEINTUR"", ""FEDERATION FRANCAISE DE GENEALOGIE"", ""AESTIAM PLACEMENT PIERRE"", ""AIDES"", ""SAINT ELOI GESTION"", ""PLAN INTERNATIONAL FRANCE"", ""SCI SCANDICCI"", ""LA VOIX DE L'ENFANT"", ""SCI TRISOLAIRE"", ""RESADIA"", ""FINANCIERE WASSNER"", ""SYNDICAT DE L'ADMINISTRATION ET DE L'INTENDANCE UNSA"", ""ASS FEDERATION POUR GESTION DU LOOF"", ""ELLAUJE"", ""ASSET MANAGEMENT ET GESTION"", ""UNION FEDERALE AUTONOME PENITENTIAIRE"", ""LE GRAND BLEU"", ""SCANDICCI 1416"", ""SCI NOUNE PATRIMOINE"", ""SAR-CAG"", ""FONDATION GABRIEL PERI"", ""ALPHA DELTA IMMO"", ""KSK"", ""SCI WESTIZ"", ""BALATA"", ""MARKETIES"", ""100  HANDINAMIQUE POUR LA REUSSITE DES JEUNES HANDICAPES  10"", ""ARCH"", ""HSB PATRIMOINE"", ""FONCIA GENIEZ"", ""SCI RMLF"", ""L'ADAPT"", ""FEDERATION DES SERVICES CFDT"", ""FEDERATION FRANCAISE DE BOXE"", ""F N P C"", ""YC INVESTI"", ""S C I  OLAFRIS"", ""FSC4"", ""MOVGANG IMMOBILIER"", ""OLYMPE DE GOUGES"", ""ASSOR"", ""SCI MONTAGNE AU SOLEIL"", ""FEEL"", ""ESSOR 13 17"", ""SCI DEFJ2"", ""T Y  ASSOCIES"", ""LF2004"", ""OCAPIAT"", ""SCI SD FM SCANDICCI"", ""SCI A D A M A"", ""JOHK IMMO"", ""MBB"", ""BELLESSOR"", ""SCI XULIBRI"", ""2FW SAS"", ""SAINT CLOUD"", ""HESSOU IMMOBILIER"", ""SAIYANSIMMO"", ""FONDS NATIONAL D ASSURANCE FORMATION SALARIES ENTREPRISES AG"", ""FEDERATION SPORTIVE GYMNIQUE DU TRAVAIL"", ""SYNDICAT NATIONAL DE L'ENSEIGNEMENT CHRETIEN CFTC""]"
0931713G;R1ZY18ZWG76X;Collège Lavoisier;093;collège;COLLEGE;Pantin;1977-03-18;bdnb-bc-33WW-PY1G-3NUN;bdnb-bg-G2CH-SXFA-NMUG;93;2906.0;5.2;Pantin;1850.0;;;C;INDETERMINE;INDETERMINE;3.0;5.0;3444.0;Tertiaire & Autres;Tertiaire;"[""COMMUNE DE PANTIN""]"
0931723T;7R1G5CK9N6FP;Collège Langevin Wallon;093;collège;COLLEGE;Rosny-sous-Bois;1977-05-23;bdnb-bc-62QW-5JTC-8CZ8;bdnb-bg-VCQR-UJC9-H2SL;93;584.0;10.8;Rosny-sous-Bois;1978.0;;;B;BETON;BETON;3.0;9.0;3315.0;Tertiaire & Autres;Tertiaire;"[""COMMUNE DE ROSNY-SOUS-BOIS""]"
0931751Y;V4W7GSW2BK2T;Ecole maternelle Emile Zola;093;école;ECOLE MATERNELLE;Sevran;1978-09-01;bdnb-bc-6YUC-5REF-PKH5;bdnb-bg-X7P5-MBSR-64XY;93;1520.0;3.2;Sevran;;;;;;;;3.0;3676.0;;Tertiaire;
0931769T;MY21GQH8FJTP;Ecole maternelle Gavroche;093;école;ECOLE MATERNELLE;Noisy-le-Grand;1979-09-01;bdnb-bc-Z522-564Y-KM78;bdnb-bg-HGV3-DB4X-GUKQ;93;2694.0;2.7;Noisy-le-Grand;1981.0;;D;C;INDETERMINE;INDETERMINE;5.0;5.0;18319.0;Tertiaire & Autres;Tertiaire;"[""COMMUNE DE NOISY LE GRAND"", ""REGION ILE DE FRANCE""]"
0932034F;GM7XSQ1YVSFW;Lycée général et technologique Wolfgang Amadeus Mozart;093;lycée;LYCEE ENSEIGNT GENERAL ET TECHNOLOGIQUE;Le Blanc-Mesnil;1989-09-01;bdnb-bc-25T7-582C-WFJ1;bdnb-bg-54ND-BPD2-G5AZ;93;3885.0;10.0;Le Blanc-Mesnil;1992.0;;;C;INDETERMINE;INDETERMINE;1.0;10.0;3885.0;Résidentiel collectif;Tertiaire;"[""REGION ILE DE FRANCE""]"
0932047V;DZSWAR7AH8R1;Lycée polyvalent Evariste Galois - Lycée des métiers de l'audiovisuel;093;lycée;LYCEE POLYVALENT;Noisy-le-Grand;1992-09-01;bdnb-bc-VN4W-H7CW-R1KV;bdnb-bg-S588-AWFP-MHSL;93;125.0;10.9;Noisy-le-Grand;1992.0;;;;AUTRES;TUILES;1.0;11.0;125.0;Résidentiel individuel;Tertiaire;"[""REGION ILE DE FRANCE""]"
0932047V;7R49HN3N65HS;Lycée polyvalent Evariste Galois - Lycée des métiers de l'audiovisuel;093;lycée;LYCEE POLYVALENT;Noisy-le-Grand;1992-09-01;bdnb-bc-7LN7-P6BN-CJRX;bdnb-bg-7VB2-9RY5-752D;93;129.0;11.4;Noisy-le-Grand;;;;;INDETERMINE;INDETERMINE;1.0;11.0;129.0;Tertiaire & Autres;Tertiaire;"[""REGION ILE DE FRANCE""]"
0932047V;MPRRXTMATC6D;Lycée polyvalent Evariste Galois - Lycée des métiers de l'audiovisuel;093;lycée;LYCEE POLYVALENT;Noisy-le-Grand;1992-09-01;bdnb-bc-M9PG-NLUD-7SKP;bdnb-bg-YEA1-9AHA-D79C;93;183.0;3.7;Noisy-le-Grand;;;;;;;;8.0;352.0;;Tertiaire;
0932047V;AZ3TJ8BEGCVB;Lycée polyvalent Evariste Galois - Lycée des métiers de l'audiovisuel;093;lycée;LYCEE POLYVALENT;Noisy-le-Grand;1992-09-01;bdnb-bc-U9VX-4SS8-YTMD;bdnb-bg-TDT1-1QDY-N5AD;93;3867.0;15.1;Noisy-le-Grand;1992.0;;;;BETON;BETON;4.0;12.0;4045.0;Résidentiel collectif;Tertiaire;"[""REGION ILE DE FRANCE""]"
0932047V;DRC2THGRAEM5;Lycée polyvalent Evariste Galois - Lycée des métiers de l'audiovisuel;093;lycée;LYCEE POLYVALENT;Noisy-le-Grand;1992-09-01;bdnb-bc-Q134-TXPV-8XER;bdnb-bg-TDT1-1QDY-N5AD;93;178.0;8.1;Noisy-le-Grand;1992.0;;;;BETON;BETON;4.0;12.0;4045.0;Résidentiel collectif;Tertiaire;"[""REGION ILE DE FRANCE""]"
0932047V;CK1MR63NGJTG;Lycée polyvalent Evariste Galois - Lycée des métiers de l'audiovisuel;093;lycée;LYCEE POLYVALENT;Noisy-le-Grand;1992-09-01;bdnb-bc-MNEQ-JDC3-4DF8;bdnb-bg-YEA1-9AHA-D79C;93;169.0;12.6;Noisy-le-Grand;;;;;;;;8.0;352.0;;Tertiaire;
0932047V;K2M4WMRPRF54;Lycée polyvalent Evariste Galois - Lycée des métiers de l'audiovisuel;093;lycée;LYCEE POLYVALENT;Noisy-le-Grand;1992-09-01;bdnb-bc-DDRQ-GXLD-GH4E;bdnb-bg-JEG1-237A-K2Q9;93;475.0;5.0;Noisy-le-Grand;;;;;;;;;475.0;;Tertiaire;
0932048W;SXFWJ718E415;Lycée polyvalent Blaise Cendrars;093;lycée;LYCEE POLYVALENT;Sevran;1992-09-01;bdnb-bc-DXB5-DCK3-A8N5;bdnb-bg-RK9H-UZ96-FUHJ;93;5359.0;10.2;Sevran;;;;;AUTRES;TUILES;1.0;8.0;6168.0;Tertiaire & Autres;Tertiaire;"[""REGION ILE DE FRANCE""]"
0932070V;VCNNRB2JGT5Z;Ecole maternelle Moulin du Dos d'Ane;093;école;ECOLE MATERNELLE;Saint-Denis;1992-09-01;bdnb-bc-H5VK-WSFA-LWYN;bdnb-bg-KQPM-R16B-SML7;93;2481.0;12.1;Saint-Denis;1935.0;;;;INDETERMINE;INDETERMINE;2.0;12.0;3553.0;Tertiaire & Autres;Tertiaire;"[""COMMUNE DE SAINT-DENIS""]"
0932074Z;Q7PWSKX3YXAV;Lycée polyvalent Marcel Cachin;093;lycée;LYCEE POLYVALENT;Saint-Ouen-sur-Seine;1992-09-01;;;;;;;;;;;;;;;;;;
0932244J;6V7RT6CV4VMM;Ecole maternelle Brise Echalas;093;école;ECOLE MATERNELLE;Saint-Denis;1996-09-01;bdnb-bc-9XKJ-D4B6-TX7H;bdnb-bg-ATFX-H6PZ-4MPQ;93;1726.0;4.8;Saint-Denis;;;;;INDETERMINE;INDETERMINE;1.0;5.0;1812.0;Tertiaire & Autres;Tertiaire;"[""COMMUNE DE SAINT-DENIS""]"
0932261C;EYMP6P6979A7;Collège Joséphine Baker;093;collège;COLLEGE;Saint-Ouen-sur-Seine;1997-09-01;bdnb-bc-Z5FT-V51X-MVER;bdnb-bg-ZR5D-SGKX-Q5U8;93;3103.0;9.7;Saint-Ouen-sur-Seine;1900.0;;;;AUTRES;TUILES;2.0;8.0;3325.0;Résidentiel collectif;Tertiaire;"[""DEPARTEMENT DE LA SEINE SAINT DENIS""]"
0932263E;W3XS4EF8C2HS;Collège Camille Claudel;093;collège;COLLEGE;Villepinte;1997-09-01;bdnb-bc-6W8Q-GNDG-GFUB;bdnb-bg-TJ8W-43YX-XYKW;93;1605.0;2.2;Villepinte;;;;;;;;2.0;1605.0;;Tertiaire;
0932264F;1K8F1PGTKY2N;Ecole maternelle Marthe Tesson;093;école;ECOLE MATERNELLE;Bobigny;1997-05-09;bdnb-bc-UP8Q-G9VD-XFGC;bdnb-bg-C3D9-ADN3-F3ZU;93;3858.0;11.7;Bobigny;2020.0;;;;INDETERMINE;INDETERMINE;1.0;9.0;5803.0;Tertiaire & Autres;Tertiaire;"[""COMMUNE DE BOBIGNY"", ""DEPARTEMENT DE LA SEINE SAINT DENIS""]"
0932265G;VGKEGQCM413V;Ecole maternelle Alain Savary;093;école;ECOLE MATERNELLE;Bondy;1997-05-09;bdnb-bc-SLE4-KFQM-LB79;bdnb-bg-J88X-QWR7-G5ZC;93;3732.0;11.1;Bondy;2012.0;;;;BETON - BRIQUES;BETON;2.0;11.0;3732.0;Tertiaire & Autres;Tertiaire;"[""COMMUNE DE BONDY""]"
0932266H;HJYAPAT95VFP;Ecole maternelle Nelson Mandela;093;école;ECOLE MATERNELLE;Le Pré-Saint-Gervais;1997-05-09;bdnb-bc-BH43-53SP-R8G5;bdnb-bg-X8K3-FT57-5LDX;93;1032.0;17.2;Le Pré-Saint-Gervais;1996.0;1996.0;C;;INDETERMINE;INDETERMINE;6.0;7.0;1267.0;Résidentiel collectif;Tertiaire;"[""IN'LI""]"
0932291K;HNJEPC4DWYX5;Lycée polyvalent Nicolas-Joseph Cugnot  - Lycée des métiers de l'automobile et des engins motorisés;093;lycée;LYCEE POLYVALENT;Neuilly-sur-Marne;1998-09-01;bdnb-bc-DQBD-164F-VJPZ;bdnb-bg-9H6G-JXCN-SBY6;93;8118.0;10.2;Neuilly-sur-Marne;1980.0;;;;INDETERMINE;INDETERMINE;1.0;6.0;10980.0;Tertiaire & Autres;Tertiaire;"[""REGION ILE DE FRANCE""]"
0932310F;EDSHDRNYCBZ1;Collège Christine de Pisan;093;collège;COLLEGE;Aulnay-sous-Bois;2000-09-01;bdnb-bc-NB11-3W1Y-ZDA2;bdnb-bg-P1PZ-E6PX-8D4T;93;3103.0;20.2;Aulnay-sous-Bois;1994.0;;;;BETON;TUILES;4.0;20.0;4515.0;Tertiaire & Autres;Tertiaire;"[""DEPARTEMENT DE LA SEINE SAINT DENIS""]"
0932334G;1R73Z5JMPYV7;Collège Lucie Aubrac;093;collège;COLLEGE;Villetaneuse;2003-09-01;bdnb-bc-ZZJV-DSEB-TY3L;bdnb-bg-MWCL-AEDG-1RAV;93;29.0;4.1;Villetaneuse;1948.0;;;C;AGGLOMERE - BRIQUES;TUILES;2.0;5.0;93.0;Résidentiel individuel;Résidentiel individuel;
0932340N;8QF3DXNKTDFJ;Ecole élémentaire Diderot 2;093;école;ECOLE DE NIVEAU ELEMENTAIRE;Drancy;2002-09-01;bdnb-bc-4L4E-KXRT-8JS9;bdnb-bg-CC1K-6NZV-NVY5;93;2572.0;4.6;Drancy;;;;;AUTRES;AUTRES;2.0;5.0;3418.0;Résidentiel collectif;Tertiaire;"[""COMMUNE DE DRANCY""]"
0932372Y;6RJG3FFPPYX5;Ecole élémentaire Lamartine;093;école;ECOLE DE NIVEAU ELEMENTAIRE;Sevran;2003-09-01;bdnb-bc-56FK-FQGA-BG2K;bdnb-bg-ULYM-2X9V-G4KT;93;53.0;3.0;Sevran;1950.0;;;;AGGLOMERE;BETON;3.0;7.0;1053.0;Résidentiel collectif;Tertiaire;"[""COMMUNE DE SEVRAN""]"
0932372Y;76AW8MAGM1YD;Ecole élémentaire Lamartine;093;école;ECOLE DE NIVEAU ELEMENTAIRE;Sevran;2003-09-01;bdnb-bc-ZHGY-54YM-WLJ9;bdnb-bg-ULYM-2X9V-G4KT;93;735.0;9.0;Sevran;1950.0;;;;AGGLOMERE;BETON;3.0;7.0;1053.0;Résidentiel collectif;Tertiaire;"[""COMMUNE DE SEVRAN""]"
0932390T;CG98N2CV26R2;Ecole maternelle Les Drapiers;093;école;ECOLE MATERNELLE;Saint-Denis;2004-09-01;bdnb-bc-4C7X-TWL7-FU4D;bdnb-bg-ECLZ-A6P4-XMUW;93;2047.0;9.4;Saint-Denis;1940.0;;;;MEULIERE;TUILES;4.0;9.0;2728.0;Tertiaire & Autres;Tertiaire;"[""COMMUNE DE SAINT-DENIS""]"
0932391U;FVSNRF759XXR;Ecole maternelle Les Poêtes;093;école;ECOLE MATERNELLE;Le Blanc-Mesnil;2004-09-01;bdnb-bc-L2NC-GGCV-KY4P;bdnb-bg-CDCF-PSSE-DJXQ;93;910.0;6.5;Le Blanc-Mesnil;2008.0;;;;INDETERMINE;INDETERMINE;1.0;7.0;910.0;Tertiaire & Autres;Tertiaire;"[""COMMUNE DE DUGNY""]"
0932409N;PB6EYWSBRBMG;Ecole élémentaire Gutenberg;093;école;ECOLE DE NIVEAU ELEMENTAIRE;Saint-Denis;2005-09-01;bdnb-bc-GX9N-WLXU-4DGC;bdnb-bg-X87M-RA7F-BHE9;93;1220.0;10.0;Saint-Denis;2005.0;;;D;INDETERMINE;INDETERMINE;1.0;10.0;2560.0;Tertiaire & Autres;Tertiaire;"[""COMMUNE DE SAINT-DENIS""]"
0932440X;KC9DYKX8HMVK;Ecole primaire d'application Olympe De Gouges;093;école;ECOLE ELEMENTAIRE D APPLICATION;Bondy;2007-09-01;bdnb-bc-3RV6-SBG2-X19Z;bdnb-bg-CNQ4-VL2J-SS4F;93;1926.0;9.6;Bondy;2001.0;;;D;AUTRES;TUILES;1.0;8.0;1936.0;Résidentiel individuel;Tertiaire;"[""COMMUNE DE BONDY""]"
0932442Z;V37BEBG526VK;Ecole primaire Louise Michel;093;école;ECOLE DE NIVEAU ELEMENTAIRE;Montreuil;2007-09-01;bdnb-bc-511K-43F2-XQ5V;bdnb-bg-QSTB-21LN-PG66;93;2915.0;10.0;Montreuil;;;;;;;;10.0;2915.0;;Tertiaire;
0932482T;DVVEZ1B7P21T;Ecole primaire Antoine de Saint-Exupéry;093;école;ECOLE DE NIVEAU ELEMENTAIRE;Pantin;2010-09-01;bdnb-bc-QUD9-EP7T-3EW4;bdnb-bg-KBFT-FF71-L39V;93;230.0;12.1;Pantin;;;;;;;;10.0;465.0;;;
0932482T;AZW16R9SSTM6;Ecole primaire Antoine de Saint-Exupéry;093;école;ECOLE DE NIVEAU ELEMENTAIRE;Pantin;2010-09-01;bdnb-bc-MXHQ-A1Z2-W887;bdnb-bg-KBFT-FF71-L39V;93;117.0;9.3;Pantin;;;;;;;;10.0;465.0;;;
0932482T;K996GRP328EK;Ecole primaire Antoine de Saint-Exupéry;093;école;ECOLE DE NIVEAU ELEMENTAIRE;Pantin;2010-09-01;bdnb-bc-EVQ8-4MDS-6L93;bdnb-bg-KBFT-FF71-L39V;93;118.0;9.7;Pantin;;;;;;;;10.0;465.0;;;
0932483U;Q5VJW8AT5189;Ecole élémentaire Wangari Maathai;093;école;ECOLE DE NIVEAU ELEMENTAIRE;Aubervilliers;2010-09-01;bdnb-bc-C7N7-DWP1-2HUQ;bdnb-bg-6SDH-BWD2-EGMK;93;2947.0;13.3;Aubervilliers;2010.0;;;;INDETERMINE;INDETERMINE;3.0;12.0;3819.0;Tertiaire & Autres;Tertiaire;"[""COMMUNE DE SAINT-DENIS""]"
0932484V;Q5VJW8AT5189;Ecole maternelle Françoise Dolto;093;école;ECOLE MATERNELLE;Aubervilliers;2010-09-01;bdnb-bc-C7N7-DWP1-2HUQ;bdnb-bg-6SDH-BWD2-EGMK;93;2947.0;13.3;Aubervilliers;2010.0;;;;INDETERMINE;INDETERMINE;3.0;12.0;3819.0;Tertiaire & Autres;Tertiaire;"[""COMMUNE DE SAINT-DENIS""]"
0932565H;EGZD3MJWRQ6S;Ecole maternelle Angela Davis;093;école;ECOLE MATERNELLE;La Courneuve;2013-09-01;bdnb-bc-NL7Q-F1QS-3MGP;bdnb-bg-XN46-E6LX-379L;93;1638.0;4.6;La Courneuve;;;;;;;;6.0;3005.0;;Tertiaire;
0932566J;6HHMHB7K2AQ6;Ecole maternelle Publique Taos Amrouche;093;école;ECOLE MATERNELLE;Aubervilliers;2013-09-01;bdnb-bc-287H-ZJ8W-HCJS;bdnb-bg-RW3N-HYC1-FHGG;93;101.0;10.2;Aubervilliers;1850.0;;;;PIERRE;TUILES;2.0;10.0;101.0;Résidentiel individuel;Résidentiel individuel;
0932567K;1TAVERCHW1VJ;Ecole maternelle Marlène Jobert;093;école;ECOLE MATERNELLE;Epinay-sur-Seine;2013-09-01;bdnb-bc-UHFM-55X4-R8PJ;bdnb-bg-QANP-ZRUY-761Y;93;764.0;8.2;Épinay-sur-Seine;2014.0;;;;INDETERMINE;INDETERMINE;1.0;7.0;865.0;Tertiaire & Autres;Tertiaire;"[""COMMUNE D EPINAY SUR SEINE""]"
0932580Z;8SGW6E283Q9N;Collège Jacqueline de Romilly;093;collège;COLLEGE;Le Blanc-Mesnil;2014-09-01;bdnb-bc-FM6L-DG34-ZXUY;bdnb-bg-EJH4-U1UN-17RX;93;5985.0;14.2;Le Blanc-Mesnil;2014.0;2025.0;B;B;INDETERMINE;INDETERMINE;4.0;11.0;6120.0;Tertiaire & Autres;Tertiaire;"[""DEPARTEMENT DE LA SEINE SAINT DENIS""]"
0932582B;WNHFMSVD3C4H;Collège Dora Maar;093;collège;COLLEGE;Saint-Denis;2014-09-01;bdnb-bc-2JMV-L1HT-QNNM;bdnb-bg-RGZA-5Z48-JTL4;93;1290.0;13.5;Saint-Denis;2014.0;;;;INDETERMINE;INDETERMINE;1.0;9.0;1745.0;Tertiaire & Autres;Tertiaire;"[""DEPARTEMENT DE LA SEINE SAINT DENIS""]"
0932611H;WJRFS9PHH1CJ;Ecole élémentaire Niki de Saint-Phalle;093;école;ECOLE DE NIVEAU ELEMENTAIRE;Saint-Denis;2015-09-01;bdnb-bc-PZXL-5RCL-BD8D;bdnb-bg-GTAY-B4GK-CBZ3;93;2804.0;8.8;Saint-Denis;2015.0;;;;INDETERMINE;INDETERMINE;1.0;9.0;2804.0;Tertiaire & Autres;Tertiaire;"[""ENEDIS"", ""COMMUNE DE SAINT-DENIS""]"
0932612J;3GWA5WVAHRAB;Ecole maternelle La Confluence;093;école;ECOLE MATERNELLE;Saint-Denis;2015-09-01;bdnb-bc-HWQ1-S3KE-PQ7A;bdnb-bg-NBFB-Y4CE-RDXE;93;1107.0;5.0;Saint-Denis;2014.0;;;;INDETERMINE;INDETERMINE;1.0;19.0;2964.0;Tertiaire & Autres;Tertiaire;"[""COMMUNE DE SAINT-DENIS""]"
0932628B;JK19J8FZJJM1;Ecole primaire Alfred de Musset;093;école;ECOLE DE NIVEAU ELEMENTAIRE;Noisy-le-Sec;2015-09-01;bdnb-bc-NBMG-FEPZ-HR6Y;bdnb-bg-APDR-U9UB-W9K8;93;157.0;11.4;Noisy-le-Sec;;;;;INDETERMINE;INDETERMINE;2.0;11.0;157.0;Résidentiel collectif;Résidentiel collectif;"[""DIRECTION REGIONALE ET INTERDEPARTEMENTALE DE L'ENVIRONNEMEN"", ""ETAT PAR DIRECTION DE L IMMOBILIER DE L ETAT""]"
0932659K;6ZNRDGYNEFVS;Ecole élémentaire Joséphine Baker;093;école;ECOLE DE NIVEAU ELEMENTAIRE;Livry-Gargan;2016-09-01;bdnb-bc-P2DG-TTB2-W6R7;bdnb-bg-TLMC-8RE6-9E2Y;93;1401.0;5.0;Livry-Gargan;2004.0;;;;INDETERMINE;INDETERMINE;4.0;8.0;4221.0;Tertiaire & Autres;Tertiaire;"[""COMMUNE DE LIVRY GARGAN""]"
0932703H;W8YWYWZR5YVW;Ecole élémentaire Rosenberg;093;école;ECOLE DE NIVEAU ELEMENTAIRE;La Courneuve;2018-09-01;bdnb-bc-8XJU-3QML-U23Q;bdnb-bg-EHZD-VT33-TRVT;93;2168.0;17.6;La Courneuve;;2019.0;A;;;;;9.0;3180.0;;Tertiaire;
0932709P;AXW7SB7MKRFQ;Ecole maternelle Eugène Varlin;093;école;ECOLE MATERNELLE;Saint-Denis;2018-09-01;bdnb-bc-U7L5-96YY-CDBG;bdnb-bg-EX51-HYTP-A71P;93;3194.0;10.1;Saint-Denis;2018.0;;;;INDETERMINE;INDETERMINE;2.0;10.0;3194.0;Tertiaire & Autres;Tertiaire;"[""COMMUNE DE SAINT-DENIS""]"
0932738W;J57DC11JQV6C;Ecole maternelle Rouillon;093;école;ECOLE MATERNELLE;Saint-Denis;2019-09-01;bdnb-bc-K2J1-3U81-7UQV;bdnb-bg-VS4F-9WGV-3Q9H;93;87.0;3.4;Saint-Denis;;;;;;;;5.0;1329.0;;Tertiaire;
0932763Y;GP94C28V2J83;Ecole élémentaire Simone de Beauvoir;093;école;ECOLE DE NIVEAU ELEMENTAIRE;Drancy;2020-09-01;bdnb-bc-6A6M-R3EM-6G4C;bdnb-bg-39X5-PMKS-UPNT;93;718.0;5.0;Drancy;;;;;;;;21.0;1839.0;;Tertiaire;
0932764Z;SBGEHTDZRR9A;Ecole primaire Simone Veil;093;école;ECOLE DE NIVEAU ELEMENTAIRE;Rosny-sous-Bois;2020-09-01;bdnb-bc-23CL-6H9T-F3VY;bdnb-bg-UDK9-9ZVY-8VRY;93;1538.0;8.3;Rosny-sous-Bois;2020.0;;;;INDETERMINE;INDETERMINE;1.0;8.0;1538.0;Tertiaire & Autres;Tertiaire;"[""COMMUNE DE ROSNY-SOUS-BOIS""]"
0932767C;33CYEWX18CXJ;Ecole maternelle Victor Hugo;093;école;ECOLE MATERNELLE;Sevran;2020-09-01;bdnb-bc-FCUD-TCUR-1J36;bdnb-bg-9VRL-3CM4-MTSU;93;444.0;2.0;Sevran;1920.0;;;;MEULIERE;TUILES;2.0;4.0;2736.0;Tertiaire & Autres;Tertiaire;"[""COMMUNE DE SEVRAN""]"
0930469E;XA9T1FSRTGXK;Ecole maternelle Jean Charcot;093;école;ECOLE MATERNELLE;Romainville;1965-05-01;bdnb-bc-EYAU-LYAZ-L5MR;bdnb-bg-3PTP-3AXP-K6HC;93;489.0;7.7;Romainville;;;;;;;;7.0;990.0;;Tertiaire;
0930469E;A8NRKNXZFCM2;Ecole maternelle Jean Charcot;093;école;ECOLE MATERNELLE;Romainville;1965-05-01;bdnb-bc-NSC6-K8AS-XJPM;bdnb-bg-3PTP-3AXP-K6HC;93;177.0;9.2;Romainville;;;;;;;;7.0;990.0;;Tertiaire;
0931401T;WHT82B77P4BR;Ecole élémentaire Paul Eluard;093;école;ECOLE DE NIVEAU ELEMENTAIRE;Bobigny;1971-05-24;bdnb-bc-M8XC-58Y5-YMST;bdnb-bg-VDZS-VAP6-EFZX;93;738.0;7.6;Bobigny;1970.0;;;;AGGLOMERE - BRIQUES;ZINC ALUMINIUM;2.0;8.0;3158.0;Tertiaire & Autres;Tertiaire;"[""COMMUNE DE BOBIGNY""]"
0931566X;N3YT4XFKGBHQ;Ecole maternelle Anatole France;093;école;ECOLE MATERNELLE;Saint-Ouen-sur-Seine;1974-10-21;bdnb-bc-YR5H-772F-3Z9A;bdnb-bg-YQHF-UBW6-8QDP;93;770.0;13.9;Saint-Ouen-sur-Seine;;;;;;;;14.0;770.0;;Tertiaire;
0931567Y;ZACDTDQ6P8D6;Ecole maternelle Montaigne;093;école;ECOLE MATERNELLE;Sevran;1974-10-21;bdnb-bc-N3ZU-W5W4-L6F2;bdnb-bg-CS2E-7SCJ-G4E7;93;617.0;4.0;Sevran;;;;C;;;;4.0;3685.0;;Tertiaire;
0931567Y;CFCNG2VJ5BSK;Ecole maternelle Montaigne;093;école;ECOLE MATERNELLE;Sevran;1974-10-21;bdnb-bc-NFRY-GUMZ-LMJ2;bdnb-bg-CS2E-7SCJ-G4E7;93;700.0;3.4;Sevran;;;;C;;;;4.0;3685.0;;Tertiaire;
0931567Y;PW6SVB5CPS1Q;Ecole maternelle Montaigne;093;école;ECOLE MATERNELLE;Sevran;1974-10-21;bdnb-bc-GD23-E97U-M6A7;bdnb-bg-CS2E-7SCJ-G4E7;93;62.0;7.4;Sevran;;;;C;;;;4.0;3685.0;;Tertiaire;
0931567Y;V2XP8TQ4KZN9;Ecole maternelle Montaigne;093;école;ECOLE MATERNELLE;Sevran;1974-10-21;bdnb-bc-A6K9-M7D3-JMV6;bdnb-bg-CS2E-7SCJ-G4E7;93;159.0;4.6;Sevran;;;;C;;;;4.0;3685.0;;Tertiaire;
0931622H;8N5HV6K2TDAF;Ecole élémentaire Les Econdeaux;093;école;ECOLE DE NIVEAU ELEMENTAIRE;Epinay-sur-Seine;1976-06-23;bdnb-bc-PLQ6-C4ZR-H79Q;bdnb-bg-PK82-SST3-E4W7;93;863.0;3.3;Épinay-sur-Seine;;;;;INDETERMINE;INDETERMINE;1.0;5.0;2291.0;Tertiaire & Autres;Tertiaire;"[""COMMUNE D EPINAY SUR SEINE""]"
0931628P;EV3MRWH2YQNT;Ecole maternelle Hector Berlioz;093;école;ECOLE MATERNELLE;Bobigny;1976-06-21;bdnb-bc-6YE3-ULWR-T65A;bdnb-bg-A4XM-8WZK-R6FG;93;1264.0;3.1;Bobigny;1995.0;;D;;INDETERMINE;INDETERMINE;1.0;3.0;1458.0;Résidentiel collectif;Tertiaire;"[""COMMUNE DE BOBIGNY""]"
0931755C;QEP69ZR19NWN;Ecole élémentaire Molière;093;école;ECOLE DE NIVEAU ELEMENTAIRE;Bobigny;1978-09-01;bdnb-bc-XAMA-34TX-NQ4W;bdnb-bg-CWXE-SCTL-2ZGD;93;2050.0;6.1;Bobigny;1975.0;;D;D;BETON - BRIQUES;BETON;3.0;6.0;2050.0;Résidentiel collectif;Tertiaire;"[""COMMUNE DE BOBIGNY""]"
0931767R;BQBFG619RWQ1;Ecole maternelle Jean Renoir;093;école;ECOLE MATERNELLE;Epinay-sur-Seine;1979-09-01;bdnb-bc-1KFN-NFSF-4S1Q;bdnb-bg-16Z9-Z29B-QHR8;93;835.0;5.3;Épinay-sur-Seine;1982.0;;C;;BETON;ZINC ALUMINIUM;8.0;9.0;2164.0;Résidentiel collectif;Tertiaire;"[""SEINE-SAINT-DENIS HABITAT""]"
0932589J;DRDFHJA2CMZC;Ecole élémentaire Renée Février;093;école;ECOLE DE NIVEAU ELEMENTAIRE;Bobigny;2014-09-01;bdnb-bc-VFX5-GFQF-CFZP;bdnb-bg-RFGN-B6Z4-E9AC;93;2277.0;17.2;Bobigny;2011.0;2011.0;C;;INDETERMINE;INDETERMINE;5.0;17.0;2277.0;Résidentiel collectif;Résidentiel collectif;"[""LOGIREP"", ""FONDATION COS ALEXANDRE GLASBERG""]"
0932655F;316YAEMHN8N5;Ecole élémentaire Marie Curie;093;école;ECOLE DE NIVEAU ELEMENTAIRE;Sevran;2016-09-01;bdnb-bc-RHAY-CX6R-YL3Z;bdnb-bg-KJ7Y-MEMZ-T33E;93;600.0;5.2;Sevran;;;;D;;;;7.0;2306.0;;Tertiaire;
0932655F;PGJXQDGRN6EW;Ecole élémentaire Marie Curie;093;école;ECOLE DE NIVEAU ELEMENTAIRE;Sevran;2016-09-01;bdnb-bc-2VF3-XTRP-2Q9L;bdnb-bg-KJ7Y-MEMZ-T33E;93;1706.0;8.6;Sevran;;;;D;;;;7.0;2306.0;;Tertiaire;
0932655F;PGJXQDGRN6EW;Ecole élémentaire Marie Curie;093;école;ECOLE DE NIVEAU ELEMENTAIRE;Sevran;2016-09-01;bdnb-bc-U3WR-HYBD-VSFX;bdnb-bg-PADX-VFFA-Y1Q3;93;171.0;8.6;Sevran;;;;;;;;9.0;171.0;;Tertiaire;
0750360J;WH8FCTMPDKSH;Collège Claude Chappe;075;collège;COLLEGE;Paris 19e  Arrondissement;1965-05-01;bdnb-bc-FTU9-3D54-U2ND;bdnb-bg-DKY6-3S48-EQV9;75;802.0;20.2;Paris 19e Arrondissement;;;;;;;;15.0;1727.0;;Tertiaire;
0750428H;SS3F5J5V5NVP;Lycée polyvalent Jacques MONOD;075;lycée;LYCEE POLYVALENT;Paris  5e  Arrondissement;1965-05-01;bdnb-bc-SF8D-BPQS-EVTS;bdnb-bg-6YXS-WZUW-AW6D;75;1203.0;17.4;Paris 5e Arrondissement;2023.0;;;;INDETERMINE;INDETERMINE;3.0;15.0;1498.0;Tertiaire & Autres;Tertiaire;"[""VILLE DE PARIS""]"
0750478M;64W5BS2X76BQ;Collège Jean-Baptiste Clément;075;collège;COLLEGE;Paris 20e  Arrondissement;1965-05-01;;;;;;;;;;;;;;;;;;
0750478M;5CP1CT47K4K8;Collège Jean-Baptiste Clément;075;collège;COLLEGE;Paris 20e  Arrondissement;1965-05-01;;;;;;;;;;;;;;;;;;
0750478M;TR79Z7N1VE28;Collège Jean-Baptiste Clément;075;collège;COLLEGE;Paris 20e  Arrondissement;1965-05-01;bdnb-bc-9VWN-CTZ8-YZTH;bdnb-bg-LMV9-DJSW-UELV;75;797.0;5.0;Paris 20e Arrondissement;2024.0;;;;INDETERMINE;INDETERMINE;3.0;13.0;953.0;Tertiaire & Autres;Tertiaire;"[""VILLE DE PARIS""]"
0750478M;X8G9V77PZBDR;Collège Jean-Baptiste Clément;075;collège;COLLEGE;Paris 20e  Arrondissement;1965-05-01;bdnb-bc-88NM-C52R-BA12;bdnb-bg-LMV9-DJSW-UELV;75;125.0;13.1;Paris 20e Arrondissement;2024.0;;;;INDETERMINE;INDETERMINE;3.0;13.0;953.0;Tertiaire & Autres;Tertiaire;"[""VILLE DE PARIS""]"
0750550R;B1WY1RJF82CY;Collège Lucie Faure;075;collège;COLLEGE;Paris 20e  Arrondissement;1965-05-01;bdnb-bc-H6ZX-UNXB-CWLE;bdnb-bg-RTVR-2T78-DBNS;75;1028.0;15.0;Paris 20e Arrondissement;2024.0;;;;INDETERMINE;INDETERMINE;4.0;15.0;1868.0;Tertiaire & Autres;Tertiaire;"[""VILLE DE PARIS""]"
0750608D;B2YYHADCFTY5;Collège Anne Frank;075;collège;COLLEGE;Paris 11e  Arrondissement;1969-04-03;bdnb-bc-WUJY-T3VF-TCGN;bdnb-bg-HJ3L-JQK5-LC18;75;1945.0;11.7;Paris 11e Arrondissement;2023.0;;;;BRIQUES - PIERRE;INDETERMINE;4.0;12.0;1994.0;Tertiaire & Autres;Tertiaire;"[""VILLE DE PARIS""]"
0750610F;6BGQZS5K2BD5;Collège Jules Verne;075;collège;COLLEGE;Paris 12e  Arrondissement;1969-04-03;bdnb-bc-DB5J-8M2J-YX7K;bdnb-bg-JGUM-8GA4-72MX;75;2423.0;15.8;Paris 12e Arrondissement;1927.0;;;;BRIQUES - PIERRE;TUILES;4.0;9.0;3352.0;Résidentiel collectif;Tertiaire;"[""VILLE DE PARIS""]"
0750612H;WDVE971CPHBD;Lycée technologique Ecole Nationale Supérieure des Arts Appliqués;075;lycée;LYCEE D ENSEIGNEMENT TECHNOLOGIQUE;Paris 15e  Arrondissement;1969-04-08;bdnb-bc-WFNW-7VP8-13AM;bdnb-bg-PSPZ-6FZV-PTPV;75;3697.0;16.0;Paris 15e Arrondissement;1969.0;;;;BETON;ZINC ALUMINIUM;7.0;16.0;4299.0;Résidentiel collectif;Tertiaire;"[""REGION ILE DE FRANCE""]"
0750647W;11DC7HMXVD8V;Lycée général et technologique Turgot;075;lycée;LYCEE ENSEIGNT GENERAL ET TECHNOLOGIQUE;Paris  3e  Arrondissement;1965-05-01;bdnb-bc-8462-GJSK-YBJU;bdnb-bg-9DWD-E71B-164L;75;781.0;19.2;Paris 3e Arrondissement;;;;;INDETERMINE;INDETERMINE;6.0;19.0;781.0;Résidentiel collectif;Tertiaire;"[""VILLE DE PARIS""]"
0750662M;8N6FV5HH6HPN;Lycée général Victor Duruy;075;lycée;LYCEE D ENSEIGNEMENT GENERAL;Paris  7e  Arrondissement;1965-05-01;bdnb-bc-1QZD-D3VS-AGKN;bdnb-bg-HLUL-YKR2-QQCC;75;3129.0;14.7;Paris 7e Arrondissement;;;;;;;;6.0;3516.0;;Tertiaire;
0750662M;D9QPTRE8JBEG;Lycée général Victor Duruy;075;lycée;LYCEE D ENSEIGNEMENT GENERAL;Paris  7e  Arrondissement;1965-05-01;bdnb-bc-RCSQ-2YEJ-NJ1V;bdnb-bg-HLUL-YKR2-QQCC;75;216.0;1.8;Paris 7e Arrondissement;;;;;;;;6.0;3516.0;;Tertiaire;
0750662M;3KQNR5W58G84;Lycée général Victor Duruy;075;lycée;LYCEE D ENSEIGNEMENT GENERAL;Paris  7e  Arrondissement;1965-05-01;bdnb-bc-GL9D-YERV-M65T;bdnb-bg-QLK5-P4HN-ZS2Z;75;723.0;7.8;Paris 7e Arrondissement;1800.0;;;;INDETERMINE;INDETERMINE;2.0;8.0;723.0;Résidentiel collectif;Tertiaire;"[""MINISTERE DE L'EDUCATION NATIONALE  DE L'ENSEIGNEMENT SUPERI"", ""LYCEE VICTOR DURUY""]"
0750662M;9SDD14QS2GNZ;Lycée général Victor Duruy;075;lycée;LYCEE D ENSEIGNEMENT GENERAL;Paris  7e  Arrondissement;1965-05-01;bdnb-bc-WVM6-YZXE-KWKZ;bdnb-bg-WX4V-4TBR-9AHG;75;1115.0;4.2;Paris 7e Arrondissement;1800.0;;;;PIERRE;ARDOISES;4.0;4.0;3272.0;Résidentiel collectif;Tertiaire;"[""MINISTERE DE L'EDUCATION NATIONALE  DE L'ENSEIGNEMENT SUPERI"", ""LYCEE VICTOR DURUY""]"
0750662M;3DKPT5D872VQ;Lycée général Victor Duruy;075;lycée;LYCEE D ENSEIGNEMENT GENERAL;Paris  7e  Arrondissement;1965-05-01;bdnb-bc-QP73-5QZW-9APW;bdnb-bg-HLUL-YKR2-QQCC;75;33.0;5.2;Paris 7e Arrondissement;;;;;;;;6.0;3516.0;;Tertiaire;
0750662M;B6GSFA6G35Q8;Lycée général Victor Duruy;075;lycée;LYCEE D ENSEIGNEMENT GENERAL;Paris  7e  Arrondissement;1965-05-01;bdnb-bc-3CXV-CFSV-NHDF;bdnb-bg-HLUL-YKR2-QQCC;75;138.0;3.6;Paris 7e Arrondissement;;;;;;;;6.0;3516.0;;Tertiaire;
0750662M;K9Y3GJ7BHB98;Lycée général Victor Duruy;075;lycée;LYCEE D ENSEIGNEMENT GENERAL;Paris  7e  Arrondissement;1965-05-01;bdnb-bc-874J-Q3VM-3UNA;bdnb-bg-WX4V-4TBR-9AHG;75;103.0;3.1;Paris 7e Arrondissement;1800.0;;;;PIERRE;ARDOISES;4.0;4.0;3272.0;Résidentiel collectif;Tertiaire;"[""MINISTERE DE L'EDUCATION NATIONALE  DE L'ENSEIGNEMENT SUPERI"", ""LYCEE VICTOR DURUY""]"
0750662M;P8FKMSWVM8MY;Lycée général Victor Duruy;075;lycée;LYCEE D ENSEIGNEMENT GENERAL;Paris  7e  Arrondissement;1965-05-01;bdnb-bc-LYUB-4PA8-12Y3;bdnb-bg-WX4V-4TBR-9AHG;75;354.0;3.0;Paris 7e Arrondissement;1800.0;;;;PIERRE;ARDOISES;4.0;4.0;3272.0;Résidentiel collectif;Tertiaire;"[""MINISTERE DE L'EDUCATION NATIONALE  DE L'ENSEIGNEMENT SUPERI"", ""LYCEE VICTOR DURUY""]"
0750662M;5HK652H7N52C;Lycée général Victor Duruy;075;lycée;LYCEE D ENSEIGNEMENT GENERAL;Paris  7e  Arrondissement;1965-05-01;bdnb-bc-5MA5-PV5U-G2VM;bdnb-bg-WX4V-4TBR-9AHG;75;1596.0;8.3;Paris 7e Arrondissement;1800.0;;;;PIERRE;ARDOISES;4.0;4.0;3272.0;Résidentiel collectif;Tertiaire;"[""MINISTERE DE L'EDUCATION NATIONALE  DE L'ENSEIGNEMENT SUPERI"", ""LYCEE VICTOR DURUY""]"
0750662M;26VWJ6KA5622;Lycée général Victor Duruy;075;lycée;LYCEE D ENSEIGNEMENT GENERAL;Paris  7e  Arrondissement;1965-05-01;bdnb-bc-35GQ-3HTC-ZNX3;bdnb-bg-WX4V-4TBR-9AHG;75;104.0;2.7;Paris 7e Arrondissement;1800.0;;;;PIERRE;ARDOISES;4.0;4.0;3272.0;Résidentiel collectif;Tertiaire;"[""MINISTERE DE L'EDUCATION NATIONALE  DE L'ENSEIGNEMENT SUPERI"", ""LYCEE VICTOR DURUY""]"
0750671X;J7XBY3XW7JT4;Lycée polyvalent Edgar Quinet;075;lycée;LYCEE POLYVALENT;Paris  9e  Arrondissement;1965-05-01;bdnb-bc-8U94-E6J2-TNEV;bdnb-bg-BMKP-4D86-55BQ;75;426.0;23.5;Paris 9e Arrondissement;1800.0;;;;BRIQUES - PIERRE;ARDOISES;4.0;20.0;538.0;Résidentiel collectif;Tertiaire;"[""LYCEE GENERAL COLBERT"", ""ETAT PAR DIRECTION DE L IMMOBILIER DE L ETAT""]"
0750675B;A4V1B3W85CPH;Lycée général et technologique Voltaire;075;lycée;LYCEE ENSEIGNT GENERAL ET TECHNOLOGIQUE;Paris 11e  Arrondissement;1965-05-01;bdnb-bc-GSFF-8VXW-LJBC;bdnb-bg-3LC8-9J62-REXD;75;8246.0;17.3;Paris 11e Arrondissement;1895.0;;;;PIERRE - AUTRES;ARDOISES;4.0;12.0;8486.0;Résidentiel collectif;Tertiaire;"[""VILLE DE PARIS""]"
0750681H;WTNMT4GJR9MQ;Lycée Polyvalent Boulle;075;lycée;LYCEE POLYVALENT;Paris 12e  Arrondissement;1965-05-01;bdnb-bc-1976-NK9W-89Q4;bdnb-bg-H5AA-SBTW-HUJE;75;1010.0;10.2;Paris 12e Arrondissement;2012.0;;;;INDETERMINE;INDETERMINE;4.0;15.0;6390.0;Tertiaire & Autres;Tertiaire;"[""VILLE DE PARIS"", ""ENEDIS""]"
0750681H;FYNAJPTNR7G6;Lycée Polyvalent Boulle;075;lycée;LYCEE POLYVALENT;Paris 12e  Arrondissement;1965-05-01;bdnb-bc-9TGR-K7QC-CNAW;bdnb-bg-H5AA-SBTW-HUJE;75;1195.0;15.1;Paris 12e Arrondissement;2012.0;;;;INDETERMINE;INDETERMINE;4.0;15.0;6390.0;Tertiaire & Autres;Tertiaire;"[""VILLE DE PARIS"", ""ENEDIS""]"
0750681H;HAS7PHQP16HQ;Lycée Polyvalent Boulle;075;lycée;LYCEE POLYVALENT;Paris 12e  Arrondissement;1965-05-01;bdnb-bc-JBBN-FVMZ-ZHPL;bdnb-bg-H5AA-SBTW-HUJE;75;34.0;5.0;Paris 12e Arrondissement;2012.0;;;;INDETERMINE;INDETERMINE;4.0;15.0;6390.0;Tertiaire & Autres;Tertiaire;"[""VILLE DE PARIS"", ""ENEDIS""]"
0750682J;1Y8ZTH2TV4EM;Lycée général et technologique Rodin;075;lycée;LYCEE ENSEIGNT GENERAL ET TECHNOLOGIQUE;Paris 13e  Arrondissement;1965-05-01;bdnb-bc-J5YS-B9HX-VLWB;bdnb-bg-Z5N9-AEX6-DDQ6;75;516.0;8.8;Paris 13e Arrondissement;;2023.0;C;;INDETERMINE;INDETERMINE;10.0;13.0;4285.0;Résidentiel collectif;Tertiaire;"[""LYCEE GENERAL ET TECHNOLOGIQUE RODIN""]"
0750682J;PCYNMSH6Z4Y7;Lycée général et technologique Rodin;075;lycée;LYCEE ENSEIGNT GENERAL ET TECHNOLOGIQUE;Paris 13e  Arrondissement;1965-05-01;bdnb-bc-CJ2L-1S17-11JW;bdnb-bg-Z5N9-AEX6-DDQ6;75;181.0;34.1;Paris 13e Arrondissement;;2023.0;C;;INDETERMINE;INDETERMINE;10.0;13.0;4285.0;Résidentiel collectif;Tertiaire;"[""LYCEE GENERAL ET TECHNOLOGIQUE RODIN""]"
0750682J;TX1Z94WH9M6M;Lycée général et technologique Rodin;075;lycée;LYCEE ENSEIGNT GENERAL ET TECHNOLOGIQUE;Paris 13e  Arrondissement;1965-05-01;bdnb-bc-PNJK-ZEJG-HY5Z;bdnb-bg-Z5N9-AEX6-DDQ6;75;313.0;5.1;Paris 13e Arrondissement;;2023.0;C;;INDETERMINE;INDETERMINE;10.0;13.0;4285.0;Résidentiel collectif;Tertiaire;"[""LYCEE GENERAL ET TECHNOLOGIQUE RODIN""]"
0750682J;4PFWQPFXBEQY;Lycée général et technologique Rodin;075;lycée;LYCEE ENSEIGNT GENERAL ET TECHNOLOGIQUE;Paris 13e  Arrondissement;1965-05-01;bdnb-bc-SMB4-NSS5-PM51;bdnb-bg-Z5N9-AEX6-DDQ6;75;1148.0;6.5;Paris 13e Arrondissement;;2023.0;C;;INDETERMINE;INDETERMINE;10.0;13.0;4285.0;Résidentiel collectif;Tertiaire;"[""LYCEE GENERAL ET TECHNOLOGIQUE RODIN""]"
0750682J;JXJYCC5F7R9H;Lycée général et technologique Rodin;075;lycée;LYCEE ENSEIGNT GENERAL ET TECHNOLOGIQUE;Paris 13e  Arrondissement;1965-05-01;bdnb-bc-2KH4-3CXR-WX5N;bdnb-bg-Z5N9-AEX6-DDQ6;75;167.0;6.5;Paris 13e Arrondissement;;2023.0;C;;INDETERMINE;INDETERMINE;10.0;13.0;4285.0;Résidentiel collectif;Tertiaire;"[""LYCEE GENERAL ET TECHNOLOGIQUE RODIN""]"
0750683K;PZETZ3KDZTXP;Lycée général Claude Monet;075;lycée;LYCEE D ENSEIGNEMENT GENERAL;Paris 13e  Arrondissement;1965-05-01;bdnb-bc-LS5P-PL3V-FK4E;bdnb-bg-FPXK-LACC-Z3PB;75;3871.0;16.6;Paris 13e Arrondissement;1955.0;;;;PIERRE;ARDOISES;6.0;8.0;5308.0;Résidentiel collectif;Tertiaire;"[""VILLE DE PARIS""]"
0750688R;GPTSJH5P8HFE;Lycée général et technologique Rabelais;075;lycée;LYCEE ENSEIGNT GENERAL ET TECHNOLOGIQUE;Paris 18e  Arrondissement;1965-05-01;bdnb-bc-3JTG-4UDU-32Z6;bdnb-bg-PH35-1LD6-WTGL;75;422.0;9.1;Paris 18e Arrondissement;2023.0;;;;INDETERMINE;INDETERMINE;4.0;10.0;4185.0;Tertiaire & Autres;Tertiaire;"[""VILLE DE PARIS""]"
0750691U;671KQ3XKYYEN;Lycée polyvalent Raspail;075;lycée;LYCEE POLYVALENT;Paris 14e  Arrondissement;1965-05-01;bdnb-bc-T63Y-ZPQB-P5VQ;bdnb-bg-VJG5-LWDZ-G9XS;75;3465.0;20.8;Paris 14e Arrondissement;1995.0;;;;BETON;BETON;5.0;8.0;5573.0;Tertiaire & Autres;Tertiaire;"[""LYCEE POLYVALENT RASPAIL"", ""REGION ILE DE FRANCE""]"
0750693W;XF8MFTRSVVZR;Lycée général et technologie Buffon;075;lycée;LYCEE ENSEIGNT GENERAL ET TECHNOLOGIQUE;Paris 15e  Arrondissement;1965-05-01;bdnb-bc-KFRQ-CJAG-ZHAQ;bdnb-bg-WB4F-JGMM-2HEM;75;8835.0;12.8;Paris 15e Arrondissement;1900.0;;;;PIERRE;ARDOISES;5.0;10.0;11641.0;Résidentiel collectif;Tertiaire;"[""MINISTERE DE L'EDUCATION NATIONALE  DE L'ENSEIGNEMENT SUPERI"", ""ENEDIS"", ""ETAT PAR DIRECTION DE L IMMOBILIER DE L ETAT""]"
0750693W;WT4Y2FA3M8P3;Lycée général et technologie Buffon;075;lycée;LYCEE ENSEIGNT GENERAL ET TECHNOLOGIQUE;Paris 15e  Arrondissement;1965-05-01;bdnb-bc-892S-B4S4-A5SW;bdnb-bg-WB4F-JGMM-2HEM;75;635.0;5.4;Paris 15e Arrondissement;1900.0;;;;PIERRE;ARDOISES;5.0;10.0;11641.0;Résidentiel collectif;Tertiaire;"[""MINISTERE DE L'EDUCATION NATIONALE  DE L'ENSEIGNEMENT SUPERI"", ""ENEDIS"", ""ETAT PAR DIRECTION DE L IMMOBILIER DE L ETAT""]"
0750696Z;3A2RHFR5XKK6;Lycée général et technologique Roger Verlomme;075;lycée;LYCEE ENSEIGNT GENERAL ET TECHNOLOGIQUE;Paris 15e  Arrondissement;1965-05-01;bdnb-bc-Y35E-8MQD-Y2N8;bdnb-bg-MPT8-JSGL-T5PS;75;2530.0;13.8;Paris 15e Arrondissement;1880.0;;;;PIERRE;TUILES;3.0;7.0;3271.0;Tertiaire & Autres;Tertiaire;"[""VILLE DE PARIS""]"
0750698B;5F19SATMCRGZ;Lycée général et technologique Claude Bernard;075;lycée;LYCEE ENSEIGNT GENERAL ET TECHNOLOGIQUE;Paris 16e  Arrondissement;1965-05-01;bdnb-bc-QFLF-6DR8-4C5U;bdnb-bg-R4C3-9EHK-Z7G6;75;3439.0;27.2;Paris 16e Arrondissement;1938.0;;;;BRIQUES - MEULIERE;ARDOISES - AUTRES;7.0;25.0;3921.0;Résidentiel collectif;Tertiaire;"[""MINISTERE DE L'EDUCATION NATIONALE  DE L'ENSEIGNEMENT SUPERI"", ""ENEDIS"", ""ETAT PAR DIRECTION DE L IMMOBILIER DE L ETAT""]"
0750698B;HK6F7BHCA5H6;Lycée général et technologique Claude Bernard;075;lycée;LYCEE ENSEIGNT GENERAL ET TECHNOLOGIQUE;Paris 16e  Arrondissement;1965-05-01;bdnb-bc-A8P8-ZUES-QMWL;bdnb-bg-R4C3-9EHK-Z7G6;75;482.0;23.2;Paris 16e Arrondissement;1938.0;;;;BRIQUES - MEULIERE;ARDOISES - AUTRES;7.0;25.0;3921.0;Résidentiel collectif;Tertiaire;"[""MINISTERE DE L'EDUCATION NATIONALE  DE L'ENSEIGNEMENT SUPERI"", ""ENEDIS"", ""ETAT PAR DIRECTION DE L IMMOBILIER DE L ETAT""]"
0750707L;3R75MJFR5BQW;Lycée technologique Ecole Nationale de Commerce;075;lycée;LYCEE D ENSEIGNEMENT TECHNOLOGIQUE;Paris 17e  Arrondissement;1965-05-01;bdnb-bc-EBUL-D93R-1YUY;bdnb-bg-H9EE-E6BF-AZE5;75;2385.0;13.2;Paris 17e Arrondissement;2002.0;;;;BETON;BETON;7.0;19.0;3561.0;Résidentiel collectif;Tertiaire;"[""REGION ILE DE FRANCE""]"
0750707L;PP7HCRKC4GXT;Lycée technologique Ecole Nationale de Commerce;075;lycée;LYCEE D ENSEIGNEMENT TECHNOLOGIQUE;Paris 17e  Arrondissement;1965-05-01;bdnb-bc-BXKK-YSJ3-8B94;bdnb-bg-H9EE-E6BF-AZE5;75;1176.0;24.9;Paris 17e Arrondissement;2002.0;;;;BETON;BETON;7.0;19.0;3561.0;Résidentiel collectif;Tertiaire;"[""REGION ILE DE FRANCE""]"
0750708M;GJTF41B4RYT5;Lycée Polyvalent Jean Drouant - Lycée des métiers des arts de la table et de l'hospitalité;075;lycée;LYCEE POLYVALENT;Paris 17e  Arrondissement;1965-05-01;bdnb-bc-8HJ2-QJPE-PMUL;bdnb-bg-HM8D-AKU8-FF6B;75;1196.0;20.8;Paris 17e Arrondissement;1995.0;;;;INDETERMINE;INDETERMINE;6.0;9.0;2164.0;Tertiaire & Autres;Tertiaire;"[""ASS PROF HOTELIER RESTAURAT LIMONADIER""]"
0750708M;EES2A1EVD1AB;Lycée Polyvalent Jean Drouant - Lycée des métiers des arts de la table et de l'hospitalité;075;lycée;LYCEE POLYVALENT;Paris 17e  Arrondissement;1965-05-01;bdnb-bc-E5AP-7PV5-Y2UX;bdnb-bg-HM8D-AKU8-FF6B;75;288.0;6.3;Paris 17e Arrondissement;1995.0;;;;INDETERMINE;INDETERMINE;6.0;9.0;2164.0;Tertiaire & Autres;Tertiaire;"[""ASS PROF HOTELIER RESTAURAT LIMONADIER""]"
0750708M;HCWMNYMD5N22;Lycée Polyvalent Jean Drouant - Lycée des métiers des arts de la table et de l'hospitalité;075;lycée;LYCEE POLYVALENT;Paris 17e  Arrondissement;1965-05-01;bdnb-bc-XELK-YXVJ-Z3QQ;bdnb-bg-HM8D-AKU8-FF6B;75;73.0;5.6;Paris 17e Arrondissement;1995.0;;;;INDETERMINE;INDETERMINE;6.0;9.0;2164.0;Tertiaire & Autres;Tertiaire;"[""ASS PROF HOTELIER RESTAURAT LIMONADIER""]"
0750708M;WN4XWMSJXR8X;Lycée Polyvalent Jean Drouant - Lycée des métiers des arts de la table et de l'hospitalité;075;lycée;LYCEE POLYVALENT;Paris 17e  Arrondissement;1965-05-01;bdnb-bc-U68P-RZMG-ULFG;bdnb-bg-HM8D-AKU8-FF6B;75;542.0;5.6;Paris 17e Arrondissement;1995.0;;;;INDETERMINE;INDETERMINE;6.0;9.0;2164.0;Tertiaire & Autres;Tertiaire;"[""ASS PROF HOTELIER RESTAURAT LIMONADIER""]"
0750708M;VFXQV5DAM4HV;Lycée Polyvalent Jean Drouant - Lycée des métiers des arts de la table et de l'hospitalité;075;lycée;LYCEE POLYVALENT;Paris 17e  Arrondissement;1965-05-01;bdnb-bc-WAXU-8CKG-9ZPV;bdnb-bg-HM8D-AKU8-FF6B;75;66.0;5.6;Paris 17e Arrondissement;1995.0;;;;INDETERMINE;INDETERMINE;6.0;9.0;2164.0;Tertiaire & Autres;Tertiaire;"[""ASS PROF HOTELIER RESTAURAT LIMONADIER""]"
0750714U;MWVPCT79RX9S;Lycée général et technologique Hélène Boucher;075;lycée;LYCEE ENSEIGNT GENERAL ET TECHNOLOGIQUE;Paris 20e  Arrondissement;1965-05-01;bdnb-bc-K1NC-DP8H-1NDB;bdnb-bg-3J92-CF8K-MYEX;75;1054.0;18.9;Paris 20e Arrondissement;1920.0;1961.0;F;;BETON - BRIQUES;BETON;6.0;26.0;4485.0;Résidentiel collectif;Tertiaire;"[""REGION ILE DE FRANCE""]"
0750715V;PM9BVG22636J;Lycée général et technologique Maurice Ravel;075;lycée;LYCEE ENSEIGNT GENERAL ET TECHNOLOGIQUE;Paris 20e  Arrondissement;1965-05-01;bdnb-bc-2HK1-5FMD-2FQ8;bdnb-bg-BADB-VELT-GLJX;75;432.0;6.2;Paris 20e Arrondissement;;;E;;BETON - PIERRE;BETON;8.0;11.0;4421.0;Tertiaire & Autres;Tertiaire;"[""REGION ILE DE FRANCE"", ""REGIE AUTONOME DES TRANSPORTS PARISIENS""]"
0750775K;KEBWEZ3VAGQ3;Lycée professionnel Gustave Ferrié;075;lycée;LYCEE PROFESSIONNEL;Paris 10e  Arrondissement;1965-05-01;bdnb-bc-LQ5V-8NWX-TJLY;bdnb-bg-XLXL-TAAN-76BR;75;1688.0;19.6;Paris 10e Arrondissement;1966.0;;;;BETON;BETON;5.0;8.0;2834.0;Résidentiel collectif;Tertiaire;"[""REGION ILE DE FRANCE""]"
0750787Y;X8VCXDCJ264A;Lycée professionnel Corvisart-Arts Graphiques;075;lycée;LYCEE PROFESSIONNEL;Paris 13e  Arrondissement;1965-05-01;bdnb-bc-KDCC-HZUL-37GH;bdnb-bg-AP52-Q61N-GXBW;75;849.0;12.5;Paris 13e Arrondissement;1900.0;;;;INDETERMINE;INDETERMINE;2.0;11.0;1469.0;Tertiaire & Autres;Tertiaire;"[""REGION ILE DE FRANCE""]"
0750787Y;3XA6GFGNFS94;Lycée professionnel Corvisart-Arts Graphiques;075;lycée;LYCEE PROFESSIONNEL;Paris 13e  Arrondissement;1965-05-01;bdnb-bc-1LZX-Q8BM-FXTF;bdnb-bg-AP52-Q61N-GXBW;75;93.0;5.0;Paris 13e Arrondissement;1900.0;;;;INDETERMINE;INDETERMINE;2.0;11.0;1469.0;Tertiaire & Autres;Tertiaire;"[""REGION ILE DE FRANCE""]"
0750787Y;7K1SDQVGDWZE;Lycée professionnel Corvisart-Arts Graphiques;075;lycée;LYCEE PROFESSIONNEL;Paris 13e  Arrondissement;1965-05-01;bdnb-bc-417W-DBHT-VJ1H;bdnb-bg-AP52-Q61N-GXBW;75;131.0;7.0;Paris 13e Arrondissement;1900.0;;;;INDETERMINE;INDETERMINE;2.0;11.0;1469.0;Tertiaire & Autres;Tertiaire;"[""REGION ILE DE FRANCE""]"
0750787Y;5YXP7WR8RE4T;Lycée professionnel Corvisart-Arts Graphiques;075;lycée;LYCEE PROFESSIONNEL;Paris 13e  Arrondissement;1965-05-01;bdnb-bc-W3EF-PKE2-CL7G;bdnb-bg-AP52-Q61N-GXBW;75;395.0;12.5;Paris 13e Arrondissement;1900.0;;;;INDETERMINE;INDETERMINE;2.0;11.0;1469.0;Tertiaire & Autres;Tertiaire;"[""REGION ILE DE FRANCE""]"
0750793E;S5HMDJ2MF6V8;Lycée Professionnel Beaugrenelle;075;lycée;LYCEE PROFESSIONNEL;Paris 15e  Arrondissement;1965-05-01;bdnb-bc-E7JY-8LMH-2HTP;bdnb-bg-URZ6-8Z9M-DLKB;75;1184.0;16.3;Paris 15e Arrondissement;1996.0;;E;;INDETERMINE;INDETERMINE;3.0;11.0;1470.0;Tertiaire & Autres;Tertiaire;"[""VILLE DE PARIS""]"
0750793E;QGZ1J6JJSN7E;Lycée Professionnel Beaugrenelle;075;lycée;LYCEE PROFESSIONNEL;Paris 15e  Arrondissement;1965-05-01;bdnb-bc-BNNW-JVR4-4FW8;bdnb-bg-URZ6-8Z9M-DLKB;75;88.0;5.0;Paris 15e Arrondissement;1996.0;;E;;INDETERMINE;INDETERMINE;3.0;11.0;1470.0;Tertiaire & Autres;Tertiaire;"[""VILLE DE PARIS""]"
0750793E;M9G596CBZVAF;Lycée Professionnel Beaugrenelle;075;lycée;LYCEE PROFESSIONNEL;Paris 15e  Arrondissement;1965-05-01;bdnb-bc-2RUA-7JPW-Y5LW;bdnb-bg-URZ6-8Z9M-DLKB;75;58.0;3.4;Paris 15e Arrondissement;1996.0;;E;;INDETERMINE;INDETERMINE;3.0;11.0;1470.0;Tertiaire & Autres;Tertiaire;"[""VILLE DE PARIS""]"
0750793E;2KHCME5MVCR7;Lycée Professionnel Beaugrenelle;075;lycée;LYCEE PROFESSIONNEL;Paris 15e  Arrondissement;1965-05-01;bdnb-bc-GP8E-9LY9-K7E6;bdnb-bg-URZ6-8Z9M-DLKB;75;115.0;6.3;Paris 15e Arrondissement;1996.0;;E;;INDETERMINE;INDETERMINE;3.0;11.0;1470.0;Tertiaire & Autres;Tertiaire;"[""VILLE DE PARIS""]"
0750802P;A15V2A9CCXBV;Lycée professionnel Hector Guimard;075;lycée;LYCEE PROFESSIONNEL;Paris 19e  Arrondissement;1965-05-01;bdnb-bc-445X-AW79-7LAG;bdnb-bg-HXSZ-CRDT-L5RM;75;1540.0;10.2;Paris 19e Arrondissement;2009.0;;;;INDETERMINE;INDETERMINE;5.0;10.0;6876.0;Résidentiel collectif;Tertiaire;"[""REGION ILE DE FRANCE""]"
0750821K;GGPB3SXRHPQW;E.E.PU BARBANEGRE EA 7 rue Barbanègre;075;école;ECOLE DE NIVEAU ELEMENTAIRE;Paris 19e  Arrondissement;1965-05-01;bdnb-bc-B9J1-8MWU-A5K5;bdnb-bg-2E2X-RUMT-H1XK;75;1963.0;13.8;Paris 19e Arrondissement;2023.0;;;;INDETERMINE;INDETERMINE;3.0;10.0;2125.0;Tertiaire & Autres;Tertiaire;"[""VILLE DE PARIS""]"
0750822L;EBQZJDKTMFEZ;E.P.PU Daniel Dreyfous-Ducas 15 rue des Bauches;075;école;ECOLE DE NIVEAU ELEMENTAIRE;Paris 16e  Arrondissement;1965-05-01;bdnb-bc-1YLJ-1TWR-5AFU;bdnb-bg-HQR5-NN3X-ABEZ;75;763.0;16.9;Paris 16e Arrondissement;1916.0;;;;BRIQUES;TUILES;4.0;12.0;1840.0;Tertiaire & Autres;Tertiaire;"[""VILLE DE PARIS""]"
0750822L;KJVET73TZQ1T;E.P.PU Daniel Dreyfous-Ducas 15 rue des Bauches;075;école;ECOLE DE NIVEAU ELEMENTAIRE;Paris 16e  Arrondissement;1965-05-01;bdnb-bc-16RP-TRBD-SYCD;bdnb-bg-HQR5-NN3X-ABEZ;75;233.0;16.9;Paris 16e Arrondissement;1916.0;;;;BRIQUES;TUILES;4.0;12.0;1840.0;Tertiaire & Autres;Tertiaire;"[""VILLE DE PARIS""]"
0750822L;F684H75PMZF9;E.P.PU Daniel Dreyfous-Ducas 15 rue des Bauches;075;école;ECOLE DE NIVEAU ELEMENTAIRE;Paris 16e  Arrondissement;1965-05-01;bdnb-bc-3LR8-LDTU-E2PB;bdnb-bg-HQR5-NN3X-ABEZ;75;119.0;3.4;Paris 16e Arrondissement;1916.0;;;;BRIQUES;TUILES;4.0;12.0;1840.0;Tertiaire & Autres;Tertiaire;"[""VILLE DE PARIS""]"
0750822L;JKH9SD1TMQY5;E.P.PU Daniel Dreyfous-Ducas 15 rue des Bauches;075;école;ECOLE DE NIVEAU ELEMENTAIRE;Paris 16e  Arrondissement;1965-05-01;bdnb-bc-4L3Q-57PB-RSE8;bdnb-bg-HQR5-NN3X-ABEZ;75;104.0;9.2;Paris 16e Arrondissement;1916.0;;;;BRIQUES;TUILES;4.0;12.0;1840.0;Tertiaire & Autres;Tertiaire;"[""VILLE DE PARIS""]"
0750826R;QR33ANRHC9T7;E.E.PU BELLEVILLE 104 rue de Belleville;075;école;ECOLE DE NIVEAU ELEMENTAIRE;Paris 20e  Arrondissement;1965-05-01;bdnb-bc-TCT3-R5MA-E7VK;bdnb-bg-R9AX-Z8AW-EXMN;75;26.0;3.0;Paris 19e Arrondissement;;;;;;;;;26.0;;;
0750836B;8WV7EWY284YX;E.E.PU BLOMET 19 rue Blomet;075;école;ECOLE DE NIVEAU ELEMENTAIRE;Paris 15e  Arrondissement;1965-05-01;bdnb-bc-1HQF-1VBD-1F49;bdnb-bg-7ET9-ZAYT-51L9;75;270.0;4.7;Paris 15e Arrondissement;1770.0;;;;INDETERMINE;INDETERMINE;1.0;5.0;270.0;Tertiaire & Autres;Tertiaire;"[""SARL RUE BLOMET"", ""15EME ART""]"
0750838D;FD8ZT8YM3MNQ;E.E.PU AGNES VARDA - Ecole élémentaire 46 rue Boulard;075;école;ECOLE DE NIVEAU ELEMENTAIRE;Paris 14e  Arrondissement;1965-05-01;bdnb-bc-HW64-3NPU-7HNT;bdnb-bg-DA81-5AP9-BPYL;75;1312.0;8.2;Paris 14e Arrondissement;1907.0;;;;BETON - PIERRE;TUILES;2.0;6.0;1385.0;Résidentiel collectif;Tertiaire;"[""VILLE DE PARIS""]"
0750845L;6DKRR7W79CMC;E.E.PU CAMBON 28 rue Cambon;075;école;ECOLE DE NIVEAU ELEMENTAIRE;Paris  1er Arrondissement;1965-05-01;bdnb-bc-1X7W-XU2B-4LNZ;bdnb-bg-GWQS-UQ2V-6X9R;75;3032.0;27.0;Paris 1er Arrondissement;1880.0;;;;INDETERMINE;INDETERMINE;1.0;27.0;3032.0;Tertiaire & Autres;Tertiaire;"[""ETAT PAR LA COUR DES COMPTES"", ""ETAT PAR DIRECTION DE L IMMOBILIER DE L ETAT""]"
0750858A;W6Z7RV1ST9YC;E.E.PU CLAUDE VELLEFAUX 33 avenue Claude Vellefaux;075;école;ECOLE DE NIVEAU ELEMENTAIRE;Paris 10e  Arrondissement;1965-05-01;bdnb-bc-NTZF-WTEK-YXRH;bdnb-bg-HVZ8-PYK2-4N88;75;490.0;10.6;Paris 10e Arrondissement;1954.0;;;;BRIQUES;BETON;4.0;12.0;774.0;Tertiaire & Autres;Tertiaire;"[""VILLE DE PARIS""]"
0750858A;FQZCG25MH4QM;E.E.PU CLAUDE VELLEFAUX 33 avenue Claude Vellefaux;075;école;ECOLE DE NIVEAU ELEMENTAIRE;Paris 10e  Arrondissement;1965-05-01;bdnb-bc-LWTP-113N-N6Z4;bdnb-bg-HVZ8-PYK2-4N88;75;283.0;13.9;Paris 10e Arrondissement;1954.0;;;;BRIQUES;BETON;4.0;12.0;774.0;Tertiaire & Autres;Tertiaire;"[""VILLE DE PARIS""]"
0750868L;9F4EGAHHJVE3;E.E.PU DIDEROT 40 boulevard Diderot;075;école;ECOLE DE NIVEAU ELEMENTAIRE;Paris 12e  Arrondissement;1965-05-01;bdnb-bc-ZRZY-XEEZ-Z2A1;bdnb-bg-9NEN-E2VG-Z55P;75;589.0;15.1;Paris 12e Arrondissement;1900.0;;;;BRIQUES - PIERRE;TUILES - ZINC ALUMINIUM;4.0;12.0;1786.0;Résidentiel collectif;Tertiaire;"[""VILLE DE PARIS""]"
0750868L;G9FA7AENNT8N;E.E.PU DIDEROT 40 boulevard Diderot;075;école;ECOLE DE NIVEAU ELEMENTAIRE;Paris 12e  Arrondissement;1965-05-01;bdnb-bc-WCHN-LFTW-P514;bdnb-bg-9NEN-E2VG-Z55P;75;331.0;4.1;Paris 12e Arrondissement;1900.0;;;;BRIQUES - PIERRE;TUILES - ZINC ALUMINIUM;4.0;12.0;1786.0;Résidentiel collectif;Tertiaire;"[""VILLE DE PARIS""]"
0750874T;Q4VSXBET11F9;E.E.PU EMILE LEVASSOR 3 rue Emile Levassor;075;école;ECOLE DE NIVEAU ELEMENTAIRE;Paris 13e  Arrondissement;1965-05-01;bdnb-bc-LHJY-32P1-L8AG;bdnb-bg-V9MF-FQTF-664Y;75;2540.0;8.2;Paris 13e Arrondissement;2022.0;;;;INDETERMINE;INDETERMINE;4.0;6.0;3123.0;Tertiaire & Autres;Tertiaire;"[""VILLE DE PARIS""]"
0750874T;SEYJGBPC6GM6;E.E.PU EMILE LEVASSOR 3 rue Emile Levassor;075;école;ECOLE DE NIVEAU ELEMENTAIRE;Paris 13e  Arrondissement;1965-05-01;bdnb-bc-PEFH-RRK2-KWB7;bdnb-bg-V9MF-FQTF-664Y;75;242.0;5.5;Paris 13e Arrondissement;2022.0;;;;INDETERMINE;INDETERMINE;4.0;6.0;3123.0;Tertiaire & Autres;Tertiaire;"[""VILLE DE PARIS""]"
0750877W;E377Z8CPP9NE;E.E.PU EUGENE REISZ 4 rue Eugène Reisz;075;école;ECOLE DE NIVEAU ELEMENTAIRE;Paris 20e  Arrondissement;1965-05-01;bdnb-bc-XV9F-42XX-VRLB;bdnb-bg-1M5B-B9PA-AGZS;75;830.0;16.9;Paris 20e Arrondissement;2024.0;;;;INDETERMINE;INDETERMINE;4.0;10.0;3682.0;Tertiaire & Autres;Tertiaire;"[""VILLE DE PARIS""]"
0750877W;J2DA3XBMV7W4;E.E.PU EUGENE REISZ 4 rue Eugène Reisz;075;école;ECOLE DE NIVEAU ELEMENTAIRE;Paris 20e  Arrondissement;1965-05-01;bdnb-bc-V4CV-WF74-J7YQ;bdnb-bg-1M5B-B9PA-AGZS;75;244.0;6.5;Paris 20e Arrondissement;2024.0;;;;INDETERMINE;INDETERMINE;4.0;10.0;3682.0;Tertiaire & Autres;Tertiaire;"[""VILLE DE PARIS""]"
0750878X;A17FHJATWYVK;E.E.PU EUGENE VARLIN 10 rue Eugène Varlin;075;école;ECOLE DE NIVEAU ELEMENTAIRE;Paris 10e  Arrondissement;1965-05-01;bdnb-bc-D7CQ-2LR1-DSE5;bdnb-bg-55CS-47QP-XNAW;75;506.0;16.1;Paris 10e Arrondissement;1884.0;;;;PIERRE;TUILES;4.0;16.0;620.0;Tertiaire & Autres;Tertiaire;"[""VILLE DE PARIS""]"
0750878X;92REJY5AKP56;E.E.PU EUGENE VARLIN 10 rue Eugène Varlin;075;école;ECOLE DE NIVEAU ELEMENTAIRE;Paris 10e  Arrondissement;1965-05-01;bdnb-bc-EKBQ-5RJ9-SNBE;bdnb-bg-55CS-47QP-XNAW;75;114.0;5.0;Paris 10e Arrondissement;1884.0;;;;PIERRE;TUILES;4.0;16.0;620.0;Tertiaire & Autres;Tertiaire;"[""VILLE DE PARIS""]"
0750882B;71NAJWVSQWNG;E.E.PU FELIX FAURE B 146 avenue Félix Faure;075;école;ECOLE DE NIVEAU ELEMENTAIRE;Paris 15e  Arrondissement;1965-05-01;bdnb-bc-GCTQ-71CN-E5JU;bdnb-bg-J4F6-LMX3-MJ2L;75;1928.0;14.1;Paris 15e Arrondissement;1900.0;;;;INDETERMINE;ARDOISES - TUILES;4.0;11.0;2049.0;Tertiaire & Autres;Tertiaire;"[""VILLE DE PARIS"", ""ENEDIS""]"
0750890K;ETA9RWT9MJWA;E.E.PU FRANC NOHAIN 9 rue Franc Nohain;075;école;ECOLE DE NIVEAU ELEMENTAIRE;Paris 13e  Arrondissement;1965-05-01;bdnb-bc-JU4B-PWL7-8AUE;bdnb-bg-P8VR-DPPH-L3JL;75;1971.0;13.3;Paris 13e Arrondissement;1900.0;;;;INDETERMINE;INDETERMINE;2.0;10.0;2230.0;Résidentiel collectif;Tertiaire;"[""VILLE DE PARIS""]"
0750908E;7K1SVTD6ME2P;E.E.PU JENNER EA 40 rue Jenner;075;école;ECOLE DE NIVEAU ELEMENTAIRE;Paris 13e  Arrondissement;1965-05-01;bdnb-bc-6TKT-639X-1671;bdnb-bg-VAUR-YJSD-5A19;75;2081.0;14.8;Paris 13e Arrondissement;1900.0;;;;BETON;TUILES;4.0;9.0;2157.0;Tertiaire & Autres;Tertiaire;"[""ASSISTANCE PUBLIQUE HOPITAUX DE PARIS"", ""SERVICE LOGEMENT DE L'AP-HP""]"
0750908E;X4C2TY34YBDH;E.E.PU JENNER EA 40 rue Jenner;075;école;ECOLE DE NIVEAU ELEMENTAIRE;Paris 13e  Arrondissement;1965-05-01;bdnb-bc-8XRV-XZJE-LFWF;bdnb-bg-NHB3-GA3Y-E6QE;75;30.0;3.0;Paris 13e Arrondissement;2007.0;1948.0;D;F;PIERRE;TUILES;4.0;10.0;102884.0;Tertiaire & Autres;Tertiaire;"[""ASSISTANCE PUBLIQUE HOPITAUX DE PARIS"", ""CDC HABITAT SOCIAL SOCIETE ANONYME D'HABITATIONS A LOYER MOD"", ""GHU SORBONNE UNIVERSITE HOP SAINT ANTOINE BUREAU DES ACHATS""]"
0750908E;9YJ6KRRZGZE7;E.E.PU JENNER EA 40 rue Jenner;075;école;ECOLE DE NIVEAU ELEMENTAIRE;Paris 13e  Arrondissement;1965-05-01;bdnb-bc-Y8T3-EHSV-SNUK;bdnb-bg-NHB3-GA3Y-E6QE;75;399.0;7.8;Paris 13e Arrondissement;2007.0;1948.0;D;F;PIERRE;TUILES;4.0;10.0;102884.0;Tertiaire & Autres;Tertiaire;"[""ASSISTANCE PUBLIQUE HOPITAUX DE PARIS"", ""CDC HABITAT SOCIAL SOCIETE ANONYME D'HABITATIONS A LOYER MOD"", ""GHU SORBONNE UNIVERSITE HOP SAINT ANTOINE BUREAU DES ACHATS""]"
0750908E;FV9AYTG1S61R;E.E.PU JENNER EA 40 rue Jenner;075;école;ECOLE DE NIVEAU ELEMENTAIRE;Paris 13e  Arrondissement;1965-05-01;bdnb-bc-GJGD-VV7K-772C;bdnb-bg-NHB3-GA3Y-E6QE;75;985.0;9.5;Paris 13e Arrondissement;2007.0;1948.0;D;F;PIERRE;TUILES;4.0;10.0;102884.0;Tertiaire & Autres;Tertiaire;"[""ASSISTANCE PUBLIQUE HOPITAUX DE PARIS"", ""CDC HABITAT SOCIAL SOCIETE ANONYME D'HABITATIONS A LOYER MOD"", ""GHU SORBONNE UNIVERSITE HOP SAINT ANTOINE BUREAU DES ACHATS""]"
0750908E;DTDGX478EBFY;E.E.PU JENNER EA 40 rue Jenner;075;école;ECOLE DE NIVEAU ELEMENTAIRE;Paris 13e  Arrondissement;1965-05-01;bdnb-bc-5H3D-Q269-HK2X;bdnb-bg-VAUR-YJSD-5A19;75;42.0;3.5;Paris 13e Arrondissement;1900.0;;;;BETON;TUILES;4.0;9.0;2157.0;Tertiaire & Autres;Tertiaire;"[""ASSISTANCE PUBLIQUE HOPITAUX DE PARIS"", ""SERVICE LOGEMENT DE L'AP-HP""]"
0750908E;4MQ2D45QZBVZ;E.E.PU JENNER EA 40 rue Jenner;075;école;ECOLE DE NIVEAU ELEMENTAIRE;Paris 13e  Arrondissement;1965-05-01;bdnb-bc-LN2T-HNW9-UTPY;bdnb-bg-NHB3-GA3Y-E6QE;75;429.0;9.6;Paris 13e Arrondissement;2007.0;1948.0;D;F;PIERRE;TUILES;4.0;10.0;102884.0;Tertiaire & Autres;Tertiaire;"[""ASSISTANCE PUBLIQUE HOPITAUX DE PARIS"", ""CDC HABITAT SOCIAL SOCIETE ANONYME D'HABITATIONS A LOYER MOD"", ""GHU SORBONNE UNIVERSITE HOP SAINT ANTOINE BUREAU DES ACHATS""]"
0750908E;S6SSASC5ZYAK;E.E.PU JENNER EA 40 rue Jenner;075;école;ECOLE DE NIVEAU ELEMENTAIRE;Paris 13e  Arrondissement;1965-05-01;bdnb-bc-CYNP-PUDW-NCYH;bdnb-bg-NHB3-GA3Y-E6QE;75;138.0;6.1;Paris 13e Arrondissement;2007.0;1948.0;D;F;PIERRE;TUILES;4.0;10.0;102884.0;Tertiaire & Autres;Tertiaire;"[""ASSISTANCE PUBLIQUE HOPITAUX DE PARIS"", ""CDC HABITAT SOCIAL SOCIETE ANONYME D'HABITATIONS A LOYER MOD"", ""GHU SORBONNE UNIVERSITE HOP SAINT ANTOINE BUREAU DES ACHATS""]"
0750908E;WZHRDNFZ2KRF;E.E.PU JENNER EA 40 rue Jenner;075;école;ECOLE DE NIVEAU ELEMENTAIRE;Paris 13e  Arrondissement;1965-05-01;bdnb-bc-RRTG-NL2S-B2H8;bdnb-bg-NHB3-GA3Y-E6QE;75;170.0;5.0;Paris 13e Arrondissement;2007.0;1948.0;D;F;PIERRE;TUILES;4.0;10.0;102884.0;Tertiaire & Autres;Tertiaire;"[""ASSISTANCE PUBLIQUE HOPITAUX DE PARIS"", ""CDC HABITAT SOCIAL SOCIETE ANONYME D'HABITATIONS A LOYER MOD"", ""GHU SORBONNE UNIVERSITE HOP SAINT ANTOINE BUREAU DES ACHATS""]"
0750908E;JC11TPNP6H7X;E.E.PU JENNER EA 40 rue Jenner;075;école;ECOLE DE NIVEAU ELEMENTAIRE;Paris 13e  Arrondissement;1965-05-01;bdnb-bc-2Z72-RCJG-H2DJ;bdnb-bg-NHB3-GA3Y-E6QE;75;3545.0;14.1;Paris 13e Arrondissement;2007.0;1948.0;D;F;PIERRE;TUILES;4.0;10.0;102884.0;Tertiaire & Autres;Tertiaire;"[""ASSISTANCE PUBLIQUE HOPITAUX DE PARIS"", ""CDC HABITAT SOCIAL SOCIETE ANONYME D'HABITATIONS A LOYER MOD"", ""GHU SORBONNE UNIVERSITE HOP SAINT ANTOINE BUREAU DES ACHATS""]"
0750908E;TAHG55D1HGQW;E.E.PU JENNER EA 40 rue Jenner;075;école;ECOLE DE NIVEAU ELEMENTAIRE;Paris 13e  Arrondissement;1965-05-01;bdnb-bc-YWR5-4FLJ-2NN1;bdnb-bg-NHB3-GA3Y-E6QE;75;114.0;15.5;Paris 13e Arrondissement;2007.0;1948.0;D;F;PIERRE;TUILES;4.0;10.0;102884.0;Tertiaire & Autres;Tertiaire;"[""ASSISTANCE PUBLIQUE HOPITAUX DE PARIS"", ""CDC HABITAT SOCIAL SOCIETE ANONYME D'HABITATIONS A LOYER MOD"", ""GHU SORBONNE UNIVERSITE HOP SAINT ANTOINE BUREAU DES ACHATS""]"
0750908E;4EGKMHNYX7PZ;E.E.PU JENNER EA 40 rue Jenner;075;école;ECOLE DE NIVEAU ELEMENTAIRE;Paris 13e  Arrondissement;1965-05-01;bdnb-bc-5GK9-N9MY-GT8V;bdnb-bg-NHB3-GA3Y-E6QE;75;79.0;14.9;Paris 13e Arrondissement;2007.0;1948.0;D;F;PIERRE;TUILES;4.0;10.0;102884.0;Tertiaire & Autres;Tertiaire;"[""ASSISTANCE PUBLIQUE HOPITAUX DE PARIS"", ""CDC HABITAT SOCIAL SOCIETE ANONYME D'HABITATIONS A LOYER MOD"", ""GHU SORBONNE UNIVERSITE HOP SAINT ANTOINE BUREAU DES ACHATS""]"
0750908E;G18FFS2YGE9Y;E.E.PU JENNER EA 40 rue Jenner;075;école;ECOLE DE NIVEAU ELEMENTAIRE;Paris 13e  Arrondissement;1965-05-01;bdnb-bc-CDSK-5676-HGGY;bdnb-bg-NHB3-GA3Y-E6QE;75;219.0;6.7;Paris 13e Arrondissement;2007.0;1948.0;D;F;PIERRE;TUILES;4.0;10.0;102884.0;Tertiaire & Autres;Tertiaire;"[""ASSISTANCE PUBLIQUE HOPITAUX DE PARIS"", ""CDC HABITAT SOCIAL SOCIETE ANONYME D'HABITATIONS A LOYER MOD"", ""GHU SORBONNE UNIVERSITE HOP SAINT ANTOINE BUREAU DES ACHATS""]"
0750908E;WTZ7FKG3JRSV;E.E.PU JENNER EA 40 rue Jenner;075;école;ECOLE DE NIVEAU ELEMENTAIRE;Paris 13e  Arrondissement;1965-05-01;bdnb-bc-WP1R-H2FC-UVNG;bdnb-bg-NHB3-GA3Y-E6QE;75;93.0;15.8;Paris 13e Arrondissement;2007.0;1948.0;D;F;PIERRE;TUILES;4.0;10.0;102884.0;Tertiaire & Autres;Tertiaire;"[""ASSISTANCE PUBLIQUE HOPITAUX DE PARIS"", ""CDC HABITAT SOCIAL SOCIETE ANONYME D'HABITATIONS A LOYER MOD"", ""GHU SORBONNE UNIVERSITE HOP SAINT ANTOINE BUREAU DES ACHATS""]"
0750908E;8WT9FYWTYHZA;E.E.PU JENNER EA 40 rue Jenner;075;école;ECOLE DE NIVEAU ELEMENTAIRE;Paris 13e  Arrondissement;1965-05-01;bdnb-bc-BK7F-QZSU-4D15;bdnb-bg-NHB3-GA3Y-E6QE;75;1994.0;11.1;Paris 13e Arrondissement;2007.0;1948.0;D;F;PIERRE;TUILES;4.0;10.0;102884.0;Tertiaire & Autres;Tertiaire;"[""ASSISTANCE PUBLIQUE HOPITAUX DE PARIS"", ""CDC HABITAT SOCIAL SOCIETE ANONYME D'HABITATIONS A LOYER MOD"", ""GHU SORBONNE UNIVERSITE HOP SAINT ANTOINE BUREAU DES ACHATS""]"
0750938M;191Q7YS56RWJ;E.E.PU MAURICE ROUVIER 8 rue Maurice Rouvier;075;école;ECOLE DE NIVEAU ELEMENTAIRE;Paris 14e  Arrondissement;1965-05-01;bdnb-bc-LCXN-MXQA-RFMM;bdnb-bg-Y9Q9-4Z86-5G44;75;33.0;3.3;Paris 14e Arrondissement;1900.0;;;;BRIQUES - PIERRE;TUILES;4.0;8.0;2288.0;Résidentiel collectif;Tertiaire;"[""VILLE DE PARIS""]"
0750951B;64ZFMKQXDVES;E.E.PU OURCQ EA 105 bis rue de l'Ourcq;075;école;ECOLE DE NIVEAU ELEMENTAIRE;Paris 19e  Arrondissement;1965-05-01;bdnb-bc-U487-SZHJ-N49M;bdnb-bg-5AYC-RPYM-66T9;75;1666.0;13.6;Paris 19e Arrondissement;2023.0;;;;INDETERMINE;INDETERMINE;4.0;15.0;2390.0;Tertiaire & Autres;Tertiaire;"[""VILLE DE PARIS""]"
0750960L;VSKRWH11NXS5;E.E.PU PICPUS EA 56 rue de Picpus;075;école;ECOLE DE NIVEAU ELEMENTAIRE;Paris 12e  Arrondissement;1965-05-01;bdnb-bc-UEVZ-1PHH-FFZZ;bdnb-bg-PUMT-D3ZL-R89L;75;116.0;20.6;Paris 12e Arrondissement;1966.0;;C;;BETON;AUTRES;5.0;10.0;3670.0;Résidentiel collectif;Tertiaire;"[""VILLE DE PARIS""]"
0750960L;JC8DQ4EANVSY;E.E.PU PICPUS EA 56 rue de Picpus;075;école;ECOLE DE NIVEAU ELEMENTAIRE;Paris 12e  Arrondissement;1965-05-01;bdnb-bc-LN4G-R3GC-CYRC;bdnb-bg-PUMT-D3ZL-R89L;75;86.0;9.5;Paris 12e Arrondissement;1966.0;;C;;BETON;AUTRES;5.0;10.0;3670.0;Résidentiel collectif;Tertiaire;"[""VILLE DE PARIS""]"
0750960L;ZVSEB53ARXF4;E.E.PU PICPUS EA 56 rue de Picpus;075;école;ECOLE DE NIVEAU ELEMENTAIRE;Paris 12e  Arrondissement;1965-05-01;bdnb-bc-78KV-HEY5-XM72;bdnb-bg-PUMT-D3ZL-R89L;75;50.0;11.3;Paris 12e Arrondissement;1966.0;;C;;BETON;AUTRES;5.0;10.0;3670.0;Résidentiel collectif;Tertiaire;"[""VILLE DE PARIS""]"
0750960L;GJ74FD3D46WS;E.E.PU PICPUS EA 56 rue de Picpus;075;école;ECOLE DE NIVEAU ELEMENTAIRE;Paris 12e  Arrondissement;1965-05-01;bdnb-bc-91UH-UXWN-CVNJ;bdnb-bg-PUMT-D3ZL-R89L;75;1405.0;4.7;Paris 12e Arrondissement;1966.0;;C;;BETON;AUTRES;5.0;10.0;3670.0;Résidentiel collectif;Tertiaire;"[""VILLE DE PARIS""]"
0750960L;ECRZJT6J4ECJ;E.E.PU PICPUS EA 56 rue de Picpus;075;école;ECOLE DE NIVEAU ELEMENTAIRE;Paris 12e  Arrondissement;1965-05-01;bdnb-bc-6Y27-ZGD3-JAXF;bdnb-bg-PUMT-D3ZL-R89L;75;496.0;11.6;Paris 12e Arrondissement;1966.0;;C;;BETON;AUTRES;5.0;10.0;3670.0;Résidentiel collectif;Tertiaire;"[""VILLE DE PARIS""]"
0750960L;7TW1Y6YTKTE9;E.E.PU PICPUS EA 56 rue de Picpus;075;école;ECOLE DE NIVEAU ELEMENTAIRE;Paris 12e  Arrondissement;1965-05-01;bdnb-bc-BK99-KJJG-6DB3;bdnb-bg-PUMT-D3ZL-R89L;75;537.0;15.1;Paris 12e Arrondissement;1966.0;;C;;BETON;AUTRES;5.0;10.0;3670.0;Résidentiel collectif;Tertiaire;"[""VILLE DE PARIS""]"
0750960L;8S8G2SZ2YWFR;E.E.PU PICPUS EA 56 rue de Picpus;075;école;ECOLE DE NIVEAU ELEMENTAIRE;Paris 12e  Arrondissement;1965-05-01;bdnb-bc-HAB2-5LXF-PVEZ;bdnb-bg-PUMT-D3ZL-R89L;75;892.0;4.6;Paris 12e Arrondissement;1966.0;;C;;BETON;AUTRES;5.0;10.0;3670.0;Résidentiel collectif;Tertiaire;"[""VILLE DE PARIS""]"
0750963P;TX7N5BMAED7S;E.E.PU PIERRE FONCIN EA 8 rue Pierre Foncin;075;école;ECOLE DE NIVEAU ELEMENTAIRE;Paris 20e  Arrondissement;1965-05-01;bdnb-bc-ZLC9-C34S-MA6Y;bdnb-bg-QT2U-V3GX-QS14;75;97.0;3.9;Paris 20e Arrondissement;2024.0;;;;INDETERMINE;INDETERMINE;4.0;9.0;2688.0;Tertiaire & Autres;Tertiaire;"[""VILLE DE PARIS""]"
0750973A;DCB61PJYYMJY;E.E.PU EUGENIE COTTON EA 16 rue Eugénie Cotton;075;école;ECOLE DE NIVEAU ELEMENTAIRE;Paris 19e  Arrondissement;1965-05-01;bdnb-bc-QAPH-BDTS-YNH9;bdnb-bg-KFBF-43NB-C757;75;2623.0;7.2;Paris 19e Arrondissement;2023.0;1947.0;;;INDETERMINE;INDETERMINE;3.0;13.0;3855.0;Tertiaire & Autres;Tertiaire;"[""VILLE DE PARIS""]"
0750985N;DJ61V8W1YGBF;E.E.PU RICHOMME N 9 rue Richomme;075;école;ECOLE DE NIVEAU ELEMENTAIRE;Paris 18e  Arrondissement;1965-05-01;bdnb-bc-YZ9G-MDDY-WL9N;bdnb-bg-L7BL-FZBX-VFWB;75;29.0;3.0;Paris 18e Arrondissement;1957.0;;;;BETON;BETON;3.0;;627.0;Tertiaire & Autres;Tertiaire;"[""VILLE DE PARIS""]"
0750985N;AFFG93JBFR4Y;E.E.PU RICHOMME N 9 rue Richomme;075;école;ECOLE DE NIVEAU ELEMENTAIRE;Paris 18e  Arrondissement;1965-05-01;bdnb-bc-VU9W-MLPG-DLYS;bdnb-bg-L7BL-FZBX-VFWB;75;598.0;5.0;Paris 18e Arrondissement;1957.0;;;;BETON;BETON;3.0;;627.0;Tertiaire & Autres;Tertiaire;"[""VILLE DE PARIS""]"
0750989T;QKSHPHSHT5EG;E.E.PU ROUELLE 25 rue Rouelle;075;école;ECOLE DE NIVEAU ELEMENTAIRE;Paris 15e  Arrondissement;1965-05-01;bdnb-bc-A6MN-FQPU-XBMF;bdnb-bg-AZXS-VMVC-AJ3L;75;1560.0;14.6;Paris 15e Arrondissement;1912.0;;;;BRIQUES;TUILES;4.0;15.0;1560.0;Résidentiel collectif;Tertiaire;"[""VILLE DE PARIS""]"
0750994Y;9HG39FYM1YP1;E.E.PU SIMON BOLIVAR EA 119 avenue Simon Bolivar;075;école;ECOLE DE NIVEAU ELEMENTAIRE;Paris 19e  Arrondissement;1965-05-01;bdnb-bc-6GCS-1U7P-LRFZ;bdnb-bg-WYT9-K3ER-38PN;75;193.0;9.5;Paris 19e Arrondissement;2023.0;;;;INDETERMINE;INDETERMINE;5.0;10.0;2044.0;Tertiaire & Autres;Tertiaire;"[""VILLE DE PARIS""]"
0750994Y;CSVZB5TYTZPV;E.E.PU SIMON BOLIVAR EA 119 avenue Simon Bolivar;075;école;ECOLE DE NIVEAU ELEMENTAIRE;Paris 19e  Arrondissement;1965-05-01;bdnb-bc-VD2Z-YHNA-41X3;bdnb-bg-WYT9-K3ER-38PN;75;55.0;3.6;Paris 19e Arrondissement;2023.0;;;;INDETERMINE;INDETERMINE;5.0;10.0;2044.0;Tertiaire & Autres;Tertiaire;"[""VILLE DE PARIS""]"
0751003H;QQXTJD6V2A7Y;E.E.PU JACQUES DELORS-Ecole élémentaire 22 rue Saint-Maur;075;école;ECOLE DE NIVEAU ELEMENTAIRE;Paris 11e  Arrondissement;1965-05-01;bdnb-bc-5SSD-K5PK-WGPV;bdnb-bg-94DK-HGFQ-KW4M;75;1304.0;15.9;Paris 11e Arrondissement;1911.0;;;;BRIQUES;TUILES;3.0;12.0;1857.0;Tertiaire & Autres;Tertiaire;"[""VILLE DE PARIS""]"
0751008N;72NEY7M2B816;E.E.PU ST ISAURE 18 rue Saint Isaure;075;école;ECOLE DE NIVEAU ELEMENTAIRE;Paris 18e  Arrondissement;1969-02-02;bdnb-bc-PR2J-1KB7-A91Y;bdnb-bg-7UEB-QD2W-8N16;75;561.0;10.7;Paris 18e Arrondissement;;;;;INDETERMINE;INDETERMINE;1.0;11.0;561.0;Tertiaire & Autres;Tertiaire;"[""ASS CONSISTORIALE ISRAELITE DE PARIS""]"
0751029L;BESEP3VA64CE;E.E.PU ANTOINE CHANTIN 20 rue Antoine Chantin;075;école;ECOLE DE NIVEAU ELEMENTAIRE;Paris 14e  Arrondissement;1965-05-01;bdnb-bc-STBK-UFLN-BTFR;bdnb-bg-61FH-LSWQ-SHFR;75;1297.0;11.1;Paris 14e Arrondissement;1907.0;;;;BRIQUES - PIERRE;TUILES;4.0;9.0;1746.0;Résidentiel collectif;Tertiaire;"[""VILLE DE PARIS""]"
0751044C;Z6EZYFJFK45B;E.E.PU BERCY 167 rue de Bercy;075;école;ECOLE DE NIVEAU ELEMENTAIRE;Paris 12e  Arrondissement;1965-05-01;bdnb-bc-9SQ3-88RJ-FJNV;bdnb-bg-NQ7X-4S8A-EHGN;75;560.0;4.2;Paris 12e Arrondissement;2000.0;2014.0;;C;INDETERMINE;INDETERMINE;3.0;6.0;71926.0;Tertiaire & Autres;Tertiaire;"[""VILLE DE PARIS"", ""LAFARGE BETONS"", ""SOCIETE NATIONALE SNCF"", ""REGIE AUTONOME DES TRANSPORTS PARISIENS""]"
0751044C;Z6EZYFJFK45B;E.E.PU BERCY 167 rue de Bercy;075;école;ECOLE DE NIVEAU ELEMENTAIRE;Paris 12e  Arrondissement;1965-05-01;bdnb-bc-P77F-2QQE-6AQQ;bdnb-bg-NQ7X-4S8A-EHGN;75;9812.0;8.7;Paris 12e Arrondissement;2000.0;2014.0;;C;INDETERMINE;INDETERMINE;3.0;6.0;71926.0;Tertiaire & Autres;Tertiaire;"[""VILLE DE PARIS"", ""LAFARGE BETONS"", ""SOCIETE NATIONALE SNCF"", ""REGIE AUTONOME DES TRANSPORTS PARISIENS""]"
0751052L;DCB61PJYYMJY;E.E.PU EUGENIE COTTON EB 16 rue Eugénie Cotton;075;école;ECOLE DE NIVEAU ELEMENTAIRE;Paris 19e  Arrondissement;1965-05-01;bdnb-bc-QAPH-BDTS-YNH9;bdnb-bg-KFBF-43NB-C757;75;2623.0;7.2;Paris 19e Arrondissement;2023.0;1947.0;;;INDETERMINE;INDETERMINE;3.0;13.0;3855.0;Tertiaire & Autres;Tertiaire;"[""VILLE DE PARIS""]"
0751065A;BFRVPTWYBG4N;E.E.PU CARDINAL AMETTE 3 place du Cardinal Amette;075;école;ECOLE DE NIVEAU ELEMENTAIRE;Paris 15e  Arrondissement;1965-05-01;bdnb-bc-UMCW-S9SL-KWEZ;bdnb-bg-Y6A3-K54D-CKEB;75;1913.0;9.8;Paris 15e Arrondissement;1940.0;;;;BETON - BRIQUES;BETON;4.0;9.0;3576.0;Résidentiel collectif;Tertiaire;"[""VILLE DE PARIS""]"
0751100N;4WM536HMVM1R;E.E.PU FAGON 13 rue Fagon;075;école;ECOLE DE NIVEAU ELEMENTAIRE;Paris 13e  Arrondissement;1965-05-01;bdnb-bc-WE5E-3D9K-TZD1;bdnb-bg-Q5PX-QUG9-QQ5M;75;168.0;6.7;Paris 13e Arrondissement;1892.0;;;;PIERRE;ARDOISES - ZINC ALUMINIUM;3.0;12.0;1890.0;Résidentiel collectif;Tertiaire;"[""VILLE DE PARIS""]"
0751100N;RQXZMDEC516R;E.E.PU FAGON 13 rue Fagon;075;école;ECOLE DE NIVEAU ELEMENTAIRE;Paris 13e  Arrondissement;1965-05-01;bdnb-bc-ATC2-SRCZ-SLEW;bdnb-bg-Q5PX-QUG9-QQ5M;75;514.0;19.1;Paris 13e Arrondissement;1892.0;;;;PIERRE;ARDOISES - ZINC ALUMINIUM;3.0;12.0;1890.0;Résidentiel collectif;Tertiaire;"[""VILLE DE PARIS""]"
0751100N;18P38NK1BGKS;E.E.PU FAGON 13 rue Fagon;075;école;ECOLE DE NIVEAU ELEMENTAIRE;Paris 13e  Arrondissement;1965-05-01;bdnb-bc-THDA-XZAK-LXS6;bdnb-bg-Q5PX-QUG9-QQ5M;75;607.0;6.6;Paris 13e Arrondissement;1892.0;;;;PIERRE;ARDOISES - ZINC ALUMINIUM;3.0;12.0;1890.0;Résidentiel collectif;Tertiaire;"[""VILLE DE PARIS""]"
0751100N;TH55V653Q52J;E.E.PU FAGON 13 rue Fagon;075;école;ECOLE DE NIVEAU ELEMENTAIRE;Paris 13e  Arrondissement;1965-05-01;bdnb-bc-9C2E-XATD-LHYX;bdnb-bg-Q5PX-QUG9-QQ5M;75;36.0;19.3;Paris 13e Arrondissement;1892.0;;;;PIERRE;ARDOISES - ZINC ALUMINIUM;3.0;12.0;1890.0;Résidentiel collectif;Tertiaire;"[""VILLE DE PARIS""]"
0751100N;EK4K5SRFSQK4;E.E.PU FAGON 13 rue Fagon;075;école;ECOLE DE NIVEAU ELEMENTAIRE;Paris 13e  Arrondissement;1965-05-01;bdnb-bc-CNGU-4NGT-J3WZ;bdnb-bg-Q5PX-QUG9-QQ5M;75;40.0;3.3;Paris 13e Arrondissement;1892.0;;;;PIERRE;ARDOISES - ZINC ALUMINIUM;3.0;12.0;1890.0;Résidentiel collectif;Tertiaire;"[""VILLE DE PARIS""]"
0751102R;3Q7J8V6F3A74;E.E.PU FAUBOURG ST DENIS 34 rue du Faubourg Saint denis;075;école;ECOLE DE NIVEAU ELEMENTAIRE;Paris 10e  Arrondissement;1965-05-01;bdnb-bc-RNTL-YTXB-KTMK;bdnb-bg-2TT7-VTCU-NQW3;75;157.0;13.6;Paris 10e Arrondissement;2023.0;;;;INDETERMINE;INDETERMINE;1.0;11.0;699.0;Tertiaire & Autres;Tertiaire;"[""VILLE DE PARIS""]"
0751102R;ERADZVNWG15D;E.E.PU FAUBOURG ST DENIS 34 rue du Faubourg Saint denis;075;école;ECOLE DE NIVEAU ELEMENTAIRE;Paris 10e  Arrondissement;1965-05-01;bdnb-bc-A4E5-X53W-FKN6;bdnb-bg-2TT7-VTCU-NQW3;75;26.0;3.0;Paris 10e Arrondissement;2023.0;;;;INDETERMINE;INDETERMINE;1.0;11.0;699.0;Tertiaire & Autres;Tertiaire;"[""VILLE DE PARIS""]"
0751102R;JWRQMD26FVKY;E.E.PU FAUBOURG ST DENIS 34 rue du Faubourg Saint denis;075;école;ECOLE DE NIVEAU ELEMENTAIRE;Paris 10e  Arrondissement;1965-05-01;bdnb-bc-8BYY-LW5E-KCQ5;bdnb-bg-2TT7-VTCU-NQW3;75;345.0;16.0;Paris 10e Arrondissement;2023.0;;;;INDETERMINE;INDETERMINE;1.0;11.0;699.0;Tertiaire & Autres;Tertiaire;"[""VILLE DE PARIS""]"
0751102R;B8HFMJR3GHKY;E.E.PU FAUBOURG ST DENIS 34 rue du Faubourg Saint denis;075;école;ECOLE DE NIVEAU ELEMENTAIRE;Paris 10e  Arrondissement;1965-05-01;bdnb-bc-3FL2-FN4J-XW2K;bdnb-bg-2TT7-VTCU-NQW3;75;57.0;6.5;Paris 10e Arrondissement;2023.0;;;;INDETERMINE;INDETERMINE;1.0;11.0;699.0;Tertiaire & Autres;Tertiaire;"[""VILLE DE PARIS""]"
0751102R;KVREF6RAKDC2;E.E.PU FAUBOURG ST DENIS 34 rue du Faubourg Saint denis;075;école;ECOLE DE NIVEAU ELEMENTAIRE;Paris 10e  Arrondissement;1965-05-01;bdnb-bc-VUG7-GC3S-KR7Z;bdnb-bg-2TT7-VTCU-NQW3;75;114.0;6.5;Paris 10e Arrondissement;2023.0;;;;INDETERMINE;INDETERMINE;1.0;11.0;699.0;Tertiaire & Autres;Tertiaire;"[""VILLE DE PARIS""]"
0751109Y;3CVAF35W5E5W;E.E.PU FOURCROY 12 bis rue Fourcroy;075;école;ECOLE DE NIVEAU ELEMENTAIRE;Paris 17e  Arrondissement;1965-05-01;bdnb-bc-LE9C-WUWH-UQCE;bdnb-bg-JEXD-F7W6-LFU9;75;1608.0;14.2;Paris 17e Arrondissement;2023.0;;;;INDETERMINE;INDETERMINE;4.0;14.0;1608.0;Tertiaire & Autres;Tertiaire;"[""VILLE DE PARIS""]"
0751120K;XR5T177BMD76;E.E.PU HIPPOLYTE MAINDRON 48 rue Hippolyte Maindron;075;école;ECOLE DE NIVEAU ELEMENTAIRE;Paris 14e  Arrondissement;1965-05-01;bdnb-bc-EDU6-QUQ9-V89C;bdnb-bg-GHME-JWEE-MG3Z;75;2289.0;9.5;Paris 14e Arrondissement;1900.0;;;;PIERRE;TUILES;3.0;7.0;2381.0;Résidentiel collectif;Tertiaire;"[""VILLE DE PARIS""]"
0751125R;1JCE1DKG9AY2;E.E.PU J.F LEPINE 6 rue Jean François Lépine;075;école;ECOLE DE NIVEAU ELEMENTAIRE;Paris 18e  Arrondissement;1965-05-01;bdnb-bc-R7QS-EJN2-NQEM;bdnb-bg-YHNY-6AFS-48MB;75;72.0;5.0;Paris 18e Arrondissement;1890.0;;;;MEULIERE - PIERRE;TUILES;3.0;8.0;1370.0;Tertiaire & Autres;Tertiaire;"[""VILLE DE PARIS"", ""ENEDIS""]"
0751125R;AY1G59N3ZNJP;E.E.PU J.F LEPINE 6 rue Jean François Lépine;075;école;ECOLE DE NIVEAU ELEMENTAIRE;Paris 18e  Arrondissement;1965-05-01;bdnb-bc-A8LT-468N-KR6N;bdnb-bg-YHNY-6AFS-48MB;75;167.0;4.7;Paris 18e Arrondissement;1890.0;;;;MEULIERE - PIERRE;TUILES;3.0;8.0;1370.0;Tertiaire & Autres;Tertiaire;"[""VILLE DE PARIS"", ""ENEDIS""]"
0751127T;Y2ZW7EX6ZZ1B;E.E.PU JOMARD 9 rue Jomard;075;école;ECOLE DE NIVEAU ELEMENTAIRE;Paris 19e  Arrondissement;1965-05-01;;;;;;;;;;;;;;;;;;
0751144L;7HXM32R5E5KF;E.E.PU Claude Lepeu 130 rue de Longchamp;075;école;ECOLE DE NIVEAU ELEMENTAIRE;Paris 16e  Arrondissement;1965-05-01;bdnb-bc-YT6B-78JD-NZC2;bdnb-bg-MYY2-4XVE-BF5Y;75;52.0;21.5;Paris 16e Arrondissement;2023.0;;;;BETON;BETON;5.0;22.0;86.0;Tertiaire & Autres;Tertiaire;"[""VILLE DE PARIS""]"
0751144L;EYQRFY357PMN;E.E.PU Claude Lepeu 130 rue de Longchamp;075;école;ECOLE DE NIVEAU ELEMENTAIRE;Paris 16e  Arrondissement;1965-05-01;bdnb-bc-BACC-5MYK-B453;bdnb-bg-MYY2-4XVE-BF5Y;75;34.0;5.0;Paris 16e Arrondissement;2023.0;;;;BETON;BETON;5.0;22.0;86.0;Tertiaire & Autres;Tertiaire;"[""VILLE DE PARIS""]"
0751146N;6YNVXY7DYT45;E.E.PU MADAME 42 rue Madame;075;école;ECOLE DE NIVEAU ELEMENTAIRE;Paris  6e  Arrondissement;1965-05-01;bdnb-bc-M249-R14W-HH6Y;bdnb-bg-RAXH-XDE9-3WQQ;75;755.0;17.5;Paris 6e Arrondissement;1930.0;;;;BRIQUES - AUTRES;TUILES;1.0;18.0;755.0;Résidentiel individuel;Tertiaire;"[""ASS SEINE VOISENON""]"
0751146N;AXS665C4TEA8;E.E.PU MADAME 42 rue Madame;075;école;ECOLE DE NIVEAU ELEMENTAIRE;Paris  6e  Arrondissement;1965-05-01;bdnb-bc-YTYY-TCV8-VYW2;bdnb-bg-AK48-GT7B-FEGA;75;148.0;5.4;Paris 6e Arrondissement;;;;;;;;5.0;169.0;;Tertiaire;
0751146N;9WVF62QDSQ3B;E.E.PU MADAME 42 rue Madame;075;école;ECOLE DE NIVEAU ELEMENTAIRE;Paris  6e  Arrondissement;1965-05-01;bdnb-bc-R15Q-12VH-H383;bdnb-bg-AK48-GT7B-FEGA;75;21.0;4.3;Paris 6e Arrondissement;;;;;;;;5.0;169.0;;Tertiaire;
0751150T;ZNZYMGSP2JE4;E.E.PU MARSOULAN 19 rue Marsoulan;075;école;ECOLE DE NIVEAU ELEMENTAIRE;Paris 12e  Arrondissement;1965-05-01;bdnb-bc-CQ23-GR7Z-ATPQ;bdnb-bg-F69X-WSRP-X6SM;75;689.0;23.7;Paris 12e Arrondissement;1991.0;;;;INDETERMINE;INDETERMINE;4.0;24.0;730.0;Résidentiel collectif;Tertiaire;"[""VILLE DE PARIS""]"
0751150T;JXE18XSJWNZK;E.E.PU MARSOULAN 19 rue Marsoulan;075;école;ECOLE DE NIVEAU ELEMENTAIRE;Paris 12e  Arrondissement;1965-05-01;;;;;;;;;;;;;;;;;;
0751150T;NF4Z2P11E4CS;E.E.PU MARSOULAN 19 rue Marsoulan;075;école;ECOLE DE NIVEAU ELEMENTAIRE;Paris 12e  Arrondissement;1965-05-01;bdnb-bc-QTTC-GGST-B19M;bdnb-bg-F69X-WSRP-X6SM;75;42.0;5.0;Paris 12e Arrondissement;1991.0;;;;INDETERMINE;INDETERMINE;4.0;24.0;730.0;Résidentiel collectif;Tertiaire;"[""VILLE DE PARIS""]"
0751151U;MP8S6SKB5C7V;E.E.PU MAURICE D OCAGNE 7 avenue Maurice d'Ocagne;075;école;ECOLE DE NIVEAU ELEMENTAIRE;Paris 14e  Arrondissement;1965-05-01;bdnb-bc-5U1L-DJMN-JXF2;bdnb-bg-DSZU-QVHK-SQVV;75;30.0;3.0;Paris 14e Arrondissement;;;;;;;;7.0;2537.0;;Tertiaire;
0751151U;TXPG5N7AYADX;E.E.PU MAURICE D OCAGNE 7 avenue Maurice d'Ocagne;075;école;ECOLE DE NIVEAU ELEMENTAIRE;Paris 14e  Arrondissement;1965-05-01;bdnb-bc-MHRX-1P36-X4VJ;bdnb-bg-UM3F-KKLS-HB3B;75;1046.0;6.3;Paris 14e Arrondissement;2018.0;;;;INDETERMINE;INDETERMINE;1.0;6.0;1062.0;Tertiaire & Autres;Tertiaire;"[""VILLE DE PARIS""]"
0751151U;VTK42KPXZ1B9;E.E.PU MAURICE D OCAGNE 7 avenue Maurice d'Ocagne;075;école;ECOLE DE NIVEAU ELEMENTAIRE;Paris 14e  Arrondissement;1965-05-01;bdnb-bc-YMD2-1WBF-Z3HR;bdnb-bg-DSZU-QVHK-SQVV;75;53.0;5.0;Paris 14e Arrondissement;;;;;;;;7.0;2537.0;;Tertiaire;
0751151U;4P7R8TYT4Y68;E.E.PU MAURICE D OCAGNE 7 avenue Maurice d'Ocagne;075;école;ECOLE DE NIVEAU ELEMENTAIRE;Paris 14e  Arrondissement;1965-05-01;bdnb-bc-WSK4-ZSME-ZVW4;bdnb-bg-DSZU-QVHK-SQVV;75;54.0;5.0;Paris 14e Arrondissement;;;;;;;;7.0;2537.0;;Tertiaire;
0751151U;JFTF8GTRK32P;E.E.PU MAURICE D OCAGNE 7 avenue Maurice d'Ocagne;075;école;ECOLE DE NIVEAU ELEMENTAIRE;Paris 14e  Arrondissement;1965-05-01;bdnb-bc-5ZL5-WTBY-Q33L;bdnb-bg-CLAT-LCU2-4WSF;75;461.0;8.8;Paris 14e Arrondissement;2014.0;;;;INDETERMINE;INDETERMINE;1.0;9.0;461.0;Résidentiel individuel;Tertiaire;"[""VILLE DE PARIS""]"
0751151U;1M1HZPDY215P;E.E.PU MAURICE D OCAGNE 7 avenue Maurice d'Ocagne;075;école;ECOLE DE NIVEAU ELEMENTAIRE;Paris 14e  Arrondissement;1965-05-01;bdnb-bc-Y56Y-8P9A-HUFZ;bdnb-bg-DSZU-QVHK-SQVV;75;804.0;7.5;Paris 14e Arrondissement;;;;;;;;7.0;2537.0;;Tertiaire;
0751151U;SGD26YSYAJTW;E.E.PU MAURICE D OCAGNE 7 avenue Maurice d'Ocagne;075;école;ECOLE DE NIVEAU ELEMENTAIRE;Paris 14e  Arrondissement;1965-05-01;bdnb-bc-X2F6-D9ND-H1AF;bdnb-bg-DSZU-QVHK-SQVV;75;127.0;4.9;Paris 14e Arrondissement;;;;;;;;7.0;2537.0;;Tertiaire;
0751151U;JT23GVTYSY2D;E.E.PU MAURICE D OCAGNE 7 avenue Maurice d'Ocagne;075;école;ECOLE DE NIVEAU ELEMENTAIRE;Paris 14e  Arrondissement;1965-05-01;bdnb-bc-4VB9-NVCK-VKRQ;bdnb-bg-DSZU-QVHK-SQVV;75;573.0;9.6;Paris 14e Arrondissement;;;;;;;;7.0;2537.0;;Tertiaire;
0751151U;B54XEESH52VA;E.E.PU MAURICE D OCAGNE 7 avenue Maurice d'Ocagne;075;école;ECOLE DE NIVEAU ELEMENTAIRE;Paris 14e  Arrondissement;1965-05-01;bdnb-bc-184R-SYCZ-6PV5;bdnb-bg-DSZU-QVHK-SQVV;75;896.0;7.8;Paris 14e Arrondissement;;;;;;;;7.0;2537.0;;Tertiaire;
0751162F;NJTR9JC8WT7S;E.M.PU MONT-CENIS F 77 rue du Mont-Cenis;075;école;ECOLE MATERNELLE;Paris 18e  Arrondissement;1965-05-01;bdnb-bc-VY58-GL3F-TKYG;bdnb-bg-4NNC-RUU9-Z6FP;75;946.0;14.8;Paris 18e Arrondissement;1866.0;;;C;PIERRE;ZINC ALUMINIUM;4.0;15.0;946.0;Tertiaire & Autres;Tertiaire;"[""ASSISTANCE PUBLIQUE HOPITAUX DE PARIS"", ""SERVICE LOGEMENT DE L'AP-HP""]"
0751241S;NPVDX8NA1N5V;E.E.PU VOLTAIRE 8 cité Voltaire;075;école;ECOLE DE NIVEAU ELEMENTAIRE;Paris 11e  Arrondissement;1965-05-01;bdnb-bc-7M3Z-UYLC-94ER;bdnb-bg-N14P-H7DH-3YNG;75;225.0;8.3;Paris 11e Arrondissement;1900.0;;;;BRIQUES - PIERRE;ARDOISES - ZINC ALUMINIUM;5.0;12.0;1267.0;Tertiaire & Autres;Tertiaire;"[""VILLE DE PARIS""]"
0751241S;HXCAX57QEGDA;E.E.PU VOLTAIRE 8 cité Voltaire;075;école;ECOLE DE NIVEAU ELEMENTAIRE;Paris 11e  Arrondissement;1965-05-01;bdnb-bc-STHZ-4CA3-2TJJ;bdnb-bg-N14P-H7DH-3YNG;75;386.0;8.2;Paris 11e Arrondissement;1900.0;;;;BRIQUES - PIERRE;ARDOISES - ZINC ALUMINIUM;5.0;12.0;1267.0;Tertiaire & Autres;Tertiaire;"[""VILLE DE PARIS""]"
0751241S;94BA8WY48ZZM;E.E.PU VOLTAIRE 8 cité Voltaire;075;école;ECOLE DE NIVEAU ELEMENTAIRE;Paris 11e  Arrondissement;1965-05-01;bdnb-bc-ALMJ-BETU-WVD1;bdnb-bg-N14P-H7DH-3YNG;75;404.0;15.7;Paris 11e Arrondissement;1900.0;;;;BRIQUES - PIERRE;ARDOISES - ZINC ALUMINIUM;5.0;12.0;1267.0;Tertiaire & Autres;Tertiaire;"[""VILLE DE PARIS""]"
0751241S;BAYBAE4G25GV;E.E.PU VOLTAIRE 8 cité Voltaire;075;école;ECOLE DE NIVEAU ELEMENTAIRE;Paris 11e  Arrondissement;1965-05-01;bdnb-bc-51TY-AJC1-JWT3;bdnb-bg-N14P-H7DH-3YNG;75;66.0;5.0;Paris 11e Arrondissement;1900.0;;;;BRIQUES - PIERRE;ARDOISES - ZINC ALUMINIUM;5.0;12.0;1267.0;Tertiaire & Autres;Tertiaire;"[""VILLE DE PARIS""]"
0751241S;EQF8B5JA6R2Z;E.E.PU VOLTAIRE 8 cité Voltaire;075;école;ECOLE DE NIVEAU ELEMENTAIRE;Paris 11e  Arrondissement;1965-05-01;bdnb-bc-SLQ7-ZSVF-EYX5;bdnb-bg-N14P-H7DH-3YNG;75;31.0;5.0;Paris 11e Arrondissement;1900.0;;;;BRIQUES - PIERRE;ARDOISES - ZINC ALUMINIUM;5.0;12.0;1267.0;Tertiaire & Autres;Tertiaire;"[""VILLE DE PARIS""]"
0751241S;NYVRW2S58XMP;E.E.PU VOLTAIRE 8 cité Voltaire;075;école;ECOLE DE NIVEAU ELEMENTAIRE;Paris 11e  Arrondissement;1965-05-01;bdnb-bc-JM5G-L9JY-SUCG;bdnb-bg-N14P-H7DH-3YNG;75;123.0;14.2;Paris 11e Arrondissement;1900.0;;;;BRIQUES - PIERRE;ARDOISES - ZINC ALUMINIUM;5.0;12.0;1267.0;Tertiaire & Autres;Tertiaire;"[""VILLE DE PARIS""]"
0751243U;DP312GXB3H85;E.E.PU WATTIGNIES 52 rue de Wattignies;075;école;ECOLE DE NIVEAU ELEMENTAIRE;Paris 12e  Arrondissement;1965-05-01;bdnb-bc-WKP4-56CP-3URN;bdnb-bg-1X25-7EWX-DJ55;75;1834.0;11.4;Paris 12e Arrondissement;1910.0;;;;PIERRE;ARDOISES;4.0;11.0;1834.0;Résidentiel collectif;Tertiaire;"[""VILLE DE PARIS""]"
0751244V;3MH2TW9WMB9A;E.M.PU ALESIA V 3 bis rue d'Alésia;075;école;ECOLE MATERNELLE;Paris 14e  Arrondissement;1965-05-01;bdnb-bc-KTH3-2VZM-P1HB;bdnb-bg-GJDH-AZ19-EHH2;75;624.0;11.9;Paris 14e Arrondissement;1892.0;;;;PIERRE;TUILES;2.0;12.0;624.0;Résidentiel collectif;Tertiaire;"[""VILLE DE PARIS""]"
0751259L;KRZWMN2P9B2Y;E.M.PU LACHAMBAUDIE 2 place Lachambaudie;075;école;ECOLE MATERNELLE;Paris 12e  Arrondissement;1965-05-01;bdnb-bc-8FQ6-X5BC-SZJT;bdnb-bg-RFZC-Q9L7-GGGU;75;672.0;7.8;Paris 12e Arrondissement;2023.0;;;;INDETERMINE;INDETERMINE;1.0;8.0;760.0;Tertiaire & Autres;Tertiaire;"[""VILLE DE PARIS""]"
0751260M;8Z1ZN76K4J2Z;E.M.PU BESLAY 2 passage Beslay;075;école;ECOLE MATERNELLE;Paris 11e  Arrondissement;1965-05-01;bdnb-bc-8F1F-PSF7-5HEG;bdnb-bg-QNBM-P8ZS-G2TH;75;446.0;12.3;Paris 11e Arrondissement;2023.0;;;;BETON;BETON;3.0;12.0;446.0;Tertiaire & Autres;Tertiaire;"[""VILLE DE PARIS""]"
0751263R;YTVWBFCJV7PM;E.M.PU BIDASSOA 21 rue de la Bidassoa;075;école;ECOLE MATERNELLE;Paris 20e  Arrondissement;1965-05-01;bdnb-bc-D4JN-AFRB-WC9R;bdnb-bg-L969-ATW6-RXT4;75;951.0;14.2;Paris 20e Arrondissement;1930.0;;C;;BRIQUES - AUTRES;INDETERMINE;3.0;9.0;1730.0;Tertiaire & Autres;Tertiaire;"[""VILLE DE PARIS"", ""REGION ILE DE FRANCE""]"
0751281K;AWK8V77WN92D;E.M.PU AUGUSTE PERRET K 11 rue Auguste Perret;075;école;ECOLE MATERNELLE;Paris 13e  Arrondissement;1965-05-01;bdnb-bc-C523-3KCV-7XV5;bdnb-bg-MXVB-3KG9-1ELR;75;1625.0;18.1;Paris 13e Arrondissement;2017.0;;;;INDETERMINE;INDETERMINE;4.0;15.0;3861.0;Tertiaire & Autres;Tertiaire;"[""VILLE DE PARIS""]"
0751283M;ZEYRC8374CVT;E.M.PU CLAUZEL 12 rue Clauzel;075;école;ECOLE MATERNELLE;Paris  9e  Arrondissement;1965-05-01;bdnb-bc-U2HS-LN7C-JY8S;bdnb-bg-7LYY-ZQF2-CMFX;75;307.0;17.3;Paris 9e Arrondissement;2023.0;;;;INDETERMINE;INDETERMINE;5.0;11.0;522.0;Tertiaire & Autres;Tertiaire;"[""VILLE DE PARIS""]"
0751283M;WYDS6JNMA1W6;E.M.PU CLAUZEL 12 rue Clauzel;075;école;ECOLE MATERNELLE;Paris  9e  Arrondissement;1965-05-01;bdnb-bc-9B7F-71TG-S4PZ;bdnb-bg-7LYY-ZQF2-CMFX;75;215.0;3.7;Paris 9e Arrondissement;2023.0;;;;INDETERMINE;INDETERMINE;5.0;11.0;522.0;Tertiaire & Autres;Tertiaire;"[""VILLE DE PARIS""]"
0751289U;NM6ZRXT2VSNX;E.M.PU WURTZ U 16 rue Wurtz;075;école;ECOLE MATERNELLE;Paris 13e  Arrondissement;1965-05-01;bdnb-bc-NQPM-6F6H-NPT8;bdnb-bg-NTNH-7PJ1-W9L4;75;724.0;7.4;Paris 13e Arrondissement;;;;;;;;7.0;1496.0;;Tertiaire;
0751289U;7KCZA57CMP55;E.M.PU WURTZ U 16 rue Wurtz;075;école;ECOLE MATERNELLE;Paris 13e  Arrondissement;1965-05-01;bdnb-bc-HALR-7WHY-1XPW;bdnb-bg-JKKP-LR6A-SRXU;75;205.0;6.2;Paris 13e Arrondissement;1964.0;;;;INDETERMINE;INDETERMINE;1.0;9.0;1176.0;Tertiaire & Autres;Tertiaire;"[""VILLE DE PARIS""]"
0751289U;1MVA6YGFBHR8;E.M.PU WURTZ U 16 rue Wurtz;075;école;ECOLE MATERNELLE;Paris 13e  Arrondissement;1965-05-01;bdnb-bc-FYWZ-P5CE-H5K1;bdnb-bg-JKKP-LR6A-SRXU;75;971.0;12.6;Paris 13e Arrondissement;1964.0;;;;INDETERMINE;INDETERMINE;1.0;9.0;1176.0;Tertiaire & Autres;Tertiaire;"[""VILLE DE PARIS""]"
0751289U;NXF1SR8X36ZS;E.M.PU WURTZ U 16 rue Wurtz;075;école;ECOLE MATERNELLE;Paris 13e  Arrondissement;1965-05-01;bdnb-bc-2WJZ-MR55-73XW;bdnb-bg-NTNH-7PJ1-W9L4;75;370.0;3.7;Paris 13e Arrondissement;;;;;;;;7.0;1496.0;;Tertiaire;
0751289U;C111N8YZC2D3;E.M.PU WURTZ U 16 rue Wurtz;075;école;ECOLE MATERNELLE;Paris 13e  Arrondissement;1965-05-01;bdnb-bc-FWYZ-C79Y-Q5SW;bdnb-bg-1L1L-RECL-BKF9;75;1152.0;7.3;Paris 13e Arrondissement;1967.0;;;;BETON;BETON;4.0;7.0;1152.0;Tertiaire & Autres;Tertiaire;"[""VILLE DE PARIS""]"
0751289U;GZBK5VZFWFS4;E.M.PU WURTZ U 16 rue Wurtz;075;école;ECOLE MATERNELLE;Paris 13e  Arrondissement;1965-05-01;bdnb-bc-UBEM-RNT1-G4S1;bdnb-bg-NTNH-7PJ1-W9L4;75;150.0;6.0;Paris 13e Arrondissement;;;;;;;;7.0;1496.0;;Tertiaire;
0751290V;VKRZYSFXB83A;E.M.PU DELAMBRE V 24 rue delambre;075;école;ECOLE MATERNELLE;Paris 14e  Arrondissement;1965-05-01;bdnb-bc-W68T-WA2S-P7KH;bdnb-bg-5KWR-VWEE-D1LK;75;1095.0;22.0;Paris 14e Arrondissement;1926.0;;;;BRIQUES - MEULIERE;TUILES - ZINC ALUMINIUM;4.0;17.0;1238.0;Résidentiel collectif;Tertiaire;"[""VILLE DE PARIS"", ""ENEDIS""]"
0751291W;3CVAF35W5E5W;E.M.PU RENAUDES 31 rue des Renaudes;075;école;ECOLE MATERNELLE;Paris 17e  Arrondissement;1965-05-01;bdnb-bc-LE9C-WUWH-UQCE;bdnb-bg-JEXD-F7W6-LFU9;75;1608.0;14.2;Paris 17e Arrondissement;2023.0;;;;INDETERMINE;INDETERMINE;4.0;14.0;1608.0;Tertiaire & Autres;Tertiaire;"[""VILLE DE PARIS""]"
0751292X;KTMSZVP3YBJD;E.M.PU DOMREMY 15 rue de Domrémy;075;école;ECOLE MATERNELLE;Paris 13e  Arrondissement;1965-05-01;bdnb-bc-XT3L-GLP2-ERUG;bdnb-bg-4D3J-MC5L-TT9D;75;663.0;10.5;Paris 13e Arrondissement;1950.0;;;;BETON;BETON;2.0;11.0;663.0;Résidentiel collectif;Tertiaire;"[""VILLE DE PARIS""]"
0751295A;1VJFXTE59EFA;E.M.PU BOULARD 23 rue Boulard;075;école;ECOLE MATERNELLE;Paris 14e  Arrondissement;1965-05-01;bdnb-bc-41P7-E1V6-3VKV;bdnb-bg-SF8T-LP9N-9BAU;75;865.0;8.6;Paris 14e Arrondissement;1965.0;;;;BRIQUES;ZINC ALUMINIUM;2.0;9.0;865.0;Résidentiel collectif;Tertiaire;"[""VILLE DE PARIS""]"
0751301G;Z6QJTV2YS2C3;E.M.PU EUGENE REISZ G 2 rue Eugène Reisz;075;école;ECOLE MATERNELLE;Paris 20e  Arrondissement;1965-05-01;bdnb-bc-EN4P-49SM-8TAB;bdnb-bg-1M5B-B9PA-AGZS;75;1459.0;24.1;Paris 20e Arrondissement;2024.0;;;;INDETERMINE;INDETERMINE;4.0;10.0;3682.0;Tertiaire & Autres;Tertiaire;"[""VILLE DE PARIS""]"
0751301G;1G81XBYCZRBM;E.M.PU EUGENE REISZ G 2 rue Eugène Reisz;075;école;ECOLE MATERNELLE;Paris 20e  Arrondissement;1965-05-01;bdnb-bc-H9FT-MR4V-M5HJ;bdnb-bg-1M5B-B9PA-AGZS;75;127.0;4.2;Paris 20e Arrondissement;2024.0;;;;INDETERMINE;INDETERMINE;4.0;10.0;3682.0;Tertiaire & Autres;Tertiaire;"[""VILLE DE PARIS""]"
0751301G;4TKKRZJ6YEP4;E.M.PU EUGENE REISZ G 2 rue Eugène Reisz;075;école;ECOLE MATERNELLE;Paris 20e  Arrondissement;1965-05-01;bdnb-bc-9RN2-CWD9-59FQ;bdnb-bg-1M5B-B9PA-AGZS;75;335.0;3.3;Paris 20e Arrondissement;2024.0;;;;INDETERMINE;INDETERMINE;4.0;10.0;3682.0;Tertiaire & Autres;Tertiaire;"[""VILLE DE PARIS""]"
0751302H;QRKDD1MR1545;E.P.PU FAUCONNIER 4 rue du Fauconnier;075;école;ECOLE DE NIVEAU ELEMENTAIRE;Paris  4e  Arrondissement;1965-05-01;bdnb-bc-H9PZ-XXBN-VW4Z;bdnb-bg-FHEG-W76M-PGSM;75;589.0;12.5;Paris 4e Arrondissement;1700.0;;;;BRIQUES - PIERRE;ARDOISES - ZINC ALUMINIUM;2.0;8.0;694.0;Tertiaire & Autres;Tertiaire;"[""VILLE DE PARIS""]"
0751302H;A9E62PPSXF1G;E.P.PU FAUCONNIER 4 rue du Fauconnier;075;école;ECOLE DE NIVEAU ELEMENTAIRE;Paris  4e  Arrondissement;1965-05-01;bdnb-bc-ZCLZ-6PF7-STP9;bdnb-bg-FHEG-W76M-PGSM;75;47.0;7.9;Paris 4e Arrondissement;1700.0;;;;BRIQUES - PIERRE;ARDOISES - ZINC ALUMINIUM;2.0;8.0;694.0;Tertiaire & Autres;Tertiaire;"[""VILLE DE PARIS""]"
0751302H;MA6RE8PKK6HZ;E.P.PU FAUCONNIER 4 rue du Fauconnier;075;école;ECOLE DE NIVEAU ELEMENTAIRE;Paris  4e  Arrondissement;1965-05-01;bdnb-bc-MK5H-F138-CFH9;bdnb-bg-FHEG-W76M-PGSM;75;58.0;2.8;Paris 4e Arrondissement;1700.0;;;;BRIQUES - PIERRE;ARDOISES - ZINC ALUMINIUM;2.0;8.0;694.0;Tertiaire & Autres;Tertiaire;"[""VILLE DE PARIS""]"
0751308P;36MDS6458JVH;E.M.PU GAMBETTA P 29 avenue Gambetta;075;école;ECOLE MATERNELLE;Paris 20e  Arrondissement;1965-05-01;bdnb-bc-7KBQ-BTBT-GDBR;bdnb-bg-FXPQ-4Z3M-F5UH;75;180.0;24.6;Paris 20e Arrondissement;1900.0;1880.0;F;E;BRIQUES - PIERRE;INDETERMINE;8.0;25.0;180.0;Résidentiel collectif;Résidentiel collectif;"[""LAAK FLATTERS"", ""TIMALOU"", ""INDIVISION PATRIMOINE"", ""FONCIERE HARMONIA""]"
0751316Y;XR5T177BMD76;E.M.PU HIPPOLYTE MAINDRON Y 48 rue Hippolyte Maindron;075;école;ECOLE MATERNELLE;Paris 14e  Arrondissement;1965-05-01;bdnb-bc-EDU6-QUQ9-V89C;bdnb-bg-GHME-JWEE-MG3Z;75;2289.0;9.5;Paris 14e Arrondissement;1900.0;;;;PIERRE;TUILES;3.0;7.0;2381.0;Résidentiel collectif;Tertiaire;"[""VILLE DE PARIS""]"
0751320C;1FDBV8CE7AQK;E.M.PU BOY ZELENSKI 5 rue Boy Zelenski;075;école;ECOLE MATERNELLE;Paris 10e  Arrondissement;1965-05-01;bdnb-bc-7FNH-DRHB-D8G3;bdnb-bg-3NJT-9L9C-Z3T5;75;324.0;9.2;Paris 10e Arrondissement;1981.0;;D;;INDETERMINE;INDETERMINE;9.0;14.0;2378.0;Résidentiel collectif;Tertiaire;"[""VILLE DE PARIS"", ""ELOGIE - SIEMP""]"
0751333S;7HXM32R5E5KF;E.M.PU LONGCHAMP S 130 rue de Longchamp;075;école;ECOLE MATERNELLE;Paris 16e  Arrondissement;1965-05-01;bdnb-bc-YT6B-78JD-NZC2;bdnb-bg-MYY2-4XVE-BF5Y;75;52.0;21.5;Paris 16e Arrondissement;2023.0;;;;BETON;BETON;5.0;22.0;86.0;Tertiaire & Autres;Tertiaire;"[""VILLE DE PARIS""]"
0751333S;EYQRFY357PMN;E.M.PU LONGCHAMP S 130 rue de Longchamp;075;école;ECOLE MATERNELLE;Paris 16e  Arrondissement;1965-05-01;bdnb-bc-BACC-5MYK-B453;bdnb-bg-MYY2-4XVE-BF5Y;75;34.0;5.0;Paris 16e Arrondissement;2023.0;;;;BETON;BETON;5.0;22.0;86.0;Tertiaire & Autres;Tertiaire;"[""VILLE DE PARIS""]"
0751334T;MCQ7FKA33WTN;E.M.PU LYONNAIS 22 rue des Lyonnais;075;école;ECOLE MATERNELLE;Paris  5e  Arrondissement;1965-05-01;bdnb-bc-2K1Y-1E49-98KL;bdnb-bg-B5EB-GWA7-8616;75;2000.0;16.9;Paris 5e Arrondissement;2023.0;;;;INDETERMINE;INDETERMINE;4.0;23.0;2569.0;Tertiaire & Autres;Tertiaire;"[""VILLE DE PARIS""]"
0751337W;V6HHTGRGDRY9;E.M.PU MARAICHERS 31 rue des Maraîchers;075;école;ECOLE MATERNELLE;Paris 20e  Arrondissement;1965-05-01;bdnb-bc-GKTN-9BJL-9ZGW;bdnb-bg-RTVR-2T78-DBNS;75;630.0;15.0;Paris 20e Arrondissement;2024.0;;;;INDETERMINE;INDETERMINE;4.0;15.0;1868.0;Tertiaire & Autres;Tertiaire;"[""VILLE DE PARIS""]"
0751341A;P2DAK2JKQN1J;E.M.PU MARSOULAN A 16 rue Marsoulan;075;école;ECOLE MATERNELLE;Paris 12e  Arrondissement;1965-05-01;bdnb-bc-21GG-4X8M-KHL2;bdnb-bg-S17A-EHCQ-TERS;75;560.0;20.7;Paris 12e Arrondissement;;;;;;;;15.0;957.0;;Tertiaire;
0751341A;82N1QW5GHQMA;E.M.PU MARSOULAN A 16 rue Marsoulan;075;école;ECOLE MATERNELLE;Paris 12e  Arrondissement;1965-05-01;bdnb-bc-E22E-9BV2-ZV17;bdnb-bg-S17A-EHCQ-TERS;75;155.0;16.8;Paris 12e Arrondissement;;;;;;;;15.0;957.0;;Tertiaire;
0751341A;5XV33332S9PH;E.M.PU MARSOULAN A 16 rue Marsoulan;075;école;ECOLE MATERNELLE;Paris 12e  Arrondissement;1965-05-01;bdnb-bc-4S61-KRFA-LU9N;bdnb-bg-S17A-EHCQ-TERS;75;241.0;8.1;Paris 12e Arrondissement;;;;;;;;15.0;957.0;;Tertiaire;
0751341A;TMTAA7WY96PT;E.M.PU MARSOULAN A 16 rue Marsoulan;075;école;ECOLE MATERNELLE;Paris 12e  Arrondissement;1965-05-01;bdnb-bc-97UC-JW58-CBFR;bdnb-bg-3C96-29YR-GPCG;75;144.0;7.7;Paris 12e Arrondissement;1875.0;;;;PIERRE;TUILES;2.0;8.0;144.0;Résidentiel individuel;Résidentiel individuel;"[""VILLE DE PARIS""]"
0751343C;671KQ3XKYYEN;E.M.PU MAURICE D OCAGNE C 5 avenue Maurice d'Ocagne;075;école;ECOLE MATERNELLE;Paris 14e  Arrondissement;1965-05-01;bdnb-bc-T63Y-ZPQB-P5VQ;bdnb-bg-VJG5-LWDZ-G9XS;75;3465.0;20.8;Paris 14e Arrondissement;1995.0;;;;BETON;BETON;5.0;8.0;5573.0;Tertiaire & Autres;Tertiaire;"[""LYCEE POLYVALENT RASPAIL"", ""REGION ILE DE FRANCE""]"
0751343C;ZTWJJFNSJA4Q;E.M.PU MAURICE D OCAGNE C 5 avenue Maurice d'Ocagne;075;école;ECOLE MATERNELLE;Paris 14e  Arrondissement;1965-05-01;bdnb-bc-T7PD-U8Z7-H1SX;bdnb-bg-VJG5-LWDZ-G9XS;75;534.0;8.4;Paris 14e Arrondissement;1995.0;;;;BETON;BETON;5.0;8.0;5573.0;Tertiaire & Autres;Tertiaire;"[""LYCEE POLYVALENT RASPAIL"", ""REGION ILE DE FRANCE""]"
0751343C;ZTY7YEE65MNG;E.M.PU MAURICE D OCAGNE C 5 avenue Maurice d'Ocagne;075;école;ECOLE MATERNELLE;Paris 14e  Arrondissement;1965-05-01;bdnb-bc-8AQJ-A4M3-KAEH;bdnb-bg-VJG5-LWDZ-G9XS;75;237.0;5.9;Paris 14e Arrondissement;1995.0;;;;BETON;BETON;5.0;8.0;5573.0;Tertiaire & Autres;Tertiaire;"[""LYCEE POLYVALENT RASPAIL"", ""REGION ILE DE FRANCE""]"
0751343C;1WX6KKG1XWYJ;E.M.PU MAURICE D OCAGNE C 5 avenue Maurice d'Ocagne;075;école;ECOLE MATERNELLE;Paris 14e  Arrondissement;1965-05-01;bdnb-bc-EQND-KLVW-E5LV;bdnb-bg-VJG5-LWDZ-G9XS;75;559.0;5.8;Paris 14e Arrondissement;1995.0;;;;BETON;BETON;5.0;8.0;5573.0;Tertiaire & Autres;Tertiaire;"[""LYCEE POLYVALENT RASPAIL"", ""REGION ILE DE FRANCE""]"
0751343C;5QATX1HSJ4CE;E.M.PU MAURICE D OCAGNE C 5 avenue Maurice d'Ocagne;075;école;ECOLE MATERNELLE;Paris 14e  Arrondissement;1965-05-01;bdnb-bc-19R6-GZJ4-NE6Q;bdnb-bg-VJG5-LWDZ-G9XS;75;532.0;6.0;Paris 14e Arrondissement;1995.0;;;;BETON;BETON;5.0;8.0;5573.0;Tertiaire & Autres;Tertiaire;"[""LYCEE POLYVALENT RASPAIL"", ""REGION ILE DE FRANCE""]"
0751343C;W6K1XGX9V11N;E.M.PU MAURICE D OCAGNE C 5 avenue Maurice d'Ocagne;075;école;ECOLE MATERNELLE;Paris 14e  Arrondissement;1965-05-01;bdnb-bc-M233-TSE8-PU5W;bdnb-bg-VJG5-LWDZ-G9XS;75;103.0;5.8;Paris 14e Arrondissement;1995.0;;;;BETON;BETON;5.0;8.0;5573.0;Tertiaire & Autres;Tertiaire;"[""LYCEE POLYVALENT RASPAIL"", ""REGION ILE DE FRANCE""]"
0751343C;HJB9J24R6BAQ;E.M.PU MAURICE D OCAGNE C 5 avenue Maurice d'Ocagne;075;école;ECOLE MATERNELLE;Paris 14e  Arrondissement;1965-05-01;bdnb-bc-GWV2-3ZVZ-NAED;bdnb-bg-VJG5-LWDZ-G9XS;75;144.0;5.7;Paris 14e Arrondissement;1995.0;;;;BETON;BETON;5.0;8.0;5573.0;Tertiaire & Autres;Tertiaire;"[""LYCEE POLYVALENT RASPAIL"", ""REGION ILE DE FRANCE""]"
0751357T;KJCKMG3ZSHBV;E.M.PU ARCHEREAU 63 rue Archereau;075;école;ECOLE MATERNELLE;Paris 19e  Arrondissement;1965-05-01;bdnb-bc-UASV-ZK4W-8YU1;bdnb-bg-JUJJ-UPEQ-4ETB;75;787.0;9.2;Paris 19e Arrondissement;2023.0;;;;INDETERMINE;INDETERMINE;5.0;11.0;1119.0;Tertiaire & Autres;Tertiaire;"[""VILLE DE PARIS""]"
0751357T;YAWSXGYJZ5XT;E.M.PU ARCHEREAU 63 rue Archereau;075;école;ECOLE MATERNELLE;Paris 19e  Arrondissement;1965-05-01;bdnb-bc-UFJP-E8R2-P9LW;bdnb-bg-5AYC-RPYM-66T9;75;145.0;7.6;Paris 19e Arrondissement;2023.0;;;;INDETERMINE;INDETERMINE;4.0;15.0;2390.0;Tertiaire & Autres;Tertiaire;"[""VILLE DE PARIS""]"
0751371H;GRHMFNCCK5WA;E.M.PU PIERRE FONCIN H 2 rue Pierre Foncin;075;école;ECOLE MATERNELLE;Paris 20e  Arrondissement;1965-05-01;bdnb-bc-6W9V-X4J9-QSS2;bdnb-bg-QT2U-V3GX-QS14;75;1577.0;19.0;Paris 20e Arrondissement;2024.0;;;;INDETERMINE;INDETERMINE;4.0;9.0;2688.0;Tertiaire & Autres;Tertiaire;"[""VILLE DE PARIS""]"
0751371H;YFG18YHY472V;E.M.PU PIERRE FONCIN H 2 rue Pierre Foncin;075;école;ECOLE MATERNELLE;Paris 20e  Arrondissement;1965-05-01;bdnb-bc-2FSZ-BBGC-N1AG;bdnb-bg-QT2U-V3GX-QS14;75;51.0;6.8;Paris 20e Arrondissement;2024.0;;;;INDETERMINE;INDETERMINE;4.0;9.0;2688.0;Tertiaire & Autres;Tertiaire;"[""VILLE DE PARIS""]"
0751380T;WSEQ26FBZFFK;E.M.PU FRANCOISE DORLEAC 2 place Francoise Dorléac;075;école;ECOLE MATERNELLE;Paris 18e  Arrondissement;1965-05-01;bdnb-bc-TE51-MG3H-CZJR;bdnb-bg-5F5M-F1JL-R6E1;75;832.0;16.0;Paris 18e Arrondissement;2014.0;;;;INDETERMINE;INDETERMINE;4.0;11.0;1251.0;Tertiaire & Autres;Tertiaire;"[""VILLE DE PARIS""]"
0751384X;VVQ8MNRA7419;E.M.PU REUILLY X 59 rue de Reuilly;075;école;ECOLE MATERNELLE;Paris 12e  Arrondissement;1965-05-01;bdnb-bc-TV4C-GN83-LBRF;bdnb-bg-H5AA-SBTW-HUJE;75;1984.0;8.3;Paris 12e Arrondissement;2012.0;;;;INDETERMINE;INDETERMINE;4.0;15.0;6390.0;Tertiaire & Autres;Tertiaire;"[""VILLE DE PARIS"", ""ENEDIS""]"
0751397L;8TH8PNEE1G9W;E.M.PU STEPHEN PICHON 28 avenue Stephen Pichon;075;école;ECOLE MATERNELLE;Paris 13e  Arrondissement;1965-05-01;bdnb-bc-SR67-2GKK-6LA1;bdnb-bg-K9LW-4DKQ-QZHV;75;573.0;13.9;Paris 13e Arrondissement;1895.0;;;;BRIQUES - MEULIERE;TUILES;2.0;11.0;735.0;Tertiaire & Autres;Tertiaire;"[""VILLE DE PARIS""]"
0751397L;84MH2YM5MT1N;E.M.PU STEPHEN PICHON 28 avenue Stephen Pichon;075;école;ECOLE MATERNELLE;Paris 13e  Arrondissement;1965-05-01;bdnb-bc-6CWH-M1VG-MZUB;bdnb-bg-K9LW-4DKQ-QZHV;75;162.0;8.9;Paris 13e Arrondissement;1895.0;;;;BRIQUES - MEULIERE;TUILES;2.0;11.0;735.0;Tertiaire & Autres;Tertiaire;"[""VILLE DE PARIS""]"
0751398M;YQJ3HAKSSRNG;E.M.PU ST ANDRE DES ARTS 39 rue Saint André des Arts;075;école;ECOLE MATERNELLE;Paris  6e  Arrondissement;1965-05-01;bdnb-bc-RAYZ-GVBH-GZUD;bdnb-bg-Y1K7-LHU6-D32X;75;438.0;19.2;Paris 6e Arrondissement;;;E;G;INDETERMINE;ARDOISES - TUILES;4.0;19.0;438.0;Tertiaire & Autres;Tertiaire;"[""SCI FAMILIALE INVESTISSEMENT PROVENCALE"", ""DU 30  RUE SAINT ANDRE DES ARTS"", ""PARIS OUEST GESTION""]"
0751402S;653J675F7RRV;E.M.PU COLONEL MOLL S 16 rue du Colonel Moll;075;école;ECOLE MATERNELLE;Paris 17e  Arrondissement;1965-05-01;bdnb-bc-P63V-1EKQ-QC45;bdnb-bg-1W3R-4PX9-K3JW;75;662.0;5.4;Paris 17e Arrondissement;2024.0;;;;INDETERMINE;INDETERMINE;1.0;5.0;851.0;Tertiaire & Autres;Tertiaire;"[""VILLE DE PARIS""]"
0751403T;YWFKRMY59TTF;E.M.PU ST GERMAIN L'AUXERROIS 6 rue Saint-Germain l'Auxerrois;075;école;ECOLE MATERNELLE;Paris  1er Arrondissement;1965-05-01;bdnb-bc-B5AF-Q1TQ-GQDE;bdnb-bg-DZB9-77DA-3E6Z;75;959.0;21.6;Paris 1er Arrondissement;;;;;;;;18.0;2963.0;;Tertiaire;
0751405V;NWPD2917J1DD;E.M.PU THIONVILLE 6 passage de Thionville;075;école;ECOLE MATERNELLE;Paris 19e  Arrondissement;1965-05-01;bdnb-bc-5CUU-ZWUN-QRMR;bdnb-bg-Z8QG-BWKW-N8FC;75;765.0;7.4;Paris 19e Arrondissement;2023.0;;;;INDETERMINE;INDETERMINE;3.0;7.0;765.0;Tertiaire & Autres;Tertiaire;"[""VILLE DE PARIS""]"
0751406W;D8MVCC33D6R5;E.M.PU TELEGRAPHE W 29 rue du Télégraphe;075;école;ECOLE MATERNELLE;Paris 20e  Arrondissement;1965-05-01;bdnb-bc-J6WB-3WHT-R2RL;bdnb-bg-VYDD-89ET-ZHPR;75;1596.0;13.6;Paris 20e Arrondissement;1934.0;;;;BRIQUES - MEULIERE;BETON;4.0;14.0;2271.0;Tertiaire & Autres;Tertiaire;"[""VILLE DE PARIS""]"
0751410A;95BP9KDS1Q8E;E.M.PU TOLBIAC 157 rue de Tolbiac;075;école;ECOLE MATERNELLE;Paris 13e  Arrondissement;1965-05-01;bdnb-bc-Y29Q-HEPT-EG4M;bdnb-bg-AE4M-GAL7-EBP8;75;2664.0;17.6;Paris 13e Arrondissement;1886.0;;;;BRIQUES - PIERRE;ZINC ALUMINIUM;4.0;7.0;2914.0;Résidentiel collectif;Tertiaire;"[""VILLE DE PARIS""]"
0751427U;DBFKQFG66WCY;E.M.PU VITRUVE 61 rue Vitruve;075;école;ECOLE MATERNELLE;Paris 20e  Arrondissement;1965-05-01;bdnb-bc-K2UN-YPH1-PZS4;bdnb-bg-KZM2-DUYR-3UMK;75;153.0;2.9;Paris 20e Arrondissement;2024.0;;;;INDETERMINE;INDETERMINE;3.0;6.0;2296.0;Tertiaire & Autres;Tertiaire;"[""VILLE DE PARIS""]"
0751432Z;DP312GXB3H85;E.M.PU MEUNIERS 40 rue des Meuniers;075;école;ECOLE MATERNELLE;Paris 12e  Arrondissement;1965-05-01;bdnb-bc-WKP4-56CP-3URN;bdnb-bg-1X25-7EWX-DJ55;75;1834.0;11.4;Paris 12e Arrondissement;1910.0;;;;PIERRE;ARDOISES;4.0;11.0;1834.0;Résidentiel collectif;Tertiaire;"[""VILLE DE PARIS""]"
0751705W;C36RGYDG2DN8;Collège Alphonse Daudet;075;collège;COLLEGE;Paris 14e  Arrondissement;1970-03-18;bdnb-bc-U97D-G1CD-LSFL;bdnb-bg-QYTB-HDAM-SMU6;75;633.0;18.8;Paris 14e Arrondissement;1890.0;;;;PIERRE;TUILES;3.0;17.0;1099.0;Résidentiel collectif;Tertiaire;"[""VILLE DE PARIS""]"
0751706X;NEAD794BCQFF;Collège Charles Péguy;075;collège;COLLEGE;Paris 19e  Arrondissement;1970-03-19;bdnb-bc-LGBK-EYCR-ZREB;bdnb-bg-2AVC-ELQ9-DGN4;75;1059.0;28.2;Paris 19e Arrondissement;2023.0;;;;INDETERMINE;INDETERMINE;5.0;20.0;1526.0;Tertiaire & Autres;Tertiaire;"[""VILLE DE PARIS""]"
0751708Z;5BA4VA5EMKNG;Lycée polyvalent Louis Armand;075;lycée;LYCEE POLYVALENT;Paris 15e  Arrondissement;1970-03-19;bdnb-bc-XC4P-5QCR-RVJY;bdnb-bg-TQ22-RHZQ-EEGR;75;196.0;20.6;Paris 15e Arrondissement;1907.0;;F;;BOIS - BRIQUES;ZINC ALUMINIUM;7.0;16.0;276.0;Résidentiel collectif;Résidentiel collectif;"[""PIERRE ET GESTION"", ""AEW PARIS COMMERCES"", ""T G M H"", ""SCI LE SAINT CERGUES"", ""SOCIETE DE GERANCE DE PASSY"", ""SCI FAMILIALE DUPUIS"", ""S C I  DES EYMES"", ""LA CASA""]"
0751726U;ZRDZ5P95HWGJ;E.M.PU VERSAILLES 141 avenue de Versailles;075;école;ECOLE MATERNELLE;Paris 16e  Arrondissement;1970-04-15;bdnb-bc-CMUG-LQ48-S3KG;bdnb-bg-XLRA-W6W5-49WY;75;163.0;21.5;Paris 16e Arrondissement;2023.0;;;D;BETON - AUTRES;BETON - AUTRES;6.0;16.0;3747.0;Tertiaire & Autres;Tertiaire;"[""MINISTERE DE L'EDUCATION NATIONALE  DE L'ENSEIGNEMENT SUPERI"", ""VILLE DE PARIS""]"
0751726U;RD5EQNPPVE93;E.M.PU VERSAILLES 141 avenue de Versailles;075;école;ECOLE MATERNELLE;Paris 16e  Arrondissement;1970-04-15;bdnb-bc-RPV5-BEJP-EVS9;bdnb-bg-XLRA-W6W5-49WY;75;797.0;10.7;Paris 16e Arrondissement;2023.0;;;D;BETON - AUTRES;BETON - AUTRES;6.0;16.0;3747.0;Tertiaire & Autres;Tertiaire;"[""MINISTERE DE L'EDUCATION NATIONALE  DE L'ENSEIGNEMENT SUPERI"", ""VILLE DE PARIS""]"
0751726U;8HZNFXEZDZGX;E.M.PU VERSAILLES 141 avenue de Versailles;075;école;ECOLE MATERNELLE;Paris 16e  Arrondissement;1970-04-15;bdnb-bc-2H5T-XH8P-VN4A;bdnb-bg-XLRA-W6W5-49WY;75;1141.0;24.9;Paris 16e Arrondissement;2023.0;;;D;BETON - AUTRES;BETON - AUTRES;6.0;16.0;3747.0;Tertiaire & Autres;Tertiaire;"[""MINISTERE DE L'EDUCATION NATIONALE  DE L'ENSEIGNEMENT SUPERI"", ""VILLE DE PARIS""]"
0752172D;7R2AGQH7ZC3A;E.P.PU DECAMPS 4 rue decamps;075;école;ECOLE DE NIVEAU ELEMENTAIRE;Paris 16e  Arrondissement;1972-07-05;bdnb-bc-4DYE-ZEBV-M1AF;bdnb-bg-GB7Y-8CKD-XB3A;75;603.0;10.0;Paris 16e Arrondissement;2023.0;;;;INDETERMINE;INDETERMINE;4.0;15.0;667.0;Tertiaire & Autres;Tertiaire;"[""VILLE DE PARIS""]"
0752172D;TTW4XZQJ51HN;E.P.PU DECAMPS 4 rue decamps;075;école;ECOLE DE NIVEAU ELEMENTAIRE;Paris 16e  Arrondissement;1972-07-05;bdnb-bc-WE68-HWQ2-Z4DD;bdnb-bg-GB7Y-8CKD-XB3A;75;64.0;20.4;Paris 16e Arrondissement;2023.0;;;;INDETERMINE;INDETERMINE;4.0;15.0;667.0;Tertiaire & Autres;Tertiaire;"[""VILLE DE PARIS""]"
0752187V;2HBKXKZZQEFE;Collège Jacques Prévert;075;collège;COLLEGE;Paris  6e  Arrondissement;1973-04-10;bdnb-bc-BQNV-UA2K-YN5V;bdnb-bg-9YUZ-5HAW-5XP3;75;687.0;14.5;Paris 6e Arrondissement;1880.0;;;;AGGLOMERE - PIERRE;ARDOISES;4.0;10.0;822.0;Résidentiel collectif;Tertiaire;"[""VILLE DE PARIS""]"
0752190Y;GJRHZ33AVFNQ;Collège Guillaume Apollinaire;075;collège;COLLEGE;Paris 15e  Arrondissement;1973-04-10;bdnb-bc-MPGY-LSF5-KPRQ;bdnb-bg-KWF6-AVS3-3ZF5;75;659.0;12.6;Paris 15e Arrondissement;1990.0;;;;INDETERMINE;INDETERMINE;4.0;11.0;2016.0;Résidentiel collectif;Tertiaire;"[""VILLE DE PARIS""]"
0752198G;BK1BSM53EM9S;Collège Pierre Mendès France;075;collège;COLLEGE;Paris 20e  Arrondissement;1973-04-11;bdnb-bc-46YK-64BF-9JU8;bdnb-bg-PH82-Q4JC-1CQ3;75;460.0;4.3;Paris 20e Arrondissement;;;;;;;;8.0;925.0;;Tertiaire;
0752246J;QWEGDT1M7D7T;E.E.PU ALAIN FOURNIER J 1 square Alain Fournier;075;école;ECOLE DE NIVEAU ELEMENTAIRE;Paris 14e  Arrondissement;1973-11-15;bdnb-bc-AB39-USTG-WQWB;bdnb-bg-6S92-UGX5-NQPS;75;654.0;8.7;Paris 14e Arrondissement;1973.0;;;;AUTRES;AUTRES;2.0;11.0;2982.0;Tertiaire & Autres;Tertiaire;"[""VILLE DE PARIS""]"
0752246J;QK9CWKXS99ZZ;E.E.PU ALAIN FOURNIER J 1 square Alain Fournier;075;école;ECOLE DE NIVEAU ELEMENTAIRE;Paris 14e  Arrondissement;1973-11-15;bdnb-bc-KQHX-Z5UW-HBE5;bdnb-bg-6S92-UGX5-NQPS;75;1875.0;16.2;Paris 14e Arrondissement;1973.0;;;;AUTRES;AUTRES;2.0;11.0;2982.0;Tertiaire & Autres;Tertiaire;"[""VILLE DE PARIS""]"
0752246J;FCFE9TKR2QVD;E.E.PU ALAIN FOURNIER J 1 square Alain Fournier;075;école;ECOLE DE NIVEAU ELEMENTAIRE;Paris 14e  Arrondissement;1973-11-15;bdnb-bc-25MG-39Q1-3AEN;bdnb-bg-6S92-UGX5-NQPS;75;453.0;6.6;Paris 14e Arrondissement;1973.0;;;;AUTRES;AUTRES;2.0;11.0;2982.0;Tertiaire & Autres;Tertiaire;"[""VILLE DE PARIS""]"
0752248L;WXGSAVCE21XV;Collège César Franck;075;collège;COLLEGE;Paris  2e  Arrondissement;1974-05-08;bdnb-bc-QYXW-NA4E-W6US;bdnb-bg-3VFD-QRRJ-B79D;75;709.0;22.1;Paris 2e Arrondissement;2023.0;1900.0;;;INDETERMINE;INDETERMINE;5.0;16.0;1267.0;Tertiaire & Autres;Tertiaire;"[""VILLE DE PARIS""]"
0752261A;PNDVPDYCZ8VC;E.P.PU MARCEL MARCEAU-Ecole Polyvalente 15 rue de Lancry;075;école;ECOLE DE NIVEAU ELEMENTAIRE;Paris 10e  Arrondissement;1974-05-20;bdnb-bc-1LL2-7229-VWYP;bdnb-bg-C51W-CUWM-UHHE;75;317.0;17.5;Paris 10e Arrondissement;1860.0;;E;;MEULIERE;TUILES - ZINC ALUMINIUM;7.0;18.0;317.0;Résidentiel collectif;Résidentiel collectif;"[""SYNDICAT DES COPROPRIETAIRES DE L'IMMEUBLE SIS A PARIS 10E 3""]"
0752318M;VC2D9DPSF8SB;Collège Modigliani;075;collège;COLLEGE;Paris 15e  Arrondissement;1975-04-08;bdnb-bc-X8XR-69QS-SNTF;bdnb-bg-L95M-7DHG-MCHH;75;901.0;14.7;Paris 15e Arrondissement;2023.0;;;;INDETERMINE;INDETERMINE;3.0;11.0;2162.0;Tertiaire & Autres;Tertiaire;"[""VILLE DE PARIS""]"
0752318M;7NSKJJB85BJ3;Collège Modigliani;075;collège;COLLEGE;Paris 15e  Arrondissement;1975-04-08;bdnb-bc-6U4P-KMPZ-M676;bdnb-bg-L95M-7DHG-MCHH;75;154.0;15.1;Paris 15e Arrondissement;2023.0;;;;INDETERMINE;INDETERMINE;3.0;11.0;2162.0;Tertiaire & Autres;Tertiaire;"[""VILLE DE PARIS""]"
0752318M;8XCSNQJB4EM1;Collège Modigliani;075;collège;COLLEGE;Paris 15e  Arrondissement;1975-04-08;bdnb-bc-BDUW-RJ6N-YEJD;bdnb-bg-L95M-7DHG-MCHH;75;371.0;11.9;Paris 15e Arrondissement;2023.0;;;;INDETERMINE;INDETERMINE;3.0;11.0;2162.0;Tertiaire & Autres;Tertiaire;"[""VILLE DE PARIS""]"
0752318M;6CD5Y3GJJD4R;Collège Modigliani;075;collège;COLLEGE;Paris 15e  Arrondissement;1975-04-08;bdnb-bc-LS2E-73M6-2AMU;bdnb-bg-L95M-7DHG-MCHH;75;135.0;5.0;Paris 15e Arrondissement;2023.0;;;;INDETERMINE;INDETERMINE;3.0;11.0;2162.0;Tertiaire & Autres;Tertiaire;"[""VILLE DE PARIS""]"
0752318M;73XRW9KEN865;Collège Modigliani;075;collège;COLLEGE;Paris 15e  Arrondissement;1975-04-08;bdnb-bc-XYKC-D5BP-HEFQ;bdnb-bg-L95M-7DHG-MCHH;75;99.0;3.0;Paris 15e Arrondissement;2023.0;;;;INDETERMINE;INDETERMINE;3.0;11.0;2162.0;Tertiaire & Autres;Tertiaire;"[""VILLE DE PARIS""]"
0752318M;9ZVJRX2HTQTZ;Collège Modigliani;075;collège;COLLEGE;Paris 15e  Arrondissement;1975-04-08;bdnb-bc-1W2H-N7KD-YW8Y;bdnb-bg-L95M-7DHG-MCHH;75;128.0;10.5;Paris 15e Arrondissement;2023.0;;;;INDETERMINE;INDETERMINE;3.0;11.0;2162.0;Tertiaire & Autres;Tertiaire;"[""VILLE DE PARIS""]"
0752327X;3P5HP2KQD2WB;E.E.PU TURENNE X 54 rue de Turenne;075;école;ECOLE DE NIVEAU ELEMENTAIRE;Paris  3e  Arrondissement;1975-05-07;bdnb-bc-G3DU-3579-QX7G;bdnb-bg-XVWF-B25G-7RFH;75;64.0;3.5;Paris 3e Arrondissement;2023.0;;;;INDETERMINE;INDETERMINE;2.0;11.0;1287.0;Tertiaire & Autres;Tertiaire;"[""VILLE DE PARIS""]"
0752388N;X3ENCR3D52FZ;Lycée professionnel Pierre Lescot;075;lycée;LYCEE PROFESSIONNEL;Paris  1er Arrondissement;1976-02-26;bdnb-bc-BRGH-4KXU-R55R;bdnb-bg-AHTB-JWDQ-U9FC;75;724.0;19.0;Paris 1er Arrondissement;;;;;INDETERMINE;INDETERMINE;5.0;12.0;806.0;Résidentiel collectif;Tertiaire;"[""VILLE DE PARIS""]"
0752403E;TCP6PB6215XF;E.M.PU EMILE LEPEU 44 rue Emile Lepeu;075;école;ECOLE MATERNELLE;Paris 11e  Arrondissement;1976-05-05;bdnb-bc-JYMB-KUHY-MFZB;bdnb-bg-JZRT-41JP-A7GL;75;520.0;17.6;Paris 11e Arrondissement;2002.0;;C;;BETON;BETON - AUTRES;12.0;19.0;2115.0;Résidentiel collectif;Résidentiel collectif;"[""VILLE DE PARIS"", ""79"", ""WALTER WAINSTOK IMMOBILIER"", ""SARL BMPC"", ""WAIDOU KEN"", ""MSLD"", ""LEPINAY MALET"", ""SCI JOYE INVESTMENT PARTNERS"", ""ABF""]"
0752403E;DM17VJAFXDH4;E.M.PU EMILE LEPEU 44 rue Emile Lepeu;075;école;ECOLE MATERNELLE;Paris 11e  Arrondissement;1976-05-05;bdnb-bc-ZWB7-8ZB2-MZPR;bdnb-bg-JZRT-41JP-A7GL;75;768.0;24.3;Paris 11e Arrondissement;2002.0;;C;;BETON;BETON - AUTRES;12.0;19.0;2115.0;Résidentiel collectif;Résidentiel collectif;"[""VILLE DE PARIS"", ""79"", ""WALTER WAINSTOK IMMOBILIER"", ""SARL BMPC"", ""WAIDOU KEN"", ""MSLD"", ""LEPINAY MALET"", ""SCI JOYE INVESTMENT PARTNERS"", ""ABF""]"
0752403E;HGE2EJG41ZR2;E.M.PU EMILE LEPEU 44 rue Emile Lepeu;075;école;ECOLE MATERNELLE;Paris 11e  Arrondissement;1976-05-05;bdnb-bc-TK9X-URCA-HH7K;bdnb-bg-JZRT-41JP-A7GL;75;660.0;28.3;Paris 11e Arrondissement;2002.0;;C;;BETON;BETON - AUTRES;12.0;19.0;2115.0;Résidentiel collectif;Résidentiel collectif;"[""VILLE DE PARIS"", ""79"", ""WALTER WAINSTOK IMMOBILIER"", ""SARL BMPC"", ""WAIDOU KEN"", ""MSLD"", ""LEPINAY MALET"", ""SCI JOYE INVESTMENT PARTNERS"", ""ABF""]"
0752403E;YKXTFXWPGTGP;E.M.PU EMILE LEPEU 44 rue Emile Lepeu;075;école;ECOLE MATERNELLE;Paris 11e  Arrondissement;1976-05-05;bdnb-bc-ZB9J-39SB-D5HK;bdnb-bg-JZRT-41JP-A7GL;75;168.0;7.6;Paris 11e Arrondissement;2002.0;;C;;BETON;BETON - AUTRES;12.0;19.0;2115.0;Résidentiel collectif;Résidentiel collectif;"[""VILLE DE PARIS"", ""79"", ""WALTER WAINSTOK IMMOBILIER"", ""SARL BMPC"", ""WAIDOU KEN"", ""MSLD"", ""LEPINAY MALET"", ""SCI JOYE INVESTMENT PARTNERS"", ""ABF""]"
0752405G;DXZ3BDM2Q114;E.M.PU JACQUES HILLAIRET 40 rue Jacques Hillairet;075;école;ECOLE MATERNELLE;Paris 12e  Arrondissement;1976-05-11;bdnb-bc-EE7B-Z4X9-2R9M;bdnb-bg-1SYH-ZQTK-E7TB;75;2861.0;9.0;Paris 12e Arrondissement;1991.0;;;;BETON - PIERRE;TUILES - AUTRES;1.0;9.0;4862.0;Tertiaire & Autres;Tertiaire;"[""VILLE DE PARIS""]"
0752405G;XJ6ZG8KF7HAA;E.M.PU JACQUES HILLAIRET 40 rue Jacques Hillairet;075;école;ECOLE MATERNELLE;Paris 12e  Arrondissement;1976-05-11;bdnb-bc-KUFD-C2VE-L2CF;bdnb-bg-1SYH-ZQTK-E7TB;75;100.0;6.9;Paris 12e Arrondissement;1991.0;;;;BETON - PIERRE;TUILES - AUTRES;1.0;9.0;4862.0;Tertiaire & Autres;Tertiaire;"[""VILLE DE PARIS""]"
0752527P;922F6SZGGMK6;Collège Montaigne;075;collège;COLLEGE;Paris  6e  Arrondissement;1977-03-11;bdnb-bc-C8CR-9YCU-QWAA;bdnb-bg-ZPC9-RVXW-XE7X;75;6900.0;15.5;Paris 6e Arrondissement;1882.0;;;;INDETERMINE;INDETERMINE;4.0;16.0;6900.0;Tertiaire & Autres;Tertiaire;"[""LYCEE GENERAL MONTAIGNE""]"
0752528R;8N6FV5HH6HPN;Collège Victor Duruy;075;collège;COLLEGE;Paris  7e  Arrondissement;1977-03-11;bdnb-bc-1QZD-D3VS-AGKN;bdnb-bg-HLUL-YKR2-QQCC;75;3129.0;14.7;Paris 7e Arrondissement;;;;;;;;6.0;3516.0;;Tertiaire;
0752528R;D9QPTRE8JBEG;Collège Victor Duruy;075;collège;COLLEGE;Paris  7e  Arrondissement;1977-03-11;bdnb-bc-RCSQ-2YEJ-NJ1V;bdnb-bg-HLUL-YKR2-QQCC;75;216.0;1.8;Paris 7e Arrondissement;;;;;;;;6.0;3516.0;;Tertiaire;
0752528R;3KQNR5W58G84;Collège Victor Duruy;075;collège;COLLEGE;Paris  7e  Arrondissement;1977-03-11;bdnb-bc-GL9D-YERV-M65T;bdnb-bg-QLK5-P4HN-ZS2Z;75;723.0;7.8;Paris 7e Arrondissement;1800.0;;;;INDETERMINE;INDETERMINE;2.0;8.0;723.0;Résidentiel collectif;Tertiaire;"[""MINISTERE DE L'EDUCATION NATIONALE  DE L'ENSEIGNEMENT SUPERI"", ""LYCEE VICTOR DURUY""]"
0752528R;9SDD14QS2GNZ;Collège Victor Duruy;075;collège;COLLEGE;Paris  7e  Arrondissement;1977-03-11;bdnb-bc-WVM6-YZXE-KWKZ;bdnb-bg-WX4V-4TBR-9AHG;75;1115.0;4.2;Paris 7e Arrondissement;1800.0;;;;PIERRE;ARDOISES;4.0;4.0;3272.0;Résidentiel collectif;Tertiaire;"[""MINISTERE DE L'EDUCATION NATIONALE  DE L'ENSEIGNEMENT SUPERI"", ""LYCEE VICTOR DURUY""]"
0752528R;3DKPT5D872VQ;Collège Victor Duruy;075;collège;COLLEGE;Paris  7e  Arrondissement;1977-03-11;bdnb-bc-QP73-5QZW-9APW;bdnb-bg-HLUL-YKR2-QQCC;75;33.0;5.2;Paris 7e Arrondissement;;;;;;;;6.0;3516.0;;Tertiaire;
0752528R;B6GSFA6G35Q8;Collège Victor Duruy;075;collège;COLLEGE;Paris  7e  Arrondissement;1977-03-11;bdnb-bc-3CXV-CFSV-NHDF;bdnb-bg-HLUL-YKR2-QQCC;75;138.0;3.6;Paris 7e Arrondissement;;;;;;;;6.0;3516.0;;Tertiaire;
0752528R;K9Y3GJ7BHB98;Collège Victor Duruy;075;collège;COLLEGE;Paris  7e  Arrondissement;1977-03-11;bdnb-bc-874J-Q3VM-3UNA;bdnb-bg-WX4V-4TBR-9AHG;75;103.0;3.1;Paris 7e Arrondissement;1800.0;;;;PIERRE;ARDOISES;4.0;4.0;3272.0;Résidentiel collectif;Tertiaire;"[""MINISTERE DE L'EDUCATION NATIONALE  DE L'ENSEIGNEMENT SUPERI"", ""LYCEE VICTOR DURUY""]"
0752528R;P8FKMSWVM8MY;Collège Victor Duruy;075;collège;COLLEGE;Paris  7e  Arrondissement;1977-03-11;bdnb-bc-LYUB-4PA8-12Y3;bdnb-bg-WX4V-4TBR-9AHG;75;354.0;3.0;Paris 7e Arrondissement;1800.0;;;;PIERRE;ARDOISES;4.0;4.0;3272.0;Résidentiel collectif;Tertiaire;"[""MINISTERE DE L'EDUCATION NATIONALE  DE L'ENSEIGNEMENT SUPERI"", ""LYCEE VICTOR DURUY""]"
0752528R;5HK652H7N52C;Collège Victor Duruy;075;collège;COLLEGE;Paris  7e  Arrondissement;1977-03-11;bdnb-bc-5MA5-PV5U-G2VM;bdnb-bg-WX4V-4TBR-9AHG;75;1596.0;8.3;Paris 7e Arrondissement;1800.0;;;;PIERRE;ARDOISES;4.0;4.0;3272.0;Résidentiel collectif;Tertiaire;"[""MINISTERE DE L'EDUCATION NATIONALE  DE L'ENSEIGNEMENT SUPERI"", ""LYCEE VICTOR DURUY""]"
0752528R;26VWJ6KA5622;Collège Victor Duruy;075;collège;COLLEGE;Paris  7e  Arrondissement;1977-03-11;bdnb-bc-35GQ-3HTC-ZNX3;bdnb-bg-WX4V-4TBR-9AHG;75;104.0;2.7;Paris 7e Arrondissement;1800.0;;;;PIERRE;ARDOISES;4.0;4.0;3272.0;Résidentiel collectif;Tertiaire;"[""MINISTERE DE L'EDUCATION NATIONALE  DE L'ENSEIGNEMENT SUPERI"", ""LYCEE VICTOR DURUY""]"
0752533W;J7SE1QRFFWC3;Collège Jules Ferry;075;collège;COLLEGE;Paris  9e  Arrondissement;1977-03-11;bdnb-bc-R3B3-KQAA-YJNS;bdnb-bg-SCMJ-9T4D-9FML;75;3154.0;18.5;Paris 9e Arrondissement;1880.0;;;;INDETERMINE;BETON;5.0;19.0;3154.0;Résidentiel collectif;Tertiaire;"[""DIRECTION DES SERVICES DEPARTEMENTAUX DE L EDUCATION NATIONA"", ""ENEDIS"", ""ERDF AGENCE COMPTABLE TULLE""]"
0752536Z;A4V1B3W85CPH;Collège Voltaire;075;collège;COLLEGE;Paris 11e  Arrondissement;1977-03-11;bdnb-bc-GSFF-8VXW-LJBC;bdnb-bg-3LC8-9J62-REXD;75;8246.0;17.3;Paris 11e Arrondissement;1895.0;;;;PIERRE - AUTRES;ARDOISES;4.0;12.0;8486.0;Résidentiel collectif;Tertiaire;"[""VILLE DE PARIS""]"
0752540D;8FCQQ42HZ1K5;Collège Gabriel Fauré;075;collège;COLLEGE;Paris 13e  Arrondissement;1977-03-11;bdnb-bc-2DEB-FKHA-BUPX;bdnb-bg-MAL3-3TSH-7ZU3;75;2737.0;20.7;Paris 13e Arrondissement;2021.0;;;;BETON;BETON;7.0;13.0;6204.0;Résidentiel collectif;Tertiaire;"[""MOBILIER NATIONAL-MANUFACTURES NATIONALES GOBELINS  BEAUVAIS"", ""ETAT PAR DIRECTION DE L IMMOBILIER DE L ETAT""]"
0752540D;K97S6X7RZKZ3;Collège Gabriel Fauré;075;collège;COLLEGE;Paris 13e  Arrondissement;1977-03-11;;;;;;;;;;;;;;;;;;
0752548M;EVPYCQAD4CK1;Collège Janson de Sailly;075;collège;COLLEGE;Paris 16e  Arrondissement;1977-03-11;bdnb-bc-E77L-HAX2-Q2W7;bdnb-bg-3CJW-HMEW-AHFF;75;1701.0;6.8;Paris 16e Arrondissement;1970.0;;;;INDETERMINE;INDETERMINE;5.0;5.0;1915.0;Tertiaire & Autres;Tertiaire;"[""VILLE DE PARIS""]"
0752564E;WEMR17D72KM9;E.M.PU ST JACQUES E 242 rue Saint Jacques;075;école;ECOLE MATERNELLE;Paris  5e  Arrondissement;1977-06-09;bdnb-bc-VZ6N-NUSA-VKM9;bdnb-bg-FM8U-3AMM-5LM1;75;1479.0;10.2;Paris 5e Arrondissement;1850.0;;;;INDETERMINE;INDETERMINE;6.0;16.0;2086.0;Résidentiel collectif;Tertiaire;"[""VILLE DE PARIS""]"
0752569K;V1EM9C98TPV5;E.M.PU AMIRAL ROUSSIN K 33 rue de l'Amiral Roussin;075;école;ECOLE MATERNELLE;Paris 15e  Arrondissement;1977-06-09;bdnb-bc-WJWR-Z826-54X4;bdnb-bg-PTPA-QTLF-314W;75;1744.0;17.7;Paris 15e Arrondissement;;;;;INDETERMINE;INDETERMINE;4.0;14.0;1858.0;Résidentiel collectif;Tertiaire;"[""VILLE DE PARIS""]"
0752573P;ZVMSKCVS5KKZ;E.M.PU TANDOU P 22 rue Tandou;075;école;ECOLE MATERNELLE;Paris 19e  Arrondissement;1977-06-30;bdnb-bc-VNKQ-V2SC-1AGK;bdnb-bg-QKCY-MUEB-P4CM;75;697.0;13.0;Paris 19e Arrondissement;2023.0;2004.0;C;;INDETERMINE;INDETERMINE;4.0;9.0;1365.0;Tertiaire & Autres;Tertiaire;"[""VILLE DE PARIS""]"
0752573P;59AX97J78J7T;E.M.PU TANDOU P 22 rue Tandou;075;école;ECOLE MATERNELLE;Paris 19e  Arrondissement;1977-06-30;bdnb-bc-3C4A-CGDL-4SB9;bdnb-bg-QKCY-MUEB-P4CM;75;588.0;8.5;Paris 19e Arrondissement;2023.0;2004.0;C;;INDETERMINE;INDETERMINE;4.0;9.0;1365.0;Tertiaire & Autres;Tertiaire;"[""VILLE DE PARIS""]"
0752573P;CNN22WNV8T4Q;E.M.PU TANDOU P 22 rue Tandou;075;école;ECOLE MATERNELLE;Paris 19e  Arrondissement;1977-06-30;bdnb-bc-AMHX-RU2U-GHBH;bdnb-bg-QKCY-MUEB-P4CM;75;80.0;5.2;Paris 19e Arrondissement;2023.0;2004.0;C;;INDETERMINE;INDETERMINE;4.0;9.0;1365.0;Tertiaire & Autres;Tertiaire;"[""VILLE DE PARIS""]"
0752626X;FWD45Y2AYR1H;E.M.PU BOIS 2 rue des Bois;075;école;ECOLE MATERNELLE;Paris 19e  Arrondissement;1978-09-01;bdnb-bc-K8FL-LKF8-7FJF;bdnb-bg-HLZ6-DFYP-T42C;75;2330.0;3.4;Paris 19e Arrondissement;2023.0;;;;AUTRES;ARDOISES;3.0;3.0;2370.0;Tertiaire & Autres;Tertiaire;"[""VILLE DE PARIS""]"
0752627Y;K3FX8F7EYJ5S;E.M.PU ARCHEREAU ILOT RIQUET 26 rue Archereau;075;école;ECOLE MATERNELLE;Paris 19e  Arrondissement;1978-09-01;bdnb-bc-ZR4P-YMCJ-LAJJ;bdnb-bg-6EPG-VZ3R-J4KM;75;614.0;12.2;Paris 19e Arrondissement;;;;;;;;14.0;1673.0;;Tertiaire;
0752628Z;4BD997BJCE9P;E.M.PU SURMELIN 18 rue du Surmelin;075;école;ECOLE MATERNELLE;Paris 20e  Arrondissement;1978-09-01;bdnb-bc-5LPX-7483-Y8XT;bdnb-bg-ABL5-RK81-RQUH;75;1729.0;8.2;Paris 20e Arrondissement;2024.0;;;;INDETERMINE;INDETERMINE;4.0;14.0;2147.0;Tertiaire & Autres;Tertiaire;"[""VILLE DE PARIS""]"
0752633E;9GME3QT1PFED;E.P.PU MARCELLE GUILLEMOT - Ecole polyvalente 5 rue Beauregard;075;école;ECOLE DE NIVEAU ELEMENTAIRE;Paris  2e  Arrondissement;1978-09-01;bdnb-bc-63U6-49A7-LTQF;bdnb-bg-VU97-2NB7-Y6XM;75;210.0;12.7;Paris 2e Arrondissement;1850.0;;E;;BRIQUES - PIERRE;ZINC ALUMINIUM;2.0;13.0;792.0;Tertiaire & Autres;Tertiaire;"[""VILLE DE PARIS""]"
0752633E;QTDVSFKFHX5M;E.P.PU MARCELLE GUILLEMOT - Ecole polyvalente 5 rue Beauregard;075;école;ECOLE DE NIVEAU ELEMENTAIRE;Paris  2e  Arrondissement;1978-09-01;bdnb-bc-FE8H-9MJK-L8BT;bdnb-bg-VU97-2NB7-Y6XM;75;23.0;4.0;Paris 2e Arrondissement;1850.0;;E;;BRIQUES - PIERRE;ZINC ALUMINIUM;2.0;13.0;792.0;Tertiaire & Autres;Tertiaire;"[""VILLE DE PARIS""]"
0752633E;51DJ7XEXQ3MD;E.P.PU MARCELLE GUILLEMOT - Ecole polyvalente 5 rue Beauregard;075;école;ECOLE DE NIVEAU ELEMENTAIRE;Paris  2e  Arrondissement;1978-09-01;bdnb-bc-ZYKH-UM2J-3VNT;bdnb-bg-VU97-2NB7-Y6XM;75;364.0;17.8;Paris 2e Arrondissement;1850.0;;E;;BRIQUES - PIERRE;ZINC ALUMINIUM;2.0;13.0;792.0;Tertiaire & Autres;Tertiaire;"[""VILLE DE PARIS""]"
0752633E;YBCY9Z48V253;E.P.PU MARCELLE GUILLEMOT - Ecole polyvalente 5 rue Beauregard;075;école;ECOLE DE NIVEAU ELEMENTAIRE;Paris  2e  Arrondissement;1978-09-01;bdnb-bc-B67U-LN8E-C33F;bdnb-bg-VU97-2NB7-Y6XM;75;195.0;16.0;Paris 2e Arrondissement;1850.0;;E;;BRIQUES - PIERRE;ZINC ALUMINIUM;2.0;13.0;792.0;Tertiaire & Autres;Tertiaire;"[""VILLE DE PARIS""]"
0752645T;2G9WSCN7YEQ6;E.E.PU LAFAYETTE 216 bis rue Lafayette;075;école;ECOLE DE NIVEAU ELEMENTAIRE;Paris 10e  Arrondissement;1978-09-01;bdnb-bc-FGD5-GZW5-11XM;bdnb-bg-S39P-Z8QE-778Y;75;133.0;21.2;Paris 10e Arrondissement;;;D;F;PIERRE;ZINC ALUMINIUM;7.0;21.0;133.0;Résidentiel collectif;Résidentiel collectif;"[""VILLE DE PARIS"", ""SCI CHABOU"", ""REALISATIONS IMMOBILIERES"", ""SABRE""]"
0752695X;V7WA33FY28M3;Collège Guillaume Budé;075;collège;COLLEGE;Paris 19e  Arrondissement;1979-09-01;bdnb-bc-EZUR-PWW1-2XWY;bdnb-bg-CT58-FGAP-QXAD;75;1023.0;14.1;Paris 19e Arrondissement;2023.0;;;;INDETERMINE;INDETERMINE;1.0;14.0;1023.0;Tertiaire & Autres;Tertiaire;"[""VILLE DE PARIS""]"
0752779N;9HYC98XRWMXJ;E.M.PU PROCESSION 66 rue de la Procession;075;école;ECOLE MATERNELLE;Paris 15e  Arrondissement;1979-09-01;bdnb-bc-SB47-7S3D-HSZ6;bdnb-bg-2RHD-7GRL-N4QT;75;1204.0;6.7;Paris 15e Arrondissement;2023.0;;;;INDETERMINE;INDETERMINE;2.0;7.0;1204.0;Tertiaire & Autres;Tertiaire;"[""VILLE DE PARIS""]"
0752829T;2FZ2S6A2DZJF;Collège Bernard Palissy;075;collège;COLLEGE;Paris 10e  Arrondissement;1980-08-01;bdnb-bc-UQQ1-67UG-CE5V;bdnb-bg-PAY2-CBW3-2KCB;75;689.0;14.7;Paris 10e Arrondissement;1880.0;;;;BRIQUES - PIERRE;ZINC ALUMINIUM;3.0;15.0;689.0;Tertiaire & Autres;Tertiaire;"[""VILLE DE PARIS""]"
0752833X;F7VX8PVDNEV7;E.M.PU JOUFFROY X 20 rue Jouffroy d'Abbans;075;école;ECOLE MATERNELLE;Paris 17e  Arrondissement;1980-09-01;bdnb-bc-RXA6-V9DL-2GJT;bdnb-bg-PLJS-U1TU-UJNU;75;1014.0;18.0;Paris 17e Arrondissement;2023.0;;;;INDETERMINE;INDETERMINE;3.0;10.0;1919.0;Tertiaire & Autres;Tertiaire;"[""VILLE DE PARIS"", ""ENEDIS""]"
0752833X;WD1QE7JQZ75D;E.M.PU JOUFFROY X 20 rue Jouffroy d'Abbans;075;école;ECOLE MATERNELLE;Paris 17e  Arrondissement;1980-09-01;bdnb-bc-11VV-XRJV-WMMA;bdnb-bg-PLJS-U1TU-UJNU;75;37.0;2.9;Paris 17e Arrondissement;2023.0;;;;INDETERMINE;INDETERMINE;3.0;10.0;1919.0;Tertiaire & Autres;Tertiaire;"[""VILLE DE PARIS"", ""ENEDIS""]"
0753046D;6KSK55HH3B44;Collège Flora Tristan;075;collège;COLLEGE;Paris 20e  Arrondissement;1982-09-01;bdnb-bc-D3UR-3Q9U-WYQE;bdnb-bg-JGUW-YRVK-U28N;75;2077.0;8.2;Paris 20e Arrondissement;;;;;AGGLOMERE - BETON;BETON - AUTRES;2.0;7.0;2455.0;Tertiaire & Autres;Tertiaire;"[""VILLE DE PARIS""]"
0753049G;VYQ7MF1B6TFZ;E.M.PU ECLUSES ST MARTIN 28 rue des Ecluses St Martin;075;école;ECOLE MATERNELLE;Paris 10e  Arrondissement;1982-09-01;bdnb-bc-CU57-EQ9E-WWSR;bdnb-bg-3NJT-9L9C-Z3T5;75;1969.0;28.5;Paris 10e Arrondissement;1981.0;;D;;INDETERMINE;INDETERMINE;9.0;14.0;2378.0;Résidentiel collectif;Tertiaire;"[""VILLE DE PARIS"", ""ELOGIE - SIEMP""]"
0753052K;AY7MVDKGV6KZ;E.M.PU FEDERATION 20 rue de la Fédération;075;école;ECOLE MATERNELLE;Paris 15e  Arrondissement;1983-03-25;bdnb-bc-FGBN-3X1M-1ERR;bdnb-bg-8YTR-FPG1-U7JN;75;1088.0;24.1;Paris 15e Arrondissement;1997.0;;;;INDETERMINE;INDETERMINE;1.0;26.0;1113.0;Tertiaire & Autres;Tertiaire;"[""DIRECTION GENERALE DE L'ADMINISTRATION ET DE LA MODERNISATIO"", ""FONDATION DU JAPON""]"
0753055N;7WQVVM2VRTAQ;E.E.PU VILLETTE 61 rue de la Villette;075;école;ECOLE DE NIVEAU ELEMENTAIRE;Paris 19e  Arrondissement;1982-09-01;bdnb-bc-P835-N5QN-Q723;bdnb-bg-GU55-WWNA-E1CS;75;1724.0;5.0;Paris 19e Arrondissement;2023.0;;;;INDETERMINE;INDETERMINE;1.0;5.0;1745.0;Tertiaire & Autres;Tertiaire;"[""VILLE DE PARIS""]"
0753055N;BKFNC3QST2Z5;E.E.PU VILLETTE 61 rue de la Villette;075;école;ECOLE DE NIVEAU ELEMENTAIRE;Paris 19e  Arrondissement;1982-09-01;bdnb-bc-87LM-EMMQ-T98U;bdnb-bg-Y3GK-L5UC-CXXV;75;834.0;10.2;Paris 19e Arrondissement;2023.0;;;;INDETERMINE;INDETERMINE;1.0;7.0;2064.0;Tertiaire & Autres;Tertiaire;"[""VILLE DE PARIS""]"
0753055N;EYG67REY4JG3;E.E.PU VILLETTE 61 rue de la Villette;075;école;ECOLE DE NIVEAU ELEMENTAIRE;Paris 19e  Arrondissement;1982-09-01;;;;;;;;;;;;;;;;;;
0753055N;K813Z7FNB6GD;E.E.PU VILLETTE 61 rue de la Villette;075;école;ECOLE DE NIVEAU ELEMENTAIRE;Paris 19e  Arrondissement;1982-09-01;;;;;;;;;;;;;;;;;;
0753055N;GDQDRZFBTG1K;E.E.PU VILLETTE 61 rue de la Villette;075;école;ECOLE DE NIVEAU ELEMENTAIRE;Paris 19e  Arrondissement;1982-09-01;;;;;;;;;;;;;;;;;;
0753063X;9B3NB8RVV5Y5;E.M.PU JEAN DOLENT 11 rue Jean Dolent;075;école;ECOLE MATERNELLE;Paris 14e  Arrondissement;1982-09-01;bdnb-bc-6SD5-2BWV-GX95;bdnb-bg-YE99-4852-87WW;75;600.0;11.1;Paris 14e Arrondissement;1983.0;;;;BETON;BETON;4.0;11.0;968.0;Résidentiel collectif;Tertiaire;"[""VILLE DE PARIS""]"
0753063X;E1ZNABEAMSYJ;E.M.PU JEAN DOLENT 11 rue Jean Dolent;075;école;ECOLE MATERNELLE;Paris 14e  Arrondissement;1982-09-01;bdnb-bc-QU28-MKE6-Z7MJ;bdnb-bg-YE99-4852-87WW;75;73.0;6.0;Paris 14e Arrondissement;1983.0;;;;BETON;BETON;4.0;11.0;968.0;Résidentiel collectif;Tertiaire;"[""VILLE DE PARIS""]"
0753193N;JE1G1V7Y7C4V;E.M.PU ARISTIDE MAILLOL 15 rue Aristide Maillol;075;école;ECOLE MATERNELLE;Paris 15e  Arrondissement;1984-09-01;bdnb-bc-U81A-SXQ6-NPYY;bdnb-bg-Y9V9-6M8H-QB9T;75;633.0;10.0;Paris 15e Arrondissement;1984.0;;;;PIERRE;TUILES;2.0;10.0;633.0;Tertiaire & Autres;Tertiaire;"[""VILLE DE PARIS""]"
0753198U;AXMNA3PR5RRX;E.P.PU DAVOUT 51 boulevard Davout;075;école;ECOLE DE NIVEAU ELEMENTAIRE;Paris 20e  Arrondissement;1984-09-01;bdnb-bc-KMUZ-7C1R-DB1J;bdnb-bg-3UGF-G7FD-1A1Z;75;256.0;5.0;Paris 20e Arrondissement;2024.0;;;;INDETERMINE;INDETERMINE;1.0;;256.0;Résidentiel individuel;Tertiaire;"[""VILLE DE PARIS""]"
0753255F;T5XKKMKAEMXR;E.M.PU CROULEBARBE 5 rue de Croulebarbe;075;école;ECOLE MATERNELLE;Paris 13e  Arrondissement;1965-10-31;bdnb-bc-5QQ3-L2XR-BR64;bdnb-bg-KUX4-RM15-GMFN;75;2139.0;16.6;Paris 13e Arrondissement;1962.0;;;;BRIQUES;BETON;5.0;11.0;2741.0;Tertiaire & Autres;Tertiaire;"[""VILLE DE PARIS""]"
0753264R;AGF967PER3AY;E.M.PU PALI KAO 32 rue Pali Kao;075;école;ECOLE MATERNELLE;Paris 20e  Arrondissement;1985-09-01;bdnb-bc-S6YB-9EC1-7APS;bdnb-bg-VNKA-VTQZ-785G;75;1116.0;7.0;Paris 20e Arrondissement;1985.0;1955.0;E;;BETON;ARDOISES;2.0;7.0;1116.0;Tertiaire & Autres;Tertiaire;"[""VILLE DE PARIS""]"
0753278F;7R51VP3BGE9H;E.M.PU HOPITAL ST LOUIS F 18 rue de l'Hôpital Saint-Louis;075;école;ECOLE MATERNELLE;Paris 10e  Arrondissement;1985-09-01;bdnb-bc-8XAS-N7H6-LVB4;bdnb-bg-2NBM-R1QX-WYTX;75;8267.0;10.9;Paris 10e Arrondissement;;;;;;;;10.0;15910.0;;Tertiaire;
0753337V;G97JCMS7B5CW;E.M.PU AMANDIERS 90 rue des Amandiers;075;école;ECOLE MATERNELLE;Paris 20e  Arrondissement;1986-09-01;bdnb-bc-GTV9-SSQP-D4UJ;bdnb-bg-CKNT-72X4-BV51;75;1104.0;8.4;Paris 20e Arrondissement;2024.0;;;;INDETERMINE;INDETERMINE;1.0;8.0;1104.0;Tertiaire & Autres;Tertiaire;"[""VILLE DE PARIS""]"
0753340Y;QVFYQDG2XEWD;E.M.PU VILLIERS 22 avenue de la Porte de Villiers;075;école;ECOLE MATERNELLE;Paris 17e  Arrondissement;1986-09-01;bdnb-bc-7RG8-P832-DFU6;bdnb-bg-7W3X-Y2CV-1DGH;75;1232.0;4.8;Paris 17e Arrondissement;2023.0;;;;INDETERMINE;INDETERMINE;1.0;4.0;2573.0;Tertiaire & Autres;Tertiaire;"[""VILLE DE PARIS""]"
0753360V;NMD3841VV1DN;E.M.PU GODEFROY CAVAIGNAC V 31 rue Godeffroy Cavaignac;075;école;ECOLE MATERNELLE;Paris 11e  Arrondissement;1986-09-01;bdnb-bc-5TS1-1M2R-LP7Z;bdnb-bg-D66K-4Q9U-ZSU3;75;267.0;20.6;Paris 11e Arrondissement;2007.0;;;;INDETERMINE;INDETERMINE;1.0;13.0;1183.0;Tertiaire & Autres;Tertiaire;"[""VILLE DE PARIS""]"
0753415E;AA54G54C65H3;E.M.PU GUTENBERG 72 rue Gutenberg;075;école;ECOLE MATERNELLE;Paris 15e  Arrondissement;1988-09-01;bdnb-bc-17BM-FUZ9-J9G3;bdnb-bg-XQNL-AB2G-MLSH;75;124.0;3.1;Paris 15e Arrondissement;;;;;;;;3.0;183.0;;Tertiaire;
0753582L;GRZ25CK1914T;E.M.PU PELLEPORT L 99 rue Pelleport;075;école;ECOLE MATERNELLE;Paris 20e  Arrondissement;1988-09-05;bdnb-bc-HTJ6-VYGU-F47F;bdnb-bg-2CLQ-VXLG-QXL2;75;535.0;20.9;Paris 20e Arrondissement;1900.0;;;;BRIQUES;ZINC ALUMINIUM;2.0;21.0;535.0;Tertiaire & Autres;Tertiaire;"[""VILLE DE PARIS""]"
0753939Z;Z6QJTV2YS2C3;Collège Jean Perrin;075;collège;COLLEGE;Paris 20e  Arrondissement;1968-04-24;bdnb-bc-EN4P-49SM-8TAB;bdnb-bg-1M5B-B9PA-AGZS;75;1459.0;24.1;Paris 20e Arrondissement;2024.0;;;;INDETERMINE;INDETERMINE;4.0;10.0;3682.0;Tertiaire & Autres;Tertiaire;"[""VILLE DE PARIS""]"
0754306Y;723CXF3KXFJP;E.M.PU TAPISSERIES 8 rue des Tapisseries;075;école;ECOLE MATERNELLE;Paris 17e  Arrondissement;1989-09-01;bdnb-bc-F1DK-99S5-F2DD;bdnb-bg-C2UT-33HR-2FBP;75;297.0;14.0;Paris 17e Arrondissement;1989.0;;;;INDETERMINE;INDETERMINE;1.0;14.0;297.0;Résidentiel collectif;Tertiaire;"[""VILLE DE PARIS""]"
0754307Z;4DC78F68E9P8;E.E.PU SAUSSURE Z 101 rue de Saussure;075;école;ECOLE DE NIVEAU ELEMENTAIRE;Paris 17e  Arrondissement;1990-09-01;bdnb-bc-NQZZ-Z7D4-GBSG;bdnb-bg-PLJS-U1TU-UJNU;75;188.0;6.7;Paris 17e Arrondissement;2023.0;;;;INDETERMINE;INDETERMINE;3.0;10.0;1919.0;Tertiaire & Autres;Tertiaire;"[""VILLE DE PARIS"", ""ENEDIS""]"
0754307Z;54MT4ZGMZJ26;E.E.PU SAUSSURE Z 101 rue de Saussure;075;école;ECOLE DE NIVEAU ELEMENTAIRE;Paris 17e  Arrondissement;1990-09-01;bdnb-bc-SYVM-VN2M-414T;bdnb-bg-PLJS-U1TU-UJNU;75;487.0;17.8;Paris 17e Arrondissement;2023.0;;;;INDETERMINE;INDETERMINE;3.0;10.0;1919.0;Tertiaire & Autres;Tertiaire;"[""VILLE DE PARIS"", ""ENEDIS""]"
0754307Z;4FQMEGHQ391T;E.E.PU SAUSSURE Z 101 rue de Saussure;075;école;ECOLE DE NIVEAU ELEMENTAIRE;Paris 17e  Arrondissement;1990-09-01;bdnb-bc-ZHZC-1RK6-PRNW;bdnb-bg-PLJS-U1TU-UJNU;75;127.0;5.6;Paris 17e Arrondissement;2023.0;;;;INDETERMINE;INDETERMINE;3.0;10.0;1919.0;Tertiaire & Autres;Tertiaire;"[""VILLE DE PARIS"", ""ENEDIS""]"
0754307Z;733KFRXH9E2S;E.E.PU SAUSSURE Z 101 rue de Saussure;075;école;ECOLE DE NIVEAU ELEMENTAIRE;Paris 17e  Arrondissement;1990-09-01;bdnb-bc-RR14-4345-YJXW;bdnb-bg-PLJS-U1TU-UJNU;75;66.0;8.0;Paris 17e Arrondissement;2023.0;;;;INDETERMINE;INDETERMINE;3.0;10.0;1919.0;Tertiaire & Autres;Tertiaire;"[""VILLE DE PARIS"", ""ENEDIS""]"
0754308A;RW2Y8AN9ZHTG;E.E.PU EVANGILE 33 rue de l'Evangile;075;école;ECOLE DE NIVEAU ELEMENTAIRE;Paris 18e  Arrondissement;1989-09-05;bdnb-bc-VF6T-4JAQ-LFSH;bdnb-bg-FV5A-W796-84KL;75;1211.0;11.7;Paris 18e Arrondissement;1901.0;;D;;INDETERMINE;INDETERMINE;2.0;11.0;4876.0;Tertiaire & Autres;Tertiaire;"[""VILLE DE PARIS""]"
0754308A;QW4BSHCZ213F;E.E.PU EVANGILE 33 rue de l'Evangile;075;école;ECOLE DE NIVEAU ELEMENTAIRE;Paris 18e  Arrondissement;1989-09-05;bdnb-bc-KVS2-ALGS-SZCJ;bdnb-bg-FV5A-W796-84KL;75;198.0;5.0;Paris 18e Arrondissement;1901.0;;D;;INDETERMINE;INDETERMINE;2.0;11.0;4876.0;Tertiaire & Autres;Tertiaire;"[""VILLE DE PARIS""]"
0754308A;8EPNTGDSGJ7Z;E.E.PU EVANGILE 33 rue de l'Evangile;075;école;ECOLE DE NIVEAU ELEMENTAIRE;Paris 18e  Arrondissement;1989-09-05;bdnb-bc-1XEB-63A9-WNZ3;bdnb-bg-FV5A-W796-84KL;75;481.0;14.0;Paris 18e Arrondissement;1901.0;;D;;INDETERMINE;INDETERMINE;2.0;11.0;4876.0;Tertiaire & Autres;Tertiaire;"[""VILLE DE PARIS""]"
0754308A;M1QSMABN5J9V;E.E.PU EVANGILE 33 rue de l'Evangile;075;école;ECOLE DE NIVEAU ELEMENTAIRE;Paris 18e  Arrondissement;1989-09-05;bdnb-bc-GSK9-XWMP-RBXR;bdnb-bg-FV5A-W796-84KL;75;167.0;23.2;Paris 18e Arrondissement;1901.0;;D;;INDETERMINE;INDETERMINE;2.0;11.0;4876.0;Tertiaire & Autres;Tertiaire;"[""VILLE DE PARIS""]"
0754308A;4SBF3RWRWWQN;E.E.PU EVANGILE 33 rue de l'Evangile;075;école;ECOLE DE NIVEAU ELEMENTAIRE;Paris 18e  Arrondissement;1989-09-05;;;;;;;;;;;;;;;;;;
0754310C;TFEPHWZ3DMDV;E.M.PU DARIUS MILHAUD 53 allée Darius Milhaud;075;école;ECOLE MATERNELLE;Paris 19e  Arrondissement;1989-09-01;bdnb-bc-LPC2-5P7U-3XR6;bdnb-bg-RCS6-6YNF-G1XU;75;1790.0;4.9;Paris 19e Arrondissement;2020.0;1977.0;D;E;INDETERMINE;INDETERMINE;15.0;21.0;7733.0;Résidentiel collectif;Tertiaire;"[""VILLE DE PARIS"", ""IMMOBILIERE MARCEAU"", ""GLF LOICK FOUCHET"", ""SCI DU PONT ROUGE"", ""CABINET CHEMIN"", ""ALEXANDRA"", ""SCI TANGO"", ""CHARNIC"", ""MEDRIL"", ""SYNDICALE AFUL PETIT FONTAINEBLEAU"", ""JADAMASY"", ""SOPHYVONNE"", ""FERTE"", ""MANDREA"", ""SCI THOMAS"", ""ANDREA"", ""REINE"", ""MAXIME"", ""LES CHAUMES DE BERTRAND"", ""LA FONTAINE F K H"", ""DAVID"", ""GOLANIA"", ""FLL"", ""SCI 114 PETIT"", ""SCI FRANC LA ROSE"", ""SCI JADE"", ""LUGASSY"", ""JOSEPH ETOILE"", ""MARIE"", ""LEHAR"", ""PE2"", ""JOSAK"", ""SCI PARIS FONTAINEBLEAU"", ""YUL"", ""DAIJAC"", ""S C I GHAMM"", ""LING PERE ET FILS"", ""SYND COPT 16 18 ALLEE DE FONTAINEBLEAU 7"", ""SCI LEA75"", ""SCI ALIETTE"", ""IMMOBILIERE 3F"", ""SOCIETE ORFILA DE GESTION IMMOBILIERE"", ""VILLETTE"", ""100 RUE PETIT"", ""STEPH"", ""SCI FA IMMOBILIERS"", ""PETIT-BOUCHARDON"", ""SCI HS 26"", ""SCI PETIT  1"", ""SCI ALAIN CHEN ZENG"", ""VINCENT CHEN ZENG"", ""PREDIGUER-GOTTDIENER"", ""CABINET OLLIADE"", ""ASS FONCIERE URBAINE LIBRE DES VOLUMES PETIT FONTAINEBLEAU""]"
0754451F;2AHQRM2W8AG3;E.E.PU PIERRE GOURDAULT 11 rue Pierre Gourdault;075;école;ECOLE DE NIVEAU ELEMENTAIRE;Paris 13e  Arrondissement;1992-09-01;bdnb-bc-EHZ8-JRZV-25V2;bdnb-bg-C2JH-LUF5-5MAR;75;582.0;10.8;Paris 13e Arrondissement;1991.0;;;;INDETERMINE;INDETERMINE;3.0;11.0;582.0;Tertiaire & Autres;Tertiaire;"[""VILLE DE PARIS""]"
0754476H;ZPYRB1DR6N51;Lycée polyvalent Guillaume Tirel - Lycée des métiers de l'excellence de la gastronomie et de l'hôtellerie à rayonnement international;075;lycée;LYCEE POLYVALENT;Paris 14e  Arrondissement;1992-09-01;bdnb-bc-W388-Y1BM-BM9D;bdnb-bg-JWNV-4ZGW-3NPK;75;583.0;23.8;Paris 14e Arrondissement;;;;;;;;19.0;3268.0;;Tertiaire;
0754488W;MGVGV2WGEVQP;E.E.PU GOUBET 4 rue Goubet;075;école;ECOLE DE NIVEAU ELEMENTAIRE;Paris 19e  Arrondissement;1992-09-01;bdnb-bc-97LW-7NDJ-JP1Y;bdnb-bg-PSAT-TQA6-MGT3;75;923.0;4.9;Paris 19e Arrondissement;2023.0;;;;INDETERMINE;INDETERMINE;1.0;5.0;923.0;Tertiaire & Autres;Tertiaire;"[""VILLE DE PARIS""]"
0754490Y;VZMB5VYYV62T;E.M.PU CARPEAUX 5 rue Carpeaux;075;école;ECOLE MATERNELLE;Paris 18e  Arrondissement;1992-09-01;bdnb-bc-YULL-J9S9-BXV8;bdnb-bg-UL5R-M766-C8QG;75;670.0;18.7;Paris 18e Arrondissement;1992.0;;;;INDETERMINE;INDETERMINE;3.0;18.0;901.0;Tertiaire & Autres;Tertiaire;"[""VILLE DE PARIS""]"
0754490Y;W44PPMB86CCR;E.M.PU CARPEAUX 5 rue Carpeaux;075;école;ECOLE MATERNELLE;Paris 18e  Arrondissement;1992-09-01;bdnb-bc-UDMV-7TB3-TEPR;bdnb-bg-UL5R-M766-C8QG;75;231.0;18.2;Paris 18e Arrondissement;1992.0;;;;INDETERMINE;INDETERMINE;3.0;18.0;901.0;Tertiaire & Autres;Tertiaire;"[""VILLE DE PARIS""]"
0754530S;YTVWBFCJV7PM;Lycée polyvalent Martin Nadaud;075;lycée;LYCEE POLYVALENT;Paris 20e  Arrondissement;1993-09-01;bdnb-bc-D4JN-AFRB-WC9R;bdnb-bg-L969-ATW6-RXT4;75;951.0;14.2;Paris 20e Arrondissement;1930.0;;C;;BRIQUES - AUTRES;INDETERMINE;3.0;9.0;1730.0;Tertiaire & Autres;Tertiaire;"[""VILLE DE PARIS"", ""REGION ILE DE FRANCE""]"
0754706H;XX8H1ZMAZ5DR;Collège Marie Curie;075;collège;COLLEGE;Paris 18e  Arrondissement;1995-09-01;bdnb-bc-LHMC-ZHN3-2PX2;bdnb-bg-P6K2-94J2-2KA6;75;1557.0;14.8;Paris 18e Arrondissement;1995.0;;;;BRIQUES - AUTRES;TUILES;7.0;16.0;1737.0;Tertiaire & Autres;Tertiaire;"[""MINISTERE DE L'EDUCATION NATIONALE  DE L'ENSEIGNEMENT SUPERI"", ""ENEDIS"", ""COLLEGE DEPARTEMENTAL""]"
0754828R;KAFC5PVEVP2F;E.P.PU EMILE BOLLAERT 53 rue Emile Bollaert;075;école;ECOLE DE NIVEAU ELEMENTAIRE;Paris 19e  Arrondissement;1997-09-01;bdnb-bc-SKHM-FQ1P-FDJC;bdnb-bg-J5UQ-PTJB-DFSF;75;830.0;10.3;Paris 19e Arrondissement;2023.0;;;;INDETERMINE;INDETERMINE;1.0;10.0;830.0;Tertiaire & Autres;Tertiaire;"[""VILLE DE PARIS"", ""TOTALENERGIES MARKETING FRANCE""]"
0754982H;AXWCSBYSR3M2;E.P.PU SIBELLE 13 avenue de la Sibelle;075;école;ECOLE DE NIVEAU ELEMENTAIRE;Paris 14e  Arrondissement;2000-09-01;bdnb-bc-EMTX-4NQY-4P2K;bdnb-bg-TAC7-THZC-XL9L;75;1482.0;8.1;Paris 14e Arrondissement;2000.0;1947.0;;;INDETERMINE;INDETERMINE;1.0;8.0;1482.0;Résidentiel collectif;Tertiaire;"[""VILLE DE PARIS""]"
0755011P;NCHZ4JV9HB5H;E.P.PU MARGUERITE LONG 5 rue Marguerite Long;075;école;ECOLE DE NIVEAU ELEMENTAIRE;Paris 17e  Arrondissement;2003-09-01;bdnb-bc-VR9R-WVLN-XM2S;bdnb-bg-NKT9-3ZVU-VEK2;75;900.0;13.1;Paris 17e Arrondissement;2023.0;;;;INDETERMINE;INDETERMINE;1.0;16.0;1389.0;Tertiaire & Autres;Tertiaire;"[""VILLE DE PARIS""]"
0755011P;R52PN7W5VQCQ;E.P.PU MARGUERITE LONG 5 rue Marguerite Long;075;école;ECOLE DE NIVEAU ELEMENTAIRE;Paris 17e  Arrondissement;2003-09-01;bdnb-bc-M9AE-CY4D-S7HK;bdnb-bg-NKT9-3ZVU-VEK2;75;489.0;19.3;Paris 17e Arrondissement;2023.0;;;;INDETERMINE;INDETERMINE;1.0;16.0;1389.0;Tertiaire & Autres;Tertiaire;"[""VILLE DE PARIS""]"
0755011P;2W7V5AKVQMJA;E.P.PU MARGUERITE LONG 5 rue Marguerite Long;075;école;ECOLE DE NIVEAU ELEMENTAIRE;Paris 17e  Arrondissement;2003-09-01;bdnb-bc-N3KB-DPWT-VE4R;bdnb-bg-2LM9-HTHS-PM2T;75;270.0;8.0;Paris 17e Arrondissement;;;;;INDETERMINE;INDETERMINE;1.0;6.0;436.0;Tertiaire & Autres;Tertiaire;"[""VILLE DE PARIS""]"
0755011P;ZQCAFT54VKMP;E.P.PU MARGUERITE LONG 5 rue Marguerite Long;075;école;ECOLE DE NIVEAU ELEMENTAIRE;Paris 17e  Arrondissement;2003-09-01;bdnb-bc-8E4M-AYB4-GD2Z;bdnb-bg-2LM9-HTHS-PM2T;75;93.0;6.4;Paris 17e Arrondissement;;;;;INDETERMINE;INDETERMINE;1.0;6.0;436.0;Tertiaire & Autres;Tertiaire;"[""VILLE DE PARIS""]"
0755038U;SN9FHV1PPPZ1;E.M.PU JEAN MENANS 2 rue Jean Menans;075;école;ECOLE MATERNELLE;Paris 19e  Arrondissement;2002-09-01;bdnb-bc-EXPE-JJVE-FAHS;bdnb-bg-M1Q1-7LQ5-4BL8;75;1141.0;5.2;Paris 19e Arrondissement;2023.0;;;;INDETERMINE;INDETERMINE;1.0;5.0;1141.0;Tertiaire & Autres;Tertiaire;"[""VILLE DE PARIS""]"
0755248X;YZXQ1ABWYCYE;E.M.PU CHRISTIANI 8 rue Christiani;075;école;ECOLE MATERNELLE;Paris 18e  Arrondissement;2007-09-01;bdnb-bc-PX9J-T2VR-SHRR;bdnb-bg-K9WQ-H1WE-HA9Q;75;859.0;9.9;Paris 18e Arrondissement;2007.0;;;;INDETERMINE;INDETERMINE;1.0;10.0;859.0;Tertiaire & Autres;Tertiaire;"[""VILLE DE PARIS""]"
0755808F;ZA95MVW91M8D;E.P.PU LOUISE BOURGEOIS 19 rue Louise Bourgeois;075;école;ECOLE DE NIVEAU ELEMENTAIRE;Paris 13e  Arrondissement;2015-09-01;bdnb-bc-HY1K-PX41-NVJT;bdnb-bg-LCBG-G63G-L52Z;75;177.0;32.0;Paris 13e Arrondissement;2023.0;;;;INDETERMINE;INDETERMINE;1.0;28.0;408.0;Résidentiel individuel;Tertiaire;"[""VILLE DE PARIS""]"
0930145C;TTCSNSD2FDQG;Ecole élémentaire Anatole France;093;école;ECOLE DE NIVEAU ELEMENTAIRE;La Courneuve;1965-05-01;bdnb-bc-8LT6-2ZQ9-TP2Z;bdnb-bg-FJQ3-1B87-38NC;93;146.0;11.2;La Courneuve;1991.0;;;;INDETERMINE;INDETERMINE;1.0;6.0;1241.0;Tertiaire & Autres;Tertiaire;"[""ASSOCIATION DIOCESAINE ST DENIS FRANCE""]"
0930155N;5QH1Q7M16PTS;Ecole élémentaire Romain Rolland;093;école;ECOLE DE NIVEAU ELEMENTAIRE;Montreuil;1965-05-01;bdnb-bc-W44B-TDJB-GZWR;bdnb-bg-MQSP-P2RG-Q7UT;93;180.0;7.0;Montreuil;;;;;;;;9.0;4252.0;;Tertiaire;
0930155N;24XVJSPAHVCM;Ecole élémentaire Romain Rolland;093;école;ECOLE DE NIVEAU ELEMENTAIRE;Montreuil;1965-05-01;bdnb-bc-M92S-TMMM-WJGY;bdnb-bg-MQSP-P2RG-Q7UT;93;2598.0;10.8;Montreuil;;;;;;;;9.0;4252.0;;Tertiaire;
0930155N;5A9RD68CH1KT;Ecole élémentaire Romain Rolland;093;école;ECOLE DE NIVEAU ELEMENTAIRE;Montreuil;1965-05-01;bdnb-bc-FB4E-G4BH-7KMB;bdnb-bg-MQSP-P2RG-Q7UT;93;221.0;15.2;Montreuil;;;;;;;;9.0;4252.0;;Tertiaire;
0930155N;1MH19FMF4RB8;Ecole élémentaire Romain Rolland;093;école;ECOLE DE NIVEAU ELEMENTAIRE;Montreuil;1965-05-01;bdnb-bc-CALT-MXKJ-PUEG;bdnb-bg-MQSP-P2RG-Q7UT;93;836.0;8.2;Montreuil;;;;;;;;9.0;4252.0;;Tertiaire;
0930155N;ZSZ5PSVDNSNQ;Ecole élémentaire Romain Rolland;093;école;ECOLE DE NIVEAU ELEMENTAIRE;Montreuil;1965-05-01;bdnb-bc-1SS7-ED8Y-9SEK;bdnb-bg-MQSP-P2RG-Q7UT;93;65.0;4.3;Montreuil;;;;;;;;9.0;4252.0;;Tertiaire;
0930155N;BHEWKVWMFWJ2;Ecole élémentaire Romain Rolland;093;école;ECOLE DE NIVEAU ELEMENTAIRE;Montreuil;1965-05-01;bdnb-bc-GZKG-K2RK-63JJ;bdnb-bg-MQSP-P2RG-Q7UT;93;306.0;9.7;Montreuil;;;;;;;;9.0;4252.0;;Tertiaire;
0930155N;D7GD8XAB4YRD;Ecole élémentaire Romain Rolland;093;école;ECOLE DE NIVEAU ELEMENTAIRE;Montreuil;1965-05-01;bdnb-bc-F97S-4FEP-YQCU;bdnb-bg-MQSP-P2RG-Q7UT;93;35.0;5.8;Montreuil;;;;;;;;9.0;4252.0;;Tertiaire;
0930155N;DEAM7K6RFNG8;Ecole élémentaire Romain Rolland;093;école;ECOLE DE NIVEAU ELEMENTAIRE;Montreuil;1965-05-01;bdnb-bc-N6HR-LG6T-A2MK;bdnb-bg-FFG4-3BXD-D5F6;93;244.0;5.9;Montreuil;1959.0;;;;AGGLOMERE - BETON;BETON;2.0;6.0;295.0;Résidentiel collectif;Résidentiel collectif;"[""COMMUNE DE MONTREUIL""]"
0930155N;YEHDYG1NHHHX;Ecole élémentaire Romain Rolland;093;école;ECOLE DE NIVEAU ELEMENTAIRE;Montreuil;1965-05-01;bdnb-bc-6QHA-YEP7-3WSS;bdnb-bg-FFG4-3BXD-D5F6;93;51.0;5.9;Montreuil;1959.0;;;;AGGLOMERE - BETON;BETON;2.0;6.0;295.0;Résidentiel collectif;Résidentiel collectif;"[""COMMUNE DE MONTREUIL""]"
0930167B;T8MMVVNPTZYR;Ecole élémentaire Cristino Garcia;093;école;ECOLE DE NIVEAU ELEMENTAIRE;Drancy;1965-05-01;bdnb-bc-VGE6-YDSC-5JDX;bdnb-bg-N1KL-Q34Y-QPS3;93;661.0;6.5;Drancy;2011.0;;;;AUTRES;AUTRES;3.0;8.0;2642.0;Tertiaire & Autres;Tertiaire;"[""COMMUNE DE DRANCY"", ""DEPARTEMENT DE LA SEINE SAINT DENIS""]"
0930176L;ATWTJFB3AG9H;Ecole élémentaire Anatole France;093;école;ECOLE DE NIVEAU ELEMENTAIRE;Saint-Denis;1965-05-01;bdnb-bc-RJ3G-DCL7-LGRT;bdnb-bg-L7AF-8AKF-2C5J;93;2452.0;6.8;Saint-Denis;1907.0;;;;BRIQUES - MEULIERE;TUILES;3.0;5.0;2545.0;Résidentiel collectif;Tertiaire;"[""COMMUNE DE SAINT-DENIS""]"
0930176L;DPKRV3YHGQJG;Ecole élémentaire Anatole France;093;école;ECOLE DE NIVEAU ELEMENTAIRE;Saint-Denis;1965-05-01;bdnb-bc-FW35-Y6ZV-LLPT;bdnb-bg-L7AF-8AKF-2C5J;93;82.0;4.1;Saint-Denis;1907.0;;;;BRIQUES - MEULIERE;TUILES;3.0;5.0;2545.0;Résidentiel collectif;Tertiaire;"[""COMMUNE DE SAINT-DENIS""]"
0930176L;XCWKVK1M7TFA;Ecole élémentaire Anatole France;093;école;ECOLE DE NIVEAU ELEMENTAIRE;Saint-Denis;1965-05-01;;;;;;;;;;;;;;;;;;
0930188Z;XW3FPQFMX7BA;Ecole élémentaire Fraternité;093;école;ECOLE DE NIVEAU ELEMENTAIRE;Romainville;1965-05-01;bdnb-bc-Y6HX-SQQS-4D8S;bdnb-bg-Q6Q6-27A1-TY6N;93;420.0;13.8;Romainville;1950.0;;;;BRIQUES;TUILES;2.0;6.0;2167.0;Résidentiel collectif;Tertiaire;"[""COMMUNE DE ROMAINVILLE""]"
0930194F;BEFWJJ6NQ2C7;Ecole élémentaire Jean Macé;093;école;ECOLE DE NIVEAU ELEMENTAIRE;Aubervilliers;1965-05-01;bdnb-bc-SAFT-CTXB-Z444;bdnb-bg-H2A9-UBZV-V3RQ;93;1505.0;5.7;Pantin;;;;;;;;5.0;3040.0;;Tertiaire;
0930197J;2WDVH23TJD3Y;Ecole élémentaire Jean-PierreTimbaud;093;école;ECOLE DE NIVEAU ELEMENTAIRE;Drancy;1965-05-01;bdnb-bc-76FB-WNWR-FYQ7;bdnb-bg-MQLL-Z69Q-QRXA;93;26.0;4.8;Drancy;1972.0;;;;BETON;BETON;5.0;11.0;223.0;Résidentiel collectif;Tertiaire;"[""COMMUNE DE DRANCY""]"
0930197J;9Y2C1ACTMHAK;Ecole élémentaire Jean-PierreTimbaud;093;école;ECOLE DE NIVEAU ELEMENTAIRE;Drancy;1965-05-01;bdnb-bc-JQAU-9MP1-CSJ7;bdnb-bg-MQLL-Z69Q-QRXA;93;42.0;3.4;Drancy;1972.0;;;;BETON;BETON;5.0;11.0;223.0;Résidentiel collectif;Tertiaire;"[""COMMUNE DE DRANCY""]"
0930197J;EJFPHHKEP4K3;Ecole élémentaire Jean-PierreTimbaud;093;école;ECOLE DE NIVEAU ELEMENTAIRE;Drancy;1965-05-01;bdnb-bc-73R8-HDD5-X29W;bdnb-bg-MQLL-Z69Q-QRXA;93;45.0;15.4;Drancy;1972.0;;;;BETON;BETON;5.0;11.0;223.0;Résidentiel collectif;Tertiaire;"[""COMMUNE DE DRANCY""]"
0930197J;9PDNRA1FW61C;Ecole élémentaire Jean-PierreTimbaud;093;école;ECOLE DE NIVEAU ELEMENTAIRE;Drancy;1965-05-01;bdnb-bc-HCGK-PJCM-5ZLR;bdnb-bg-MQLL-Z69Q-QRXA;93;56.0;15.4;Drancy;1972.0;;;;BETON;BETON;5.0;11.0;223.0;Résidentiel collectif;Tertiaire;"[""COMMUNE DE DRANCY""]"
0930197J;QG8A13FYB2SD;Ecole élémentaire Jean-PierreTimbaud;093;école;ECOLE DE NIVEAU ELEMENTAIRE;Drancy;1965-05-01;bdnb-bc-EK4S-6K4S-64B3;bdnb-bg-MQLL-Z69Q-QRXA;93;55.0;15.4;Drancy;1972.0;;;;BETON;BETON;5.0;11.0;223.0;Résidentiel collectif;Tertiaire;"[""COMMUNE DE DRANCY""]"
0930201N;ZAA1N2RTPPKV;Ecole élémentaire Jean Jaurès;093;école;ECOLE DE NIVEAU ELEMENTAIRE;Drancy;1965-05-01;bdnb-bc-RWH4-DG4N-B5D4;bdnb-bg-BULP-WWXH-CF1Z;93;2288.0;6.4;Drancy;1933.0;;;;AUTRES;TUILES;2.0;6.0;2719.0;Résidentiel collectif;Tertiaire;"[""COMMUNE DE DRANCY""]"
0930210Y;2NXVRF9YEACZ;Ecole élémentaire André Diez;093;école;ECOLE DE NIVEAU ELEMENTAIRE;Saint-Denis;1965-05-01;bdnb-bc-RC91-HPX3-PHD4;bdnb-bg-YZHF-LWYH-AECE;93;451.0;16.2;Saint-Denis;1956.0;;;F;BETON;BETON;2.0;9.0;4489.0;Résidentiel collectif;Tertiaire;"[""GRDF"", ""COMMUNE DE SAINT-DENIS""]"
0930221K;Z69CQ5MP9SBK;Ecole élémentaire du Centre;093;école;ECOLE DE NIVEAU ELEMENTAIRE;Rosny-sous-Bois;1965-05-01;bdnb-bc-W5XA-7NZV-73N2;bdnb-bg-GYWX-4FJ6-BNLK;93;2041.0;9.8;Rosny-sous-Bois;1920.0;2025.0;A;B;INDETERMINE;INDETERMINE;3.0;10.0;2041.0;Résidentiel collectif;Tertiaire;"[""COMMUNE DE ROSNY-SOUS-BOIS"", ""ENEDIS""]"
0930227S;7HKXKYYRBCY3;Ecole élémentaire Henri Barbusse;093;école;ECOLE DE NIVEAU ELEMENTAIRE;Bagnolet;1965-05-01;bdnb-bc-EEPU-1RYD-1JPW;bdnb-bg-L7JS-Y38T-W877;93;312.0;4.3;Bagnolet;1976.0;;;;BETON - AUTRES;BETON - AUTRES;2.0;5.0;4268.0;Résidentiel collectif;Tertiaire;"[""COMMUNE DE BAGNOLET""]"
0930238D;5S2EWQM8JTDH;Ecole élémentaire Diderot 1;093;école;ECOLE DE NIVEAU ELEMENTAIRE;Montreuil;1965-05-01;bdnb-bc-7G7D-9VS9-Q4JS;bdnb-bg-H3GE-W7BW-7PWE;93;859.0;10.4;Montreuil;1961.0;1974.0;D;;BETON;BETON;3.0;13.0;2391.0;Résidentiel collectif;Tertiaire;"[""COMMUNE DE MONTREUIL""]"
0930250S;MKP2EK38YSG6;Ecole élémentaire Saint-Exupéry;093;école;ECOLE DE NIVEAU ELEMENTAIRE;Villemomble;1965-05-01;bdnb-bc-Q9ZQ-Q5SG-B5VV;bdnb-bg-UWV1-FVEP-7THM;93;1131.0;10.9;Villemomble;1961.0;;;;BETON;BETON;4.0;10.0;2933.0;Résidentiel collectif;Tertiaire;"[""COMMUNE DE VILLEMOMBLE""]"
0930250S;HF2R86W2QPHD;Ecole élémentaire Saint-Exupéry;093;école;ECOLE DE NIVEAU ELEMENTAIRE;Villemomble;1965-05-01;bdnb-bc-JBR6-GUSZ-VMD2;bdnb-bg-UWV1-FVEP-7THM;93;1802.0;9.8;Villemomble;1961.0;;;;BETON;BETON;4.0;10.0;2933.0;Résidentiel collectif;Tertiaire;"[""COMMUNE DE VILLEMOMBLE""]"
0930250S;YWJJMWCVRPAG;Ecole élémentaire Saint-Exupéry;093;école;ECOLE DE NIVEAU ELEMENTAIRE;Villemomble;1965-05-01;bdnb-bc-GKX3-VN4Z-KNB7;bdnb-bg-BXVQ-PTZ9-Q11M;93;839.0;6.5;Villemomble;2012.0;;;;INDETERMINE;INDETERMINE;1.0;5.0;861.0;Tertiaire & Autres;Tertiaire;"[""COMMUNE DE VILLEMOMBLE""]"
0930308E;1K8F1PGTKY2N;Ecole élémentaire Jean Jaurès;093;école;ECOLE DE NIVEAU ELEMENTAIRE;Bobigny;1965-05-01;bdnb-bc-UP8Q-G9VD-XFGC;bdnb-bg-C3D9-ADN3-F3ZU;93;3858.0;11.7;Bobigny;2020.0;;;;INDETERMINE;INDETERMINE;1.0;9.0;5803.0;Tertiaire & Autres;Tertiaire;"[""COMMUNE DE BOBIGNY"", ""DEPARTEMENT DE LA SEINE SAINT DENIS""]"
0930310G;TRJMPNBE8714;Ecole primaire Fontenoy;093;école;ECOLE DE NIVEAU ELEMENTAIRE;Les Pavillons-sous-Bois;1965-05-01;bdnb-bc-JEWK-QPAA-UMMU;bdnb-bg-6QQJ-HYLL-QYU5;93;844.0;11.1;Les Pavillons-sous-Bois;;;;;INDETERMINE;INDETERMINE;3.0;7.0;1390.0;Tertiaire & Autres;Tertiaire;"[""COMMUNE DE PAVILLONS SOUS BOIS""]"
0930319S;4XRXM86F9S46;Ecole élémentaire René Dewerpe;093;école;ECOLE DE NIVEAU ELEMENTAIRE;Drancy;1965-05-01;bdnb-bc-3QL3-STKC-2SDY;bdnb-bg-TFGW-LZX3-FZTK;93;1457.0;10.2;Drancy;2017.0;;;;INDETERMINE;INDETERMINE;1.0;5.0;3555.0;Tertiaire & Autres;Tertiaire;"[""COMMUNE DE DRANCY""]"
0930341R;T2BATBV2GF9E;Ecole élémentaire Jean Mermoz;093;école;ECOLE DE NIVEAU ELEMENTAIRE;Rosny-sous-Bois;1965-05-01;bdnb-bc-7LA3-3RF4-LV8T;bdnb-bg-RE74-3XQ3-TLDZ;93;943.0;7.7;Rosny-sous-Bois;;;;C;INDETERMINE;INDETERMINE;1.0;7.0;3328.0;Tertiaire & Autres;Tertiaire;"[""COMMUNE DE ROSNY-SOUS-BOIS""]"
0930342S;Y36MVDMYW5FH;Ecole élémentaire Antoine de Saint-Exupéry;093;école;ECOLE DE NIVEAU ELEMENTAIRE;Saint-Denis;1965-05-01;bdnb-bc-9R8Y-PPZU-XJHK;bdnb-bg-PU6T-PEUV-5KTZ;93;2807.0;6.5;Saint-Denis;1935.0;;;;BRIQUES;TUILES;3.0;5.0;3040.0;Résidentiel collectif;Tertiaire;"[""COMMUNE DE SAINT-DENIS""]"
0930343T;KRFNHRSK9M74;Ecole élémentaire Paul Langevin;093;école;ECOLE DE NIVEAU ELEMENTAIRE;Pantin;1965-05-01;bdnb-bc-2L4M-BEX5-ZVH8;bdnb-bg-PRRE-SFY8-4FT5;93;1930.0;11.6;Pantin;1903.0;1899.0;F;C;INDETERMINE;INDETERMINE;3.0;7.0;3198.0;Tertiaire & Autres;Tertiaire;"[""COMMUNE DE PANTIN""]"
0930348Y;JZFY4GKXQ4WY;Ecole élémentaire Jules Guesde;093;école;ECOLE DE NIVEAU ELEMENTAIRE;Aubervilliers;1965-05-01;bdnb-bc-6ZK8-55W6-5MYP;bdnb-bg-BDPJ-NEQL-4VH1;93;3103.0;7.7;Aubervilliers;;;;;;;;8.0;3103.0;;Tertiaire;
0930378F;8RE68VRDS26G;Ecole élémentaire Henri Wallon;093;école;ECOLE DE NIVEAU ELEMENTAIRE;Bagnolet;1966-09-30;bdnb-bc-AA8Z-FS98-9TY4;bdnb-bg-Y3RZ-2RYN-3R23;93;199.0;8.9;Bagnolet;1964.0;;;;BETON;BETON;4.0;5.0;4739.0;Résidentiel collectif;Tertiaire;"[""COMMUNE DE BAGNOLET""]"
0930378F;XCFN9Q2NMKQ2;Ecole élémentaire Henri Wallon;093;école;ECOLE DE NIVEAU ELEMENTAIRE;Bagnolet;1966-09-30;bdnb-bc-E9PA-JJH9-3U7W;bdnb-bg-Y3RZ-2RYN-3R23;93;237.0;4.7;Bagnolet;1964.0;;;;BETON;BETON;4.0;5.0;4739.0;Résidentiel collectif;Tertiaire;"[""COMMUNE DE BAGNOLET""]"
0930378F;RKF7HQ6WSR6Q;Ecole élémentaire Henri Wallon;093;école;ECOLE DE NIVEAU ELEMENTAIRE;Bagnolet;1966-09-30;bdnb-bc-8X7S-AV95-U344;bdnb-bg-Y3RZ-2RYN-3R23;93;456.0;3.8;Bagnolet;1964.0;;;;BETON;BETON;4.0;5.0;4739.0;Résidentiel collectif;Tertiaire;"[""COMMUNE DE BAGNOLET""]"
0930378F;G887JV4HPQC3;Ecole élémentaire Henri Wallon;093;école;ECOLE DE NIVEAU ELEMENTAIRE;Bagnolet;1966-09-30;bdnb-bc-RS11-F1KU-PE3U;bdnb-bg-Y3RZ-2RYN-3R23;93;337.0;4.3;Bagnolet;1964.0;;;;BETON;BETON;4.0;5.0;4739.0;Résidentiel collectif;Tertiaire;"[""COMMUNE DE BAGNOLET""]"
0930378F;TDTWKZHFY8NA;Ecole élémentaire Henri Wallon;093;école;ECOLE DE NIVEAU ELEMENTAIRE;Bagnolet;1966-09-30;bdnb-bc-2W24-F9F8-65WN;bdnb-bg-Y3RZ-2RYN-3R23;93;1744.0;6.1;Bagnolet;1964.0;;;;BETON;BETON;4.0;5.0;4739.0;Résidentiel collectif;Tertiaire;"[""COMMUNE DE BAGNOLET""]"
0930378F;788JK1WXS2R6;Ecole élémentaire Henri Wallon;093;école;ECOLE DE NIVEAU ELEMENTAIRE;Bagnolet;1966-09-30;bdnb-bc-5KCG-6HAH-S8YA;bdnb-bg-Y3RZ-2RYN-3R23;93;333.0;5.1;Bagnolet;1964.0;;;;BETON;BETON;4.0;5.0;4739.0;Résidentiel collectif;Tertiaire;"[""COMMUNE DE BAGNOLET""]"
0930378F;SV4X5PKJZV5J;Ecole élémentaire Henri Wallon;093;école;ECOLE DE NIVEAU ELEMENTAIRE;Bagnolet;1966-09-30;bdnb-bc-K8L9-HKFA-N2LA;bdnb-bg-Y3RZ-2RYN-3R23;93;669.0;5.1;Bagnolet;1964.0;;;;BETON;BETON;4.0;5.0;4739.0;Résidentiel collectif;Tertiaire;"[""COMMUNE DE BAGNOLET""]"
0930378F;SEDDZ11161S9;Ecole élémentaire Henri Wallon;093;école;ECOLE DE NIVEAU ELEMENTAIRE;Bagnolet;1966-09-30;bdnb-bc-ZGLY-Q3GZ-4S3H;bdnb-bg-Y3RZ-2RYN-3R23;93;387.0;7.3;Bagnolet;1964.0;;;;BETON;BETON;4.0;5.0;4739.0;Résidentiel collectif;Tertiaire;"[""COMMUNE DE BAGNOLET""]"
0930382K;TSNTQHRV76FC;Ecole élémentaire Paul Langevin;093;école;ECOLE DE NIVEAU ELEMENTAIRE;Les Lilas;1966-09-26;bdnb-bc-A35Z-N8HY-Y3W4;bdnb-bg-MWTC-MPWL-AB94;93;698.0;9.8;Les Lilas;1996.0;;;;INDETERMINE;INDETERMINE;2.0;10.0;3377.0;Résidentiel collectif;Tertiaire;"[""COMMUNE DES LILAS""]"
0930397B;H7E2MA47NR2W;Ecole élémentaire Paul Langevin;093;école;ECOLE DE NIVEAU ELEMENTAIRE;Bagnolet;1965-05-01;bdnb-bc-NQKZ-6SER-J3L8;bdnb-bg-W99L-PVPW-HT6U;93;1112.0;13.0;Bagnolet;2010.0;;;E;INDETERMINE;INDETERMINE;4.0;13.0;1112.0;Tertiaire & Autres;Tertiaire;"[""KER HOME"", ""RESIDENCE MARIE"", ""ACDC"", ""NANOU"", ""MS 93"", ""SCI STAPAULOU""]"
0930417Y;5GXQTGJ85RP8;Ecole maternelle Condorcet;093;école;ECOLE MATERNELLE;Noisy-le-Sec;1965-05-01;bdnb-bc-LMWQ-W4XM-2NG1;bdnb-bg-NYC6-JVXD-H3JS;93;1144.0;6.1;Noisy-le-Sec;2000.0;;;;INDETERMINE;INDETERMINE;3.0;6.0;1144.0;Résidentiel collectif;Tertiaire;"[""COMMUNE DE NOISY LE SEC""]"
0930427J;V6R6HPZG9K5B;Ecole maternelle Francine Fromond;093;école;ECOLE MATERNELLE;Bagnolet;1965-05-01;bdnb-bc-T3VM-LYMB-JABX;bdnb-bg-Q975-1S24-33RB;93;506.0;9.2;Bagnolet;;;;;INDETERMINE;INDETERMINE;1.0;7.0;1286.0;Tertiaire & Autres;Tertiaire;"[""COMMUNE DE BAGNOLET""]"
0930431N;NFPB9G3FN6P7;Ecole maternelle Jean Lolive;093;école;ECOLE MATERNELLE;Pantin;1965-05-01;bdnb-bc-K5K6-8FCF-G93P;bdnb-bg-UU8M-LWLY-VT3P;93;288.0;1.9;Pantin;;;;C;BETON - AUTRES;AUTRES;3.0;5.0;7608.0;Tertiaire & Autres;Tertiaire;"[""COMMUNE DE PANTIN""]"
0930438W;8CA8W3CZ35BY;Ecole maternelle Bel Air;093;école;ECOLE MATERNELLE;Saint-Denis;1965-05-01;bdnb-bc-QRMY-4V12-RGKS;bdnb-bg-WBZB-L487-XVBX;93;824.0;6.7;Saint-Denis;;;;;INDETERMINE;INDETERMINE;1.0;7.0;3476.0;Tertiaire & Autres;Tertiaire;"[""COMMUNE DE SAINT-DENIS""]"
0930440Y;W15JN24BENSD;Ecole maternelle d'Estienne d'Orves;093;école;ECOLE MATERNELLE;Noisy-le-Sec;1965-05-01;;;;;;;;;;;;;;;;;;
0930453M;JW9H2Q2P19DM;Ecole primaire Assia Djebar;093;école;ECOLE DE NIVEAU ELEMENTAIRE;Bondy;1965-05-01;bdnb-bc-YTK3-TQGE-EXJB;bdnb-bg-CDLZ-1F8M-JUZR;93;1725.0;5.1;Bondy;;;;D;;;;5.0;1766.0;;Tertiaire;
0930480S;1NS2V4K7NTMS;Ecole maternelle Saint-Léger;093;école;ECOLE MATERNELLE;Saint-Denis;1965-05-01;bdnb-bc-BPT9-KEF2-BXCK;bdnb-bg-YZHF-LWYH-AECE;93;505.0;5.5;Saint-Denis;1956.0;;;F;BETON;BETON;2.0;9.0;4489.0;Résidentiel collectif;Tertiaire;"[""GRDF"", ""COMMUNE DE SAINT-DENIS""]"
0930487Z;F4WFBXN3CV2H;Ecole maternelle Joliot-Curie;093;école;ECOLE MATERNELLE;Saint-Ouen-sur-Seine;1965-05-01;bdnb-bc-8UHJ-K1AP-15XN;bdnb-bg-99CX-WQGD-APAX;93;415.0;12.4;Saint-Ouen-sur-Seine;1960.0;;;;INDETERMINE;INDETERMINE;2.0;8.0;3757.0;Tertiaire & Autres;Tertiaire;"[""COMMUNE DE ST OUEN-SUR-SEINE""]"
0930487Z;8PHA4HPNRVR5;Ecole maternelle Joliot-Curie;093;école;ECOLE MATERNELLE;Saint-Ouen-sur-Seine;1965-05-01;bdnb-bc-TQX3-A38P-UFNZ;bdnb-bg-99CX-WQGD-APAX;93;141.0;3.8;Saint-Ouen-sur-Seine;1960.0;;;;INDETERMINE;INDETERMINE;2.0;8.0;3757.0;Tertiaire & Autres;Tertiaire;"[""COMMUNE DE ST OUEN-SUR-SEINE""]"
0930487Z;GVF6VJE1DXZX;Ecole maternelle Joliot-Curie;093;école;ECOLE MATERNELLE;Saint-Ouen-sur-Seine;1965-05-01;bdnb-bc-BN9W-YUAM-VYTE;bdnb-bg-99CX-WQGD-APAX;93;55.0;5.9;Saint-Ouen-sur-Seine;1960.0;;;;INDETERMINE;INDETERMINE;2.0;8.0;3757.0;Tertiaire & Autres;Tertiaire;"[""COMMUNE DE ST OUEN-SUR-SEINE""]"
0930487Z;1EN5FSKBQBKB;Ecole maternelle Joliot-Curie;093;école;ECOLE MATERNELLE;Saint-Ouen-sur-Seine;1965-05-01;bdnb-bc-N2H7-TMXF-SHL3;bdnb-bg-99CX-WQGD-APAX;93;129.0;5.9;Saint-Ouen-sur-Seine;1960.0;;;;INDETERMINE;INDETERMINE;2.0;8.0;3757.0;Tertiaire & Autres;Tertiaire;"[""COMMUNE DE ST OUEN-SUR-SEINE""]"
0930490C;Y36MVDMYW5FH;Ecole maternelle Marville;093;école;ECOLE MATERNELLE;Saint-Denis;1965-05-01;bdnb-bc-9R8Y-PPZU-XJHK;bdnb-bg-PU6T-PEUV-5KTZ;93;2807.0;6.5;Saint-Denis;1935.0;;;;BRIQUES;TUILES;3.0;5.0;3040.0;Résidentiel collectif;Tertiaire;"[""COMMUNE DE SAINT-DENIS""]"
0930491D;8QE9QYK14BTA;Ecole maternelle Méhul;093;école;ECOLE MATERNELLE;Pantin;1965-05-01;bdnb-bc-JEPX-EZKV-7ZEM;bdnb-bg-E63U-ABEZ-8LX3;93;551.0;5.0;Pantin;2017.0;1970.0;F;C;INDETERMINE;INDETERMINE;1.0;4.0;2110.0;Tertiaire & Autres;Tertiaire;"[""COMMUNE DE PANTIN""]"
0930494G;6GZWQ429TBCR;Ecole maternelle Jules Ferry;093;école;ECOLE MATERNELLE;Montreuil;1965-05-01;;;;;;;;;;;;;;;;;;
0930496J;T56A6GFM9QKT;Ecole maternelle Jean-Jacques Rousseau;093;école;ECOLE MATERNELLE;Aubervilliers;1965-05-01;bdnb-bc-G5AN-RHQQ-9JHS;bdnb-bg-XAJM-K6LA-DAG9;93;1615.0;20.6;Aubervilliers;1933.0;1900.0;C;A;BETON - BRIQUES;INDETERMINE;7.0;12.0;1702.0;Résidentiel collectif;Résidentiel collectif;"[""SEQENS SOCIETE ANONYME D'HABITATIONS A LOYER MODERE""]"
0930502R;4EADWKK1AK9H;Ecole maternelle Jacqueline Chonavel;093;école;ECOLE MATERNELLE;Bagnolet;1965-05-01;bdnb-bc-ZXZ6-SQLJ-G4BH;bdnb-bg-4P22-M5T8-BPYV;93;620.0;5.8;Bagnolet;1993.0;1947.0;;C;AUTRES;AUTRES;2.0;5.0;784.0;Résidentiel collectif;Tertiaire;"[""COMMUNE DE BAGNOLET""]"
0930506V;CG98N2CV26R2;Ecole maternelle Le Lendit;093;école;ECOLE MATERNELLE;Saint-Denis;1965-05-01;bdnb-bc-4C7X-TWL7-FU4D;bdnb-bg-ECLZ-A6P4-XMUW;93;2047.0;9.4;Saint-Denis;1940.0;;;;MEULIERE;TUILES;4.0;9.0;2728.0;Tertiaire & Autres;Tertiaire;"[""COMMUNE DE SAINT-DENIS""]"
0930507W;CY1AS1E485X7;Ecole maternelle Aimé Césaire;093;école;ECOLE MATERNELLE;Noisy-le-Sec;1965-05-01;bdnb-bc-6FLU-WLGH-8LJJ;bdnb-bg-EWRP-6M3Z-3B1V;93;989.0;7.3;Noisy-le-Sec;1933.0;;;;BRIQUES;TUILES;2.0;7.0;989.0;Tertiaire & Autres;Tertiaire;"[""COMMUNE DE NOISY LE SEC"", ""ENEDIS""]"
0930511A;SJW1KS12WST3;Ecole maternelle Simon Bronsztein;093;école;ECOLE MATERNELLE;Drancy;1965-05-01;bdnb-bc-E9S1-2CJP-Y3T3;bdnb-bg-4HWF-WPNV-EHVH;93;821.0;17.2;Drancy;1960.0;;D;;BRIQUES;BETON;5.0;12.0;1709.0;Résidentiel collectif;Résidentiel collectif;"[""SCI H  B"", ""FONCIA CHADEFAUX LECOQ"", ""SDL SOCIETY""]"
0930511A;TF62XJX3A1GR;Ecole maternelle Simon Bronsztein;093;école;ECOLE MATERNELLE;Drancy;1965-05-01;bdnb-bc-W3KU-FXUQ-MJN8;bdnb-bg-4HWF-WPNV-EHVH;93;499.0;3.3;Drancy;1960.0;;D;;BRIQUES;BETON;5.0;12.0;1709.0;Résidentiel collectif;Résidentiel collectif;"[""SCI H  B"", ""FONCIA CHADEFAUX LECOQ"", ""SDL SOCIETY""]"
0930511A;G5BJMH9MZXZ8;Ecole maternelle Simon Bronsztein;093;école;ECOLE MATERNELLE;Drancy;1965-05-01;bdnb-bc-NFGU-S6C3-YWZD;bdnb-bg-4HWF-WPNV-EHVH;93;390.0;15.3;Drancy;1960.0;;D;;BRIQUES;BETON;5.0;12.0;1709.0;Résidentiel collectif;Résidentiel collectif;"[""SCI H  B"", ""FONCIA CHADEFAUX LECOQ"", ""SDL SOCIETY""]"
0930522M;CSKV4KZ9K6M6;Ecole maternelle Louise Michel;093;école;ECOLE MATERNELLE;La Courneuve;1965-05-01;bdnb-bc-K4DW-Y15M-XF1U;bdnb-bg-HRWE-8FJY-KD1E;93;3663.0;4.1;La Courneuve;1998.0;1990.0;D;;INDETERMINE;INDETERMINE;1.0;4.0;4528.0;Résidentiel individuel;Tertiaire;"[""COMMUNE DE LA COURNEUVE""]"
0930522M;5M2QKJVG9XDK;Ecole maternelle Louise Michel;093;école;ECOLE MATERNELLE;La Courneuve;1965-05-01;;;;;;;;;;;;;;;;;;
0930549S;BKP1DQ58RDYC;Ecole élémentaire Romain Rolland;093;école;ECOLE DE NIVEAU ELEMENTAIRE;Bobigny;1965-05-01;bdnb-bc-5F8P-A4JJ-BFNY;bdnb-bg-ZYSD-Q94N-EX71;93;1100.0;11.3;Bobigny;;;;;;;;10.0;1287.0;;Tertiaire;
0930556Z;TD8M1B9XFQ13;Ecole élémentaire d'application François Coppée - Lamartine;093;école;ECOLE ELEMENTAIRE D APPLICATION;Villemomble;1965-05-01;bdnb-bc-35PF-QCNF-ZA4R;bdnb-bg-623T-18PS-4ZFF;93;1158.0;14.0;Villemomble;;;;;INDETERMINE;INDETERMINE;1.0;14.0;1158.0;Résidentiel individuel;Tertiaire;"[""COMMUNE DE VILLEMOMBLE""]"
0930564H;126BTRQQMKEM;Ecole maternelle Montgolfier;093;école;ECOLE MATERNELLE;Villemomble;1965-12-01;bdnb-bc-63SZ-BXXE-76ZE;bdnb-bg-BYPX-YK38-P9G9;93;1036.0;7.0;Villemomble;;;;;;;;7.0;1036.0;;Tertiaire;
0930593P;VQPX9SN3T1C5;Collège Antoine de Saint-Exupéry;093;collège;COLLEGE;Rosny-sous-Bois;1965-12-16;;;;;;;;;;;;;;;;;;
0930642T;E6CS8CPQY5TG;Ecole élémentaire Victor Hugo;093;école;ECOLE DE NIVEAU ELEMENTAIRE;Gagny;1965-05-01;bdnb-bc-6FJ1-2UEA-1ACD;bdnb-bg-4W14-MBQZ-3UCW;93;1108.0;13.2;Gagny;;;;;;;;6.0;4986.0;;Tertiaire;
0930666U;F8V8HQNNHXE2;Ecole élémentaires Richardets;093;école;ECOLE DE NIVEAU ELEMENTAIRE;Noisy-le-Grand;1965-05-01;bdnb-bc-CGWR-DMNM-5THT;bdnb-bg-W9PS-D98R-1KKA;93;273.0;3.7;Noisy-le-Grand;1956.0;2013.0;C;;BRIQUES;TUILES;3.0;5.0;1941.0;Résidentiel collectif;Tertiaire;"[""COMMUNE DE NOISY LE GRAND""]"
0930684N;RBECM1NMGAN7;Ecole élémentaire Louis  Pasteur;093;école;ECOLE DE NIVEAU ELEMENTAIRE;Clichy-sous-Bois;1965-05-01;bdnb-bc-E6HS-VRHP-PL1B;bdnb-bg-YVK3-DYZ4-7JJ9;93;68.0;3.8;Clichy-sous-Bois;1901.0;;;;INDETERMINE;INDETERMINE;2.0;6.0;1587.0;Résidentiel collectif;Tertiaire;"[""COMMUNE DE CLICHY-SOUS-BOIS""]"
0930696B;1C3SHJC1G618;Ecole primaire Jacob 1;093;école;ECOLE DE NIVEAU ELEMENTAIRE;Livry-Gargan;1965-05-01;bdnb-bc-K11P-1DR1-M4FG;bdnb-bg-53XK-SMQ6-VWKZ;93;114.0;5.0;Livry-Gargan;;;;;;;;7.0;2491.0;;Tertiaire;
0930696B;Z787TJ5A9WW7;Ecole primaire Jacob 1;093;école;ECOLE DE NIVEAU ELEMENTAIRE;Livry-Gargan;1965-05-01;bdnb-bc-19HX-PM41-4S3X;bdnb-bg-53XK-SMQ6-VWKZ;93;31.0;9.6;Livry-Gargan;;;;;;;;7.0;2491.0;;Tertiaire;
0930696B;EWWJNBP3WV4D;Ecole primaire Jacob 1;093;école;ECOLE DE NIVEAU ELEMENTAIRE;Livry-Gargan;1965-05-01;bdnb-bc-NJ88-KLWR-NZ42;bdnb-bg-53XK-SMQ6-VWKZ;93;30.0;9.0;Livry-Gargan;;;;;;;;7.0;2491.0;;Tertiaire;
0930696B;FZZ6YP9AZMW1;Ecole primaire Jacob 1;093;école;ECOLE DE NIVEAU ELEMENTAIRE;Livry-Gargan;1965-05-01;bdnb-bc-XVP3-RC6S-GL7J;bdnb-bg-53XK-SMQ6-VWKZ;93;35.0;8.0;Livry-Gargan;;;;;;;;7.0;2491.0;;Tertiaire;
0930697C;B727FBRGTK2M;Ecole élémentaire d'application Jacob 2;093;école;ECOLE ELEMENTAIRE D APPLICATION;Livry-Gargan;1965-05-01;bdnb-bc-ELVR-8FS2-52R7;bdnb-bg-F3CJ-RUAJ-QCGW;93;1140.0;5.4;Livry-Gargan;2012.0;;;;INDETERMINE;INDETERMINE;1.0;8.0;5588.0;Tertiaire & Autres;Tertiaire;"[""COMMUNE DE LIVRY GARGAN""]"
0930701G;33H7EZ545FD6;Ecole élémentaire André Champy;093;école;ECOLE DE NIVEAU ELEMENTAIRE;Montfermeil;1965-05-01;bdnb-bc-CH4L-NDX3-CTWS;bdnb-bg-16WG-3WX4-NY42;93;1079.0;8.6;Montfermeil;1930.0;;;C;BRIQUES - PIERRE;TUILES;2.0;9.0;1079.0;Résidentiel collectif;Tertiaire;"[""COMMUNE DE MONTFERMEIL""]"
0930703J;4WEJQMNP8C8V;Ecole élémentaire Henri Wallon;093;école;ECOLE DE NIVEAU ELEMENTAIRE;Montfermeil;1965-05-01;bdnb-bc-ZVCX-TDNM-W6US;bdnb-bg-K5GB-SMB6-CFYN;93;3223.0;8.7;Montfermeil;1932.0;1945.0;E;C;MEULIERE;TUILES;2.0;9.0;3223.0;Résidentiel collectif;Tertiaire;"[""COMMUNE DE MONTFERMEIL""]"
0930719B;JNDZ5H8Q6NFJ;Ecole primaire André Malraux;093;école;ECOLE DE NIVEAU ELEMENTAIRE;Tremblay-en-France;1965-05-01;bdnb-bc-KGPS-6P2M-YU4Z;bdnb-bg-EY71-XE2T-Y63S;93;121.0;2.5;Tremblay-en-France;1993.0;;;;INDETERMINE;INDETERMINE;2.0;3.0;4212.0;Tertiaire & Autres;Tertiaire;"[""COMMUNE DE TREMBLAY EN FRANCE""]"
0930721D;8CMRK4XEXR74;Ecole élémentaire Jules Ferry;093;école;ECOLE DE NIVEAU ELEMENTAIRE;Tremblay-en-France;1965-05-01;bdnb-bc-HC8M-VZQY-CUXQ;bdnb-bg-JZ27-EGQC-VTEV;93;740.0;7.7;Tremblay-en-France;;;;;INDETERMINE;INDETERMINE;1.0;8.0;752.0;Tertiaire & Autres;Tertiaire;"[""COMMUNE DE TREMBLAY EN FRANCE""]"
0930735U;389K74P1SN4A;Ecole élémentaire Nonneville 2;093;école;ECOLE DE NIVEAU ELEMENTAIRE;Aulnay-sous-Bois;1965-05-01;bdnb-bc-SSCB-C37H-2S3J;bdnb-bg-L4W1-VBCU-T1MS;93;642.0;10.0;Aulnay-sous-Bois;1930.0;;;;BRIQUES;TUILES;2.0;9.0;2353.0;Résidentiel collectif;Tertiaire;"[""COMMUNE DE SEVRAN""]"
0930739Y;RGS4NE44Z7FH;Ecole élémentaire Bourg 2;093;école;ECOLE DE NIVEAU ELEMENTAIRE;Aulnay-sous-Bois;1965-05-01;bdnb-bc-XZKS-VDFP-QBZ2;bdnb-bg-E686-8X2W-BG9R;93;181.0;3.6;Aulnay-sous-Bois;1925.0;;;;AGGLOMERE;TUILES;1.0;4.0;378.0;Résidentiel individuel;Tertiaire;"[""COMMUNE DE SEVRAN""]"
0930739Y;HVGJMC826W6N;Ecole élémentaire Bourg 2;093;école;ECOLE DE NIVEAU ELEMENTAIRE;Aulnay-sous-Bois;1965-05-01;bdnb-bc-MP49-6UJP-FUXQ;bdnb-bg-E686-8X2W-BG9R;93;197.0;4.0;Aulnay-sous-Bois;1925.0;;;;AGGLOMERE;TUILES;1.0;4.0;378.0;Résidentiel individuel;Tertiaire;"[""COMMUNE DE SEVRAN""]"
0930739Y;NPKT7NFVPQP9;Ecole élémentaire Bourg 2;093;école;ECOLE DE NIVEAU ELEMENTAIRE;Aulnay-sous-Bois;1965-05-01;bdnb-bc-PZZY-11G5-XSZ9;bdnb-bg-LQDT-T34Z-8BYB;93;159.0;12.5;Aulnay-sous-Bois;;;;;;;;13.0;159.0;;Tertiaire;
0930740Z;SQYAAZFM6CCA;Ecole élémentaire Pont de L'Union;093;école;ECOLE DE NIVEAU ELEMENTAIRE;Aulnay-sous-Bois;1965-05-01;bdnb-bc-DZAD-CHJB-S2VL;bdnb-bg-4C6T-ZS2Z-PMGC;93;193.0;4.6;Aulnay-sous-Bois;1900.0;;;;MEULIERE;TUILES;2.0;5.0;1052.0;Tertiaire & Autres;Tertiaire;"[""COMMUNE DE SEVRAN""]"
0930746F;CXN9BQAN5Z5A;Ecole élémentaire Croix Rouge 1;093;école;ECOLE DE NIVEAU ELEMENTAIRE;Aulnay-sous-Bois;1965-05-01;bdnb-bc-517R-2M2S-BBPG;bdnb-bg-BS5X-F2P3-BJ7M;93;2470.0;5.2;Aulnay-sous-Bois;2001.0;;;;INDETERMINE;INDETERMINE;3.0;5.0;2659.0;Tertiaire & Autres;Tertiaire;"[""COMMUNE DE SEVRAN""]"
0930768E;HQAPAXHJ9G4P;Ecole maternelle Maurice Audin;093;école;ECOLE MATERNELLE;Le Blanc-Mesnil;1965-05-01;bdnb-bc-GAL6-DEG6-DYBZ;bdnb-bg-SYVF-AYPK-5RJQ;93;731.0;5.3;Le Blanc-Mesnil;1962.0;;;;BETON;BETON;3.0;8.0;6493.0;Résidentiel collectif;Tertiaire;"[""COMMUNE DE DUGNY""]"
0930770G;BCGHGGHNF5MF;Ecole maternelle Anatole France;093;école;ECOLE MATERNELLE;Aulnay-sous-Bois;1965-05-01;bdnb-bc-QEWM-BZPW-MVQS;bdnb-bg-UCM9-QGHB-4N3Z;93;570.0;13.0;Aulnay-sous-Bois;1933.0;;;;BRIQUES;TUILES;3.0;9.0;1236.0;Résidentiel collectif;Tertiaire;"[""COMMUNE DE SEVRAN""]"
0930772J;SCPQC1TMEBSF;Ecole maternelle Emile Zola;093;école;ECOLE MATERNELLE;Aulnay-sous-Bois;1965-05-01;bdnb-bc-456G-6R8R-SF7Q;bdnb-bg-CN8M-L9H2-DHEK;93;287.0;6.3;Aulnay-sous-Bois;;;;;BRIQUES - AUTRES;AUTRES;2.0;4.0;1749.0;Tertiaire & Autres;Tertiaire;"[""COMMUNE DE SEVRAN""]"
0930772J;4A976JYV92QK;Ecole maternelle Emile Zola;093;école;ECOLE MATERNELLE;Aulnay-sous-Bois;1965-05-01;bdnb-bc-7Q87-7CNY-LEDG;bdnb-bg-CN8M-L9H2-DHEK;93;103.0;5.6;Aulnay-sous-Bois;;;;;BRIQUES - AUTRES;AUTRES;2.0;4.0;1749.0;Tertiaire & Autres;Tertiaire;"[""COMMUNE DE SEVRAN""]"
0930772J;J53TFC9Q76FH;Ecole maternelle Emile Zola;093;école;ECOLE MATERNELLE;Aulnay-sous-Bois;1965-05-01;bdnb-bc-675S-AJ62-J81L;bdnb-bg-CN8M-L9H2-DHEK;93;743.0;3.9;Aulnay-sous-Bois;;;;;BRIQUES - AUTRES;AUTRES;2.0;4.0;1749.0;Tertiaire & Autres;Tertiaire;"[""COMMUNE DE SEVRAN""]"
0930772J;764Y8J7MD775;Ecole maternelle Emile Zola;093;école;ECOLE MATERNELLE;Aulnay-sous-Bois;1965-05-01;bdnb-bc-5GV5-PHFE-F7T1;bdnb-bg-CN8M-L9H2-DHEK;93;80.0;4.1;Aulnay-sous-Bois;;;;;BRIQUES - AUTRES;AUTRES;2.0;4.0;1749.0;Tertiaire & Autres;Tertiaire;"[""COMMUNE DE SEVRAN""]"
0930772J;Y5KHQAD48RPR;Ecole maternelle Emile Zola;093;école;ECOLE MATERNELLE;Aulnay-sous-Bois;1965-05-01;bdnb-bc-LX4U-HUWX-8YXA;bdnb-bg-CN8M-L9H2-DHEK;93;373.0;3.7;Aulnay-sous-Bois;;;;;BRIQUES - AUTRES;AUTRES;2.0;4.0;1749.0;Tertiaire & Autres;Tertiaire;"[""COMMUNE DE SEVRAN""]"
0930772J;K3KYFSBCNW8E;Ecole maternelle Emile Zola;093;école;ECOLE MATERNELLE;Aulnay-sous-Bois;1965-05-01;bdnb-bc-GV3L-N6EU-7XZF;bdnb-bg-CN8M-L9H2-DHEK;93;155.0;3.8;Aulnay-sous-Bois;;;;;BRIQUES - AUTRES;AUTRES;2.0;4.0;1749.0;Tertiaire & Autres;Tertiaire;"[""COMMUNE DE SEVRAN""]"
0930773K;62A9F7XEHHHG;Ecole maternelle République;093;école;ECOLE MATERNELLE;Aulnay-sous-Bois;1965-05-01;bdnb-bc-WRAW-RADE-S55Z;bdnb-bg-DXT3-MP5N-T663;93;1105.0;4.2;Aulnay-sous-Bois;;;;;INDETERMINE;INDETERMINE;2.0;6.0;2428.0;Tertiaire & Autres;Tertiaire;"[""COMMUNE DE SEVRAN""]"
0930781U;CPKH7TWZ5T3D;Ecole maternelle Jules Guesde;093;école;ECOLE MATERNELLE;Le Blanc-Mesnil;1965-05-01;bdnb-bc-Y8TL-Z4J9-87JL;bdnb-bg-Y67L-DZYX-BPAY;93;825.0;2.8;Le Blanc-Mesnil;1958.0;;;;AGGLOMERE;BETON;4.0;4.0;1343.0;Résidentiel collectif;Tertiaire;"[""COMMUNE DE DUGNY""]"
0930783W;WNY7ZSSAQAWS;Ecole maternelle Paul Eluard;093;école;ECOLE MATERNELLE;Le Blanc-Mesnil;1965-05-01;bdnb-bc-W3BA-AJTE-KWAZ;bdnb-bg-LZ9V-EYR4-AT99;93;536.0;5.9;Le Blanc-Mesnil;;;;G;;;;6.0;4016.0;;Tertiaire;
0930783W;SMYD8TRVNDTE;Ecole maternelle Paul Eluard;093;école;ECOLE MATERNELLE;Le Blanc-Mesnil;1965-05-01;bdnb-bc-EU4D-UAE7-21CF;bdnb-bg-LZ9V-EYR4-AT99;93;443.0;5.4;Le Blanc-Mesnil;;;;G;;;;6.0;4016.0;;Tertiaire;
0930783W;6S14VB2E73PF;Ecole maternelle Paul Eluard;093;école;ECOLE MATERNELLE;Le Blanc-Mesnil;1965-05-01;bdnb-bc-242T-Q1NW-EKX6;bdnb-bg-LZ9V-EYR4-AT99;93;1033.0;5.3;Le Blanc-Mesnil;;;;G;;;;6.0;4016.0;;Tertiaire;
0930783W;AVS6TNMWGH77;Ecole maternelle Paul Eluard;093;école;ECOLE MATERNELLE;Le Blanc-Mesnil;1965-05-01;bdnb-bc-RLFJ-8HC4-2UCZ;bdnb-bg-LZ9V-EYR4-AT99;93;294.0;12.4;Le Blanc-Mesnil;;;;G;;;;6.0;4016.0;;Tertiaire;
0930783W;WDXNV6VY362A;Ecole maternelle Paul Eluard;093;école;ECOLE MATERNELLE;Le Blanc-Mesnil;1965-05-01;bdnb-bc-N73R-4Z58-LRTW;bdnb-bg-LZ9V-EYR4-AT99;93;122.0;5.9;Le Blanc-Mesnil;;;;G;;;;6.0;4016.0;;Tertiaire;
0930783W;BXQ9Z3RVH589;Ecole maternelle Paul Eluard;093;école;ECOLE MATERNELLE;Le Blanc-Mesnil;1965-05-01;bdnb-bc-8VKD-VBKD-6XM9;bdnb-bg-PJB8-M7JC-ET68;93;151.0;2.9;Le Blanc-Mesnil;1974.0;;;G;PIERRE - AUTRES;TUILES;1.0;3.0;151.0;Résidentiel individuel;Tertiaire;"[""COMMUNE DE DUGNY""]"
0930783W;7FWAK2G3P1X5;Ecole maternelle Paul Eluard;093;école;ECOLE MATERNELLE;Le Blanc-Mesnil;1965-05-01;bdnb-bc-SATX-SC84-AWQF;bdnb-bg-LZ9V-EYR4-AT99;93;144.0;2.5;Le Blanc-Mesnil;;;;G;;;;6.0;4016.0;;Tertiaire;
0930783W;PCFQXM8DY1CR;Ecole maternelle Paul Eluard;093;école;ECOLE MATERNELLE;Le Blanc-Mesnil;1965-05-01;bdnb-bc-RC2U-8CYX-L9VZ;bdnb-bg-LZ9V-EYR4-AT99;93;138.0;6.3;Le Blanc-Mesnil;;;;G;;;;6.0;4016.0;;Tertiaire;
0930783W;B5S19NS4C289;Ecole maternelle Paul Eluard;093;école;ECOLE MATERNELLE;Le Blanc-Mesnil;1965-05-01;bdnb-bc-GNWJ-3MBH-MVPC;bdnb-bg-LZ9V-EYR4-AT99;93;68.0;3.3;Le Blanc-Mesnil;;;;G;;;;6.0;4016.0;;Tertiaire;
0930783W;NAEQ44Z4XFTF;Ecole maternelle Paul Eluard;093;école;ECOLE MATERNELLE;Le Blanc-Mesnil;1965-05-01;bdnb-bc-H48V-KL5J-3P8Q;bdnb-bg-LZ9V-EYR4-AT99;93;898.0;11.6;Le Blanc-Mesnil;;;;G;;;;6.0;4016.0;;Tertiaire;
0930783W;ECGXTGNBEMDD;Ecole maternelle Paul Eluard;093;école;ECOLE MATERNELLE;Le Blanc-Mesnil;1965-05-01;bdnb-bc-77LU-JF2W-4V7K;bdnb-bg-Y6DB-PT51-LG2L;93;1484.0;7.3;Le Blanc-Mesnil;;;;;AGGLOMERE - MEULIERE;INDETERMINE;1.0;7.0;1484.0;Tertiaire & Autres;Tertiaire;"[""COMMUNE DE DUGNY""]"
0930783W;V4848N5M5RNQ;Ecole maternelle Paul Eluard;093;école;ECOLE MATERNELLE;Le Blanc-Mesnil;1965-05-01;bdnb-bc-YKQJ-C8BT-EAFE;bdnb-bg-TWKD-1KRN-59TY;93;1391.0;11.9;Le Blanc-Mesnil;2000.0;;;G;INDETERMINE;INDETERMINE;1.0;9.0;5819.0;Tertiaire & Autres;Tertiaire;"[""COMMUNE DE DUGNY""]"
0930783W;E2DM2NMBP8WR;Ecole maternelle Paul Eluard;093;école;ECOLE MATERNELLE;Le Blanc-Mesnil;1965-05-01;bdnb-bc-XA2B-11S3-M9G7;bdnb-bg-TWKD-1KRN-59TY;93;362.0;3.8;Le Blanc-Mesnil;2000.0;;;G;INDETERMINE;INDETERMINE;1.0;9.0;5819.0;Tertiaire & Autres;Tertiaire;"[""COMMUNE DE DUGNY""]"
0930786Z;8G7YZ18C44SN;Ecole maternelle Louis Pasteur;093;école;ECOLE MATERNELLE;Le Blanc-Mesnil;1965-05-01;bdnb-bc-3BZ8-B5HR-4F5R;bdnb-bg-YHAS-PVB9-CUL4;93;503.0;4.1;Le Blanc-Mesnil;;;;;;;;4.0;811.0;;Tertiaire;
0930806W;V5XTJM4QPRG7;Ecole maternelle Vauban;093;école;ECOLE MATERNELLE;Livry-Gargan;1965-05-01;bdnb-bc-TRUR-RGGL-2R3E;bdnb-bg-Q7JQ-FQDH-8ZA4;93;500.0;7.0;Livry-Gargan;;;;E;INDETERMINE;INDETERMINE;1.0;10.0;1137.0;Tertiaire & Autres;Tertiaire;"[""COMMUNE DE LIVRY GARGAN""]"
0930806W;9PNP97WWDGM6;Ecole maternelle Vauban;093;école;ECOLE MATERNELLE;Livry-Gargan;1965-05-01;;;;;;;;;;;;;;;;;;
0930806W;B7653BQ9846B;Ecole maternelle Vauban;093;école;ECOLE MATERNELLE;Livry-Gargan;1965-05-01;;;;;;;;;;;;;;;;;;
0930806W;36S626VSWADC;Ecole maternelle Vauban;093;école;ECOLE MATERNELLE;Livry-Gargan;1965-05-01;bdnb-bc-9X1X-2T9W-C5X9;bdnb-bg-Q7JQ-FQDH-8ZA4;93;442.0;7.7;Livry-Gargan;;;;E;INDETERMINE;INDETERMINE;1.0;10.0;1137.0;Tertiaire & Autres;Tertiaire;"[""COMMUNE DE LIVRY GARGAN""]"
0930806W;2SS1BEJPHHRB;Ecole maternelle Vauban;093;école;ECOLE MATERNELLE;Livry-Gargan;1965-05-01;;;;;;;;;;;;;;;;;;
0930806W;VSEGXPYS2SSC;Ecole maternelle Vauban;093;école;ECOLE MATERNELLE;Livry-Gargan;1965-05-01;;;;;;;;;;;;;;;;;;
0930806W;NAAN39YT8HBN;Ecole maternelle Vauban;093;école;ECOLE MATERNELLE;Livry-Gargan;1965-05-01;bdnb-bc-JZLJ-318G-BGSV;bdnb-bg-Q7JQ-FQDH-8ZA4;93;195.0;15.6;Livry-Gargan;;;;E;INDETERMINE;INDETERMINE;1.0;10.0;1137.0;Tertiaire & Autres;Tertiaire;"[""COMMUNE DE LIVRY GARGAN""]"
0930806W;JBKFD8A4MSK7;Ecole maternelle Vauban;093;école;ECOLE MATERNELLE;Livry-Gargan;1965-05-01;bdnb-bc-JP6M-1CPH-TRZ1;bdnb-bg-MUZD-5QL4-TWFN;93;396.0;4.3;Livry-Gargan;;;;;;;;4.0;396.0;;Tertiaire;
0930813D;VVVYQ67VMQHS;Ecole maternelle Louise Michel;093;école;ECOLE MATERNELLE;Gagny;1965-05-01;bdnb-bc-7W8D-Z38J-6N1U;bdnb-bg-DA2D-FBY9-KT8E;93;1094.0;5.0;Gagny;1981.0;1983.0;F;;BETON;AUTRES;1.0;5.0;1174.0;Résidentiel individuel;Tertiaire;"[""COMMUNE DE GAGNY""]"
0930815F;5A4M9N5ZB7BT;Ecole maternelle Louis Pasteur;093;école;ECOLE MATERNELLE;Gagny;1965-05-01;bdnb-bc-2H4B-M9NN-275L;bdnb-bg-4MG6-WMWS-ZKD5;93;2560.0;18.0;Gagny;1930.0;;;;AGGLOMERE - BRIQUES;TUILES;3.0;9.0;3387.0;Résidentiel collectif;Tertiaire;"[""COMMUNE DE GAGNY""]"
0930843L;EN38554AP5QA;Ecole élémentaire Ambourget 1;093;école;ECOLE DE NIVEAU ELEMENTAIRE;Aulnay-sous-Bois;1965-07-01;bdnb-bc-RW7A-K3XF-H5GS;bdnb-bg-X7P5-MBSR-64XY;93;1907.0;3.0;Sevran;;;;;;;;3.0;3676.0;;Tertiaire;
0930855Z;EWGT9X4Y49PM;Ecole maternelle Les Fleurs;093;école;ECOLE MATERNELLE;Neuilly-sur-Marne;1966-11-03;bdnb-bc-ZQBG-MBHW-6ABN;bdnb-bg-3W5M-PXPR-UR8B;93;1083.0;6.3;Neuilly-sur-Marne;1981.0;;;;INDETERMINE;INDETERMINE;1.0;7.0;1850.0;Tertiaire & Autres;Tertiaire;"[""COMMUNE DE NEUILLY S-MARNE""]"
0930865K;7DZ6VGVRKR6S;Collège Jean Lurcat;093;collège;COLLEGE;Saint-Denis;1967-10-13;bdnb-bc-AP1C-2A3K-9M5A;bdnb-bg-AUYR-83XJ-CFU8;93;541.0;12.5;Saint-Denis;2013.0;;;;INDETERMINE;INDETERMINE;5.0;9.0;6780.0;Résidentiel collectif;Tertiaire;"[""DEPARTEMENT DE LA SEINE SAINT DENIS""]"
0930866L;CAW8R8MPM8SH;Ecole maternelle Le Merisier;093;école;ECOLE MATERNELLE;Aulnay-sous-Bois;1967-10-13;bdnb-bc-DNRF-UMSS-LCP5;bdnb-bg-PBMV-21SD-1VZT;93;2780.0;5.5;Aulnay-sous-Bois;;1948.0;;;INDETERMINE;INDETERMINE;8.0;7.0;3447.0;Tertiaire & Autres;Tertiaire;"[""COMMUNE DE SEVRAN"", ""LOGEMENT FRANCAIS""]"
0930867M;CAW8R8MPM8SH;Ecole élémentaire Merisier 1;093;école;ECOLE DE NIVEAU ELEMENTAIRE;Aulnay-sous-Bois;1967-10-13;bdnb-bc-DNRF-UMSS-LCP5;bdnb-bg-PBMV-21SD-1VZT;93;2780.0;5.5;Aulnay-sous-Bois;;1948.0;;;INDETERMINE;INDETERMINE;8.0;7.0;3447.0;Tertiaire & Autres;Tertiaire;"[""COMMUNE DE SEVRAN"", ""LOGEMENT FRANCAIS""]"
0930880B;A9ZQMZ7T3YMT;Ecole élémentaire Jean Jaurès 2;093;école;ECOLE DE NIVEAU ELEMENTAIRE;Clichy-sous-Bois;1967-10-13;bdnb-bc-5Y1L-57SM-XG8F;bdnb-bg-9DGG-UF51-PPNR;93;924.0;14.2;Clichy-sous-Bois;1972.0;;E;;AGGLOMERE;BETON;5.0;14.0;924.0;Résidentiel collectif;Tertiaire;"[""COMMUNE DE CLICHY-SOUS-BOIS""]"
0930889L;7JVEP3JWDTFA;Ecole maternelle Vieille Mer;093;école;ECOLE MATERNELLE;Saint-Denis;1968-03-06;bdnb-bc-4D79-1EP6-D3XJ;bdnb-bg-6FZ7-LKDT-PXLS;93;709.0;6.8;Saint-Denis;;;;;INDETERMINE;INDETERMINE;4.0;6.0;991.0;Résidentiel collectif;Tertiaire;"[""DEPARTEMENT DE LA SEINE SAINT DENIS""]"
0930889L;GY5QQBFXMKZJ;Ecole maternelle Vieille Mer;093;école;ECOLE MATERNELLE;Saint-Denis;1968-03-06;bdnb-bc-YVSJ-DPH4-L9AE;bdnb-bg-6FZ7-LKDT-PXLS;93;180.0;11.5;Saint-Denis;;;;;INDETERMINE;INDETERMINE;4.0;6.0;991.0;Résidentiel collectif;Tertiaire;"[""DEPARTEMENT DE LA SEINE SAINT DENIS""]"
0930889L;N7A1WGZC44SZ;Ecole maternelle Vieille Mer;093;école;ECOLE MATERNELLE;Saint-Denis;1968-03-06;bdnb-bc-VEDV-HMLT-F6EU;bdnb-bg-6FZ7-LKDT-PXLS;93;46.0;3.4;Saint-Denis;;;;;INDETERMINE;INDETERMINE;4.0;6.0;991.0;Résidentiel collectif;Tertiaire;"[""DEPARTEMENT DE LA SEINE SAINT DENIS""]"
0931549D;QP5X3Z77NE1Q;Ecole élémentaire Jules Verne;093;école;ECOLE DE NIVEAU ELEMENTAIRE;Neuilly-sur-Marne;1974-07-12;bdnb-bc-AHKQ-W9QP-H2UH;bdnb-bg-N7RP-GQZS-E1LT;93;364.0;35.2;Neuilly-sur-Marne;1982.0;1984.0;D;;BETON;BETON;12.0;31.0;736.0;Résidentiel collectif;Résidentiel collectif;"[""FONCIA I C V"", ""SCI PACHECO""]"
0931612X;GSW7GJQRSW58;Collège Jean Zay;093;collège;COLLEGE;Bondy;1976-02-24;bdnb-bc-BEEB-VF2F-WAG7;bdnb-bg-5TPC-UHRU-X7PF;93;3244.0;12.2;Bondy;1999.0;;;C;INDETERMINE;INDETERMINE;4.0;8.0;3454.0;Tertiaire & Autres;Tertiaire;"[""DEPARTEMENT DE LA SEINE SAINT DENIS""]"
0931614Z;TDZ89NBT46VP;Collège Jacques Prévert;093;collège;COLLEGE;Noisy-le-Grand;1976-02-24;bdnb-bc-LUX4-QW4X-Y7G3;bdnb-bg-7HH9-X6F8-8FRC;93;4184.0;6.8;Noisy-le-Grand;2009.0;;;;INDETERMINE;INDETERMINE;2.0;7.0;4492.0;Tertiaire & Autres;Tertiaire;"[""COMMUNE DE NOISY LE GRAND"", ""DEPARTEMENT DE LA SEINE SAINT DENIS""]"
0931624K;6HRGQ6QC5HYX;Ecole élémentaires Abeilles;093;école;ECOLE DE NIVEAU ELEMENTAIRE;Noisy-le-Grand;1976-06-23;bdnb-bc-P3UA-65M3-JPDH;bdnb-bg-HGV3-DB4X-GUKQ;93;1054.0;6.5;Noisy-le-Grand;1981.0;;D;C;INDETERMINE;INDETERMINE;5.0;5.0;18319.0;Tertiaire & Autres;Tertiaire;"[""COMMUNE DE NOISY LE GRAND"", ""REGION ILE DE FRANCE""]"
0931630S;PSA25YC1SYSF;Ecole maternelle Anne Frank;093;école;ECOLE MATERNELLE;Stains;1976-06-22;bdnb-bc-56KP-UUB9-PWVL;bdnb-bg-5Y7A-A4TP-7PNM;93;933.0;4.3;Stains;;;;;INDETERMINE;INDETERMINE;2.0;4.0;933.0;Résidentiel collectif;Tertiaire;"[""COMMUNE DE STAINS""]"
0931636Y;6P945FHHR8RX;Ecole maternelle Sévigné;093;école;ECOLE MATERNELLE;Sevran;1976-06-22;bdnb-bc-YWCH-KB8Q-CGAY;bdnb-bg-S1V8-2XWB-WSL3;93;1137.0;3.4;Sevran;;;;;;;;4.0;3094.0;;Tertiaire;
0931638A;GZ26KV5B3EYY;Ecole maternelle Paul Bert;093;école;ECOLE MATERNELLE;Coubron;1976-06-22;bdnb-bc-J9PA-99Y3-DHC6;bdnb-bg-BKWK-D45X-ML6Z;93;1022.0;1.5;Coubron;;;;;INDETERMINE;INDETERMINE;1.0;2.0;1022.0;Tertiaire & Autres;Tertiaire;"[""COMMUNE DE COUBRON""]"
0931768S;9352VK6X9GVT;Ecole maternelle Gustave Courbet;093;école;ECOLE MATERNELLE;Aulnay-sous-Bois;1990-09-01;bdnb-bc-YSJZ-N2JW-HQU9;bdnb-bg-8HXP-UBQ9-8ZGA;93;750.0;2.8;Aulnay-sous-Bois;;;;;INDETERMINE;INDETERMINE;2.0;3.0;801.0;Tertiaire & Autres;Tertiaire;"[""COMMUNE DE SEVRAN""]"
0931771V;VMMEWBCWR8G8;Ecole primaire d'application Jules Verne;093;école;ECOLE ELEMENTAIRE D APPLICATION;Les Pavillons-sous-Bois;1979-09-01;bdnb-bc-2K2F-99DS-QZK3;bdnb-bg-2TEZ-F8VN-6K3G;93;2992.0;16.3;Les Pavillons-sous-Bois;2012.0;;;;INDETERMINE;INDETERMINE;1.0;16.0;2992.0;Tertiaire & Autres;Tertiaire;"[""COMMUNE DE PAVILLONS SOUS BOIS""]"
0931820Y;2ST6K44XZYGR;Ecole maternelle Joliot-Curie;093;école;ECOLE MATERNELLE;Noisy-le-Grand;1980-09-01;bdnb-bc-HMT1-TVH9-ES3Z;bdnb-bg-KGT1-BNU6-318C;93;1737.0;12.9;Noisy-le-Grand;1956.0;;;C;BETON;TUILES;4.0;10.0;3792.0;Résidentiel collectif;Tertiaire;"[""COMMUNE DE NOISY LE GRAND""]"
0931877K;GD967YZQPCQ5;Ecole élémentaire Célestin Freinet;093;école;ECOLE DE NIVEAU ELEMENTAIRE;Noisy-le-Grand;1981-09-01;bdnb-bc-MHA9-HH7H-GMNF;bdnb-bg-LMQL-LFPQ-SN7F;93;3289.0;5.1;Noisy-le-Grand;;;D;C;INDETERMINE;INDETERMINE;2.0;3.0;3338.0;Résidentiel collectif;Tertiaire;"[""COMMUNE DE NOISY LE GRAND""]"
0931877K;45GKRWXYGRRG;Ecole élémentaire Célestin Freinet;093;école;ECOLE DE NIVEAU ELEMENTAIRE;Noisy-le-Grand;1981-09-01;bdnb-bc-3WR4-RS26-J3X5;bdnb-bg-LMQL-LFPQ-SN7F;93;49.0;1.1;Noisy-le-Grand;;;D;C;INDETERMINE;INDETERMINE;2.0;3.0;3338.0;Résidentiel collectif;Tertiaire;"[""COMMUNE DE NOISY LE GRAND""]"
0931880N;6NQH7GNAZGND;Ecole maternelle Les Merisiers;093;école;ECOLE MATERNELLE;Villepinte;1981-09-01;bdnb-bc-66PB-RANR-HG2J;bdnb-bg-2UP9-A4M3-3DVE;93;1131.0;2.2;Villepinte;1981.0;;;;BETON - AUTRES;AUTRES;1.0;2.0;1174.0;Résidentiel individuel;Tertiaire;"[""COMMUNE DE VILLEPINTE""]"
0931889Y;6P945FHHR8RX;Ecole maternelle Maurice Ravel;093;école;ECOLE MATERNELLE;Sevran;1982-09-01;bdnb-bc-YWCH-KB8Q-CGAY;bdnb-bg-S1V8-2XWB-WSL3;93;1137.0;3.4;Sevran;;;;;;;;4.0;3094.0;;Tertiaire;
0931890Z;EN38554AP5QA;Ecole élémentaire Emile Zola;093;école;ECOLE DE NIVEAU ELEMENTAIRE;Sevran;1983-09-01;bdnb-bc-RW7A-K3XF-H5GS;bdnb-bg-X7P5-MBSR-64XY;93;1907.0;3.0;Sevran;;;;;;;;3.0;3676.0;;Tertiaire;
0931973P;JCRW3QC5AV3N;Ecole élémentaire Maxime Henriet;093;école;ECOLE DE NIVEAU ELEMENTAIRE;Clichy-sous-Bois;1986-01-01;bdnb-bc-QE95-LSJG-VMKY;bdnb-bg-9NT7-XNBV-98R4;93;472.0;6.5;Clichy-sous-Bois;;;;;;;;7.0;472.0;;Tertiaire;
0931974R;RM1NNJFV7J2R;Ecole maternelle Jules Verne;093;école;ECOLE MATERNELLE;Noisy-le-Grand;1985-09-01;bdnb-bc-SAFP-HFEL-XETW;bdnb-bg-YTBD-EWX3-WLVP;93;2971.0;6.5;Noisy-le-Grand;1970.0;1989.0;D;C;INDETERMINE;INDETERMINE;3.0;7.0;18458.0;Tertiaire & Autres;Tertiaire;"[""COMMUNE DE NOISY LE GRAND"", ""DEPARTEMENT DE LA SEINE SAINT DENIS""]"
0931982Z;P2SSWJ66DWZQ;Ecole maternelle Lucien Perriot;093;école;ECOLE MATERNELLE;Drancy;1986-01-01;bdnb-bc-QRWE-RE4Q-389J;bdnb-bg-2PBZ-KF15-4EZV;93;3314.0;4.8;Drancy;2009.0;;;;INDETERMINE;INDETERMINE;1.0;6.0;3641.0;Résidentiel individuel;Tertiaire;"[""COMMUNE DE DRANCY""]"
0931982Z;MPEG6K37D1VE;Ecole maternelle Lucien Perriot;093;école;ECOLE MATERNELLE;Drancy;1986-01-01;bdnb-bc-GBQH-YP6U-SVXB;bdnb-bg-2PBZ-KF15-4EZV;93;176.0;5.7;Drancy;2009.0;;;;INDETERMINE;INDETERMINE;1.0;6.0;3641.0;Résidentiel individuel;Tertiaire;"[""COMMUNE DE DRANCY""]"
0931982Z;5M172HBY41YW;Ecole maternelle Lucien Perriot;093;école;ECOLE MATERNELLE;Drancy;1986-01-01;bdnb-bc-39R2-4KF9-8G42;bdnb-bg-2PBZ-KF15-4EZV;93;151.0;6.3;Drancy;2009.0;;;;INDETERMINE;INDETERMINE;1.0;6.0;3641.0;Résidentiel individuel;Tertiaire;"[""COMMUNE DE DRANCY""]"
0931991J;XQHEE1YVRATA;Ecole maternelle Alexandre Dumas;093;école;ECOLE MATERNELLE;Noisy-le-Grand;1986-09-01;bdnb-bc-7LN5-SUNA-9Q4D;bdnb-bg-YTBD-EWX3-WLVP;93;237.0;5.6;Noisy-le-Grand;1970.0;1989.0;D;C;INDETERMINE;INDETERMINE;3.0;7.0;18458.0;Tertiaire & Autres;Tertiaire;"[""COMMUNE DE NOISY LE GRAND"", ""DEPARTEMENT DE LA SEINE SAINT DENIS""]"
0932002W;CJ75VC9P3W9N;Ecole maternelle Petit Prince;093;école;ECOLE MATERNELLE;Noisy-le-Sec;1987-09-01;bdnb-bc-39D2-GMSW-MY5V;bdnb-bg-QYGS-RZYM-6F6U;93;27.0;11.9;Noisy-le-Sec;1870.0;1983.0;C;;MEULIERE;TUILES;5.0;8.0;1910.0;Résidentiel collectif;Tertiaire;"[""COMMUNE DE NOISY LE SEC"", ""IMMOBILIERE 3F""]"
0932002W;45KEAD4G8T3H;Ecole maternelle Petit Prince;093;école;ECOLE MATERNELLE;Noisy-le-Sec;1987-09-01;bdnb-bc-B65V-83B3-7M84;bdnb-bg-QYGS-RZYM-6F6U;93;1462.0;7.0;Noisy-le-Sec;1870.0;1983.0;C;;MEULIERE;TUILES;5.0;8.0;1910.0;Résidentiel collectif;Tertiaire;"[""COMMUNE DE NOISY LE SEC"", ""IMMOBILIERE 3F""]"
0932002W;E6V214QVSQZF;Ecole maternelle Petit Prince;093;école;ECOLE MATERNELLE;Noisy-le-Sec;1987-09-01;bdnb-bc-C6QQ-YWHY-AMLX;bdnb-bg-QYGS-RZYM-6F6U;93;131.0;5.8;Noisy-le-Sec;1870.0;1983.0;C;;MEULIERE;TUILES;5.0;8.0;1910.0;Résidentiel collectif;Tertiaire;"[""COMMUNE DE NOISY LE SEC"", ""IMMOBILIERE 3F""]"
0932002W;ZA8VXE4VBHKK;Ecole maternelle Petit Prince;093;école;ECOLE MATERNELLE;Noisy-le-Sec;1987-09-01;bdnb-bc-NBAT-6T2W-C154;bdnb-bg-QYGS-RZYM-6F6U;93;109.0;2.9;Noisy-le-Sec;1870.0;1983.0;C;;MEULIERE;TUILES;5.0;8.0;1910.0;Résidentiel collectif;Tertiaire;"[""COMMUNE DE NOISY LE SEC"", ""IMMOBILIERE 3F""]"
0932002W;QGC9P9T7WGX8;Ecole maternelle Petit Prince;093;école;ECOLE MATERNELLE;Noisy-le-Sec;1987-09-01;bdnb-bc-XHR2-FHNJ-YECH;bdnb-bg-QYGS-RZYM-6F6U;93;115.0;6.8;Noisy-le-Sec;1870.0;1983.0;C;;MEULIERE;TUILES;5.0;8.0;1910.0;Résidentiel collectif;Tertiaire;"[""COMMUNE DE NOISY LE SEC"", ""IMMOBILIERE 3F""]"
0932003X;Z2YJZYARK2C7;Ecole maternelle Charlie Chaplin;093;école;ECOLE MATERNELLE;Romainville;1987-09-01;bdnb-bc-TMFM-CC8G-VAH2;bdnb-bg-NAU9-5RLR-GHSK;93;1179.0;5.3;Romainville;1900.0;;;;INDETERMINE;INDETERMINE;1.0;5.0;1179.0;Résidentiel individuel;Tertiaire;"[""COMMUNE DE ROMAINVILLE""]"
0932030B;Y88VSG8RFJWE;Lycée polyvalent Maurice Utrillo;093;lycée;LYCEE POLYVALENT;Stains;1989-09-01;bdnb-bc-HV7D-G9AB-WR48;bdnb-bg-D2U6-Q6U3-RMJJ;93;2762.0;8.7;Stains;1992.0;;;;AUTRES;AUTRES;2.0;7.0;4862.0;Résidentiel collectif;Tertiaire;"[""REGION ILE DE FRANCE""]"
0930898W;XAZEQXWDP5ZF;Collège Sévigné;093;collège;COLLEGE;Gagny;1968-04-25;bdnb-bc-DA6H-CUET-ZHLN;bdnb-bg-W9H9-ZJDA-NSPG;93;124.0;5.3;Gagny;1900.0;;;;BRIQUES - MEULIERE;TUILES;2.0;5.0;171.0;Résidentiel individuel;Résidentiel individuel;"[""LES 3 SAPINS""]"
0930989V;KXTG2GN62HG3;Ecole élémentaire Blaise Pascal;093;école;ECOLE DE NIVEAU ELEMENTAIRE;Gagny;1968-05-17;bdnb-bc-A766-A29J-P6W2;bdnb-bg-UL6E-8EBK-Y1XV;93;1622.0;7.4;Gagny;;;;;INDETERMINE;INDETERMINE;1.0;7.0;1628.0;Tertiaire & Autres;Tertiaire;"[""COMMUNE DE GAGNY""]"
0930993Z;M1V1WSC86C1F;Ecole élémentaire Jean-Baptiste Clément;093;école;ECOLE DE NIVEAU ELEMENTAIRE;Montfermeil;1968-05-17;bdnb-bc-K7X4-M6S6-7H41;bdnb-bg-VPU4-FAHV-TUV2;93;917.0;11.3;Montfermeil;;;;;;;;8.0;1580.0;;Tertiaire;
0930994A;NVMG95NDYDK5;Ecole élémentaire Louis Pasteur;093;école;ECOLE DE NIVEAU ELEMENTAIRE;Neuilly-sur-Marne;1968-05-17;bdnb-bc-9425-A7ZS-6R57;bdnb-bg-ZVNX-369W-7G21;93;684.0;8.2;Neuilly-sur-Marne;1968.0;;D;;BRIQUES;TUILES;1.0;7.0;892.0;Tertiaire & Autres;Tertiaire;"[""COMMUNE DE NEUILLY S-MARNE""]"
0931057U;6ZNRDGYNEFVS;Ecole maternelle Benoit Malon;093;école;ECOLE MATERNELLE;Livry-Gargan;1969-03-18;bdnb-bc-P2DG-TTB2-W6R7;bdnb-bg-TLMC-8RE6-9E2Y;93;1401.0;5.0;Livry-Gargan;2004.0;;;;INDETERMINE;INDETERMINE;4.0;8.0;4221.0;Tertiaire & Autres;Tertiaire;"[""COMMUNE DE LIVRY GARGAN""]"
0931057U;H1S16RYEHZPV;Ecole maternelle Benoit Malon;093;école;ECOLE MATERNELLE;Livry-Gargan;1969-03-18;bdnb-bc-AB43-DALE-7EN9;bdnb-bg-5XKJ-2DCP-FBWY;93;1011.0;5.2;Livry-Gargan;;;;;INDETERMINE;INDETERMINE;1.0;7.0;1367.0;Tertiaire & Autres;Tertiaire;"[""COMMUNE DE LIVRY GARGAN""]"
0931057U;MZNCWSSYQZPZ;Ecole maternelle Benoit Malon;093;école;ECOLE MATERNELLE;Livry-Gargan;1969-03-18;bdnb-bc-5KH7-WPLX-655S;bdnb-bg-5XKJ-2DCP-FBWY;93;355.0;8.1;Livry-Gargan;;;;;INDETERMINE;INDETERMINE;1.0;7.0;1367.0;Tertiaire & Autres;Tertiaire;"[""COMMUNE DE LIVRY GARGAN""]"
0931057U;B6MJD5F63GKE;Ecole maternelle Benoit Malon;093;école;ECOLE MATERNELLE;Livry-Gargan;1969-03-18;bdnb-bc-FX3J-VCSD-D4TV;bdnb-bg-9Z6L-H85H-CGVC;93;100.0;4.5;Livry-Gargan;;;;;;;;6.0;2164.0;;Tertiaire;
0931057U;A6R3WZRNW3EA;Ecole maternelle Benoit Malon;093;école;ECOLE MATERNELLE;Livry-Gargan;1969-03-18;bdnb-bc-J9KW-953P-ZD3M;bdnb-bg-9Z6L-H85H-CGVC;93;1801.0;7.3;Livry-Gargan;;;;;;;;6.0;2164.0;;Tertiaire;
0931057U;PPMMZ554PF8T;Ecole maternelle Benoit Malon;093;école;ECOLE MATERNELLE;Livry-Gargan;1969-03-18;bdnb-bc-87GZ-69ZM-23XF;bdnb-bg-9Z6L-H85H-CGVC;93;264.0;6.6;Livry-Gargan;;;;;;;;6.0;2164.0;;Tertiaire;
0931075N;A6R3WZRNW3EA;Ecole élémentaire d'application Benoît Malon;093;école;ECOLE ELEMENTAIRE D APPLICATION;Livry-Gargan;1969-03-18;bdnb-bc-J9KW-953P-ZD3M;bdnb-bg-9Z6L-H85H-CGVC;93;1801.0;7.3;Livry-Gargan;;;;;;;;6.0;2164.0;;Tertiaire;
0931179B;YK1H96PNQ1XT;Ecole maternelle Travail;093;école;ECOLE MATERNELLE;Bagnolet;1969-06-04;bdnb-bc-2CNM-B2SG-6U2S;bdnb-bg-PJFJ-E5WJ-8QXX;93;2641.0;12.2;Bagnolet;1931.0;;;C;AUTRES;AUTRES;4.0;11.0;2739.0;Résidentiel collectif;Tertiaire;"[""DEPARTEMENT DE LA SEINE SAINT DENIS""]"
0931200Z;77ZDDDNBKPW3;Collège Pierre Sémard;093;collège;COLLEGE;Drancy;1970-03-25;bdnb-bc-5D9E-674B-59SR;bdnb-bg-F7WC-LUPN-YZA5;93;3794.0;15.3;Drancy;;2020.0;C;C;INDETERMINE;INDETERMINE;2.0;14.0;4030.0;Résidentiel individuel;Tertiaire;"[""DEPARTEMENT DE LA SEINE SAINT DENIS""]"
0931202B;YSVMWH3DQMF8;Collège Liberté;093;collège;COLLEGE;Drancy;1970-03-25;bdnb-bc-UT9F-EGU1-EHPZ;bdnb-bg-1P3B-YKPY-7BBR;93;3444.0;6.0;Drancy;1992.0;;;D;BETON - AUTRES;TUILES;2.0;6.0;3705.0;Résidentiel collectif;Tertiaire;"[""DEPARTEMENT DE LA SEINE SAINT DENIS""]"
0931202B;DK71V62YP5A4;Collège Liberté;093;collège;COLLEGE;Drancy;1970-03-25;bdnb-bc-FJT6-2M59-E7EH;bdnb-bg-8EU6-2AK8-25YH;93;41.0;5.0;Drancy;;;;D;;;;;41.0;;Tertiaire;
0931202B;PE4X1NJ1QB15;Collège Liberté;093;collège;COLLEGE;Drancy;1970-03-25;bdnb-bc-NNET-5JQM-VC28;bdnb-bg-1P3B-YKPY-7BBR;93;108.0;7.1;Drancy;1992.0;;;D;BETON - AUTRES;TUILES;2.0;6.0;3705.0;Résidentiel collectif;Tertiaire;"[""DEPARTEMENT DE LA SEINE SAINT DENIS""]"
0931202B;XF7RNVXA4X4S;Collège Liberté;093;collège;COLLEGE;Drancy;1970-03-25;bdnb-bc-2QEG-NEGV-URBZ;bdnb-bg-1P3B-YKPY-7BBR;93;97.0;5.7;Drancy;1992.0;;;D;BETON - AUTRES;TUILES;2.0;6.0;3705.0;Résidentiel collectif;Tertiaire;"[""DEPARTEMENT DE LA SEINE SAINT DENIS""]"
0931202B;C3JDP1VZ782X;Collège Liberté;093;collège;COLLEGE;Drancy;1970-03-25;bdnb-bc-5B41-LY75-5B12;bdnb-bg-ZPDR-ADFZ-RX1H;93;166.0;5.3;Drancy;1992.0;;;D;BETON - AUTRES;TUILES;2.0;5.0;259.0;Résidentiel individuel;Tertiaire;"[""DEPARTEMENT DE LA SEINE SAINT DENIS""]"
0931204D;KDYWKZK9R1VZ;Collège Marcel Cachin;093;collège;COLLEGE;Le Blanc-Mesnil;1970-03-25;bdnb-bc-R3U2-UA16-2ZVG;bdnb-bg-GUA2-397W-UQKN;93;978.0;14.5;Le Blanc-Mesnil;1971.0;;;C;BETON;BETON;4.0;8.0;4269.0;Résidentiel collectif;Tertiaire;"[""COMMUNE DE DUGNY""]"
0931212M;WN1CT76SFPXZ;Collège Oum Kalthoum;093;collège;COLLEGE;Montreuil;1970-03-25;bdnb-bc-MJPX-GGBE-WJGY;bdnb-bg-7XLM-88MP-8TMS;93;657.0;9.9;Montreuil;;;;;;;;10.0;657.0;;Tertiaire;
0931216S;JWKGTK2M38PK;Collège Jean Jaurès;093;collège;COLLEGE;Pantin;1970-03-25;bdnb-bc-P84S-L9MH-SPLM;bdnb-bg-7B97-XM6H-3XYK;93;67.0;5.0;Pantin;1960.0;;;C;AGGLOMERE - BETON;AUTRES;3.0;8.0;4838.0;Tertiaire & Autres;Tertiaire;"[""COMMUNE DE PANTIN""]"
0931222Y;W8WJMRPKBS46;Collège Pierre-André Houel;093;collège;COLLEGE;Romainville;1970-03-25;bdnb-bc-A4V7-3DG9-4RJP;bdnb-bg-WFZF-AMRS-RSXU;93;1331.0;11.3;Romainville;;;;C;AUTRES;AUTRES;2.0;10.0;2155.0;Tertiaire & Autres;Tertiaire;"[""DEPARTEMENT DE LA SEINE SAINT DENIS""]"
0931225B;GZ5NRKNMARJY;Collège Joliot-Curie;093;collège;COLLEGE;Stains;1970-03-25;bdnb-bc-2TCP-N8T2-X7F8;bdnb-bg-3R3C-C4LU-WDHH;93;54.0;9.1;Stains;2004.0;;;;INDETERMINE;INDETERMINE;1.0;12.0;2160.0;Tertiaire & Autres;Tertiaire;"[""DEPARTEMENT DE LA SEINE SAINT DENIS""]"
0931231H;DRPA7RYJ6R6W;Collège Pierre de Geyter;093;collège;COLLEGE;Saint-Denis;1970-03-25;bdnb-bc-76PW-PMMA-QCFV;bdnb-bg-1YBC-XNG9-6AVN;93;903.0;11.5;Saint-Denis;1900.0;;;C;BETON;BETON;2.0;12.0;903.0;Résidentiel collectif;Tertiaire;"[""DEPARTEMENT DE LA SEINE SAINT DENIS""]"
0931259N;QC3D463E4V9F;Ecole élémentaire Joliot-Curie;093;école;ECOLE DE NIVEAU ELEMENTAIRE;Drancy;1970-05-08;bdnb-bc-EQVK-CRAW-T9EC;bdnb-bg-QT8V-VC23-WU9K;93;1630.0;14.9;Drancy;;;;;;;;15.0;1630.0;;Tertiaire;
0931259N;2ZEQC954QRFX;Ecole élémentaire Joliot-Curie;093;école;ECOLE DE NIVEAU ELEMENTAIRE;Drancy;1970-05-08;bdnb-bc-9NS3-Y7SZ-YLHJ;bdnb-bg-WN92-KX8P-TXAL;93;1382.0;12.0;Drancy;1930.0;;;;AGGLOMERE - BRIQUES;TUILES;3.0;12.0;1382.0;Résidentiel collectif;Tertiaire;"[""COMMUNE DE DRANCY""]"
0931276G;DJTF39YJTFJ3;Ecole élémentaire Paul Langevin;093;école;ECOLE DE NIVEAU ELEMENTAIRE;Dugny;1970-05-08;bdnb-bc-4AWG-LW3Z-NTLW;bdnb-bg-3AGL-MUCT-RUE7;93;1265.0;13.6;Dugny;2003.0;;;;INDETERMINE;INDETERMINE;1.0;9.0;4013.0;Tertiaire & Autres;Tertiaire;"[""COMMUNE DE DUGNY""]"
0931285S;3TV6E8SRXQJ7;Ecole élémentaire Nanteuil;093;école;ECOLE DE NIVEAU ELEMENTAIRE;Montreuil;1970-05-08;bdnb-bc-RGK2-7ZVQ-QFGJ;bdnb-bg-CKNR-W37M-5136;93;1753.0;8.5;Montreuil;1958.0;;;;BRIQUES;TUILES;2.0;7.0;3820.0;Résidentiel collectif;Tertiaire;"[""COMMUNE DE MONTREUIL""]"
0931290X;1JTGY63KEG3A;Ecole élémentaire Bel Air;093;école;ECOLE DE NIVEAU ELEMENTAIRE;Neuilly-Plaisance;1970-05-08;bdnb-bc-1PA8-TT91-SQHR;bdnb-bg-FJRN-EPH8-EF7Q;93;572.0;10.0;Neuilly-Plaisance;1965.0;;E;;AGGLOMERE - BETON;BETON;3.0;10.0;572.0;Résidentiel collectif;Tertiaire;"[""COMMUNE DE NEUILLY PLAISANCE""]"
0931292Z;QQRWH4QX9MAP;Ecole élémentaire Jean-Baptiste Du Hamel;093;école;ECOLE DE NIVEAU ELEMENTAIRE;Neuilly-sur-Marne;1970-05-08;bdnb-bc-F7ZD-PT2V-2WZ7;bdnb-bg-RVC9-MM2U-QDQ3;93;679.0;1.9;Neuilly-sur-Marne;2010.0;2019.0;B;;INDETERMINE;INDETERMINE;4.0;6.0;18889.0;Tertiaire & Autres;Tertiaire;"[""COMMUNE DE NEUILLY S-MARNE"", ""ORANGE""]"
0931304M;FQ5K6SB1FM7E;Ecole élémentaire Gabriel Péri;093;école;ECOLE DE NIVEAU ELEMENTAIRE;Romainville;1970-05-08;bdnb-bc-LF98-BE5F-HX1W;bdnb-bg-CT6Z-347T-MAXD;93;1041.0;13.2;Romainville;2012.0;;;;INDETERMINE;INDETERMINE;1.0;11.0;4800.0;Tertiaire & Autres;Tertiaire;"[""COMMUNE DE ROMAINVILLE""]"
0931319D;XSQANH3FP7DD;Ecole élémentaire d'application Jean Moulin;093;école;ECOLE ELEMENTAIRE D APPLICATION;Tremblay-en-France;1970-05-08;bdnb-bc-TK7R-J47E-EEM4;bdnb-bg-EPJF-QSHX-6J1U;93;603.0;15.7;Tremblay-en-France;1969.0;1970.0;C;;BETON;AUTRES;5.0;10.0;3480.0;Résidentiel collectif;Tertiaire;"[""COMMUNE DE TREMBLAY EN FRANCE"", ""CDC HABITAT SOCIAL SOCIETE ANONYME D'HABITATIONS A LOYER MOD""]"
0931365D;2ST6K44XZYGR;Ecole élémentaire Joliot-Curie;093;école;ECOLE DE NIVEAU ELEMENTAIRE;Noisy-le-Grand;1970-07-20;bdnb-bc-HMT1-TVH9-ES3Z;bdnb-bg-KGT1-BNU6-318C;93;1737.0;12.9;Noisy-le-Grand;1956.0;;;C;BETON;TUILES;4.0;10.0;3792.0;Résidentiel collectif;Tertiaire;"[""COMMUNE DE NOISY LE GRAND""]"
0931422R;763FJF7DNA1E;Ecole élémentaire Leclerc;093;école;ECOLE DE NIVEAU ELEMENTAIRE;Villemomble;1971-05-24;bdnb-bc-GFEE-15KX-J6VU;bdnb-bg-29GC-ZQ1V-CGB3;93;1727.0;12.9;Villemomble;;;;;BETON - PIERRE;INDETERMINE;3.0;7.0;1963.0;Tertiaire & Autres;Tertiaire;"[""COMMUNE DE VILLEMOMBLE""]"
0931423S;F63RSQ3Y7HYF;Ecole maternelle Anne Frank;093;école;ECOLE MATERNELLE;Villetaneuse;1971-05-24;bdnb-bc-6T6M-C18M-21CU;bdnb-bg-P7VC-J56H-1GW8;93;2301.0;4.0;Villetaneuse;;;;;;;;4.0;2311.0;;Tertiaire;
0931434D;BMSXA6BC3BHT;Collège Claude Debussy;093;collège;COLLEGE;Aulnay-sous-Bois;1972-02-22;bdnb-bc-EWUC-YNL6-YCGF;bdnb-bg-YYJ5-4PJK-QZNJ;93;3079.0;10.1;Aulnay-sous-Bois;2008.0;;;C;BETON;BETON;5.0;7.0;3743.0;Tertiaire & Autres;Tertiaire;"[""DEPARTEMENT DE LA SEINE SAINT DENIS""]"
0931467P;HH618BHH8ZFB;Ecole élémentaire Henri Mondor;093;école;ECOLE DE NIVEAU ELEMENTAIRE;Rosny-sous-Bois;1972-06-06;bdnb-bc-3M7E-DKBU-TDD1;bdnb-bg-RL6Y-AV8N-8459;93;1577.0;12.2;Rosny-sous-Bois;1964.0;;;;BETON;BETON;2.0;7.0;5026.0;Résidentiel collectif;Tertiaire;"[""COMMUNE DE ROSNY-SOUS-BOIS""]"
0931474X;67M2S8GCNXWJ;Ecole élémentaire Paul Langevin;093;école;ECOLE DE NIVEAU ELEMENTAIRE;Clichy-sous-Bois;1972-06-06;bdnb-bc-LZCG-ME26-BXN7;bdnb-bg-818J-9JTD-JDQQ;93;1226.0;12.0;Clichy-sous-Bois;;;;;;;;7.0;6931.0;;Tertiaire;
0931475Y;R3BC23CDHHPB;Ecole élémentaire Les Fougères;093;école;ECOLE DE NIVEAU ELEMENTAIRE;Le Raincy;1972-06-06;bdnb-bc-YE37-U2WA-TMWL;bdnb-bg-1NRX-Q7QU-2TWA;93;121.0;5.2;Le Raincy;1930.0;;;B;AGGLOMERE;TUILES;2.0;5.0;152.0;Résidentiel individuel;Tertiaire;"[""COMMUNE LE RAINCY""]"
0931475Y;NY4CREZZ9CSG;Ecole élémentaire Les Fougères;093;école;ECOLE DE NIVEAU ELEMENTAIRE;Le Raincy;1972-06-06;bdnb-bc-TE2S-SAPG-E49N;bdnb-bg-SNS7-UWU4-G9PA;93;305.0;11.7;Le Raincy;2010.0;;;B;INDETERMINE;INDETERMINE;1.0;12.0;305.0;Résidentiel individuel;Tertiaire;"[""COMMUNE LE RAINCY""]"
0931475Y;P51TXNM1WY6N;Ecole élémentaire Les Fougères;093;école;ECOLE DE NIVEAU ELEMENTAIRE;Le Raincy;1972-06-06;bdnb-bc-8J19-1414-4F4V;bdnb-bg-1NRX-Q7QU-2TWA;93;31.0;5.0;Le Raincy;1930.0;;;B;AGGLOMERE;TUILES;2.0;5.0;152.0;Résidentiel individuel;Tertiaire;"[""COMMUNE LE RAINCY""]"
0931484H;AWD6QVQQPHN6;Ecole élémentaire Varenne;093;école;ECOLE DE NIVEAU ELEMENTAIRE;Noisy-le-Grand;1972-08-31;bdnb-bc-P5MJ-AJ9D-NQDH;bdnb-bg-46TJ-R8L5-JUFL;93;3001.0;12.0;Noisy-le-Grand;1934.0;;;;BRIQUES;TUILES;3.0;14.0;4766.0;Résidentiel collectif;Tertiaire;"[""COMMUNE DE NOISY LE GRAND""]"
0931485J;ATCB5Q3J55ZH;Collège Georges Braque;093;collège;COLLEGE;Neuilly-sur-Marne;1972-08-25;bdnb-bc-TEMR-K9NG-CA6N;bdnb-bg-R9CN-7H9S-37SY;93;3255.0;5.3;Neuilly-sur-Marne;;;;;;;;4.0;3402.0;;Tertiaire;
0931497X;NNZ6Q74TRMPN;Collège Descartes;093;collège;COLLEGE;Tremblay-en-France;1973-05-04;bdnb-bc-52VH-MFVE-5HKZ;bdnb-bg-49RX-W4TM-9CLB;93;1896.0;9.7;Tremblay-en-France;1993.0;;;C;INDETERMINE;INDETERMINE;1.0;7.0;10438.0;Résidentiel collectif;Tertiaire;"[""COMMUNE DE TREMBLAY EN FRANCE""]"
0931501B;AXSGJ7AYMSQA;Ecole maternelle Louis Aragon;093;école;ECOLE MATERNELLE;Aulnay-sous-Bois;1973-05-14;bdnb-bc-89KL-LRDK-VLT8;bdnb-bg-MLEX-NGRJ-XGJ7;93;1562.0;3.9;Aulnay-sous-Bois;1972.0;;;;BETON;AUTRES;2.0;6.0;2616.0;Résidentiel collectif;Tertiaire;"[""COMMUNE DE SEVRAN""]"
0931502C;HD94GDCMN65R;Ecole maternelle Capsulerie;093;école;ECOLE MATERNELLE;Bagnolet;1973-05-14;bdnb-bc-RKU9-JC1Z-2MS8;bdnb-bg-YLP7-H2F5-XL2L;93;530.0;3.1;Bagnolet;;;;;INDETERMINE;INDETERMINE;1.0;4.0;976.0;Tertiaire & Autres;Tertiaire;"[""COMMUNE DE BAGNOLET""]"
0931510L;6HDRSC2V37C4;Ecole élémentaire Centre;093;école;ECOLE DE NIVEAU ELEMENTAIRE;Neuilly-Plaisance;1973-05-15;bdnb-bc-YFB4-R7AK-Z3LD;bdnb-bg-AWL2-E93K-3ASV;93;665.0;9.9;Neuilly-Plaisance;1935.0;;F;;INDETERMINE;INDETERMINE;3.0;8.0;4224.0;Résidentiel collectif;Tertiaire;"[""COMMUNE DE NEUILLY PLAISANCE"", ""SAHLM DE LA VALLEE DE LA SEINE   SAHLM""]"
0931511M;5C6QJ1BF9ZF5;Ecole maternelle Foch;093;école;ECOLE MATERNELLE;Neuilly-Plaisance;1973-05-14;bdnb-bc-PE5R-JGXU-J78J;bdnb-bg-1T99-2FWN-3DBD;93;1101.0;8.1;Neuilly-Plaisance;2003.0;;;;INDETERMINE;INDETERMINE;1.0;8.0;1120.0;Tertiaire & Autres;Tertiaire;"[""COMMUNE DE NEUILLY PLAISANCE""]"
0931514R;MY21GQH8FJTP;Ecole élémentaire Hauts Bâtons;093;école;ECOLE DE NIVEAU ELEMENTAIRE;Noisy-le-Grand;1973-05-14;bdnb-bc-Z522-564Y-KM78;bdnb-bg-HGV3-DB4X-GUKQ;93;2694.0;2.7;Noisy-le-Grand;1981.0;;D;C;INDETERMINE;INDETERMINE;5.0;5.0;18319.0;Tertiaire & Autres;Tertiaire;"[""COMMUNE DE NOISY LE GRAND"", ""REGION ILE DE FRANCE""]"
0931515S;MY21GQH8FJTP;Ecole maternelle Hauts Bâtons;093;école;ECOLE MATERNELLE;Noisy-le-Grand;1973-05-14;bdnb-bc-Z522-564Y-KM78;bdnb-bg-HGV3-DB4X-GUKQ;93;2694.0;2.7;Noisy-le-Grand;1981.0;;D;C;INDETERMINE;INDETERMINE;5.0;5.0;18319.0;Tertiaire & Autres;Tertiaire;"[""COMMUNE DE NOISY LE GRAND"", ""REGION ILE DE FRANCE""]"
0931524B;F4S8F2T65AY4;Ecole élémentaire Jean Moulin;093;école;ECOLE DE NIVEAU ELEMENTAIRE;Villepinte;1986-09-01;bdnb-bc-MSCD-ANHK-VE9C;bdnb-bg-RH4F-ENNL-KXCS;93;478.0;8.3;Villepinte;1973.0;;E;;BETON;BETON;3.0;5.0;5566.0;Résidentiel collectif;Tertiaire;"[""COMMUNE DE VILLEPINTE""]"
0931553H;7268RCAKC1VH;Ecole primaire Frédérick Lemaître;093;école;ECOLE DE NIVEAU ELEMENTAIRE;Saint-Denis;1978-09-01;bdnb-bc-TCLB-2P2H-7VZE;bdnb-bg-HWZK-EV1T-CD8M;93;1284.0;6.0;Saint-Denis;;;;;INDETERMINE;INDETERMINE;2.0;8.0;1542.0;Résidentiel collectif;Tertiaire;"[""COMMUNE DE SAINT-DENIS""]"
0931559P;Z6E6PGS5TSK3;Ecole maternelle Rû de Montfort;093;école;ECOLE MATERNELLE;Saint-Denis;1974-05-14;bdnb-bc-9MR3-J3TB-RD9Z;bdnb-bg-S5J4-TRUM-VRR8;93;1776.0;4.9;Saint-Denis;;;;;INDETERMINE;INDETERMINE;1.0;8.0;17815.0;Tertiaire & Autres;Tertiaire;"[""DEPARTEMENT DE LA SEINE SAINT DENIS"", ""PLAINE COMMUNE ENERGIE"", ""COMMUNE DE SAINT-DENIS""]"
0931569A;PEB9MYFP2BM1;Ecole élémentaire André Chénier;093;école;ECOLE DE NIVEAU ELEMENTAIRE;Neuilly-sur-Marne;1974-10-21;bdnb-bc-G1KS-J7QN-H9P9;bdnb-bg-RVC9-MM2U-QDQ3;93;1651.0;10.3;Neuilly-sur-Marne;2010.0;2019.0;B;;INDETERMINE;INDETERMINE;4.0;6.0;18889.0;Tertiaire & Autres;Tertiaire;"[""COMMUNE DE NEUILLY S-MARNE"", ""ORANGE""]"
0931570B;SX6GRHDBWSPC;Ecole élémentaire Bellevue;093;école;ECOLE DE NIVEAU ELEMENTAIRE;Livry-Gargan;1974-10-21;bdnb-bc-WQXT-BXCG-J284;bdnb-bg-VH8R-VFN4-SSZM;93;448.0;7.5;Livry-Gargan;1976.0;;;;BETON - AUTRES;ZINC ALUMINIUM;2.0;6.0;2711.0;Résidentiel collectif;Tertiaire;"[""COMMUNE DE LIVRY GARGAN""]"
0931588W;AJ6W2ENJHYM5;Ecole élémentaire Pierre Brossolette;093;école;ECOLE DE NIVEAU ELEMENTAIRE;Tremblay-en-France;1975-09-02;bdnb-bc-4NLQ-QEZV-SWEM;bdnb-bg-229U-MCKV-51M8;93;931.0;19.5;Tremblay-en-France;1975.0;1970.0;E;;BETON;BETON;8.0;15.0;1943.0;Résidentiel collectif;Résidentiel collectif;"[""STRATA""]"
0931738J;JVYED3DDAGA5;Lycée professionnel Arthur Rimbaud;093;lycée;LYCEE PROFESSIONNEL;La Courneuve;1978-09-01;bdnb-bc-XLVG-FFND-6S3R;bdnb-bg-RWN5-V7H3-PL4Z;93;1982.0;4.9;La Courneuve;1991.0;;;;INDETERMINE;INDETERMINE;1.0;5.0;2647.0;Résidentiel collectif;Tertiaire;"[""REGION ILE DE FRANCE""]"
0931773X;8QBJ5RJPFX8X;Ecole maternelle Noyers;093;école;ECOLE MATERNELLE;Noisy-le-Grand;1980-01-01;bdnb-bc-8JQP-4XJN-JU2N;bdnb-bg-XDV4-AK1V-HR45;93;2871.0;4.4;Noisy-le-Grand;;;D;C;INDETERMINE;INDETERMINE;1.0;8.0;3952.0;Résidentiel collectif;Tertiaire;"[""COMMUNE DE NOISY LE GRAND""]"
0931773X;7YN551HYE4PZ;Ecole maternelle Noyers;093;école;ECOLE MATERNELLE;Noisy-le-Grand;1980-01-01;bdnb-bc-GM3X-ARZX-4AVJ;bdnb-bg-XDV4-AK1V-HR45;93;330.0;6.6;Noisy-le-Grand;;;D;C;INDETERMINE;INDETERMINE;1.0;8.0;3952.0;Résidentiel collectif;Tertiaire;"[""COMMUNE DE NOISY LE GRAND""]"
0931773X;JETQSX6HH4G9;Ecole maternelle Noyers;093;école;ECOLE MATERNELLE;Noisy-le-Grand;1980-01-01;bdnb-bc-SCTB-BZHZ-H8XD;bdnb-bg-XDV4-AK1V-HR45;93;396.0;6.6;Noisy-le-Grand;;;D;C;INDETERMINE;INDETERMINE;1.0;8.0;3952.0;Résidentiel collectif;Tertiaire;"[""COMMUNE DE NOISY LE GRAND""]"
0931773X;CHA7B6CVV13N;Ecole maternelle Noyers;093;école;ECOLE MATERNELLE;Noisy-le-Grand;1980-01-01;bdnb-bc-B5AP-JP93-VQ1C;bdnb-bg-XDV4-AK1V-HR45;93;355.0;13.2;Noisy-le-Grand;;;D;C;INDETERMINE;INDETERMINE;1.0;8.0;3952.0;Résidentiel collectif;Tertiaire;"[""COMMUNE DE NOISY LE GRAND""]"
0932053B;HDE3ENYZ4P24;ECOLE PRIMAIRE TOURVILLE;093;école;ECOLE DE NIVEAU ELEMENTAIRE;Livry-Gargan;1991-09-01;bdnb-bc-CRY1-G2JC-EU41;bdnb-bg-UDSA-ZEMT-7JYM;93;1916.0;5.0;Livry-Gargan;1910.0;;;;AGGLOMERE;TUILES;2.0;;1916.0;Résidentiel individuel;Tertiaire;"[""COMMUNE DE LIVRY GARGAN""]"
0932118X;XBZCG2AACKPC;Lycée polyvalent Jean Moulin;093;lycée;LYCEE POLYVALENT;Le Blanc-Mesnil;1991-09-01;bdnb-bc-JHNG-J4L2-W9XE;bdnb-bg-ASFH-VBA5-GYTB;93;3007.0;12.8;Le Blanc-Mesnil;2011.0;;;;INDETERMINE;INDETERMINE;4.0;8.0;4426.0;Tertiaire & Autres;Tertiaire;"[""REGION ILE DE FRANCE""]"
0932229T;G9NEYJF1JBGJ;Lycée polyvalent Paul Le Rolland;093;lycée;LYCEE POLYVALENT;Drancy;1994-09-01;bdnb-bc-AEDE-4WTX-QSE3;bdnb-bg-6V5K-V5SS-24K8;93;5767.0;7.3;Drancy;1966.0;;;;AUTRES;ZINC ALUMINIUM;3.0;5.0;6325.0;Résidentiel collectif;Tertiaire;"[""COMMUNE DE DRANCY""]"
0932229T;B31GN3MPT3EV;Lycée polyvalent Paul Le Rolland;093;lycée;LYCEE POLYVALENT;Drancy;1994-09-01;bdnb-bc-DAGT-86VN-E3DT;bdnb-bg-6V5K-V5SS-24K8;93;430.0;5.6;Drancy;1966.0;;;;AUTRES;ZINC ALUMINIUM;3.0;5.0;6325.0;Résidentiel collectif;Tertiaire;"[""COMMUNE DE DRANCY""]"
0932229T;RTBNF9ZEKAME;Lycée polyvalent Paul Le Rolland;093;lycée;LYCEE POLYVALENT;Drancy;1994-09-01;bdnb-bc-YDQ4-C16J-Q6H6;bdnb-bg-6V5K-V5SS-24K8;93;128.0;3.4;Drancy;1966.0;;;;AUTRES;ZINC ALUMINIUM;3.0;5.0;6325.0;Résidentiel collectif;Tertiaire;"[""COMMUNE DE DRANCY""]"
0932229T;KMJFSQVGBXQC;Lycée polyvalent Paul Le Rolland;093;lycée;LYCEE POLYVALENT;Drancy;1994-09-01;bdnb-bc-QXNZ-17ET-JY9V;bdnb-bg-YFDD-6SCC-H2E3;93;408.0;4.7;Drancy;;;;;;;;5.0;408.0;;Tertiaire;
0932376C;793BTMBN5Q12;Etablissement Expérimental Nouvelles Chances du Lycée Alfred Costes;093;lycée;LYCEE EXPERIMENTAL;Bobigny;2003-09-01;bdnb-bc-TG3H-GSLT-6T58;bdnb-bg-8EBG-DQ1V-6YBE;93;1800.0;4.8;Bobigny;2010.0;;;;INDETERMINE;INDETERMINE;2.0;5.0;2076.0;Tertiaire & Autres;Tertiaire;"[""COMMUNE DE BOBIGNY""]"
0932376C;A4FE59P4MPZ3;Etablissement Expérimental Nouvelles Chances du Lycée Alfred Costes;093;lycée;LYCEE EXPERIMENTAL;Bobigny;2003-09-01;bdnb-bc-RC5Y-CZLY-NRUK;bdnb-bg-8EBG-DQ1V-6YBE;93;146.0;6.8;Bobigny;2010.0;;;;INDETERMINE;INDETERMINE;2.0;5.0;2076.0;Tertiaire & Autres;Tertiaire;"[""COMMUNE DE BOBIGNY""]"
0932376C;QW5DEEFEX291;Etablissement Expérimental Nouvelles Chances du Lycée Alfred Costes;093;lycée;LYCEE EXPERIMENTAL;Bobigny;2003-09-01;bdnb-bc-RU55-Q28E-3SFM;bdnb-bg-8EBG-DQ1V-6YBE;93;131.0;4.5;Bobigny;2010.0;;;;INDETERMINE;INDETERMINE;2.0;5.0;2076.0;Tertiaire & Autres;Tertiaire;"[""COMMUNE DE BOBIGNY""]"
0932392V;1AZE3RC6CTAM;Ecole primaire Victor Hugo;093;école;ECOLE DE NIVEAU ELEMENTAIRE;Les Lilas;2004-09-01;bdnb-bc-FZ6V-PHMB-VDFY;bdnb-bg-WME8-Z1KF-ZGEN;93;951.0;15.5;Les Lilas;2004.0;;;;INDETERMINE;INDETERMINE;1.0;13.0;1038.0;Tertiaire & Autres;Tertiaire;"[""COMMUNE DES LILAS""]"
0932454M;SNFTT69W1BTS;Collège Lucie Aubrac;093;collège;COLLEGE;Livry-Gargan;2008-09-01;bdnb-bc-2CZP-GA5D-DF3D;bdnb-bg-GSG6-4GQV-MNTU;93;3210.0;13.7;Livry-Gargan;2008.0;;;;AUTRES;AUTRES;2.0;10.0;3248.0;Tertiaire & Autres;Tertiaire;"[""DEPARTEMENT DE LA SEINE SAINT DENIS""]"
0932471F;X8CNA9MBHJN3;Ecole élémentaire Aimé Césaire;093;école;ECOLE DE NIVEAU ELEMENTAIRE;Saint-Denis;2009-09-01;bdnb-bc-2PDR-BZCU-E9EP;bdnb-bg-ARHM-ZZAH-RRN4;93;2592.0;9.1;Saint-Denis;2009.0;;;;INDETERMINE;INDETERMINE;1.0;9.0;2592.0;Tertiaire & Autres;Tertiaire;"[""COMMUNE DE SAINT-DENIS""]"
0932610G;WJRFS9PHH1CJ;Ecole maternelle Petits Cailloux;093;école;ECOLE MATERNELLE;Saint-Denis;2015-09-01;bdnb-bc-PZXL-5RCL-BD8D;bdnb-bg-GTAY-B4GK-CBZ3;93;2804.0;8.8;Saint-Denis;2015.0;;;;INDETERMINE;INDETERMINE;1.0;9.0;2804.0;Tertiaire & Autres;Tertiaire;"[""ENEDIS"", ""COMMUNE DE SAINT-DENIS""]"
0932610G;TRK5S6W494ZM;Ecole maternelle Petits Cailloux;093;école;ECOLE MATERNELLE;Saint-Denis;2015-09-01;bdnb-bc-ZE2E-S2PT-3E4P;bdnb-bg-GTKB-B5EP-8B25;93;83.0;6.6;Saint-Denis;2003.0;;;;INDETERMINE;INDETERMINE;1.0;7.0;6665.0;Tertiaire & Autres;Tertiaire;"[""SOCIETE NATIONALE SNCF""]"
0932610G;RB39VME23YWQ;Ecole maternelle Petits Cailloux;093;école;ECOLE MATERNELLE;Saint-Denis;2015-09-01;;;;;;;;;;;;;;;;;;
0932624X;3XVMZWQNHPVH;Ecole primaire Claude Dilain;093;école;ECOLE DE NIVEAU ELEMENTAIRE;Clichy-sous-Bois;2015-09-01;bdnb-bc-X4UT-EJ3B-G9U7;bdnb-bg-MBST-9LM4-GQHV;93;2433.0;3.9;Clichy-sous-Bois;;;;;;;;9.0;5972.0;;Tertiaire;
0932627A;2Q9BW74VNKT1;Ecole élémentaire Jean De La Fontaine;093;école;ECOLE DE NIVEAU ELEMENTAIRE;Livry-Gargan;2015-09-01;bdnb-bc-TUXE-EE8B-BBWX;bdnb-bg-V93S-FAYW-VRAD;93;254.0;10.3;Livry-Gargan;;;;;;;;10.0;254.0;;Tertiaire;
0932629C;N88XW9NQP843;Ecole primaire George Sand;093;école;ECOLE DE NIVEAU ELEMENTAIRE;Noisy-le-Sec;2015-09-01;bdnb-bc-AZ49-994A-F2YH;bdnb-bg-9554-AS71-VSYW;93;209.0;6.1;Noisy-le-Sec;2014.0;;;;BRIQUES;BETON;2.0;7.0;4589.0;Tertiaire & Autres;Tertiaire;"[""COMMUNE DE NOISY LE SEC""]"
0932629C;4BAYZ1T1YN2Q;Ecole primaire George Sand;093;école;ECOLE DE NIVEAU ELEMENTAIRE;Noisy-le-Sec;2015-09-01;bdnb-bc-1V21-QMHK-JM6K;bdnb-bg-9554-AS71-VSYW;93;420.0;7.4;Noisy-le-Sec;2014.0;;;;BRIQUES;BETON;2.0;7.0;4589.0;Tertiaire & Autres;Tertiaire;"[""COMMUNE DE NOISY LE SEC""]"
0932629C;XR6Y746FAFRJ;Ecole primaire George Sand;093;école;ECOLE DE NIVEAU ELEMENTAIRE;Noisy-le-Sec;2015-09-01;bdnb-bc-2RRS-3W5E-ANZ9;bdnb-bg-9554-AS71-VSYW;93;423.0;8.7;Noisy-le-Sec;2014.0;;;;BRIQUES;BETON;2.0;7.0;4589.0;Tertiaire & Autres;Tertiaire;"[""COMMUNE DE NOISY LE SEC""]"
0932629C;NZ9BZNXRHETN;Ecole primaire George Sand;093;école;ECOLE DE NIVEAU ELEMENTAIRE;Noisy-le-Sec;2015-09-01;bdnb-bc-FFB9-FEJ9-TMSX;bdnb-bg-9554-AS71-VSYW;93;217.0;8.2;Noisy-le-Sec;2014.0;;;;BRIQUES;BETON;2.0;7.0;4589.0;Tertiaire & Autres;Tertiaire;"[""COMMUNE DE NOISY LE SEC""]"
0932629C;AAE6R8HGRBFC;Ecole primaire George Sand;093;école;ECOLE DE NIVEAU ELEMENTAIRE;Noisy-le-Sec;2015-09-01;bdnb-bc-VPQH-T32Q-5FBE;bdnb-bg-9554-AS71-VSYW;93;1196.0;13.7;Noisy-le-Sec;2014.0;;;;BRIQUES;BETON;2.0;7.0;4589.0;Tertiaire & Autres;Tertiaire;"[""COMMUNE DE NOISY LE SEC""]"
0932629C;SRKGRH41BJ5F;Ecole primaire George Sand;093;école;ECOLE DE NIVEAU ELEMENTAIRE;Noisy-le-Sec;2015-09-01;bdnb-bc-JY1W-LAW3-W3GJ;bdnb-bg-9554-AS71-VSYW;93;30.0;4.6;Noisy-le-Sec;2014.0;;;;BRIQUES;BETON;2.0;7.0;4589.0;Tertiaire & Autres;Tertiaire;"[""COMMUNE DE NOISY LE SEC""]"
0932629C;GCGHZMTYGW65;Ecole primaire George Sand;093;école;ECOLE DE NIVEAU ELEMENTAIRE;Noisy-le-Sec;2015-09-01;bdnb-bc-4HGG-XRV7-LGLU;bdnb-bg-9554-AS71-VSYW;93;1182.0;5.9;Noisy-le-Sec;2014.0;;;;BRIQUES;BETON;2.0;7.0;4589.0;Tertiaire & Autres;Tertiaire;"[""COMMUNE DE NOISY LE SEC""]"
0932629C;VKJV7E77B24F;Ecole primaire George Sand;093;école;ECOLE DE NIVEAU ELEMENTAIRE;Noisy-le-Sec;2015-09-01;bdnb-bc-4H2N-AR1C-TV4D;bdnb-bg-9554-AS71-VSYW;93;32.0;8.0;Noisy-le-Sec;2014.0;;;;BRIQUES;BETON;2.0;7.0;4589.0;Tertiaire & Autres;Tertiaire;"[""COMMUNE DE NOISY LE SEC""]"
0932629C;VGQ7RBEYKE2R;Ecole primaire George Sand;093;école;ECOLE DE NIVEAU ELEMENTAIRE;Noisy-le-Sec;2015-09-01;bdnb-bc-B4T1-D6C2-GSLJ;bdnb-bg-9554-AS71-VSYW;93;146.0;4.1;Noisy-le-Sec;2014.0;;;;BRIQUES;BETON;2.0;7.0;4589.0;Tertiaire & Autres;Tertiaire;"[""COMMUNE DE NOISY LE SEC""]"
0932629C;52XFXS577VK2;Ecole primaire George Sand;093;école;ECOLE DE NIVEAU ELEMENTAIRE;Noisy-le-Sec;2015-09-01;bdnb-bc-7XGX-GPQ4-61P7;bdnb-bg-9554-AS71-VSYW;93;39.0;10.1;Noisy-le-Sec;2014.0;;;;BRIQUES;BETON;2.0;7.0;4589.0;Tertiaire & Autres;Tertiaire;"[""COMMUNE DE NOISY LE SEC""]"
0932629C;E6ASQFN25AFX;Ecole primaire George Sand;093;école;ECOLE DE NIVEAU ELEMENTAIRE;Noisy-le-Sec;2015-09-01;bdnb-bc-DN1R-3LEP-QKUL;bdnb-bg-9554-AS71-VSYW;93;161.0;5.7;Noisy-le-Sec;2014.0;;;;BRIQUES;BETON;2.0;7.0;4589.0;Tertiaire & Autres;Tertiaire;"[""COMMUNE DE NOISY LE SEC""]"
0932629C;SJ7D9NG9T65M;Ecole primaire George Sand;093;école;ECOLE DE NIVEAU ELEMENTAIRE;Noisy-le-Sec;2015-09-01;bdnb-bc-JZZZ-N1LZ-U2N5;bdnb-bg-9554-AS71-VSYW;93;31.0;6.8;Noisy-le-Sec;2014.0;;;;BRIQUES;BETON;2.0;7.0;4589.0;Tertiaire & Autres;Tertiaire;"[""COMMUNE DE NOISY LE SEC""]"
0932629C;76581N2MV9CT;Ecole primaire George Sand;093;école;ECOLE DE NIVEAU ELEMENTAIRE;Noisy-le-Sec;2015-09-01;bdnb-bc-T1T5-DD4U-JDDQ;bdnb-bg-9554-AS71-VSYW;93;27.0;4.9;Noisy-le-Sec;2014.0;;;;BRIQUES;BETON;2.0;7.0;4589.0;Tertiaire & Autres;Tertiaire;"[""COMMUNE DE NOISY LE SEC""]"
0932629C;2KZN81TKR4MS;Ecole primaire George Sand;093;école;ECOLE DE NIVEAU ELEMENTAIRE;Noisy-le-Sec;2015-09-01;bdnb-bc-8KYT-3E2E-JH4P;bdnb-bg-9554-AS71-VSYW;93;59.0;7.7;Noisy-le-Sec;2014.0;;;;BRIQUES;BETON;2.0;7.0;4589.0;Tertiaire & Autres;Tertiaire;"[""COMMUNE DE NOISY LE SEC""]"
0932629C;22HT83BNST66;Ecole primaire George Sand;093;école;ECOLE DE NIVEAU ELEMENTAIRE;Noisy-le-Sec;2015-09-01;bdnb-bc-29YJ-7UVH-72J3;bdnb-bg-9554-AS71-VSYW;93;372.0;5.9;Noisy-le-Sec;2014.0;;;;BRIQUES;BETON;2.0;7.0;4589.0;Tertiaire & Autres;Tertiaire;"[""COMMUNE DE NOISY LE SEC""]"
0932629C;CR25YV3H1CHS;Ecole primaire George Sand;093;école;ECOLE DE NIVEAU ELEMENTAIRE;Noisy-le-Sec;2015-09-01;bdnb-bc-915B-PMR3-35S3;bdnb-bg-9554-AS71-VSYW;93;45.0;5.0;Noisy-le-Sec;2014.0;;;;BRIQUES;BETON;2.0;7.0;4589.0;Tertiaire & Autres;Tertiaire;"[""COMMUNE DE NOISY LE SEC""]"
0932661M;BW8ZGTR2ZXY3;Ecole maternelle Victor Schoelcher;093;école;ECOLE MATERNELLE;Epinay-sur-Seine;2016-09-01;bdnb-bc-M6K8-4VYV-XSCH;bdnb-bg-Z5WM-XKMY-4XKB;93;647.0;7.9;Épinay-sur-Seine;2000.0;;;;INDETERMINE;INDETERMINE;1.0;8.0;647.0;Tertiaire & Autres;Tertiaire;"[""COMMUNE D EPINAY SUR SEINE""]"
0932662N;VSWVK55SY7KK;Ecole primaire Petit Prince;093;école;ECOLE DE NIVEAU ELEMENTAIRE;Saint-Ouen-sur-Seine;2016-09-01;bdnb-bc-K6HX-6QLS-RULY;bdnb-bg-TL59-8PUK-3RQS;93;2772.0;34.9;Saint-Ouen-sur-Seine;2016.0;;;;INDETERMINE;INDETERMINE;1.0;35.0;2772.0;Tertiaire & Autres;Tertiaire;"[""COMMUNE DE ST OUEN-SUR-SEINE""]"
0932667U;8CJSGYDF1EEG;Lycée polyvalent Rosa Parks;093;lycée;LYCEE POLYVALENT;Saint-Denis;2016-12-01;;;;;;;;;;;;;;;;;;
0932695Z;WMMJ1RTM5TP9;Collège Germaine Tillion;093;collège;COLLEGE;Livry-Gargan;2018-01-01;bdnb-bc-KPYQ-W6QY-9HNW;bdnb-bg-8SLG-HAL4-NURK;93;5749.0;14.7;Livry-Gargan;2018.0;;;;INDETERMINE;INDETERMINE;3.0;12.0;6018.0;Résidentiel collectif;Tertiaire;"[""DEPARTEMENT DE LA SEINE SAINT DENIS""]"
0932706L;7VZ3NXSHXRKY;Ecole élémentaire Samuel Wallis;093;école;ECOLE DE NIVEAU ELEMENTAIRE;Noisy-le-Grand;2018-09-01;bdnb-bc-55TY-3RQB-H9GJ;bdnb-bg-N4XR-JZDE-DS17;93;3660.0;19.5;Noisy-le-Grand;2018.0;;;C;INDETERMINE;INDETERMINE;1.0;20.0;3660.0;Tertiaire & Autres;Tertiaire;"[""COMMUNE DE NOISY LE GRAND""]"
0932707M;8GPQT83RKEWN;Ecole maternelle Simone Veil Noisy-le-Grand;093;école;ECOLE MATERNELLE;Noisy-le-Grand;2018-09-01;bdnb-bc-Q9VV-NMV9-46AU;bdnb-bg-LAEK-TAYP-3J3R;93;2148.0;13.1;Noisy-le-Grand;2018.0;;;C;INDETERMINE;INDETERMINE;1.0;13.0;2148.0;Tertiaire & Autres;Tertiaire;"[""COMMUNE DE NOISY LE GRAND""]"
0932708N;8GPQT83RKEWN;Ecole élémentaire Simone Veil;093;école;ECOLE DE NIVEAU ELEMENTAIRE;Noisy-le-Grand;2018-09-01;bdnb-bc-Q9VV-NMV9-46AU;bdnb-bg-LAEK-TAYP-3J3R;93;2148.0;13.1;Noisy-le-Grand;2018.0;;;C;INDETERMINE;INDETERMINE;1.0;13.0;2148.0;Tertiaire & Autres;Tertiaire;"[""COMMUNE DE NOISY LE GRAND""]"
0932719A;V111T19695FR;Ecole élémentaire Louis et Madeleine Odru;093;école;ECOLE DE NIVEAU ELEMENTAIRE;Montreuil;2018-09-01;bdnb-bc-VLJP-QJK7-PYK3;bdnb-bg-AE2B-57BL-FGV1;93;2655.0;4.3;Montreuil;;;;;INDETERMINE;INDETERMINE;1.0;4.0;2869.0;Secondaire;Tertiaire;"[""COMMUNE DE MONTREUIL""]"
0932734S;1FTDSFPXDY55;Ecole élémentaire Angela Davis;093;école;ECOLE DE NIVEAU ELEMENTAIRE;Montreuil;2019-09-01;bdnb-bc-8VX8-EJWM-PYR4;bdnb-bg-6ANG-ZGN6-8P51;93;1165.0;14.8;Montreuil;;;;;INDETERMINE;INDETERMINE;1.0;9.0;1432.0;Tertiaire & Autres;Tertiaire;"[""COMMUNE DE MONTREUIL""]"
0932873T;56ANFNH2ZNG4;Ecole maternelle Alice Guy;093;école;ECOLE MATERNELLE;Noisy-le-Sec;2023-09-01;bdnb-bc-HQKS-XPWM-G4WE;bdnb-bg-AAW1-7UJS-MS58;93;565.0;42.7;Noisy-le-Sec;1969.0;2021.0;B;;INDETERMINE;INDETERMINE;15.0;43.0;565.0;Résidentiel collectif;Résidentiel collectif;"[""ICF LA SABLIERE SA D'HLM""]"
0932873T;345E67NSZK72;Ecole maternelle Alice Guy;093;école;ECOLE MATERNELLE;Noisy-le-Sec;2023-09-01;;;;;;;;;;;;;;;;;;
0932873T;JBJYK4CGG4J5;Ecole maternelle Alice Guy;093;école;ECOLE MATERNELLE;Noisy-le-Sec;2023-09-01;bdnb-bc-AXA8-H349-7ZNP;bdnb-bg-7PKP-D4XN-8ANM;93;2583.0;14.6;Noisy-le-Sec;2014.0;;;;AGGLOMERE;BETON;1.0;15.0;2583.0;Tertiaire & Autres;Tertiaire;"[""COMMUNE DE NOISY LE SEC""]"
0932873T;SH1P81PYXK1A;Ecole maternelle Alice Guy;093;école;ECOLE MATERNELLE;Noisy-le-Sec;2023-09-01;bdnb-bc-LFKH-CMH3-RFVX;bdnb-bg-RBNZ-N9TZ-SJNG;93;543.0;5.0;Noisy-le-Sec;2023.0;2023.0;A;;INDETERMINE;INDETERMINE;7.0;;1217.0;Résidentiel collectif;Résidentiel collectif;"[""IN'LI""]"
0932873T;GKEFB67FZY6A;Ecole maternelle Alice Guy;093;école;ECOLE MATERNELLE;Noisy-le-Sec;2023-09-01;bdnb-bc-CCNS-UG4A-A7P5;bdnb-bg-L7AA-T7S2-GHQT;93;302.0;14.6;Noisy-le-Sec;;;;;;;;13.0;311.0;;Tertiaire;
0932873T;EXDVTRN14Q3G;Ecole maternelle Alice Guy;093;école;ECOLE MATERNELLE;Noisy-le-Sec;2023-09-01;;;;;;;;;;;;;;;;;;
0932873T;C67Y6BGJ519E;Ecole maternelle Alice Guy;093;école;ECOLE MATERNELLE;Noisy-le-Sec;2023-09-01;;;;;;;;;;;;;;;;;;
0932874U;M5BBTJ7P7BW9;Ecole élémentaire Andrée Chedid;093;école;ECOLE DE NIVEAU ELEMENTAIRE;Saint-Ouen-sur-Seine;2023-09-01;bdnb-bc-A1SK-23A7-X531;bdnb-bg-16VQ-JMAJ-KK7K;93;1594.0;5.0;Saint-Ouen-sur-Seine;2024.0;;;;BRIQUES;INDETERMINE;3.0;;1594.0;Tertiaire & Autres;Tertiaire;"[""COMMUNE DE ST OUEN-SUR-SEINE""]"
0932919T;EXK4VDJGK5Q6;Ecole élémentaire Jean Macé-Maurice Audin;093;école;ECOLE DE NIVEAU ELEMENTAIRE;Le Blanc-Mesnil;2024-09-01;bdnb-bc-2FZM-JHV2-H9UE;bdnb-bg-SYVF-AYPK-5RJQ;93;927.0;12.7;Le Blanc-Mesnil;1962.0;;;;BETON;BETON;3.0;8.0;6493.0;Résidentiel collectif;Tertiaire;"[""COMMUNE DE DUGNY""]"
0932974C;CX92VN4VX34E;Ecole primaire Chêne Pointu;093;école;ECOLE DE NIVEAU ELEMENTAIRE;Clichy-sous-Bois;2025-09-01;bdnb-bc-9C97-WDL2-XPQE;bdnb-bg-AHT9-GRB8-98EG;93;577.0;5.6;Clichy-sous-Bois;1650.0;;;;PIERRE;ARDOISES;2.0;6.0;577.0;Résidentiel individuel;Résidentiel individuel;"[""COMMUNE DE CLICHY-SOUS-BOIS""]"
0750362L;ESWSGPXGJTDG;Collège Beaumarchais;075;collège;COLLEGE;Paris 11e  Arrondissement;1965-05-01;bdnb-bc-XRP8-ZT7K-DUC8;bdnb-bg-WNTP-C4D9-4TVP;75;622.0;6.8;Paris 11e Arrondissement;2023.0;;;;INDETERMINE;INDETERMINE;5.0;10.0;939.0;Tertiaire & Autres;Tertiaire;"[""VILLE DE PARIS""]"
0750419Y;XHCG81ZD7P1V;Lycée professionnel Mécanique automobile Camille Jenatzy;075;lycée;LYCEE PROFESSIONNEL;Paris 18e  Arrondissement;1965-05-01;bdnb-bc-XFS3-7KPD-DR4V;bdnb-bg-Q4VH-4JFN-U7C9;75;512.0;21.6;Paris 18e Arrondissement;1950.0;;;;PIERRE;ARDOISES;4.0;9.0;4677.0;Tertiaire & Autres;Tertiaire;"[""VILLE DE PARIS""]"
0750419Y;8BD8KT73Y8YM;Lycée professionnel Mécanique automobile Camille Jenatzy;075;lycée;LYCEE PROFESSIONNEL;Paris 18e  Arrondissement;1965-05-01;bdnb-bc-XELM-WDP4-MA5W;bdnb-bg-Q4VH-4JFN-U7C9;75;95.0;3.6;Paris 18e Arrondissement;1950.0;;;;PIERRE;ARDOISES;4.0;9.0;4677.0;Tertiaire & Autres;Tertiaire;"[""VILLE DE PARIS""]"
0750419Y;62VJG9SQJWN6;Lycée professionnel Mécanique automobile Camille Jenatzy;075;lycée;LYCEE PROFESSIONNEL;Paris 18e  Arrondissement;1965-05-01;bdnb-bc-S2TQ-S4LE-PDJC;bdnb-bg-Q4VH-4JFN-U7C9;75;774.0;10.6;Paris 18e Arrondissement;1950.0;;;;PIERRE;ARDOISES;4.0;9.0;4677.0;Tertiaire & Autres;Tertiaire;"[""VILLE DE PARIS""]"
0750419Y;2JSTTK9D5ZM6;Lycée professionnel Mécanique automobile Camille Jenatzy;075;lycée;LYCEE PROFESSIONNEL;Paris 18e  Arrondissement;1965-05-01;bdnb-bc-PD1A-FQAL-NNZY;bdnb-bg-Q4VH-4JFN-U7C9;75;90.0;5.8;Paris 18e Arrondissement;1950.0;;;;PIERRE;ARDOISES;4.0;9.0;4677.0;Tertiaire & Autres;Tertiaire;"[""VILLE DE PARIS""]"
0750419Y;E8H2R95141YX;Lycée professionnel Mécanique automobile Camille Jenatzy;075;lycée;LYCEE PROFESSIONNEL;Paris 18e  Arrondissement;1965-05-01;bdnb-bc-D7JG-5DM9-3HW9;bdnb-bg-Q4VH-4JFN-U7C9;75;144.0;3.2;Paris 18e Arrondissement;1950.0;;;;PIERRE;ARDOISES;4.0;9.0;4677.0;Tertiaire & Autres;Tertiaire;"[""VILLE DE PARIS""]"
0750419Y;VDDXM5YCD8HN;Lycée professionnel Mécanique automobile Camille Jenatzy;075;lycée;LYCEE PROFESSIONNEL;Paris 18e  Arrondissement;1965-05-01;bdnb-bc-YWK7-913S-6G3Z;bdnb-bg-Q4VH-4JFN-U7C9;75;258.0;3.9;Paris 18e Arrondissement;1950.0;;;;PIERRE;ARDOISES;4.0;9.0;4677.0;Tertiaire & Autres;Tertiaire;"[""VILLE DE PARIS""]"
0750419Y;AFVRCW46MTVT;Lycée professionnel Mécanique automobile Camille Jenatzy;075;lycée;LYCEE PROFESSIONNEL;Paris 18e  Arrondissement;1965-05-01;bdnb-bc-8576-TYXQ-CM1R;bdnb-bg-Q4VH-4JFN-U7C9;75;303.0;3.3;Paris 18e Arrondissement;1950.0;;;;PIERRE;ARDOISES;4.0;9.0;4677.0;Tertiaire & Autres;Tertiaire;"[""VILLE DE PARIS""]"
0750445B;KXRB813B4CG6;Collège Alberto Giacometti;075;collège;COLLEGE;Paris 14e  Arrondissement;1965-05-01;bdnb-bc-Y6YE-1DJT-2M4A;bdnb-bg-6LJZ-PAWB-8HSZ;75;1262.0;16.1;Paris 14e Arrondissement;1993.0;;;;BETON - BRIQUES;BETON;5.0;16.0;1834.0;Tertiaire & Autres;Tertiaire;"[""VILLE DE PARIS""]"
0750502N;H3J4WDSA97S2;Lycée polyvalent Maximilien Vox-arts appliqués - design de communication - industries graphiques;075;lycée;LYCEE POLYVALENT;Paris  6e  Arrondissement;1965-05-01;bdnb-bc-4S7U-NAMP-2MRH;bdnb-bg-HACP-7DYH-S9SX;75;694.0;23.1;Paris 6e Arrondissement;1900.0;;;;PIERRE;ARDOISES;2.0;20.0;999.0;Résidentiel collectif;Tertiaire;"[""VILLE DE PARIS""]"
0750502N;XK4SFS5B2XVK;Lycée polyvalent Maximilien Vox-arts appliqués - design de communication - industries graphiques;075;lycée;LYCEE POLYVALENT;Paris  6e  Arrondissement;1965-05-01;bdnb-bc-Y8F8-DBSR-MYEB;bdnb-bg-HACP-7DYH-S9SX;75;81.0;5.0;Paris 6e Arrondissement;1900.0;;;;PIERRE;ARDOISES;2.0;20.0;999.0;Résidentiel collectif;Tertiaire;"[""VILLE DE PARIS""]"
0750502N;ZCWVVK18FBZM;Lycée polyvalent Maximilien Vox-arts appliqués - design de communication - industries graphiques;075;lycée;LYCEE POLYVALENT;Paris  6e  Arrondissement;1965-05-01;bdnb-bc-SDHD-JGKB-E6NK;bdnb-bg-HACP-7DYH-S9SX;75;223.0;17.5;Paris 6e Arrondissement;1900.0;;;;PIERRE;ARDOISES;2.0;20.0;999.0;Résidentiel collectif;Tertiaire;"[""VILLE DE PARIS""]"
0750552T;5MWQRC54ST6B;Collège Françoise Dolto;075;collège;COLLEGE;Paris 20e  Arrondissement;1965-05-01;bdnb-bc-6AKC-6B2W-G69A;bdnb-bg-AQJS-3V9G-8H2A;75;328.0;21.6;Paris 20e Arrondissement;2024.0;;;;BETON;BETON - ZINC ALUMINIUM;5.0;14.0;1895.0;Tertiaire & Autres;Tertiaire;"[""VILLE DE PARIS""]"
0750552T;RVAA7TQ6R3TN;Collège Françoise Dolto;075;collège;COLLEGE;Paris 20e  Arrondissement;1965-05-01;bdnb-bc-8119-76W3-8TG8;bdnb-bg-AQJS-3V9G-8H2A;75;466.0;10.8;Paris 20e Arrondissement;2024.0;;;;BETON;BETON - ZINC ALUMINIUM;5.0;14.0;1895.0;Tertiaire & Autres;Tertiaire;"[""VILLE DE PARIS""]"
0750552T;1Y8296XSWCFR;Collège Françoise Dolto;075;collège;COLLEGE;Paris 20e  Arrondissement;1965-05-01;bdnb-bc-4ZMZ-6VTL-FLJM;bdnb-bg-AQJS-3V9G-8H2A;75;114.0;10.8;Paris 20e Arrondissement;2024.0;;;;BETON;BETON - ZINC ALUMINIUM;5.0;14.0;1895.0;Tertiaire & Autres;Tertiaire;"[""VILLE DE PARIS""]"
0750558Z;6TMTPD5MX3PJ;Lycée polyvalent Paul Poiret;075;lycée;LYCEE POLYVALENT;Paris 11e  Arrondissement;1965-05-01;bdnb-bc-26EB-ZPQZ-UN5T;bdnb-bg-VM6M-4Z9Q-QN7Y;75;1412.0;12.3;Paris 11e Arrondissement;1960.0;;;;BETON;BETON;4.0;12.0;1467.0;Résidentiel collectif;Tertiaire;"[""VILLE DE PARIS""]"
0750558Z;9T1JA8JJ3SQR;Lycée polyvalent Paul Poiret;075;lycée;LYCEE POLYVALENT;Paris 11e  Arrondissement;1965-05-01;bdnb-bc-FVGJ-P8P3-NP8Y;bdnb-bg-VM6M-4Z9Q-QN7Y;75;55.0;5.0;Paris 11e Arrondissement;1960.0;;;;BETON;BETON;4.0;12.0;1467.0;Résidentiel collectif;Tertiaire;"[""VILLE DE PARIS""]"
0750609E;1HYHSZ3W32QV;Collège Paul Verlaine;075;collège;COLLEGE;Paris 12e  Arrondissement;1969-04-03;bdnb-bc-MDJE-9TW1-36S1;bdnb-bg-4YYN-9DWX-G1Y8;75;1446.0;15.0;Paris 12e Arrondissement;1780.0;;;;BRIQUES;BETON;5.0;8.0;1689.0;Résidentiel collectif;Tertiaire;"[""VILLE DE PARIS""]"
0750650Z;1168ES3YQZ55;Lycée polyvalent d'Alembert;075;lycée;LYCEE POLYVALENT;Paris 19e  Arrondissement;1965-05-01;bdnb-bc-RBT6-4WWB-4SFE;bdnb-bg-96J2-7R1J-UEZX;75;848.0;2.7;Paris 19e Arrondissement;1910.0;;;;PIERRE;TUILES;4.0;5.0;3218.0;Résidentiel collectif;Tertiaire;"[""VILLE DE PARIS""]"
0750652B;ZS8FR98EWW98;Lycée général Charlemagne;075;lycée;LYCEE D ENSEIGNEMENT GENERAL;Paris  4e  Arrondissement;1965-05-01;bdnb-bc-MN6J-G8RC-CBDS;bdnb-bg-7G61-UFDR-EANM;75;952.0;16.9;Paris 4e Arrondissement;1890.0;;;;BETON - AUTRES;TUILES - AUTRES;5.0;14.0;3986.0;Résidentiel collectif;Tertiaire;"[""VILLE DE PARIS""]"
0750652B;JVJKZ6NRBC5S;Lycée général Charlemagne;075;lycée;LYCEE D ENSEIGNEMENT GENERAL;Paris  4e  Arrondissement;1965-05-01;bdnb-bc-5WB9-H8KJ-XCRR;bdnb-bg-7G61-UFDR-EANM;75;817.0;15.2;Paris 4e Arrondissement;1890.0;;;;BETON - AUTRES;TUILES - AUTRES;5.0;14.0;3986.0;Résidentiel collectif;Tertiaire;"[""VILLE DE PARIS""]"
0750652B;9412M3FM3CHH;Lycée général Charlemagne;075;lycée;LYCEE D ENSEIGNEMENT GENERAL;Paris  4e  Arrondissement;1965-05-01;bdnb-bc-F1Q1-2N8Y-HE2P;bdnb-bg-7G61-UFDR-EANM;75;107.0;5.2;Paris 4e Arrondissement;1890.0;;;;BETON - AUTRES;TUILES - AUTRES;5.0;14.0;3986.0;Résidentiel collectif;Tertiaire;"[""VILLE DE PARIS""]"
0750652B;ZJ6A7MFH1X6N;Lycée général Charlemagne;075;lycée;LYCEE D ENSEIGNEMENT GENERAL;Paris  4e  Arrondissement;1965-05-01;bdnb-bc-29EL-P1PF-UDQQ;bdnb-bg-7G61-UFDR-EANM;75;144.0;12.4;Paris 4e Arrondissement;1890.0;;;;BETON - AUTRES;TUILES - AUTRES;5.0;14.0;3986.0;Résidentiel collectif;Tertiaire;"[""VILLE DE PARIS""]"
0750652B;749EAPZTGND9;Lycée général Charlemagne;075;lycée;LYCEE D ENSEIGNEMENT GENERAL;Paris  4e  Arrondissement;1965-05-01;bdnb-bc-27NC-6VRX-65AK;bdnb-bg-7G61-UFDR-EANM;75;204.0;6.4;Paris 4e Arrondissement;1890.0;;;;BETON - AUTRES;TUILES - AUTRES;5.0;14.0;3986.0;Résidentiel collectif;Tertiaire;"[""VILLE DE PARIS""]"
0750652B;Y2MY21C8DMYG;Lycée général Charlemagne;075;lycée;LYCEE D ENSEIGNEMENT GENERAL;Paris  4e  Arrondissement;1965-05-01;bdnb-bc-7JNC-LTKA-BSN5;bdnb-bg-7G61-UFDR-EANM;75;128.0;6.4;Paris 4e Arrondissement;1890.0;;;;BETON - AUTRES;TUILES - AUTRES;5.0;14.0;3986.0;Résidentiel collectif;Tertiaire;"[""VILLE DE PARIS""]"
0750652B;1JQZ4VF9135C;Lycée général Charlemagne;075;lycée;LYCEE D ENSEIGNEMENT GENERAL;Paris  4e  Arrondissement;1965-05-01;bdnb-bc-BT8D-V6M4-HDSF;bdnb-bg-7G61-UFDR-EANM;75;1468.0;24.9;Paris 4e Arrondissement;1890.0;;;;BETON - AUTRES;TUILES - AUTRES;5.0;14.0;3986.0;Résidentiel collectif;Tertiaire;"[""VILLE DE PARIS""]"
0750652B;F4Z5YGWBSMHD;Lycée général Charlemagne;075;lycée;LYCEE D ENSEIGNEMENT GENERAL;Paris  4e  Arrondissement;1965-05-01;bdnb-bc-APS8-WNX5-PU49;bdnb-bg-7G61-UFDR-EANM;75;104.0;24.9;Paris 4e Arrondissement;1890.0;;;;BETON - AUTRES;TUILES - AUTRES;5.0;14.0;3986.0;Résidentiel collectif;Tertiaire;"[""VILLE DE PARIS""]"
0750652B;9CCRYCEX516R;Lycée général Charlemagne;075;lycée;LYCEE D ENSEIGNEMENT GENERAL;Paris  4e  Arrondissement;1965-05-01;bdnb-bc-E2P5-FWG2-RZBM;bdnb-bg-7G61-UFDR-EANM;75;42.0;5.0;Paris 4e Arrondissement;1890.0;;;;BETON - AUTRES;TUILES - AUTRES;5.0;14.0;3986.0;Résidentiel collectif;Tertiaire;"[""VILLE DE PARIS""]"
0750655E;1CZZRQBP858Z;Lycée général et technologique publique Louis Le Grand;075;lycée;LYCEE ENSEIGNT GENERAL ET TECHNOLOGIQUE;Paris  5e  Arrondissement;1965-05-01;bdnb-bc-NS29-YAAX-GVRD;bdnb-bg-HWC1-1L84-LM6X;75;7160.0;15.4;Paris 5e Arrondissement;1563.0;;;;PIERRE;ARDOISES - TUILES;5.0;11.0;8529.0;Résidentiel collectif;Tertiaire;"[""REGION ILE DE FRANCE""]"
0750655E;YHZN9PJ9D25E;Lycée général et technologique publique Louis Le Grand;075;lycée;LYCEE ENSEIGNT GENERAL ET TECHNOLOGIQUE;Paris  5e  Arrondissement;1965-05-01;bdnb-bc-BU4S-5JV8-E6DT;bdnb-bg-HWC1-1L84-LM6X;75;541.0;12.5;Paris 5e Arrondissement;1563.0;;;;PIERRE;ARDOISES - TUILES;5.0;11.0;8529.0;Résidentiel collectif;Tertiaire;"[""REGION ILE DE FRANCE""]"
0750655E;BEHG5D9WPYC8;Lycée général et technologique publique Louis Le Grand;075;lycée;LYCEE ENSEIGNT GENERAL ET TECHNOLOGIQUE;Paris  5e  Arrondissement;1965-05-01;bdnb-bc-CEWQ-AEWV-6HCH;bdnb-bg-HWC1-1L84-LM6X;75;828.0;6.1;Paris 5e Arrondissement;1563.0;;;;PIERRE;ARDOISES - TUILES;5.0;11.0;8529.0;Résidentiel collectif;Tertiaire;"[""REGION ILE DE FRANCE""]"
0750657G;3YVEPS4W3VE1;Lycée général Montaigne;075;lycée;LYCEE D ENSEIGNEMENT GENERAL;Paris  6e  Arrondissement;1965-05-01;bdnb-bc-M939-AENK-YVHK;bdnb-bg-D24Z-JNSA-3N4D;75;6742.0;21.3;Paris 6e Arrondissement;1800.0;;F;;INDETERMINE;INDETERMINE;7.0;17.0;6829.0;Résidentiel collectif;Tertiaire;"[""LYCEE GENERAL SAINT-LOUIS""]"
0750667T;GE8MF9Q6SR4G;Lycée général Condorcet;075;lycée;LYCEE D ENSEIGNEMENT GENERAL;Paris  9e  Arrondissement;1965-05-01;bdnb-bc-DTP8-QGXP-T46V;bdnb-bg-FVAV-FAVB-CJFP;75;2844.0;17.4;Paris 9e Arrondissement;1850.0;;;;PIERRE;ZINC ALUMINIUM;4.0;13.0;2928.0;Résidentiel collectif;Tertiaire;"[""VILLE DE PARIS"", ""ENEDIS"", ""ERDF AGENCE COMPTABLE TULLE""]"
0750674A;5426WQ154MB7;Lycée technologique Jules Siegfried;075;lycée;LYCEE D ENSEIGNEMENT TECHNOLOGIQUE;Paris 10e  Arrondissement;1965-05-01;bdnb-bc-T597-BWWS-UPST;bdnb-bg-UBMU-HEVG-NVYL;75;870.0;22.1;Paris 10e Arrondissement;;;;;INDETERMINE;INDETERMINE;4.0;22.0;870.0;Résidentiel collectif;Tertiaire;"[""VILLE DE PARIS""]"
0750689S;ZYD4HET82NDT;Lycée général et technologique Paul Bert;075;lycée;LYCEE ENSEIGNT GENERAL ET TECHNOLOGIQUE;Paris 14e  Arrondissement;1965-05-01;bdnb-bc-2BJM-NUZQ-S7ZH;bdnb-bg-NB1A-4E29-EZDM;75;3536.0;19.0;Paris 6e Arrondissement;1850.0;;F;C;INDETERMINE;INDETERMINE;7.0;16.0;4490.0;Tertiaire & Autres;Tertiaire;"[""ASSO IMMOB NOTRE DAME DES CHAMPS""]"
0750692V;FGV7EA8C81SJ;Lycée général et technologique Emile Dubois;075;lycée;LYCEE ENSEIGNT GENERAL ET TECHNOLOGIQUE;Paris 14e  Arrondissement;1965-05-01;bdnb-bc-G9XN-9V8W-513B;bdnb-bg-QDSD-WQXK-CW7T;75;962.0;20.5;Paris 14e Arrondissement;1908.0;;;;PIERRE;TUILES;5.0;14.0;1314.0;Résidentiel collectif;Tertiaire;"[""VILLE DE PARIS""]"
0750702F;V5C2YQP9DZBC;Lycée général et technologique Jean de La Fontaine;075;lycée;LYCEE ENSEIGNT GENERAL ET TECHNOLOGIQUE;Paris 16e  Arrondissement;1965-05-01;bdnb-bc-YKZ3-S752-LNH4;bdnb-bg-PUQP-MLYU-8BE6;75;2743.0;27.9;Paris 16e Arrondissement;1937.0;;;;BETON;BETON;7.0;17.0;3527.0;Tertiaire & Autres;Tertiaire;"[""MINISTERE DE L'EDUCATION NATIONALE  DE L'ENSEIGNEMENT SUPERI"", ""LYCEE GENERAL ET TECHNOLOGIQUE JEAN DE LA FONTAINE"", ""ENEDIS"", ""ETAT PAR DIRECTION DE L IMMOBILIER DE L ETAT""]"
0750702F;ESSF475FXY3K;Lycée général et technologique Jean de La Fontaine;075;lycée;LYCEE ENSEIGNT GENERAL ET TECHNOLOGIQUE;Paris 16e  Arrondissement;1965-05-01;bdnb-bc-T2C3-NTJG-RV3L;bdnb-bg-PUQP-MLYU-8BE6;75;784.0;6.6;Paris 16e Arrondissement;1937.0;;;;BETON;BETON;7.0;17.0;3527.0;Tertiaire & Autres;Tertiaire;"[""MINISTERE DE L'EDUCATION NATIONALE  DE L'ENSEIGNEMENT SUPERI"", ""LYCEE GENERAL ET TECHNOLOGIQUE JEAN DE LA FONTAINE"", ""ENEDIS"", ""ETAT PAR DIRECTION DE L IMMOBILIER DE L ETAT""]"
0750705J;GEV2WPTXBGZV;Lycée général et technologique Honoré de Balzac;075;lycée;LYCEE ENSEIGNT GENERAL ET TECHNOLOGIQUE;Paris 17e  Arrondissement;1965-05-01;bdnb-bc-VTB3-KV5M-84SA;bdnb-bg-SBS1-AMFD-28TW;75;917.0;12.5;Paris 17e Arrondissement;1990.0;;;;INDETERMINE;INDETERMINE;1.0;13.0;917.0;Tertiaire & Autres;Tertiaire;"[""VILLE DE PARIS"", ""FONDS SOCIAL JUIF UNIFIE""]"
0750711R;YGD16ZPMFDD4;Lycée général et technologique Henri Bergson;075;lycée;LYCEE ENSEIGNT GENERAL ET TECHNOLOGIQUE;Paris 19e  Arrondissement;1965-05-01;bdnb-bc-WK9B-5WGX-5UBL;bdnb-bg-Q3CJ-G7QN-NQKP;75;4067.0;14.6;Paris 19e Arrondissement;1967.0;1974.0;;;BRIQUES;BETON;7.0;15.0;4202.0;Résidentiel collectif;Tertiaire;"[""REGION ILE DE FRANCE"", ""ETAT PAR DIRECTION DE L IMMOBILIER DE L ETAT""]"
0750712S;DHYNF5V6Z1HJ;Lycée polyvalent Diderot - Lycée des métiers de l'ingénierie industrielle et de l'horlogerie;075;lycée;LYCEE POLYVALENT;Paris 19e  Arrondissement;1965-05-01;bdnb-bc-3M1X-CWWP-5DKQ;bdnb-bg-2QX8-GQXF-ZSKH;75;699.0;9.1;Paris 19e Arrondissement;1995.0;2008.0;D;;INDETERMINE;INDETERMINE;8.0;20.0;5941.0;Résidentiel collectif;Tertiaire;"[""REGION ILE DE FRANCE""]"
0750712S;XSCKGPHWABZQ;Lycée polyvalent Diderot - Lycée des métiers de l'ingénierie industrielle et de l'horlogerie;075;lycée;LYCEE POLYVALENT;Paris 19e  Arrondissement;1965-05-01;bdnb-bc-NGG7-C7DE-867U;bdnb-bg-KYV2-C5S7-AVF7;75;234.0;7.1;Paris 19e Arrondissement;;;;;;;;7.0;234.0;;Tertiaire;
0750712S;WX3Q41ZBTGJA;Lycée polyvalent Diderot - Lycée des métiers de l'ingénierie industrielle et de l'horlogerie;075;lycée;LYCEE POLYVALENT;Paris 19e  Arrondissement;1965-05-01;bdnb-bc-R1TT-RPJN-9E8Q;bdnb-bg-2QX8-GQXF-ZSKH;75;138.0;25.7;Paris 19e Arrondissement;1995.0;2008.0;D;;INDETERMINE;INDETERMINE;8.0;20.0;5941.0;Résidentiel collectif;Tertiaire;"[""REGION ILE DE FRANCE""]"
0750770E;H5B9NJTBPFQB;Lycée professionnel Abbé Grégoire;075;lycée;LYCEE PROFESSIONNEL;Paris  3e  Arrondissement;1965-05-01;bdnb-bc-BW5Y-JG28-FDG4;bdnb-bg-VS76-299C-Q2Q2;75;494.0;12.6;Paris 3e Arrondissement;;;;;;;;13.0;494.0;;Tertiaire;
0750778N;QZDVQQ9HHJYE;Lycée Professionnel Turquetil;075;lycée;LYCEE PROFESSIONNEL;Paris 11e  Arrondissement;1965-05-01;bdnb-bc-HZ9A-MXWD-Y7AS;bdnb-bg-3TLC-EF28-JNHC;75;1035.0;19.2;Paris 11e Arrondissement;;;;;INDETERMINE;INDETERMINE;4.0;13.0;1243.0;Résidentiel collectif;Tertiaire;"[""REGION ILE DE FRANCE""]"
0750808W;XHPFVPX1KAJ6;Lycée professionnel Etienne Dolet;075;lycée;LYCEE PROFESSIONNEL;Paris 20e  Arrondissement;1965-05-01;bdnb-bc-CZYT-A114-Q87R;bdnb-bg-AQX9-Y5GU-T8TN;75;100.0;17.3;Paris 20e Arrondissement;;;;;;;;17.0;483.0;;Tertiaire;
0750814C;6QZC9G9C7DTJ;E.E.PU AMPERE C 18 rue Ampère;075;école;ECOLE DE NIVEAU ELEMENTAIRE;Paris 17e  Arrondissement;1965-05-01;bdnb-bc-H6G7-W1DJ-EKY5;bdnb-bg-45H3-K62E-4GJX;75;2856.0;13.4;Paris 17e Arrondissement;1900.0;;;;PIERRE;ZINC ALUMINIUM;6.0;6.0;3459.0;Tertiaire & Autres;Tertiaire;"[""VILLE DE PARIS""]"
0750819H;NPX73ZGKQ64K;E.E.PU ARMAND CARREL 43 rue Armand Carrel;075;école;ECOLE DE NIVEAU ELEMENTAIRE;Paris 19e  Arrondissement;1965-05-01;bdnb-bc-KXG1-YU3W-8PUG;bdnb-bg-VJXY-XWM3-HSEF;75;1553.0;15.3;Paris 19e Arrondissement;2023.0;;;;INDETERMINE;INDETERMINE;4.0;7.0;2458.0;Tertiaire & Autres;Tertiaire;"[""VILLE DE PARIS""]"
0750819H;R5T2NXSNQT9G;E.E.PU ARMAND CARREL 43 rue Armand Carrel;075;école;ECOLE DE NIVEAU ELEMENTAIRE;Paris 19e  Arrondissement;1965-05-01;bdnb-bc-Z1LY-ZQQV-AMDD;bdnb-bg-VJXY-XWM3-HSEF;75;256.0;4.2;Paris 19e Arrondissement;2023.0;;;;INDETERMINE;INDETERMINE;4.0;7.0;2458.0;Tertiaire & Autres;Tertiaire;"[""VILLE DE PARIS""]"
0750820J;64CXQ41Z9WRW;E.E.PU ASSELINE 7 rue Asseline;075;école;ECOLE DE NIVEAU ELEMENTAIRE;Paris 14e  Arrondissement;1965-05-01;bdnb-bc-P1K4-45R9-9J5V;bdnb-bg-V6YN-52R8-ZTMP;75;409.0;19.7;Paris 14e Arrondissement;1898.0;;;;MEULIERE;ZINC ALUMINIUM;2.0;10.0;645.0;Résidentiel collectif;Tertiaire;"[""VILLE DE PARIS""]"
0750820J;NYR8WJBR8CZZ;E.E.PU ASSELINE 7 rue Asseline;075;école;ECOLE DE NIVEAU ELEMENTAIRE;Paris 14e  Arrondissement;1965-05-01;bdnb-bc-JYCK-BT8Y-U2XJ;bdnb-bg-V6YN-52R8-ZTMP;75;130.0;8.7;Paris 14e Arrondissement;1898.0;;;;MEULIERE;ZINC ALUMINIUM;2.0;10.0;645.0;Résidentiel collectif;Tertiaire;"[""VILLE DE PARIS""]"
0750820J;KT85NZKFRB5A;E.E.PU ASSELINE 7 rue Asseline;075;école;ECOLE DE NIVEAU ELEMENTAIRE;Paris 14e  Arrondissement;1965-05-01;bdnb-bc-3QPD-MGCX-VHKC;bdnb-bg-V6YN-52R8-ZTMP;75;21.0;4.1;Paris 14e Arrondissement;1898.0;;;;MEULIERE;ZINC ALUMINIUM;2.0;10.0;645.0;Résidentiel collectif;Tertiaire;"[""VILLE DE PARIS""]"
0750820J;5ED3HHRMRFZ3;E.E.PU ASSELINE 7 rue Asseline;075;école;ECOLE DE NIVEAU ELEMENTAIRE;Paris 14e  Arrondissement;1965-05-01;bdnb-bc-G125-Q26U-1LZQ;bdnb-bg-V6YN-52R8-ZTMP;75;85.0;5.5;Paris 14e Arrondissement;1898.0;;;;MEULIERE;ZINC ALUMINIUM;2.0;10.0;645.0;Résidentiel collectif;Tertiaire;"[""VILLE DE PARIS""]"
0750823M;JJ71553JNNCP;E.E.PU BAUDRICOURT EA 53 rue Baudricourt;075;école;ECOLE DE NIVEAU ELEMENTAIRE;Paris 13e  Arrondissement;1965-05-01;bdnb-bc-HSTN-NZ28-2MJA;bdnb-bg-Q8U1-NYRL-8T3K;75;1109.0;20.2;Paris 13e Arrondissement;;;;;BRIQUES - PIERRE;INDETERMINE;3.0;20.0;1109.0;Tertiaire & Autres;Tertiaire;"[""VILLE DE PARIS""]"
0750824N;91TMXFJND84W;E.E.PU FRANCOIS JACOB - Ecole polyvalente 3 impasse des Belles Feuilles;075;école;ECOLE DE NIVEAU ELEMENTAIRE;Paris 16e  Arrondissement;1965-05-01;bdnb-bc-94XK-5SFV-UJ9Z;bdnb-bg-4NC8-USEC-NUSF;75;760.0;15.4;Paris 16e Arrondissement;2023.0;;;;BRIQUES - PIERRE;ARDOISES - ZINC ALUMINIUM;3.0;9.0;1199.0;Tertiaire & Autres;Tertiaire;"[""VILLE DE PARIS""]"
0750825P;ZX2555CSM9ZA;E.E.PU BELLEVILLE EA 77 boulevard de Belleville;075;école;ECOLE DE NIVEAU ELEMENTAIRE;Paris 11e  Arrondissement;1965-05-01;;;;;;;;;;;;;;;;;;
0750841G;6BGQZS5K2BD5;E.E.A.PU BRECHE AUX LOUPS 18 rue de la Brèche aux Loups;075;école;ECOLE ELEMENTAIRE D APPLICATION;Paris 12e  Arrondissement;1965-05-01;bdnb-bc-DB5J-8M2J-YX7K;bdnb-bg-JGUM-8GA4-72MX;75;2423.0;15.8;Paris 12e Arrondissement;1927.0;;;;BRIQUES - PIERRE;TUILES;4.0;9.0;3352.0;Résidentiel collectif;Tertiaire;"[""VILLE DE PARIS""]"
0750862E;E3B7FRCKYXWB;E.E.PU COMPANS 106 rue Compans;075;école;ECOLE DE NIVEAU ELEMENTAIRE;Paris 19e  Arrondissement;1965-05-01;bdnb-bc-EKPL-RJT3-MMLK;bdnb-bg-YZKH-SYTV-S5RT;75;1095.0;15.0;Paris 19e Arrondissement;2023.0;;;;INDETERMINE;INDETERMINE;5.0;9.0;1862.0;Tertiaire & Autres;Tertiaire;"[""VILLE DE PARIS""]"
0750891L;BVCAJWEEB9SM;E.E.PU FROMENT 13 rue Froment;075;école;ECOLE DE NIVEAU ELEMENTAIRE;Paris 11e  Arrondissement;1965-05-01;bdnb-bc-29C6-MRR9-NGG5;bdnb-bg-1CMM-QP6H-Y8Y4;75;362.0;6.2;Paris 11e Arrondissement;1866.0;;;;PIERRE;ARDOISES;4.0;10.0;1309.0;Résidentiel collectif;Tertiaire;"[""VILLE DE PARIS"", ""ENEDIS""]"
0750893N;C76TS2W43C2T;E.E.PU GENERAL LASALLE 1 rue du Général Lasalle;075;école;ECOLE DE NIVEAU ELEMENTAIRE;Paris 19e  Arrondissement;1965-05-01;bdnb-bc-GZE1-E1GH-MLNW;bdnb-bg-4HJ2-D2XA-3PNJ;75;618.0;20.7;Paris 19e Arrondissement;2023.0;;;;INDETERMINE;INDETERMINE;3.0;11.0;975.0;Tertiaire & Autres;Tertiaire;"[""VILLE DE PARIS""]"
0750893N;2ZYQCTQQ4A2Q;E.E.PU GENERAL LASALLE 1 rue du Général Lasalle;075;école;ECOLE DE NIVEAU ELEMENTAIRE;Paris 19e  Arrondissement;1965-05-01;bdnb-bc-FLE3-UMAR-H88Q;bdnb-bg-4HJ2-D2XA-3PNJ;75;139.0;3.7;Paris 19e Arrondissement;2023.0;;;;INDETERMINE;INDETERMINE;3.0;11.0;975.0;Tertiaire & Autres;Tertiaire;"[""VILLE DE PARIS""]"
0750893N;FQRBZ8EP726B;E.E.PU GENERAL LASALLE 1 rue du Général Lasalle;075;école;ECOLE DE NIVEAU ELEMENTAIRE;Paris 19e  Arrondissement;1965-05-01;bdnb-bc-QFMQ-X4X7-5TKQ;bdnb-bg-4HJ2-D2XA-3PNJ;75;218.0;8.1;Paris 19e Arrondissement;2023.0;;;;INDETERMINE;INDETERMINE;3.0;11.0;975.0;Tertiaire & Autres;Tertiaire;"[""VILLE DE PARIS""]"
0750911H;FJABVZ8772FY;E.E.PU JOSEPH DE MAISTRE H 29 rue Joseph de Maistre;075;école;ECOLE DE NIVEAU ELEMENTAIRE;Paris 18e  Arrondissement;1965-05-01;bdnb-bc-TYHZ-PHT2-PJRR;bdnb-bg-WFH9-GQDN-XH54;75;518.0;19.2;Paris 18e Arrondissement;1920.0;;;;MEULIERE;ZINC ALUMINIUM;3.0;9.0;2454.0;Tertiaire & Autres;Tertiaire;"[""VILLE DE PARIS"", ""ENEDIS""]"
0750911H;HB9G3DRNC1WC;E.E.PU JOSEPH DE MAISTRE H 29 rue Joseph de Maistre;075;école;ECOLE DE NIVEAU ELEMENTAIRE;Paris 18e  Arrondissement;1965-05-01;bdnb-bc-VN8N-Q8MH-VLJ1;bdnb-bg-WFH9-GQDN-XH54;75;63.0;5.0;Paris 18e Arrondissement;1920.0;;;;MEULIERE;ZINC ALUMINIUM;3.0;9.0;2454.0;Tertiaire & Autres;Tertiaire;"[""VILLE DE PARIS"", ""ENEDIS""]"
0750911H;TPY7SMYC87JS;E.E.PU JOSEPH DE MAISTRE H 29 rue Joseph de Maistre;075;école;ECOLE DE NIVEAU ELEMENTAIRE;Paris 18e  Arrondissement;1965-05-01;bdnb-bc-2WVU-FJBB-B9G7;bdnb-bg-WFH9-GQDN-XH54;75;484.0;18.3;Paris 18e Arrondissement;1920.0;;;;MEULIERE;ZINC ALUMINIUM;3.0;9.0;2454.0;Tertiaire & Autres;Tertiaire;"[""VILLE DE PARIS"", ""ENEDIS""]"
0750916N;Z77Q5RS9W2ES;E.E.PU LACORDAIRE 7 rue Lacordaire;075;école;ECOLE DE NIVEAU ELEMENTAIRE;Paris 15e  Arrondissement;1965-05-01;bdnb-bc-T76A-96VP-YFHC;bdnb-bg-2BKW-X9U8-RFKN;75;1080.0;13.7;Paris 15e Arrondissement;1988.0;;;;PIERRE;TUILES;4.0;8.0;2698.0;Résidentiel collectif;Tertiaire;"[""VILLE DE PARIS""]"
0750926Z;T5JPY31NNW4A;E.E.PU CECILE ROL-TANGUY - Ecole élémentaire 20 rue Le Vau;075;école;ECOLE DE NIVEAU ELEMENTAIRE;Paris 20e  Arrondissement;1965-05-01;bdnb-bc-AUJM-5EBK-7Y8J;bdnb-bg-DTA2-68AE-43AY;75;2969.0;17.0;Paris 20e Arrondissement;1976.0;;;;BETON - AUTRES;BETON - AUTRES;4.0;11.0;3073.0;Tertiaire & Autres;Tertiaire;"[""VILLE DE PARIS""]"
0750926Z;ACJY78CX37E5;E.E.PU CECILE ROL-TANGUY - Ecole élémentaire 20 rue Le Vau;075;école;ECOLE DE NIVEAU ELEMENTAIRE;Paris 20e  Arrondissement;1965-05-01;bdnb-bc-N7Z5-G9BP-RCV4;bdnb-bg-PH82-Q4JC-1CQ3;75;107.0;9.2;Paris 20e Arrondissement;;;;;;;;8.0;925.0;;Tertiaire;
0750926Z;Z53Z1QJHNJ3Y;E.E.PU CECILE ROL-TANGUY - Ecole élémentaire 20 rue Le Vau;075;école;ECOLE DE NIVEAU ELEMENTAIRE;Paris 20e  Arrondissement;1965-05-01;bdnb-bc-94GF-6BYV-4VBU;bdnb-bg-DTA2-68AE-43AY;75;105.0;4.8;Paris 20e Arrondissement;1976.0;;;;BETON - AUTRES;BETON - AUTRES;4.0;11.0;3073.0;Tertiaire & Autres;Tertiaire;"[""VILLE DE PARIS""]"
0750929C;MA1Q5X8EP9QB;E.E.PU LOUIS BLANC C 49 bis rue Louis Blanc;075;école;ECOLE DE NIVEAU ELEMENTAIRE;Paris 10e  Arrondissement;1965-05-01;bdnb-bc-6U1G-BNAL-N1C6;bdnb-bg-EZLM-G9NL-W8LE;75;915.0;26.6;Paris 10e Arrondissement;2023.0;;;;INDETERMINE;INDETERMINE;4.0;18.0;1167.0;Tertiaire & Autres;Tertiaire;"[""VILLE DE PARIS""]"
0750933G;389MRGFRFP1D;E.E.PU MARTEL 9 rue Martel;075;école;ECOLE DE NIVEAU ELEMENTAIRE;Paris 10e  Arrondissement;1965-05-01;bdnb-bc-4W6Q-3HXB-CQPW;bdnb-bg-CRRW-C472-BK2S;75;263.0;6.6;Paris 10e Arrondissement;1883.0;;;;PIERRE;TUILES;3.0;13.0;1589.0;Tertiaire & Autres;Tertiaire;"[""VILLE DE PARIS""]"
0750933G;TR7FFSRDZHTK;E.E.PU MARTEL 9 rue Martel;075;école;ECOLE DE NIVEAU ELEMENTAIRE;Paris 10e  Arrondissement;1965-05-01;bdnb-bc-RBWQ-VMWJ-TZ75;bdnb-bg-CRRW-C472-BK2S;75;313.0;18.5;Paris 10e Arrondissement;1883.0;;;;PIERRE;TUILES;3.0;13.0;1589.0;Tertiaire & Autres;Tertiaire;"[""VILLE DE PARIS""]"
0750933G;5R4WVZZ3FTXW;E.E.PU MARTEL 9 rue Martel;075;école;ECOLE DE NIVEAU ELEMENTAIRE;Paris 10e  Arrondissement;1965-05-01;bdnb-bc-4YYE-CCL2-2PPB;bdnb-bg-CRRW-C472-BK2S;75;36.0;5.0;Paris 10e Arrondissement;1883.0;;;;PIERRE;TUILES;3.0;13.0;1589.0;Tertiaire & Autres;Tertiaire;"[""VILLE DE PARIS""]"
0750933G;P3Z4ETJPX8VD;E.E.PU MARTEL 9 rue Martel;075;école;ECOLE DE NIVEAU ELEMENTAIRE;Paris 10e  Arrondissement;1965-05-01;bdnb-bc-NSTW-S5Y5-ZLYG;bdnb-bg-CRRW-C472-BK2S;75;58.0;8.4;Paris 10e Arrondissement;1883.0;;;;PIERRE;TUILES;3.0;13.0;1589.0;Tertiaire & Autres;Tertiaire;"[""VILLE DE PARIS""]"
0750933G;D3GTHBTWRH2T;E.E.PU MARTEL 9 rue Martel;075;école;ECOLE DE NIVEAU ELEMENTAIRE;Paris 10e  Arrondissement;1965-05-01;bdnb-bc-D35M-ADUU-DD7M;bdnb-bg-CRRW-C472-BK2S;75;536.0;8.4;Paris 10e Arrondissement;1883.0;;;;PIERRE;TUILES;3.0;13.0;1589.0;Tertiaire & Autres;Tertiaire;"[""VILLE DE PARIS""]"
0750933G;G4H9PV4SWXBC;E.E.PU MARTEL 9 rue Martel;075;école;ECOLE DE NIVEAU ELEMENTAIRE;Paris 10e  Arrondissement;1965-05-01;bdnb-bc-NFBN-RZHH-VTEU;bdnb-bg-CRRW-C472-BK2S;75;311.0;18.8;Paris 10e Arrondissement;1883.0;;;;PIERRE;TUILES;3.0;13.0;1589.0;Tertiaire & Autres;Tertiaire;"[""VILLE DE PARIS""]"
0750933G;CN4F34GTYP9J;E.E.PU MARTEL 9 rue Martel;075;école;ECOLE DE NIVEAU ELEMENTAIRE;Paris 10e  Arrondissement;1965-05-01;bdnb-bc-S8D1-7ZT8-J6V4;bdnb-bg-CRRW-C472-BK2S;75;54.0;8.4;Paris 10e Arrondissement;1883.0;;;;PIERRE;TUILES;3.0;13.0;1589.0;Tertiaire & Autres;Tertiaire;"[""VILLE DE PARIS""]"
0750945V;AJRG51ZBK56G;E.P.PU MOUSSY 9 rue de Moussy;075;école;ECOLE DE NIVEAU ELEMENTAIRE;Paris  4e  Arrondissement;1965-05-01;bdnb-bc-1S6E-WCGF-TN1E;bdnb-bg-ZY4F-K732-2QK4;75;771.0;13.6;Paris 4e Arrondissement;1880.0;;;;BRIQUES - PIERRE;ZINC ALUMINIUM;3.0;11.0;852.0;Tertiaire & Autres;Tertiaire;"[""VILLE DE PARIS""]"
0750945V;BTTQQKBD39JP;E.P.PU MOUSSY 9 rue de Moussy;075;école;ECOLE DE NIVEAU ELEMENTAIRE;Paris  4e  Arrondissement;1965-05-01;bdnb-bc-9CZW-8KJS-RFQP;bdnb-bg-ZY4F-K732-2QK4;75;80.0;8.1;Paris 4e Arrondissement;1880.0;;;;BRIQUES - PIERRE;ZINC ALUMINIUM;3.0;11.0;852.0;Tertiaire & Autres;Tertiaire;"[""VILLE DE PARIS""]"
0750946W;Z2JCS2YTDMKQ;E.E.A.PU MUSSET 20 rue de Musset;075;école;ECOLE ELEMENTAIRE D APPLICATION;Paris 16e  Arrondissement;1965-05-01;bdnb-bc-M4HD-KQSK-6XRV;bdnb-bg-F24W-9VSQ-2K5E;75;39.0;5.0;Paris 16e Arrondissement;2023.0;;;;BRIQUES - PIERRE;INDETERMINE;3.0;6.0;780.0;Tertiaire & Autres;Tertiaire;"[""VILLE DE PARIS""]"
0750946W;29SNG2PJDMC2;E.E.A.PU MUSSET 20 rue de Musset;075;école;ECOLE ELEMENTAIRE D APPLICATION;Paris 16e  Arrondissement;1965-05-01;bdnb-bc-DF55-CMCA-EDWL;bdnb-bg-F24W-9VSQ-2K5E;75;121.0;3.3;Paris 16e Arrondissement;2023.0;;;;BRIQUES - PIERRE;INDETERMINE;3.0;6.0;780.0;Tertiaire & Autres;Tertiaire;"[""VILLE DE PARIS""]"
0750946W;J5C7Y7XQWGVN;E.E.A.PU MUSSET 20 rue de Musset;075;école;ECOLE ELEMENTAIRE D APPLICATION;Paris 16e  Arrondissement;1965-05-01;bdnb-bc-1PT8-5PXM-T8LK;bdnb-bg-F24W-9VSQ-2K5E;75;117.0;2.2;Paris 16e Arrondissement;2023.0;;;;BRIQUES - PIERRE;INDETERMINE;3.0;6.0;780.0;Tertiaire & Autres;Tertiaire;"[""VILLE DE PARIS""]"
0750946W;J4G6TC86BM8G;E.E.A.PU MUSSET 20 rue de Musset;075;école;ECOLE ELEMENTAIRE D APPLICATION;Paris 16e  Arrondissement;1965-05-01;bdnb-bc-6AK5-35ZY-USFD;bdnb-bg-F24W-9VSQ-2K5E;75;402.0;14.6;Paris 16e Arrondissement;2023.0;;;;BRIQUES - PIERRE;INDETERMINE;3.0;6.0;780.0;Tertiaire & Autres;Tertiaire;"[""VILLE DE PARIS""]"
0750947X;SAZ4VJ32NBKN;E.E.PU NEUVE ST PIERRE 15 rue Neuve Saint Pierre;075;école;ECOLE DE NIVEAU ELEMENTAIRE;Paris  4e  Arrondissement;1965-05-01;bdnb-bc-Q1M4-AY7X-GRKY;bdnb-bg-8Z3L-7XJ9-B1CW;75;648.0;10.1;Paris 4e Arrondissement;2023.0;;;;BETON - BRIQUES;BETON - ZINC ALUMINIUM;4.0;14.0;1318.0;Tertiaire & Autres;Tertiaire;"[""VILLE DE PARIS""]"
0750957H;QR33ANRHC9T7;E.E.PU BELLEVILLE H 236 rue de Belleville;075;école;ECOLE DE NIVEAU ELEMENTAIRE;Paris 20e  Arrondissement;1965-05-01;bdnb-bc-TCT3-R5MA-E7VK;bdnb-bg-R9AX-Z8AW-EXMN;75;26.0;3.0;Paris 19e Arrondissement;;;;;;;;;26.0;;;
0750965S;MQBZ8PZTGH93;E.E.PU PIERRE LAROUSSE 28 rue Pierre Larousse;075;école;ECOLE DE NIVEAU ELEMENTAIRE;Paris 14e  Arrondissement;1965-05-01;bdnb-bc-TNBH-7H88-ALS9;bdnb-bg-KFYK-VXV5-5RZU;75;728.0;17.0;Paris 14e Arrondissement;1913.0;;;;MEULIERE - PIERRE;TUILES;4.0;11.0;854.0;Résidentiel collectif;Tertiaire;"[""VILLE DE PARIS""]"
0750965S;G5RA52VXZ7AR;E.E.PU PIERRE LAROUSSE 28 rue Pierre Larousse;075;école;ECOLE DE NIVEAU ELEMENTAIRE;Paris 14e  Arrondissement;1965-05-01;bdnb-bc-3G1M-XYXP-MVT6;bdnb-bg-KFYK-VXV5-5RZU;75;125.0;5.8;Paris 14e Arrondissement;1913.0;;;;MEULIERE - PIERRE;TUILES;4.0;11.0;854.0;Résidentiel collectif;Tertiaire;"[""VILLE DE PARIS""]"
0750966T;HRTJWQJ2PZ35;E.E.PU PIHET 1 rue Pihet;075;école;ECOLE DE NIVEAU ELEMENTAIRE;Paris 11e  Arrondissement;1965-05-01;bdnb-bc-1EDV-XE5Z-F1ZQ;bdnb-bg-XSDH-WF4L-2B8T;75;87.0;8.1;Paris 11e Arrondissement;1860.0;;;;BRIQUES - PIERRE;ZINC ALUMINIUM;5.0;10.0;979.0;Résidentiel collectif;Tertiaire;"[""VILLE DE PARIS""]"
0750966T;PV3XAFGZC3CN;E.E.PU PIHET 1 rue Pihet;075;école;ECOLE DE NIVEAU ELEMENTAIRE;Paris 11e  Arrondissement;1965-05-01;bdnb-bc-KSLV-WPPL-NR69;bdnb-bg-XSDH-WF4L-2B8T;75;692.0;13.5;Paris 11e Arrondissement;1860.0;;;;BRIQUES - PIERRE;ZINC ALUMINIUM;5.0;10.0;979.0;Résidentiel collectif;Tertiaire;"[""VILLE DE PARIS""]"
0750976D;CXWFWGD4SDTR;E.E.PU PROVIDENCE EA 5 rue de la Providence;075;école;ECOLE DE NIVEAU ELEMENTAIRE;Paris 13e  Arrondissement;1965-05-01;bdnb-bc-WNMA-U1GV-6C1N;bdnb-bg-85CV-2SUC-L5E2;75;514.0;17.7;Paris 13e Arrondissement;1912.0;;;;BRIQUES;TUILES;4.0;11.0;2115.0;Résidentiel collectif;Tertiaire;"[""VILLE DE PARIS""]"
0750977E;EEJJAYYHNZCQ;E.E.PU PYRENEES EA 293 rue des Pyrénées;075;école;ECOLE DE NIVEAU ELEMENTAIRE;Paris 20e  Arrondissement;1965-05-01;bdnb-bc-3VDK-WAX7-4SW4;bdnb-bg-4Y81-R8XF-ZU5D;75;934.0;20.0;Paris 20e Arrondissement;2024.0;;;;INDETERMINE;INDETERMINE;1.0;15.0;1569.0;Tertiaire & Autres;Tertiaire;"[""VILLE DE PARIS""]"
0750983L;JRC5N3R7DR31;E.E.PU RIBLETTE EA 16 rue Riblette;075;école;ECOLE DE NIVEAU ELEMENTAIRE;Paris 20e  Arrondissement;1965-05-01;bdnb-bc-EHHW-84CC-HUMT;bdnb-bg-KZM2-DUYR-3UMK;75;2143.0;8.9;Paris 20e Arrondissement;2024.0;;;;INDETERMINE;INDETERMINE;3.0;6.0;2296.0;Tertiaire & Autres;Tertiaire;"[""VILLE DE PARIS""]"
0750984M;VVQ8MNRA7419;E.E.PU REUILLY EA 57 rue de Reuilly;075;école;ECOLE DE NIVEAU ELEMENTAIRE;Paris 12e  Arrondissement;1965-05-01;bdnb-bc-TV4C-GN83-LBRF;bdnb-bg-H5AA-SBTW-HUJE;75;1984.0;8.3;Paris 12e Arrondissement;2012.0;;;;INDETERMINE;INDETERMINE;4.0;15.0;6390.0;Tertiaire & Autres;Tertiaire;"[""VILLE DE PARIS"", ""ENEDIS""]"
0750986P;S9H213TN9SPP;E.P.PU ROBERT ESTIENNE 8 rue Robert Estienne;075;école;ECOLE DE NIVEAU ELEMENTAIRE;Paris  8e  Arrondissement;1965-05-01;bdnb-bc-E8Z8-DCWB-NPBF;bdnb-bg-57PP-9NZH-AH8P;75;653.0;20.6;Paris 8e Arrondissement;1920.0;;;;BRIQUES - PIERRE;ARDOISES - TUILES;4.0;18.0;1185.0;Tertiaire & Autres;Tertiaire;"[""VILLE DE PARIS""]"
0750988S;PNF32VPZN7HJ;E.E.PU ROMAINVILLE EA 57 rue de Romainville;075;école;ECOLE DE NIVEAU ELEMENTAIRE;Paris 19e  Arrondissement;1965-05-01;bdnb-bc-KLFD-X9RT-AYXS;bdnb-bg-6TGK-6LQN-17KB;75;647.0;10.6;Paris 19e Arrondissement;2023.0;;;;INDETERMINE;INDETERMINE;4.0;13.0;1742.0;Tertiaire & Autres;Tertiaire;"[""VILLE DE PARIS""]"
0750999D;14KYM41Y7M56;E.E.PU ST LAMBERT EA 10 rue Saint Lambert;075;école;ECOLE DE NIVEAU ELEMENTAIRE;Paris 15e  Arrondissement;1965-05-01;bdnb-bc-SXWL-JJNN-JPLN;bdnb-bg-M2VC-MZ7M-V76X;75;2916.0;24.1;Paris 15e Arrondissement;1934.0;1933.0;E;;INDETERMINE;INDETERMINE;9.0;24.0;2916.0;Résidentiel collectif;Résidentiel collectif;"[""VILLE DE PARIS"", ""PARIS HABITAT-OPH"", ""ENEDIS""]"
0751007M;9Y5RSW9Z8JEV;E.E.A.PU ST SEBASTIEN 24 rue Saint Sébastien;075;école;ECOLE ELEMENTAIRE D APPLICATION;Paris 11e  Arrondissement;1965-05-01;bdnb-bc-MBM6-9CKZ-CFTY;bdnb-bg-2S5V-9AKQ-GMHC;75;119.0;18.2;Paris 11e Arrondissement;2023.0;;;;INDETERMINE;INDETERMINE;4.0;13.0;1546.0;Tertiaire & Autres;Tertiaire;"[""VILLE DE PARIS"", ""ENEDIS""]"
0751007M;6CQABWQWAE8A;E.E.A.PU ST SEBASTIEN 24 rue Saint Sébastien;075;école;ECOLE ELEMENTAIRE D APPLICATION;Paris 11e  Arrondissement;1965-05-01;bdnb-bc-1BDB-G49N-9KBP;bdnb-bg-2S5V-9AKQ-GMHC;75;452.0;16.7;Paris 11e Arrondissement;2023.0;;;;INDETERMINE;INDETERMINE;4.0;13.0;1546.0;Tertiaire & Autres;Tertiaire;"[""VILLE DE PARIS"", ""ENEDIS""]"
0751022D;3FPPTXRP38ZD;E.E.PU VULPIAN 13 rue Vulpian;075;école;ECOLE DE NIVEAU ELEMENTAIRE;Paris 13e  Arrondissement;1965-05-01;bdnb-bc-MQ7F-Z1E6-EQYE;bdnb-bg-5LES-RV2Y-K85A;75;464.0;19.3;Paris 13e Arrondissement;1913.0;;C;;BRIQUES;TUILES;4.0;11.0;2259.0;Tertiaire & Autres;Tertiaire;"[""VILLE DE PARIS""]"
0751022D;5GSA99TM1QNV;E.E.PU VULPIAN 13 rue Vulpian;075;école;ECOLE DE NIVEAU ELEMENTAIRE;Paris 13e  Arrondissement;1965-05-01;bdnb-bc-BR34-H5V1-ZFN5;bdnb-bg-5LES-RV2Y-K85A;75;148.0;6.2;Paris 13e Arrondissement;1913.0;;C;;BRIQUES;TUILES;4.0;11.0;2259.0;Tertiaire & Autres;Tertiaire;"[""VILLE DE PARIS""]"
0751022D;8E94RA6RBMZ3;E.E.PU VULPIAN 13 rue Vulpian;075;école;ECOLE DE NIVEAU ELEMENTAIRE;Paris 13e  Arrondissement;1965-05-01;bdnb-bc-SVTZ-YSYG-QQFD;bdnb-bg-5LES-RV2Y-K85A;75;133.0;7.7;Paris 13e Arrondissement;1913.0;;C;;BRIQUES;TUILES;4.0;11.0;2259.0;Tertiaire & Autres;Tertiaire;"[""VILLE DE PARIS""]"
0751022D;1QVVMVGKJ6M9;E.E.PU VULPIAN 13 rue Vulpian;075;école;ECOLE DE NIVEAU ELEMENTAIRE;Paris 13e  Arrondissement;1965-05-01;bdnb-bc-T1JX-CVRA-R3HD;bdnb-bg-5LES-RV2Y-K85A;75;204.0;8.7;Paris 13e Arrondissement;1913.0;;C;;BRIQUES;TUILES;4.0;11.0;2259.0;Tertiaire & Autres;Tertiaire;"[""VILLE DE PARIS""]"
0751028K;3MGD1V5MR3JX;E.E.PU MADEMOISELLE 81 rue Mademoiselle;075;école;ECOLE DE NIVEAU ELEMENTAIRE;Paris 15e  Arrondissement;1965-05-01;bdnb-bc-WW8W-XC8C-JXN3;bdnb-bg-391D-PDKS-5MTE;75;3083.0;1.1;Paris 15e Arrondissement;2021.0;;;;INDETERMINE;INDETERMINE;1.0;1.0;3083.0;Tertiaire & Autres;Tertiaire;"[""VILLE DE PARIS""]"
0751064Z;9R8C2Z1B3VS6;E.E.PU CAPITAINE LAGACHE 19 rue du Capitaine Lagache;075;école;ECOLE DE NIVEAU ELEMENTAIRE;Paris 17e  Arrondissement;1965-05-01;bdnb-bc-ZFH9-E4BE-6GB5;bdnb-bg-A6BX-346R-6XAL;75;1825.0;10.7;Paris 17e Arrondissement;2023.0;;;;BRIQUES - PIERRE;INDETERMINE;3.0;11.0;1825.0;Tertiaire & Autres;Tertiaire;"[""VILLE DE PARIS""]"
0751074K;11M1NNSB7VFD;E.E.PU CHATEAU DES RENTIERS 173 rue Château des Rentiers;075;école;ECOLE DE NIVEAU ELEMENTAIRE;Paris 13e  Arrondissement;1965-05-01;bdnb-bc-ATCH-M9GD-6CKZ;bdnb-bg-ES8E-UX9F-D33V;75;149.0;8.4;Paris 13e Arrondissement;1926.0;;;;BETON;BETON - TUILES;2.0;5.0;196.0;Tertiaire & Autres;Tertiaire;"[""VILLE DE PARIS""]"
0751074K;T4KCNRF1QM51;E.E.PU CHATEAU DES RENTIERS 173 rue Château des Rentiers;075;école;ECOLE DE NIVEAU ELEMENTAIRE;Paris 13e  Arrondissement;1965-05-01;bdnb-bc-8HCC-PEHE-2SVC;bdnb-bg-ES8E-UX9F-D33V;75;47.0;2.3;Paris 13e Arrondissement;1926.0;;;;BETON;BETON - TUILES;2.0;5.0;196.0;Tertiaire & Autres;Tertiaire;"[""VILLE DE PARIS""]"
0751080S;BJB3FN5GACXA;E.E.PU CLIGNANCOURT 61 rue de Clignancourt;075;école;ECOLE DE NIVEAU ELEMENTAIRE;Paris 18e  Arrondissement;1965-05-01;bdnb-bc-VG9J-SUU4-ZXQH;bdnb-bg-SDUE-7QES-GGZB;75;233.0;6.4;Paris 18e Arrondissement;1894.0;;D;;AUTRES;TUILES;3.0;6.0;233.0;Tertiaire & Autres;Tertiaire;"[""SCI JANIEL""]"
0751087Z;NAT4BXJ774AK;E.E.PU DAUMESNIL 253 ter avenue Daumesnil;075;école;ECOLE DE NIVEAU ELEMENTAIRE;Paris 12e  Arrondissement;1965-05-01;bdnb-bc-SRL3-Y9HA-BKWL;bdnb-bg-HZJT-C8FU-VHK8;75;1619.0;19.8;Paris 12e Arrondissement;1899.0;;;;BRIQUES;TUILES;3.0;11.0;1985.0;Résidentiel collectif;Tertiaire;"[""VILLE DE PARIS""]"
0751091D;2HRJPVBW92ZR;E.E.PU DELAMBRE 24 rue delambre;075;école;ECOLE DE NIVEAU ELEMENTAIRE;Paris 14e  Arrondissement;1965-05-01;bdnb-bc-1UCQ-91EV-AERM;bdnb-bg-5KWR-VWEE-D1LK;75;144.0;11.1;Paris 14e Arrondissement;1926.0;;;;BRIQUES - MEULIERE;TUILES - ZINC ALUMINIUM;4.0;17.0;1238.0;Résidentiel collectif;Tertiaire;"[""VILLE DE PARIS"", ""ENEDIS""]"
0751091D;VKRZYSFXB83A;E.E.PU DELAMBRE 24 rue delambre;075;école;ECOLE DE NIVEAU ELEMENTAIRE;Paris 14e  Arrondissement;1965-05-01;bdnb-bc-W68T-WA2S-P7KH;bdnb-bg-5KWR-VWEE-D1LK;75;1095.0;22.0;Paris 14e Arrondissement;1926.0;;;;BRIQUES - MEULIERE;TUILES - ZINC ALUMINIUM;4.0;17.0;1238.0;Résidentiel collectif;Tertiaire;"[""VILLE DE PARIS"", ""ENEDIS""]"
0751098L;VSKFWSN5YH17;E.E.PU EPINETTES 42 rue des Epinettes;075;école;ECOLE DE NIVEAU ELEMENTAIRE;Paris 17e  Arrondissement;1965-05-01;bdnb-bc-C5BV-CASW-8AR9;bdnb-bg-S8B1-MTQE-6AXN;75;740.0;11.1;Paris 17e Arrondissement;2003.0;;;;AGGLOMERE;ZINC ALUMINIUM;4.0;12.0;793.0;Résidentiel individuel;Résidentiel individuel;"[""ASSOCIATION DIOCESAINE PARIS""]"
0751114D;28MHAG95QKQM;E.E.PU RAMPAL 11 rue Rampal;075;école;ECOLE DE NIVEAU ELEMENTAIRE;Paris 19e  Arrondissement;1965-05-01;bdnb-bc-AWMR-WU9R-QNSJ;bdnb-bg-EYTR-2RFR-6UB6;75;929.0;6.7;Paris 19e Arrondissement;2023.0;;;;INDETERMINE;INDETERMINE;1.0;7.0;929.0;Tertiaire & Autres;Tertiaire;"[""VILLE DE PARIS""]"
0751116F;BGRTR6E1WKX7;E.E.PU GUSTAVE ROUANET 7 rue Gustave Rouanet;075;école;ECOLE DE NIVEAU ELEMENTAIRE;Paris 18e  Arrondissement;1965-05-01;bdnb-bc-AS94-K84F-LDWP;bdnb-bg-LW3Y-7KXJ-AN44;75;1503.0;17.0;Paris 18e Arrondissement;1940.0;;D;;BRIQUES;BETON;3.0;9.0;2937.0;Tertiaire & Autres;Tertiaire;"[""VILLE DE PARIS"", ""ENEDIS""]"
0751119J;YV4G4RFBN8VK;E.E.PU HERMEL 20 rue Hermel;075;école;ECOLE DE NIVEAU ELEMENTAIRE;Paris 18e  Arrondissement;1965-05-01;bdnb-bc-J33Z-PYFJ-UZJR;bdnb-bg-UQ2Q-2WVU-B1C9;75;571.0;12.1;Paris 18e Arrondissement;1950.0;;;;INDETERMINE;INDETERMINE;4.0;9.0;720.0;Tertiaire & Autres;Tertiaire;"[""VILLE DE PARIS""]"
0751119J;FBQRJ5Y5MCDT;E.E.PU HERMEL 20 rue Hermel;075;école;ECOLE DE NIVEAU ELEMENTAIRE;Paris 18e  Arrondissement;1965-05-01;bdnb-bc-UTPW-TYX9-4SMM;bdnb-bg-UQ2Q-2WVU-B1C9;75;149.0;6.4;Paris 18e Arrondissement;1950.0;;;;INDETERMINE;INDETERMINE;4.0;9.0;720.0;Tertiaire & Autres;Tertiaire;"[""VILLE DE PARIS""]"
0751121L;S319RPK7W9NN;E.P.PU HOSP. ST GERVAIS 10 rue des Hospitalières Saint-Gervais;075;école;ECOLE DE NIVEAU ELEMENTAIRE;Paris  4e  Arrondissement;1965-05-01;bdnb-bc-1CZN-PQ9D-B82N;bdnb-bg-FLRP-JDXK-N21S;75;588.0;11.0;Paris 4e Arrondissement;2004.0;;;;INDETERMINE;INDETERMINE;1.0;14.0;975.0;Tertiaire & Autres;Tertiaire;"[""VILLE DE PARIS"", ""ENEDIS""]"
0751122M;1CVK7Q7DR66M;E.E.A.PU HOUDON 15 rue Houdon;075;école;ECOLE ELEMENTAIRE D APPLICATION;Paris 18e  Arrondissement;1965-05-01;bdnb-bc-2G7W-3AC6-YYA4;bdnb-bg-TX2L-BY8V-23ZK;75;432.0;23.2;Paris 18e Arrondissement;1955.0;;E;;BRIQUES - PIERRE;TUILES;4.0;21.0;1044.0;Tertiaire & Autres;Tertiaire;"[""VILLE DE PARIS""]"
0751123N;MDPA8X1EVWTZ;E.E.PU JARDINET 7 rue du Jardinet;075;école;ECOLE DE NIVEAU ELEMENTAIRE;Paris  6e  Arrondissement;1965-05-01;bdnb-bc-WEHT-T9J3-4RYF;bdnb-bg-NS9F-KKDD-FSZA;75;241.0;5.2;Paris 6e Arrondissement;;;;;INDETERMINE;INDETERMINE;1.0;8.0;486.0;Résidentiel individuel;Tertiaire;"[""VILLE DE PARIS""]"
0751123N;PG283MF844GZ;E.E.PU JARDINET 7 rue du Jardinet;075;école;ECOLE DE NIVEAU ELEMENTAIRE;Paris  6e  Arrondissement;1965-05-01;bdnb-bc-6RRR-7ZAS-5R4E;bdnb-bg-NS9F-KKDD-FSZA;75;245.0;11.6;Paris 6e Arrondissement;;;;;INDETERMINE;INDETERMINE;1.0;8.0;486.0;Résidentiel individuel;Tertiaire;"[""VILLE DE PARIS""]"
0751129V;F7VX8PVDNEV7;E.E.PU JOUFFROY 20 rue Jouffroy d'Abbans;075;école;ECOLE DE NIVEAU ELEMENTAIRE;Paris 17e  Arrondissement;1965-05-01;bdnb-bc-RXA6-V9DL-2GJT;bdnb-bg-PLJS-U1TU-UJNU;75;1014.0;18.0;Paris 17e Arrondissement;2023.0;;;;INDETERMINE;INDETERMINE;3.0;10.0;1919.0;Tertiaire & Autres;Tertiaire;"[""VILLE DE PARIS"", ""ENEDIS""]"
0751129V;WD1QE7JQZ75D;E.E.PU JOUFFROY 20 rue Jouffroy d'Abbans;075;école;ECOLE DE NIVEAU ELEMENTAIRE;Paris 17e  Arrondissement;1965-05-01;bdnb-bc-11VV-XRJV-WMMA;bdnb-bg-PLJS-U1TU-UJNU;75;37.0;2.9;Paris 17e Arrondissement;2023.0;;;;INDETERMINE;INDETERMINE;3.0;10.0;1919.0;Tertiaire & Autres;Tertiaire;"[""VILLE DE PARIS"", ""ENEDIS""]"
0751131X;8A4P4GGPZTKN;E.E.PU KELLER EB 4 rue Keller;075;école;ECOLE DE NIVEAU ELEMENTAIRE;Paris 11e  Arrondissement;1965-05-01;bdnb-bc-MWTV-ZDTG-HDN9;bdnb-bg-BU7J-T8F9-K7DM;75;69.0;5.0;Paris 11e Arrondissement;2023.0;;F;;INDETERMINE;INDETERMINE;5.0;11.0;1380.0;Tertiaire & Autres;Tertiaire;"[""VILLE DE PARIS""]"
0751131X;VVP9BCXBM5JH;E.E.PU KELLER EB 4 rue Keller;075;école;ECOLE DE NIVEAU ELEMENTAIRE;Paris 11e  Arrondissement;1965-05-01;bdnb-bc-J5QT-PA7S-GGRA;bdnb-bg-BU7J-T8F9-K7DM;75;164.0;8.2;Paris 11e Arrondissement;2023.0;;F;;INDETERMINE;INDETERMINE;5.0;11.0;1380.0;Tertiaire & Autres;Tertiaire;"[""VILLE DE PARIS""]"
0751131X;JNQNEG3SPN8B;E.E.PU KELLER EB 4 rue Keller;075;école;ECOLE DE NIVEAU ELEMENTAIRE;Paris 11e  Arrondissement;1965-05-01;bdnb-bc-V8L4-E5JC-TXWD;bdnb-bg-BU7J-T8F9-K7DM;75;933.0;22.2;Paris 11e Arrondissement;2023.0;;F;;INDETERMINE;INDETERMINE;5.0;11.0;1380.0;Tertiaire & Autres;Tertiaire;"[""VILLE DE PARIS""]"
0751131X;BD6JN1FVNB7D;E.E.PU KELLER EB 4 rue Keller;075;école;ECOLE DE NIVEAU ELEMENTAIRE;Paris 11e  Arrondissement;1965-05-01;bdnb-bc-XEK4-523C-QQZA;bdnb-bg-BU7J-T8F9-K7DM;75;95.0;6.1;Paris 11e Arrondissement;2023.0;;F;;INDETERMINE;INDETERMINE;5.0;11.0;1380.0;Tertiaire & Autres;Tertiaire;"[""VILLE DE PARIS""]"
0751131X;8BHNRWFNMW23;E.E.PU KELLER EB 4 rue Keller;075;école;ECOLE DE NIVEAU ELEMENTAIRE;Paris 11e  Arrondissement;1965-05-01;bdnb-bc-9V9Y-38J2-QC26;bdnb-bg-BU7J-T8F9-K7DM;75;48.0;6.1;Paris 11e Arrondissement;2023.0;;F;;INDETERMINE;INDETERMINE;5.0;11.0;1380.0;Tertiaire & Autres;Tertiaire;"[""VILLE DE PARIS""]"
0751131X;F9BM2YRXA83V;E.E.PU KELLER EB 4 rue Keller;075;école;ECOLE DE NIVEAU ELEMENTAIRE;Paris 11e  Arrondissement;1965-05-01;bdnb-bc-E1P4-3H7X-GD84;bdnb-bg-BU7J-T8F9-K7DM;75;71.0;5.0;Paris 11e Arrondissement;2023.0;;F;;INDETERMINE;INDETERMINE;5.0;11.0;1380.0;Tertiaire & Autres;Tertiaire;"[""VILLE DE PARIS""]"
0751138E;3EYTYX5YC18J;E.P.A.PU LECOMTE 6 rue Lecomte;075;école;ECOLE ELEMENTAIRE D APPLICATION;Paris 17e  Arrondissement;1965-05-01;bdnb-bc-B6ZA-DFN5-UJWX;bdnb-bg-LVA1-FSEB-21RW;75;537.0;8.7;Paris 17e Arrondissement;1956.0;;;;INDETERMINE;INDETERMINE;4.0;7.0;961.0;Tertiaire & Autres;Tertiaire;"[""VILLE DE PARIS""]"
0751138E;GJ4R56DSX2MS;E.P.A.PU LECOMTE 6 rue Lecomte;075;école;ECOLE ELEMENTAIRE D APPLICATION;Paris 17e  Arrondissement;1965-05-01;bdnb-bc-NP7Z-Z5RF-8DDP;bdnb-bg-LVA1-FSEB-21RW;75;424.0;5.4;Paris 17e Arrondissement;1956.0;;;;INDETERMINE;INDETERMINE;4.0;7.0;961.0;Tertiaire & Autres;Tertiaire;"[""VILLE DE PARIS""]"
0751141H;QX6E379QE5ZG;E.E.PU NORDMANN 140 rue Léon Maurice Nordmann;075;école;ECOLE DE NIVEAU ELEMENTAIRE;Paris 13e  Arrondissement;1965-05-01;bdnb-bc-8MDY-4J54-QSW6;bdnb-bg-3DN4-7FWH-DNDG;75;384.0;10.8;Paris 13e Arrondissement;1890.0;;;;PIERRE;ZINC ALUMINIUM;4.0;11.0;828.0;Résidentiel collectif;Tertiaire;"[""VILLE DE PARIS""]"
0751141H;SSZF5JPHG74X;E.E.PU NORDMANN 140 rue Léon Maurice Nordmann;075;école;ECOLE DE NIVEAU ELEMENTAIRE;Paris 13e  Arrondissement;1965-05-01;bdnb-bc-SKAP-KWF4-5D6S;bdnb-bg-3DN4-7FWH-DNDG;75;444.0;11.2;Paris 13e Arrondissement;1890.0;;;;PIERRE;ZINC ALUMINIUM;4.0;11.0;828.0;Résidentiel collectif;Tertiaire;"[""VILLE DE PARIS""]"
0751142J;T5JPY31NNW4A;E.P.PU LE VAU EB 10 rue Le Vau;075;école;ECOLE DE NIVEAU ELEMENTAIRE;Paris 20e  Arrondissement;1965-05-01;bdnb-bc-AUJM-5EBK-7Y8J;bdnb-bg-DTA2-68AE-43AY;75;2969.0;17.0;Paris 20e Arrondissement;1976.0;;;;BETON - AUTRES;BETON - AUTRES;4.0;11.0;3073.0;Tertiaire & Autres;Tertiaire;"[""VILLE DE PARIS""]"
0751148R;GQ2253VZ6K8J;E.E.PU MARE 42 rue de la Mare;075;école;ECOLE DE NIVEAU ELEMENTAIRE;Paris 20e  Arrondissement;1965-05-01;bdnb-bc-6AB4-WMKH-GAGG;bdnb-bg-3LG7-1AGX-1FWA;75;218.0;10.7;Paris 20e Arrondissement;2024.0;;;;BRIQUES;INDETERMINE;2.0;15.0;657.0;Tertiaire & Autres;Tertiaire;"[""VILLE DE PARIS""]"
0751148R;1ASWHSYRCQNX;E.E.PU MARE 42 rue de la Mare;075;école;ECOLE DE NIVEAU ELEMENTAIRE;Paris 20e  Arrondissement;1965-05-01;bdnb-bc-2T3M-CK3T-1J12;bdnb-bg-3LG7-1AGX-1FWA;75;34.0;5.0;Paris 20e Arrondissement;2024.0;;;;BRIQUES;INDETERMINE;2.0;15.0;657.0;Tertiaire & Autres;Tertiaire;"[""VILLE DE PARIS""]"
0751148R;8R38VZYJ3WSF;E.E.PU MARE 42 rue de la Mare;075;école;ECOLE DE NIVEAU ELEMENTAIRE;Paris 20e  Arrondissement;1965-05-01;bdnb-bc-QCM8-SDH4-CP8G;bdnb-bg-3LG7-1AGX-1FWA;75;405.0;19.8;Paris 20e Arrondissement;2024.0;;;;BRIQUES;INDETERMINE;2.0;15.0;657.0;Tertiaire & Autres;Tertiaire;"[""VILLE DE PARIS""]"
0751157A;53ATE9TCE7SF;E.E.A.PU MILTON A 21 rue Milton;075;école;ECOLE ELEMENTAIRE D APPLICATION;Paris  9e  Arrondissement;1965-05-01;bdnb-bc-5NQM-RC87-QAAP;bdnb-bg-R2F7-78EE-8JP9;75;590.0;15.8;Paris 9e Arrondissement;2023.0;;;;INDETERMINE;INDETERMINE;4.0;16.0;590.0;Tertiaire & Autres;Tertiaire;"[""VILLE DE PARIS""]"
0751160D;MFDPPEPP5C5H;E.P.PU LOUIS DE FUNES 2 allée Louis de Funès;075;école;ECOLE DE NIVEAU ELEMENTAIRE;Paris  8e  Arrondissement;1965-05-01;bdnb-bc-37SZ-5R15-MK3Y;bdnb-bg-GGKP-8559-L8C8;75;654.0;13.8;Paris 8e Arrondissement;1900.0;;C;A;INDETERMINE;INDETERMINE;7.0;13.0;7830.0;Tertiaire & Autres;Tertiaire;"[""VILLE DE PARIS"", ""ORANGE"", ""EURASIM"", ""ENEDIS"", ""OIKO GESTION"", ""ELOGIE - SIEMP"", ""SOCIETE D'ECONOMIE MIXTE PARIS SEINE"", ""MUTUELLE EPARGNE RETRAITE PREVOYANCE CARAC"", ""SAINT-HONORE STOCKAGE""]"
0751176W;177V578KQ5XT;E.E.PU PLAINE EB 9 rue de la Plaine;075;école;ECOLE DE NIVEAU ELEMENTAIRE;Paris 20e  Arrondissement;1965-05-01;bdnb-bc-8XDL-EPC3-UXVP;bdnb-bg-Y31P-HPHU-WV4V;75;33.0;5.0;Paris 20e Arrondissement;1893.0;;;;PIERRE;TUILES;4.0;9.0;3139.0;Tertiaire & Autres;Tertiaire;"[""VILLE DE PARIS""]"
0751177X;DB3Z1S7274D3;E.E.PU PEREIRE 221 boulevard Pereire;075;école;ECOLE DE NIVEAU ELEMENTAIRE;Paris 17e  Arrondissement;1965-05-01;bdnb-bc-QM2W-JLGE-X92F;bdnb-bg-RJHB-XD73-8CJ4;75;221.0;7.3;Paris 17e Arrondissement;1989.0;;;;INDETERMINE;INDETERMINE;2.0;9.0;1095.0;Tertiaire & Autres;Tertiaire;"[""VILLE DE PARIS"", ""SOCIETE NATIONALE SNCF""]"
0751179Z;VSKRWH11NXS5;E.E.A.PU PICPUS EB 56 rue de Picpus;075;école;ECOLE ELEMENTAIRE D APPLICATION;Paris 12e  Arrondissement;1965-05-01;bdnb-bc-UEVZ-1PHH-FFZZ;bdnb-bg-PUMT-D3ZL-R89L;75;116.0;20.6;Paris 12e Arrondissement;1966.0;;C;;BETON;AUTRES;5.0;10.0;3670.0;Résidentiel collectif;Tertiaire;"[""VILLE DE PARIS""]"
0751179Z;JC8DQ4EANVSY;E.E.A.PU PICPUS EB 56 rue de Picpus;075;école;ECOLE ELEMENTAIRE D APPLICATION;Paris 12e  Arrondissement;1965-05-01;bdnb-bc-LN4G-R3GC-CYRC;bdnb-bg-PUMT-D3ZL-R89L;75;86.0;9.5;Paris 12e Arrondissement;1966.0;;C;;BETON;AUTRES;5.0;10.0;3670.0;Résidentiel collectif;Tertiaire;"[""VILLE DE PARIS""]"
0751179Z;ZVSEB53ARXF4;E.E.A.PU PICPUS EB 56 rue de Picpus;075;école;ECOLE ELEMENTAIRE D APPLICATION;Paris 12e  Arrondissement;1965-05-01;bdnb-bc-78KV-HEY5-XM72;bdnb-bg-PUMT-D3ZL-R89L;75;50.0;11.3;Paris 12e Arrondissement;1966.0;;C;;BETON;AUTRES;5.0;10.0;3670.0;Résidentiel collectif;Tertiaire;"[""VILLE DE PARIS""]"
0751179Z;GJ74FD3D46WS;E.E.A.PU PICPUS EB 56 rue de Picpus;075;école;ECOLE ELEMENTAIRE D APPLICATION;Paris 12e  Arrondissement;1965-05-01;bdnb-bc-91UH-UXWN-CVNJ;bdnb-bg-PUMT-D3ZL-R89L;75;1405.0;4.7;Paris 12e Arrondissement;1966.0;;C;;BETON;AUTRES;5.0;10.0;3670.0;Résidentiel collectif;Tertiaire;"[""VILLE DE PARIS""]"
0751179Z;ECRZJT6J4ECJ;E.E.A.PU PICPUS EB 56 rue de Picpus;075;école;ECOLE ELEMENTAIRE D APPLICATION;Paris 12e  Arrondissement;1965-05-01;bdnb-bc-6Y27-ZGD3-JAXF;bdnb-bg-PUMT-D3ZL-R89L;75;496.0;11.6;Paris 12e Arrondissement;1966.0;;C;;BETON;AUTRES;5.0;10.0;3670.0;Résidentiel collectif;Tertiaire;"[""VILLE DE PARIS""]"
0751179Z;7TW1Y6YTKTE9;E.E.A.PU PICPUS EB 56 rue de Picpus;075;école;ECOLE ELEMENTAIRE D APPLICATION;Paris 12e  Arrondissement;1965-05-01;bdnb-bc-BK99-KJJG-6DB3;bdnb-bg-PUMT-D3ZL-R89L;75;537.0;15.1;Paris 12e Arrondissement;1966.0;;C;;BETON;AUTRES;5.0;10.0;3670.0;Résidentiel collectif;Tertiaire;"[""VILLE DE PARIS""]"
0751179Z;8S8G2SZ2YWFR;E.E.A.PU PICPUS EB 56 rue de Picpus;075;école;ECOLE ELEMENTAIRE D APPLICATION;Paris 12e  Arrondissement;1965-05-01;bdnb-bc-HAB2-5LXF-PVEZ;bdnb-bg-PUMT-D3ZL-R89L;75;892.0;4.6;Paris 12e Arrondissement;1966.0;;C;;BETON;AUTRES;5.0;10.0;3670.0;Résidentiel collectif;Tertiaire;"[""VILLE DE PARIS""]"
0751196T;FEA4P3RMN26D;E.E.PU REPUBLIQUE EB 100 avenue de la République;075;école;ECOLE DE NIVEAU ELEMENTAIRE;Paris 11e  Arrondissement;1965-05-01;bdnb-bc-JMB7-SE45-RBUK;bdnb-bg-WUVQ-HV1Y-GLYH;75;1255.0;17.4;Paris 11e Arrondissement;1950.0;1982.0;;;PIERRE;ARDOISES;3.0;9.0;3248.0;Tertiaire & Autres;Tertiaire;"[""VILLE DE PARIS""]"
0751196T;JVF3ZXATSDXE;E.E.PU REPUBLIQUE EB 100 avenue de la République;075;école;ECOLE DE NIVEAU ELEMENTAIRE;Paris 11e  Arrondissement;1965-05-01;bdnb-bc-SUBY-H6EL-71KL;bdnb-bg-WUVQ-HV1Y-GLYH;75;734.0;7.7;Paris 11e Arrondissement;1950.0;1982.0;;;PIERRE;ARDOISES;3.0;9.0;3248.0;Tertiaire & Autres;Tertiaire;"[""VILLE DE PARIS""]"
0751196T;YCS2S2ZXHXRW;E.E.PU REPUBLIQUE EB 100 avenue de la République;075;école;ECOLE DE NIVEAU ELEMENTAIRE;Paris 11e  Arrondissement;1965-05-01;bdnb-bc-6AH6-Q7JW-92PQ;bdnb-bg-WUVQ-HV1Y-GLYH;75;150.0;5.5;Paris 11e Arrondissement;1950.0;1982.0;;;PIERRE;ARDOISES;3.0;9.0;3248.0;Tertiaire & Autres;Tertiaire;"[""VILLE DE PARIS""]"
0751197U;VVQ8MNRA7419;E.E.PU REUILLY EB 57 rue de Reuilly;075;école;ECOLE DE NIVEAU ELEMENTAIRE;Paris 12e  Arrondissement;1965-05-01;bdnb-bc-TV4C-GN83-LBRF;bdnb-bg-H5AA-SBTW-HUJE;75;1984.0;8.3;Paris 12e Arrondissement;2012.0;;;;INDETERMINE;INDETERMINE;4.0;15.0;6390.0;Tertiaire & Autres;Tertiaire;"[""VILLE DE PARIS"", ""ENEDIS""]"
0751200X;G1KNPDMYYSDT;E.M.PU RICAUT 8 rue Ricaut;075;école;ECOLE MATERNELLE;Paris 13e  Arrondissement;1966-09-30;bdnb-bc-B6VY-L27D-EF61;bdnb-bg-QERX-PFQY-NU1Z;75;1930.0;11.6;Paris 13e Arrondissement;1965.0;;;;BETON;BETON - TUILES;4.0;12.0;1930.0;Résidentiel collectif;Tertiaire;"[""VILLE DE PARIS""]"
0751201Y;3SS9YV975ZEG;E.E.A.PU ROMAINVILLE EB 59 rue de Romainville;075;école;ECOLE ELEMENTAIRE D APPLICATION;Paris 19e  Arrondissement;1965-05-01;bdnb-bc-SVHG-VPZH-LJUM;bdnb-bg-6TGK-6LQN-17KB;75;1066.0;15.7;Paris 19e Arrondissement;2023.0;;;;INDETERMINE;INDETERMINE;4.0;13.0;1742.0;Tertiaire & Autres;Tertiaire;"[""VILLE DE PARIS""]"
0751206D;F52EGJCGKRJK;E.P.PU SEVERO 12 rue Severo;075;école;ECOLE DE NIVEAU ELEMENTAIRE;Paris 14e  Arrondissement;1965-05-01;bdnb-bc-H4YM-V5BN-PNGV;bdnb-bg-7W6V-9D5U-AJEL;75;680.0;15.2;Paris 14e Arrondissement;1910.0;;;;BETON;ZINC ALUMINIUM;4.0;16.0;985.0;Résidentiel collectif;Tertiaire;"[""ASSISTANCE PUBLIQUE HOPITAUX DE PARIS"", ""SERVICE LOGEMENT DE L'AP-HP""]"
0751206D;VCVDQAF5HYRH;E.P.PU SEVERO 12 rue Severo;075;école;ECOLE DE NIVEAU ELEMENTAIRE;Paris 14e  Arrondissement;1965-05-01;bdnb-bc-3HJW-Q554-SGUD;bdnb-bg-7W6V-9D5U-AJEL;75;32.0;18.6;Paris 14e Arrondissement;1910.0;;;;BETON;ZINC ALUMINIUM;4.0;16.0;985.0;Résidentiel collectif;Tertiaire;"[""ASSISTANCE PUBLIQUE HOPITAUX DE PARIS"", ""SERVICE LOGEMENT DE L'AP-HP""]"
0751206D;VP63XW6HE1J5;E.P.PU SEVERO 12 rue Severo;075;école;ECOLE DE NIVEAU ELEMENTAIRE;Paris 14e  Arrondissement;1965-05-01;bdnb-bc-Z9XV-M6KC-NR1T;bdnb-bg-7W6V-9D5U-AJEL;75;21.0;19.4;Paris 14e Arrondissement;1910.0;;;;BETON;ZINC ALUMINIUM;4.0;16.0;985.0;Résidentiel collectif;Tertiaire;"[""ASSISTANCE PUBLIQUE HOPITAUX DE PARIS"", ""SERVICE LOGEMENT DE L'AP-HP""]"
0751206D;QPXM2NDH1CCS;E.P.PU SEVERO 12 rue Severo;075;école;ECOLE DE NIVEAU ELEMENTAIRE;Paris 14e  Arrondissement;1965-05-01;bdnb-bc-HQ51-ETRD-RQX6;bdnb-bg-7W6V-9D5U-AJEL;75;214.0;7.3;Paris 14e Arrondissement;1910.0;;;;BETON;ZINC ALUMINIUM;4.0;16.0;985.0;Résidentiel collectif;Tertiaire;"[""ASSISTANCE PUBLIQUE HOPITAUX DE PARIS"", ""SERVICE LOGEMENT DE L'AP-HP""]"
0751206D;7NSF8VXP9XSG;E.P.PU SEVERO 12 rue Severo;075;école;ECOLE DE NIVEAU ELEMENTAIRE;Paris 14e  Arrondissement;1965-05-01;bdnb-bc-5PUY-BAHV-EMD7;bdnb-bg-7W6V-9D5U-AJEL;75;38.0;17.0;Paris 14e Arrondissement;1910.0;;;;BETON;ZINC ALUMINIUM;4.0;16.0;985.0;Résidentiel collectif;Tertiaire;"[""ASSISTANCE PUBLIQUE HOPITAUX DE PARIS"", ""SERVICE LOGEMENT DE L'AP-HP""]"
0751210H;9HG39FYM1YP1;E.E.A.PU SIMON BOLIVAR EB 119 avenue Simon Bolivar;075;école;ECOLE ELEMENTAIRE D APPLICATION;Paris 19e  Arrondissement;1965-05-01;bdnb-bc-6GCS-1U7P-LRFZ;bdnb-bg-WYT9-K3ER-38PN;75;193.0;9.5;Paris 19e Arrondissement;2023.0;;;;INDETERMINE;INDETERMINE;5.0;10.0;2044.0;Tertiaire & Autres;Tertiaire;"[""VILLE DE PARIS""]"
0751210H;CSVZB5TYTZPV;E.E.A.PU SIMON BOLIVAR EB 119 avenue Simon Bolivar;075;école;ECOLE ELEMENTAIRE D APPLICATION;Paris 19e  Arrondissement;1965-05-01;bdnb-bc-VD2Z-YHNA-41X3;bdnb-bg-WYT9-K3ER-38PN;75;55.0;3.6;Paris 19e Arrondissement;2023.0;;;;INDETERMINE;INDETERMINE;5.0;10.0;2044.0;Tertiaire & Autres;Tertiaire;"[""VILLE DE PARIS""]"
0751214M;2Y3XANSANNZN;E.E.PU ST JACQUES 28 rue Saint Jacques;075;école;ECOLE DE NIVEAU ELEMENTAIRE;Paris  5e  Arrondissement;1965-05-01;bdnb-bc-5FB4-8CF8-TQ8R;bdnb-bg-Z3HZ-N2WU-3MFD;75;760.0;17.7;Paris 5e Arrondissement;1861.0;;;;PIERRE;TUILES;4.0;17.0;806.0;Résidentiel collectif;Tertiaire;"[""VILLE DE PARIS""]"
0751220U;22YYFCPWW9H6;E.E.A.PU TANGER EB 41 rue de Tanger;075;école;ECOLE ELEMENTAIRE D APPLICATION;Paris 19e  Arrondissement;1965-05-01;bdnb-bc-K1D8-98AP-9LLN;bdnb-bg-CUY8-QY9K-24ZL;75;2908.0;14.2;Paris 19e Arrondissement;2023.0;1948.0;C;;INDETERMINE;INDETERMINE;5.0;10.0;4991.0;Tertiaire & Autres;Tertiaire;"[""VILLE DE PARIS""]"
0751233H;3HDS4HHZS6MH;E.E.PU VERTUS 8 rue des Vertus;075;école;ECOLE DE NIVEAU ELEMENTAIRE;Paris  3e  Arrondissement;1965-05-01;bdnb-bc-8DX1-3XRL-1AKL;bdnb-bg-VFJT-VPHU-AJQ6;75;329.0;18.9;Paris 3e Arrondissement;1880.0;;;;BRIQUES - PIERRE;TUILES;4.0;17.0;597.0;Tertiaire & Autres;Tertiaire;"[""VILLE DE PARIS"", ""ENEDIS""]"
0751233H;NVE3ZNTPJNQH;E.E.PU VERTUS 8 rue des Vertus;075;école;ECOLE DE NIVEAU ELEMENTAIRE;Paris  3e  Arrondissement;1965-05-01;bdnb-bc-MRXR-151G-BE2Z;bdnb-bg-VFJT-VPHU-AJQ6;75;174.0;16.9;Paris 3e Arrondissement;1880.0;;;;BRIQUES - PIERRE;TUILES;4.0;17.0;597.0;Tertiaire & Autres;Tertiaire;"[""VILLE DE PARIS"", ""ENEDIS""]"
0751233H;V2AKQXCX8QFS;E.E.PU VERTUS 8 rue des Vertus;075;école;ECOLE DE NIVEAU ELEMENTAIRE;Paris  3e  Arrondissement;1965-05-01;bdnb-bc-E9XL-V6NK-LHTM;bdnb-bg-VFJT-VPHU-AJQ6;75;94.0;16.5;Paris 3e Arrondissement;1880.0;;;;BRIQUES - PIERRE;TUILES;4.0;17.0;597.0;Tertiaire & Autres;Tertiaire;"[""VILLE DE PARIS"", ""ENEDIS""]"
0751234J;K6ZA1FF6AXMZ;E.P.PU VICQ D'AZIR 16 rue Vicq d'Azir;075;école;ECOLE DE NIVEAU ELEMENTAIRE;Paris 10e  Arrondissement;1965-05-01;bdnb-bc-8GRD-QMYD-S3A8;bdnb-bg-2VXY-TPQS-6LEV;75;363.0;21.3;Paris 10e Arrondissement;1890.0;;;;BRIQUES;TUILES;3.0;16.0;747.0;Tertiaire & Autres;Tertiaire;"[""VILLE DE PARIS""]"
0751247Y;RFNQVABBKT58;E.M.PU AMIRAUX 19 rue des Amiraux;075;école;ECOLE MATERNELLE;Paris 18e  Arrondissement;1965-05-01;bdnb-bc-CWQX-W3XN-MAGK;bdnb-bg-8HTP-9PPE-EDY6;75;1100.0;14.2;Paris 18e Arrondissement;1925.0;;;;BETON - AUTRES;BETON - AUTRES;3.0;14.0;1100.0;Tertiaire & Autres;Tertiaire;"[""VILLE DE PARIS""]"
0751257J;QP5K1S7545M1;E.M.PU PRESENTATION 4 bis rue de la Présentation;075;école;ECOLE MATERNELLE;Paris 11e  Arrondissement;1965-05-01;bdnb-bc-5QQ7-ER5T-2CVR;bdnb-bg-S59N-LVXS-DYW1;75;447.0;11.4;Paris 11e Arrondissement;2023.0;;D;;INDETERMINE;INDETERMINE;4.0;15.0;1724.0;Tertiaire & Autres;Tertiaire;"[""VILLE DE PARIS""]"
0751261N;Z6EZYFJFK45B;E.M.PU BERCY N 167 rue de Bercy;075;école;ECOLE MATERNELLE;Paris 12e  Arrondissement;1965-05-01;bdnb-bc-9SQ3-88RJ-FJNV;bdnb-bg-NQ7X-4S8A-EHGN;75;560.0;4.2;Paris 12e Arrondissement;2000.0;2014.0;;C;INDETERMINE;INDETERMINE;3.0;6.0;71926.0;Tertiaire & Autres;Tertiaire;"[""VILLE DE PARIS"", ""LAFARGE BETONS"", ""SOCIETE NATIONALE SNCF"", ""REGIE AUTONOME DES TRANSPORTS PARISIENS""]"
0751261N;Z6EZYFJFK45B;E.M.PU BERCY N 167 rue de Bercy;075;école;ECOLE MATERNELLE;Paris 12e  Arrondissement;1965-05-01;bdnb-bc-P77F-2QQE-6AQQ;bdnb-bg-NQ7X-4S8A-EHGN;75;9812.0;8.7;Paris 12e Arrondissement;2000.0;2014.0;;C;INDETERMINE;INDETERMINE;3.0;6.0;71926.0;Tertiaire & Autres;Tertiaire;"[""VILLE DE PARIS"", ""LAFARGE BETONS"", ""SOCIETE NATIONALE SNCF"", ""REGIE AUTONOME DES TRANSPORTS PARISIENS""]"
0751269X;D4VGPPYXRDT7;E.M.PU BROCHANT 28 rue Brochant;075;école;ECOLE MATERNELLE;Paris 17e  Arrondissement;1965-05-01;bdnb-bc-45AL-XY37-9G5K;bdnb-bg-65CP-7E26-LS6E;75;1040.0;8.7;Paris 17e Arrondissement;1875.0;;;;PIERRE;ZINC ALUMINIUM;2.0;9.0;1066.0;Tertiaire & Autres;Tertiaire;"[""VILLE DE PARIS""]"
0751269X;SM4CEYYC2NNE;E.M.PU BROCHANT 28 rue Brochant;075;école;ECOLE MATERNELLE;Paris 17e  Arrondissement;1965-05-01;bdnb-bc-YET5-LV2S-WRKB;bdnb-bg-65CP-7E26-LS6E;75;27.0;3.0;Paris 17e Arrondissement;1875.0;;;;PIERRE;ZINC ALUMINIUM;2.0;9.0;1066.0;Tertiaire & Autres;Tertiaire;"[""VILLE DE PARIS""]"
0751270Y;BQN3YG53STTY;E.M.PU BUFFON 15 bis rue Buffon;075;école;ECOLE MATERNELLE;Paris  5e  Arrondissement;1965-05-01;bdnb-bc-X4T4-PSVM-6N8G;bdnb-bg-W2UM-AH1Q-2E8Z;75;638.0;21.6;Paris 5e Arrondissement;1880.0;;;;MEULIERE;ZINC ALUMINIUM;3.0;22.0;638.0;Résidentiel collectif;Tertiaire;"[""VILLE DE PARIS""]"
0751272A;BFRVPTWYBG4N;E.M.PU CARDINAL AMETTE A 3 place du Cardinal Amette;075;école;ECOLE MATERNELLE;Paris 15e  Arrondissement;1965-05-01;bdnb-bc-UMCW-S9SL-KWEZ;bdnb-bg-Y6A3-K54D-CKEB;75;1913.0;9.8;Paris 15e Arrondissement;1940.0;;;;BETON - BRIQUES;BETON;4.0;9.0;3576.0;Résidentiel collectif;Tertiaire;"[""VILLE DE PARIS""]"
0751272A;T3RSQM8K62XZ;E.M.PU CARDINAL AMETTE A 3 place du Cardinal Amette;075;école;ECOLE MATERNELLE;Paris 15e  Arrondissement;1965-05-01;bdnb-bc-WV5K-E2LK-JGYK;bdnb-bg-Y6A3-K54D-CKEB;75;852.0;5.1;Paris 15e Arrondissement;1940.0;;;;BETON - BRIQUES;BETON;4.0;9.0;3576.0;Résidentiel collectif;Tertiaire;"[""VILLE DE PARIS""]"
0751272A;K2G1BDDCE79Y;E.M.PU CARDINAL AMETTE A 3 place du Cardinal Amette;075;école;ECOLE MATERNELLE;Paris 15e  Arrondissement;1965-05-01;bdnb-bc-HRLV-SR4S-DL1Z;bdnb-bg-Y6A3-K54D-CKEB;75;27.0;3.0;Paris 15e Arrondissement;1940.0;;;;BETON - BRIQUES;BETON;4.0;9.0;3576.0;Résidentiel collectif;Tertiaire;"[""VILLE DE PARIS""]"
0751274C;B4QPRY6TRCV4;E.M.PU SCHWARTZENBERG 11 rue Léon Schwartzenberg;075;école;ECOLE MATERNELLE;Paris 10e  Arrondissement;1965-05-01;bdnb-bc-XQTK-PQ2W-FM3N;bdnb-bg-GBCQ-NYBN-TE2X;75;1333.0;8.1;Paris 10e Arrondissement;2023.0;;;;INDETERMINE;INDETERMINE;1.0;8.0;2708.0;Tertiaire & Autres;Tertiaire;"[""VILLE DE PARIS""]"
0751278G;R2WHH7PHANBM;E.M.PU CHARLES BAUDELAIRE 16 rue Charles Baudelaire;075;école;ECOLE MATERNELLE;Paris 12e  Arrondissement;1965-05-01;bdnb-bc-ZBZL-QRBE-G7GV;bdnb-bg-ERUD-S69B-R9TF;75;689.0;15.6;Paris 12e Arrondissement;1890.0;;;;BRIQUES;ARDOISES - ZINC ALUMINIUM;4.0;10.0;1011.0;Résidentiel collectif;Tertiaire;"[""VILLE DE PARIS"", ""ENEDIS""]"
0751280J;WY2QCN15GE21;E.M.PU PASSY 25 rue de Passy;075;école;ECOLE MATERNELLE;Paris 16e  Arrondissement;1965-05-01;bdnb-bc-3GJN-PVEV-5LY3;bdnb-bg-4NQ9-9N3D-EKAX;75;302.0;14.9;Paris 16e Arrondissement;1901.0;;;;BETON - PIERRE;TUILES;5.0;11.0;2325.0;Tertiaire & Autres;Tertiaire;"[""VILLE DE PARIS""]"
0751280J;2584X6VXMRYV;E.M.PU PASSY 25 rue de Passy;075;école;ECOLE MATERNELLE;Paris 16e  Arrondissement;1965-05-01;bdnb-bc-GTDJ-YSGE-UVAD;bdnb-bg-4NQ9-9N3D-EKAX;75;141.0;5.6;Paris 16e Arrondissement;1901.0;;;;BETON - PIERRE;TUILES;5.0;11.0;2325.0;Tertiaire & Autres;Tertiaire;"[""VILLE DE PARIS""]"
0751300F;98AM97V3V46A;E.M.PU ESPERANCE 12 rue de l'Espérance;075;école;ECOLE MATERNELLE;Paris 13e  Arrondissement;1965-05-01;bdnb-bc-TZBB-1UJ1-4VV2;bdnb-bg-Z9CM-TYWZ-AMZL;75;310.0;5.7;Paris 13e Arrondissement;1910.0;;;;BRIQUES - PIERRE;TUILES;1.0;7.0;847.0;Résidentiel individuel;Tertiaire;"[""VILLE DE PARIS""]"
0751304K;MPRS45AJF7M1;E.M.PU F. FLOCON 3 rue Ferdinand Flocon;075;école;ECOLE MATERNELLE;Paris 18e  Arrondissement;1965-05-01;bdnb-bc-DASV-P8DD-VJJY;bdnb-bg-8EVG-QNUG-MYVM;75;1801.0;11.1;Paris 18e Arrondissement;;;;;INDETERMINE;INDETERMINE;3.0;10.0;1956.0;Résidentiel collectif;Tertiaire;"[""VILLE DE PARIS""]"
0751304K;46HZPK1MCZM7;E.M.PU F. FLOCON 3 rue Ferdinand Flocon;075;école;ECOLE MATERNELLE;Paris 18e  Arrondissement;1965-05-01;bdnb-bc-42DB-11P6-LQ24;bdnb-bg-8EVG-QNUG-MYVM;75;50.0;5.0;Paris 18e Arrondissement;;;;;INDETERMINE;INDETERMINE;3.0;10.0;1956.0;Résidentiel collectif;Tertiaire;"[""VILLE DE PARIS""]"
0751305L;1DYDQR21J9SM;E.M.PU FLEURS 61 cité des Fleurs;075;école;ECOLE MATERNELLE;Paris 17e  Arrondissement;1965-05-01;bdnb-bc-E8CW-31Y1-XH5L;bdnb-bg-JUMJ-EW7K-2CMM;75;505.0;6.2;Paris 17e Arrondissement;2023.0;;;;INDETERMINE;INDETERMINE;1.0;6.0;505.0;Tertiaire & Autres;Tertiaire;"[""VILLE DE PARIS""]"
0751309R;B8RVWHAH8P4A;E.M.PU GENERAL BRUNET R 9 rue du Général Brunet;075;école;ECOLE MATERNELLE;Paris 19e  Arrondissement;1965-05-01;bdnb-bc-WBDT-6B2J-7YTK;bdnb-bg-YZKH-SYTV-S5RT;75;116.0;4.5;Paris 19e Arrondissement;2023.0;;;;INDETERMINE;INDETERMINE;5.0;9.0;1862.0;Tertiaire & Autres;Tertiaire;"[""VILLE DE PARIS""]"
0751309R;YNC37VS8S8RN;E.M.PU GENERAL BRUNET R 9 rue du Général Brunet;075;école;ECOLE MATERNELLE;Paris 19e  Arrondissement;1965-05-01;bdnb-bc-KDYD-SYM3-R26H;bdnb-bg-YZKH-SYTV-S5RT;75;336.0;3.6;Paris 19e Arrondissement;2023.0;;;;INDETERMINE;INDETERMINE;5.0;9.0;1862.0;Tertiaire & Autres;Tertiaire;"[""VILLE DE PARIS""]"
0751309R;9P3HJYG7EY14;E.M.PU GENERAL BRUNET R 9 rue du Général Brunet;075;école;ECOLE MATERNELLE;Paris 19e  Arrondissement;1965-05-01;bdnb-bc-KFQR-GW6E-BJUN;bdnb-bg-YZKH-SYTV-S5RT;75;227.0;15.0;Paris 19e Arrondissement;2023.0;;;;INDETERMINE;INDETERMINE;5.0;9.0;1862.0;Tertiaire & Autres;Tertiaire;"[""VILLE DE PARIS""]"
0751311T;MF8JT51VG3NH;E.M.PU GENERAL LASALLE T 5 rue du Général Lasalle;075;école;ECOLE MATERNELLE;Paris 19e  Arrondissement;1965-05-01;bdnb-bc-8AL7-KSE4-N8XJ;bdnb-bg-XKXN-J985-85W5;75;539.0;5.0;Paris 19e Arrondissement;1890.0;;;;PIERRE;TUILES;3.0;12.0;605.0;Tertiaire & Autres;Tertiaire;"[""VILLE DE PARIS""]"
0751311T;EZ3HJPE2NAGP;E.M.PU GENERAL LASALLE T 5 rue du Général Lasalle;075;école;ECOLE MATERNELLE;Paris 19e  Arrondissement;1965-05-01;bdnb-bc-SNDT-KJTC-UJ4T;bdnb-bg-XKXN-J985-85W5;75;65.0;11.8;Paris 19e Arrondissement;1890.0;;;;PIERRE;TUILES;3.0;12.0;605.0;Tertiaire & Autres;Tertiaire;"[""VILLE DE PARIS""]"
0751314W;WVHMN1XCHAHY;E.M.PU GUSTAVE ROUANET W 1 rue Gustave Rouanet;075;école;ECOLE MATERNELLE;Paris 18e  Arrondissement;1965-05-01;bdnb-bc-394E-BZT1-B99Y;bdnb-bg-LW3Y-7KXJ-AN44;75;847.0;10.9;Paris 18e Arrondissement;1940.0;;D;;BRIQUES;BETON;3.0;9.0;2937.0;Tertiaire & Autres;Tertiaire;"[""VILLE DE PARIS"", ""ENEDIS""]"
0751323F;HENYGWGM1G99;E.M.PU JOURDAIN 4 rue du Jourdain;075;école;ECOLE MATERNELLE;Paris 20e  Arrondissement;1965-05-01;bdnb-bc-UXPQ-XDAC-1Y1U;bdnb-bg-QLU4-8ZMA-ZTZT;75;1008.0;11.4;Paris 20e Arrondissement;2024.0;;;;INDETERMINE;INDETERMINE;2.0;11.0;1008.0;Tertiaire & Autres;Tertiaire;"[""VILLE DE PARIS""]"
0751332R;K9E9GWNZFFPV;E.M.PU LITTRE 6 rue Littré;075;école;ECOLE MATERNELLE;Paris  6e  Arrondissement;1965-05-01;bdnb-bc-EG5U-3C88-96YC;bdnb-bg-HRF6-CKLK-8BLV;75;552.0;8.9;Paris 6e Arrondissement;1930.0;;;B;BRIQUES;TUILES;4.0;13.0;2616.0;Résidentiel collectif;Tertiaire;"[""VILLE DE PARIS""]"
0751332R;V1VSRYPAZPPP;E.M.PU LITTRE 6 rue Littré;075;école;ECOLE MATERNELLE;Paris  6e  Arrondissement;1965-05-01;bdnb-bc-HVXK-CDY2-RWPY;bdnb-bg-HRF6-CKLK-8BLV;75;711.0;22.8;Paris 6e Arrondissement;1930.0;;;B;BRIQUES;TUILES;4.0;13.0;2616.0;Résidentiel collectif;Tertiaire;"[""VILLE DE PARIS""]"
0751332R;7N3AYMYVPXMY;E.M.PU LITTRE 6 rue Littré;075;école;ECOLE MATERNELLE;Paris  6e  Arrondissement;1965-05-01;bdnb-bc-KSJ6-ZNW9-X25B;bdnb-bg-HRF6-CKLK-8BLV;75;674.0;13.9;Paris 6e Arrondissement;1930.0;;;B;BRIQUES;TUILES;4.0;13.0;2616.0;Résidentiel collectif;Tertiaire;"[""VILLE DE PARIS""]"
0751332R;MN5E6PTP5E62;E.M.PU LITTRE 6 rue Littré;075;école;ECOLE MATERNELLE;Paris  6e  Arrondissement;1965-05-01;;;;;;;;;;;;;;;;;;
0751332R;DTR2MFXP7Y7A;E.M.PU LITTRE 6 rue Littré;075;école;ECOLE MATERNELLE;Paris  6e  Arrondissement;1965-05-01;bdnb-bc-5UJC-H34Z-1BA7;bdnb-bg-HRF6-CKLK-8BLV;75;173.0;8.3;Paris 6e Arrondissement;1930.0;;;B;BRIQUES;TUILES;4.0;13.0;2616.0;Résidentiel collectif;Tertiaire;"[""VILLE DE PARIS""]"
0751332R;SHM73J8C44SD;E.M.PU LITTRE 6 rue Littré;075;école;ECOLE MATERNELLE;Paris  6e  Arrondissement;1965-05-01;bdnb-bc-3A6Z-3CBS-4ZXW;bdnb-bg-HRF6-CKLK-8BLV;75;22.0;3.0;Paris 6e Arrondissement;1930.0;;;B;BRIQUES;TUILES;4.0;13.0;2616.0;Résidentiel collectif;Tertiaire;"[""VILLE DE PARIS""]"
0751335U;AXS665C4TEA8;E.M.PU MADAME U 40 rue Madame;075;école;ECOLE MATERNELLE;Paris  6e  Arrondissement;1965-05-01;bdnb-bc-YTYY-TCV8-VYW2;bdnb-bg-AK48-GT7B-FEGA;75;148.0;5.4;Paris 6e Arrondissement;;;;;;;;5.0;169.0;;Tertiaire;
0751338X;WJCVEHX8CHRB;E.M.PU MARCADET 29 rue Marcadet;075;école;ECOLE MATERNELLE;Paris 18e  Arrondissement;1965-05-01;bdnb-bc-WKL7-P4NT-ZCVA;bdnb-bg-288V-Y1GW-K66W;75;160.0;9.1;Paris 18e Arrondissement;1860.0;;;;BRIQUES;ZINC ALUMINIUM;2.0;6.0;962.0;Tertiaire & Autres;Tertiaire;"[""VILLE DE PARIS""]"
0751338X;1GQ3EC425JBG;E.M.PU MARCADET 29 rue Marcadet;075;école;ECOLE MATERNELLE;Paris 18e  Arrondissement;1965-05-01;bdnb-bc-PQZU-39PP-DYZ3;bdnb-bg-288V-Y1GW-K66W;75;564.0;4.0;Paris 18e Arrondissement;1860.0;;;;BRIQUES;ZINC ALUMINIUM;2.0;6.0;962.0;Tertiaire & Autres;Tertiaire;"[""VILLE DE PARIS""]"
0751338X;GCG18CQWY98N;E.M.PU MARCADET 29 rue Marcadet;075;école;ECOLE MATERNELLE;Paris 18e  Arrondissement;1965-05-01;bdnb-bc-GY71-M3RN-VTNX;bdnb-bg-288V-Y1GW-K66W;75;238.0;5.6;Paris 18e Arrondissement;1860.0;;;;BRIQUES;ZINC ALUMINIUM;2.0;6.0;962.0;Tertiaire & Autres;Tertiaire;"[""VILLE DE PARIS""]"
0751342B;R2PHFS8JTRKE;E.M.PU MARYSE HILSZ B 18 rue Maryse Hilsz;075;école;ECOLE MATERNELLE;Paris 20e  Arrondissement;1965-05-01;bdnb-bc-8EY9-XREN-H21A;bdnb-bg-FH8X-9B6H-X1TK;75;811.0;10.9;Paris 20e Arrondissement;1958.0;;;;BETON - AUTRES;ZINC ALUMINIUM - AUTRES;3.0;9.0;2656.0;Tertiaire & Autres;Tertiaire;"[""VILLE DE PARIS""]"
0751350K;5MWJ2G8H1655;E.M.PU MOSCOU 7 rue de Moscou;075;école;ECOLE MATERNELLE;Paris  8e  Arrondissement;1965-05-01;bdnb-bc-V4V7-9VJD-PP6D;bdnb-bg-HAXG-ZFF7-TKNH;75;385.0;17.5;Paris 8e Arrondissement;1900.0;1900.0;D;;MEULIERE;ZINC ALUMINIUM;6.0;18.0;385.0;Résidentiel collectif;Résidentiel collectif;"[""PARISIENNE GESTION TRANSACTION DE BIEN"", ""CABINET BAP""]"
0751355R;P3MSKQ4DG5YC;E.M.PU ORSEL 56 rue d'Orsel;075;école;ECOLE MATERNELLE;Paris 18e  Arrondissement;1965-05-01;bdnb-bc-KNYL-ZB88-5J3V;bdnb-bg-MCU6-57FN-7VLL;75;1523.0;11.9;Paris 18e Arrondissement;1900.0;1947.0;F;;BETON;ZINC ALUMINIUM;2.0;12.0;1523.0;Tertiaire & Autres;Tertiaire;"[""VILLE DE PARIS""]"
0751356S;13N3XMQRGS3X;E.P.PU OUEST S 69 rue de l'Ouest;075;école;ECOLE DE NIVEAU ELEMENTAIRE;Paris 14e  Arrondissement;1985-09-01;bdnb-bc-36B7-HHG2-PAFR;bdnb-bg-89SK-4KHN-DJVP;75;1107.0;15.3;Paris 14e Arrondissement;1930.0;;;;BRIQUES - MEULIERE;TUILES;4.0;15.0;1107.0;Résidentiel collectif;Tertiaire;"[""VILLE DE PARIS""]"
0751362Y;BVY69EC6KTHQ;E.M.PU PARMENTIER Y 155 avenue Parmentier;075;école;ECOLE MATERNELLE;Paris 10e  Arrondissement;1965-05-01;bdnb-bc-47AA-8EQ6-8G68;bdnb-bg-CPJ6-6DFL-9CSH;75;71.0;12.7;Paris 10e Arrondissement;1900.0;;;;INDETERMINE;INDETERMINE;4.0;13.0;1965.0;Tertiaire & Autres;Tertiaire;"[""VILLE DE PARIS""]"
0751379S;P2DWYCE9EFDZ;E.M.PU RECOLLETS S 23 passage des Récollets;075;école;ECOLE MATERNELLE;Paris 10e  Arrondissement;1965-05-01;bdnb-bc-PHNK-YZ1U-N73F;bdnb-bg-P5EF-APK8-6AMT;75;2099.0;11.8;Paris 10e Arrondissement;2003.0;1974.0;;C;INDETERMINE;INDETERMINE;1.0;12.0;2114.0;Tertiaire & Autres;Tertiaire;"[""DIRECTION GENERALE DES PATRIMOINES ET DE L'ARCHITECTURE"", ""REGIE IMMOBILIERE DE LA VILLE DE PARIS"", ""HENEO""]"
0751413D;7E1HC69WQZGF;E.M.PU TOURTILLE D 39 rue de Tourtille;075;école;ECOLE MATERNELLE;Paris 20e  Arrondissement;1965-05-01;bdnb-bc-US27-RULS-CAL7;bdnb-bg-6DF4-BSR8-1NAZ;75;322.0;16.3;Paris 20e Arrondissement;2024.0;;;;INDETERMINE;INDETERMINE;1.0;14.0;796.0;Tertiaire & Autres;Tertiaire;"[""VILLE DE PARIS""]"
0751413D;QM3GFXH71T6H;E.M.PU TOURTILLE D 39 rue de Tourtille;075;école;ECOLE MATERNELLE;Paris 20e  Arrondissement;1965-05-01;bdnb-bc-7DMD-P3HP-K7CV;bdnb-bg-6DF4-BSR8-1NAZ;75;176.0;17.7;Paris 20e Arrondissement;2024.0;;;;INDETERMINE;INDETERMINE;1.0;14.0;796.0;Tertiaire & Autres;Tertiaire;"[""VILLE DE PARIS""]"
0751413D;21DN3JZPB238;E.M.PU TOURTILLE D 39 rue de Tourtille;075;école;ECOLE MATERNELLE;Paris 20e  Arrondissement;1965-05-01;bdnb-bc-M32C-MDH8-NNUT;bdnb-bg-6DF4-BSR8-1NAZ;75;113.0;16.9;Paris 20e Arrondissement;2024.0;;;;INDETERMINE;INDETERMINE;1.0;14.0;796.0;Tertiaire & Autres;Tertiaire;"[""VILLE DE PARIS""]"
0751413D;NQARV51AWGVE;E.M.PU TOURTILLE D 39 rue de Tourtille;075;école;ECOLE MATERNELLE;Paris 20e  Arrondissement;1965-05-01;bdnb-bc-MV8R-6HUC-6HE5;bdnb-bg-6DF4-BSR8-1NAZ;75;83.0;15.5;Paris 20e Arrondissement;2024.0;;;;INDETERMINE;INDETERMINE;1.0;14.0;796.0;Tertiaire & Autres;Tertiaire;"[""VILLE DE PARIS""]"
0751413D;RVJEAS3P3YZE;E.M.PU TOURTILLE D 39 rue de Tourtille;075;école;ECOLE MATERNELLE;Paris 20e  Arrondissement;1965-05-01;bdnb-bc-6QWQ-FZXJ-LWE4;bdnb-bg-6DF4-BSR8-1NAZ;75;45.0;8.9;Paris 20e Arrondissement;2024.0;;;;INDETERMINE;INDETERMINE;1.0;14.0;796.0;Tertiaire & Autres;Tertiaire;"[""VILLE DE PARIS""]"
0751414E;32BPW4TD27YB;E.M.PU TRAVERSIERE 41 rue Traversière;075;école;ECOLE MATERNELLE;Paris 12e  Arrondissement;1965-05-01;bdnb-bc-JP9F-7HGJ-7T92;bdnb-bg-LBYY-ZYG5-3UZS;75;729.0;5.8;Paris 12e Arrondissement;1880.0;;;;BRIQUES;TUILES;3.0;6.0;729.0;Tertiaire & Autres;Tertiaire;"[""VILLE DE PARIS""]"
0751415F;QE6MW5J93PJP;E.M.PU TROIS BORNES F 39 rue des trois Bornes;075;école;ECOLE MATERNELLE;Paris 11e  Arrondissement;1965-05-01;bdnb-bc-G7AJ-LMK2-UF1Y;bdnb-bg-2AQQ-KZFW-W769;75;46.0;5.0;Paris 11e Arrondissement;2023.0;;;;BRIQUES;INDETERMINE;4.0;13.0;1300.0;Tertiaire & Autres;Tertiaire;"[""VILLE DE PARIS""]"
0751415F;5F4N87WHRREC;E.M.PU TROIS BORNES F 39 rue des trois Bornes;075;école;ECOLE MATERNELLE;Paris 11e  Arrondissement;1965-05-01;bdnb-bc-3PQK-XEJ4-RVKJ;bdnb-bg-2AQQ-KZFW-W769;75;1254.0;13.0;Paris 11e Arrondissement;2023.0;;;;BRIQUES;INDETERMINE;4.0;13.0;1300.0;Tertiaire & Autres;Tertiaire;"[""VILLE DE PARIS""]"
0751417H;TBZ9DW76Y9VC;E.P.A.PU VANDREZANNE H 40 rue Vandrezanne;075;école;ECOLE ELEMENTAIRE D APPLICATION;Paris 13e  Arrondissement;1965-05-01;bdnb-bc-BJ8S-WA1Z-5BX9;bdnb-bg-NWWP-9F4E-56YH;75;57.0;5.7;Paris 13e Arrondissement;2017.0;;;;BRIQUES - PIERRE;INDETERMINE;4.0;6.0;1524.0;Tertiaire & Autres;Tertiaire;"[""VILLE DE PARIS""]"
0751429W;HXCAX57QEGDA;E.M.PU VOLTAIRE W 6 cité Voltaire;075;école;ECOLE MATERNELLE;Paris 11e  Arrondissement;1965-05-01;bdnb-bc-STHZ-4CA3-2TJJ;bdnb-bg-N14P-H7DH-3YNG;75;386.0;8.2;Paris 11e Arrondissement;1900.0;;;;BRIQUES - PIERRE;ARDOISES - ZINC ALUMINIUM;5.0;12.0;1267.0;Tertiaire & Autres;Tertiaire;"[""VILLE DE PARIS""]"
0751710B;ZJN261K4YD2S;Lycée Professionnel N.L Vauquelin;075;lycée;LYCEE PROFESSIONNEL;Paris 13e  Arrondissement;1970-03-19;bdnb-bc-7HWM-8K5Y-PZJV;bdnb-bg-12MU-PJXE-DC9S;75;1001.0;24.3;Paris 13e Arrondissement;;;;;INDETERMINE;INDETERMINE;7.0;16.0;1511.0;Résidentiel collectif;Tertiaire;"[""MINISTERE DE L'EDUCATION NATIONALE  DE L'ENSEIGNEMENT SUPERI"", ""VILLE DE PARIS""]"
0752186U;HGEZTBBSZB4R;Collège Raymond Queneau;075;collège;COLLEGE;Paris  5e  Arrondissement;1973-04-10;bdnb-bc-B2S5-BJGS-L6NS;bdnb-bg-APNU-THMQ-SES9;75;490.0;17.3;Paris 5e Arrondissement;1937.0;;;;BRIQUES - PIERRE;TUILES - ZINC ALUMINIUM;5.0;10.0;883.0;Résidentiel collectif;Tertiaire;"[""VILLE DE PARIS""]"
0752186U;ZPVAV1N6RE3T;Collège Raymond Queneau;075;collège;COLLEGE;Paris  5e  Arrondissement;1973-04-10;bdnb-bc-C3G4-488K-S9LU;bdnb-bg-APNU-THMQ-SES9;75;140.0;4.5;Paris 5e Arrondissement;1937.0;;;;BRIQUES - PIERRE;TUILES - ZINC ALUMINIUM;5.0;10.0;883.0;Résidentiel collectif;Tertiaire;"[""VILLE DE PARIS""]"
0752186U;62D91X3VAYXD;Collège Raymond Queneau;075;collège;COLLEGE;Paris  5e  Arrondissement;1973-04-10;bdnb-bc-N4EW-W7UM-2G8L;bdnb-bg-APNU-THMQ-SES9;75;21.0;5.7;Paris 5e Arrondissement;1937.0;;;;BRIQUES - PIERRE;TUILES - ZINC ALUMINIUM;5.0;10.0;883.0;Résidentiel collectif;Tertiaire;"[""VILLE DE PARIS""]"
0752186U;G15H912FA3DB;Collège Raymond Queneau;075;collège;COLLEGE;Paris  5e  Arrondissement;1973-04-10;bdnb-bc-855B-APY3-X2CD;bdnb-bg-APNU-THMQ-SES9;75;232.0;12.8;Paris 5e Arrondissement;1937.0;;;;BRIQUES - PIERRE;TUILES - ZINC ALUMINIUM;5.0;10.0;883.0;Résidentiel collectif;Tertiaire;"[""VILLE DE PARIS""]"
0752196E;HS5QFH3TANJZ;Collège Marx Dormoy;075;collège;COLLEGE;Paris 18e  Arrondissement;1973-04-11;bdnb-bc-D3YE-R7YT-G5VM;bdnb-bg-WHDU-WNT3-E32K;75;2135.0;15.1;Paris 18e Arrondissement;1890.0;;;F;PIERRE;TUILES;4.0;12.0;2687.0;Tertiaire & Autres;Tertiaire;"[""VILLE DE PARIS""]"
0752213Y;7S19DEH18FJT;E.M.PU D'ARTAGNAN 12 rue d'Artagnan;075;école;ECOLE MATERNELLE;Paris 12e  Arrondissement;1973-06-18;bdnb-bc-AW2A-AYR2-RXBY;bdnb-bg-YXW1-2YG5-PFVU;75;1825.0;10.8;Paris 12e Arrondissement;1981.0;1974.0;;;INDETERMINE;INDETERMINE;4.0;6.0;5601.0;Tertiaire & Autres;Tertiaire;"[""VILLE DE PARIS""]"
0752213Y;NWMNV89MMG71;E.M.PU D'ARTAGNAN 12 rue d'Artagnan;075;école;ECOLE MATERNELLE;Paris 12e  Arrondissement;1973-06-18;bdnb-bc-1JLN-PQPA-7HNK;bdnb-bg-YXW1-2YG5-PFVU;75;124.0;1.3;Paris 12e Arrondissement;1981.0;1974.0;;;INDETERMINE;INDETERMINE;4.0;6.0;5601.0;Tertiaire & Autres;Tertiaire;"[""VILLE DE PARIS""]"
0752213Y;C6WGVYCPZF3D;E.M.PU D'ARTAGNAN 12 rue d'Artagnan;075;école;ECOLE MATERNELLE;Paris 12e  Arrondissement;1973-06-18;bdnb-bc-ZSML-CYW9-MRPQ;bdnb-bg-YXW1-2YG5-PFVU;75;86.0;8.3;Paris 12e Arrondissement;1981.0;1974.0;;;INDETERMINE;INDETERMINE;4.0;6.0;5601.0;Tertiaire & Autres;Tertiaire;"[""VILLE DE PARIS""]"
0752213Y;ZD4Z71XMCWH2;E.M.PU D'ARTAGNAN 12 rue d'Artagnan;075;école;ECOLE MATERNELLE;Paris 12e  Arrondissement;1973-06-18;bdnb-bc-P9VF-GDYU-CR86;bdnb-bg-YXW1-2YG5-PFVU;75;1313.0;7.6;Paris 12e Arrondissement;1981.0;1974.0;;;INDETERMINE;INDETERMINE;4.0;6.0;5601.0;Tertiaire & Autres;Tertiaire;"[""VILLE DE PARIS""]"
0752213Y;492RWYHNRGWP;E.M.PU D'ARTAGNAN 12 rue d'Artagnan;075;école;ECOLE MATERNELLE;Paris 12e  Arrondissement;1973-06-18;bdnb-bc-J99V-5EAF-61WL;bdnb-bg-YXW1-2YG5-PFVU;75;192.0;6.6;Paris 12e Arrondissement;1981.0;1974.0;;;INDETERMINE;INDETERMINE;4.0;6.0;5601.0;Tertiaire & Autres;Tertiaire;"[""VILLE DE PARIS""]"
0752216B;3X58XNV7NRZT;E.M.PU COLETTE MAGNY 21 rue Colette Magny;075;école;ECOLE MATERNELLE;Paris 19e  Arrondissement;1973-06-18;bdnb-bc-3CZ9-VB69-G2P6;bdnb-bg-WLP4-4PW2-3CX3;75;346.0;12.1;Paris 19e Arrondissement;2023.0;;;;INDETERMINE;INDETERMINE;1.0;12.0;1093.0;Tertiaire & Autres;Tertiaire;"[""VILLE DE PARIS""]"
0752250N;WJXT7Y4WFW7Y;Collège Paul Gauguin;075;collège;COLLEGE;Paris  9e  Arrondissement;1974-05-08;bdnb-bc-BTPL-AXY2-EXDV;bdnb-bg-V9QB-KSES-59NY;75;586.0;21.4;Paris 9e Arrondissement;1994.0;;D;;BRIQUES - MEULIERE;INDETERMINE;6.0;20.0;1545.0;Tertiaire & Autres;Tertiaire;"[""VILLE DE PARIS"", ""PARIS HABITAT-OPH""]"
0752264D;4YKSSYHNR5Y4;E.M.PU GLACIERE D 100 rue de la Glacière;075;école;ECOLE MATERNELLE;Paris 13e  Arrondissement;1974-05-06;;;;;;;;;;;;;;;;;;
0752266F;DYX4P6PPQA6T;E.E.PU ETIENNE MARCEL 20 rue Etienne Marcel;075;école;ECOLE DE NIVEAU ELEMENTAIRE;Paris  2e  Arrondissement;1974-05-06;bdnb-bc-UXVR-ZFKA-HTAJ;bdnb-bg-TLSZ-SFFF-H8QM;75;721.0;19.5;Paris 2e Arrondissement;1878.0;;;;PIERRE;ARDOISES;4.0;15.0;908.0;Tertiaire & Autres;Tertiaire;"[""VILLE DE PARIS""]"
0752266F;72AE6VNWCRRW;E.E.PU ETIENNE MARCEL 20 rue Etienne Marcel;075;école;ECOLE DE NIVEAU ELEMENTAIRE;Paris  2e  Arrondissement;1974-05-06;bdnb-bc-RA7U-5PXN-2GSF;bdnb-bg-TLSZ-SFFF-H8QM;75;76.0;19.5;Paris 2e Arrondissement;1878.0;;;;PIERRE;ARDOISES;4.0;15.0;908.0;Tertiaire & Autres;Tertiaire;"[""VILLE DE PARIS""]"
0752334E;WNWT2XWG7J21;E.E.PU CAVE 11 rue Cave;075;école;ECOLE DE NIVEAU ELEMENTAIRE;Paris 18e  Arrondissement;1975-05-12;bdnb-bc-MMGV-AR6C-4WF3;bdnb-bg-7JYY-WP6S-YXM8;75;944.0;14.8;Paris 18e Arrondissement;1880.0;;;;PIERRE;TUILES;3.0;15.0;944.0;Tertiaire & Autres;Tertiaire;"[""VILLE DE PARIS""]"
0752385K;75A7SHZ6BF97;Collège Elsa Triolet;075;collège;COLLEGE;Paris 13e  Arrondissement;1976-02-26;bdnb-bc-6VT2-JCZN-73L3;bdnb-bg-39RU-YTEE-7U8V;75;1374.0;14.8;Paris 13e Arrondissement;2024.0;;;;BETON;BETON;6.0;9.0;3364.0;Tertiaire & Autres;Tertiaire;"[""VILLE DE PARIS""]"
0752400B;89NNY1RTS3ZW;E.M.PU PERLE 7 rue de la Perle;075;école;ECOLE MATERNELLE;Paris  3e  Arrondissement;1976-05-11;bdnb-bc-H72N-U518-MWHR;bdnb-bg-KTCM-HY1N-JTM9;75;633.0;19.6;Paris 4e Arrondissement;1789.0;;E;C;INDETERMINE;INDETERMINE;7.0;19.0;3619.0;Résidentiel collectif;Tertiaire;"[""VILLE DE PARIS"", ""PARIS HABITAT-OPH"", ""ENEDIS"", ""REGIE IMMOBILIERE DE LA VILLE DE PARIS""]"
0752410M;HRG44BH2VQJG;E.M.PU CEPRE 13 rue Cépré;075;école;ECOLE MATERNELLE;Paris 15e  Arrondissement;1976-05-13;bdnb-bc-32F7-EFQU-PPQ1;bdnb-bg-LJRN-ABEM-2VT5;75;2736.0;38.2;Paris 15e Arrondissement;1976.0;1975.0;C;B;BETON;BETON;15.0;17.0;6159.0;Résidentiel collectif;Tertiaire;"[""VILLE DE PARIS"", ""TIMM S INTERNATIONAL"", ""FEDERATION FRANC SPORT ADAPTE"", ""CARON IMMOBILIER"", ""FONDATION DES PETITS FRERES DES PAUVRES"", ""CITES CARITAS"", ""CYMAR C O MME FRANCOISE CHRISTIANE"", ""ARKEA CREDIT BAIL"", ""SCI FONCIERE ODE"", ""PRELEFORT"", ""SOC CIVILE FAMILIALE BARATOUX LEFLAIVE"", ""STIREN ER MOR"", ""NOUVELLE GENERATION"", ""FONCIA SEGG"", ""ASS CONFERENCE DES GRANDES ECOLES"", ""FLORILUX"", ""SCI PARTICULIERE FARLIPA"", ""SCI L'ALBATROS"", ""SCI CEPRE"", ""H Y J G"", ""VANNE"", ""NINA"", ""RABOSSE"", ""NOVOTIM"", ""SCI BVP"", ""VILLA-MIOLLIS"", ""CABINET LOISELET PERE FILS ET DAIGREMONT"", ""REMI"", ""JC LINCOLN IMMOBILIER"", ""SCI LV2B"", ""COMPAGNIE FILLES CHARITE ST VINCENT PAUL"", ""FONDATION OEUVRE DE LA CROIX SAINT SIMON"", ""LYONDOR"", ""SCI PHINIFRAIRIE"", ""NAHIKO"", ""WINDSOR"", ""LES ENTREPRENEURS"", ""BRINDT ET CO"", ""SCI MIOLLIS PINET"", ""32 MIOLLIS"", ""SCI VALENTINE"", ""CAMBALDI"", ""MFL 15"", ""JOSEPH DREYFUSS SARL"", ""OLIKI"", ""JJ ET SON'S"", ""AGENCE VIENOT ASSOCIES"", ""COPROPRIETAIRES DU 19 RUE CEPRE"", ""ASSOCIATION FRANCAISE DE L'ENSEIGNE ET DE LA LUMIERE""]"
0752529S;YF77PVH43VTR;Collège Chaptal;075;collège;COLLEGE;Paris  8e  Arrondissement;1977-03-11;bdnb-bc-YN53-61PB-XM3Y;bdnb-bg-5PKD-3E9V-DSZ8;75;628.0;9.8;Paris 8e Arrondissement;1860.0;;;;INDETERMINE;ARDOISES - ZINC ALUMINIUM;5.0;13.0;6881.0;Résidentiel collectif;Tertiaire;"[""REGION ILE DE FRANCE"", ""ENEDIS""]"
0752538B;1Y8ZTH2TV4EM;Collège Rodin;075;collège;COLLEGE;Paris 13e  Arrondissement;1977-03-11;bdnb-bc-J5YS-B9HX-VLWB;bdnb-bg-Z5N9-AEX6-DDQ6;75;516.0;8.8;Paris 13e Arrondissement;;2023.0;C;;INDETERMINE;INDETERMINE;10.0;13.0;4285.0;Résidentiel collectif;Tertiaire;"[""LYCEE GENERAL ET TECHNOLOGIQUE RODIN""]"
0752538B;PCYNMSH6Z4Y7;Collège Rodin;075;collège;COLLEGE;Paris 13e  Arrondissement;1977-03-11;bdnb-bc-CJ2L-1S17-11JW;bdnb-bg-Z5N9-AEX6-DDQ6;75;181.0;34.1;Paris 13e Arrondissement;;2023.0;C;;INDETERMINE;INDETERMINE;10.0;13.0;4285.0;Résidentiel collectif;Tertiaire;"[""LYCEE GENERAL ET TECHNOLOGIQUE RODIN""]"
0752538B;TX1Z94WH9M6M;Collège Rodin;075;collège;COLLEGE;Paris 13e  Arrondissement;1977-03-11;bdnb-bc-PNJK-ZEJG-HY5Z;bdnb-bg-Z5N9-AEX6-DDQ6;75;313.0;5.1;Paris 13e Arrondissement;;2023.0;C;;INDETERMINE;INDETERMINE;10.0;13.0;4285.0;Résidentiel collectif;Tertiaire;"[""LYCEE GENERAL ET TECHNOLOGIQUE RODIN""]"
0752538B;4PFWQPFXBEQY;Collège Rodin;075;collège;COLLEGE;Paris 13e  Arrondissement;1977-03-11;bdnb-bc-SMB4-NSS5-PM51;bdnb-bg-Z5N9-AEX6-DDQ6;75;1148.0;6.5;Paris 13e Arrondissement;;2023.0;C;;INDETERMINE;INDETERMINE;10.0;13.0;4285.0;Résidentiel collectif;Tertiaire;"[""LYCEE GENERAL ET TECHNOLOGIQUE RODIN""]"
0752538B;JXJYCC5F7R9H;Collège Rodin;075;collège;COLLEGE;Paris 13e  Arrondissement;1977-03-11;bdnb-bc-2KH4-3CXR-WX5N;bdnb-bg-Z5N9-AEX6-DDQ6;75;167.0;6.5;Paris 13e Arrondissement;;2023.0;C;;INDETERMINE;INDETERMINE;10.0;13.0;4285.0;Résidentiel collectif;Tertiaire;"[""LYCEE GENERAL ET TECHNOLOGIQUE RODIN""]"
0752545J;XF8MFTRSVVZR;Collège Buffon;075;collège;COLLEGE;Paris 15e  Arrondissement;1977-03-11;bdnb-bc-KFRQ-CJAG-ZHAQ;bdnb-bg-WB4F-JGMM-2HEM;75;8835.0;12.8;Paris 15e Arrondissement;1900.0;;;;PIERRE;ARDOISES;5.0;10.0;11641.0;Résidentiel collectif;Tertiaire;"[""MINISTERE DE L'EDUCATION NATIONALE  DE L'ENSEIGNEMENT SUPERI"", ""ENEDIS"", ""ETAT PAR DIRECTION DE L IMMOBILIER DE L ETAT""]"
0752546K;4DSP4M4N8W9R;Collège Camille Sée;075;collège;COLLEGE;Paris 15e  Arrondissement;1977-03-11;bdnb-bc-6CTG-31CP-T8ZA;bdnb-bg-ABQF-LP9S-924R;75;3267.0;23.8;Paris 15e Arrondissement;1934.0;;;;BETON;BETON;4.0;15.0;3767.0;Résidentiel collectif;Tertiaire;"[""MINISTERE DE L'EDUCATION NATIONALE  DE L'ENSEIGNEMENT SUPERI"", ""ETAT PAR DIRECTION DE L IMMOBILIER DE L ETAT""]"
0752547L;5F19SATMCRGZ;Collège Claude Bernard;075;collège;COLLEGE;Paris 16e  Arrondissement;1977-03-11;bdnb-bc-QFLF-6DR8-4C5U;bdnb-bg-R4C3-9EHK-Z7G6;75;3439.0;27.2;Paris 16e Arrondissement;1938.0;;;;BRIQUES - MEULIERE;ARDOISES - AUTRES;7.0;25.0;3921.0;Résidentiel collectif;Tertiaire;"[""MINISTERE DE L'EDUCATION NATIONALE  DE L'ENSEIGNEMENT SUPERI"", ""ENEDIS"", ""ETAT PAR DIRECTION DE L IMMOBILIER DE L ETAT""]"
0752547L;HK6F7BHCA5H6;Collège Claude Bernard;075;collège;COLLEGE;Paris 16e  Arrondissement;1977-03-11;bdnb-bc-A8P8-ZUES-QMWL;bdnb-bg-R4C3-9EHK-Z7G6;75;482.0;23.2;Paris 16e Arrondissement;1938.0;;;;BRIQUES - MEULIERE;ARDOISES - AUTRES;7.0;25.0;3921.0;Résidentiel collectif;Tertiaire;"[""MINISTERE DE L'EDUCATION NATIONALE  DE L'ENSEIGNEMENT SUPERI"", ""ENEDIS"", ""ETAT PAR DIRECTION DE L IMMOBILIER DE L ETAT""]"
0752553T;T4NYEQY69BBB;Collège Honoré de Balzac;075;collège;COLLEGE;Paris 17e  Arrondissement;1977-03-11;bdnb-bc-8HS2-GEET-3GYL;bdnb-bg-KDGV-S71Z-RWW2;75;5891.0;12.8;Paris 17e Arrondissement;1966.0;;;;BETON - AUTRES;BETON;6.0;8.0;10550.0;Résidentiel collectif;Tertiaire;"[""VILLE DE PARIS""]"
0752571M;G1XGR65KEKAJ;E.M.PU DEPARTEMENT 51 rue du Département;075;école;ECOLE MATERNELLE;Paris 18e  Arrondissement;1977-06-30;bdnb-bc-8FY1-R9MZ-DRY7;bdnb-bg-ETK4-H8QM-GQBS;75;548.0;10.4;Paris 18e Arrondissement;1880.0;;;;MEULIERE;ZINC ALUMINIUM;2.0;11.0;1332.0;Tertiaire & Autres;Tertiaire;"[""VILLE DE PARIS""]"
0752575S;EG5V473DKQMP;E.E.PU MOTTE PICQUET 10 avenue de la Motte Picquet;075;école;ECOLE DE NIVEAU ELEMENTAIRE;Paris  7e  Arrondissement;1977-06-09;bdnb-bc-675R-E3X9-SQ6Q;bdnb-bg-S3VV-TVKH-KPUY;75;748.0;19.2;Paris 7e Arrondissement;1882.0;;;;PIERRE;TUILES;4.0;19.0;748.0;Résidentiel collectif;Tertiaire;"[""VILLE DE PARIS""]"
0752619P;BMSW7RMXHYVJ;E.P.PU CHAPTAL P 12 rue Chaptal;075;école;ECOLE DE NIVEAU ELEMENTAIRE;Paris  9e  Arrondissement;1978-09-01;bdnb-bc-DWDH-YV9H-HE2H;bdnb-bg-HPW4-4WQQ-6P5F;75;529.0;12.3;Paris 9e Arrondissement;2023.0;;;;INDETERMINE;INDETERMINE;4.0;12.0;867.0;Tertiaire & Autres;Tertiaire;"[""VILLE DE PARIS""]"
0752619P;19R6T44DRPAW;E.P.PU CHAPTAL P 12 rue Chaptal;075;école;ECOLE DE NIVEAU ELEMENTAIRE;Paris  9e  Arrondissement;1978-09-01;bdnb-bc-EW5F-ZT7J-DRRK;bdnb-bg-HPW4-4WQQ-6P5F;75;338.0;11.8;Paris 9e Arrondissement;2023.0;;;;INDETERMINE;INDETERMINE;4.0;12.0;867.0;Tertiaire & Autres;Tertiaire;"[""VILLE DE PARIS""]"
0752635G;WY2FD8S7PE62;E.P.PU VAUCANSON 6 rue Vaucanson;075;école;ECOLE DE NIVEAU ELEMENTAIRE;Paris  3e  Arrondissement;1978-09-01;bdnb-bc-RZEG-27X1-3K2Z;bdnb-bg-F91F-46SS-B557;75;640.0;20.6;Paris 3e Arrondissement;2023.0;;;;INDETERMINE;INDETERMINE;1.0;21.0;640.0;Tertiaire & Autres;Tertiaire;"[""VILLE DE PARIS""]"
0752637J;C4X92E3N1A2K;E.E.PU TITON 14 rue Titon;075;école;ECOLE DE NIVEAU ELEMENTAIRE;Paris 11e  Arrondissement;1978-09-01;bdnb-bc-GNQK-8TV1-RBQM;bdnb-bg-75G1-CJEB-JF2X;75;307.0;22.6;Paris 11e Arrondissement;1925.0;;E;;BETON;BETON;8.0;23.0;307.0;Résidentiel collectif;Résidentiel collectif;"[""SCI LA MONTGOLFIERE"", ""PETA""]"
0752641N;YZ941S6ATRAW;E.E.PU PORTE BRANCION N 5 avenue de la Porte Brancion;075;école;ECOLE DE NIVEAU ELEMENTAIRE;Paris 15e  Arrondissement;1978-09-01;bdnb-bc-RRL8-D96V-J697;bdnb-bg-W52D-3HJA-B8HS;75;160.0;6.8;Paris 15e Arrondissement;2023.0;;;;BETON - BRIQUES;BETON - AUTRES;2.0;8.0;2420.0;Tertiaire & Autres;Tertiaire;"[""VILLE DE PARIS""]"
0752641N;YWGJQENJG7GS;E.E.PU PORTE BRANCION N 5 avenue de la Porte Brancion;075;école;ECOLE DE NIVEAU ELEMENTAIRE;Paris 15e  Arrondissement;1978-09-01;bdnb-bc-EMQ7-226G-BL59;bdnb-bg-W52D-3HJA-B8HS;75;290.0;4.9;Paris 15e Arrondissement;2023.0;;;;BETON - BRIQUES;BETON - AUTRES;2.0;8.0;2420.0;Tertiaire & Autres;Tertiaire;"[""VILLE DE PARIS""]"
0752641N;QXWYA7KJDAMV;E.E.PU PORTE BRANCION N 5 avenue de la Porte Brancion;075;école;ECOLE DE NIVEAU ELEMENTAIRE;Paris 15e  Arrondissement;1978-09-01;bdnb-bc-YB3F-2VYQ-YTNS;bdnb-bg-W52D-3HJA-B8HS;75;616.0;13.5;Paris 15e Arrondissement;2023.0;;;;BETON - BRIQUES;BETON - AUTRES;2.0;8.0;2420.0;Tertiaire & Autres;Tertiaire;"[""VILLE DE PARIS""]"
0752641N;6FNVPQ37CDS5;E.E.PU PORTE BRANCION N 5 avenue de la Porte Brancion;075;école;ECOLE DE NIVEAU ELEMENTAIRE;Paris 15e  Arrondissement;1978-09-01;bdnb-bc-QZ49-Y65Z-3DKC;bdnb-bg-W52D-3HJA-B8HS;75;668.0;12.1;Paris 15e Arrondissement;2023.0;;;;BETON - BRIQUES;BETON - AUTRES;2.0;8.0;2420.0;Tertiaire & Autres;Tertiaire;"[""VILLE DE PARIS""]"
0752641N;M7M11JS3A54W;E.E.PU PORTE BRANCION N 5 avenue de la Porte Brancion;075;école;ECOLE DE NIVEAU ELEMENTAIRE;Paris 15e  Arrondissement;1978-09-01;bdnb-bc-HKLU-HLA8-KWXY;bdnb-bg-W52D-3HJA-B8HS;75;553.0;8.5;Paris 15e Arrondissement;2023.0;;;;BETON - BRIQUES;BETON - AUTRES;2.0;8.0;2420.0;Tertiaire & Autres;Tertiaire;"[""VILLE DE PARIS""]"
0752641N;TDGR5XZ22DQT;E.E.PU PORTE BRANCION N 5 avenue de la Porte Brancion;075;école;ECOLE DE NIVEAU ELEMENTAIRE;Paris 15e  Arrondissement;1978-09-01;bdnb-bc-7GAR-UTSB-VZDB;bdnb-bg-W52D-3HJA-B8HS;75;133.0;3.8;Paris 15e Arrondissement;2023.0;;;;BETON - BRIQUES;BETON - AUTRES;2.0;8.0;2420.0;Tertiaire & Autres;Tertiaire;"[""VILLE DE PARIS""]"
0752762V;P3XF8YKP8DSC;E.M.PU GRANGE BATELIERE 11 rue de la Grange Batelière;075;école;ECOLE MATERNELLE;Paris  9e  Arrondissement;1979-09-01;bdnb-bc-P2U4-CV18-A2CS;bdnb-bg-DDD3-4NS7-8XDR;75;421.0;18.5;Paris 9e Arrondissement;2023.0;;;;INDETERMINE;INDETERMINE;6.0;11.0;1101.0;Tertiaire & Autres;Tertiaire;"[""VILLE DE PARIS""]"
0752762V;DWQ8BRXFX87N;E.M.PU GRANGE BATELIERE 11 rue de la Grange Batelière;075;école;ECOLE MATERNELLE;Paris  9e  Arrondissement;1979-09-01;bdnb-bc-YKUG-F3MW-CJMC;bdnb-bg-DDD3-4NS7-8XDR;75;97.0;6.2;Paris 9e Arrondissement;2023.0;;;;INDETERMINE;INDETERMINE;6.0;11.0;1101.0;Tertiaire & Autres;Tertiaire;"[""VILLE DE PARIS""]"
0752762V;C2NEBYSEPVHC;E.M.PU GRANGE BATELIERE 11 rue de la Grange Batelière;075;école;ECOLE MATERNELLE;Paris  9e  Arrondissement;1979-09-01;bdnb-bc-6VEM-WS77-D471;bdnb-bg-DDD3-4NS7-8XDR;75;532.0;9.0;Paris 9e Arrondissement;2023.0;;;;INDETERMINE;INDETERMINE;6.0;11.0;1101.0;Tertiaire & Autres;Tertiaire;"[""VILLE DE PARIS""]"
0752762V;TBPM6GJQCTSR;E.M.PU GRANGE BATELIERE 11 rue de la Grange Batelière;075;école;ECOLE MATERNELLE;Paris  9e  Arrondissement;1979-09-01;bdnb-bc-HGER-6BC5-FW7J;bdnb-bg-DDD3-4NS7-8XDR;75;51.0;5.0;Paris 9e Arrondissement;2023.0;;;;INDETERMINE;INDETERMINE;6.0;11.0;1101.0;Tertiaire & Autres;Tertiaire;"[""VILLE DE PARIS""]"
0752768B;8GEYS47GPCDR;E.M.PU OLIVIER METRA 31 rue Olivier Métra;075;école;ECOLE MATERNELLE;Paris 20e  Arrondissement;1979-09-01;bdnb-bc-WPDG-7V36-P5HD;bdnb-bg-GR1L-CMSZ-991J;75;112.0;3.8;Paris 20e Arrondissement;2024.0;;;;INDETERMINE;INDETERMINE;3.0;5.0;1322.0;Tertiaire & Autres;Tertiaire;"[""VILLE DE PARIS""]"
0752768B;QN7Q4VMRADRH;E.M.PU OLIVIER METRA 31 rue Olivier Métra;075;école;ECOLE MATERNELLE;Paris 20e  Arrondissement;1979-09-01;bdnb-bc-1927-EQBQ-VAAY;bdnb-bg-GR1L-CMSZ-991J;75;657.0;8.1;Paris 20e Arrondissement;2024.0;;;;INDETERMINE;INDETERMINE;3.0;5.0;1322.0;Tertiaire & Autres;Tertiaire;"[""VILLE DE PARIS""]"
0752834Y;RMXJH541YM3K;E.M.PU AUBERVILLIERS 132 rue d'Aubervilliers;075;école;ECOLE MATERNELLE;Paris 19e  Arrondissement;1980-09-01;bdnb-bc-ZXLK-GZQ6-ZSLW;bdnb-bg-GWNC-WS2Y-VEN2;75;1540.0;35.1;Paris 19e Arrondissement;1975.0;1974.0;E;;BRIQUES - AUTRES;INDETERMINE;15.0;22.0;6370.0;Résidentiel collectif;Résidentiel collectif;"[""SCI LILAS SAINTE-HONORINE"", ""CABINET GARRAUD MAILLET"", ""SCI MAKALEX"", ""SOCIETE CIVILE IMMOBILIERE INVESTIMM"", ""HUA RESSOURCES"", ""GROUPE 7"", ""CURACAO"", ""TEMY"", ""SCI AV   RAF"", ""MARAIS POITEVIN"", ""NOVAPIERRE RESIDENTIEL"", ""ACE"", ""SCI SALOMON"", ""LEVINA"", ""ESTELLE YOHAN"", ""SCI PVI"", ""3N"", ""L ETOILE"", ""GROUPE A G S A"", ""MIRIAM IMMO"", ""SCI I N M EZER"", ""BORKANA IMMO"", ""LA CIGALE"", ""LA HULOTTE"", ""ST-CHRISTOPHER'S PARIS"", ""SCI AB IMMO"", ""HE"", ""BELLISIMMO"", ""IMMO 168"", ""IMMO DE FRANCE PARIS ILE DE FRANCE"", ""GARMA"", ""3 CF"", ""CURIAL 5"", ""IMMOBILIERE 3F"", ""SOCIETE ANONYME D'HABITATIONS A LOYER MODERE TOIT ET JOIE"", ""L'ETOILE"", ""SCI PRIMA"", ""DINAJEN"", ""SCI DES CISTES"", ""SOCIETE A RESPONSABILITE LIMITEE LES ETUDIANTS"", ""SCI SMILA"", ""LE CABINET"", ""IMMOCAP 3"", ""ORION"", ""SCI ABH"", ""GALAC"", ""YOSMAN"", ""SCI PEAPEM"", ""SCI LI'A V W"", ""SCI ELTAY""]"
0752835Z;TZA1SE5GEJ9X;E.M.PU EIDERS 5 allée des Eiders;075;école;ECOLE MATERNELLE;Paris 19e  Arrondissement;1980-09-01;bdnb-bc-FSA5-YXNC-2JE4;bdnb-bg-YTB6-UE6A-28LJ;75;691.0;3.7;Paris 19e Arrondissement;2023.0;;;;INDETERMINE;INDETERMINE;1.0;4.0;691.0;Tertiaire & Autres;Tertiaire;"[""VILLE DE PARIS""]"
0752838C;RMXJH541YM3K;E.E.PU AUBERVILLIERS C 132 rue d'Aubervilliers;075;école;ECOLE DE NIVEAU ELEMENTAIRE;Paris 19e  Arrondissement;1980-09-01;bdnb-bc-ZXLK-GZQ6-ZSLW;bdnb-bg-GWNC-WS2Y-VEN2;75;1540.0;35.1;Paris 19e Arrondissement;1975.0;1974.0;E;;BRIQUES - AUTRES;INDETERMINE;15.0;22.0;6370.0;Résidentiel collectif;Résidentiel collectif;"[""SCI LILAS SAINTE-HONORINE"", ""CABINET GARRAUD MAILLET"", ""SCI MAKALEX"", ""SOCIETE CIVILE IMMOBILIERE INVESTIMM"", ""HUA RESSOURCES"", ""GROUPE 7"", ""CURACAO"", ""TEMY"", ""SCI AV   RAF"", ""MARAIS POITEVIN"", ""NOVAPIERRE RESIDENTIEL"", ""ACE"", ""SCI SALOMON"", ""LEVINA"", ""ESTELLE YOHAN"", ""SCI PVI"", ""3N"", ""L ETOILE"", ""GROUPE A G S A"", ""MIRIAM IMMO"", ""SCI I N M EZER"", ""BORKANA IMMO"", ""LA CIGALE"", ""LA HULOTTE"", ""ST-CHRISTOPHER'S PARIS"", ""SCI AB IMMO"", ""HE"", ""BELLISIMMO"", ""IMMO 168"", ""IMMO DE FRANCE PARIS ILE DE FRANCE"", ""GARMA"", ""3 CF"", ""CURIAL 5"", ""IMMOBILIERE 3F"", ""SOCIETE ANONYME D'HABITATIONS A LOYER MODERE TOIT ET JOIE"", ""L'ETOILE"", ""SCI PRIMA"", ""DINAJEN"", ""SCI DES CISTES"", ""SOCIETE A RESPONSABILITE LIMITEE LES ETUDIANTS"", ""SCI SMILA"", ""LE CABINET"", ""IMMOCAP 3"", ""ORION"", ""SCI ABH"", ""GALAC"", ""YOSMAN"", ""SCI PEAPEM"", ""SCI LI'A V W"", ""SCI ELTAY""]"
0752839D;Q7EJCH412YNR;E.P.PU FRERES VOISIN 3 boulevard des Frères Voisin;075;école;ECOLE DE NIVEAU ELEMENTAIRE;Paris 15e  Arrondissement;1980-09-01;bdnb-bc-VVZK-M3SC-53W4;bdnb-bg-7XS6-JCAE-ERZS;75;84.0;5.6;Paris 15e Arrondissement;1997.0;;;;INDETERMINE;INDETERMINE;1.0;5.0;9964.0;Tertiaire & Autres;Tertiaire;"[""VILLE DE PARIS"", ""RTE RESEAU DE TRANSPORT D ELECTRICITE""]"
0752839D;1445TAE2F8V4;E.P.PU FRERES VOISIN 3 boulevard des Frères Voisin;075;école;ECOLE DE NIVEAU ELEMENTAIRE;Paris 15e  Arrondissement;1980-09-01;bdnb-bc-VA65-XYU6-EBYR;bdnb-bg-7XS6-JCAE-ERZS;75;1647.0;5.6;Paris 15e Arrondissement;1997.0;;;;INDETERMINE;INDETERMINE;1.0;5.0;9964.0;Tertiaire & Autres;Tertiaire;"[""VILLE DE PARIS"", ""RTE RESEAU DE TRANSPORT D ELECTRICITE""]"
0752839D;1P1G99CAD8GM;E.P.PU FRERES VOISIN 3 boulevard des Frères Voisin;075;école;ECOLE DE NIVEAU ELEMENTAIRE;Paris 15e  Arrondissement;1980-09-01;bdnb-bc-R47V-2YYB-AQ67;bdnb-bg-7XS6-JCAE-ERZS;75;60.0;4.7;Paris 15e Arrondissement;1997.0;;;;INDETERMINE;INDETERMINE;1.0;5.0;9964.0;Tertiaire & Autres;Tertiaire;"[""VILLE DE PARIS"", ""RTE RESEAU DE TRANSPORT D ELECTRICITE""]"
0752840E;WMPCTS384D8Y;E.P.PU PELLEPORT 166 rue de Pelleport;075;école;ECOLE DE NIVEAU ELEMENTAIRE;Paris 20e  Arrondissement;1980-09-01;bdnb-bc-P9C4-R8N8-YSRV;bdnb-bg-VYDD-89ET-ZHPR;75;675.0;13.9;Paris 20e Arrondissement;1934.0;;;;BRIQUES - MEULIERE;BETON;4.0;14.0;2271.0;Tertiaire & Autres;Tertiaire;"[""VILLE DE PARIS""]"
0752960K;GB4V4EV845DT;E.M.PU MOURAUD 9 rue Mouraud;075;école;ECOLE MATERNELLE;Paris 20e  Arrondissement;1982-09-01;bdnb-bc-MKZM-3E8T-GHU4;bdnb-bg-FNGG-4JXU-KEUG;75;226.0;7.2;Paris 20e Arrondissement;1985.0;;;;INDETERMINE;INDETERMINE;4.0;9.0;2600.0;Tertiaire & Autres;Tertiaire;"[""VILLE DE PARIS""]"
0753205B;Y352YNJ8ZDME;E.E.PU JEAN ZAY 18 rue Jean Zay;075;école;ECOLE DE NIVEAU ELEMENTAIRE;Paris 14e  Arrondissement;1985-09-01;bdnb-bc-VFDN-TPSK-WSJF;bdnb-bg-BTFB-1JDY-QD6H;75;1339.0;10.5;Paris 14e Arrondissement;1984.0;;;;AUTRES;AUTRES;3.0;11.0;1339.0;Résidentiel collectif;Tertiaire;"[""VILLE DE PARIS""]"
0753257H;5ES852D8K23E;E.E.A.PU FRANCOIS COPPEE 14 rue François Coppée;075;école;ECOLE ELEMENTAIRE D APPLICATION;Paris 15e  Arrondissement;1965-10-31;bdnb-bc-QA8X-3QSN-VHWG;bdnb-bg-J8HS-TT5E-5UU8;75;112.0;5.0;Paris 15e Arrondissement;2023.0;;;;INDETERMINE;INDETERMINE;2.0;5.0;1807.0;Tertiaire & Autres;Tertiaire;"[""VILLE DE PARIS""]"
0753414D;JNGANS6BKFVX;E.P.PU MONTEMPOIVRE 16 rue Montempoivre;075;école;ECOLE DE NIVEAU ELEMENTAIRE;Paris 12e  Arrondissement;1987-09-01;bdnb-bc-9D8A-A4PP-ZNQ4;bdnb-bg-16TX-JSR4-M1X8;75;1079.0;8.7;Paris 12e Arrondissement;1990.0;;;;INDETERMINE;INDETERMINE;2.0;7.0;1130.0;Résidentiel collectif;Tertiaire;"[""REGIE IMMOBILIERE DE LA VILLE DE PARIS""]"
0753414D;TBMN83YAKWTC;E.P.PU MONTEMPOIVRE 16 rue Montempoivre;075;école;ECOLE DE NIVEAU ELEMENTAIRE;Paris 12e  Arrondissement;1987-09-01;bdnb-bc-MRHQ-W66K-EU7Q;bdnb-bg-16TX-JSR4-M1X8;75;51.0;5.5;Paris 12e Arrondissement;1990.0;;;;INDETERMINE;INDETERMINE;2.0;7.0;1130.0;Résidentiel collectif;Tertiaire;"[""REGIE IMMOBILIERE DE LA VILLE DE PARIS""]"
0753436C;VEV8TEHWVZ9T;E.M.PU OUEST 13 rue de l'Ouest;075;école;ECOLE MATERNELLE;Paris 14e  Arrondissement;1987-09-01;bdnb-bc-9R7H-UAUZ-B844;bdnb-bg-KR3Q-L7NX-332Q;75;2017.0;15.5;Paris 14e Arrondissement;1986.0;1986.0;C;;INDETERMINE;INDETERMINE;6.0;8.0;2076.0;Résidentiel collectif;Tertiaire;"[""VILLE DE PARIS"", ""PARIS HABITAT-OPH""]"
0753518S;FEJP2RAMPSJD;Collège Gustave Flaubert;075;collège;COLLEGE;Paris 13e  Arrondissement;1988-09-03;bdnb-bc-EAMK-2UHE-J42N;bdnb-bg-N9RC-T5F9-UUFJ;75;1960.0;13.1;Paris 13e Arrondissement;1989.0;;;;INDETERMINE;INDETERMINE;2.0;13.0;1960.0;Résidentiel collectif;Tertiaire;"[""VILLE DE PARIS""]"
0753747R;XDPFQZC5FX17;E.M.PU ARMAND ROUSSEAU 13 avenue Armand Rousseau;075;école;ECOLE MATERNELLE;Paris 12e  Arrondissement;1967-10-09;bdnb-bc-N34N-BD5C-8Y7B;bdnb-bg-TZK4-R3CS-4GGJ;75;1290.0;8.5;Paris 12e Arrondissement;2001.0;;;;AUTRES;TUILES;1.0;6.0;1552.0;Résidentiel collectif;Tertiaire;"[""VILLE DE PARIS""]"
0753937X;K5TRY2FYZY88;Collège Evariste Galois;075;collège;COLLEGE;Paris 13e  Arrondissement;1968-04-24;bdnb-bc-B1YR-EAVN-V9C9;bdnb-bg-WXUX-UP2K-N9DD;75;1428.0;3.5;Paris 13e Arrondissement;1956.0;;;;AUTRES;ZINC ALUMINIUM;5.0;9.0;3860.0;Résidentiel collectif;Tertiaire;"[""VILLE DE PARIS""]"
0754355B;765JAD6FA6H2;Collège Robert Doisneau;075;collège;COLLEGE;Paris 20e  Arrondissement;1990-09-01;bdnb-bc-WEXP-MHS1-LCEU;bdnb-bg-7B24-7JU3-1MRB;75;198.0;13.2;Paris 20e Arrondissement;2024.0;;;;INDETERMINE;INDETERMINE;5.0;14.0;2491.0;Tertiaire & Autres;Tertiaire;"[""VILLE DE PARIS""]"
0754487V;YXHGS7F15145;E.E.PU GUTENBERG V 50 rue de Gutenberg;075;école;ECOLE DE NIVEAU ELEMENTAIRE;Paris 15e  Arrondissement;1993-09-01;bdnb-bc-LNC2-LKRC-XQN9;bdnb-bg-KXB8-KAN2-G59P;75;683.0;10.0;Paris 15e Arrondissement;1993.0;;;;INDETERMINE;INDETERMINE;1.0;7.0;1040.0;Tertiaire & Autres;Tertiaire;"[""VILLE DE PARIS""]"
0754487V;ERSCR8F86HDC;E.E.PU GUTENBERG V 50 rue de Gutenberg;075;école;ECOLE DE NIVEAU ELEMENTAIRE;Paris 15e  Arrondissement;1993-09-01;bdnb-bc-W9VE-ABV4-TMRN;bdnb-bg-KXB8-KAN2-G59P;75;301.0;4.4;Paris 15e Arrondissement;1993.0;;;;INDETERMINE;INDETERMINE;1.0;7.0;1040.0;Tertiaire & Autres;Tertiaire;"[""VILLE DE PARIS""]"
0754487V;WJ7281982STV;E.E.PU GUTENBERG V 50 rue de Gutenberg;075;école;ECOLE DE NIVEAU ELEMENTAIRE;Paris 15e  Arrondissement;1993-09-01;bdnb-bc-HCF7-1CNN-2X78;bdnb-bg-KXB8-KAN2-G59P;75;56.0;5.0;Paris 15e Arrondissement;1993.0;;;;INDETERMINE;INDETERMINE;1.0;7.0;1040.0;Tertiaire & Autres;Tertiaire;"[""VILLE DE PARIS""]"
0754489X;ZAYCYQ2EGC8Z;E.M.PU J.B CLEMENT 4 place Jean-Baptiste Clément;075;école;ECOLE MATERNELLE;Paris 18e  Arrondissement;1992-09-01;bdnb-bc-MD1T-M3FS-DMD8;bdnb-bg-6B1Y-AWLC-L63E;75;403.0;16.0;Paris 18e Arrondissement;1992.0;;;;INDETERMINE;INDETERMINE;5.0;16.0;403.0;Tertiaire & Autres;Tertiaire;"[""VILLE DE PARIS""]"
0754489X;JXW9928VTWH9;E.M.PU J.B CLEMENT 4 place Jean-Baptiste Clément;075;école;ECOLE MATERNELLE;Paris 18e  Arrondissement;1992-09-01;bdnb-bc-Y8P2-7DUR-9Z24;bdnb-bg-4M3N-6MX3-SYCF;75;33.0;18.4;Paris 18e Arrondissement;;;;;;;;18.0;33.0;;;
0754689P;9A51J6ZYGBPR;E.M.PU LEPAGE 11 cité Lepage;075;école;ECOLE MATERNELLE;Paris 19e  Arrondissement;1994-09-01;bdnb-bc-XMTA-FVVA-593K;bdnb-bg-DDF4-M699-UXUQ;75;1172.0;13.6;Paris 19e Arrondissement;2023.0;;;;INDETERMINE;INDETERMINE;2.0;11.0;1206.0;Tertiaire & Autres;Tertiaire;"[""VILLE DE PARIS""]"
0754825M;Z2M9NQNTK7R7;E.P.PU LOUVOIS-VIVIENNE 6 rue de Louvois;075;école;ECOLE DE NIVEAU ELEMENTAIRE;Paris  2e  Arrondissement;1997-09-01;bdnb-bc-2K9U-MG4C-U9ZW;bdnb-bg-R2VD-JJVN-UKX7;75;221.0;20.8;Paris 2e Arrondissement;2023.0;;;;INDETERMINE;INDETERMINE;5.0;20.0;286.0;Tertiaire & Autres;Tertiaire;"[""VILLE DE PARIS""]"
0754825M;JTE7NZ7NZX65;E.P.PU LOUVOIS-VIVIENNE 6 rue de Louvois;075;école;ECOLE DE NIVEAU ELEMENTAIRE;Paris  2e  Arrondissement;1997-09-01;bdnb-bc-R4BD-L4AJ-JKHC;bdnb-bg-R2VD-JJVN-UKX7;75;66.0;18.4;Paris 2e Arrondissement;2023.0;;;;INDETERMINE;INDETERMINE;5.0;20.0;286.0;Tertiaire & Autres;Tertiaire;"[""VILLE DE PARIS""]"
0754827P;PXQ5JVKVMTWJ;E.P.PU BALANCHINE 8 rue George Balanchine;075;école;ECOLE DE NIVEAU ELEMENTAIRE;Paris 13e  Arrondissement;1997-09-01;bdnb-bc-D7GN-EGH3-DPA7;bdnb-bg-QZY2-98YS-NDZQ;75;941.0;25.4;Paris 13e Arrondissement;1998.0;1998.0;D;;INDETERMINE;INDETERMINE;9.0;11.0;2115.0;Résidentiel collectif;Tertiaire;"[""VILLE DE PARIS"", ""REGIE IMMOBILIERE DE LA VILLE DE PARIS"", ""SOC ETUDE MAITRISE OUVRAGE AMENAGEMENT PARISIENNE""]"
0754869K;389MRGFRFP1D;E.M.PU MARTEL K 9 rue Martel;075;école;ECOLE MATERNELLE;Paris 10e  Arrondissement;1998-09-01;bdnb-bc-4W6Q-3HXB-CQPW;bdnb-bg-CRRW-C472-BK2S;75;263.0;6.6;Paris 10e Arrondissement;1883.0;;;;PIERRE;TUILES;3.0;13.0;1589.0;Tertiaire & Autres;Tertiaire;"[""VILLE DE PARIS""]"
0754869K;TR7FFSRDZHTK;E.M.PU MARTEL K 9 rue Martel;075;école;ECOLE MATERNELLE;Paris 10e  Arrondissement;1998-09-01;bdnb-bc-RBWQ-VMWJ-TZ75;bdnb-bg-CRRW-C472-BK2S;75;313.0;18.5;Paris 10e Arrondissement;1883.0;;;;PIERRE;TUILES;3.0;13.0;1589.0;Tertiaire & Autres;Tertiaire;"[""VILLE DE PARIS""]"
0754869K;5R4WVZZ3FTXW;E.M.PU MARTEL K 9 rue Martel;075;école;ECOLE MATERNELLE;Paris 10e  Arrondissement;1998-09-01;bdnb-bc-4YYE-CCL2-2PPB;bdnb-bg-CRRW-C472-BK2S;75;36.0;5.0;Paris 10e Arrondissement;1883.0;;;;PIERRE;TUILES;3.0;13.0;1589.0;Tertiaire & Autres;Tertiaire;"[""VILLE DE PARIS""]"
0754869K;P3Z4ETJPX8VD;E.M.PU MARTEL K 9 rue Martel;075;école;ECOLE MATERNELLE;Paris 10e  Arrondissement;1998-09-01;bdnb-bc-NSTW-S5Y5-ZLYG;bdnb-bg-CRRW-C472-BK2S;75;58.0;8.4;Paris 10e Arrondissement;1883.0;;;;PIERRE;TUILES;3.0;13.0;1589.0;Tertiaire & Autres;Tertiaire;"[""VILLE DE PARIS""]"
0754869K;D3GTHBTWRH2T;E.M.PU MARTEL K 9 rue Martel;075;école;ECOLE MATERNELLE;Paris 10e  Arrondissement;1998-09-01;bdnb-bc-D35M-ADUU-DD7M;bdnb-bg-CRRW-C472-BK2S;75;536.0;8.4;Paris 10e Arrondissement;1883.0;;;;PIERRE;TUILES;3.0;13.0;1589.0;Tertiaire & Autres;Tertiaire;"[""VILLE DE PARIS""]"
0754869K;G4H9PV4SWXBC;E.M.PU MARTEL K 9 rue Martel;075;école;ECOLE MATERNELLE;Paris 10e  Arrondissement;1998-09-01;bdnb-bc-NFBN-RZHH-VTEU;bdnb-bg-CRRW-C472-BK2S;75;311.0;18.8;Paris 10e Arrondissement;1883.0;;;;PIERRE;TUILES;3.0;13.0;1589.0;Tertiaire & Autres;Tertiaire;"[""VILLE DE PARIS""]"
0754869K;CN4F34GTYP9J;E.M.PU MARTEL K 9 rue Martel;075;école;ECOLE MATERNELLE;Paris 10e  Arrondissement;1998-09-01;bdnb-bc-S8D1-7ZT8-J6V4;bdnb-bg-CRRW-C472-BK2S;75;54.0;8.4;Paris 10e Arrondissement;1883.0;;;;PIERRE;TUILES;3.0;13.0;1589.0;Tertiaire & Autres;Tertiaire;"[""VILLE DE PARIS""]"
0754941N;MG3GAV4JX52N;E.M.PU GEORGES THILL 11 rue Georges Thill;075;école;ECOLE MATERNELLE;Paris 19e  Arrondissement;1999-09-01;bdnb-bc-C1T5-78EM-T8LE;bdnb-bg-QSSH-P8KU-HJ4W;75;1062.0;14.2;Paris 19e Arrondissement;2023.0;2000.0;;;INDETERMINE;INDETERMINE;3.0;14.0;1190.0;Tertiaire & Autres;Tertiaire;"[""VILLE DE PARIS""]"
0755182A;T5XKKMKAEMXR;Lycée expérimental La Ville Pour Ecole;075;lycée;LYCEE EXPERIMENTAL;Paris 13e  Arrondissement;2005-09-01;bdnb-bc-5QQ3-L2XR-BR64;bdnb-bg-KUX4-RM15-GMFN;75;2139.0;16.6;Paris 13e Arrondissement;1962.0;;;;BRIQUES;BETON;5.0;11.0;2741.0;Tertiaire & Autres;Tertiaire;"[""VILLE DE PARIS""]"
0755779Z;1NK4T68S55YQ;Collège La rose blanche;075;collège;COLLEGE;Paris 17e  Arrondissement;2015-09-01;bdnb-bc-M1JY-NJ8X-4SQ6;bdnb-bg-TR8L-9B2C-H2YE;75;1080.0;5.0;Paris 17e Arrondissement;2015.0;;;;INDETERMINE;INDETERMINE;3.0;19.0;3026.0;Tertiaire & Autres;Tertiaire;"[""VILLE DE PARIS""]"
0755841S;F8YRCXHXVDW8;E.P.PU OLIVIER METRA 32 rue Olivier Métra;075;école;ECOLE DE NIVEAU ELEMENTAIRE;Paris 20e  Arrondissement;2016-09-01;bdnb-bc-5FA7-FJY8-3NHX;bdnb-bg-3NXR-F6ZU-DHUZ;75;1063.0;8.7;Paris 20e Arrondissement;2009.0;;;;INDETERMINE;INDETERMINE;5.0;9.0;1063.0;Tertiaire & Autres;Tertiaire;"[""VILLE DE PARIS""]"
0930100D;BNG9SXV4SGPM;Collège Eric Tabarly;093;collège;COLLEGE;Les Pavillons-sous-Bois;1965-05-01;bdnb-bc-M1P8-RRPG-TKGK;bdnb-bg-91AB-RTH8-ZMBR;93;3449.0;7.0;Les Pavillons-sous-Bois;1999.0;;;D;AUTRES;AUTRES;1.0;9.0;3472.0;Tertiaire & Autres;Tertiaire;"[""DEPARTEMENT DE LA SEINE SAINT DENIS""]"
0930122C;SEYZG1TGDDMF;Lycée général et technologique Condorcet;093;lycée;LYCEE ENSEIGNT GENERAL ET TECHNOLOGIQUE;Montreuil;1965-05-01;bdnb-bc-QL78-YGQU-D8EZ;bdnb-bg-H1RA-7V3F-6FBB;93;410.0;14.8;Montreuil;2017.0;2017.0;;;INDETERMINE;INDETERMINE;1.0;15.0;711.0;Résidentiel collectif;Résidentiel collectif;"[""SOFILOGIS""]"
0930130L;SEYZG1TGDDMF;Lycée professionnel Condorcet - Lycée des métiers de la maintenance des véhicules et du traitement de matériaux;093;lycée;LYCEE PROFESSIONNEL;Montreuil;1965-05-01;bdnb-bc-QL78-YGQU-D8EZ;bdnb-bg-H1RA-7V3F-6FBB;93;410.0;14.8;Montreuil;2017.0;2017.0;;;INDETERMINE;INDETERMINE;1.0;15.0;711.0;Résidentiel collectif;Résidentiel collectif;"[""SOFILOGIS""]"
0930136T;KMG4SAC2QV1T;Lycée polyvalent Claude-Nicolas Ledoux - Lycée des métiers du bâtiment, des travaux publics et de la menuiserie;093;lycée;LYCEE POLYVALENT;Les Pavillons-sous-Bois;1965-05-01;bdnb-bc-9VL8-VSP1-64ES;bdnb-bg-FP86-5GQK-YRK3;93;963.0;7.0;Les Pavillons-sous-Bois;1956.0;;;;INDETERMINE;INDETERMINE;5.0;10.0;3641.0;Résidentiel collectif;Tertiaire;"[""REGION ILE DE FRANCE""]"
0930136T;E5KN84S7SG65;Lycée polyvalent Claude-Nicolas Ledoux - Lycée des métiers du bâtiment, des travaux publics et de la menuiserie;093;lycée;LYCEE POLYVALENT;Les Pavillons-sous-Bois;1965-05-01;bdnb-bc-WWX7-PSAL-Y9A7;bdnb-bg-FP86-5GQK-YRK3;93;2678.0;13.3;Les Pavillons-sous-Bois;1956.0;;;;INDETERMINE;INDETERMINE;5.0;10.0;3641.0;Résidentiel collectif;Tertiaire;"[""REGION ILE DE FRANCE""]"
0930150H;EN38BBXFRT7A;Ecole élémentaire Victor Hugo;093;école;ECOLE DE NIVEAU ELEMENTAIRE;Saint-Denis;1965-05-01;bdnb-bc-LCX9-QJY5-1DJ9;bdnb-bg-RFFF-LHN9-M1A9;93;1476.0;11.5;Saint-Denis;1905.0;;;;BRIQUES;AUTRES;2.0;6.0;2905.0;Résidentiel collectif;Tertiaire;"[""COMMUNE DE SAINT-DENIS""]"
0930152K;53FS3NQQSCQN;Ecole élémentaire Pierre Lerenard;093;école;ECOLE DE NIVEAU ELEMENTAIRE;Noisy-le-Sec;1965-05-01;bdnb-bc-S4DN-ZHNG-RUPT;bdnb-bg-W2KV-PY96-9UJL;93;2225.0;11.8;Noisy-le-Sec;1933.0;1951.0;;;BRIQUES;TUILES;3.0;12.0;2225.0;Résidentiel collectif;Tertiaire;"[""COMMUNE DE NOISY LE SEC""]"
0930154M;J16BB6BZ2XKG;Ecole élémentaire Foch 1;093;école;ECOLE DE NIVEAU ELEMENTAIRE;Villemomble;1965-05-01;bdnb-bc-83HM-7L5H-VRX2;bdnb-bg-DCFX-P88Z-EY6F;93;3013.0;9.2;Villemomble;2006.0;1900.0;D;;INDETERMINE;INDETERMINE;1.0;5.0;3076.0;Résidentiel individuel;Tertiaire;"[""COMMUNE DE VILLEMOMBLE""]"
0930158S;QEXDTGV2S6X6;Ecole élémentaire Jean Rostand;093;école;ECOLE DE NIVEAU ELEMENTAIRE;Stains;1965-05-01;bdnb-bc-7ZPJ-3Q8L-J3QV;bdnb-bg-N7B2-JYYE-KXL4;93;626.0;8.2;Stains;;;;;;;;7.0;3677.0;;Tertiaire;
0930186X;1K8F1PGTKY2N;Ecole élémentaire Jacques Decour;093;école;ECOLE DE NIVEAU ELEMENTAIRE;Bobigny;1965-05-01;bdnb-bc-UP8Q-G9VD-XFGC;bdnb-bg-C3D9-ADN3-F3ZU;93;3858.0;11.7;Bobigny;2020.0;;;;INDETERMINE;INDETERMINE;1.0;9.0;5803.0;Tertiaire & Autres;Tertiaire;"[""COMMUNE DE BOBIGNY"", ""DEPARTEMENT DE LA SEINE SAINT DENIS""]"
0930187Y;D8RPEQWDGD86;Ecole élémentaire Monceau;093;école;ECOLE DE NIVEAU ELEMENTAIRE;Les Pavillons-sous-Bois;1965-05-01;bdnb-bc-XVUE-287Z-7MCH;bdnb-bg-DBQ5-715J-9ZFL;93;926.0;19.6;Les Pavillons-sous-Bois;1954.0;;;;BRIQUES;TUILES;3.0;9.0;2390.0;Tertiaire & Autres;Tertiaire;"[""COMMUNE DE PAVILLONS SOUS BOIS""]"
0930193E;A8NRKNXZFCM2;Ecole élémentaire Henri Barbusse;093;école;ECOLE DE NIVEAU ELEMENTAIRE;Romainville;1965-05-01;bdnb-bc-NSC6-K8AS-XJPM;bdnb-bg-3PTP-3AXP-K6HC;93;177.0;9.2;Romainville;;;;;;;;7.0;990.0;;Tertiaire;
0930193E;XA9T1FSRTGXK;Ecole élémentaire Henri Barbusse;093;école;ECOLE DE NIVEAU ELEMENTAIRE;Romainville;1965-05-01;bdnb-bc-EYAU-LYAZ-L5MR;bdnb-bg-3PTP-3AXP-K6HC;93;489.0;7.7;Romainville;;;;;;;;7.0;990.0;;Tertiaire;
0930226R;GXX1EMSX9QPK;Ecole élémentaire spécialisée Charles Auray;093;école;ECOLE DE NIVEAU ELEMENTAIRE SPECIALISEE;Pantin;1965-05-01;bdnb-bc-TJ56-GN2G-VTB4;bdnb-bg-PRRE-SFY8-4FT5;93;631.0;12.9;Pantin;1903.0;1899.0;F;C;INDETERMINE;INDETERMINE;3.0;7.0;3198.0;Tertiaire & Autres;Tertiaire;"[""COMMUNE DE PANTIN""]"
0930226R;1H6FP5J287Z4;Ecole élémentaire spécialisée Charles Auray;093;école;ECOLE DE NIVEAU ELEMENTAIRE SPECIALISEE;Pantin;1965-05-01;bdnb-bc-HKVL-X1AC-6YFW;bdnb-bg-PRRE-SFY8-4FT5;93;24.0;12.5;Pantin;1903.0;1899.0;F;C;INDETERMINE;INDETERMINE;3.0;7.0;3198.0;Tertiaire & Autres;Tertiaire;"[""COMMUNE DE PANTIN""]"
0930226R;489NK2P321AB;Ecole élémentaire spécialisée Charles Auray;093;école;ECOLE DE NIVEAU ELEMENTAIRE SPECIALISEE;Pantin;1965-05-01;bdnb-bc-QT84-MWRZ-UZEW;bdnb-bg-PRRE-SFY8-4FT5;93;162.0;3.1;Pantin;1903.0;1899.0;F;C;INDETERMINE;INDETERMINE;3.0;7.0;3198.0;Tertiaire & Autres;Tertiaire;"[""COMMUNE DE PANTIN""]"
0930226R;CKQ6RBKXAGN6;Ecole élémentaire spécialisée Charles Auray;093;école;ECOLE DE NIVEAU ELEMENTAIRE SPECIALISEE;Pantin;1965-05-01;bdnb-bc-972E-KNRZ-E9R4;bdnb-bg-PRRE-SFY8-4FT5;93;133.0;4.9;Pantin;1903.0;1899.0;F;C;INDETERMINE;INDETERMINE;3.0;7.0;3198.0;Tertiaire & Autres;Tertiaire;"[""COMMUNE DE PANTIN""]"
0930248P;VGKEGQCM413V;Ecole élémentaire Roger Salengro;093;école;ECOLE DE NIVEAU ELEMENTAIRE;Bondy;1965-05-01;bdnb-bc-SLE4-KFQM-LB79;bdnb-bg-J88X-QWR7-G5ZC;93;3732.0;11.1;Bondy;2012.0;;;;BETON - BRIQUES;BETON;2.0;11.0;3732.0;Tertiaire & Autres;Tertiaire;"[""COMMUNE DE BONDY""]"
0930249R;F3KXMQNTJ38A;Ecole élémentaire Roger Salengro;093;école;ECOLE DE NIVEAU ELEMENTAIRE;Drancy;1965-05-01;bdnb-bc-DYW6-U3MF-5S9Y;bdnb-bg-CM1A-LXXL-13WA;93;1584.0;14.5;Drancy;;;;;INDETERMINE;INDETERMINE;3.0;10.0;1770.0;Résidentiel collectif;Tertiaire;"[""COMMUNE DE DRANCY""]"
0930249R;NAN2Y724GV44;Ecole élémentaire Roger Salengro;093;école;ECOLE DE NIVEAU ELEMENTAIRE;Drancy;1965-05-01;bdnb-bc-KHKE-JNDA-68BP;bdnb-bg-LAMB-M15B-V5AY;93;178.0;2.7;Drancy;1930.0;;D;;AGGLOMERE - AUTRES;BETON - TUILES;2.0;3.0;255.0;Résidentiel individuel;Tertiaire;"[""COMMUNE DE DRANCY""]"
0930249R;WWDXQ4XGTCY9;Ecole élémentaire Roger Salengro;093;école;ECOLE DE NIVEAU ELEMENTAIRE;Drancy;1965-05-01;bdnb-bc-TWVU-TFWB-FV1N;bdnb-bg-384V-PPFT-SLGT;93;132.0;6.6;Drancy;;;;;;;;5.0;1628.0;;Tertiaire;
0930249R;SKQ76SHZTQN3;Ecole élémentaire Roger Salengro;093;école;ECOLE DE NIVEAU ELEMENTAIRE;Drancy;1965-05-01;bdnb-bc-LB48-Z8B3-QWT5;bdnb-bg-384V-PPFT-SLGT;93;72.0;5.8;Drancy;;;;;;;;5.0;1628.0;;Tertiaire;
0930249R;JFGJRKFXN7WP;Ecole élémentaire Roger Salengro;093;école;ECOLE DE NIVEAU ELEMENTAIRE;Drancy;1965-05-01;bdnb-bc-1ATW-97G9-BDLT;bdnb-bg-384V-PPFT-SLGT;93;378.0;6.0;Drancy;;;;;;;;5.0;1628.0;;Tertiaire;
0930249R;DHMHC7BX22KP;Ecole élémentaire Roger Salengro;093;école;ECOLE DE NIVEAU ELEMENTAIRE;Drancy;1965-05-01;bdnb-bc-YKX8-T1EC-U48Q;bdnb-bg-384V-PPFT-SLGT;93;339.0;5.1;Drancy;;;;;;;;5.0;1628.0;;Tertiaire;
0930249R;N47EXJ8MVKNQ;Ecole élémentaire Roger Salengro;093;école;ECOLE DE NIVEAU ELEMENTAIRE;Drancy;1965-05-01;bdnb-bc-46G3-J4PC-FX42;bdnb-bg-CM1A-LXXL-13WA;93;185.0;5.0;Drancy;;;;;INDETERMINE;INDETERMINE;3.0;10.0;1770.0;Résidentiel collectif;Tertiaire;"[""COMMUNE DE DRANCY""]"
0930249R;ZFVRSK6VNXNF;Ecole élémentaire Roger Salengro;093;école;ECOLE DE NIVEAU ELEMENTAIRE;Drancy;1965-05-01;;;;;;;;;;;;;;;;;;
0930249R;92PVFM4RHY1Z;Ecole élémentaire Roger Salengro;093;école;ECOLE DE NIVEAU ELEMENTAIRE;Drancy;1965-05-01;bdnb-bc-7RUS-W1VG-AD1N;bdnb-bg-384V-PPFT-SLGT;93;24.0;3.0;Drancy;;;;;;;;5.0;1628.0;;Tertiaire;
0930249R;X9BVFY5PA6MM;Ecole élémentaire Roger Salengro;093;école;ECOLE DE NIVEAU ELEMENTAIRE;Drancy;1965-05-01;bdnb-bc-R4HA-4F5V-4CBQ;bdnb-bg-384V-PPFT-SLGT;93;23.0;3.0;Drancy;;;;;;;;5.0;1628.0;;Tertiaire;
0930249R;K8Q5FCXKKKWV;Ecole élémentaire Roger Salengro;093;école;ECOLE DE NIVEAU ELEMENTAIRE;Drancy;1965-05-01;;;;;;;;;;;;;;;;;;
0930249R;JZ9PAJ85YS38;Ecole élémentaire Roger Salengro;093;école;ECOLE DE NIVEAU ELEMENTAIRE;Drancy;1965-05-01;bdnb-bc-27WY-MHCF-ZJFB;bdnb-bg-384V-PPFT-SLGT;93;659.0;3.2;Drancy;;;;;;;;5.0;1628.0;;Tertiaire;
0930260C;4DMXTSXHPNJ1;Ecole élémentaire Victor Hugo 1;093;école;ECOLE DE NIVEAU ELEMENTAIRE;Epinay-sur-Seine;1965-05-01;bdnb-bc-Z9Q2-6GDR-XRAT;bdnb-bg-AFZA-3B5R-52H1;93;980.0;5.4;Épinay-sur-Seine;1964.0;;;;BETON - BRIQUES;BETON;3.0;7.0;7388.0;Tertiaire & Autres;Tertiaire;"[""COMMUNE D EPINAY SUR SEINE"", ""REGION ILE DE FRANCE""]"
0930260C;VRP1J9HBXXZR;Ecole élémentaire Victor Hugo 1;093;école;ECOLE DE NIVEAU ELEMENTAIRE;Epinay-sur-Seine;1965-05-01;bdnb-bc-YWQU-VH5N-DP21;bdnb-bg-AFZA-3B5R-52H1;93;184.0;3.2;Épinay-sur-Seine;1964.0;;;;BETON - BRIQUES;BETON;3.0;7.0;7388.0;Tertiaire & Autres;Tertiaire;"[""COMMUNE D EPINAY SUR SEINE"", ""REGION ILE DE FRANCE""]"
0930260C;QPET89TWD31F;Ecole élémentaire Victor Hugo 1;093;école;ECOLE DE NIVEAU ELEMENTAIRE;Epinay-sur-Seine;1965-05-01;bdnb-bc-KYRY-YWBL-SXHV;bdnb-bg-AFZA-3B5R-52H1;93;256.0;4.1;Épinay-sur-Seine;1964.0;;;;BETON - BRIQUES;BETON;3.0;7.0;7388.0;Tertiaire & Autres;Tertiaire;"[""COMMUNE D EPINAY SUR SEINE"", ""REGION ILE DE FRANCE""]"
0930260C;K5CV16X5Z1RR;Ecole élémentaire Victor Hugo 1;093;école;ECOLE DE NIVEAU ELEMENTAIRE;Epinay-sur-Seine;1965-05-01;bdnb-bc-MG4M-5TCQ-S5NP;bdnb-bg-AFZA-3B5R-52H1;93;305.0;5.3;Épinay-sur-Seine;1964.0;;;;BETON - BRIQUES;BETON;3.0;7.0;7388.0;Tertiaire & Autres;Tertiaire;"[""COMMUNE D EPINAY SUR SEINE"", ""REGION ILE DE FRANCE""]"
0930260C;TD6TYWGMK7MR;Ecole élémentaire Victor Hugo 1;093;école;ECOLE DE NIVEAU ELEMENTAIRE;Epinay-sur-Seine;1965-05-01;bdnb-bc-KVPA-F3XD-YMGW;bdnb-bg-AFZA-3B5R-52H1;93;29.0;4.5;Épinay-sur-Seine;1964.0;;;;BETON - BRIQUES;BETON;3.0;7.0;7388.0;Tertiaire & Autres;Tertiaire;"[""COMMUNE D EPINAY SUR SEINE"", ""REGION ILE DE FRANCE""]"
0930260C;WJEVVVJWD62D;Ecole élémentaire Victor Hugo 1;093;école;ECOLE DE NIVEAU ELEMENTAIRE;Epinay-sur-Seine;1965-05-01;bdnb-bc-HVJU-9DS4-BW7S;bdnb-bg-AFZA-3B5R-52H1;93;45.0;4.6;Épinay-sur-Seine;1964.0;;;;BETON - BRIQUES;BETON;3.0;7.0;7388.0;Tertiaire & Autres;Tertiaire;"[""COMMUNE D EPINAY SUR SEINE"", ""REGION ILE DE FRANCE""]"
0930260C;E8MG4PXH9AAC;Ecole élémentaire Victor Hugo 1;093;école;ECOLE DE NIVEAU ELEMENTAIRE;Epinay-sur-Seine;1965-05-01;bdnb-bc-MQPA-AHGJ-QLZJ;bdnb-bg-AFZA-3B5R-52H1;93;970.0;16.9;Épinay-sur-Seine;1964.0;;;;BETON - BRIQUES;BETON;3.0;7.0;7388.0;Tertiaire & Autres;Tertiaire;"[""COMMUNE D EPINAY SUR SEINE"", ""REGION ILE DE FRANCE""]"
0930260C;5D3PFZZRPN4E;Ecole élémentaire Victor Hugo 1;093;école;ECOLE DE NIVEAU ELEMENTAIRE;Epinay-sur-Seine;1965-05-01;bdnb-bc-TU41-5NS1-RHLP;bdnb-bg-AFZA-3B5R-52H1;93;707.0;4.4;Épinay-sur-Seine;1964.0;;;;BETON - BRIQUES;BETON;3.0;7.0;7388.0;Tertiaire & Autres;Tertiaire;"[""COMMUNE D EPINAY SUR SEINE"", ""REGION ILE DE FRANCE""]"
0930260C;PDW77QMVHHM9;Ecole élémentaire Victor Hugo 1;093;école;ECOLE DE NIVEAU ELEMENTAIRE;Epinay-sur-Seine;1965-05-01;bdnb-bc-CN7B-QXT5-1JGV;bdnb-bg-AFZA-3B5R-52H1;93;151.0;5.0;Épinay-sur-Seine;1964.0;;;;BETON - BRIQUES;BETON;3.0;7.0;7388.0;Tertiaire & Autres;Tertiaire;"[""COMMUNE D EPINAY SUR SEINE"", ""REGION ILE DE FRANCE""]"
0930260C;57XXVX6R33EW;Ecole élémentaire Victor Hugo 1;093;école;ECOLE DE NIVEAU ELEMENTAIRE;Epinay-sur-Seine;1965-05-01;bdnb-bc-SU19-GM4J-YAQV;bdnb-bg-AFZA-3B5R-52H1;93;614.0;6.4;Épinay-sur-Seine;1964.0;;;;BETON - BRIQUES;BETON;3.0;7.0;7388.0;Tertiaire & Autres;Tertiaire;"[""COMMUNE D EPINAY SUR SEINE"", ""REGION ILE DE FRANCE""]"
0930271P;A6QRTSHD7STD;Ecole élémentaire Jules Ferry 1;093;école;ECOLE DE NIVEAU ELEMENTAIRE;Bondy;1965-05-01;bdnb-bc-DRKR-3S6V-YUXF;bdnb-bg-A5N2-2PBQ-RGSB;93;1428.0;8.6;Bondy;;;;;;;;5.0;2404.0;;Tertiaire;
0930282B;QEXDTGV2S6X6;Ecole élémentaire Anatole France;093;école;ECOLE DE NIVEAU ELEMENTAIRE;Stains;1965-05-01;bdnb-bc-7ZPJ-3Q8L-J3QV;bdnb-bg-N7B2-JYYE-KXL4;93;626.0;8.2;Stains;;;;;;;;7.0;3677.0;;Tertiaire;
0930282B;PAYKZGS4Z3BT;Ecole élémentaire Anatole France;093;école;ECOLE DE NIVEAU ELEMENTAIRE;Stains;1965-05-01;bdnb-bc-N1V3-9X5S-FJ72;bdnb-bg-N7B2-JYYE-KXL4;93;181.0;7.0;Stains;;;;;;;;7.0;3677.0;;Tertiaire;
0930282B;SZ7WAKY3JK14;Ecole élémentaire Anatole France;093;école;ECOLE DE NIVEAU ELEMENTAIRE;Stains;1965-05-01;bdnb-bc-GAQL-1T5Y-TSMX;bdnb-bg-N7B2-JYYE-KXL4;93;74.0;3.5;Stains;;;;;;;;7.0;3677.0;;Tertiaire;
0930282B;ZNEBF9WYCDWD;Ecole élémentaire Anatole France;093;école;ECOLE DE NIVEAU ELEMENTAIRE;Stains;1965-05-01;bdnb-bc-WW22-SQJ5-L2SF;bdnb-bg-N7B2-JYYE-KXL4;93;91.0;5.7;Stains;;;;;;;;7.0;3677.0;;Tertiaire;
0930282B;GTQXXXNAFFEQ;Ecole élémentaire Anatole France;093;école;ECOLE DE NIVEAU ELEMENTAIRE;Stains;1965-05-01;bdnb-bc-E1QZ-6CQL-5BZX;bdnb-bg-N7B2-JYYE-KXL4;93;276.0;5.9;Stains;;;;;;;;7.0;3677.0;;Tertiaire;
0930282B;JQ1DBFB5PF2G;Ecole élémentaire Anatole France;093;école;ECOLE DE NIVEAU ELEMENTAIRE;Stains;1965-05-01;bdnb-bc-YMH6-Y6C8-M72V;bdnb-bg-N7B2-JYYE-KXL4;93;1224.0;7.8;Stains;;;;;;;;7.0;3677.0;;Tertiaire;
0930282B;FRGP7CTBN4FC;Ecole élémentaire Anatole France;093;école;ECOLE DE NIVEAU ELEMENTAIRE;Stains;1965-05-01;bdnb-bc-RCSR-695U-1WL3;bdnb-bg-N7B2-JYYE-KXL4;93;385.0;6.4;Stains;;;;;;;;7.0;3677.0;;Tertiaire;
0930282B;TJ8BDZP6Q4CA;Ecole élémentaire Anatole France;093;école;ECOLE DE NIVEAU ELEMENTAIRE;Stains;1965-05-01;bdnb-bc-4AWV-WJ6N-TRKV;bdnb-bg-6WEX-UHYD-LCUD;93;58.0;5.7;Stains;1958.0;;;;BRIQUES;TUILES;1.0;6.0;58.0;Résidentiel individuel;Tertiaire;"[""COMMUNE DE STAINS""]"
0930282B;1JKAWHVS15G3;Ecole élémentaire Anatole France;093;école;ECOLE DE NIVEAU ELEMENTAIRE;Stains;1965-05-01;bdnb-bc-C5PB-GBHL-R62Y;bdnb-bg-N7B2-JYYE-KXL4;93;104.0;8.8;Stains;;;;;;;;7.0;3677.0;;Tertiaire;
0930282B;VG7A1F182GCC;Ecole élémentaire Anatole France;093;école;ECOLE DE NIVEAU ELEMENTAIRE;Stains;1965-05-01;bdnb-bc-KM2T-3V7P-ZJCU;bdnb-bg-N7B2-JYYE-KXL4;93;68.0;4.7;Stains;;;;;;;;7.0;3677.0;;Tertiaire;
0930282B;CECQYHBT5RTD;Ecole élémentaire Anatole France;093;école;ECOLE DE NIVEAU ELEMENTAIRE;Stains;1965-05-01;bdnb-bc-LPR8-VA3Q-1RMJ;bdnb-bg-N7B2-JYYE-KXL4;93;648.0;10.8;Stains;;;;;;;;7.0;3677.0;;Tertiaire;
0930285E;RGP899X7RC44;Ecole élémentaire Jean-Jacques Rousseau 2;093;école;ECOLE DE NIVEAU ELEMENTAIRE;Epinay-sur-Seine;1965-05-01;bdnb-bc-1LE4-PW95-9XSY;bdnb-bg-9E3F-CVKU-4RRM;93;1043.0;3.0;Épinay-sur-Seine;1958.0;1957.0;D;;BETON;AUTRES;2.0;3.0;1043.0;Résidentiel collectif;Tertiaire;"[""COMMUNE D EPINAY SUR SEINE""]"
0930288H;BEFWJJ6NQ2C7;Ecole élémentaire Edouard Vaillant;093;école;ECOLE DE NIVEAU ELEMENTAIRE;Pantin;1965-05-01;bdnb-bc-SAFT-CTXB-Z444;bdnb-bg-H2A9-UBZV-V3RQ;93;1505.0;5.7;Pantin;;;;;;;;5.0;3040.0;;Tertiaire;
0930289J;VDANWKBDEF2E;Ecole élémentaire Cottereau;093;école;ECOLE DE NIVEAU ELEMENTAIRE;Noisy-le-Sec;1965-05-01;bdnb-bc-9EKK-6GK4-73JC;bdnb-bg-35SC-H3LX-PA16;93;843.0;9.6;Noisy-le-Sec;1914.0;;;;BRIQUES;ZINC ALUMINIUM;3.0;10.0;843.0;Résidentiel individuel;Tertiaire;"[""COMMUNE DE NOISY LE SEC""]"
0930289J;GBWYEZNN2SNK;Ecole élémentaire Cottereau;093;école;ECOLE DE NIVEAU ELEMENTAIRE;Noisy-le-Sec;1965-05-01;bdnb-bc-3VKG-8LBQ-9YGH;bdnb-bg-8R1V-UJHZ-59SE;93;121.0;2.5;Noisy-le-Sec;;;;;;;;3.0;121.0;;Tertiaire;
0930297T;N5K9KMNXAR4R;Ecole élémentaire Jules Michelet;093;école;ECOLE DE NIVEAU ELEMENTAIRE;Saint-Ouen-sur-Seine;1965-05-01;bdnb-bc-PN73-DYHB-U1Q4;bdnb-bg-A87Z-WNJB-Y2MJ;93;3357.0;11.4;Saint-Ouen-sur-Seine;;;;;INDETERMINE;INDETERMINE;1.0;11.0;3368.0;Tertiaire & Autres;Tertiaire;"[""DEPARTEMENT DE LA SEINE SAINT DENIS""]"
0930344U;GSMGVBNG2T8R;Ecole élémentaire Paul Vaillant-Couturier;093;école;ECOLE DE NIVEAU ELEMENTAIRE;Bagnolet;1965-05-01;bdnb-bc-JENY-1KBD-TBG2;bdnb-bg-L7JS-Y38T-W877;93;104.0;3.5;Bagnolet;1976.0;;;;BETON - AUTRES;BETON - AUTRES;2.0;5.0;4268.0;Résidentiel collectif;Tertiaire;"[""COMMUNE DE BAGNOLET""]"
0930344U;MYHVZ3KGWF7B;Ecole élémentaire Paul Vaillant-Couturier;093;école;ECOLE DE NIVEAU ELEMENTAIRE;Bagnolet;1965-05-01;bdnb-bc-H89V-WVSS-B8K2;bdnb-bg-L7JS-Y38T-W877;93;310.0;5.2;Bagnolet;1976.0;;;;BETON - AUTRES;BETON - AUTRES;2.0;5.0;4268.0;Résidentiel collectif;Tertiaire;"[""COMMUNE DE BAGNOLET""]"
0930344U;7HKXKYYRBCY3;Ecole élémentaire Paul Vaillant-Couturier;093;école;ECOLE DE NIVEAU ELEMENTAIRE;Bagnolet;1965-05-01;bdnb-bc-EEPU-1RYD-1JPW;bdnb-bg-L7JS-Y38T-W877;93;312.0;4.3;Bagnolet;1976.0;;;;BETON - AUTRES;BETON - AUTRES;2.0;5.0;4268.0;Résidentiel collectif;Tertiaire;"[""COMMUNE DE BAGNOLET""]"
0930344U;BC15MFEDYSYE;Ecole élémentaire Paul Vaillant-Couturier;093;école;ECOLE DE NIVEAU ELEMENTAIRE;Bagnolet;1965-05-01;bdnb-bc-CE6X-6PH8-FRVL;bdnb-bg-L7JS-Y38T-W877;93;240.0;6.7;Bagnolet;1976.0;;;;BETON - AUTRES;BETON - AUTRES;2.0;5.0;4268.0;Résidentiel collectif;Tertiaire;"[""COMMUNE DE BAGNOLET""]"
0930347X;CNYPBRHJ3EN2;Ecole élémentaire Louis Pasteur 2;093;école;ECOLE DE NIVEAU ELEMENTAIRE;Epinay-sur-Seine;1965-05-01;bdnb-bc-HQCY-AVGW-VWEE;bdnb-bg-NUBA-N1GS-E96A;93;2366.0;11.8;Épinay-sur-Seine;1900.0;;;;BRIQUES;TUILES;3.0;5.0;3803.0;Résidentiel collectif;Tertiaire;"[""COMMUNE D EPINAY SUR SEINE""]"
0930375C;P2SSWJ66DWZQ;Ecole élémentaire Lucien Perriot;093;école;ECOLE DE NIVEAU ELEMENTAIRE;Drancy;1986-09-01;bdnb-bc-QRWE-RE4Q-389J;bdnb-bg-2PBZ-KF15-4EZV;93;3314.0;4.8;Drancy;2009.0;;;;INDETERMINE;INDETERMINE;1.0;6.0;3641.0;Résidentiel individuel;Tertiaire;"[""COMMUNE DE DRANCY""]"
0930375C;MPEG6K37D1VE;Ecole élémentaire Lucien Perriot;093;école;ECOLE DE NIVEAU ELEMENTAIRE;Drancy;1986-09-01;bdnb-bc-GBQH-YP6U-SVXB;bdnb-bg-2PBZ-KF15-4EZV;93;176.0;5.7;Drancy;2009.0;;;;INDETERMINE;INDETERMINE;1.0;6.0;3641.0;Résidentiel individuel;Tertiaire;"[""COMMUNE DE DRANCY""]"
0930375C;5M172HBY41YW;Ecole élémentaire Lucien Perriot;093;école;ECOLE DE NIVEAU ELEMENTAIRE;Drancy;1986-09-01;bdnb-bc-39R2-4KF9-8G42;bdnb-bg-2PBZ-KF15-4EZV;93;151.0;6.3;Drancy;2009.0;;;;INDETERMINE;INDETERMINE;1.0;6.0;3641.0;Résidentiel individuel;Tertiaire;"[""COMMUNE DE DRANCY""]"
0930377E;J16BB6BZ2XKG;Ecole élémentaire Foch 2;093;école;ECOLE DE NIVEAU ELEMENTAIRE;Villemomble;1965-05-01;bdnb-bc-83HM-7L5H-VRX2;bdnb-bg-DCFX-P88Z-EY6F;93;3013.0;9.2;Villemomble;2006.0;1900.0;D;;INDETERMINE;INDETERMINE;1.0;5.0;3076.0;Résidentiel individuel;Tertiaire;"[""COMMUNE DE VILLEMOMBLE""]"
0930381J;4DMXTSXHPNJ1;Ecole élémentaire Victor Hugo 2;093;école;ECOLE DE NIVEAU ELEMENTAIRE;Epinay-sur-Seine;1965-05-01;bdnb-bc-Z9Q2-6GDR-XRAT;bdnb-bg-AFZA-3B5R-52H1;93;980.0;5.4;Épinay-sur-Seine;1964.0;;;;BETON - BRIQUES;BETON;3.0;7.0;7388.0;Tertiaire & Autres;Tertiaire;"[""COMMUNE D EPINAY SUR SEINE"", ""REGION ILE DE FRANCE""]"
0930381J;VRP1J9HBXXZR;Ecole élémentaire Victor Hugo 2;093;école;ECOLE DE NIVEAU ELEMENTAIRE;Epinay-sur-Seine;1965-05-01;bdnb-bc-YWQU-VH5N-DP21;bdnb-bg-AFZA-3B5R-52H1;93;184.0;3.2;Épinay-sur-Seine;1964.0;;;;BETON - BRIQUES;BETON;3.0;7.0;7388.0;Tertiaire & Autres;Tertiaire;"[""COMMUNE D EPINAY SUR SEINE"", ""REGION ILE DE FRANCE""]"
0930381J;QPET89TWD31F;Ecole élémentaire Victor Hugo 2;093;école;ECOLE DE NIVEAU ELEMENTAIRE;Epinay-sur-Seine;1965-05-01;bdnb-bc-KYRY-YWBL-SXHV;bdnb-bg-AFZA-3B5R-52H1;93;256.0;4.1;Épinay-sur-Seine;1964.0;;;;BETON - BRIQUES;BETON;3.0;7.0;7388.0;Tertiaire & Autres;Tertiaire;"[""COMMUNE D EPINAY SUR SEINE"", ""REGION ILE DE FRANCE""]"
0930381J;K5CV16X5Z1RR;Ecole élémentaire Victor Hugo 2;093;école;ECOLE DE NIVEAU ELEMENTAIRE;Epinay-sur-Seine;1965-05-01;bdnb-bc-MG4M-5TCQ-S5NP;bdnb-bg-AFZA-3B5R-52H1;93;305.0;5.3;Épinay-sur-Seine;1964.0;;;;BETON - BRIQUES;BETON;3.0;7.0;7388.0;Tertiaire & Autres;Tertiaire;"[""COMMUNE D EPINAY SUR SEINE"", ""REGION ILE DE FRANCE""]"
0930381J;TD6TYWGMK7MR;Ecole élémentaire Victor Hugo 2;093;école;ECOLE DE NIVEAU ELEMENTAIRE;Epinay-sur-Seine;1965-05-01;bdnb-bc-KVPA-F3XD-YMGW;bdnb-bg-AFZA-3B5R-52H1;93;29.0;4.5;Épinay-sur-Seine;1964.0;;;;BETON - BRIQUES;BETON;3.0;7.0;7388.0;Tertiaire & Autres;Tertiaire;"[""COMMUNE D EPINAY SUR SEINE"", ""REGION ILE DE FRANCE""]"
0930381J;WJEVVVJWD62D;Ecole élémentaire Victor Hugo 2;093;école;ECOLE DE NIVEAU ELEMENTAIRE;Epinay-sur-Seine;1965-05-01;bdnb-bc-HVJU-9DS4-BW7S;bdnb-bg-AFZA-3B5R-52H1;93;45.0;4.6;Épinay-sur-Seine;1964.0;;;;BETON - BRIQUES;BETON;3.0;7.0;7388.0;Tertiaire & Autres;Tertiaire;"[""COMMUNE D EPINAY SUR SEINE"", ""REGION ILE DE FRANCE""]"
0930381J;E8MG4PXH9AAC;Ecole élémentaire Victor Hugo 2;093;école;ECOLE DE NIVEAU ELEMENTAIRE;Epinay-sur-Seine;1965-05-01;bdnb-bc-MQPA-AHGJ-QLZJ;bdnb-bg-AFZA-3B5R-52H1;93;970.0;16.9;Épinay-sur-Seine;1964.0;;;;BETON - BRIQUES;BETON;3.0;7.0;7388.0;Tertiaire & Autres;Tertiaire;"[""COMMUNE D EPINAY SUR SEINE"", ""REGION ILE DE FRANCE""]"
0930381J;5D3PFZZRPN4E;Ecole élémentaire Victor Hugo 2;093;école;ECOLE DE NIVEAU ELEMENTAIRE;Epinay-sur-Seine;1965-05-01;bdnb-bc-TU41-5NS1-RHLP;bdnb-bg-AFZA-3B5R-52H1;93;707.0;4.4;Épinay-sur-Seine;1964.0;;;;BETON - BRIQUES;BETON;3.0;7.0;7388.0;Tertiaire & Autres;Tertiaire;"[""COMMUNE D EPINAY SUR SEINE"", ""REGION ILE DE FRANCE""]"
0930381J;PDW77QMVHHM9;Ecole élémentaire Victor Hugo 2;093;école;ECOLE DE NIVEAU ELEMENTAIRE;Epinay-sur-Seine;1965-05-01;bdnb-bc-CN7B-QXT5-1JGV;bdnb-bg-AFZA-3B5R-52H1;93;151.0;5.0;Épinay-sur-Seine;1964.0;;;;BETON - BRIQUES;BETON;3.0;7.0;7388.0;Tertiaire & Autres;Tertiaire;"[""COMMUNE D EPINAY SUR SEINE"", ""REGION ILE DE FRANCE""]"
0930381J;57XXVX6R33EW;Ecole élémentaire Victor Hugo 2;093;école;ECOLE DE NIVEAU ELEMENTAIRE;Epinay-sur-Seine;1965-05-01;bdnb-bc-SU19-GM4J-YAQV;bdnb-bg-AFZA-3B5R-52H1;93;614.0;6.4;Épinay-sur-Seine;1964.0;;;;BETON - BRIQUES;BETON;3.0;7.0;7388.0;Tertiaire & Autres;Tertiaire;"[""COMMUNE D EPINAY SUR SEINE"", ""REGION ILE DE FRANCE""]"
0930384M;R5CVXN6MS58A;Ecole élémentaire Henri Wallon;093;école;ECOLE DE NIVEAU ELEMENTAIRE;Montreuil;1965-05-01;bdnb-bc-MZQH-Z66D-PKVQ;bdnb-bg-7P3F-SAB3-WKV3;93;756.0;6.5;Montreuil;1967.0;;;;AGGLOMERE - BETON;BETON;2.0;5.0;794.0;Résidentiel collectif;Tertiaire;"[""COMMUNE DE MONTREUIL""]"
0930386P;DJTF39YJTFJ3;Ecole élémentaire Henri Wallon;093;école;ECOLE DE NIVEAU ELEMENTAIRE;Dugny;1965-05-01;bdnb-bc-4AWG-LW3Z-NTLW;bdnb-bg-3AGL-MUCT-RUE7;93;1265.0;13.6;Dugny;2003.0;;;;INDETERMINE;INDETERMINE;1.0;9.0;4013.0;Tertiaire & Autres;Tertiaire;"[""COMMUNE DE DUGNY""]"
0930394Y;YDDPJ6PH83TB;Ecole maternelle Louise Michel;093;école;ECOLE MATERNELLE;Aubervilliers;1966-09-30;bdnb-bc-Z63K-CYKZ-AWHJ;bdnb-bg-JDLU-ATK6-H6MU;93;143.0;5.2;Aubervilliers;;;;;;;;5.0;279.0;;Tertiaire;
0930394Y;P6R3CTYTWBG9;Ecole maternelle Louise Michel;093;école;ECOLE MATERNELLE;Aubervilliers;1966-09-30;bdnb-bc-LGBN-8D4T-CKVH;bdnb-bg-PFTG-QHRE-ALUR;93;1630.0;5.9;Aubervilliers;2017.0;;;;INDETERMINE;INDETERMINE;1.0;6.0;1905.0;Tertiaire & Autres;Tertiaire;"[""COMMUNE DE SAINT-DENIS""]"
0930394Y;RPAS5B99979F;Ecole maternelle Louise Michel;093;école;ECOLE MATERNELLE;Aubervilliers;1966-09-30;bdnb-bc-YF6P-44X2-THVP;bdnb-bg-JDLU-ATK6-H6MU;93;136.0;5.0;Aubervilliers;;;;;;;;5.0;279.0;;Tertiaire;
0930394Y;18GDP2GX5WV9;Ecole maternelle Louise Michel;093;école;ECOLE MATERNELLE;Aubervilliers;1966-09-30;bdnb-bc-753H-9JBY-4JG7;bdnb-bg-ETUG-MPY8-1GPJ;93;122.0;4.8;Aubervilliers;1967.0;;;;BETON;BETON;1.0;5.0;122.0;Résidentiel individuel;Tertiaire;"[""COMMUNE DE SAINT-DENIS""]"
0930394Y;MAJZ6ZZ5SBXA;Ecole maternelle Louise Michel;093;école;ECOLE MATERNELLE;Aubervilliers;1966-09-30;bdnb-bc-81RZ-MHD2-X3HF;bdnb-bg-PFTG-QHRE-ALUR;93;276.0;6.7;Aubervilliers;2017.0;;;;INDETERMINE;INDETERMINE;1.0;6.0;1905.0;Tertiaire & Autres;Tertiaire;"[""COMMUNE DE SAINT-DENIS""]"
0930394Y;H613FBSFK1X9;Ecole maternelle Louise Michel;093;école;ECOLE MATERNELLE;Aubervilliers;1966-09-30;bdnb-bc-LSX8-DLJ1-891Y;bdnb-bg-TBJN-3XE2-TY8F;93;1443.0;10.0;Aubervilliers;2007.0;;;;INDETERMINE;INDETERMINE;1.0;10.0;1443.0;Tertiaire & Autres;Tertiaire;"[""COMMUNE DE SAINT-DENIS""]"
0930401F;ESFMGQNM3H41;Ecole élémentaire Marie Curie;093;école;ECOLE DE NIVEAU ELEMENTAIRE;Bondy;1965-05-01;bdnb-bc-T74N-FTEN-KY6J;bdnb-bg-7UA8-JASK-U84Z;93;1000.0;4.6;Bondy;;;;;;;;5.0;4167.0;;Tertiaire;
0930402G;KX4ZHDEJXVQH;Ecole maternelle Eugène Fischer;093;école;ECOLE MATERNELLE;Les Pavillons-sous-Bois;1965-05-01;bdnb-bc-R6N2-B8ZU-YWBT;bdnb-bg-WFFZ-BSW4-FRUY;93;103.0;5.7;Les Pavillons-sous-Bois;1996.0;;;;INDETERMINE;INDETERMINE;2.0;6.0;2250.0;Tertiaire & Autres;Tertiaire;"[""COMMUNE DE PAVILLONS SOUS BOIS""]"
0930402G;4N9JG1QCEYFN;Ecole maternelle Eugène Fischer;093;école;ECOLE MATERNELLE;Les Pavillons-sous-Bois;1965-05-01;bdnb-bc-Q9EC-87Z1-FTHA;bdnb-bg-WFFZ-BSW4-FRUY;93;1169.0;7.3;Les Pavillons-sous-Bois;1996.0;;;;INDETERMINE;INDETERMINE;2.0;6.0;2250.0;Tertiaire & Autres;Tertiaire;"[""COMMUNE DE PAVILLONS SOUS BOIS""]"
0930402G;C2WQZ871VBC3;Ecole maternelle Eugène Fischer;093;école;ECOLE MATERNELLE;Les Pavillons-sous-Bois;1965-05-01;bdnb-bc-9G7D-BV12-HQCH;bdnb-bg-WFFZ-BSW4-FRUY;93;821.0;4.7;Les Pavillons-sous-Bois;1996.0;;;;INDETERMINE;INDETERMINE;2.0;6.0;2250.0;Tertiaire & Autres;Tertiaire;"[""COMMUNE DE PAVILLONS SOUS BOIS""]"
0930402G;VJCYYN6ZR2EA;Ecole maternelle Eugène Fischer;093;école;ECOLE MATERNELLE;Les Pavillons-sous-Bois;1965-05-01;bdnb-bc-EZCX-8B3W-ENFF;bdnb-bg-WFFZ-BSW4-FRUY;93;107.0;6.3;Les Pavillons-sous-Bois;1996.0;;;;INDETERMINE;INDETERMINE;2.0;6.0;2250.0;Tertiaire & Autres;Tertiaire;"[""COMMUNE DE PAVILLONS SOUS BOIS""]"
0930403H;89P5VZJK3TS4;Ecole maternelle Pleyel;093;école;ECOLE MATERNELLE;Saint-Denis;1965-05-01;bdnb-bc-9DF7-6DU6-XMFX;bdnb-bg-W75P-LM77-AW39;93;841.0;7.9;Saint-Denis;;;;;;;;7.0;4178.0;;Tertiaire;
0930404J;ZMWFBEAG7V8B;Ecole maternelle Rosa Parks;093;école;ECOLE MATERNELLE;Le Pré-Saint-Gervais;1965-05-01;bdnb-bc-CX6U-B318-K8NX;bdnb-bg-AU8E-L5A2-7DCG;93;545.0;5.0;Le Pré-Saint-Gervais;1900.0;;;;INDETERMINE;INDETERMINE;3.0;8.0;3157.0;Tertiaire & Autres;Tertiaire;"[""COMMUNE DE PRE SAINT GERVAIS""]"
0930409P;4FY1VS6QTM8X;Ecole maternelle Victor Hugo;093;école;ECOLE MATERNELLE;Saint-Ouen-sur-Seine;1965-05-01;bdnb-bc-JWTG-E19M-V8BC;bdnb-bg-HHE6-RGMM-EW1B;93;866.0;11.0;Saint-Ouen-sur-Seine;1900.0;;;;PIERRE;TUILES;4.0;9.0;3343.0;Résidentiel collectif;Tertiaire;"[""COMMUNE DE ST OUEN-SUR-SEINE""]"
0930414V;KWXHCWKK43WG;Ecole maternelle Jean Zay;093;école;ECOLE MATERNELLE;Bondy;1965-05-01;bdnb-bc-HAZ2-DC2P-3WKJ;bdnb-bg-8M22-8HWR-B151;93;575.0;4.5;Bondy;2004.0;;;;INDETERMINE;INDETERMINE;1.0;4.0;1487.0;Tertiaire & Autres;Tertiaire;"[""COMMUNE DE BONDY""]"
0930419A;16W9T143TQHW;Ecole maternelle La Source;093;école;ECOLE MATERNELLE;Saint-Denis;1965-05-01;bdnb-bc-PFGF-Y9GK-QHMK;bdnb-bg-78MF-U9C8-8HJU;93;618.0;19.1;Saint-Denis;1991.0;;;;INDETERMINE;INDETERMINE;1.0;19.0;618.0;Résidentiel individuel;Tertiaire;"[""COMMUNE DE SAINT-DENIS""]"
0930422D;C3G2R69JK694;Ecole maternelle Henri Barbusse;093;école;ECOLE MATERNELLE;Bagnolet;1965-05-01;bdnb-bc-SGCB-LHUU-APLV;bdnb-bg-L7JS-Y38T-W877;93;3149.0;5.3;Bagnolet;1976.0;;;;BETON - AUTRES;BETON - AUTRES;2.0;5.0;4268.0;Résidentiel collectif;Tertiaire;"[""COMMUNE DE BAGNOLET""]"
0930437V;4YX4KFRDN5TN;Ecole maternelle Daniel Renoult;093;école;ECOLE MATERNELLE;Montreuil;1965-05-01;bdnb-bc-UQGL-E7HR-A6MW;bdnb-bg-9UFV-1XWW-7XRL;93;819.0;9.3;Montreuil;1950.0;;;;AGGLOMERE - BETON;BETON;2.0;7.0;831.0;Résidentiel collectif;Tertiaire;"[""COMMUNE DE MONTREUIL""]"
0930443B;XJP4PES6JD1X;Ecole maternelle Jean Macé;093;école;ECOLE MATERNELLE;Drancy;1965-05-01;bdnb-bc-7KWP-C1F3-CWV7;bdnb-bg-898K-3A7T-NN5L;93;261.0;6.4;Drancy;;;;;;;;6.0;822.0;;Tertiaire;
0930443B;AJD3EFBERRXG;Ecole maternelle Jean Macé;093;école;ECOLE MATERNELLE;Drancy;1965-05-01;bdnb-bc-MUTV-QMZU-LA33;bdnb-bg-898K-3A7T-NN5L;93;161.0;6.4;Drancy;;;;;;;;6.0;822.0;;Tertiaire;
0930443B;MAPFVKE1QQ44;Ecole maternelle Jean Macé;093;école;ECOLE MATERNELLE;Drancy;1965-05-01;bdnb-bc-PXXX-AQG9-XR3H;bdnb-bg-898K-3A7T-NN5L;93;42.0;6.4;Drancy;;;;;;;;6.0;822.0;;Tertiaire;
0930443B;MWAS6KP6WMBZ;Ecole maternelle Jean Macé;093;école;ECOLE MATERNELLE;Drancy;1965-05-01;bdnb-bc-ZLGC-BXFY-NXUL;bdnb-bg-898K-3A7T-NN5L;93;108.0;6.4;Drancy;;;;;;;;6.0;822.0;;Tertiaire;
0930443B;MRKD4D2YPCPK;Ecole maternelle Jean Macé;093;école;ECOLE MATERNELLE;Drancy;1965-05-01;bdnb-bc-HPCL-B5EA-9XKM;bdnb-bg-898K-3A7T-NN5L;93;250.0;6.4;Drancy;;;;;;;;6.0;822.0;;Tertiaire;
0930452L;DGGVCK67JE2Q;Ecole maternelle Francine Fromond;093;école;ECOLE MATERNELLE;Drancy;1965-05-01;bdnb-bc-DS6N-PUGL-7CJL;bdnb-bg-EX7B-6SPM-A3NH;93;888.0;9.0;Drancy;;;;;INDETERMINE;INDETERMINE;1.0;9.0;888.0;Tertiaire & Autres;Tertiaire;"[""COMMUNE DE DRANCY""]"
0930474K;4SDFFXV5QC8E;Ecole maternelle Jean Moulin;093;école;ECOLE MATERNELLE;Rosny-sous-Bois;1965-05-01;bdnb-bc-5L97-SKY1-GSZL;bdnb-bg-SR3N-TRRX-2NE1;93;177.0;5.1;Rosny-sous-Bois;1956.0;;;D;BETON - PIERRE;TUILES;2.0;7.0;4490.0;Tertiaire & Autres;Tertiaire;"[""COMMUNE DE ROSNY-SOUS-BOIS""]"
0930476M;9GVTXHRH7KJ4;Ecole maternelle Joncherolles;093;école;ECOLE MATERNELLE;Saint-Denis;1965-05-01;bdnb-bc-YMNE-E9UA-61JR;bdnb-bg-U68J-KGZA-CYBC;93;815.0;4.5;Saint-Denis;;;;;;;;9.0;4695.0;;Tertiaire;
0930481T;D213B2RYTDS5;Ecole maternelle Jeanne Gallèpe;093;école;ECOLE MATERNELLE;Romainville;1965-05-01;bdnb-bc-HSN6-C2Z7-S585;bdnb-bg-Q6Q6-27A1-TY6N;93;590.0;3.6;Romainville;1950.0;;;;BRIQUES;TUILES;2.0;6.0;2167.0;Résidentiel collectif;Tertiaire;"[""COMMUNE DE ROMAINVILLE""]"
0930486Y;5DZJ9E35GD2E;Ecole maternelle Marcelin Berthelot;093;école;ECOLE MATERNELLE;Montreuil;1965-05-01;bdnb-bc-M78S-TZ5J-LNYL;bdnb-bg-EQMB-7GCC-3YT9;93;846.0;11.1;Montreuil;1925.0;;;D;MEULIERE;TUILES;2.0;11.0;846.0;Résidentiel collectif;Tertiaire;"[""COMMUNE DE MONTREUIL""]"
0930498L;4KBVZTYDGSK3;Ecole maternelle Julie Daubie;093;école;ECOLE MATERNELLE;Les Lilas;1965-05-01;bdnb-bc-GM6U-VV9N-KMF5;bdnb-bg-MWTC-MPWL-AB94;93;2679.0;9.8;Les Lilas;1996.0;;;;INDETERMINE;INDETERMINE;2.0;10.0;3377.0;Résidentiel collectif;Tertiaire;"[""COMMUNE DES LILAS""]"
0930498L;TSNTQHRV76FC;Ecole maternelle Julie Daubie;093;école;ECOLE MATERNELLE;Les Lilas;1965-05-01;bdnb-bc-A35Z-N8HY-Y3W4;bdnb-bg-MWTC-MPWL-AB94;93;698.0;9.8;Les Lilas;1996.0;;;;INDETERMINE;INDETERMINE;2.0;10.0;3377.0;Résidentiel collectif;Tertiaire;"[""COMMUNE DES LILAS""]"
0930498L;5GBAB9JF4D8J;Ecole maternelle Julie Daubie;093;école;ECOLE MATERNELLE;Les Lilas;1965-05-01;bdnb-bc-C6LA-CCX7-24LS;bdnb-bg-85YM-RXJF-ABYT;93;111.0;5.0;Les Lilas;;;;;;;;10.0;130.0;;Tertiaire;
0930499M;2M16QAP2PSWN;Ecole maternelle Joliot-Curie;093;école;ECOLE MATERNELLE;Stains;1965-05-01;bdnb-bc-QNWR-5BEW-K2YH;bdnb-bg-76RQ-W7VK-RXVM;93;1044.0;13.7;Stains;1990.0;1929.0;F;;INDETERMINE;INDETERMINE;3.0;5.0;4890.0;Tertiaire & Autres;Tertiaire;"[""COMMUNE DE STAINS""]"
0930499M;Z4JND9QK875X;Ecole maternelle Joliot-Curie;093;école;ECOLE MATERNELLE;Stains;1965-05-01;bdnb-bc-XR3D-NHZ1-7HVZ;bdnb-bg-76RQ-W7VK-RXVM;93;1527.0;5.2;Stains;1990.0;1929.0;F;;INDETERMINE;INDETERMINE;3.0;5.0;4890.0;Tertiaire & Autres;Tertiaire;"[""COMMUNE DE STAINS""]"
0930499M;FXNXB8S2RVKK;Ecole maternelle Joliot-Curie;093;école;ECOLE MATERNELLE;Stains;1965-05-01;bdnb-bc-5PZU-YMBC-TQF5;bdnb-bg-76RQ-W7VK-RXVM;93;74.0;1.6;Stains;1990.0;1929.0;F;;INDETERMINE;INDETERMINE;3.0;5.0;4890.0;Tertiaire & Autres;Tertiaire;"[""COMMUNE DE STAINS""]"
0930501P;YMR6G9BDMZDJ;Ecole maternelle Mainguy;093;école;ECOLE MATERNELLE;Bondy;1965-05-01;bdnb-bc-YJM9-8JKB-ZWU4;bdnb-bg-K8DM-5ZUW-L65J;93;384.0;9.1;Bondy;;;;C;INDETERMINE;INDETERMINE;2.0;9.0;1344.0;Tertiaire & Autres;Tertiaire;"[""COMMUNE DE BONDY""]"
0930513C;4ZJ16ZAGNPDR;Ecole maternelle  Danton;093;école;ECOLE MATERNELLE;Montreuil;1965-05-01;bdnb-bc-FDP9-TK93-L38E;bdnb-bg-TPRB-3UBE-ZTGJ;93;927.0;6.4;Montreuil;;;;;;;;6.0;927.0;;Tertiaire;
0930513C;MR8S8ZFSQ5JV;Ecole maternelle  Danton;093;école;ECOLE MATERNELLE;Montreuil;1965-05-01;bdnb-bc-ZX3A-FQ5B-RXSD;bdnb-bg-8LBN-5Z8F-VB9Q;93;245.0;6.0;Montreuil;1963.0;;;;AUTRES;AUTRES;2.0;6.0;266.0;Résidentiel individuel;Tertiaire;"[""COMMUNE DE MONTREUIL""]"
0930519J;J16BB6BZ2XKG;Ecole maternelle Foch;093;école;ECOLE MATERNELLE;Villemomble;1965-05-01;bdnb-bc-83HM-7L5H-VRX2;bdnb-bg-DCFX-P88Z-EY6F;93;3013.0;9.2;Villemomble;2006.0;1900.0;D;;INDETERMINE;INDETERMINE;1.0;5.0;3076.0;Résidentiel individuel;Tertiaire;"[""COMMUNE DE VILLEMOMBLE""]"
0930525R;G2KYKG1DZ7QB;Ecole maternelle L'Estrée;093;école;ECOLE MATERNELLE;Saint-Denis;1965-05-01;bdnb-bc-2LH4-F2RC-ULZY;bdnb-bg-JUXM-MZ5W-5V4E;93;91.0;12.5;Saint-Denis;1930.0;;F;;PIERRE;TUILES;3.0;12.0;4833.0;Tertiaire & Autres;Tertiaire;"[""ENEDIS"", ""COMMUNE DE SAINT-DENIS""]"
0930528U;CVRXQ38MQXMP;Ecole maternelle Danielle Casanova;093;école;ECOLE MATERNELLE;Romainville;1965-05-01;bdnb-bc-PTN5-KY1W-AQG1;bdnb-bg-6W3T-R71J-EEB7;93;1144.0;5.3;Romainville;1900.0;;;;INDETERMINE;INDETERMINE;2.0;6.0;1196.0;Résidentiel collectif;Tertiaire;
0930528U;143T8N48NXWN;Ecole maternelle Danielle Casanova;093;école;ECOLE MATERNELLE;Romainville;1965-05-01;bdnb-bc-6S7K-NWGR-FY2Q;bdnb-bg-6W3T-R71J-EEB7;93;53.0;6.4;Romainville;1900.0;;;;INDETERMINE;INDETERMINE;2.0;6.0;1196.0;Résidentiel collectif;Tertiaire;
0930538E;E56DXSHXD1WS;Ecole maternelle Joliot-Curie;093;école;ECOLE MATERNELLE;Saint-Denis;1966-09-30;bdnb-bc-QEMC-MAGP-J1PB;bdnb-bg-GTXT-EXZU-2SD5;93;459.0;17.4;Saint-Denis;1966.0;;;D;MEULIERE - PIERRE;ZINC ALUMINIUM;2.0;9.0;6442.0;Résidentiel collectif;Tertiaire;"[""COMMUNE DE SAINT-DENIS""]"
0930538E;CNNNQ5FZP4MG;Ecole maternelle Joliot-Curie;093;école;ECOLE MATERNELLE;Saint-Denis;1966-09-30;bdnb-bc-V1BP-2911-41KS;bdnb-bg-GTXT-EXZU-2SD5;93;210.0;8.5;Saint-Denis;1966.0;;;D;MEULIERE - PIERRE;ZINC ALUMINIUM;2.0;9.0;6442.0;Résidentiel collectif;Tertiaire;"[""COMMUNE DE SAINT-DENIS""]"
0930538E;BFZNW259Z27K;Ecole maternelle Joliot-Curie;093;école;ECOLE MATERNELLE;Saint-Denis;1966-09-30;bdnb-bc-P4F6-VUNF-ZXL3;bdnb-bg-GTXT-EXZU-2SD5;93;177.0;7.7;Saint-Denis;1966.0;;;D;MEULIERE - PIERRE;ZINC ALUMINIUM;2.0;9.0;6442.0;Résidentiel collectif;Tertiaire;"[""COMMUNE DE SAINT-DENIS""]"
0930538E;CYV5B5VTM9TB;Ecole maternelle Joliot-Curie;093;école;ECOLE MATERNELLE;Saint-Denis;1966-09-30;bdnb-bc-UEBM-1FJJ-FYGG;bdnb-bg-GTXT-EXZU-2SD5;93;131.0;6.9;Saint-Denis;1966.0;;;D;MEULIERE - PIERRE;ZINC ALUMINIUM;2.0;9.0;6442.0;Résidentiel collectif;Tertiaire;"[""COMMUNE DE SAINT-DENIS""]"
0930538E;9NRX4CTF92QW;Ecole maternelle Joliot-Curie;093;école;ECOLE MATERNELLE;Saint-Denis;1966-09-30;bdnb-bc-NE2K-2X3P-AE5Y;bdnb-bg-GTXT-EXZU-2SD5;93;178.0;14.5;Saint-Denis;1966.0;;;D;MEULIERE - PIERRE;ZINC ALUMINIUM;2.0;9.0;6442.0;Résidentiel collectif;Tertiaire;"[""COMMUNE DE SAINT-DENIS""]"
0930538E;W9S97XB38DVY;Ecole maternelle Joliot-Curie;093;école;ECOLE MATERNELLE;Saint-Denis;1966-09-30;bdnb-bc-AK17-ARE2-EUPF;bdnb-bg-GTXT-EXZU-2SD5;93;124.0;14.1;Saint-Denis;1966.0;;;D;MEULIERE - PIERRE;ZINC ALUMINIUM;2.0;9.0;6442.0;Résidentiel collectif;Tertiaire;"[""COMMUNE DE SAINT-DENIS""]"
0930538E;P4G8YTTVREQY;Ecole maternelle Joliot-Curie;093;école;ECOLE MATERNELLE;Saint-Denis;1966-09-30;bdnb-bc-Q2TC-UPBZ-XMF5;bdnb-bg-GTXT-EXZU-2SD5;93;177.0;6.6;Saint-Denis;1966.0;;;D;MEULIERE - PIERRE;ZINC ALUMINIUM;2.0;9.0;6442.0;Résidentiel collectif;Tertiaire;"[""COMMUNE DE SAINT-DENIS""]"
0930538E;6YYMDTQSH47Y;Ecole maternelle Joliot-Curie;093;école;ECOLE MATERNELLE;Saint-Denis;1966-09-30;bdnb-bc-JQ1D-EHMH-YHLW;bdnb-bg-GTXT-EXZU-2SD5;93;217.0;7.2;Saint-Denis;1966.0;;;D;MEULIERE - PIERRE;ZINC ALUMINIUM;2.0;9.0;6442.0;Résidentiel collectif;Tertiaire;"[""COMMUNE DE SAINT-DENIS""]"
0930538E;QF7S99HKVWPB;Ecole maternelle Joliot-Curie;093;école;ECOLE MATERNELLE;Saint-Denis;1966-09-30;bdnb-bc-YNS4-UP5S-G2CL;bdnb-bg-GTXT-EXZU-2SD5;93;69.0;14.3;Saint-Denis;1966.0;;;D;MEULIERE - PIERRE;ZINC ALUMINIUM;2.0;9.0;6442.0;Résidentiel collectif;Tertiaire;"[""COMMUNE DE SAINT-DENIS""]"
0930538E;TJEC9HFFMSRK;Ecole maternelle Joliot-Curie;093;école;ECOLE MATERNELLE;Saint-Denis;1966-09-30;bdnb-bc-VLW7-NR5E-QG9V;bdnb-bg-GTXT-EXZU-2SD5;93;66.0;14.4;Saint-Denis;1966.0;;;D;MEULIERE - PIERRE;ZINC ALUMINIUM;2.0;9.0;6442.0;Résidentiel collectif;Tertiaire;"[""COMMUNE DE SAINT-DENIS""]"
0930538E;RS2J5M3KC51C;Ecole maternelle Joliot-Curie;093;école;ECOLE MATERNELLE;Saint-Denis;1966-09-30;bdnb-bc-2U6V-J7G8-JM1T;bdnb-bg-GTXT-EXZU-2SD5;93;362.0;9.1;Saint-Denis;1966.0;;;D;MEULIERE - PIERRE;ZINC ALUMINIUM;2.0;9.0;6442.0;Résidentiel collectif;Tertiaire;"[""COMMUNE DE SAINT-DENIS""]"
0930538E;Q49H4JZD4GYX;Ecole maternelle Joliot-Curie;093;école;ECOLE MATERNELLE;Saint-Denis;1966-09-30;bdnb-bc-HL9Q-52RX-P3MP;bdnb-bg-GTXT-EXZU-2SD5;93;112.0;10.7;Saint-Denis;1966.0;;;D;MEULIERE - PIERRE;ZINC ALUMINIUM;2.0;9.0;6442.0;Résidentiel collectif;Tertiaire;"[""COMMUNE DE SAINT-DENIS""]"
0930538E;4DE8E7VC3Q9E;Ecole maternelle Joliot-Curie;093;école;ECOLE MATERNELLE;Saint-Denis;1966-09-30;bdnb-bc-JQQ6-655Z-RVHF;bdnb-bg-GTXT-EXZU-2SD5;93;929.0;7.8;Saint-Denis;1966.0;;;D;MEULIERE - PIERRE;ZINC ALUMINIUM;2.0;9.0;6442.0;Résidentiel collectif;Tertiaire;"[""COMMUNE DE SAINT-DENIS""]"
0930538E;AT3D5WC1HPQD;Ecole maternelle Joliot-Curie;093;école;ECOLE MATERNELLE;Saint-Denis;1966-09-30;bdnb-bc-LEPN-M7HU-SQJF;bdnb-bg-GTXT-EXZU-2SD5;93;82.0;10.1;Saint-Denis;1966.0;;;D;MEULIERE - PIERRE;ZINC ALUMINIUM;2.0;9.0;6442.0;Résidentiel collectif;Tertiaire;"[""COMMUNE DE SAINT-DENIS""]"
0930538E;1C1KMR21NWVQ;Ecole maternelle Joliot-Curie;093;école;ECOLE MATERNELLE;Saint-Denis;1966-09-30;bdnb-bc-K7Z3-NYVS-GMRS;bdnb-bg-GTXT-EXZU-2SD5;93;43.0;5.0;Saint-Denis;1966.0;;;D;MEULIERE - PIERRE;ZINC ALUMINIUM;2.0;9.0;6442.0;Résidentiel collectif;Tertiaire;"[""COMMUNE DE SAINT-DENIS""]"
0930538E;XYPTZSHVYMW4;Ecole maternelle Joliot-Curie;093;école;ECOLE MATERNELLE;Saint-Denis;1966-09-30;bdnb-bc-FBV6-7VL5-HTLK;bdnb-bg-GTXT-EXZU-2SD5;93;69.0;7.7;Saint-Denis;1966.0;;;D;MEULIERE - PIERRE;ZINC ALUMINIUM;2.0;9.0;6442.0;Résidentiel collectif;Tertiaire;"[""COMMUNE DE SAINT-DENIS""]"
0930538E;MGQS481V6RNY;Ecole maternelle Joliot-Curie;093;école;ECOLE MATERNELLE;Saint-Denis;1966-09-30;bdnb-bc-VC3Y-TEM9-F24K;bdnb-bg-GTXT-EXZU-2SD5;93;73.0;4.7;Saint-Denis;1966.0;;;D;MEULIERE - PIERRE;ZINC ALUMINIUM;2.0;9.0;6442.0;Résidentiel collectif;Tertiaire;"[""COMMUNE DE SAINT-DENIS""]"
0930538E;G7BZH8D3A9SE;Ecole maternelle Joliot-Curie;093;école;ECOLE MATERNELLE;Saint-Denis;1966-09-30;bdnb-bc-UCGT-WHUQ-1VH2;bdnb-bg-GTXT-EXZU-2SD5;93;135.0;8.2;Saint-Denis;1966.0;;;D;MEULIERE - PIERRE;ZINC ALUMINIUM;2.0;9.0;6442.0;Résidentiel collectif;Tertiaire;"[""COMMUNE DE SAINT-DENIS""]"
0930538E;HJBAK5N9HV9J;Ecole maternelle Joliot-Curie;093;école;ECOLE MATERNELLE;Saint-Denis;1966-09-30;bdnb-bc-KKRH-A3TA-X4G4;bdnb-bg-GTXT-EXZU-2SD5;93;1396.0;10.2;Saint-Denis;1966.0;;;D;MEULIERE - PIERRE;ZINC ALUMINIUM;2.0;9.0;6442.0;Résidentiel collectif;Tertiaire;"[""COMMUNE DE SAINT-DENIS""]"
0930538E;T3WVXJQ95YX8;Ecole maternelle Joliot-Curie;093;école;ECOLE MATERNELLE;Saint-Denis;1966-09-30;bdnb-bc-LAKW-VSHB-T9LU;bdnb-bg-GTXT-EXZU-2SD5;93;98.0;8.5;Saint-Denis;1966.0;;;D;MEULIERE - PIERRE;ZINC ALUMINIUM;2.0;9.0;6442.0;Résidentiel collectif;Tertiaire;"[""COMMUNE DE SAINT-DENIS""]"
0930538E;2KKAHCARPKM8;Ecole maternelle Joliot-Curie;093;école;ECOLE MATERNELLE;Saint-Denis;1966-09-30;bdnb-bc-NSC2-LTUK-X6BB;bdnb-bg-GTXT-EXZU-2SD5;93;60.0;7.6;Saint-Denis;1966.0;;;D;MEULIERE - PIERRE;ZINC ALUMINIUM;2.0;9.0;6442.0;Résidentiel collectif;Tertiaire;"[""COMMUNE DE SAINT-DENIS""]"
0930538E;DY6119Y2YEYF;Ecole maternelle Joliot-Curie;093;école;ECOLE MATERNELLE;Saint-Denis;1966-09-30;bdnb-bc-2B2U-F25H-76QV;bdnb-bg-GTXT-EXZU-2SD5;93;627.0;8.8;Saint-Denis;1966.0;;;D;MEULIERE - PIERRE;ZINC ALUMINIUM;2.0;9.0;6442.0;Résidentiel collectif;Tertiaire;"[""COMMUNE DE SAINT-DENIS""]"
0930562F;SAH7B3FF6RM8;Ecole maternelle Bois-Perrier;093;école;ECOLE MATERNELLE;Rosny-sous-Bois;1965-05-01;bdnb-bc-T473-H31X-GTBL;bdnb-bg-QESG-MHPN-5DYX;93;460.0;2.7;Rosny-sous-Bois;1961.0;;;;BETON;BETON;2.0;5.0;1075.0;Résidentiel collectif;Tertiaire;"[""COMMUNE DE ROSNY-SOUS-BOIS""]"
0930565J;TDTWKZHFY8NA;Ecole maternelle Henri Wallon;093;école;ECOLE MATERNELLE;Bagnolet;1965-05-01;bdnb-bc-2W24-F9F8-65WN;bdnb-bg-Y3RZ-2RYN-3R23;93;1744.0;6.1;Bagnolet;1964.0;;;;BETON;BETON;4.0;5.0;4739.0;Résidentiel collectif;Tertiaire;"[""COMMUNE DE BAGNOLET""]"
0930566K;F6BH4HRFN2QS;Ecole maternelle Paul Langevin;093;école;ECOLE MATERNELLE;La Courneuve;1965-05-01;bdnb-bc-48DE-HB3K-BUF9;bdnb-bg-UF38-LCGF-MGV1;93;207.0;6.8;La Courneuve;2000.0;1970.0;D;;BETON;INDETERMINE;2.0;9.0;7116.0;Tertiaire & Autres;Tertiaire;"[""COMMUNE DE LA COURNEUVE""]"
0930566K;QGW7VBA6F33P;Ecole maternelle Paul Langevin;093;école;ECOLE MATERNELLE;La Courneuve;1965-05-01;bdnb-bc-AM2Z-FY8V-XU1T;bdnb-bg-UF38-LCGF-MGV1;93;1816.0;4.5;La Courneuve;2000.0;1970.0;D;;BETON;INDETERMINE;2.0;9.0;7116.0;Tertiaire & Autres;Tertiaire;"[""COMMUNE DE LA COURNEUVE""]"
0930566K;5C2EP991MXKB;Ecole maternelle Paul Langevin;093;école;ECOLE MATERNELLE;La Courneuve;1965-05-01;bdnb-bc-TQ39-HVUM-YMZZ;bdnb-bg-UF38-LCGF-MGV1;93;464.0;15.6;La Courneuve;2000.0;1970.0;D;;BETON;INDETERMINE;2.0;9.0;7116.0;Tertiaire & Autres;Tertiaire;"[""COMMUNE DE LA COURNEUVE""]"
0930566K;ZNTVYWRHNFNZ;Ecole maternelle Paul Langevin;093;école;ECOLE MATERNELLE;La Courneuve;1965-05-01;bdnb-bc-BBAJ-V1KM-FZJD;bdnb-bg-UF38-LCGF-MGV1;93;441.0;4.5;La Courneuve;2000.0;1970.0;D;;BETON;INDETERMINE;2.0;9.0;7116.0;Tertiaire & Autres;Tertiaire;"[""COMMUNE DE LA COURNEUVE""]"
0930566K;5T39ME1KBE5Q;Ecole maternelle Paul Langevin;093;école;ECOLE MATERNELLE;La Courneuve;1965-05-01;bdnb-bc-9RUE-PQ8M-R1FF;bdnb-bg-UF38-LCGF-MGV1;93;532.0;15.2;La Courneuve;2000.0;1970.0;D;;BETON;INDETERMINE;2.0;9.0;7116.0;Tertiaire & Autres;Tertiaire;"[""COMMUNE DE LA COURNEUVE""]"
0930566K;GB4K7Q4XN3DJ;Ecole maternelle Paul Langevin;093;école;ECOLE MATERNELLE;La Courneuve;1965-05-01;bdnb-bc-S7VC-NYLU-WB9E;bdnb-bg-UF38-LCGF-MGV1;93;41.0;3.5;La Courneuve;2000.0;1970.0;D;;BETON;INDETERMINE;2.0;9.0;7116.0;Tertiaire & Autres;Tertiaire;"[""COMMUNE DE LA COURNEUVE""]"
0930566K;Q9VTS5XMW3VJ;Ecole maternelle Paul Langevin;093;école;ECOLE MATERNELLE;La Courneuve;1965-05-01;bdnb-bc-2W97-3AS5-KLSR;bdnb-bg-UF38-LCGF-MGV1;93;48.0;4.5;La Courneuve;2000.0;1970.0;D;;BETON;INDETERMINE;2.0;9.0;7116.0;Tertiaire & Autres;Tertiaire;"[""COMMUNE DE LA COURNEUVE""]"
0930584E;KD3CQEQX62AA;Ecole maternelle Marcel Cachin;093;école;ECOLE MATERNELLE;Romainville;1965-12-01;bdnb-bc-3845-MK6W-78JN;bdnb-bg-2F3V-FGFX-AKTW;93;856.0;4.4;Romainville;2018.0;;;;INDETERMINE;INDETERMINE;1.0;5.0;1947.0;Tertiaire & Autres;Tertiaire;"[""COMMUNE DE ROMAINVILLE""]"
0930584E;KD3CQEQX62AA;Ecole maternelle Marcel Cachin;093;école;ECOLE MATERNELLE;Romainville;1965-12-01;bdnb-bc-DDQF-61TB-8DAM;bdnb-bg-2F3V-FGFX-AKTW;93;754.0;4.4;Romainville;2018.0;;;;INDETERMINE;INDETERMINE;1.0;5.0;1947.0;Tertiaire & Autres;Tertiaire;"[""COMMUNE DE ROMAINVILLE""]"
0930588J;E56DXSHXD1WS;Ecole élémentaire Joliot-Curie 1;093;école;ECOLE DE NIVEAU ELEMENTAIRE;Saint-Denis;1966-09-30;bdnb-bc-QEMC-MAGP-J1PB;bdnb-bg-GTXT-EXZU-2SD5;93;459.0;17.4;Saint-Denis;1966.0;;;D;MEULIERE - PIERRE;ZINC ALUMINIUM;2.0;9.0;6442.0;Résidentiel collectif;Tertiaire;"[""COMMUNE DE SAINT-DENIS""]"
0930588J;CNNNQ5FZP4MG;Ecole élémentaire Joliot-Curie 1;093;école;ECOLE DE NIVEAU ELEMENTAIRE;Saint-Denis;1966-09-30;bdnb-bc-V1BP-2911-41KS;bdnb-bg-GTXT-EXZU-2SD5;93;210.0;8.5;Saint-Denis;1966.0;;;D;MEULIERE - PIERRE;ZINC ALUMINIUM;2.0;9.0;6442.0;Résidentiel collectif;Tertiaire;"[""COMMUNE DE SAINT-DENIS""]"
0930588J;BFZNW259Z27K;Ecole élémentaire Joliot-Curie 1;093;école;ECOLE DE NIVEAU ELEMENTAIRE;Saint-Denis;1966-09-30;bdnb-bc-P4F6-VUNF-ZXL3;bdnb-bg-GTXT-EXZU-2SD5;93;177.0;7.7;Saint-Denis;1966.0;;;D;MEULIERE - PIERRE;ZINC ALUMINIUM;2.0;9.0;6442.0;Résidentiel collectif;Tertiaire;"[""COMMUNE DE SAINT-DENIS""]"
0930588J;CYV5B5VTM9TB;Ecole élémentaire Joliot-Curie 1;093;école;ECOLE DE NIVEAU ELEMENTAIRE;Saint-Denis;1966-09-30;bdnb-bc-UEBM-1FJJ-FYGG;bdnb-bg-GTXT-EXZU-2SD5;93;131.0;6.9;Saint-Denis;1966.0;;;D;MEULIERE - PIERRE;ZINC ALUMINIUM;2.0;9.0;6442.0;Résidentiel collectif;Tertiaire;"[""COMMUNE DE SAINT-DENIS""]"
0930588J;9NRX4CTF92QW;Ecole élémentaire Joliot-Curie 1;093;école;ECOLE DE NIVEAU ELEMENTAIRE;Saint-Denis;1966-09-30;bdnb-bc-NE2K-2X3P-AE5Y;bdnb-bg-GTXT-EXZU-2SD5;93;178.0;14.5;Saint-Denis;1966.0;;;D;MEULIERE - PIERRE;ZINC ALUMINIUM;2.0;9.0;6442.0;Résidentiel collectif;Tertiaire;"[""COMMUNE DE SAINT-DENIS""]"
0930588J;W9S97XB38DVY;Ecole élémentaire Joliot-Curie 1;093;école;ECOLE DE NIVEAU ELEMENTAIRE;Saint-Denis;1966-09-30;bdnb-bc-AK17-ARE2-EUPF;bdnb-bg-GTXT-EXZU-2SD5;93;124.0;14.1;Saint-Denis;1966.0;;;D;MEULIERE - PIERRE;ZINC ALUMINIUM;2.0;9.0;6442.0;Résidentiel collectif;Tertiaire;"[""COMMUNE DE SAINT-DENIS""]"
0930588J;P4G8YTTVREQY;Ecole élémentaire Joliot-Curie 1;093;école;ECOLE DE NIVEAU ELEMENTAIRE;Saint-Denis;1966-09-30;bdnb-bc-Q2TC-UPBZ-XMF5;bdnb-bg-GTXT-EXZU-2SD5;93;177.0;6.6;Saint-Denis;1966.0;;;D;MEULIERE - PIERRE;ZINC ALUMINIUM;2.0;9.0;6442.0;Résidentiel collectif;Tertiaire;"[""COMMUNE DE SAINT-DENIS""]"
0930588J;6YYMDTQSH47Y;Ecole élémentaire Joliot-Curie 1;093;école;ECOLE DE NIVEAU ELEMENTAIRE;Saint-Denis;1966-09-30;bdnb-bc-JQ1D-EHMH-YHLW;bdnb-bg-GTXT-EXZU-2SD5;93;217.0;7.2;Saint-Denis;1966.0;;;D;MEULIERE - PIERRE;ZINC ALUMINIUM;2.0;9.0;6442.0;Résidentiel collectif;Tertiaire;"[""COMMUNE DE SAINT-DENIS""]"
0930588J;QF7S99HKVWPB;Ecole élémentaire Joliot-Curie 1;093;école;ECOLE DE NIVEAU ELEMENTAIRE;Saint-Denis;1966-09-30;bdnb-bc-YNS4-UP5S-G2CL;bdnb-bg-GTXT-EXZU-2SD5;93;69.0;14.3;Saint-Denis;1966.0;;;D;MEULIERE - PIERRE;ZINC ALUMINIUM;2.0;9.0;6442.0;Résidentiel collectif;Tertiaire;"[""COMMUNE DE SAINT-DENIS""]"
0930588J;TJEC9HFFMSRK;Ecole élémentaire Joliot-Curie 1;093;école;ECOLE DE NIVEAU ELEMENTAIRE;Saint-Denis;1966-09-30;bdnb-bc-VLW7-NR5E-QG9V;bdnb-bg-GTXT-EXZU-2SD5;93;66.0;14.4;Saint-Denis;1966.0;;;D;MEULIERE - PIERRE;ZINC ALUMINIUM;2.0;9.0;6442.0;Résidentiel collectif;Tertiaire;"[""COMMUNE DE SAINT-DENIS""]"
0930588J;RS2J5M3KC51C;Ecole élémentaire Joliot-Curie 1;093;école;ECOLE DE NIVEAU ELEMENTAIRE;Saint-Denis;1966-09-30;bdnb-bc-2U6V-J7G8-JM1T;bdnb-bg-GTXT-EXZU-2SD5;93;362.0;9.1;Saint-Denis;1966.0;;;D;MEULIERE - PIERRE;ZINC ALUMINIUM;2.0;9.0;6442.0;Résidentiel collectif;Tertiaire;"[""COMMUNE DE SAINT-DENIS""]"
0930588J;Q49H4JZD4GYX;Ecole élémentaire Joliot-Curie 1;093;école;ECOLE DE NIVEAU ELEMENTAIRE;Saint-Denis;1966-09-30;bdnb-bc-HL9Q-52RX-P3MP;bdnb-bg-GTXT-EXZU-2SD5;93;112.0;10.7;Saint-Denis;1966.0;;;D;MEULIERE - PIERRE;ZINC ALUMINIUM;2.0;9.0;6442.0;Résidentiel collectif;Tertiaire;"[""COMMUNE DE SAINT-DENIS""]"
0930588J;4DE8E7VC3Q9E;Ecole élémentaire Joliot-Curie 1;093;école;ECOLE DE NIVEAU ELEMENTAIRE;Saint-Denis;1966-09-30;bdnb-bc-JQQ6-655Z-RVHF;bdnb-bg-GTXT-EXZU-2SD5;93;929.0;7.8;Saint-Denis;1966.0;;;D;MEULIERE - PIERRE;ZINC ALUMINIUM;2.0;9.0;6442.0;Résidentiel collectif;Tertiaire;"[""COMMUNE DE SAINT-DENIS""]"
0930588J;AT3D5WC1HPQD;Ecole élémentaire Joliot-Curie 1;093;école;ECOLE DE NIVEAU ELEMENTAIRE;Saint-Denis;1966-09-30;bdnb-bc-LEPN-M7HU-SQJF;bdnb-bg-GTXT-EXZU-2SD5;93;82.0;10.1;Saint-Denis;1966.0;;;D;MEULIERE - PIERRE;ZINC ALUMINIUM;2.0;9.0;6442.0;Résidentiel collectif;Tertiaire;"[""COMMUNE DE SAINT-DENIS""]"
0930588J;1C1KMR21NWVQ;Ecole élémentaire Joliot-Curie 1;093;école;ECOLE DE NIVEAU ELEMENTAIRE;Saint-Denis;1966-09-30;bdnb-bc-K7Z3-NYVS-GMRS;bdnb-bg-GTXT-EXZU-2SD5;93;43.0;5.0;Saint-Denis;1966.0;;;D;MEULIERE - PIERRE;ZINC ALUMINIUM;2.0;9.0;6442.0;Résidentiel collectif;Tertiaire;"[""COMMUNE DE SAINT-DENIS""]"
0930588J;XYPTZSHVYMW4;Ecole élémentaire Joliot-Curie 1;093;école;ECOLE DE NIVEAU ELEMENTAIRE;Saint-Denis;1966-09-30;bdnb-bc-FBV6-7VL5-HTLK;bdnb-bg-GTXT-EXZU-2SD5;93;69.0;7.7;Saint-Denis;1966.0;;;D;MEULIERE - PIERRE;ZINC ALUMINIUM;2.0;9.0;6442.0;Résidentiel collectif;Tertiaire;"[""COMMUNE DE SAINT-DENIS""]"
0930588J;MGQS481V6RNY;Ecole élémentaire Joliot-Curie 1;093;école;ECOLE DE NIVEAU ELEMENTAIRE;Saint-Denis;1966-09-30;bdnb-bc-VC3Y-TEM9-F24K;bdnb-bg-GTXT-EXZU-2SD5;93;73.0;4.7;Saint-Denis;1966.0;;;D;MEULIERE - PIERRE;ZINC ALUMINIUM;2.0;9.0;6442.0;Résidentiel collectif;Tertiaire;"[""COMMUNE DE SAINT-DENIS""]"
0930588J;G7BZH8D3A9SE;Ecole élémentaire Joliot-Curie 1;093;école;ECOLE DE NIVEAU ELEMENTAIRE;Saint-Denis;1966-09-30;bdnb-bc-UCGT-WHUQ-1VH2;bdnb-bg-GTXT-EXZU-2SD5;93;135.0;8.2;Saint-Denis;1966.0;;;D;MEULIERE - PIERRE;ZINC ALUMINIUM;2.0;9.0;6442.0;Résidentiel collectif;Tertiaire;"[""COMMUNE DE SAINT-DENIS""]"
0930588J;HJBAK5N9HV9J;Ecole élémentaire Joliot-Curie 1;093;école;ECOLE DE NIVEAU ELEMENTAIRE;Saint-Denis;1966-09-30;bdnb-bc-KKRH-A3TA-X4G4;bdnb-bg-GTXT-EXZU-2SD5;93;1396.0;10.2;Saint-Denis;1966.0;;;D;MEULIERE - PIERRE;ZINC ALUMINIUM;2.0;9.0;6442.0;Résidentiel collectif;Tertiaire;"[""COMMUNE DE SAINT-DENIS""]"
0930588J;T3WVXJQ95YX8;Ecole élémentaire Joliot-Curie 1;093;école;ECOLE DE NIVEAU ELEMENTAIRE;Saint-Denis;1966-09-30;bdnb-bc-LAKW-VSHB-T9LU;bdnb-bg-GTXT-EXZU-2SD5;93;98.0;8.5;Saint-Denis;1966.0;;;D;MEULIERE - PIERRE;ZINC ALUMINIUM;2.0;9.0;6442.0;Résidentiel collectif;Tertiaire;"[""COMMUNE DE SAINT-DENIS""]"
0930588J;2KKAHCARPKM8;Ecole élémentaire Joliot-Curie 1;093;école;ECOLE DE NIVEAU ELEMENTAIRE;Saint-Denis;1966-09-30;bdnb-bc-NSC2-LTUK-X6BB;bdnb-bg-GTXT-EXZU-2SD5;93;60.0;7.6;Saint-Denis;1966.0;;;D;MEULIERE - PIERRE;ZINC ALUMINIUM;2.0;9.0;6442.0;Résidentiel collectif;Tertiaire;"[""COMMUNE DE SAINT-DENIS""]"
0930588J;DY6119Y2YEYF;Ecole élémentaire Joliot-Curie 1;093;école;ECOLE DE NIVEAU ELEMENTAIRE;Saint-Denis;1966-09-30;bdnb-bc-2B2U-F25H-76QV;bdnb-bg-GTXT-EXZU-2SD5;93;627.0;8.8;Saint-Denis;1966.0;;;D;MEULIERE - PIERRE;ZINC ALUMINIUM;2.0;9.0;6442.0;Résidentiel collectif;Tertiaire;"[""COMMUNE DE SAINT-DENIS""]"
0930605C;P6R3CTYTWBG9;Ecole élémentaire Eugène Varlin;093;école;ECOLE DE NIVEAU ELEMENTAIRE;Aubervilliers;1966-11-02;bdnb-bc-LGBN-8D4T-CKVH;bdnb-bg-PFTG-QHRE-ALUR;93;1630.0;5.9;Aubervilliers;2017.0;;;;INDETERMINE;INDETERMINE;1.0;6.0;1905.0;Tertiaire & Autres;Tertiaire;"[""COMMUNE DE SAINT-DENIS""]"
0930635K;Z8X5QAPGVJE4;Ecole élémentaire Paul Laguesse;093;école;ECOLE DE NIVEAU ELEMENTAIRE;Gagny;1965-05-01;bdnb-bc-SNWA-2FC3-EWL8;bdnb-bg-RB2X-GLKV-J884;93;989.0;12.4;Gagny;2013.0;;;;INDETERMINE;INDETERMINE;1.0;7.0;1141.0;Tertiaire & Autres;Tertiaire;"[""COMMUNE DE GAGNY""]"
0930681K;WM8K48PRJNGK;Ecole élémentaire Joliot-Curie 2;093;école;ECOLE DE NIVEAU ELEMENTAIRE;Clichy-sous-Bois;1965-05-01;bdnb-bc-ZBJ7-DPWL-5S2P;bdnb-bg-YWAD-9CFM-UR7J;93;305.0;9.8;Clichy-sous-Bois;;;;;;;;9.0;1757.0;;Tertiaire;
0930681K;Q9TPBT42N4YC;Ecole élémentaire Joliot-Curie 2;093;école;ECOLE DE NIVEAU ELEMENTAIRE;Clichy-sous-Bois;1965-05-01;bdnb-bc-CNXD-E5FE-VLYS;bdnb-bg-YWAD-9CFM-UR7J;93;622.0;12.3;Clichy-sous-Bois;;;;;;;;9.0;1757.0;;Tertiaire;
0930681K;QTBSMBSVMH9J;Ecole élémentaire Joliot-Curie 2;093;école;ECOLE DE NIVEAU ELEMENTAIRE;Clichy-sous-Bois;1965-05-01;bdnb-bc-3QPY-Q4BJ-KU8M;bdnb-bg-PPHR-PJC9-6RL3;93;86.0;8.2;Clichy-sous-Bois;1957.0;;E;;AUTRES;AUTRES;5.0;10.0;857.0;Résidentiel collectif;Tertiaire;"[""COMMUNE DE CLICHY-SOUS-BOIS""]"
0930681K;JB8929ZWRF81;Ecole élémentaire Joliot-Curie 2;093;école;ECOLE DE NIVEAU ELEMENTAIRE;Clichy-sous-Bois;1965-05-01;bdnb-bc-AU4D-BHVC-FTYA;bdnb-bg-PPHR-PJC9-6RL3;93;771.0;10.9;Clichy-sous-Bois;1957.0;;E;;AUTRES;AUTRES;5.0;10.0;857.0;Résidentiel collectif;Tertiaire;"[""COMMUNE DE CLICHY-SOUS-BOIS""]"
0930681K;FARJBYJNW7XT;Ecole élémentaire Joliot-Curie 2;093;école;ECOLE DE NIVEAU ELEMENTAIRE;Clichy-sous-Bois;1965-05-01;;;;;;;;;;;;;;;;;;
0930681K;X1E98J93AVB3;Ecole élémentaire Joliot-Curie 2;093;école;ECOLE DE NIVEAU ELEMENTAIRE;Clichy-sous-Bois;1965-05-01;;;;;;;;;;;;;;;;;;
0930702H;4WEJQMNP8C8V;Ecole élémentaire Jules Ferry;093;école;ECOLE DE NIVEAU ELEMENTAIRE;Montfermeil;1965-05-01;bdnb-bc-ZVCX-TDNM-W6US;bdnb-bg-K5GB-SMB6-CFYN;93;3223.0;8.7;Montfermeil;1932.0;1945.0;E;C;MEULIERE;TUILES;2.0;9.0;3223.0;Résidentiel collectif;Tertiaire;"[""COMMUNE DE MONTFERMEIL""]"
0930714W;Y85CDB7P9X95;Ecole élémentaire Jean Perrin;093;école;ECOLE DE NIVEAU ELEMENTAIRE;Sevran;1965-05-01;bdnb-bc-2428-VQXT-63NV;bdnb-bg-V58A-3MZM-YNZF;93;792.0;10.4;Sevran;;;;;INDETERMINE;INDETERMINE;1.0;10.0;792.0;Tertiaire & Autres;Tertiaire;"[""COMMUNE DE SEVRAN""]"
0930737W;BCGHGGHNF5MF;Ecole élémentaire Anatole France;093;école;ECOLE DE NIVEAU ELEMENTAIRE;Aulnay-sous-Bois;1965-05-01;bdnb-bc-QEWM-BZPW-MVQS;bdnb-bg-UCM9-QGHB-4N3Z;93;570.0;13.0;Aulnay-sous-Bois;1933.0;;;;BRIQUES;TUILES;3.0;9.0;1236.0;Résidentiel collectif;Tertiaire;"[""COMMUNE DE SEVRAN""]"
0930753N;33TKRWHTECC7;Ecole élémentaire Jean Jaurès;093;école;ECOLE DE NIVEAU ELEMENTAIRE;Le Blanc-Mesnil;1965-05-01;bdnb-bc-LU1U-3J4D-VNMU;bdnb-bg-4996-NZNR-Q63S;93;812.0;13.0;Le Blanc-Mesnil;;;;;;;;6.0;2802.0;;Tertiaire;
0930753N;FN8S91H54175;Ecole élémentaire Jean Jaurès;093;école;ECOLE DE NIVEAU ELEMENTAIRE;Le Blanc-Mesnil;1965-05-01;bdnb-bc-992V-81S4-F1YH;bdnb-bg-4996-NZNR-Q63S;93;733.0;2.9;Le Blanc-Mesnil;;;;;;;;6.0;2802.0;;Tertiaire;
0930753N;KWYB4D2JGRP7;Ecole élémentaire Jean Jaurès;093;école;ECOLE DE NIVEAU ELEMENTAIRE;Le Blanc-Mesnil;1965-05-01;bdnb-bc-GTZ3-CL8L-KQP5;bdnb-bg-4996-NZNR-Q63S;93;67.0;4.1;Le Blanc-Mesnil;;;;;;;;6.0;2802.0;;Tertiaire;
0930753N;TSR38PSRZPV9;Ecole élémentaire Jean Jaurès;093;école;ECOLE DE NIVEAU ELEMENTAIRE;Le Blanc-Mesnil;1965-05-01;bdnb-bc-S5ZP-ASKK-X5HF;bdnb-bg-4996-NZNR-Q63S;93;641.0;6.4;Le Blanc-Mesnil;;;;;;;;6.0;2802.0;;Tertiaire;
0930753N;QCF2MXBSB4G3;Ecole élémentaire Jean Jaurès;093;école;ECOLE DE NIVEAU ELEMENTAIRE;Le Blanc-Mesnil;1965-05-01;bdnb-bc-MBVN-LEZ6-EH9K;bdnb-bg-4996-NZNR-Q63S;93;549.0;3.1;Le Blanc-Mesnil;;;;;;;;6.0;2802.0;;Tertiaire;
0930753N;6NBADEFNYTS7;Ecole élémentaire Jean Jaurès;093;école;ECOLE DE NIVEAU ELEMENTAIRE;Le Blanc-Mesnil;1965-05-01;bdnb-bc-XAV8-WJ3A-GTHS;bdnb-bg-WMQ4-JW9R-9ZL1;93;246.0;2.7;Le Blanc-Mesnil;1951.0;;;C;BRIQUES - MEULIERE;BETON;4.0;3.0;246.0;Résidentiel collectif;Tertiaire;"[""COMMUNE DE DUGNY""]"
0930754P;F9JPGF1EKEY2;Ecole élémentaire Guy Môquet;093;école;ECOLE DE NIVEAU ELEMENTAIRE;Le Blanc-Mesnil;1965-05-01;bdnb-bc-MX56-23ZM-RPGF;bdnb-bg-22PE-83MJ-VFM8;93;1705.0;5.4;Le Blanc-Mesnil;;;;;;;;5.0;1770.0;;Tertiaire;
0930755R;KCF37E9MKZW2;Ecole élémentaire Jules Vallès;093;école;ECOLE DE NIVEAU ELEMENTAIRE;Le Blanc-Mesnil;1965-05-01;bdnb-bc-ZLFL-RDDB-JTFR;bdnb-bg-YHLM-TMMB-DKPW;93;521.0;8.3;Le Blanc-Mesnil;;;;;INDETERMINE;INDETERMINE;1.0;7.0;993.0;Tertiaire & Autres;Tertiaire;"[""COMMUNE DE DUGNY""]"
0930755R;QH6Q83Y35RMV;Ecole élémentaire Jules Vallès;093;école;ECOLE DE NIVEAU ELEMENTAIRE;Le Blanc-Mesnil;1965-05-01;bdnb-bc-HHHC-PXA3-PM2W;bdnb-bg-YHLM-TMMB-DKPW;93;109.0;5.3;Le Blanc-Mesnil;;;;;INDETERMINE;INDETERMINE;1.0;7.0;993.0;Tertiaire & Autres;Tertiaire;"[""COMMUNE DE DUGNY""]"
0930765B;WNY7ZSSAQAWS;Ecole élémentaire Paul Eluard;093;école;ECOLE DE NIVEAU ELEMENTAIRE;Le Blanc-Mesnil;1965-05-01;bdnb-bc-W3BA-AJTE-KWAZ;bdnb-bg-LZ9V-EYR4-AT99;93;536.0;5.9;Le Blanc-Mesnil;;;;G;;;;6.0;4016.0;;Tertiaire;
0930765B;SMYD8TRVNDTE;Ecole élémentaire Paul Eluard;093;école;ECOLE DE NIVEAU ELEMENTAIRE;Le Blanc-Mesnil;1965-05-01;bdnb-bc-EU4D-UAE7-21CF;bdnb-bg-LZ9V-EYR4-AT99;93;443.0;5.4;Le Blanc-Mesnil;;;;G;;;;6.0;4016.0;;Tertiaire;
0930765B;6S14VB2E73PF;Ecole élémentaire Paul Eluard;093;école;ECOLE DE NIVEAU ELEMENTAIRE;Le Blanc-Mesnil;1965-05-01;bdnb-bc-242T-Q1NW-EKX6;bdnb-bg-LZ9V-EYR4-AT99;93;1033.0;5.3;Le Blanc-Mesnil;;;;G;;;;6.0;4016.0;;Tertiaire;
0930765B;AVS6TNMWGH77;Ecole élémentaire Paul Eluard;093;école;ECOLE DE NIVEAU ELEMENTAIRE;Le Blanc-Mesnil;1965-05-01;bdnb-bc-RLFJ-8HC4-2UCZ;bdnb-bg-LZ9V-EYR4-AT99;93;294.0;12.4;Le Blanc-Mesnil;;;;G;;;;6.0;4016.0;;Tertiaire;
0930765B;WDXNV6VY362A;Ecole élémentaire Paul Eluard;093;école;ECOLE DE NIVEAU ELEMENTAIRE;Le Blanc-Mesnil;1965-05-01;bdnb-bc-N73R-4Z58-LRTW;bdnb-bg-LZ9V-EYR4-AT99;93;122.0;5.9;Le Blanc-Mesnil;;;;G;;;;6.0;4016.0;;Tertiaire;
0930765B;BXQ9Z3RVH589;Ecole élémentaire Paul Eluard;093;école;ECOLE DE NIVEAU ELEMENTAIRE;Le Blanc-Mesnil;1965-05-01;bdnb-bc-8VKD-VBKD-6XM9;bdnb-bg-PJB8-M7JC-ET68;93;151.0;2.9;Le Blanc-Mesnil;1974.0;;;G;PIERRE - AUTRES;TUILES;1.0;3.0;151.0;Résidentiel individuel;Tertiaire;"[""COMMUNE DE DUGNY""]"
0930765B;7FWAK2G3P1X5;Ecole élémentaire Paul Eluard;093;école;ECOLE DE NIVEAU ELEMENTAIRE;Le Blanc-Mesnil;1965-05-01;bdnb-bc-SATX-SC84-AWQF;bdnb-bg-LZ9V-EYR4-AT99;93;144.0;2.5;Le Blanc-Mesnil;;;;G;;;;6.0;4016.0;;Tertiaire;
0930765B;PCFQXM8DY1CR;Ecole élémentaire Paul Eluard;093;école;ECOLE DE NIVEAU ELEMENTAIRE;Le Blanc-Mesnil;1965-05-01;bdnb-bc-RC2U-8CYX-L9VZ;bdnb-bg-LZ9V-EYR4-AT99;93;138.0;6.3;Le Blanc-Mesnil;;;;G;;;;6.0;4016.0;;Tertiaire;
0930765B;B5S19NS4C289;Ecole élémentaire Paul Eluard;093;école;ECOLE DE NIVEAU ELEMENTAIRE;Le Blanc-Mesnil;1965-05-01;bdnb-bc-GNWJ-3MBH-MVPC;bdnb-bg-LZ9V-EYR4-AT99;93;68.0;3.3;Le Blanc-Mesnil;;;;G;;;;6.0;4016.0;;Tertiaire;
0930765B;NAEQ44Z4XFTF;Ecole élémentaire Paul Eluard;093;école;ECOLE DE NIVEAU ELEMENTAIRE;Le Blanc-Mesnil;1965-05-01;bdnb-bc-H48V-KL5J-3P8Q;bdnb-bg-LZ9V-EYR4-AT99;93;898.0;11.6;Le Blanc-Mesnil;;;;G;;;;6.0;4016.0;;Tertiaire;
0930765B;ECGXTGNBEMDD;Ecole élémentaire Paul Eluard;093;école;ECOLE DE NIVEAU ELEMENTAIRE;Le Blanc-Mesnil;1965-05-01;bdnb-bc-77LU-JF2W-4V7K;bdnb-bg-Y6DB-PT51-LG2L;93;1484.0;7.3;Le Blanc-Mesnil;;;;;AGGLOMERE - MEULIERE;INDETERMINE;1.0;7.0;1484.0;Tertiaire & Autres;Tertiaire;"[""COMMUNE DE DUGNY""]"
0930765B;V4848N5M5RNQ;Ecole élémentaire Paul Eluard;093;école;ECOLE DE NIVEAU ELEMENTAIRE;Le Blanc-Mesnil;1965-05-01;bdnb-bc-YKQJ-C8BT-EAFE;bdnb-bg-TWKD-1KRN-59TY;93;1391.0;11.9;Le Blanc-Mesnil;2000.0;;;G;INDETERMINE;INDETERMINE;1.0;9.0;5819.0;Tertiaire & Autres;Tertiaire;"[""COMMUNE DE DUGNY""]"
0930765B;E2DM2NMBP8WR;Ecole élémentaire Paul Eluard;093;école;ECOLE DE NIVEAU ELEMENTAIRE;Le Blanc-Mesnil;1965-05-01;bdnb-bc-XA2B-11S3-M9G7;bdnb-bg-TWKD-1KRN-59TY;93;362.0;3.8;Le Blanc-Mesnil;2000.0;;;G;INDETERMINE;INDETERMINE;1.0;9.0;5819.0;Tertiaire & Autres;Tertiaire;"[""COMMUNE DE DUGNY""]"
0930776N;3MA8X11ECGEQ;Ecole maternelle Croix Rouge;093;école;ECOLE MATERNELLE;Aulnay-sous-Bois;1965-05-01;bdnb-bc-YH3Y-HXS8-WUE9;bdnb-bg-GYSL-RCSW-T7TB;93;1728.0;4.0;Aulnay-sous-Bois;;;;;;;;7.0;2332.0;;Tertiaire;
0930788B;J434KKD97E15;Ecole maternelle Marcel Cachin;093;école;ECOLE MATERNELLE;Le Blanc-Mesnil;1965-05-01;bdnb-bc-CVZ1-4A13-F62B;bdnb-bg-GUA2-397W-UQKN;93;733.0;3.8;Le Blanc-Mesnil;1971.0;;;C;BETON;BETON;4.0;8.0;4269.0;Résidentiel collectif;Tertiaire;"[""COMMUNE DE DUGNY""]"
0930798M;8CPBQ6FZA7Z1;Ecole maternelle Jean De La Fontaine;093;école;ECOLE MATERNELLE;Le Raincy;1965-05-01;bdnb-bc-VD5H-KKBG-Z5UP;bdnb-bg-3H2L-KF5B-CJW5;93;941.0;6.5;Le Raincy;1933.0;;;B;MEULIERE;TUILES;3.0;5.0;2392.0;Tertiaire & Autres;Tertiaire;"[""COMMUNE LE RAINCY""]"
0930825S;1A6YKJG1PJW6;Ecole maternelle Léon Frapié;093;école;ECOLE MATERNELLE;Neuilly-Plaisance;1965-05-01;bdnb-bc-DWEP-UC5B-3QNH;bdnb-bg-DDRL-44RD-VA89;93;1366.0;3.5;Neuilly-Plaisance;;;;;;;;4.0;1416.0;;Tertiaire;
0930829W;S5WM392Y6G5W;Ecole maternelle Paul Serelle;093;école;ECOLE MATERNELLE;Noisy-le-Grand;1965-05-01;bdnb-bc-L39C-RNJS-PTCA;bdnb-bg-W38L-BKDS-TUQB;93;564.0;5.8;Noisy-le-Grand;2009.0;;;;INDETERMINE;INDETERMINE;2.0;5.0;1713.0;Tertiaire & Autres;Tertiaire;"[""COMMUNE DE NOISY LE GRAND""]"
0930883E;W78FES86VE36;Collège Saint-Exupéry;093;collège;COLLEGE;Noisy-le-Grand;1967-10-13;bdnb-bc-DQFU-MT9T-1WBH;bdnb-bg-31WF-UC4C-7ZW6;93;3019.0;10.3;Noisy-le-Grand;;;;;;;;5.0;4557.0;;Tertiaire;
0930893R;58JDVHKG5RNK;Collège Roger Martin du Gard;093;collège;COLLEGE;Epinay-sur-Seine;1968-04-25;bdnb-bc-QWM9-GAEE-CNVZ;bdnb-bg-ALF6-KPAB-L658;93;1404.0;8.4;Épinay-sur-Seine;;;;C;;;;8.0;1436.0;;Tertiaire;
0930180R;SZ5C5BTBFQJ5;Ecole élémentaire Eugène Varlin;093;école;ECOLE DE NIVEAU ELEMENTAIRE;Bobigny;1965-05-01;bdnb-bc-ZGRV-VCK4-44VD;bdnb-bg-HMSZ-2CT6-Y6MW;93;869.0;15.1;Bobigny;1936.0;2026.0;C;;BRIQUES;TUILES;3.0;13.0;3381.0;Résidentiel collectif;Tertiaire;"[""COMMUNE DE BOBIGNY""]"
0930284D;N3YT4XFKGBHQ;Ecole élémentaire Anatole France;093;école;ECOLE DE NIVEAU ELEMENTAIRE;Saint-Ouen-sur-Seine;1965-05-01;bdnb-bc-YR5H-772F-3Z9A;bdnb-bg-YQHF-UBW6-8QDP;93;770.0;13.9;Saint-Ouen-sur-Seine;;;;;;;;14.0;770.0;;Tertiaire;
0930302Y;MP1MFXH12FHG;Ecole élémentaire Albert Mathiez;093;école;ECOLE DE NIVEAU ELEMENTAIRE;Aubervilliers;1965-05-01;bdnb-bc-RXNP-CEUB-MP9A;bdnb-bg-KQY8-P92R-75MA;93;921.0;6.9;Aubervilliers;2009.0;;;;BRIQUES;INDETERMINE;2.0;7.0;4786.0;Tertiaire & Autres;Tertiaire;"[""COMMUNE DE SAINT-DENIS""]"
0930302Y;SN1EREFAC6N8;Ecole élémentaire Albert Mathiez;093;école;ECOLE DE NIVEAU ELEMENTAIRE;Aubervilliers;1965-05-01;;;;;;;;;;;;;;;;;;
0930302Y;7NQ1WAGF7EBA;Ecole élémentaire Albert Mathiez;093;école;ECOLE DE NIVEAU ELEMENTAIRE;Aubervilliers;1965-05-01;bdnb-bc-1CR5-W1ND-S525;bdnb-bg-KQY8-P92R-75MA;93;3023.0;7.8;Aubervilliers;2009.0;;;;BRIQUES;INDETERMINE;2.0;7.0;4786.0;Tertiaire & Autres;Tertiaire;"[""COMMUNE DE SAINT-DENIS""]"
0930302Y;2FRZJJWVFYAT;Ecole élémentaire Albert Mathiez;093;école;ECOLE DE NIVEAU ELEMENTAIRE;Aubervilliers;1965-05-01;;;;;;;;;;;;;;;;;;
0930302Y;RFDT61QENFMM;Ecole élémentaire Albert Mathiez;093;école;ECOLE DE NIVEAU ELEMENTAIRE;Aubervilliers;1965-05-01;bdnb-bc-LE66-MAZL-M8ZF;bdnb-bg-KQY8-P92R-75MA;93;221.0;7.1;Aubervilliers;2009.0;;;;BRIQUES;INDETERMINE;2.0;7.0;4786.0;Tertiaire & Autres;Tertiaire;"[""COMMUNE DE SAINT-DENIS""]"
0931207G;4SPDWJCHWGXQ;Collège Evariste Galois;093;collège;COLLEGE;Epinay-sur-Seine;1970-03-25;bdnb-bc-5Y62-V4JY-2TY8;bdnb-bg-EVAY-CKG7-JSJ9;93;2550.0;5.3;Épinay-sur-Seine;;;;D;INDETERMINE;INDETERMINE;2.0;4.0;2863.0;Tertiaire & Autres;Tertiaire;"[""COMMUNE D EPINAY SUR SEINE"", ""DEPARTEMENT DE LA SEINE SAINT DENIS""]"
0931239S;FD9YWPY4MXNB;Ecole élémentaire Firmin Gémier;093;école;ECOLE DE NIVEAU ELEMENTAIRE;Aubervilliers;1970-05-08;bdnb-bc-2FUG-Z8DW-17JP;bdnb-bg-4GX9-SUDE-2KG4;93;29.0;3.0;Aubervilliers;2008.0;;;;INDETERMINE;INDETERMINE;1.0;5.0;2479.0;Tertiaire & Autres;Tertiaire;"[""COMMUNE DE SAINT-DENIS""]"
0931278J;NVC6F27EKBVK;Ecole maternelle Lacepède;093;école;ECOLE MATERNELLE;Epinay-sur-Seine;1970-05-08;bdnb-bc-LHAW-466V-ESLL;bdnb-bg-FCBL-PRQ7-CUHW;93;31.0;4.0;Épinay-sur-Seine;1976.0;;;;BETON;BETON;2.0;4.0;487.0;Tertiaire & Autres;Tertiaire;"[""COMMUNE D EPINAY SUR SEINE""]"
0931278J;H4W6KQF9X9BV;Ecole maternelle Lacepède;093;école;ECOLE MATERNELLE;Epinay-sur-Seine;1970-05-08;bdnb-bc-G2L4-3XSQ-89ZS;bdnb-bg-FCBL-PRQ7-CUHW;93;456.0;4.1;Épinay-sur-Seine;1976.0;;;;BETON;BETON;2.0;4.0;487.0;Tertiaire & Autres;Tertiaire;"[""COMMUNE D EPINAY SUR SEINE""]"
0931278J;CND3VZ397VY1;Ecole maternelle Lacepède;093;école;ECOLE MATERNELLE;Epinay-sur-Seine;1970-05-08;bdnb-bc-L71B-733R-AREL;bdnb-bg-EM6H-BVX2-CLV7;93;93.0;3.1;Épinay-sur-Seine;;;;;;;;3.0;1485.0;;Tertiaire;
0931278J;96SKQGD9MF7C;Ecole maternelle Lacepède;093;école;ECOLE MATERNELLE;Epinay-sur-Seine;1970-05-08;bdnb-bc-3JKC-F5TE-2RFZ;bdnb-bg-EM6H-BVX2-CLV7;93;847.0;5.7;Épinay-sur-Seine;;;;;;;;3.0;1485.0;;Tertiaire;
0931278J;Z812QHR7JE5K;Ecole maternelle Lacepède;093;école;ECOLE MATERNELLE;Epinay-sur-Seine;1970-05-08;bdnb-bc-1VQX-FQY6-TUKV;bdnb-bg-MYZY-836E-59KV;93;742.0;5.8;Épinay-sur-Seine;1970.0;;;;AGGLOMERE - PIERRE;AUTRES;2.0;6.0;742.0;Résidentiel collectif;Tertiaire;"[""COMMUNE D EPINAY SUR SEINE""]"
0931278J;8EA2C185HAMF;Ecole maternelle Lacepède;093;école;ECOLE MATERNELLE;Epinay-sur-Seine;1970-05-08;bdnb-bc-GGWP-M75B-MWJQ;bdnb-bg-EM6H-BVX2-CLV7;93;199.0;4.0;Épinay-sur-Seine;;;;;;;;3.0;1485.0;;Tertiaire;
0931313X;8YBBCW6Z6VFA;Ecole élémentaire Saint-Exupéry;093;école;ECOLE DE NIVEAU ELEMENTAIRE;Sevran;1970-05-08;bdnb-bc-ZKFY-LAL5-Y7US;bdnb-bg-TYLE-DL72-FCRN;93;617.0;4.2;Sevran;2011.0;;;B;INDETERMINE;INDETERMINE;1.0;4.0;1422.0;Tertiaire & Autres;Tertiaire;"[""COMMUNE DE SEVRAN""]"
0931313X;H16XTS2BMHY7;Ecole élémentaire Saint-Exupéry;093;école;ECOLE DE NIVEAU ELEMENTAIRE;Sevran;1970-05-08;bdnb-bc-PS9Q-7D6J-XVRG;bdnb-bg-TYLE-DL72-FCRN;93;545.0;4.6;Sevran;2011.0;;;B;INDETERMINE;INDETERMINE;1.0;4.0;1422.0;Tertiaire & Autres;Tertiaire;"[""COMMUNE DE SEVRAN""]"
0931313X;4861XT5A9MYE;Ecole élémentaire Saint-Exupéry;093;école;ECOLE DE NIVEAU ELEMENTAIRE;Sevran;1970-05-08;bdnb-bc-FKYC-KDAR-D9RV;bdnb-bg-TYLE-DL72-FCRN;93;237.0;2.8;Sevran;2011.0;;;B;INDETERMINE;INDETERMINE;1.0;4.0;1422.0;Tertiaire & Autres;Tertiaire;"[""COMMUNE DE SEVRAN""]"
0931399R;JVDFEH62ZJD9;Ecole maternelle Louise Michel;093;école;ECOLE MATERNELLE;Bobigny;1971-05-24;bdnb-bc-WTH1-KVKG-BT1R;bdnb-bg-APYM-SK1M-VKH6;93;1833.0;4.1;Bobigny;;;;;;;;4.0;1977.0;;Tertiaire;
0931460G;8YBBCW6Z6VFA;Ecole maternelle Saint-Exupéry;093;école;ECOLE MATERNELLE;Sevran;1972-06-06;bdnb-bc-ZKFY-LAL5-Y7US;bdnb-bg-TYLE-DL72-FCRN;93;617.0;4.2;Sevran;2011.0;;;B;INDETERMINE;INDETERMINE;1.0;4.0;1422.0;Tertiaire & Autres;Tertiaire;"[""COMMUNE DE SEVRAN""]"
0931460G;H16XTS2BMHY7;Ecole maternelle Saint-Exupéry;093;école;ECOLE MATERNELLE;Sevran;1972-06-06;bdnb-bc-PS9Q-7D6J-XVRG;bdnb-bg-TYLE-DL72-FCRN;93;545.0;4.6;Sevran;2011.0;;;B;INDETERMINE;INDETERMINE;1.0;4.0;1422.0;Tertiaire & Autres;Tertiaire;"[""COMMUNE DE SEVRAN""]"
0931460G;4861XT5A9MYE;Ecole maternelle Saint-Exupéry;093;école;ECOLE MATERNELLE;Sevran;1972-06-06;bdnb-bc-FKYC-KDAR-D9RV;bdnb-bg-TYLE-DL72-FCRN;93;237.0;2.8;Sevran;2011.0;;;B;INDETERMINE;INDETERMINE;1.0;4.0;1422.0;Tertiaire & Autres;Tertiaire;"[""COMMUNE DE SEVRAN""]"
0931473W;PZVTA363TS3Y;Ecole élémentaire François Villon;093;école;ECOLE DE NIVEAU ELEMENTAIRE;Sevran;1972-06-06;bdnb-bc-GSZP-SCP8-TMUH;bdnb-bg-5F5Q-RJFF-VTUW;93;325.0;3.7;Sevran;;;;C;INDETERMINE;INDETERMINE;1.0;12.0;7245.0;Résidentiel individuel;Tertiaire;"[""COMMUNE DE SEVRAN"", ""GRTGAZ"", ""LOGEMENT GEST IMMOBILIERE REG PARISIENNE""]"
0931518V;2MSYAJB3SJCA;Ecole maternelle Maryse Bastié;093;école;ECOLE MATERNELLE;Romainville;1973-05-14;bdnb-bc-T9LR-4VSZ-VU4Q;bdnb-bg-WYST-HHE4-VQQ9;93;1889.0;13.7;Romainville;;;;C;;;;14.0;1889.0;;Tertiaire;
0931613Y;8CABDK9KR8YE;Lycée général et technologique Louise Michel;093;lycée;LYCEE ENSEIGNT GENERAL ET TECHNOLOGIQUE;Bobigny;1976-02-24;bdnb-bc-SAHV-9PYL-4Y5Y;bdnb-bg-EL47-D9A6-3SHE;93;3667.0;8.9;Bobigny;1950.0;;F;;INDETERMINE;INDETERMINE;2.0;8.0;11407.0;Tertiaire & Autres;Tertiaire;"[""COMMUNE DE BOBIGNY""]"
0931765N;TG5Z9JRPZGBX;Collège Alfred Sisley;093;collège;COLLEGE;L'Ile-Saint-Denis;1979-09-01;bdnb-bc-J4Z6-UH8A-5LLD;bdnb-bg-433D-Z3PC-3NP1;93;816.0;10.0;L'Île-Saint-Denis;1979.0;;;C;BETON;AUTRES;2.0;8.0;2275.0;Résidentiel collectif;Tertiaire;"[""DEPARTEMENT DE LA SEINE SAINT DENIS""]"
0931765N;WAXP687CS5VQ;Collège Alfred Sisley;093;collège;COLLEGE;L'Ile-Saint-Denis;1979-09-01;bdnb-bc-2EE1-GRQ3-S5QH;bdnb-bg-433D-Z3PC-3NP1;93;207.0;6.8;L'Île-Saint-Denis;1979.0;;;C;BETON;AUTRES;2.0;8.0;2275.0;Résidentiel collectif;Tertiaire;"[""DEPARTEMENT DE LA SEINE SAINT DENIS""]"
0931765N;H4QPA6HVVFQQ;Collège Alfred Sisley;093;collège;COLLEGE;L'Ile-Saint-Denis;1979-09-01;bdnb-bc-E3ZQ-9TVR-SPLE;bdnb-bg-433D-Z3PC-3NP1;93;55.0;10.3;L'Île-Saint-Denis;1979.0;;;C;BETON;AUTRES;2.0;8.0;2275.0;Résidentiel collectif;Tertiaire;"[""DEPARTEMENT DE LA SEINE SAINT DENIS""]"
0931765N;4N8WZ7B3RGFR;Collège Alfred Sisley;093;collège;COLLEGE;L'Ile-Saint-Denis;1979-09-01;bdnb-bc-71T6-TSJL-CW59;bdnb-bg-433D-Z3PC-3NP1;93;1087.0;9.1;L'Île-Saint-Denis;1979.0;;;C;BETON;AUTRES;2.0;8.0;2275.0;Résidentiel collectif;Tertiaire;"[""DEPARTEMENT DE LA SEINE SAINT DENIS""]"
0931765N;G5EW5JMF6QEX;Collège Alfred Sisley;093;collège;COLLEGE;L'Ile-Saint-Denis;1979-09-01;bdnb-bc-AAL8-2KJX-RWFJ;bdnb-bg-CDXW-GM14-EWDD;93;59.0;3.8;L'Île-Saint-Denis;;;;C;INDETERMINE;INDETERMINE;1.0;4.0;59.0;Tertiaire & Autres;Tertiaire;"[""COMMUNE DE L ILE ST DENIS"", ""DEPARTEMENT DE LA SEINE SAINT DENIS""]"
0931765N;5EAK1PJ5NCWJ;Collège Alfred Sisley;093;collège;COLLEGE;L'Ile-Saint-Denis;1979-09-01;bdnb-bc-3QNZ-J9K8-TSXT;bdnb-bg-433D-Z3PC-3NP1;93;30.0;9.9;L'Île-Saint-Denis;1979.0;;;C;BETON;AUTRES;2.0;8.0;2275.0;Résidentiel collectif;Tertiaire;"[""DEPARTEMENT DE LA SEINE SAINT DENIS""]"
0931765N;WJP56N6PRBWJ;Collège Alfred Sisley;093;collège;COLLEGE;L'Ile-Saint-Denis;1979-09-01;;;;;;;;;;;;;;;;;;
0931765N;3X75TT7QFVVS;Collège Alfred Sisley;093;collège;COLLEGE;L'Ile-Saint-Denis;1979-09-01;bdnb-bc-YXK8-56M1-FU63;bdnb-bg-433D-Z3PC-3NP1;93;40.0;4.4;L'Île-Saint-Denis;1979.0;;;C;BETON;AUTRES;2.0;8.0;2275.0;Résidentiel collectif;Tertiaire;"[""DEPARTEMENT DE LA SEINE SAINT DENIS""]"
0932681J;2MSYAJB3SJCA;Ecole élémentaire Maryse Bastié;093;école;ECOLE DE NIVEAU ELEMENTAIRE;Romainville;2017-09-01;bdnb-bc-T9LR-4VSZ-VU4Q;bdnb-bg-WYST-HHE4-VQQ9;93;1889.0;13.7;Romainville;;;;C;;;;14.0;1889.0;;Tertiaire;
0930129K;CRYVYTWAQFQB;Lycée professionnel Madeleine Vionnet - Lycée des métiers de la gestion, de la santé et de la mode;093;lycée;LYCEE PROFESSIONNEL;Bondy;1965-05-01;bdnb-bc-8EWQ-9NL6-JJSX;bdnb-bg-XRFH-8H12-6V2A;93;775.0;11.6;Bondy;1966.0;;;;BRIQUES;BETON;3.0;11.0;1771.0;Résidentiel collectif;Tertiaire;"[""REGION ILE DE FRANCE""]"
0930171F;8QF3DXNKTDFJ;Ecole élémentaire Diderot 1;093;école;ECOLE DE NIVEAU ELEMENTAIRE;Drancy;1965-05-01;bdnb-bc-4L4E-KXRT-8JS9;bdnb-bg-CC1K-6NZV-NVY5;93;2572.0;4.6;Drancy;;;;;AUTRES;AUTRES;2.0;5.0;3418.0;Résidentiel collectif;Tertiaire;"[""COMMUNE DE DRANCY""]"
0930173H;DQSPNVWN329K;Ecole élémentaire Marcel Cachin;093;école;ECOLE DE NIVEAU ELEMENTAIRE;Pantin;1965-05-01;bdnb-bc-DTJU-KXQA-SKLT;bdnb-bg-MGKB-HATA-AVEF;93;1223.0;8.0;Pantin;1962.0;;;;BETON;BETON;2.0;8.0;1247.0;Résidentiel collectif;Tertiaire;"[""COMMUNE DE PANTIN""]"
0930173H;X35CHAGDSD32;Ecole élémentaire Marcel Cachin;093;école;ECOLE DE NIVEAU ELEMENTAIRE;Pantin;1965-05-01;bdnb-bc-V6AP-CNTY-4AGR;bdnb-bg-Q49X-MVZJ-DXZF;93;220.0;3.8;Pantin;2010.0;;;;AGGLOMERE - BETON;INDETERMINE;1.0;7.0;3618.0;Tertiaire & Autres;Tertiaire;"[""COMMUNE DE PANTIN""]"
0930173H;ANWMN2M8KE65;Ecole élémentaire Marcel Cachin;093;école;ECOLE DE NIVEAU ELEMENTAIRE;Pantin;1965-05-01;bdnb-bc-MC6E-CT27-DZT9;bdnb-bg-Q49X-MVZJ-DXZF;93;28.0;3.0;Pantin;2010.0;;;;AGGLOMERE - BETON;INDETERMINE;1.0;7.0;3618.0;Tertiaire & Autres;Tertiaire;"[""COMMUNE DE PANTIN""]"
0930173H;8R7ZSQZ4NYMW;Ecole élémentaire Marcel Cachin;093;école;ECOLE DE NIVEAU ELEMENTAIRE;Pantin;1965-05-01;bdnb-bc-HMVD-W14X-4FVG;bdnb-bg-Q49X-MVZJ-DXZF;93;103.0;6.0;Pantin;2010.0;;;;AGGLOMERE - BETON;INDETERMINE;1.0;7.0;3618.0;Tertiaire & Autres;Tertiaire;"[""COMMUNE DE PANTIN""]"
0930173H;DHRZXR81QWKR;Ecole élémentaire Marcel Cachin;093;école;ECOLE DE NIVEAU ELEMENTAIRE;Pantin;1965-05-01;bdnb-bc-GH9B-GEQT-1ZWG;bdnb-bg-Q49X-MVZJ-DXZF;93;728.0;3.7;Pantin;2010.0;;;;AGGLOMERE - BETON;INDETERMINE;1.0;7.0;3618.0;Tertiaire & Autres;Tertiaire;"[""COMMUNE DE PANTIN""]"
0930173H;KJ93AZVKXEPQ;Ecole élémentaire Marcel Cachin;093;école;ECOLE DE NIVEAU ELEMENTAIRE;Pantin;1965-05-01;bdnb-bc-WDSB-RK3U-R15F;bdnb-bg-Q49X-MVZJ-DXZF;93;286.0;3.6;Pantin;2010.0;;;;AGGLOMERE - BETON;INDETERMINE;1.0;7.0;3618.0;Tertiaire & Autres;Tertiaire;"[""COMMUNE DE PANTIN""]"
0930173H;MPNFEEPR2GS9;Ecole élémentaire Marcel Cachin;093;école;ECOLE DE NIVEAU ELEMENTAIRE;Pantin;1965-05-01;bdnb-bc-PPAR-E7PG-MPC3;bdnb-bg-Q49X-MVZJ-DXZF;93;1671.0;12.1;Pantin;2010.0;;;;AGGLOMERE - BETON;INDETERMINE;1.0;7.0;3618.0;Tertiaire & Autres;Tertiaire;"[""COMMUNE DE PANTIN""]"
0930173H;48956FA1BVTC;Ecole élémentaire Marcel Cachin;093;école;ECOLE DE NIVEAU ELEMENTAIRE;Pantin;1965-05-01;bdnb-bc-UFCT-7RYN-ZFK7;bdnb-bg-Q49X-MVZJ-DXZF;93;557.0;10.8;Pantin;2010.0;;;;AGGLOMERE - BETON;INDETERMINE;1.0;7.0;3618.0;Tertiaire & Autres;Tertiaire;"[""COMMUNE DE PANTIN""]"
0930986S;KYE33V9X49TW;Ecole maternelle Louis Pasteur;093;école;ECOLE MATERNELLE;Neuilly-sur-Marne;1968-05-17;bdnb-bc-2SK7-MYEA-7E34;bdnb-bg-JXL3-UAGY-K4Q5;93;84.0;6.1;Neuilly-sur-Marne;;;;C;;;;6.0;749.0;;Tertiaire;
0931001H;77JP7F8S7YPC;Ecole élémentaire Eugénie Cotton;093;école;ECOLE DE NIVEAU ELEMENTAIRE;Tremblay-en-France;1968-05-17;bdnb-bc-TJC6-QFJV-VDG8;bdnb-bg-9PAG-YFE7-NV2V;93;1781.0;5.1;Tremblay-en-France;1968.0;1970.0;C;;BETON;BETON - AUTRES;3.0;5.0;1781.0;Résidentiel collectif;Résidentiel collectif;"[""COMMUNE DE TREMBLAY EN FRANCE""]"
0931005M;EFSJ5YZ74STD;Collège Pierre Curie;093;collège;COLLEGE;Bondy;1968-08-22;bdnb-bc-WC2W-JS5J-VD6L;bdnb-bg-P267-DXWH-5UMU;93;1423.0;12.5;Bondy;2014.0;2015.0;;B;INDETERMINE;INDETERMINE;1.0;7.0;6519.0;Tertiaire & Autres;Tertiaire;"[""DEPARTEMENT DE LA SEINE SAINT DENIS""]"
0931061Y;DY7X762DENCD;Ecole maternelle Jules Ferry;093;école;ECOLE MATERNELLE;Aulnay-sous-Bois;1969-03-18;bdnb-bc-UHX2-P9TK-W11F;bdnb-bg-LZ43-3KV9-PUWN;93;2843.0;4.0;Aulnay-sous-Bois;;;;;INDETERMINE;INDETERMINE;5.0;8.0;4234.0;Résidentiel collectif;Tertiaire;"[""COMMUNE DE SEVRAN""]"
0931061Y;16ECVTVDRNCY;Ecole maternelle Jules Ferry;093;école;ECOLE MATERNELLE;Aulnay-sous-Bois;1969-03-18;bdnb-bc-XUMJ-3QRY-6NBW;bdnb-bg-LZ43-3KV9-PUWN;93;1028.0;7.3;Aulnay-sous-Bois;;;;;INDETERMINE;INDETERMINE;5.0;8.0;4234.0;Résidentiel collectif;Tertiaire;"[""COMMUNE DE SEVRAN""]"
0931080U;KQNV6BB5KM73;Ecole élémentaire Savigny 2;093;école;ECOLE DE NIVEAU ELEMENTAIRE;Aulnay-sous-Bois;1969-03-18;bdnb-bc-HRGX-KGWJ-29AN;bdnb-bg-9GAG-JUNJ-HFA2;93;794.0;12.0;Aulnay-sous-Bois;2014.0;;D;;AGGLOMERE;BETON;4.0;8.0;6987.0;Tertiaire & Autres;Tertiaire;"[""COMMUNE DE SEVRAN""]"
0931147S;MB8B4YCSPRTF;Collège Barbara;093;collège;COLLEGE;Stains;1969-04-03;bdnb-bc-5A2B-323Y-DP1N;bdnb-bg-SXFC-624E-K3VC;93;2187.0;13.1;Stains;1899.0;;;;BRIQUES;TUILES;2.0;8.0;3397.0;Tertiaire & Autres;Tertiaire;"[""DEPARTEMENT DE LA SEINE SAINT DENIS""]"
0931147S;QF18VPSABGBQ;Collège Barbara;093;collège;COLLEGE;Stains;1969-04-03;bdnb-bc-UH7M-H5TV-ZJ1X;bdnb-bg-SXFC-624E-K3VC;93;689.0;6.0;Stains;1899.0;;;;BRIQUES;TUILES;2.0;8.0;3397.0;Tertiaire & Autres;Tertiaire;"[""DEPARTEMENT DE LA SEINE SAINT DENIS""]"
0931147S;M3Q5EN7Z62QM;Collège Barbara;093;collège;COLLEGE;Stains;1969-04-03;bdnb-bc-2JUX-6YPP-9HYJ;bdnb-bg-SXFC-624E-K3VC;93;521.0;5.8;Stains;1899.0;;;;BRIQUES;TUILES;2.0;8.0;3397.0;Tertiaire & Autres;Tertiaire;"[""DEPARTEMENT DE LA SEINE SAINT DENIS""]"
0931181D;J1XJ1GBT7B11;Collège Georges Politzer;093;collège;COLLEGE;Bagnolet;1969-07-01;bdnb-bc-HNX7-6LRT-755T;bdnb-bg-N246-D7Z7-RRCP;93;4661.0;7.7;Bagnolet;1993.0;;;C;INDETERMINE;INDETERMINE;2.0;7.0;4685.0;Résidentiel collectif;Tertiaire;"[""DEPARTEMENT DE LA SEINE SAINT DENIS""]"
0931186J;TQESF7YNBKES;Collège Diderot;093;collège;COLLEGE;Aubervilliers;1970-03-25;bdnb-bc-81SQ-B3QD-AVUY;bdnb-bg-8LZH-NFUZ-1G67;93;6759.0;8.4;Aubervilliers;;;;;;;;6.0;7126.0;;Tertiaire;
0931201A;88PQ99FQHEFG;Collège Paul Bert;093;collège;COLLEGE;Drancy;1970-03-25;bdnb-bc-PU75-RFCN-CQC5;bdnb-bg-1181-HPVM-1PVD;93;4375.0;12.5;Drancy;2002.0;;;;INDETERMINE;INDETERMINE;1.0;13.0;4375.0;Tertiaire & Autres;Tertiaire;"[""DEPARTEMENT DE LA SEINE SAINT DENIS""]"
0931210K;K9YMDV8M9TNV;Collège Marcelin Berthelot;093;collège;COLLEGE;Montreuil;1970-03-25;bdnb-bc-9ZZ5-ZTVA-J7AN;bdnb-bg-GBWV-4YDW-7D28;93;2593.0;14.3;Montreuil;;;;;;;;12.0;4093.0;;Tertiaire;
0931211L;XNDJSXEDWW82;Collège Marais de Villiers;093;collège;COLLEGE;Montreuil;1970-03-25;bdnb-bc-GKDL-FT78-38F1;bdnb-bg-QBG4-BRED-AJXY;93;1472.0;12.5;Montreuil;1995.0;;;C;INDETERMINE;INDETERMINE;1.0;8.0;2223.0;Résidentiel individuel;Tertiaire;"[""DEPARTEMENT DE LA SEINE SAINT DENIS""]"
0931218U;EBVJNEXSGYY1;Collège Jean Lolive;093;collège;COLLEGE;Pantin;1970-03-25;bdnb-bc-3M54-VCPR-V2B8;bdnb-bg-89YY-2PA1-JQGH;93;21.0;;Pantin;2013.0;;;;INDETERMINE;INDETERMINE;3.0;;21.0;Tertiaire & Autres;Tertiaire;"[""COMMUNE DE PANTIN"", ""EGRISE MILLION""]"
0931218U;EBVJNEXSGYY1;Collège Jean Lolive;093;collège;COLLEGE;Pantin;1970-03-25;bdnb-bc-YR5C-MFJR-KJDP;bdnb-bg-7UNX-2WSD-Z7B7;93;3209.0;16.1;Pantin;2022.0;;;;INDETERMINE;INDETERMINE;4.0;16.0;4393.0;Tertiaire & Autres;Tertiaire;"[""DEPARTEMENT DE LA SEINE SAINT DENIS""]"
0931219V;JBTX3MDT23SZ;Collège Jean-Jacques Rousseau;093;collège;COLLEGE;Le Pré-Saint-Gervais;1970-03-25;bdnb-bc-L6ZV-KV1E-CNE4;bdnb-bg-9KBC-APVA-YF5T;93;66.0;2.7;Le Pré-Saint-Gervais;;;;;INDETERMINE;INDETERMINE;2.0;4.0;2963.0;Tertiaire & Autres;Tertiaire;"[""COMMUNE DE PRE SAINT GERVAIS"", ""DEPARTEMENT DE LA SEINE SAINT DENIS""]"
0931219V;F6A56YRGBWVE;Collège Jean-Jacques Rousseau;093;collège;COLLEGE;Le Pré-Saint-Gervais;1970-03-25;bdnb-bc-1L5S-H37F-3RKN;bdnb-bg-9KBC-APVA-YF5T;93;100.0;8.6;Le Pré-Saint-Gervais;;;;;INDETERMINE;INDETERMINE;2.0;4.0;2963.0;Tertiaire & Autres;Tertiaire;"[""COMMUNE DE PRE SAINT GERVAIS"", ""DEPARTEMENT DE LA SEINE SAINT DENIS""]"
0931219V;CTDTZX6QX1Z4;Collège Jean-Jacques Rousseau;093;collège;COLLEGE;Le Pré-Saint-Gervais;1970-03-25;bdnb-bc-NMMB-B139-XSZG;bdnb-bg-9KBC-APVA-YF5T;93;160.0;2.9;Le Pré-Saint-Gervais;;;;;INDETERMINE;INDETERMINE;2.0;4.0;2963.0;Tertiaire & Autres;Tertiaire;"[""COMMUNE DE PRE SAINT GERVAIS"", ""DEPARTEMENT DE LA SEINE SAINT DENIS""]"
0931219V;S9G9MBX2PXBB;Collège Jean-Jacques Rousseau;093;collège;COLLEGE;Le Pré-Saint-Gervais;1970-03-25;bdnb-bc-F66J-18YG-PMKU;bdnb-bg-9KBC-APVA-YF5T;93;151.0;1.7;Le Pré-Saint-Gervais;;;;;INDETERMINE;INDETERMINE;2.0;4.0;2963.0;Tertiaire & Autres;Tertiaire;"[""COMMUNE DE PRE SAINT GERVAIS"", ""DEPARTEMENT DE LA SEINE SAINT DENIS""]"
0931219V;WFKY1973XTHS;Collège Jean-Jacques Rousseau;093;collège;COLLEGE;Le Pré-Saint-Gervais;1970-03-25;bdnb-bc-PMWE-DYGN-YE1S;bdnb-bg-9KBC-APVA-YF5T;93;64.0;2.6;Le Pré-Saint-Gervais;;;;;INDETERMINE;INDETERMINE;2.0;4.0;2963.0;Tertiaire & Autres;Tertiaire;"[""COMMUNE DE PRE SAINT GERVAIS"", ""DEPARTEMENT DE LA SEINE SAINT DENIS""]"
0931219V;YK35KES93GWH;Collège Jean-Jacques Rousseau;093;collège;COLLEGE;Le Pré-Saint-Gervais;1970-03-25;bdnb-bc-B7K9-WHPN-6KAA;bdnb-bg-9KBC-APVA-YF5T;93;21.0;3.0;Le Pré-Saint-Gervais;;;;;INDETERMINE;INDETERMINE;2.0;4.0;2963.0;Tertiaire & Autres;Tertiaire;"[""COMMUNE DE PRE SAINT GERVAIS"", ""DEPARTEMENT DE LA SEINE SAINT DENIS""]"
0931219V;8KF9Z5Q5FY7W;Collège Jean-Jacques Rousseau;093;collège;COLLEGE;Le Pré-Saint-Gervais;1970-03-25;bdnb-bc-Y3KR-ZSW7-1WBF;bdnb-bg-9KBC-APVA-YF5T;93;30.0;3.0;Le Pré-Saint-Gervais;;;;;INDETERMINE;INDETERMINE;2.0;4.0;2963.0;Tertiaire & Autres;Tertiaire;"[""COMMUNE DE PRE SAINT GERVAIS"", ""DEPARTEMENT DE LA SEINE SAINT DENIS""]"
0931219V;K951XFK4RPXS;Collège Jean-Jacques Rousseau;093;collège;COLLEGE;Le Pré-Saint-Gervais;1970-03-25;bdnb-bc-DLEM-49VC-BY3G;bdnb-bg-9KBC-APVA-YF5T;93;422.0;3.8;Le Pré-Saint-Gervais;;;;;INDETERMINE;INDETERMINE;2.0;4.0;2963.0;Tertiaire & Autres;Tertiaire;"[""COMMUNE DE PRE SAINT GERVAIS"", ""DEPARTEMENT DE LA SEINE SAINT DENIS""]"
0931219V;HA2XWBYHYXZ4;Collège Jean-Jacques Rousseau;093;collège;COLLEGE;Le Pré-Saint-Gervais;1970-03-25;bdnb-bc-4TJ6-RQEC-9FVF;bdnb-bg-9KBC-APVA-YF5T;93;29.0;3.0;Le Pré-Saint-Gervais;;;;;INDETERMINE;INDETERMINE;2.0;4.0;2963.0;Tertiaire & Autres;Tertiaire;"[""COMMUNE DE PRE SAINT GERVAIS"", ""DEPARTEMENT DE LA SEINE SAINT DENIS""]"
0931219V;WMXV51MW739X;Collège Jean-Jacques Rousseau;093;collège;COLLEGE;Le Pré-Saint-Gervais;1970-03-25;bdnb-bc-LLA1-76XM-QZBT;bdnb-bg-9KBC-APVA-YF5T;93;23.0;3.0;Le Pré-Saint-Gervais;;;;;INDETERMINE;INDETERMINE;2.0;4.0;2963.0;Tertiaire & Autres;Tertiaire;"[""COMMUNE DE PRE SAINT GERVAIS"", ""DEPARTEMENT DE LA SEINE SAINT DENIS""]"
0931219V;RJFJB61MTZYA;Collège Jean-Jacques Rousseau;093;collège;COLLEGE;Le Pré-Saint-Gervais;1970-03-25;bdnb-bc-P5PD-ZMWF-1LUF;bdnb-bg-9KBC-APVA-YF5T;93;41.0;2.1;Le Pré-Saint-Gervais;;;;;INDETERMINE;INDETERMINE;2.0;4.0;2963.0;Tertiaire & Autres;Tertiaire;"[""COMMUNE DE PRE SAINT GERVAIS"", ""DEPARTEMENT DE LA SEINE SAINT DENIS""]"
0931219V;7H2AAP7194AJ;Collège Jean-Jacques Rousseau;093;collège;COLLEGE;Le Pré-Saint-Gervais;1970-03-25;bdnb-bc-6TYN-KF87-VGPL;bdnb-bg-9KBC-APVA-YF5T;93;52.0;5.0;Le Pré-Saint-Gervais;;;;;INDETERMINE;INDETERMINE;2.0;4.0;2963.0;Tertiaire & Autres;Tertiaire;"[""COMMUNE DE PRE SAINT GERVAIS"", ""DEPARTEMENT DE LA SEINE SAINT DENIS""]"
0931224A;FS11FRX8SVFW;Collège Pablo Néruda;093;collège;COLLEGE;Saint-Denis;1970-03-25;bdnb-bc-CZ5K-WRZL-5M2V;bdnb-bg-4B3M-NH5H-ZXL4;93;870.0;9.0;Saint-Denis;1993.0;;;D;AUTRES;AUTRES;1.0;8.0;3219.0;Tertiaire & Autres;Tertiaire;"[""DEPARTEMENT DE LA SEINE SAINT DENIS""]"
0931224A;VC9MZVJS6WRM;Collège Pablo Néruda;093;collège;COLLEGE;Saint-Denis;1970-03-25;bdnb-bc-UFB2-7KKY-MVP1;bdnb-bg-4B3M-NH5H-ZXL4;93;1349.0;8.6;Saint-Denis;1993.0;;;D;AUTRES;AUTRES;1.0;8.0;3219.0;Tertiaire & Autres;Tertiaire;"[""DEPARTEMENT DE LA SEINE SAINT DENIS""]"
0931224A;3B2FRJY8DMJQ;Collège Pablo Néruda;093;collège;COLLEGE;Saint-Denis;1970-03-25;bdnb-bc-UQAM-J63R-D74H;bdnb-bg-4B3M-NH5H-ZXL4;93;102.0;7.6;Saint-Denis;1993.0;;;D;AUTRES;AUTRES;1.0;8.0;3219.0;Tertiaire & Autres;Tertiaire;"[""DEPARTEMENT DE LA SEINE SAINT DENIS""]"
0931224A;3NZ75HFFT79T;Collège Pablo Néruda;093;collège;COLLEGE;Saint-Denis;1970-03-25;bdnb-bc-7615-3A1T-TFLF;bdnb-bg-4B3M-NH5H-ZXL4;93;65.0;9.1;Saint-Denis;1993.0;;;D;AUTRES;AUTRES;1.0;8.0;3219.0;Tertiaire & Autres;Tertiaire;"[""DEPARTEMENT DE LA SEINE SAINT DENIS""]"
0931224A;WA5VE9NDPFTZ;Collège Pablo Néruda;093;collège;COLLEGE;Saint-Denis;1970-03-25;bdnb-bc-V252-WTKH-SRKV;bdnb-bg-4B3M-NH5H-ZXL4;93;60.0;7.3;Saint-Denis;1993.0;;;D;AUTRES;AUTRES;1.0;8.0;3219.0;Tertiaire & Autres;Tertiaire;"[""DEPARTEMENT DE LA SEINE SAINT DENIS""]"
0931224A;WF94PF7C4JQ7;Collège Pablo Néruda;093;collège;COLLEGE;Saint-Denis;1970-03-25;bdnb-bc-4D5W-HG7A-4YNQ;bdnb-bg-4B3M-NH5H-ZXL4;93;65.0;6.6;Saint-Denis;1993.0;;;D;AUTRES;AUTRES;1.0;8.0;3219.0;Tertiaire & Autres;Tertiaire;"[""DEPARTEMENT DE LA SEINE SAINT DENIS""]"
0931224A;CQKBVD1YZGXG;Collège Pablo Néruda;093;collège;COLLEGE;Saint-Denis;1970-03-25;bdnb-bc-EPZ1-JG4M-47ZX;bdnb-bg-4B3M-NH5H-ZXL4;93;210.0;5.9;Saint-Denis;1993.0;;;D;AUTRES;AUTRES;1.0;8.0;3219.0;Tertiaire & Autres;Tertiaire;"[""DEPARTEMENT DE LA SEINE SAINT DENIS""]"
0931226C;2PSBNP2YY62S;Collège Pablo Néruda;093;collège;COLLEGE;Stains;1970-03-25;bdnb-bc-F7CL-ARTM-3VFX;bdnb-bg-8LNP-66GX-8A5B;93;2446.0;12.1;Stains;1976.0;;;C;BETON;BETON;4.0;12.0;2446.0;Résidentiel collectif;Tertiaire;"[""DEPARTEMENT DE LA SEINE SAINT DENIS""]"
0931226C;JM5QASXFVTXN;Collège Pablo Néruda;093;collège;COLLEGE;Stains;1970-03-25;bdnb-bc-9QR3-3YGZ-EL77;bdnb-bg-LGWE-U66L-PCPH;93;535.0;6.3;Stains;2022.0;;;E;INDETERMINE;INDETERMINE;1.0;6.0;553.0;Tertiaire & Autres;Tertiaire;"[""DEPARTEMENT DE LA SEINE SAINT DENIS""]"
0931244X;PF75PZFN5H9V;Ecole élémentaire Le Parc;093;école;ECOLE DE NIVEAU ELEMENTAIRE;Aulnay-sous-Bois;1970-05-08;bdnb-bc-72GU-9T6J-6VZ7;bdnb-bg-DXT3-MP5N-T663;93;971.0;6.5;Aulnay-sous-Bois;;;;;INDETERMINE;INDETERMINE;2.0;6.0;2428.0;Tertiaire & Autres;Tertiaire;"[""COMMUNE DE SEVRAN""]"
0931247A;Y3H51CAMJQHY;Ecole maternelle Louis Pasteur;093;école;ECOLE MATERNELLE;Bobigny;1970-05-08;bdnb-bc-XS4J-EZVP-6KTS;bdnb-bg-75VR-HAXQ-J671;93;3833.0;8.1;Bobigny;1970.0;;;;BETON;BETON;3.0;7.0;4068.0;Résidentiel collectif;Tertiaire;"[""COMMUNE DE BOBIGNY""]"
0931274E;87A79YWJVEBM;Ecole élémentaire Paul Langevin;093;école;ECOLE DE NIVEAU ELEMENTAIRE;Noisy-le-Sec;1969-10-30;bdnb-bc-3SK9-T4CM-QGA5;bdnb-bg-BS5V-DY1T-ZM5T;93;965.0;4.2;Noisy-le-Sec;2018.0;;;;INDETERMINE;INDETERMINE;3.0;7.0;5210.0;Tertiaire & Autres;Tertiaire;"[""COMMUNE DE NOISY LE SEC""]"
0931274E;G99ZJ7WFRZXS;Ecole élémentaire Paul Langevin;093;école;ECOLE DE NIVEAU ELEMENTAIRE;Noisy-le-Sec;1969-10-30;bdnb-bc-GP97-Z1LB-EEBZ;bdnb-bg-BS5V-DY1T-ZM5T;93;214.0;9.8;Noisy-le-Sec;2018.0;;;;INDETERMINE;INDETERMINE;3.0;7.0;5210.0;Tertiaire & Autres;Tertiaire;"[""COMMUNE DE NOISY LE SEC""]"
0931274E;MT88VNM2RK2D;Ecole élémentaire Paul Langevin;093;école;ECOLE DE NIVEAU ELEMENTAIRE;Noisy-le-Sec;1969-10-30;bdnb-bc-D666-DBG7-9812;bdnb-bg-BS5V-DY1T-ZM5T;93;1588.0;9.1;Noisy-le-Sec;2018.0;;;;INDETERMINE;INDETERMINE;3.0;7.0;5210.0;Tertiaire & Autres;Tertiaire;"[""COMMUNE DE NOISY LE SEC""]"
0931274E;JYQVQKZFMAWK;Ecole élémentaire Paul Langevin;093;école;ECOLE DE NIVEAU ELEMENTAIRE;Noisy-le-Sec;1969-10-30;bdnb-bc-AS21-WT1M-M6R2;bdnb-bg-BS5V-DY1T-ZM5T;93;626.0;3.3;Noisy-le-Sec;2018.0;;;;INDETERMINE;INDETERMINE;3.0;7.0;5210.0;Tertiaire & Autres;Tertiaire;"[""COMMUNE DE NOISY LE SEC""]"
0931274E;7AQBAAPF24MH;Ecole élémentaire Paul Langevin;093;école;ECOLE DE NIVEAU ELEMENTAIRE;Noisy-le-Sec;1969-10-30;bdnb-bc-ZSTD-SSZJ-6QKE;bdnb-bg-BS5V-DY1T-ZM5T;93;1082.0;9.3;Noisy-le-Sec;2018.0;;;;INDETERMINE;INDETERMINE;3.0;7.0;5210.0;Tertiaire & Autres;Tertiaire;"[""COMMUNE DE NOISY LE SEC""]"
0931274E;2EF6WH9AXWMT;Ecole élémentaire Paul Langevin;093;école;ECOLE DE NIVEAU ELEMENTAIRE;Noisy-le-Sec;1969-10-30;bdnb-bc-HT5X-JKU3-SU1S;bdnb-bg-BS5V-DY1T-ZM5T;93;354.0;8.8;Noisy-le-Sec;2018.0;;;;INDETERMINE;INDETERMINE;3.0;7.0;5210.0;Tertiaire & Autres;Tertiaire;"[""COMMUNE DE NOISY LE SEC""]"
0931283P;3MHFZEN35DMK;Ecole élémentaire Anatole France;093;école;ECOLE DE NIVEAU ELEMENTAIRE;Montreuil;1970-05-08;bdnb-bc-TM9N-7PB8-E125;bdnb-bg-KC9P-9Q9U-PNNT;93;1005.0;16.1;Montreuil;;;;;INDETERMINE;INDETERMINE;2.0;6.0;5890.0;Tertiaire & Autres;Tertiaire;"[""COMMUNE DE MONTREUIL""]"
0931289W;DTBB9CF7W7VP;Ecole élémentaire Edouard Herriot;093;école;ECOLE DE NIVEAU ELEMENTAIRE;Neuilly-Plaisance;1970-05-08;bdnb-bc-4G6G-8B41-D65D;bdnb-bg-G6VX-BRMZ-UJ5H;93;72.0;7.0;Neuilly-Plaisance;1900.0;;;;MEULIERE;TUILES;3.0;7.0;72.0;Résidentiel individuel;Résidentiel individuel;
0931320E;S51WC47TQ499;Ecole élémentaire Anatole France;093;école;ECOLE DE NIVEAU ELEMENTAIRE;Tremblay-en-France;1970-05-08;bdnb-bc-KLA4-XYPQ-PSLS;bdnb-bg-1SN6-HGJW-1RZZ;93;1583.0;6.4;Tremblay-en-France;1959.0;;;;BRIQUES;TUILES;2.0;6.0;1583.0;Résidentiel collectif;Tertiaire;"[""COMMUNE DE TREMBLAY EN FRANCE""]"
0931409B;ZGZG95Y42RZV;Ecole élémentaire Romain Rolland;093;école;ECOLE DE NIVEAU ELEMENTAIRE;Epinay-sur-Seine;1971-05-24;bdnb-bc-WPJE-KD1D-TPCU;bdnb-bg-6DZX-5XZT-CRCQ;93;1806.0;11.7;Épinay-sur-Seine;1972.0;;;;BETON - BRIQUES;BETON;1.0;9.0;3173.0;Tertiaire & Autres;Tertiaire;"[""COMMUNE D EPINAY SUR SEINE""]"
0931409B;V8MQPRJDT3RY;Ecole élémentaire Romain Rolland;093;école;ECOLE DE NIVEAU ELEMENTAIRE;Epinay-sur-Seine;1971-05-24;bdnb-bc-5QUQ-YM4W-G33P;bdnb-bg-6DZX-5XZT-CRCQ;93;782.0;8.9;Épinay-sur-Seine;1972.0;;;;BETON - BRIQUES;BETON;1.0;9.0;3173.0;Tertiaire & Autres;Tertiaire;"[""COMMUNE D EPINAY SUR SEINE""]"
0931409B;R5M8W6WG6VQN;Ecole élémentaire Romain Rolland;093;école;ECOLE DE NIVEAU ELEMENTAIRE;Epinay-sur-Seine;1971-05-24;bdnb-bc-96ZA-4KZ1-UYPU;bdnb-bg-6DZX-5XZT-CRCQ;93;140.0;3.7;Épinay-sur-Seine;1972.0;;;;BETON - BRIQUES;BETON;1.0;9.0;3173.0;Tertiaire & Autres;Tertiaire;"[""COMMUNE D EPINAY SUR SEINE""]"
0931409B;JJEPPPHDW36P;Ecole élémentaire Romain Rolland;093;école;ECOLE DE NIVEAU ELEMENTAIRE;Epinay-sur-Seine;1971-05-24;bdnb-bc-UAYL-G8YH-K4DC;bdnb-bg-6DZX-5XZT-CRCQ;93;445.0;10.8;Épinay-sur-Seine;1972.0;;;;BETON - BRIQUES;BETON;1.0;9.0;3173.0;Tertiaire & Autres;Tertiaire;"[""COMMUNE D EPINAY SUR SEINE""]"
0931421P;8PJHNM69AHHE;Ecole élémentaire Victor Hugo;093;école;ECOLE DE NIVEAU ELEMENTAIRE;Tremblay-en-France;1971-05-24;bdnb-bc-S3Z5-YEQ8-BLJQ;bdnb-bg-TX16-217C-1FXW;93;102.0;3.1;Tremblay-en-France;1926.0;;;;BETON - PIERRE;TUILES;2.0;3.0;102.0;Résidentiel individuel;Résidentiel individuel;
0931424T;V7H9YMPTVD51;Ecole élémentaire Jean-Baptiste Clément;093;école;ECOLE DE NIVEAU ELEMENTAIRE;Villetaneuse;1971-05-24;bdnb-bc-MXSS-BWB8-JJXQ;bdnb-bg-P2YP-MBPC-ZQME;93;1832.0;7.0;Villetaneuse;;;;;BRIQUES;INDETERMINE;3.0;7.0;1832.0;Tertiaire & Autres;Tertiaire;"[""COMMUNE DE VILLETANEUSE""]"
0931428X;H4AB2P97XZR9;Collège Jean Vigo;093;collège;COLLEGE;Epinay-sur-Seine;1972-02-22;bdnb-bc-QU5F-6NZA-JQFE;bdnb-bg-WDVM-Q4C7-JPD3;93;561.0;11.9;Épinay-sur-Seine;2002.0;;;C;INDETERMINE;INDETERMINE;2.0;12.0;561.0;Tertiaire & Autres;Tertiaire;"[""DEPARTEMENT DE LA SEINE SAINT DENIS""]"
0931428X;BQAY9NWCXX3M;Collège Jean Vigo;093;collège;COLLEGE;Epinay-sur-Seine;1972-02-22;bdnb-bc-NC72-5Y5T-JQ7S;bdnb-bg-SKCD-T3SB-B8GQ;93;364.0;11.7;Épinay-sur-Seine;;;;;;;;8.0;2124.0;;Tertiaire;
0931439J;P15PGTXJZP4R;Collège Marie Curie;093;collège;COLLEGE;Les Lilas;1972-02-22;bdnb-bc-K9BX-D1FZ-TAHM;bdnb-bg-9BLB-SM7A-B9XB;93;862.0;6.4;Les Lilas;2004.0;;;C;BETON;BETON;2.0;6.0;6076.0;Tertiaire & Autres;Tertiaire;"[""COMMUNE DES LILAS"", ""DEPARTEMENT DE LA SEINE SAINT DENIS""]"
0931449V;4NC31RNT2FWM;Ecole maternelle d'application Franc Moisin;093;école;ECOLE MATERNELLE D APPLICATION;Saint-Denis;1972-06-06;bdnb-bc-2PU5-NZC4-J4GP;bdnb-bg-S5J4-TRUM-VRR8;93;1900.0;4.4;Saint-Denis;;;;;INDETERMINE;INDETERMINE;1.0;8.0;17815.0;Tertiaire & Autres;Tertiaire;"[""DEPARTEMENT DE LA SEINE SAINT DENIS"", ""PLAINE COMMUNE ENERGIE"", ""COMMUNE DE SAINT-DENIS""]"
0931476Z;CG98N2CV26R2;Ecole élémentaire Robespierre;093;école;ECOLE DE NIVEAU ELEMENTAIRE;Saint-Denis;1972-06-06;bdnb-bc-4C7X-TWL7-FU4D;bdnb-bg-ECLZ-A6P4-XMUW;93;2047.0;9.4;Saint-Denis;1940.0;;;;MEULIERE;TUILES;4.0;9.0;2728.0;Tertiaire & Autres;Tertiaire;"[""COMMUNE DE SAINT-DENIS""]"
0931477A;QV7M6467BSB5;Ecole élémentaire Voltaire;093;école;ECOLE DE NIVEAU ELEMENTAIRE;Montreuil;1972-06-06;bdnb-bc-UGVK-HHFL-3EAM;bdnb-bg-2B81-9PZC-ZT24;93;1304.0;11.8;Montreuil;1964.0;;;;BRIQUES;TUILES;2.0;15.0;3726.0;Tertiaire & Autres;Tertiaire;"[""COMMUNE DE MONTREUIL""]"
0931483G;B1T8DDKRTGG2;Ecole maternelle Jacques Jorissen;093;école;ECOLE MATERNELLE;Drancy;1972-06-19;bdnb-bc-D6FC-CCQJ-P3KQ;bdnb-bg-HDSN-LBR9-KNB9;93;650.0;4.2;Drancy;2000.0;;;;BRIQUES - MEULIERE;INDETERMINE;1.0;4.0;650.0;Tertiaire & Autres;Tertiaire;"[""COMMUNE DE DRANCY""]"
0931509K;AZNAQJJ38EGP;Ecole maternelle Julius Rosenberg;093;école;ECOLE MATERNELLE;Montreuil;1973-05-14;bdnb-bc-E85W-XK6K-69L3;bdnb-bg-ZMX2-ZT86-ZCHJ;93;759.0;4.7;Montreuil;;;;;;;;4.0;1480.0;;Tertiaire;
0931519W;ER83FK7Y1WHV;Ecole élémentaire La Fontaine;093;école;ECOLE DE NIVEAU ELEMENTAIRE;Le Raincy;1973-05-15;bdnb-bc-NXHD-DMMT-FXNC;bdnb-bg-3H2L-KF5B-CJW5;93;1301.0;8.4;Le Raincy;1933.0;;;B;MEULIERE;TUILES;3.0;5.0;2392.0;Tertiaire & Autres;Tertiaire;"[""COMMUNE LE RAINCY""]"
0931536P;VN35R6HJNGHA;Ecole maternelle Victor Renelle;093;école;ECOLE MATERNELLE;Stains;1973-10-25;bdnb-bc-SJ46-42S3-9J1H;bdnb-bg-75B1-A41M-F15N;93;1182.0;5.0;Stains;1978.0;;;;BETON;BETON;3.0;8.0;1858.0;Tertiaire & Autres;Tertiaire;"[""COMMUNE DE STAINS""]"
0931557M;JTKA2ZYP4896;Ecole maternelle Henri Barbusse;093;école;ECOLE MATERNELLE;Clichy-sous-Bois;1974-05-14;bdnb-bc-JZWL-4F67-534N;bdnb-bg-M3YY-BM8Z-B44R;93;4623.0;3.5;Clichy-sous-Bois;2017.0;;;;INDETERMINE;INDETERMINE;1.0;4.0;4623.0;Tertiaire & Autres;Tertiaire;"[""COMMUNE DE CLICHY-SOUS-BOIS""]"
0931562T;SJQSYGDEZMS3;Ecole maternelle Les Oiseaux;093;école;ECOLE MATERNELLE;Neuilly-sur-Marne;1974-05-20;bdnb-bc-QCPR-46XC-B87E;bdnb-bg-RVC9-MM2U-QDQ3;93;670.0;6.1;Neuilly-sur-Marne;2010.0;2019.0;B;;INDETERMINE;INDETERMINE;4.0;6.0;18889.0;Tertiaire & Autres;Tertiaire;"[""COMMUNE DE NEUILLY S-MARNE"", ""ORANGE""]"
0931565W;GQB7KPNYGNEB;Lycée général et technologique Flora Tristan;093;lycée;LYCEE ENSEIGNT GENERAL ET TECHNOLOGIQUE;Noisy-le-Grand;1974-07-31;bdnb-bc-D28B-GW7C-ABAG;bdnb-bg-HGV3-DB4X-GUKQ;93;4835.0;5.4;Noisy-le-Grand;1981.0;;D;C;INDETERMINE;INDETERMINE;5.0;5.0;18319.0;Tertiaire & Autres;Tertiaire;"[""COMMUNE DE NOISY LE GRAND"", ""REGION ILE DE FRANCE""]"
0931584S;A6K9V2PEHR5H;Lycée polyvalent Jean Rostand;093;lycée;LYCEE POLYVALENT;Villepinte;1975-07-16;bdnb-bc-97KL-8KF5-VARC;bdnb-bg-GKF4-KXA8-74C7;93;5401.0;12.7;Villepinte;1979.0;;;;BETON;BETON;3.0;8.0;8586.0;Tertiaire & Autres;Tertiaire;"[""REGION ILE DE FRANCE""]"
0931633V;S5WM392Y6G5W;Ecole maternelle Charmilles;093;école;ECOLE MATERNELLE;Noisy-le-Grand;1976-06-22;bdnb-bc-L39C-RNJS-PTCA;bdnb-bg-W38L-BKDS-TUQB;93;564.0;5.8;Noisy-le-Grand;2009.0;;;;INDETERMINE;INDETERMINE;2.0;5.0;1713.0;Tertiaire & Autres;Tertiaire;"[""COMMUNE DE NOISY LE GRAND""]"
0931707A;DRWTRPWP6ZMG;Collège Pablo Picasso;093;collège;COLLEGE;Montfermeil;1977-09-14;bdnb-bc-VY79-85NA-L5A6;bdnb-bg-AZWC-ASJR-F9XT;93;4183.0;5.3;Montfermeil;;;;;;;;6.0;4418.0;;Tertiaire;
0931707A;VR5SDDPG56S7;Collège Pablo Picasso;093;collège;COLLEGE;Montfermeil;1977-09-14;bdnb-bc-YG3Y-DBNK-QNJU;bdnb-bg-AZWC-ASJR-F9XT;93;189.0;6.0;Montfermeil;;;;;;;;6.0;4418.0;;Tertiaire;
0931707A;K798N94HMQ81;Collège Pablo Picasso;093;collège;COLLEGE;Montfermeil;1977-09-14;bdnb-bc-QRUJ-KSKG-C149;bdnb-bg-AZWC-ASJR-F9XT;93;46.0;5.0;Montfermeil;;;;;;;;6.0;4418.0;;Tertiaire;
0931707A;RCQMGCEA4XCC;Collège Pablo Picasso;093;collège;COLLEGE;Montfermeil;1977-09-14;bdnb-bc-AHXT-VNNY-TG3Z;bdnb-bg-STLE-SGGS-RXAD;93;693.0;4.3;Montfermeil;1978.0;;;;BETON;BETON;3.0;4.0;693.0;Résidentiel collectif;Tertiaire;"[""DEPARTEMENT DE LA SEINE SAINT DENIS""]"
0931716K;HKH5NFRTH45Z;Ecole maternelle Les Bruyères;093;école;ECOLE MATERNELLE;Les Lilas;1977-03-31;bdnb-bc-T25F-FJ7K-ZTS1;bdnb-bg-1TJT-R3NL-FC4P;93;507.0;21.0;Les Lilas;1977.0;1977.0;C;C;BETON;BETON - AUTRES;19.0;19.0;2660.0;Résidentiel collectif;Tertiaire;"[""DE PARTICIPATION DES LILAS"", ""COGISY"", ""LES JARDINS D'ISABELLE ET BENJAMIN"", ""SCI ILONA"", ""DRS NGUYEN - TRAN SELARL DE CHIRURGIENS DENTISTES"", ""SCI NGUYEN LONG-PERROTEAU CATHERINE"", ""SEQENS SOCIETE ANONYME D'HABITATIONS A LOYER MODERE"", ""IN'LI"", ""L'ENTRAIDE LUTHERIENNE DE L'INSPECTION"", ""SOGEPIERRE""]"
0931716K;PW9EQ3WPEXTZ;Ecole maternelle Les Bruyères;093;école;ECOLE MATERNELLE;Les Lilas;1977-03-31;bdnb-bc-CJDJ-HT8M-BXAF;bdnb-bg-1TJT-R3NL-FC4P;93;633.0;21.0;Les Lilas;1977.0;1977.0;C;C;BETON;BETON - AUTRES;19.0;19.0;2660.0;Résidentiel collectif;Tertiaire;"[""DE PARTICIPATION DES LILAS"", ""COGISY"", ""LES JARDINS D'ISABELLE ET BENJAMIN"", ""SCI ILONA"", ""DRS NGUYEN - TRAN SELARL DE CHIRURGIENS DENTISTES"", ""SCI NGUYEN LONG-PERROTEAU CATHERINE"", ""SEQENS SOCIETE ANONYME D'HABITATIONS A LOYER MODERE"", ""IN'LI"", ""L'ENTRAIDE LUTHERIENNE DE L'INSPECTION"", ""SOGEPIERRE""]"
0931717L;M4T6SYHXMENE;Ecole maternelle Grands Pêchers;093;école;ECOLE MATERNELLE;Montreuil;1977-03-31;bdnb-bc-MLPS-9L5E-77JS;bdnb-bg-56UA-EGSE-C4Z1;93;1930.0;27.6;Montreuil;1977.0;2023.0;C;;INDETERMINE;INDETERMINE;14.0;15.0;5232.0;Résidentiel collectif;Tertiaire;"[""COMMUNE DE MONTREUIL"", ""OFFICE PUBLIC DE L'HABITAT EST ENSEMBLE HABITAT""]"
0931719N;WBTKG7YMNQ4J;Ecole maternelle Jacques Prévert;093;école;ECOLE MATERNELLE;Villemomble;1977-03-31;bdnb-bc-39A5-P6JU-XSNB;bdnb-bg-Q7C7-L23L-R1CB;93;1257.0;4.8;Villemomble;2010.0;;;;BETON - BRIQUES;BETON;3.0;8.0;2569.0;Tertiaire & Autres;Tertiaire;"[""LYCEE POLYVALENT BLAISE PASCAL"", ""COMMUNE DE VILLEMOMBLE"", ""ETAT PAR DIRECTION DE L IMMOBILIER DE L ETAT""]"
0931720P;MY21GQH8FJTP;Ecole maternelle Vincent Van Gogh;093;école;ECOLE MATERNELLE;Noisy-le-Grand;1977-03-31;bdnb-bc-Z522-564Y-KM78;bdnb-bg-HGV3-DB4X-GUKQ;93;2694.0;2.7;Noisy-le-Grand;1981.0;;D;C;INDETERMINE;INDETERMINE;5.0;5.0;18319.0;Tertiaire & Autres;Tertiaire;"[""COMMUNE DE NOISY LE GRAND"", ""REGION ILE DE FRANCE""]"
0931722S;455JNJBGYYXW;Ecole élémentaire Charmilles;093;école;ECOLE DE NIVEAU ELEMENTAIRE;Noisy-le-Grand;1977-04-01;bdnb-bc-R8UM-VGLQ-SET2;bdnb-bg-W38L-BKDS-TUQB;93;585.0;10.6;Noisy-le-Grand;2009.0;;;;INDETERMINE;INDETERMINE;2.0;5.0;1713.0;Tertiaire & Autres;Tertiaire;"[""COMMUNE DE NOISY LE GRAND""]"
0931754B;TRAP6TZ9E7DE;Ecole primaire Clos de L'Arche;093;école;ECOLE DE NIVEAU ELEMENTAIRE;Noisy-le-Grand;1978-09-01;bdnb-bc-AHKT-7JJT-UKVK;bdnb-bg-BMYL-V3YN-XXNL;93;2226.0;12.8;Noisy-le-Grand;1990.0;;D;E;INDETERMINE;INDETERMINE;2.0;10.0;3405.0;Tertiaire & Autres;Tertiaire;"[""COMMUNE DE NOISY LE GRAND""]"
0931757E;HNNNPB9JCH8X;Ecole élémentaire Georges Politzer;093;école;ECOLE DE NIVEAU ELEMENTAIRE;Tremblay-en-France;1978-09-01;bdnb-bc-GJ3H-NV6P-3TC5;bdnb-bg-PB1B-N2GD-AQJB;93;677.0;5.2;Tremblay-en-France;;;;;;;;6.0;5088.0;;Tertiaire;
0931757E;DSHC8PFMME1H;Ecole élémentaire Georges Politzer;093;école;ECOLE DE NIVEAU ELEMENTAIRE;Tremblay-en-France;1978-09-01;bdnb-bc-K9L6-ZDNQ-PEVE;bdnb-bg-PB1B-N2GD-AQJB;93;891.0;4.7;Tremblay-en-France;;;;;;;;6.0;5088.0;;Tertiaire;
0931757E;PFR7EYBPGRQK;Ecole élémentaire Georges Politzer;093;école;ECOLE DE NIVEAU ELEMENTAIRE;Tremblay-en-France;1978-09-01;bdnb-bc-PB9K-7DYZ-MCLT;bdnb-bg-PB1B-N2GD-AQJB;93;696.0;4.0;Tremblay-en-France;;;;;;;;6.0;5088.0;;Tertiaire;
0931757E;4CK1ZPMX2EJK;Ecole élémentaire Georges Politzer;093;école;ECOLE DE NIVEAU ELEMENTAIRE;Tremblay-en-France;1978-09-01;bdnb-bc-B3DW-4BDY-6U5L;bdnb-bg-PB1B-N2GD-AQJB;93;478.0;10.3;Tremblay-en-France;;;;;;;;6.0;5088.0;;Tertiaire;
0931779D;ADY2GN4W67P1;Lycée polyvalent Jeanne Baret - Lycée des métiers de l'horticulture et du paysage;093;lycée;LYCEE POLYVALENT;Montreuil;1979-09-01;bdnb-bc-1811-X45D-LM2T;bdnb-bg-U2DT-15XV-WCH9;93;173.0;3.9;Montreuil;;;;;;;;4.0;1675.0;;Tertiaire;
0931821Z;E56DXSHXD1WS;Ecole élémentaire Joliot-Curie 2;093;école;ECOLE DE NIVEAU ELEMENTAIRE;Saint-Denis;1980-09-01;bdnb-bc-QEMC-MAGP-J1PB;bdnb-bg-GTXT-EXZU-2SD5;93;459.0;17.4;Saint-Denis;1966.0;;;D;MEULIERE - PIERRE;ZINC ALUMINIUM;2.0;9.0;6442.0;Résidentiel collectif;Tertiaire;"[""COMMUNE DE SAINT-DENIS""]"
0931821Z;CNNNQ5FZP4MG;Ecole élémentaire Joliot-Curie 2;093;école;ECOLE DE NIVEAU ELEMENTAIRE;Saint-Denis;1980-09-01;bdnb-bc-V1BP-2911-41KS;bdnb-bg-GTXT-EXZU-2SD5;93;210.0;8.5;Saint-Denis;1966.0;;;D;MEULIERE - PIERRE;ZINC ALUMINIUM;2.0;9.0;6442.0;Résidentiel collectif;Tertiaire;"[""COMMUNE DE SAINT-DENIS""]"
0931821Z;BFZNW259Z27K;Ecole élémentaire Joliot-Curie 2;093;école;ECOLE DE NIVEAU ELEMENTAIRE;Saint-Denis;1980-09-01;bdnb-bc-P4F6-VUNF-ZXL3;bdnb-bg-GTXT-EXZU-2SD5;93;177.0;7.7;Saint-Denis;1966.0;;;D;MEULIERE - PIERRE;ZINC ALUMINIUM;2.0;9.0;6442.0;Résidentiel collectif;Tertiaire;"[""COMMUNE DE SAINT-DENIS""]"
0931821Z;CYV5B5VTM9TB;Ecole élémentaire Joliot-Curie 2;093;école;ECOLE DE NIVEAU ELEMENTAIRE;Saint-Denis;1980-09-01;bdnb-bc-UEBM-1FJJ-FYGG;bdnb-bg-GTXT-EXZU-2SD5;93;131.0;6.9;Saint-Denis;1966.0;;;D;MEULIERE - PIERRE;ZINC ALUMINIUM;2.0;9.0;6442.0;Résidentiel collectif;Tertiaire;"[""COMMUNE DE SAINT-DENIS""]"
0931821Z;9NRX4CTF92QW;Ecole élémentaire Joliot-Curie 2;093;école;ECOLE DE NIVEAU ELEMENTAIRE;Saint-Denis;1980-09-01;bdnb-bc-NE2K-2X3P-AE5Y;bdnb-bg-GTXT-EXZU-2SD5;93;178.0;14.5;Saint-Denis;1966.0;;;D;MEULIERE - PIERRE;ZINC ALUMINIUM;2.0;9.0;6442.0;Résidentiel collectif;Tertiaire;"[""COMMUNE DE SAINT-DENIS""]"
0931821Z;W9S97XB38DVY;Ecole élémentaire Joliot-Curie 2;093;école;ECOLE DE NIVEAU ELEMENTAIRE;Saint-Denis;1980-09-01;bdnb-bc-AK17-ARE2-EUPF;bdnb-bg-GTXT-EXZU-2SD5;93;124.0;14.1;Saint-Denis;1966.0;;;D;MEULIERE - PIERRE;ZINC ALUMINIUM;2.0;9.0;6442.0;Résidentiel collectif;Tertiaire;"[""COMMUNE DE SAINT-DENIS""]"
0931821Z;P4G8YTTVREQY;Ecole élémentaire Joliot-Curie 2;093;école;ECOLE DE NIVEAU ELEMENTAIRE;Saint-Denis;1980-09-01;bdnb-bc-Q2TC-UPBZ-XMF5;bdnb-bg-GTXT-EXZU-2SD5;93;177.0;6.6;Saint-Denis;1966.0;;;D;MEULIERE - PIERRE;ZINC ALUMINIUM;2.0;9.0;6442.0;Résidentiel collectif;Tertiaire;"[""COMMUNE DE SAINT-DENIS""]"
0931821Z;6YYMDTQSH47Y;Ecole élémentaire Joliot-Curie 2;093;école;ECOLE DE NIVEAU ELEMENTAIRE;Saint-Denis;1980-09-01;bdnb-bc-JQ1D-EHMH-YHLW;bdnb-bg-GTXT-EXZU-2SD5;93;217.0;7.2;Saint-Denis;1966.0;;;D;MEULIERE - PIERRE;ZINC ALUMINIUM;2.0;9.0;6442.0;Résidentiel collectif;Tertiaire;"[""COMMUNE DE SAINT-DENIS""]"
0931821Z;QF7S99HKVWPB;Ecole élémentaire Joliot-Curie 2;093;école;ECOLE DE NIVEAU ELEMENTAIRE;Saint-Denis;1980-09-01;bdnb-bc-YNS4-UP5S-G2CL;bdnb-bg-GTXT-EXZU-2SD5;93;69.0;14.3;Saint-Denis;1966.0;;;D;MEULIERE - PIERRE;ZINC ALUMINIUM;2.0;9.0;6442.0;Résidentiel collectif;Tertiaire;"[""COMMUNE DE SAINT-DENIS""]"
0931821Z;TJEC9HFFMSRK;Ecole élémentaire Joliot-Curie 2;093;école;ECOLE DE NIVEAU ELEMENTAIRE;Saint-Denis;1980-09-01;bdnb-bc-VLW7-NR5E-QG9V;bdnb-bg-GTXT-EXZU-2SD5;93;66.0;14.4;Saint-Denis;1966.0;;;D;MEULIERE - PIERRE;ZINC ALUMINIUM;2.0;9.0;6442.0;Résidentiel collectif;Tertiaire;"[""COMMUNE DE SAINT-DENIS""]"
0931821Z;RS2J5M3KC51C;Ecole élémentaire Joliot-Curie 2;093;école;ECOLE DE NIVEAU ELEMENTAIRE;Saint-Denis;1980-09-01;bdnb-bc-2U6V-J7G8-JM1T;bdnb-bg-GTXT-EXZU-2SD5;93;362.0;9.1;Saint-Denis;1966.0;;;D;MEULIERE - PIERRE;ZINC ALUMINIUM;2.0;9.0;6442.0;Résidentiel collectif;Tertiaire;"[""COMMUNE DE SAINT-DENIS""]"
0931821Z;Q49H4JZD4GYX;Ecole élémentaire Joliot-Curie 2;093;école;ECOLE DE NIVEAU ELEMENTAIRE;Saint-Denis;1980-09-01;bdnb-bc-HL9Q-52RX-P3MP;bdnb-bg-GTXT-EXZU-2SD5;93;112.0;10.7;Saint-Denis;1966.0;;;D;MEULIERE - PIERRE;ZINC ALUMINIUM;2.0;9.0;6442.0;Résidentiel collectif;Tertiaire;"[""COMMUNE DE SAINT-DENIS""]"
0931821Z;4DE8E7VC3Q9E;Ecole élémentaire Joliot-Curie 2;093;école;ECOLE DE NIVEAU ELEMENTAIRE;Saint-Denis;1980-09-01;bdnb-bc-JQQ6-655Z-RVHF;bdnb-bg-GTXT-EXZU-2SD5;93;929.0;7.8;Saint-Denis;1966.0;;;D;MEULIERE - PIERRE;ZINC ALUMINIUM;2.0;9.0;6442.0;Résidentiel collectif;Tertiaire;"[""COMMUNE DE SAINT-DENIS""]"
0931821Z;AT3D5WC1HPQD;Ecole élémentaire Joliot-Curie 2;093;école;ECOLE DE NIVEAU ELEMENTAIRE;Saint-Denis;1980-09-01;bdnb-bc-LEPN-M7HU-SQJF;bdnb-bg-GTXT-EXZU-2SD5;93;82.0;10.1;Saint-Denis;1966.0;;;D;MEULIERE - PIERRE;ZINC ALUMINIUM;2.0;9.0;6442.0;Résidentiel collectif;Tertiaire;"[""COMMUNE DE SAINT-DENIS""]"
0931821Z;1C1KMR21NWVQ;Ecole élémentaire Joliot-Curie 2;093;école;ECOLE DE NIVEAU ELEMENTAIRE;Saint-Denis;1980-09-01;bdnb-bc-K7Z3-NYVS-GMRS;bdnb-bg-GTXT-EXZU-2SD5;93;43.0;5.0;Saint-Denis;1966.0;;;D;MEULIERE - PIERRE;ZINC ALUMINIUM;2.0;9.0;6442.0;Résidentiel collectif;Tertiaire;"[""COMMUNE DE SAINT-DENIS""]"
0931821Z;XYPTZSHVYMW4;Ecole élémentaire Joliot-Curie 2;093;école;ECOLE DE NIVEAU ELEMENTAIRE;Saint-Denis;1980-09-01;bdnb-bc-FBV6-7VL5-HTLK;bdnb-bg-GTXT-EXZU-2SD5;93;69.0;7.7;Saint-Denis;1966.0;;;D;MEULIERE - PIERRE;ZINC ALUMINIUM;2.0;9.0;6442.0;Résidentiel collectif;Tertiaire;"[""COMMUNE DE SAINT-DENIS""]"
0931821Z;MGQS481V6RNY;Ecole élémentaire Joliot-Curie 2;093;école;ECOLE DE NIVEAU ELEMENTAIRE;Saint-Denis;1980-09-01;bdnb-bc-VC3Y-TEM9-F24K;bdnb-bg-GTXT-EXZU-2SD5;93;73.0;4.7;Saint-Denis;1966.0;;;D;MEULIERE - PIERRE;ZINC ALUMINIUM;2.0;9.0;6442.0;Résidentiel collectif;Tertiaire;"[""COMMUNE DE SAINT-DENIS""]"
0931821Z;G7BZH8D3A9SE;Ecole élémentaire Joliot-Curie 2;093;école;ECOLE DE NIVEAU ELEMENTAIRE;Saint-Denis;1980-09-01;bdnb-bc-UCGT-WHUQ-1VH2;bdnb-bg-GTXT-EXZU-2SD5;93;135.0;8.2;Saint-Denis;1966.0;;;D;MEULIERE - PIERRE;ZINC ALUMINIUM;2.0;9.0;6442.0;Résidentiel collectif;Tertiaire;"[""COMMUNE DE SAINT-DENIS""]"
0931821Z;HJBAK5N9HV9J;Ecole élémentaire Joliot-Curie 2;093;école;ECOLE DE NIVEAU ELEMENTAIRE;Saint-Denis;1980-09-01;bdnb-bc-KKRH-A3TA-X4G4;bdnb-bg-GTXT-EXZU-2SD5;93;1396.0;10.2;Saint-Denis;1966.0;;;D;MEULIERE - PIERRE;ZINC ALUMINIUM;2.0;9.0;6442.0;Résidentiel collectif;Tertiaire;"[""COMMUNE DE SAINT-DENIS""]"
0931821Z;T3WVXJQ95YX8;Ecole élémentaire Joliot-Curie 2;093;école;ECOLE DE NIVEAU ELEMENTAIRE;Saint-Denis;1980-09-01;bdnb-bc-LAKW-VSHB-T9LU;bdnb-bg-GTXT-EXZU-2SD5;93;98.0;8.5;Saint-Denis;1966.0;;;D;MEULIERE - PIERRE;ZINC ALUMINIUM;2.0;9.0;6442.0;Résidentiel collectif;Tertiaire;"[""COMMUNE DE SAINT-DENIS""]"
0931821Z;2KKAHCARPKM8;Ecole élémentaire Joliot-Curie 2;093;école;ECOLE DE NIVEAU ELEMENTAIRE;Saint-Denis;1980-09-01;bdnb-bc-NSC2-LTUK-X6BB;bdnb-bg-GTXT-EXZU-2SD5;93;60.0;7.6;Saint-Denis;1966.0;;;D;MEULIERE - PIERRE;ZINC ALUMINIUM;2.0;9.0;6442.0;Résidentiel collectif;Tertiaire;"[""COMMUNE DE SAINT-DENIS""]"
0931821Z;DY6119Y2YEYF;Ecole élémentaire Joliot-Curie 2;093;école;ECOLE DE NIVEAU ELEMENTAIRE;Saint-Denis;1980-09-01;bdnb-bc-2B2U-F25H-76QV;bdnb-bg-GTXT-EXZU-2SD5;93;627.0;8.8;Saint-Denis;1966.0;;;D;MEULIERE - PIERRE;ZINC ALUMINIUM;2.0;9.0;6442.0;Résidentiel collectif;Tertiaire;"[""COMMUNE DE SAINT-DENIS""]"
0931876J;V97EXRSP3BJV;Ecole élémentaire Robert Desnos;093;école;ECOLE DE NIVEAU ELEMENTAIRE;Sevran;1981-09-01;bdnb-bc-79P5-K5LF-4SUH;bdnb-bg-S1V8-2XWB-WSL3;93;992.0;7.2;Sevran;;;;;;;;4.0;3094.0;;Tertiaire;
0931964E;WEHYHHXYPGDT;Ecole élémentaire Louis Aragon;093;école;ECOLE DE NIVEAU ELEMENTAIRE;Pantin;1984-09-05;bdnb-bc-KSD1-DNJW-TGSY;bdnb-bg-S1MJ-K349-BWQT;93;1469.0;7.9;Pantin;1984.0;;;C;INDETERMINE;INDETERMINE;1.0;8.0;1469.0;Résidentiel individuel;Tertiaire;"[""COMMUNE DE PANTIN""]"
0931966G;XYQQM6D9Q55G;Ecole maternelle Liberté;093;école;ECOLE MATERNELLE;Pantin;1984-09-05;bdnb-bc-67Z1-7RZ7-9Y5E;bdnb-bg-7YVA-F5CW-468A;93;1536.0;18.5;Pantin;2012.0;;;D;INDETERMINE;INDETERMINE;1.0;12.0;1936.0;Tertiaire & Autres;Tertiaire;"[""OFFICE PUBLIC DE L HABITAT DE LA VILLE DE PANTIN""]"
0931978V;EQEA3N79F87X;Collège Victor Hugo;093;collège;COLLEGE;Noisy-le-Grand;1985-09-01;bdnb-bc-PMGW-Y2GH-HDHG;bdnb-bg-YTBD-EWX3-WLVP;93;612.0;5.5;Noisy-le-Grand;1970.0;1989.0;D;C;INDETERMINE;INDETERMINE;3.0;7.0;18458.0;Tertiaire & Autres;Tertiaire;"[""COMMUNE DE NOISY LE GRAND"", ""DEPARTEMENT DE LA SEINE SAINT DENIS""]"
0931978V;XQHEE1YVRATA;Collège Victor Hugo;093;collège;COLLEGE;Noisy-le-Grand;1985-09-01;bdnb-bc-7LN5-SUNA-9Q4D;bdnb-bg-YTBD-EWX3-WLVP;93;237.0;5.6;Noisy-le-Grand;1970.0;1989.0;D;C;INDETERMINE;INDETERMINE;3.0;7.0;18458.0;Tertiaire & Autres;Tertiaire;"[""COMMUNE DE NOISY LE GRAND"", ""DEPARTEMENT DE LA SEINE SAINT DENIS""]"
0931978V;CVQT9X5RD4PC;Collège Victor Hugo;093;collège;COLLEGE;Noisy-le-Grand;1985-09-01;bdnb-bc-T5M2-QQX3-BJQ8;bdnb-bg-YTBD-EWX3-WLVP;93;537.0;5.6;Noisy-le-Grand;1970.0;1989.0;D;C;INDETERMINE;INDETERMINE;3.0;7.0;18458.0;Tertiaire & Autres;Tertiaire;"[""COMMUNE DE NOISY LE GRAND"", ""DEPARTEMENT DE LA SEINE SAINT DENIS""]"
0931978V;5DBVV7N69CKZ;Collège Victor Hugo;093;collège;COLLEGE;Noisy-le-Grand;1985-09-01;bdnb-bc-LW4J-8EN8-PC5A;bdnb-bg-YTBD-EWX3-WLVP;93;60.0;5.4;Noisy-le-Grand;1970.0;1989.0;D;C;INDETERMINE;INDETERMINE;3.0;7.0;18458.0;Tertiaire & Autres;Tertiaire;"[""COMMUNE DE NOISY LE GRAND"", ""DEPARTEMENT DE LA SEINE SAINT DENIS""]"
0931994M;7HN1DV28RJHN;Ecole primaire Jules Verne;093;école;ECOLE DE NIVEAU ELEMENTAIRE;Villetaneuse;1986-09-01;bdnb-bc-HJU8-HFSC-SC6X;bdnb-bg-N9FS-VJSM-79JA;93;1758.0;5.8;Villetaneuse;1992.0;;;;INDETERMINE;INDETERMINE;1.0;5.0;2293.0;Résidentiel collectif;Tertiaire;"[""COMMUNE DE VILLETANEUSE""]"
0932020R;QKTQY3NC36ZR;Ecole maternelle Louis Solbes;093;école;ECOLE MATERNELLE;Aulnay-sous-Bois;1988-09-01;bdnb-bc-HSJE-YUZ9-2CBK;bdnb-bg-ZT2Z-G68L-FB6D;93;1460.0;10.0;Aulnay-sous-Bois;;;;;BRIQUES;INDETERMINE;2.0;7.0;1525.0;Tertiaire & Autres;Tertiaire;"[""COMMUNE DE SEVRAN""]"
0932038K;EPNNMN6HK6CD;Collège Françoise Dolto;093;collège;COLLEGE;Villepinte;1991-09-01;bdnb-bc-LEH8-TN91-KKVD;bdnb-bg-HRGN-6M5J-DH2P;93;2180.0;5.6;Villepinte;1980.0;;;C;AUTRES;AUTRES;3.0;4.0;3318.0;Résidentiel collectif;Tertiaire;"[""DEPARTEMENT DE LA SEINE SAINT DENIS""]"
0932072X;ZGTQ7SBQXR8G;Ecole primaire Marie Laurencin;093;école;ECOLE DE NIVEAU ELEMENTAIRE;Villepinte;1993-09-01;bdnb-bc-7S1D-2KWT-D7B7;bdnb-bg-T9FR-3Q9L-6TCA;93;62.0;2.5;Villepinte;1995.0;;;;AUTRES;TUILES;2.0;3.0;3508.0;Tertiaire & Autres;Tertiaire;"[""COMMUNE DE VILLEPINTE""]"
0932072X;QAN2R28M6R9A;Ecole primaire Marie Laurencin;093;école;ECOLE DE NIVEAU ELEMENTAIRE;Villepinte;1993-09-01;bdnb-bc-1LQ7-YHUD-F9UT;bdnb-bg-T9FR-3Q9L-6TCA;93;3286.0;3.1;Villepinte;1995.0;;;;AUTRES;TUILES;2.0;3.0;3508.0;Tertiaire & Autres;Tertiaire;"[""COMMUNE DE VILLEPINTE""]"
0932072X;ETXZBC7FRR18;Ecole primaire Marie Laurencin;093;école;ECOLE DE NIVEAU ELEMENTAIRE;Villepinte;1993-09-01;bdnb-bc-PEAG-97QG-YADS;bdnb-bg-T9FR-3Q9L-6TCA;93;84.0;2.7;Villepinte;1995.0;;;;AUTRES;TUILES;2.0;3.0;3508.0;Tertiaire & Autres;Tertiaire;"[""COMMUNE DE VILLEPINTE""]"
0932072X;JZK7T3RFJWSQ;Ecole primaire Marie Laurencin;093;école;ECOLE DE NIVEAU ELEMENTAIRE;Villepinte;1993-09-01;bdnb-bc-T49F-Z197-XY5L;bdnb-bg-T9FR-3Q9L-6TCA;93;44.0;4.3;Villepinte;1995.0;;;;AUTRES;TUILES;2.0;3.0;3508.0;Tertiaire & Autres;Tertiaire;"[""COMMUNE DE VILLEPINTE""]"
0932116V;ABB2FH112TAZ;Lycée polyvalent Eugénie Cotton - Lycée des métiers de la création graphique, du numérique et des services de l'entreprise;093;lycée;LYCEE POLYVALENT;Montreuil;1993-09-01;bdnb-bc-P119-X6YS-MGPF;bdnb-bg-ZAUM-N7ZX-T9H6;93;2427.0;8.1;Montreuil;2003.0;;;;BETON;INDETERMINE;3.0;8.0;2427.0;Tertiaire & Autres;Tertiaire;"[""COMMUNE DE MONTREUIL"", ""REGION ILE DE FRANCE""]"
0932117W;H12R61DKZK2S;Lycée polyvalent Lucie Aubrac;093;lycée;LYCEE POLYVALENT;Pantin;1991-09-01;bdnb-bc-D9NN-8EZG-9UKV;bdnb-bg-T9EG-13LP-ZPZP;93;4604.0;10.8;Pantin;1968.0;;;;BRIQUES;TUILES;2.0;17.0;4860.0;Résidentiel collectif;Tertiaire;"[""COMMUNE DE PANTIN""]"
0932221J;GE8SBZCEXZKF;Lycée polyvalent Blaise Pascal;093;lycée;LYCEE POLYVALENT;Villemomble;1994-09-01;bdnb-bc-LZPN-D6FZ-MB3M;bdnb-bg-Q7C7-L23L-R1CB;93;112.0;2.4;Villemomble;2010.0;;;;BETON - BRIQUES;BETON;3.0;8.0;2569.0;Tertiaire & Autres;Tertiaire;"[""LYCEE POLYVALENT BLAISE PASCAL"", ""COMMUNE DE VILLEMOMBLE"", ""ETAT PAR DIRECTION DE L IMMOBILIER DE L ETAT""]"
0932222K;X8P74VWX8AJM;Lycée polyvalent René Cassin;093;lycée;LYCEE POLYVALENT;Le Raincy;1994-09-01;bdnb-bc-J2NG-Y8SP-5MSB;bdnb-bg-FBK9-8K11-Q6LA;93;1344.0;4.6;Le Raincy;;2013.0;B;;;;;7.0;6025.0;;Tertiaire;
0932311G;2PX51NSWXH3A;Collège Théodore Monod;093;collège;COLLEGE;Gagny;2000-09-01;bdnb-bc-W1US-LB1Y-3WQD;bdnb-bg-UZKP-27LM-5X87;93;4015.0;16.8;Gagny;2000.0;;;C;AUTRES;BETON;4.0;11.0;5181.0;Tertiaire & Autres;Tertiaire;"[""DEPARTEMENT DE LA SEINE SAINT DENIS""]"
0932315L;TRJMPNBE8714;Ecole primaire Robillard;093;école;ECOLE DE NIVEAU ELEMENTAIRE;Les Pavillons-sous-Bois;2000-09-01;bdnb-bc-JEWK-QPAA-UMMU;bdnb-bg-6QQJ-HYLL-QYU5;93;844.0;11.1;Les Pavillons-sous-Bois;;;;;INDETERMINE;INDETERMINE;3.0;7.0;1390.0;Tertiaire & Autres;Tertiaire;"[""COMMUNE DE PAVILLONS SOUS BOIS""]"
0932333F;ZFHJ8W7GSMZF;Collège François Mitterrand;093;collège;COLLEGE;Noisy-le-Grand;2003-09-01;bdnb-bc-W975-3W85-8BAE;bdnb-bg-V1DX-BFU8-SCH1;93;127.0;5.0;Noisy-le-Grand;2004.0;;;A;BETON;TUILES;1.0;11.0;2841.0;Tertiaire & Autres;Tertiaire;"[""DEPARTEMENT DE LA SEINE SAINT DENIS""]"
0932377D;PJEX7PPNNT9T;Etablissement Expérimental Nouvelles Chances du Lycée Rosa Parks;093;lycée;LYCEE EXPERIMENTAL;Saint-Denis;2002-09-01;bdnb-bc-E4A4-9XKR-4DW7;bdnb-bg-GERM-Q3DY-8H4R;93;1075.0;11.5;Saint-Denis;;;;;;;;9.0;2292.0;;Tertiaire;
0932377D;RGDFKGDRC3TW;Etablissement Expérimental Nouvelles Chances du Lycée Rosa Parks;093;lycée;LYCEE EXPERIMENTAL;Saint-Denis;2002-09-01;bdnb-bc-GXX2-FSNX-DSN8;bdnb-bg-JUCT-1WHP-RALC;93;383.0;4.8;Saint-Denis;1989.0;;;;AGGLOMERE - BETON;AUTRES;1.0;5.0;383.0;Résidentiel individuel;Tertiaire;"[""REGION ILE DE FRANCE""]"
0932377D;BBW9G4499N14;Etablissement Expérimental Nouvelles Chances du Lycée Rosa Parks;093;lycée;LYCEE EXPERIMENTAL;Saint-Denis;2002-09-01;bdnb-bc-9ZQB-59DQ-Q5KL;bdnb-bg-GERM-Q3DY-8H4R;93;1217.0;6.6;Saint-Denis;;;;;;;;9.0;2292.0;;Tertiaire;
0932396Z;GM7XSQ1YVSFW;Etablissement Expérimental Nouvelles Chances Lycée Mozart;093;lycée;LYCEE EXPERIMENTAL;Le Blanc-Mesnil;2004-09-01;bdnb-bc-25T7-582C-WFJ1;bdnb-bg-54ND-BPD2-G5AZ;93;3885.0;10.0;Le Blanc-Mesnil;1992.0;;;C;INDETERMINE;INDETERMINE;1.0;10.0;3885.0;Résidentiel collectif;Tertiaire;"[""REGION ILE DE FRANCE""]"
0932441Y;Q25BJRTFHMWF;Ecole primaire Guillaume Apollinaire;093;école;ECOLE DE NIVEAU ELEMENTAIRE;Bondy;2007-09-01;bdnb-bc-L3YQ-CZ42-U8YE;bdnb-bg-FTY9-6TH5-WE3H;93;580.0;13.9;Bondy;;;;;;;;11.0;1739.0;;Tertiaire;
0932470E;X8CNA9MBHJN3;Ecole maternelle La Lison;093;école;ECOLE MATERNELLE;Saint-Denis;2009-09-01;bdnb-bc-2PDR-BZCU-E9EP;bdnb-bg-ARHM-ZZAH-RRN4;93;2592.0;9.1;Saint-Denis;2009.0;;;;INDETERMINE;INDETERMINE;1.0;9.0;2592.0;Tertiaire & Autres;Tertiaire;"[""COMMUNE DE SAINT-DENIS""]"
0932563F;6HHMHB7K2AQ6;Ecole élémentaire Charlotte Delbo;093;école;ECOLE DE NIVEAU ELEMENTAIRE;Aubervilliers;2013-09-01;bdnb-bc-287H-ZJ8W-HCJS;bdnb-bg-RW3N-HYC1-FHGG;93;101.0;10.2;Aubervilliers;1850.0;;;;PIERRE;TUILES;2.0;10.0;101.0;Résidentiel individuel;Résidentiel individuel;
0932623W;JTKA2ZYP4896;Ecole élémentaire Henri Barbusse;093;école;ECOLE DE NIVEAU ELEMENTAIRE;Clichy-sous-Bois;2015-09-01;bdnb-bc-JZWL-4F67-534N;bdnb-bg-M3YY-BM8Z-B44R;93;4623.0;3.5;Clichy-sous-Bois;2017.0;;;;INDETERMINE;INDETERMINE;1.0;4.0;4623.0;Tertiaire & Autres;Tertiaire;"[""COMMUNE DE CLICHY-SOUS-BOIS""]"
0932625Y;7VGGXH9NVYHE;Ecole maternelle Simone Veil;093;école;ECOLE MATERNELLE;Drancy;2015-09-01;bdnb-bc-LDMB-2FJG-WNM7;bdnb-bg-FRQC-CVVJ-NSJN;93;2100.0;11.8;Drancy;;;;;INDETERMINE;INDETERMINE;1.0;12.0;2100.0;Dépendance;Tertiaire;"[""ICF LA SABLIERE SA D'HLM""]"
0932680H;DCK6NX1SM4RV;Ecole élémentaire Les Boutours;093;école;ECOLE DE NIVEAU ELEMENTAIRE;Rosny-sous-Bois;2017-09-01;bdnb-bc-93MA-V76Q-6ABA;bdnb-bg-EFFL-HBQ9-QWVG;93;1285.0;8.4;Rosny-sous-Bois;2014.0;;;;INDETERMINE;INDETERMINE;1.0;8.0;1285.0;Tertiaire & Autres;Tertiaire;"[""COMMUNE DE ROSNY-SOUS-BOIS""]"
0932683L;HWCKNWABQAG1;Ecole élémentaire Camille Claudel;093;école;ECOLE DE NIVEAU ELEMENTAIRE;Bondy;2017-09-01;;;;;;;;;;;;;;;;;;
0932704J;EHXDQ6BNEB1Q;Ecole élémentaire George Sand;093;école;ECOLE DE NIVEAU ELEMENTAIRE;Livry-Gargan;2018-09-01;bdnb-bc-T5S3-P34U-U1QH;bdnb-bg-KN69-CW4B-5JGZ;93;219.0;6.7;Livry-Gargan;1931.0;;;G;BRIQUES - MEULIERE;TUILES;3.0;7.0;4317.0;Résidentiel collectif;Tertiaire;"[""COMMUNE DE LIVRY GARGAN"", ""ENEDIS""]"
0932720B;149DY5GWM9HY;Ecole élémentaire Marceau;093;école;ECOLE DE NIVEAU ELEMENTAIRE;Montreuil;2018-09-01;;;;;;;;;;;;;;;;;;
0932766B;5B6V8VV8BMQV;Ecole maternelle Gisèle Halimi;093;école;ECOLE MATERNELLE;Saint-Denis;2020-09-01;bdnb-bc-1U61-L767-K546;bdnb-bg-N5ZM-YWHV-RL78;93;845.0;6.9;Saint-Denis;1996.0;;;;INDETERMINE;INDETERMINE;1.0;8.0;7214.0;Tertiaire & Autres;Tertiaire;"[""COMMUNE DE SAINT-DENIS""]"
0932766B;C9616SBDRHH2;Ecole maternelle Gisèle Halimi;093;école;ECOLE MATERNELLE;Saint-Denis;2020-09-01;bdnb-bc-D9N6-KDPB-YAE7;bdnb-bg-N5ZM-YWHV-RL78;93;1221.0;5.9;Saint-Denis;1996.0;;;;INDETERMINE;INDETERMINE;1.0;8.0;7214.0;Tertiaire & Autres;Tertiaire;"[""COMMUNE DE SAINT-DENIS""]"
0932766B;EAXW8ZGM8M4K;Ecole maternelle Gisèle Halimi;093;école;ECOLE MATERNELLE;Saint-Denis;2020-09-01;bdnb-bc-KSMW-EGE1-CGEV;bdnb-bg-N5ZM-YWHV-RL78;93;128.0;10.9;Saint-Denis;1996.0;;;;INDETERMINE;INDETERMINE;1.0;8.0;7214.0;Tertiaire & Autres;Tertiaire;"[""COMMUNE DE SAINT-DENIS""]"
0932766B;Y2AWGBF5Y53A;Ecole maternelle Gisèle Halimi;093;école;ECOLE MATERNELLE;Saint-Denis;2020-09-01;bdnb-bc-YSWS-R648-561T;bdnb-bg-N5ZM-YWHV-RL78;93;663.0;4.5;Saint-Denis;1996.0;;;;INDETERMINE;INDETERMINE;1.0;8.0;7214.0;Tertiaire & Autres;Tertiaire;"[""COMMUNE DE SAINT-DENIS""]"
0932766B;D1CKGGK5YYHT;Ecole maternelle Gisèle Halimi;093;école;ECOLE MATERNELLE;Saint-Denis;2020-09-01;bdnb-bc-BQNJ-XETV-93LU;bdnb-bg-N5ZM-YWHV-RL78;93;670.0;3.7;Saint-Denis;1996.0;;;;INDETERMINE;INDETERMINE;1.0;8.0;7214.0;Tertiaire & Autres;Tertiaire;"[""COMMUNE DE SAINT-DENIS""]"
0932822M;MYMGFZFJ3AZF;Ecole élémentaire Danielle Mitterrand 2;093;école;ECOLE DE NIVEAU ELEMENTAIRE;Saint-Denis;2022-09-01;bdnb-bc-VEXJ-L17L-ZFPV;bdnb-bg-FKDZ-L6LG-TFF1;93;509.0;5.2;Saint-Denis;2015.0;;;;INDETERMINE;INDETERMINE;1.0;8.0;4826.0;Tertiaire & Autres;Tertiaire;"[""COMMUNE DE SAINT-DENIS""]"
0932822M;K1ZEVTSRYJYD;Ecole élémentaire Danielle Mitterrand 2;093;école;ECOLE DE NIVEAU ELEMENTAIRE;Saint-Denis;2022-09-01;bdnb-bc-VTQ4-MXC8-V5Z1;bdnb-bg-FKDZ-L6LG-TFF1;93;1312.0;10.9;Saint-Denis;2015.0;;;;INDETERMINE;INDETERMINE;1.0;8.0;4826.0;Tertiaire & Autres;Tertiaire;"[""COMMUNE DE SAINT-DENIS""]"
0932822M;8P6NPANP5GJK;Ecole élémentaire Danielle Mitterrand 2;093;école;ECOLE DE NIVEAU ELEMENTAIRE;Saint-Denis;2022-09-01;bdnb-bc-RPBZ-ZA25-1P97;bdnb-bg-FKDZ-L6LG-TFF1;93;1483.0;5.7;Saint-Denis;2015.0;;;;INDETERMINE;INDETERMINE;1.0;8.0;4826.0;Tertiaire & Autres;Tertiaire;"[""COMMUNE DE SAINT-DENIS""]"
0932823N;MXC38FY87QX3;Ecole maternelle Denise Albert;093;école;ECOLE MATERNELLE;Sevran;2022-09-01;bdnb-bc-JZ5B-9CBL-91D3;bdnb-bg-3THL-D4DW-6W9M;93;2829.0;8.5;Sevran;;;;;;;;9.0;2829.0;;Tertiaire;
0932870P;6B5WATFX86NY;Ecole élémentaire Colette Besson;093;école;ECOLE DE NIVEAU ELEMENTAIRE;Saint-Ouen-sur-Seine;2023-09-01;bdnb-bc-P3VR-TSP9-T3UJ;bdnb-bg-79Y6-CTYS-E91F;93;258.0;12.7;Saint-Ouen-sur-Seine;;;D;;INDETERMINE;INDETERMINE;5.0;12.0;523.0;Résidentiel collectif;Résidentiel collectif;"[""SEMISO ECO MIXTE CONSTR RENOV ST OUEN""]"
0932871R;JRQHRZHJCG9Y;Ecole maternelle Jean Macé;093;école;ECOLE MATERNELLE;Les Pavillons-sous-Bois;2023-09-01;bdnb-bc-CPH7-NAL6-6XHX;bdnb-bg-DTA5-8E84-255J;93;224.0;6.0;Les Pavillons-sous-Bois;1930.0;;;;BRIQUES;TUILES;2.0;7.0;3961.0;Résidentiel individuel;Tertiaire;"[""COMMUNE DE PAVILLONS SOUS BOIS""]"
0932871R;89N9YPCYXH1G;Ecole maternelle Jean Macé;093;école;ECOLE MATERNELLE;Les Pavillons-sous-Bois;2023-09-01;bdnb-bc-3MMD-A8CD-5DNR;bdnb-bg-DTA5-8E84-255J;93;84.0;5.7;Les Pavillons-sous-Bois;1930.0;;;;BRIQUES;TUILES;2.0;7.0;3961.0;Résidentiel individuel;Tertiaire;"[""COMMUNE DE PAVILLONS SOUS BOIS""]"
0932871R;N93Y29WZR4G1;Ecole maternelle Jean Macé;093;école;ECOLE MATERNELLE;Les Pavillons-sous-Bois;2023-09-01;bdnb-bc-S8EA-5WCU-NPZQ;bdnb-bg-DTA5-8E84-255J;93;2185.0;11.5;Les Pavillons-sous-Bois;1930.0;;;;BRIQUES;TUILES;2.0;7.0;3961.0;Résidentiel individuel;Tertiaire;"[""COMMUNE DE PAVILLONS SOUS BOIS""]"
0932871R;N66YGXDX8GWE;Ecole maternelle Jean Macé;093;école;ECOLE MATERNELLE;Les Pavillons-sous-Bois;2023-09-01;bdnb-bc-SKGG-G5FU-CVQ5;bdnb-bg-DTA5-8E84-255J;93;430.0;6.3;Les Pavillons-sous-Bois;1930.0;;;;BRIQUES;TUILES;2.0;7.0;3961.0;Résidentiel individuel;Tertiaire;"[""COMMUNE DE PAVILLONS SOUS BOIS""]"
0932871R;1C7JDM52XKNA;Ecole maternelle Jean Macé;093;école;ECOLE MATERNELLE;Les Pavillons-sous-Bois;2023-09-01;bdnb-bc-GSAF-G44H-AD52;bdnb-bg-DTA5-8E84-255J;93;46.0;5.0;Les Pavillons-sous-Bois;1930.0;;;;BRIQUES;TUILES;2.0;7.0;3961.0;Résidentiel individuel;Tertiaire;"[""COMMUNE DE PAVILLONS SOUS BOIS""]"
0932871R;D27AZJPERTMF;Ecole maternelle Jean Macé;093;école;ECOLE MATERNELLE;Les Pavillons-sous-Bois;2023-09-01;bdnb-bc-E3DE-5QEJ-EHLV;bdnb-bg-DTA5-8E84-255J;93;79.0;5.0;Les Pavillons-sous-Bois;1930.0;;;;BRIQUES;TUILES;2.0;7.0;3961.0;Résidentiel individuel;Tertiaire;"[""COMMUNE DE PAVILLONS SOUS BOIS""]"
0932871R;N8J6ACGKDR99;Ecole maternelle Jean Macé;093;école;ECOLE MATERNELLE;Les Pavillons-sous-Bois;2023-09-01;bdnb-bc-W5ZB-ATHV-FD62;bdnb-bg-DTA5-8E84-255J;93;393.0;6.2;Les Pavillons-sous-Bois;1930.0;;;;BRIQUES;TUILES;2.0;7.0;3961.0;Résidentiel individuel;Tertiaire;"[""COMMUNE DE PAVILLONS SOUS BOIS""]"
0932872S;M5BBTJ7P7BW9;Ecole maternelle Andrée Chedid;093;école;ECOLE MATERNELLE;Saint-Ouen-sur-Seine;2023-09-01;bdnb-bc-A1SK-23A7-X531;bdnb-bg-16VQ-JMAJ-KK7K;93;1594.0;5.0;Saint-Ouen-sur-Seine;2024.0;;;;BRIQUES;INDETERMINE;3.0;;1594.0;Tertiaire & Autres;Tertiaire;"[""COMMUNE DE ST OUEN-SUR-SEINE""]"
